TMS320C2000 Assembler Unix v25.11.0 Sat May 30 20:22:51 2026

Copyright (c) 1996-2018 Texas Instruments Incorporated
foc.asm                                                              PAGE    1

       1              ;***************************************************************
       2              ;* TMS320C2000 G3 C/C++ Codegen                         Unix v25.11.0.LTS *
       3              ;* Date/Time created: Sat May 30 20:22:51 2026                 *
       4              ;***************************************************************
       5                      .compiler_opts --abi=eabi --cla_support=cla1 --diag_wrap=off --float_support=fpu32 --hll_source=on --
       6                      .asg    XAR2, FP
       7              
       8              $C$DW$CU        .dwtag  DW_TAG_compile_unit
       9                      .dwattr $C$DW$CU, DW_AT_name("../imported/foc/foc.c")
      10                      .dwattr $C$DW$CU, DW_AT_producer("TI TMS320C2000 G3 C/C++ Codegen Unix v25.11.0.LTS Copyright (c) 199
      11                      .dwattr $C$DW$CU, DW_AT_TI_version(0x01)
      12                      .dwattr $C$DW$CU, DW_AT_comp_dir("/home/jose/workspace_ccstheia/foc_f28379d/Debug_BOOSTXL_Teknic_QEP"
      13              
      14              $C$DW$1 .dwtag  DW_TAG_subprogram
      15                      .dwattr $C$DW$1, DW_AT_name("sinf")
      16                      .dwattr $C$DW$1, DW_AT_linkage_name("sinf")
      17                      .dwattr $C$DW$1, DW_AT_type(*$C$DW$T$10)
      18                      .dwattr $C$DW$1, DW_AT_declaration
      19                      .dwattr $C$DW$1, DW_AT_external
      20                      .dwattr $C$DW$1, DW_AT_decl_file("../imported/foc/foc.c")
      21                      .dwattr $C$DW$1, DW_AT_decl_line(0x2c)
      22                      .dwattr $C$DW$1, DW_AT_decl_column(0x0f)
      23                      .dwendtag $C$DW$1
      24              
      25              
      26              $C$DW$2 .dwtag  DW_TAG_subprogram
      27                      .dwattr $C$DW$2, DW_AT_name("cosf")
      28                      .dwattr $C$DW$2, DW_AT_linkage_name("cosf")
      29                      .dwattr $C$DW$2, DW_AT_type(*$C$DW$T$10)
      30                      .dwattr $C$DW$2, DW_AT_declaration
      31                      .dwattr $C$DW$2, DW_AT_external
      32                      .dwattr $C$DW$2, DW_AT_decl_file("../imported/foc/foc.c")
      33                      .dwattr $C$DW$2, DW_AT_decl_line(0x2d)
      34                      .dwattr $C$DW$2, DW_AT_decl_column(0x0f)
      35                      .dwendtag $C$DW$2
      36              
      37              
      38              $C$DW$3 .dwtag  DW_TAG_subprogram
      39                      .dwattr $C$DW$3, DW_AT_name("sqrtf")
      40                      .dwattr $C$DW$3, DW_AT_linkage_name("sqrtf")
      41                      .dwattr $C$DW$3, DW_AT_type(*$C$DW$T$10)
      42                      .dwattr $C$DW$3, DW_AT_declaration
      43                      .dwattr $C$DW$3, DW_AT_external
      44                      .dwattr $C$DW$3, DW_AT_decl_file("../imported/foc/foc.c")
      45                      .dwattr $C$DW$3, DW_AT_decl_line(0x3f)
      46                      .dwattr $C$DW$3, DW_AT_decl_column(0x13)
      47                      .dwendtag $C$DW$3
      48              
      49              ;       /home/jose/ti/ccs2051/ccs/tools/compiler/ti-cgt-c2000_25.11.0.LTS/bin/opt2000 /tmp/TI6WQkhRyrt /tmp/T
      50              ;       /home/jose/ti/ccs2051/ccs/tools/compiler/ti-cgt-c2000_25.11.0.LTS/bin/acia2000 -@/tmp/TI6WQpC8oEx 
      51 00000000               .sect   ".text:foc_step"
      52                      .clink
      53                      .global ||foc_step||
      54              
      55              $C$DW$4 .dwtag  DW_TAG_subprogram
TMS320C2000 Assembler Unix v25.11.0 Sat May 30 20:22:51 2026

Copyright (c) 1996-2018 Texas Instruments Incorporated
foc.asm                                                              PAGE    2

      56                      .dwattr $C$DW$4, DW_AT_name("foc_step")
      57                      .dwattr $C$DW$4, DW_AT_low_pc(||foc_step||)
      58                      .dwattr $C$DW$4, DW_AT_high_pc(0x00)
      59                      .dwattr $C$DW$4, DW_AT_linkage_name("foc_step")
      60                      .dwattr $C$DW$4, DW_AT_external
      61                      .dwattr $C$DW$4, DW_AT_decl_file("../imported/foc/foc.c")
      62                      .dwattr $C$DW$4, DW_AT_decl_line(0x27)
      63                      .dwattr $C$DW$4, DW_AT_decl_column(0x06)
      64                      .dwattr $C$DW$4, DW_AT_TI_max_frame_size(-32)
      65                      .dwpsn  file "../imported/foc/foc.c",line 40,column 1,is_stmt,address ||foc_step||,isa 0
      66              
      67                      .dwfde $C$DW$CIE, ||foc_step||
      68              $C$DW$5 .dwtag  DW_TAG_formal_parameter
      69                      .dwattr $C$DW$5, DW_AT_name("f")
      70                      .dwattr $C$DW$5, DW_AT_type(*$C$DW$T$41)
      71                      .dwattr $C$DW$5, DW_AT_location[DW_OP_reg12]
      72              
      73              $C$DW$6 .dwtag  DW_TAG_formal_parameter
      74                      .dwattr $C$DW$6, DW_AT_name("i_abc_pu")
      75                      .dwattr $C$DW$6, DW_AT_type(*$C$DW$T$23)
      76                      .dwattr $C$DW$6, DW_AT_location[DW_OP_regx 0x29]
      77              
      78              $C$DW$7 .dwtag  DW_TAG_formal_parameter
      79                      .dwattr $C$DW$7, DW_AT_name("theta_e")
      80                      .dwattr $C$DW$7, DW_AT_type(*$C$DW$T$16)
      81                      .dwattr $C$DW$7, DW_AT_location[DW_OP_regx 0x37]
      82              
      83              
      84              ;***************************************************************
      85              ;* FNAME: foc_step                      FR SIZE:  30           *
      86              ;*                                                             *
      87              ;* FUNCTION ENVIRONMENT                                        *
      88              ;*                                                             *
      89              ;* FUNCTION PROPERTIES                                         *
      90              ;*                            2 Parameter, 16 Auto, 12 SOE     *
      91              ;***************************************************************
      92              
      93              ||foc_step||:
      94              ;* R1    assigned to $O$C77
      95              ;* R4    assigned to $O$C78
      96              ;* R1    assigned to $O$C79
      97              ;* R5    assigned to $O$C80
      98              ;* R6    assigned to $O$C81
      99              ;* R0    assigned to $O$C82
     100              ;* R0    assigned to $O$C83
     101              ;* R0    assigned to $O$C84
     102              ;* R5    assigned to $O$C85
     103              ;* R1    assigned to $O$C86
     104              ;* R4    assigned to $O$C87
     105              ;* R2    assigned to $O$T75
     106              ;* R1    assigned to $O$T76
     107              ;* R0    assigned to $O$v9
     108              ;* R3    assigned to $O$v6
     109              ;* R0    assigned to $O$v5
     110              ;* R2    assigned to $O$v4
TMS320C2000 Assembler Unix v25.11.0 Sat May 30 20:22:51 2026

Copyright (c) 1996-2018 Texas Instruments Incorporated
foc.asm                                                              PAGE    3

     111              ;* R1    assigned to $O$v3
     112              ;* R0    assigned to $O$CSU$v$a
     113              ;* R7    assigned to $O$CSU$v$b
     114              ;* R5    assigned to $O$CSU$v$c
     115              ;* AR2   assigned to f
     116              $C$DW$8 .dwtag  DW_TAG_variable
     117                      .dwattr $C$DW$8, DW_AT_name("f")
     118                      .dwattr $C$DW$8, DW_AT_type(*$C$DW$T$42)
     119                      .dwattr $C$DW$8, DW_AT_location[DW_OP_reg8]
     120              
     121              $C$DW$9 .dwtag  DW_TAG_variable
     122                      .dwattr $C$DW$9, DW_AT_name("s")
     123                      .dwattr $C$DW$9, DW_AT_type(*$C$DW$T$16)
     124                      .dwattr $C$DW$9, DW_AT_location[DW_OP_breg20 -16]
     125              
     126              ;* R4    assigned to c
     127              $C$DW$10        .dwtag  DW_TAG_variable
     128                      .dwattr $C$DW$10, DW_AT_name("c")
     129                      .dwattr $C$DW$10, DW_AT_type(*$C$DW$T$16)
     130                      .dwattr $C$DW$10, DW_AT_location[DW_OP_regx 0x3b]
     131              
     132              ;* R3    assigned to id_ref
     133              $C$DW$11        .dwtag  DW_TAG_variable
     134                      .dwattr $C$DW$11, DW_AT_name("id_ref")
     135                      .dwattr $C$DW$11, DW_AT_type(*$C$DW$T$16)
     136                      .dwattr $C$DW$11, DW_AT_location[DW_OP_regx 0x37]
     137              
     138              ;* AR4   assigned to c
     139              $C$DW$12        .dwtag  DW_TAG_variable
     140                      .dwattr $C$DW$12, DW_AT_name("c")
     141                      .dwattr $C$DW$12, DW_AT_type(*$C$DW$T$30)
     142                      .dwattr $C$DW$12, DW_AT_location[DW_OP_reg12]
     143              
     144              ;* R0    assigned to error
     145              $C$DW$13        .dwtag  DW_TAG_variable
     146                      .dwattr $C$DW$13, DW_AT_name("error")
     147                      .dwattr $C$DW$13, DW_AT_type(*$C$DW$T$16)
     148                      .dwattr $C$DW$13, DW_AT_location[DW_OP_regx 0x2b]
     149              
     150              ;* R1    assigned to u_raw
     151              $C$DW$14        .dwtag  DW_TAG_variable
     152                      .dwattr $C$DW$14, DW_AT_name("u_raw")
     153                      .dwattr $C$DW$14, DW_AT_type(*$C$DW$T$16)
     154                      .dwattr $C$DW$14, DW_AT_location[DW_OP_regx 0x2f]
     155              
     156              ;* R2    assigned to u
     157              $C$DW$15        .dwtag  DW_TAG_variable
     158                      .dwattr $C$DW$15, DW_AT_name("u")
     159                      .dwattr $C$DW$15, DW_AT_type(*$C$DW$T$16)
     160                      .dwattr $C$DW$15, DW_AT_location[DW_OP_regx 0x33]
     161              
     162              ;* AR4   assigned to c
     163              $C$DW$16        .dwtag  DW_TAG_variable
     164                      .dwattr $C$DW$16, DW_AT_name("c")
     165                      .dwattr $C$DW$16, DW_AT_type(*$C$DW$T$30)
TMS320C2000 Assembler Unix v25.11.0 Sat May 30 20:22:51 2026

Copyright (c) 1996-2018 Texas Instruments Incorporated
foc.asm                                                              PAGE    4

     166                      .dwattr $C$DW$16, DW_AT_location[DW_OP_reg12]
     167              
     168              ;* R0    assigned to error
     169              $C$DW$17        .dwtag  DW_TAG_variable
     170                      .dwattr $C$DW$17, DW_AT_name("error")
     171                      .dwattr $C$DW$17, DW_AT_type(*$C$DW$T$16)
     172                      .dwattr $C$DW$17, DW_AT_location[DW_OP_regx 0x2b]
     173              
     174              ;* R7    assigned to u_raw
     175              $C$DW$18        .dwtag  DW_TAG_variable
     176                      .dwattr $C$DW$18, DW_AT_name("u_raw")
     177                      .dwattr $C$DW$18, DW_AT_type(*$C$DW$T$16)
     178                      .dwattr $C$DW$18, DW_AT_location[DW_OP_regx 0x47]
     179              
     180              ;* R3    assigned to u
     181              $C$DW$19        .dwtag  DW_TAG_variable
     182                      .dwattr $C$DW$19, DW_AT_name("u")
     183                      .dwattr $C$DW$19, DW_AT_type(*$C$DW$T$16)
     184                      .dwattr $C$DW$19, DW_AT_location[DW_OP_regx 0x37]
     185              
     186              ;* AR5   assigned to c
     187              $C$DW$20        .dwtag  DW_TAG_variable
     188                      .dwattr $C$DW$20, DW_AT_name("c")
     189                      .dwattr $C$DW$20, DW_AT_type(*$C$DW$T$30)
     190                      .dwattr $C$DW$20, DW_AT_location[DW_OP_reg14]
     191              
     192              ;* R5    assigned to error
     193              $C$DW$21        .dwtag  DW_TAG_variable
     194                      .dwattr $C$DW$21, DW_AT_name("error")
     195                      .dwattr $C$DW$21, DW_AT_type(*$C$DW$T$16)
     196                      .dwattr $C$DW$21, DW_AT_location[DW_OP_regx 0x3f]
     197              
     198              ;* R0    assigned to u_raw
     199              $C$DW$22        .dwtag  DW_TAG_variable
     200                      .dwattr $C$DW$22, DW_AT_name("u_raw")
     201                      .dwattr $C$DW$22, DW_AT_type(*$C$DW$T$16)
     202                      .dwattr $C$DW$22, DW_AT_location[DW_OP_regx 0x2b]
     203              
     204              ;* R1    assigned to u
     205              $C$DW$23        .dwtag  DW_TAG_variable
     206                      .dwattr $C$DW$23, DW_AT_name("u")
     207                      .dwattr $C$DW$23, DW_AT_type(*$C$DW$T$16)
     208                      .dwattr $C$DW$23, DW_AT_location[DW_OP_regx 0x2f]
     209              
     210              ;* R3    assigned to vmax
     211              $C$DW$24        .dwtag  DW_TAG_variable
     212                      .dwattr $C$DW$24, DW_AT_name("vmax")
     213                      .dwattr $C$DW$24, DW_AT_type(*$C$DW$T$16)
     214                      .dwattr $C$DW$24, DW_AT_location[DW_OP_regx 0x37]
     215              
     216              ;* R2    assigned to vmin
     217              $C$DW$25        .dwtag  DW_TAG_variable
     218                      .dwattr $C$DW$25, DW_AT_name("vmin")
     219                      .dwattr $C$DW$25, DW_AT_type(*$C$DW$T$16)
     220                      .dwattr $C$DW$25, DW_AT_location[DW_OP_regx 0x33]
TMS320C2000 Assembler Unix v25.11.0 Sat May 30 20:22:51 2026

Copyright (c) 1996-2018 Texas Instruments Incorporated
foc.asm                                                              PAGE    5

     221              
     222                      .dwcfi  cfa_offset, -2
     223                      .dwcfi  save_reg_to_mem, 26, 0
     224 00000000 B2BD          MOVL      *SP++,XAR1            ; [CPU_ALU] 
     225                      .dwcfi  save_reg_to_mem, 7, 2
     226                      .dwcfi  cfa_offset, -4
     227 00000001 AABD          MOVL      *SP++,XAR2            ; [CPU_ALU] 
     228                      .dwcfi  save_reg_to_mem, 9, 4
     229                      .dwcfi  cfa_offset, -6
     230 00000002 E203          MOV32     *SP++,R4H             ; [CPU_FPU] 
         00000003 04BD 
     231                      .dwcfi  save_reg_to_mem, 59, 6
     232                      .dwcfi  cfa_offset, -8
     233 00000004 E203          MOV32     *SP++,R5H             ; [CPU_FPU] 
         00000005 05BD 
     234                      .dwcfi  save_reg_to_mem, 63, 8
     235                      .dwcfi  cfa_offset, -10
     236 00000006 E203          MOV32     *SP++,R6H             ; [CPU_FPU] 
         00000007 06BD 
     237                      .dwcfi  save_reg_to_mem, 67, 10
     238                      .dwcfi  cfa_offset, -12
     239 00000008 E203          MOV32     *SP++,R7H             ; [CPU_FPU] 
         00000009 07BD 
     240                      .dwcfi  save_reg_to_mem, 71, 12
     241                      .dwcfi  cfa_offset, -14
     242 0000000a FE12          ADDB      SP,#18                ; [CPU_ARAU] 
     243                      .dwcfi  cfa_offset, -32
     244 0000000b 86A4          MOVL      XAR2,XAR4             ; [CPU_ALU] |40| 
     245 0000000c E6CF          MOV32     R5H,R0H               ; [CPU_FPU] |40| 
         0000000d 0005 
     246                      .dwpsn  file "../imported/foc/foc.c",line 44,column 13,is_stmt,isa 0
     247 0000000e 5CAD          MOVZ      AR4,SP                ; [CPU_ALU] |44| 
     248                      .dwpsn  file "../imported/foc/foc.c",line 41,column 5,is_stmt,isa 0
     249 0000000f D008          MOVB      XAR0,#8               ; [CPU_ALU] |41| 
     250 00000010 D10A          MOVB      XAR1,#10              ; [CPU_ALU] |41| 
     251                      .dwpsn  file "../imported/foc/foc.c",line 40,column 1,is_stmt,isa 0
     252 00000011 E6CF          MOV32     R4H,R1H               ; [CPU_FPU] |40| 
         00000012 000C 
     253                      .dwpsn  file "../imported/foc/foc.c",line 44,column 13,is_stmt,isa 0
     254 00000013 DC86          SUBB      XAR4,#6               ; [CPU_ARAU] |44| 
     255                      .dwpsn  file "../imported/foc/foc.c",line 41,column 5,is_stmt,isa 0
     256 00000014 E203          MOV32     *+XAR2[6],R0H         ; [CPU_FPU] |41| 
         00000015 00F2 
     257                      .dwpsn  file "../imported/foc/foc.c",line 44,column 13,is_stmt,isa 0
     258 00000016 88A4          MOVZ      AR6,AR4               ; [CPU_ALU] |44| 
     259                      .dwpsn  file "../imported/foc/foc.c",line 40,column 1,is_stmt,isa 0
     260 00000017 E6CF          MOV32     R0H,R3H               ; [CPU_FPU] |40| 
         00000018 0018 
     261                      .dwpsn  file "../imported/foc/foc.c",line 41,column 5,is_stmt,isa 0
     262 00000019 E203          MOV32     *+XAR2[AR0],R1H       ; [CPU_FPU] |41| 
         0000001a 0192 
     263                      .dwpsn  file "../imported/foc/foc.c",line 42,column 5,is_stmt,isa 0
     264 0000001b D022          MOVB      XAR0,#34              ; [CPU_ALU] |42| 
     265                      .dwpsn  file "../imported/foc/foc.c",line 41,column 5,is_stmt,isa 0
     266 0000001c E203          MOV32     *+XAR2[AR1],R2H       ; [CPU_FPU] |41| 
TMS320C2000 Assembler Unix v25.11.0 Sat May 30 20:22:51 2026

Copyright (c) 1996-2018 Texas Instruments Incorporated
foc.asm                                                              PAGE    6

         0000001d 029A 
     267                      .dwpsn  file "../imported/foc/foc.c",line 42,column 5,is_stmt,isa 0
     268 0000001e E203          MOV32     *+XAR2[AR0],R3H       ; [CPU_FPU] |42| 
         0000001f 0392 
     269                      .dwpsn  file "../imported/foc/foc.c",line 44,column 13,is_stmt,isa 0
     270              $C$DW$26        .dwtag  DW_TAG_TI_branch
     271                      .dwattr $C$DW$26, DW_AT_low_pc(0x00)
     272                      .dwattr $C$DW$26, DW_AT_name("__c28xabi_ftod")
     273                      .dwattr $C$DW$26, DW_AT_TI_call
     274              
     275 00000020 7640!         LCR       #||__c28xabi_ftod||   ; [CPU_ALU] |44| 
         00000021 0000 
     276                      ; call occurs [#||__c28xabi_ftod||] ; [] |44| 
     277 00000022 5CAD          MOVZ      AR4,SP                ; [CPU_ALU] |44| 
     278 00000023 C446          MOVL      XAR6,*-SP[6]          ; [CPU_ALU] |44| 
     279 00000024 0644          MOVL      ACC,*-SP[4]           ; [CPU_ALU] |44| 
     280 00000025 DC8A          SUBB      XAR4,#10              ; [CPU_ARAU] |44| 
     281 00000026 C24A          MOVL      *-SP[10],XAR6         ; [CPU_ALU] |44| 
     282 00000027 5CA4          MOVZ      AR4,AR4               ; [CPU_ALU] |44| 
     283 00000028 1E48          MOVL      *-SP[8],ACC           ; [CPU_ALU] |44| 
     284              $C$DW$27        .dwtag  DW_TAG_TI_branch
     285                      .dwattr $C$DW$27, DW_AT_low_pc(0x00)
     286                      .dwattr $C$DW$27, DW_AT_name("sinf")
     287                      .dwattr $C$DW$27, DW_AT_TI_call
     288              
     289 00000029 7640!         LCR       #||sinf||             ; [CPU_ALU] |44| 
         0000002a 0000 
     290                      ; call occurs [#||sinf||] ; [] |44| 
     291 0000002b 3B01          SETC      SXM                   ; [CPU_ALU] 
     292                      .dwpsn  file "../imported/foc/foc.c",line 45,column 13,is_stmt,isa 0
     293 0000002c 5CAD          MOVZ      AR4,SP                ; [CPU_ALU] |45| 
     294 0000002d C446          MOVL      XAR6,*-SP[6]          ; [CPU_ALU] |45| 
     295                      .dwpsn  file "../imported/foc/foc.c",line 44,column 13,is_stmt,isa 0
     296 0000002e 85A9          MOV       ACC,AL                ; [CPU_ALU] |44| 
     297 0000002f BDA9          MOV32     R0H,ACC               ; [CPU_FPU] |44| 
         00000030 0F12 
     298                      .dwpsn  file "../imported/foc/foc.c",line 45,column 13,is_stmt,isa 0
     299 00000031 DC8A          SUBB      XAR4,#10              ; [CPU_ARAU] |45| 
     300 00000032 C24A          MOVL      *-SP[10],XAR6         ; [CPU_ALU] |45| 
     301 00000033 5CA4          MOVZ      AR4,AR4               ; [CPU_ALU] |45| 
     302 00000034 0644          MOVL      ACC,*-SP[4]           ; [CPU_ALU] |45| 
     303                      .dwpsn  file "../imported/foc/foc.c",line 44,column 13,is_stmt,isa 0
     304 00000035 E689          I32TOF32  R6H,R0H               ; [CPU_FPU] |44| 
         00000036 0006 
     305                      .dwpsn  file "../imported/foc/foc.c",line 45,column 13,is_stmt,isa 0
     306 00000037 1E48          MOVL      *-SP[8],ACC           ; [CPU_ALU] |45| 
     307                      .dwpsn  file "../imported/foc/foc.c",line 44,column 13,is_stmt,isa 0
     308 00000038 E203          MOV32     *-SP[16],R6H          ; [CPU_FPU] |44| 
         00000039 0650 
     309                      .dwpsn  file "../imported/foc/foc.c",line 45,column 13,is_stmt,isa 0
     310              $C$DW$28        .dwtag  DW_TAG_TI_branch
     311                      .dwattr $C$DW$28, DW_AT_low_pc(0x00)
     312                      .dwattr $C$DW$28, DW_AT_name("cosf")
     313                      .dwattr $C$DW$28, DW_AT_TI_call
     314              
TMS320C2000 Assembler Unix v25.11.0 Sat May 30 20:22:51 2026

Copyright (c) 1996-2018 Texas Instruments Incorporated
foc.asm                                                              PAGE    7

     315 0000003a 7640!         LCR       #||cosf||             ; [CPU_ALU] |45| 
         0000003b 0000 
     316                      ; call occurs [#||cosf||] ; [] |45| 
     317 0000003c 3B01          SETC      SXM                   ; [CPU_ALU] 
     318 0000003d 85A9          MOV       ACC,AL                ; [CPU_ALU] |45| 
     319 0000003e BDA9          MOV32     R0H,ACC               ; [CPU_FPU] |45| 
         0000003f 0F12 
     320                      .dwpsn  file "../imported/foc/foc.c",line 47,column 5,is_stmt,isa 0
     321 00000040 E801          MOVIZ     R1H,#16147            ; [CPU_FPU] |47| 
         00000041 F899 
     322 00000042 E710          ADDF32    R2H,R4H,R4H           ; [CPU_FPU] |47| 
         00000043 0122 
     323 00000044 E80E          MOVXI     R1H,#52538            ; [CPU_FPU] |47| 
         00000045 69D1 
     324 00000046 E710          ADDF32    R2H,R2H,R5H           ; [CPU_FPU] |47| 
         00000047 0152 
     325                      .dwpsn  file "../imported/foc/foc.c",line 45,column 13,is_stmt,isa 0
     326 00000048 E689          I32TOF32  R4H,R0H               ; [CPU_FPU] |45| 
         00000049 0004 
     327                      .dwpsn  file "../imported/foc/foc.c",line 47,column 5,is_stmt,isa 0
     328 0000004a E700          MPYF32    R1H,R1H,R2H           ; [CPU_FPU] |47| 
         0000004b 0089 
     329                      .dwpsn  file "../imported/foc/foc.c",line 48,column 5,is_stmt,isa 0
     330 0000004c E700          MPYF32    R2H,R4H,R5H           ; [CPU_FPU] |48| 
         0000004d 0162 
     331 0000004e E700          MPYF32    R0H,R6H,R1H           ; [CPU_FPU] |48| 
         0000004f 0070 
     332 00000050 7700          NOP       ; [CPU_ALU] 
     333 00000051 E710          ADDF32    R0H,R0H,R2H           ; [CPU_FPU] |48| 
         00000052 0080 
     334 00000053 D010          MOVB      XAR0,#16              ; [CPU_ALU] |48| 
     335 00000054 E203          MOV32     *+XAR2[AR0],R0H       ; [CPU_FPU] |48| 
         00000055 0092 
     336                      .dwpsn  file "../imported/foc/foc.c",line 47,column 5,is_stmt,isa 0
     337 00000056 D00E          MOVB      XAR0,#14              ; [CPU_ALU] |47| 
     338 00000057 E203          MOV32     *+XAR2[AR0],R1H       ; [CPU_FPU] |47| 
         00000058 0192 
     339 00000059 D00C          MOVB      XAR0,#12              ; [CPU_ALU] |47| 
     340              
     341                      MOV32     *+XAR2[AR0],R5H       ; [CPU_FPU] |47| 
     342 0000005a E003  ||      MPYF32    R1H,R4H,R1H           ; [CPU_FPU] |48| 
         0000005b 0D92 
     343              
     344                      .dwpsn  file "../imported/foc/foc.c",line 54,column 5,is_stmt,isa 0
     345 0000005c D044          MOVB      XAR0,#68              ; [CPU_ALU] |54| 
     346                      .dwpsn  file "../imported/foc/foc.c",line 48,column 5,is_stmt,isa 0
     347 0000005d E6AF          NEGF32    R5H,R5H               ; [CPU_FPU] |48| 
         0000005e 002D 
     348 0000005f E700          MPYF32    R2H,R6H,R5H           ; [CPU_FPU] |48| 
         00000060 0172 
     349                      .dwpsn  file "../imported/foc/foc.c",line 54,column 5,is_stmt,isa 0
     350 00000061 9292          MOV       AL,*+XAR2[AR0]        ; [CPU_ALU] |54| 
     351                      .dwpsn  file "../imported/foc/foc.c",line 48,column 5,is_stmt,isa 0
     352              
     353 00000062 E314          ADDF32    R1H,R1H,R2H           ; [CPU_FPU] |48| 
TMS320C2000 Assembler Unix v25.11.0 Sat May 30 20:22:51 2026

Copyright (c) 1996-2018 Texas Instruments Incorporated
foc.asm                                                              PAGE    8

         00000063 4BC2 
     354              ||      MOV32     R3H,*+XAR2[0]         ; [CPU_FPU] |53| 
     355              
     356 00000064 D012          MOVB      XAR0,#18              ; [CPU_ALU] |48| 
     357 00000065 E203          MOV32     *+XAR2[AR0],R1H       ; [CPU_FPU] |48| 
         00000066 0192 
     358                      .dwpsn  file "../imported/foc/foc.c",line 54,column 5,is_stmt,isa 0
     359 00000067 6128          B         ||$C$L1||,EQ          ; [CPU_ALU] |54| 
     360                      ; branchcc occurs ; [] |54| 
     361                      .dwpsn  file "../imported/foc/pi.h",line 36,column 1,is_stmt,isa 0
     362 00000068 D024          MOVB      XAR0,#36              ; [CPU_ALU] |36| 
     363 00000069 E2AF          MOV32     R0H,*+XAR2[4]         ; [CPU_FPU] |36| 
         0000006a 00E2 
     364 0000006b E2AF          MOV32     R1H,*+XAR2[AR0]       ; [CPU_FPU] |36| 
         0000006c 0192 
     365 0000006d 8AA2          MOVL      XAR4,XAR2             ; [CPU_ALU] |36| 
     366                      .dwpsn  file "../imported/foc/pi.h",line 37,column 17,is_stmt,isa 0
     367 0000006e D142          MOVB      XAR1,#66              ; [CPU_ALU] |37| 
     368 0000006f D03A          MOVB      XAR0,#58              ; [CPU_ALU] |37| 
     369                      .dwpsn  file "../imported/foc/pi.h",line 36,column 1,is_stmt,isa 0
     370              
     371                      MOV32     R1H,*+XAR2[AR0]       ; [CPU_FPU] |37| 
     372 00000070 E320  ||      SUBF32    R0H,R1H,R0H           ; [CPU_FPU] |36| 
         00000071 4192 
     373              
     374 00000072 DC3A          ADDB      XAR4,#58              ; [CPU_ALU] |36| 
     375                      .dwpsn  file "../imported/foc/pi.h",line 37,column 17,is_stmt,isa 0
     376              
     377 00000073 E302          MPYF32    R1H,R0H,R1H           ; [CPU_FPU] |37| 
         00000074 0A9A 
     378              ||      MOV32     R2H,*+XAR2[AR1]       ; [CPU_FPU] |37| 
     379              
     380                      .dwpsn  file "../imported/foc/pi.h",line 42,column 5,is_stmt,isa 0
     381 00000075 E2AF          MOV32     R5H,*+XAR4[2]         ; [CPU_FPU] |42| 
         00000076 05D4 
     382                      .dwpsn  file "../imported/foc/pi.h",line 37,column 17,is_stmt,isa 0
     383              
     384 00000077 E314          ADDF32    R1H,R1H,R2H           ; [CPU_FPU] |37| 
         00000078 4FF4 
     385              ||      MOV32     R7H,*+XAR4[6]         ; [CPU_FPU] |39| 
     386              
     387                      .dwpsn  file "../imported/foc/pi.h",line 40,column 30,is_stmt,isa 0
     388              
     389 00000079 E30A          MPYF32    R0H,R0H,R5H           ; [CPU_FPU] |42| 
         0000007a 06E4 
     390              ||      MOV32     R6H,*+XAR4[4]         ; [CPU_FPU] |40| 
     391              
     392                      .dwpsn  file "../imported/foc/pi.h",line 38,column 17,is_stmt,isa 0
     393 0000007b E6CF          MOV32     R2H,R1H               ; [CPU_FPU] |38| 
         0000007c 000A 
     394                      .dwpsn  file "../imported/foc/pi.h",line 39,column 30,is_stmt,isa 0
     395 0000007d E697          MINF32    R2H,R7H               ; [CPU_FPU] |39| 
         0000007e 003A 
     396                      .dwpsn  file "../imported/foc/pi.h",line 40,column 30,is_stmt,isa 0
     397 0000007f E696          MAXF32    R2H,R6H               ; [CPU_FPU] |40| 
TMS320C2000 Assembler Unix v25.11.0 Sat May 30 20:22:51 2026

Copyright (c) 1996-2018 Texas Instruments Incorporated
foc.asm                                                              PAGE    9

         00000080 0032 
     398                      .dwpsn  file "../imported/foc/pi.h",line 42,column 5,is_stmt,isa 0
     399 00000081 E720          SUBF32    R1H,R2H,R1H           ; [CPU_FPU] |42| 
         00000082 0051 
     400 00000083 DC08          ADDB      XAR4,#8               ; [CPU_ALU] |42| 
     401 00000084 E710          ADDF32    R1H,R1H,R0H           ; [CPU_FPU] |42| 
         00000085 0009 
     402 00000086 E2AF          MOV32     R5H,*+XAR4[0]         ; [CPU_FPU] |42| 
         00000087 05C4 
     403 00000088 E710          ADDF32    R0H,R1H,R5H           ; [CPU_FPU] |42| 
         00000089 0148 
     404                      .dwpsn  file "../imported/foc/foc.c",line 56,column 9,is_stmt,isa 0
     405 0000008a D010          MOVB      XAR0,#16              ; [CPU_ALU] |56| 
     406                      .dwpsn  file "../imported/foc/pi.h",line 42,column 5,is_stmt,isa 0
     407 0000008b E203          MOV32     *+XAR4[0],R0H         ; [CPU_FPU] |42| 
         0000008c 00C4 
     408                      .dwpsn  file "../imported/foc/foc.c",line 56,column 9,is_stmt,isa 0
     409              
     410                      MOV32     R0H,*+XAR2[AR0]       ; [CPU_FPU] |56| 
     411 0000008d E314  ||      ADDF32    R3H,R3H,R2H           ; [CPU_FPU] |56| 
         0000008e D892 
     412              
     413 0000008f       ||$C$L1||:    
     414                      .dwpsn  file "../imported/foc/pi.h",line 37,column 17,is_stmt,isa 0
     415 0000008f D026          MOVB      XAR0,#38              ; [CPU_ALU] |37| 
     416                      .dwpsn  file "../imported/foc/pi.h",line 36,column 1,is_stmt,isa 0
     417              
     418 00000090 E320          SUBF32    R0H,R3H,R0H           ; [CPU_FPU] |36| 
         00000091 C192 
     419              ||      MOV32     R1H,*+XAR2[AR0]       ; [CPU_FPU] |37| 
     420              
     421                      .dwpsn  file "../imported/foc/foc.c",line 63,column 5,is_stmt,isa 0
     422 00000092 88AD          MOVZ      AR6,SP                ; [CPU_ALU] |63| 
     423                      .dwpsn  file "../imported/foc/pi.h",line 36,column 1,is_stmt,isa 0
     424 00000093 8AA2          MOVL      XAR4,XAR2             ; [CPU_ALU] |36| 
     425 00000094 83A2          MOVL      XAR5,XAR2             ; [CPU_ALU] |36| 
     426                      .dwpsn  file "../imported/foc/pi.h",line 37,column 17,is_stmt,isa 0
     427 00000095 D02E          MOVB      XAR0,#46              ; [CPU_ALU] |37| 
     428                      .dwpsn  file "../imported/foc/foc.c",line 59,column 5,is_stmt,isa 0
     429 00000096 D114          MOVB      XAR1,#20              ; [CPU_ALU] |59| 
     430                      .dwpsn  file "../imported/foc/pi.h",line 37,column 17,is_stmt,isa 0
     431              
     432 00000097 E302          MPYF32    R6H,R0H,R1H           ; [CPU_FPU] |37| 
         00000098 3592 
     433              ||      MOV32     R5H,*+XAR2[AR0]       ; [CPU_FPU] |37| 
     434              
     435                      .dwpsn  file "../imported/foc/foc.c",line 63,column 5,is_stmt,isa 0
     436 00000099 DE8E          SUBB      XAR6,#14              ; [CPU_ARAU] |63| 
     437                      .dwpsn  file "../imported/foc/pi.h",line 36,column 1,is_stmt,isa 0
     438 0000009a D012          MOVB      XAR0,#18              ; [CPU_ALU] |36| 
     439 0000009b DC26          ADDB      XAR4,#38              ; [CPU_ALU] |36| 
     440                      .dwpsn  file "../imported/foc/pi.h",line 37,column 17,is_stmt,isa 0
     441              
     442                      MOV32     R2H,*+XAR4[2]         ; [CPU_FPU] |42| 
     443 0000009c E31D  ||      ADDF32    R7H,R5H,R6H           ; [CPU_FPU] |37| 
TMS320C2000 Assembler Unix v25.11.0 Sat May 30 20:22:51 2026

Copyright (c) 1996-2018 Texas Instruments Incorporated
foc.asm                                                              PAGE   10

         0000009d 7AD4 
     444              
     445                      .dwpsn  file "../imported/foc/pi.h",line 36,column 1,is_stmt,isa 0
     446 0000009e DD30          ADDB      XAR5,#48              ; [CPU_ALU] |36| 
     447                      .dwpsn  file "../imported/foc/pi.h",line 38,column 17,is_stmt,isa 0
     448 0000009f E6CF          MOV32     R3H,R7H               ; [CPU_FPU] |38| 
         000000a0 003B 
     449                      .dwpsn  file "../imported/foc/pi.h",line 39,column 30,is_stmt,isa 0
     450 000000a1 E2AF          MOV32     R6H,*+XAR4[6]         ; [CPU_FPU] |39| 
         000000a2 06F4 
     451                      .dwpsn  file "../imported/foc/pi.h",line 40,column 30,is_stmt,isa 0
     452 000000a3 E2AF          MOV32     R5H,*+XAR4[4]         ; [CPU_FPU] |40| 
         000000a4 05E4 
     453                      .dwpsn  file "../imported/foc/foc.c",line 63,column 5,is_stmt,isa 0
     454 000000a5 88A6          MOVZ      AR6,AR6               ; [CPU_ALU] |63| 
     455                      .dwpsn  file "../imported/foc/pi.h",line 39,column 30,is_stmt,isa 0
     456 000000a6 E697          MINF32    R3H,R6H               ; [CPU_FPU] |39| 
         000000a7 0033 
     457                      .dwpsn  file "../imported/foc/pi.h",line 36,column 1,is_stmt,isa 0
     458              
     459                      MOV32     R0H,*+XAR2[2]         ; [CPU_FPU] |36| 
     460 000000a8 E304  ||      MPYF32    R2H,R0H,R2H           ; [CPU_FPU] |42| 
         000000a9 10D2 
     461              
     462 000000aa E2AF          MOV32     R6H,*+XAR2[AR0]       ; [CPU_FPU] |36| 
         000000ab 0692 
     463                      .dwpsn  file "../imported/foc/pi.h",line 37,column 17,is_stmt,isa 0
     464 000000ac D030          MOVB      XAR0,#48              ; [CPU_ALU] |37| 
     465                      .dwpsn  file "../imported/foc/pi.h",line 40,column 30,is_stmt,isa 0
     466 000000ad E696          MAXF32    R3H,R5H               ; [CPU_FPU] |40| 
         000000ae 002B 
     467                      .dwpsn  file "../imported/foc/pi.h",line 42,column 5,is_stmt,isa 0
     468 000000af DC08          ADDB      XAR4,#8               ; [CPU_ALU] |42| 
     469                      .dwpsn  file "../imported/foc/foc.c",line 59,column 5,is_stmt,isa 0
     470 000000b0 E203          MOV32     *+XAR2[AR1],R3H       ; [CPU_FPU] |59| 
         000000b1 039A 
     471                      .dwpsn  file "../imported/foc/pi.h",line 36,column 1,is_stmt,isa 0
     472              
     473                      MOV32     R0H,*+XAR2[AR0]       ; [CPU_FPU] |37| 
     474 000000b2 E32C  ||      SUBF32    R5H,R0H,R6H           ; [CPU_FPU] |36| 
         000000b3 2892 
     475              
     476                      .dwpsn  file "../imported/foc/pi.h",line 37,column 17,is_stmt,isa 0
     477 000000b4 D038          MOVB      XAR0,#56              ; [CPU_ALU] |37| 
     478                      .dwpsn  file "../imported/foc/pi.h",line 39,column 30,is_stmt,isa 0
     479              
     480                      MOV32     R6H,*+XAR5[6]         ; [CPU_FPU] |39| 
     481 000000b5 E32E  ||      SUBF32    R3H,R3H,R7H           ; [CPU_FPU] |42| 
         000000b6 DEF5 
     482              
     483                      .dwpsn  file "../imported/foc/pi.h",line 37,column 17,is_stmt,isa 0
     484              
     485 000000b7 E301          MPYF32    R0H,R5H,R0H           ; [CPU_FPU] |37| 
         000000b8 4192 
     486              ||      MOV32     R1H,*+XAR2[AR0]       ; [CPU_FPU] |37| 
TMS320C2000 Assembler Unix v25.11.0 Sat May 30 20:22:51 2026

Copyright (c) 1996-2018 Texas Instruments Incorporated
foc.asm                                                              PAGE   11

     487              
     488                      .dwpsn  file "../imported/foc/foc.c",line 63,column 5,is_stmt,isa 0
     489 000000b9 D014          MOVB      XAR0,#20              ; [CPU_ALU] |63| 
     490                      .dwpsn  file "../imported/foc/pi.h",line 37,column 17,is_stmt,isa 0
     491              
     492 000000ba E312          ADDF32    R0H,R0H,R1H           ; [CPU_FPU] |37| 
         000000bb 07E5 
     493              ||      MOV32     R7H,*+XAR5[4]         ; [CPU_FPU] |40| 
     494              
     495                      .dwpsn  file "../imported/foc/pi.h",line 42,column 5,is_stmt,isa 0
     496              
     497                      MOV32     R3H,*+XAR5[2]         ; [CPU_FPU] |42| 
     498 000000bc E316  ||      ADDF32    R2H,R2H,R3H           ; [CPU_FPU] |42| 
         000000bd 93D5 
     499              
     500                      .dwpsn  file "../imported/foc/pi.h",line 38,column 17,is_stmt,isa 0
     501 000000be E6CF          MOV32     R1H,R0H               ; [CPU_FPU] |38| 
         000000bf 0001 
     502                      .dwpsn  file "../imported/foc/pi.h",line 42,column 5,is_stmt,isa 0
     503 000000c0 DD08          ADDB      XAR5,#8               ; [CPU_ALU] |42| 
     504 000000c1 E700          MPYF32    R5H,R5H,R3H           ; [CPU_FPU] |42| 
         000000c2 00ED 
     505                      .dwpsn  file "../imported/foc/pi.h",line 39,column 30,is_stmt,isa 0
     506 000000c3 E697          MINF32    R1H,R6H               ; [CPU_FPU] |39| 
         000000c4 0031 
     507                      .dwpsn  file "../imported/foc/pi.h",line 40,column 30,is_stmt,isa 0
     508 000000c5 E696          MAXF32    R1H,R7H               ; [CPU_FPU] |40| 
         000000c6 0039 
     509                      .dwpsn  file "../imported/foc/foc.c",line 63,column 5,is_stmt,isa 0
     510              
     511 000000c7 E002          MPYF32    R2H,R1H,R1H           ; [CPU_FPU] |63| 
         000000c8 5252 
     512              ||      MOV32     *-SP[18],R2H          ; [CPU_FPU] |42| 
     513              
     514                      MOV32     R0H,*+XAR2[AR0]       ; [CPU_FPU] |63| 
     515 000000c9 E320  ||      SUBF32    R6H,R1H,R0H           ; [CPU_FPU] |42| 
         000000ca 7092 
     516              
     517                      .dwpsn  file "../imported/foc/foc.c",line 60,column 5,is_stmt,isa 0
     518 000000cb D016          MOVB      XAR0,#22              ; [CPU_ALU] |60| 
     519                      .dwpsn  file "../imported/foc/pi.h",line 42,column 5,is_stmt,isa 0
     520              
     521 000000cc E31D          ADDF32    R5H,R5H,R6H           ; [CPU_FPU] |42| 
         000000cd 6BC5 
     522              ||      MOV32     R3H,*+XAR5[0]         ; [CPU_FPU] |42| 
     523              
     524                      .dwpsn  file "../imported/foc/foc.c",line 63,column 5,is_stmt,isa 0
     525              
     526 000000ce E300          MPYF32    R0H,R0H,R0H           ; [CPU_FPU] |63| 
         000000cf 07C4 
     527              ||      MOV32     R7H,*+XAR4[0]         ; [CPU_FPU] |42| 
     528              
     529 000000d0 E31A          ADDF32    R3H,R3H,R5H           ; [CPU_FPU] |42| 
         000000d1 DE52 
     530              ||      MOV32     R6H,*-SP[18]          ; [CPU_FPU] |63| 
TMS320C2000 Assembler Unix v25.11.0 Sat May 30 20:22:51 2026

Copyright (c) 1996-2018 Texas Instruments Incorporated
foc.asm                                                              PAGE   12

     531              
     532                      .dwpsn  file "../imported/foc/foc.c",line 60,column 5,is_stmt,isa 0
     533              
     534 000000d2 E01F          ADDF32    R6H,R6H,R7H           ; [CPU_FPU] |42| 
         000000d3 B192 
     535              ||      MOV32     *+XAR2[AR0],R1H       ; [CPU_FPU] |60| 
     536              
     537                      .dwpsn  file "../imported/foc/pi.h",line 42,column 5,is_stmt,isa 0
     538 000000d4 E203          MOV32     *+XAR5[0],R3H         ; [CPU_FPU] |42| 
         000000d5 03C5 
     539                      .dwpsn  file "../imported/foc/foc.c",line 63,column 5,is_stmt,isa 0
     540              
     541                      MOV32     *+XAR4[0],R6H         ; [CPU_FPU] |42| 
     542 000000d6 E014  ||      ADDF32    R0H,R0H,R2H           ; [CPU_FPU] |63| 
         000000d7 06C4 
     543              
     544              $C$DW$29        .dwtag  DW_TAG_TI_branch
     545                      .dwattr $C$DW$29, DW_AT_low_pc(0x00)
     546                      .dwattr $C$DW$29, DW_AT_name("__c28xabi_ftod")
     547                      .dwattr $C$DW$29, DW_AT_TI_call
     548              
     549 000000d8 7640!         LCR       #||__c28xabi_ftod||   ; [CPU_ALU] |63| 
         000000d9 0000 
     550                      ; call occurs [#||__c28xabi_ftod||] ; [] |63| 
     551 000000da 5CAD          MOVZ      AR4,SP                ; [CPU_ALU] |63| 
     552 000000db C44E          MOVL      XAR6,*-SP[14]         ; [CPU_ALU] |63| 
     553 000000dc 064C          MOVL      ACC,*-SP[12]          ; [CPU_ALU] |63| 
     554 000000dd DC8A          SUBB      XAR4,#10              ; [CPU_ARAU] |63| 
     555 000000de C24A          MOVL      *-SP[10],XAR6         ; [CPU_ALU] |63| 
     556 000000df 5CA4          MOVZ      AR4,AR4               ; [CPU_ALU] |63| 
     557 000000e0 1E48          MOVL      *-SP[8],ACC           ; [CPU_ALU] |63| 
     558              $C$DW$30        .dwtag  DW_TAG_TI_branch
     559                      .dwattr $C$DW$30, DW_AT_low_pc(0x00)
     560                      .dwattr $C$DW$30, DW_AT_name("sqrtf")
     561                      .dwattr $C$DW$30, DW_AT_TI_call
     562              
     563 000000e1 7640!         LCR       #||sqrtf||            ; [CPU_ALU] |63| 
         000000e2 0000 
     564                      ; call occurs [#||sqrtf||] ; [] |63| 
     565 000000e3 3B01          SETC      SXM                   ; [CPU_ALU] 
     566 000000e4 85A9          MOV       ACC,AL                ; [CPU_ALU] |63| 
     567 000000e5 BDA9          MOV32     R0H,ACC               ; [CPU_FPU] |63| 
         000000e6 0F12 
     568 000000e7 7700          NOP       ; [CPU_ALU] 
     569 000000e8 7700          NOP       ; [CPU_ALU] 
     570 000000e9 7700          NOP       ; [CPU_ALU] 
     571 000000ea 7700          NOP       ; [CPU_ALU] 
     572 000000eb E689          I32TOF32  R0H,R0H               ; [CPU_FPU] |63| 
         000000ec 0000 
     573                      .dwpsn  file "../imported/foc/foc.c",line 64,column 5,is_stmt,isa 0
     574 000000ed E2AF          MOV32     R3H,*+XAR2[4]         ; [CPU_FPU] |64| 
         000000ee 03E2 
     575 000000ef E694          CMPF32    R0H,R3H               ; [CPU_FPU] |64| 
         000000f0 0018 
     576 000000f1 AD14          MOVST0    ZF, NF                ; [CPU_FPU] |64| 
TMS320C2000 Assembler Unix v25.11.0 Sat May 30 20:22:51 2026

Copyright (c) 1996-2018 Texas Instruments Incorporated
foc.asm                                                              PAGE   13

     577 000000f2 620B          B         ||$C$L2||,GT          ; [CPU_ALU] |64| 
     578                      ; branchcc occurs ; [] |64| 
     579 000000f3 D024          MOVB      XAR0,#36              ; [CPU_ALU] 
     580 000000f4 D114          MOVB      XAR1,#20              ; [CPU_ALU] 
     581 000000f5 E203          MOV32     *+XAR2[AR0],R0H       ; [CPU_FPU] 
         000000f6 0092 
     582 000000f7 D016          MOVB      XAR0,#22              ; [CPU_ALU] 
     583 000000f8 E2AF          MOV32     R1H,*+XAR2[AR1]       ; [CPU_FPU] 
         000000f9 019A 
     584 000000fa E2AF          MOV32     R2H,*+XAR2[AR0]       ; [CPU_FPU] 
         000000fb 0292 
     585 000000fc 6F16          B         ||$C$L3||,UNC         ; [CPU_ALU] 
     586                      ; branch occurs ; [] 
     587 000000fd       ||$C$L2||:    
     588                      .dwpsn  file "../imported/foc/foc.c",line 66,column 9,is_stmt,isa 0
     589 000000fd E274          DIVF32    R0H,R3H,R0H           ; [CPU_FPU] |66| 
         000000fe 0018 
     590 000000ff 7700          NOP       ; [CPU_ALU] 
     591 00000100 7700          NOP       ; [CPU_ALU] 
     592 00000101 D014          MOVB      XAR0,#20              ; [CPU_ALU] |66| 
     593 00000102 E2AF          MOV32     R1H,*+XAR2[AR0]       ; [CPU_FPU] |66| 
         00000103 0192 
     594 00000104 E700          MPYF32    R1H,R0H,R1H           ; [CPU_FPU] |66| 
         00000105 0041 
     595 00000106 D014          MOVB      XAR0,#20              ; [CPU_ALU] |66| 
     596 00000107 E203          MOV32     *+XAR2[AR0],R1H       ; [CPU_FPU] |66| 
         00000108 0192 
     597                      .dwpsn  file "../imported/foc/foc.c",line 67,column 9,is_stmt,isa 0
     598 00000109 D016          MOVB      XAR0,#22              ; [CPU_ALU] |67| 
     599 0000010a E2AF          MOV32     R2H,*+XAR2[AR0]       ; [CPU_FPU] |67| 
         0000010b 0292 
     600                      .dwpsn  file "../imported/foc/foc.c",line 68,column 9,is_stmt,isa 0
     601 0000010c D024          MOVB      XAR0,#36              ; [CPU_ALU] |68| 
     602                      .dwpsn  file "../imported/foc/foc.c",line 67,column 9,is_stmt,isa 0
     603              
     604 0000010d E004          MPYF32    R2H,R0H,R2H           ; [CPU_FPU] |67| 
         0000010e 1392 
     605              ||      MOV32     *+XAR2[AR0],R3H       ; [CPU_FPU] |68| 
     606              
     607 0000010f D016          MOVB      XAR0,#22              ; [CPU_ALU] |67| 
     608 00000110 E203          MOV32     *+XAR2[AR0],R2H       ; [CPU_FPU] |67| 
         00000111 0292 
     609 00000112       ||$C$L3||:    
     610                      .dwpsn  file "../imported/foc/foc.c",line 71,column 5,is_stmt,isa 0
     611 00000112 E700          MPYF32    R5H,R4H,R1H           ; [CPU_FPU] |71| 
         00000113 0065 
     612              
     613 00000114 E305          MPYF32    R7H,R4H,R2H           ; [CPU_FPU] |71| 
         00000115 3B50 
     614              ||      MOV32     R3H,*-SP[16]          ; [CPU_FPU] 
     615              
     616 00000116 E700          MPYF32    R0H,R3H,R2H           ; [CPU_FPU] |71| 
         00000117 0098 
     617 00000118 E700          MPYF32    R1H,R3H,R1H           ; [CPU_FPU] |71| 
         00000119 0059 
TMS320C2000 Assembler Unix v25.11.0 Sat May 30 20:22:51 2026

Copyright (c) 1996-2018 Texas Instruments Incorporated
foc.asm                                                              PAGE   14

     618 0000011a D01A          MOVB      XAR0,#26              ; [CPU_ALU] |71| 
     619 0000011b D118          MOVB      XAR1,#24              ; [CPU_ALU] |71| 
     620 0000011c E710          ADDF32    R6H,R7H,R1H           ; [CPU_FPU] |71| 
         0000011d 007E 
     621 0000011e E720          SUBF32    R0H,R5H,R0H           ; [CPU_FPU] |71| 
         0000011f 0028 
     622                      .dwpsn  file "../imported/foc/transforms.h",line 41,column 5,is_stmt,isa 0
     623 00000120 E801          MOVIZ     R7H,#16221            ; [CPU_FPU] |41| 
         00000121 FAEF 
     624                      .dwpsn  file "../imported/foc/svpwm.h",line 18,column 16,is_stmt,isa 0
     625 00000122 E6CF          MOV32     R2H,R0H               ; [CPU_FPU] |18| 
         00000123 0002 
     626                      .dwpsn  file "../imported/foc/transforms.h",line 41,column 5,is_stmt,isa 0
     627 00000124 E80D          MOVXI     R7H,#46039            ; [CPU_FPU] |41| 
         00000125 9EBF 
     628 00000126 E86F          MPYF32    R5H,R0H,#48896        ; [CPU_FPU] |41| 
         00000127 C005 
     629                      .dwpsn  file "../imported/foc/svpwm.h",line 18,column 16,is_stmt,isa 0
     630 00000128 E6CF          MOV32     R3H,R0H               ; [CPU_FPU] |18| 
         00000129 0003 
     631                      .dwpsn  file "../imported/foc/transforms.h",line 41,column 5,is_stmt,isa 0
     632 0000012a E700          MPYF32    R4H,R7H,R6H           ; [CPU_FPU] |41| 
         0000012b 01BC 
     633                      .dwpsn  file "../imported/foc/svpwm.h",line 19,column 5,is_stmt,isa 0
     634 0000012c E86F          MPYF32    R1H,R2H,#48896        ; [CPU_FPU] |19| 
         0000012d C011 
     635                      .dwpsn  file "../imported/foc/transforms.h",line 41,column 5,is_stmt,isa 0
     636 0000012e E710          ADDF32    R7H,R4H,R5H           ; [CPU_FPU] |41| 
         0000012f 0167 
     637                      .dwpsn  file "../imported/foc/foc.c",line 71,column 5,is_stmt,isa 0
     638              
     639 00000130 E018          ADDF32    R1H,R1H,R4H           ; [CPU_FPU] |19| 
         00000131 4E92 
     640              ||      MOV32     *+XAR2[AR0],R6H       ; [CPU_FPU] |71| 
     641              
     642 00000132 E029          SUBF32    R5H,R5H,R4H           ; [CPU_FPU] |41| 
         00000133 689A 
     643              ||      MOV32     *+XAR2[AR1],R0H       ; [CPU_FPU] |71| 
     644              
     645                      .dwpsn  file "../imported/foc/svpwm.h",line 19,column 5,is_stmt,isa 0
     646 00000134 E694          CMPF32    R1H,R2H               ; [CPU_FPU] |19| 
         00000135 0011 
     647 00000136 AD14          MOVST0    ZF, NF                ; [CPU_FPU] |19| 
     648 00000137 620D          B         ||$C$L4||,GT          ; [CPU_ALU] |19| 
     649                      ; branchcc occurs ; [] |19| 
     650                      .dwpsn  file "../imported/foc/svpwm.h",line 20,column 5,is_stmt,isa 0
     651 00000138 E86F          MPYF32    R6H,R3H,#48896        ; [CPU_FPU] |20| 
         00000139 C01E 
     652 0000013a 7700          NOP       ; [CPU_ALU] 
     653 0000013b E720          SUBF32    R4H,R6H,R4H           ; [CPU_FPU] |20| 
         0000013c 0134 
     654                      .dwpsn  file "../imported/foc/svpwm.h",line 19,column 54,is_stmt,isa 0
     655 0000013d E697          MINF32    R2H,R1H               ; [CPU_FPU] |19| 
         0000013e 000A 
     656                      .dwpsn  file "../imported/foc/svpwm.h",line 20,column 5,is_stmt,isa 0
TMS320C2000 Assembler Unix v25.11.0 Sat May 30 20:22:51 2026

Copyright (c) 1996-2018 Texas Instruments Incorporated
foc.asm                                                              PAGE   15

     657 0000013f E694          CMPF32    R4H,R3H               ; [CPU_FPU] |20| 
         00000140 001C 
     658 00000141 AD14          MOVST0    ZF, NF                ; [CPU_FPU] |20| 
     659 00000142 6508          B         ||$C$L5||,LEQ         ; [CPU_ALU] |20| 
     660                      ; branchcc occurs ; [] |20| 
     661 00000143 6F0C          B         ||$C$L6||,UNC         ; [CPU_ALU] |20| 
     662                      ; branch occurs ; [] |20| 
     663 00000144       ||$C$L4||:    
     664                      .dwpsn  file "../imported/foc/svpwm.h",line 19,column 21,is_stmt,isa 0
     665 00000144 E6CF          MOV32     R3H,R7H               ; [CPU_FPU] |19| 
         00000145 003B 
     666                      .dwpsn  file "../imported/foc/svpwm.h",line 20,column 5,is_stmt,isa 0
     667 00000146 E694          CMPF32    R5H,R3H               ; [CPU_FPU] |20| 
         00000147 001D 
     668 00000148 AD14          MOVST0    ZF, NF                ; [CPU_FPU] |20| 
     669 00000149 6206          B         ||$C$L6||,GT          ; [CPU_ALU] |20| 
     670                      ; branchcc occurs ; [] |20| 
     671 0000014a       ||$C$L5||:    
     672                      .dwpsn  file "../imported/foc/svpwm.h",line 20,column 54,is_stmt,isa 0
     673 0000014a E6CF          MOV32     R1H,R5H               ; [CPU_FPU] |20| 
         0000014b 0029 
     674 0000014c E697          MINF32    R2H,R1H               ; [CPU_FPU] |20| 
         0000014d 000A 
     675 0000014e 6F03          B         ||$C$L7||,UNC         ; [CPU_ALU] |20| 
     676                      ; branch occurs ; [] |20| 
     677 0000014f       ||$C$L6||:    
     678                      .dwpsn  file "../imported/foc/svpwm.h",line 20,column 21,is_stmt,isa 0
     679 0000014f E6CF          MOV32     R3H,R5H               ; [CPU_FPU] |20| 
         00000150 002B 
     680 00000151       ||$C$L7||:    
     681                      .dwpsn  file "../imported/foc/foc.c",line 72,column 5,is_stmt,isa 0
     682 00000151 E710          ADDF32    R1H,R2H,R3H           ; [CPU_FPU] |72| 
         00000152 00D1 
     683 00000153 D01C          MOVB      XAR0,#28              ; [CPU_ALU] |72| 
     684 00000154 E84F          MPYF32    R1H,R1H,#16128        ; [CPU_FPU] |72| 
         00000155 C009 
     685 00000156 D11E          MOVB      XAR1,#30              ; [CPU_ALU] |72| 
     686 00000157 E720          SUBF32    R0H,R0H,R1H           ; [CPU_FPU] |72| 
         00000158 0040 
     687 00000159 E720          SUBF32    R6H,R7H,R1H           ; [CPU_FPU] |72| 
         0000015a 007E 
     688 0000015b E720          SUBF32    R4H,R5H,R1H           ; [CPU_FPU] |72| 
         0000015c 006C 
     689 0000015d E88F          ADDF32    R0H,R0H,#16128        ; [CPU_FPU] |72| 
         0000015e C000 
     690 0000015f E88F          ADDF32    R1H,R4H,#16128        ; [CPU_FPU] |72| 
         00000160 C021 
     691 00000161 E203          MOV32     *+XAR2[AR0],R0H       ; [CPU_FPU] |72| 
         00000162 0092 
     692 00000163 D020          MOVB      XAR0,#32              ; [CPU_ALU] |72| 
     693 00000164 FE92          SUBB      SP,#18                ; [CPU_ARAU] 
     694                      .dwcfi  cfa_offset, -14
     695 00000165 E88F          ADDF32    R0H,R6H,#16128        ; [CPU_FPU] |72| 
         00000166 C030 
     696 00000167 E203          MOV32     *+XAR2[AR0],R1H       ; [CPU_FPU] |72| 
TMS320C2000 Assembler Unix v25.11.0 Sat May 30 20:22:51 2026

Copyright (c) 1996-2018 Texas Instruments Incorporated
foc.asm                                                              PAGE   16

         00000168 0192 
     697 00000169 E203          MOV32     *+XAR2[AR1],R0H       ; [CPU_FPU] |72| 
         0000016a 009A 
     698 0000016b E2AF          MOV32     R7H,*--SP             ; [CPU_FPU] 
         0000016c 07BE 
     699                      .dwcfi  cfa_offset, -12
     700                      .dwcfi  restore_reg, 71
     701 0000016d E2AF          MOV32     R6H,*--SP             ; [CPU_FPU] 
         0000016e 06BE 
     702                      .dwcfi  cfa_offset, -10
     703                      .dwcfi  restore_reg, 67
     704 0000016f E2AF          MOV32     R5H,*--SP             ; [CPU_FPU] 
         00000170 05BE 
     705                      .dwcfi  cfa_offset, -8
     706                      .dwcfi  restore_reg, 63
     707 00000171 E2AF          MOV32     R4H,*--SP             ; [CPU_FPU] 
         00000172 04BE 
     708                      .dwcfi  cfa_offset, -6
     709                      .dwcfi  restore_reg, 59
     710 00000173 86BE          MOVL      XAR2,*--SP            ; [CPU_ALU] 
     711                      .dwcfi  cfa_offset, -4
     712                      .dwcfi  restore_reg, 9
     713 00000174 8BBE          MOVL      XAR1,*--SP            ; [CPU_ALU] 
     714                      .dwcfi  cfa_offset, -2
     715                      .dwcfi  restore_reg, 7
     716              $C$DW$31        .dwtag  DW_TAG_TI_branch
     717                      .dwattr $C$DW$31, DW_AT_low_pc(0x00)
     718                      .dwattr $C$DW$31, DW_AT_TI_return
     719              
     720 00000175 0006          LRETR     ; [CPU_ALU] 
     721                      ; return occurs ; [] 
     722                      .dwattr $C$DW$4, DW_AT_TI_end_file("../imported/foc/foc.c")
     723                      .dwattr $C$DW$4, DW_AT_TI_end_line(0x49)
     724                      .dwattr $C$DW$4, DW_AT_TI_end_column(0x01)
     725                      .dwendentry
     726                      .dwendtag $C$DW$4
     727              
     728 00000000               .sect   ".text:foc_set_iq_ref"
     729                      .clink
     730                      .global ||foc_set_iq_ref||
     731              
     732              $C$DW$32        .dwtag  DW_TAG_subprogram
     733                      .dwattr $C$DW$32, DW_AT_name("foc_set_iq_ref")
     734                      .dwattr $C$DW$32, DW_AT_low_pc(||foc_set_iq_ref||)
     735                      .dwattr $C$DW$32, DW_AT_high_pc(0x00)
     736                      .dwattr $C$DW$32, DW_AT_linkage_name("foc_set_iq_ref")
     737                      .dwattr $C$DW$32, DW_AT_external
     738                      .dwattr $C$DW$32, DW_AT_decl_file("../imported/foc/foc.c")
     739                      .dwattr $C$DW$32, DW_AT_decl_line(0x20)
     740                      .dwattr $C$DW$32, DW_AT_decl_column(0x06)
     741                      .dwattr $C$DW$32, DW_AT_TI_max_frame_size(-2)
     742                      .dwpsn  file "../imported/foc/foc.c",line 32,column 47,is_stmt,address ||foc_set_iq_ref||,isa 0
     743              
     744                      .dwfde $C$DW$CIE, ||foc_set_iq_ref||
     745              $C$DW$33        .dwtag  DW_TAG_formal_parameter
TMS320C2000 Assembler Unix v25.11.0 Sat May 30 20:22:51 2026

Copyright (c) 1996-2018 Texas Instruments Incorporated
foc.asm                                                              PAGE   17

     746                      .dwattr $C$DW$33, DW_AT_name("f")
     747                      .dwattr $C$DW$33, DW_AT_type(*$C$DW$T$41)
     748                      .dwattr $C$DW$33, DW_AT_location[DW_OP_reg12]
     749              
     750              $C$DW$34        .dwtag  DW_TAG_formal_parameter
     751                      .dwattr $C$DW$34, DW_AT_name("iq_pu")
     752                      .dwattr $C$DW$34, DW_AT_type(*$C$DW$T$16)
     753                      .dwattr $C$DW$34, DW_AT_location[DW_OP_regx 0x2b]
     754              
     755              
     756              ;***************************************************************
     757              ;* FNAME: foc_set_iq_ref                FR SIZE:   0           *
     758              ;*                                                             *
     759              ;* FUNCTION ENVIRONMENT                                        *
     760              ;*                                                             *
     761              ;* FUNCTION PROPERTIES                                         *
     762              ;*                            0 Parameter,  0 Auto,  0 SOE     *
     763              ;***************************************************************
     764              
     765              ||foc_set_iq_ref||:
     766              ;* AR4   assigned to f
     767              $C$DW$35        .dwtag  DW_TAG_variable
     768                      .dwattr $C$DW$35, DW_AT_name("f")
     769                      .dwattr $C$DW$35, DW_AT_type(*$C$DW$T$42)
     770                      .dwattr $C$DW$35, DW_AT_location[DW_OP_reg12]
     771              
     772              ;* R0    assigned to iq_pu
     773              $C$DW$36        .dwtag  DW_TAG_variable
     774                      .dwattr $C$DW$36, DW_AT_name("iq_pu")
     775                      .dwattr $C$DW$36, DW_AT_type(*$C$DW$T$55)
     776                      .dwattr $C$DW$36, DW_AT_location[DW_OP_regx 0x2b]
     777              
     778                      .dwcfi  cfa_offset, -2
     779                      .dwcfi  save_reg_to_mem, 26, 0
     780                      .dwpsn  file "../imported/foc/foc.c",line 32,column 49,is_stmt,isa 0
     781 00000000 E203          MOV32     *+XAR4[2],R0H         ; [CPU_FPU] |32| 
         00000001 00D4 
     782              $C$DW$37        .dwtag  DW_TAG_TI_branch
     783                      .dwattr $C$DW$37, DW_AT_low_pc(0x00)
     784                      .dwattr $C$DW$37, DW_AT_TI_return
     785              
     786 00000002 0006          LRETR     ; [CPU_ALU] 
     787                      ; return occurs ; [] 
     788                      .dwattr $C$DW$32, DW_AT_TI_end_file("../imported/foc/foc.c")
     789                      .dwattr $C$DW$32, DW_AT_TI_end_line(0x20)
     790                      .dwattr $C$DW$32, DW_AT_TI_end_column(0x47)
     791                      .dwendentry
     792                      .dwendtag $C$DW$32
     793              
     794 00000000               .sect   ".text:foc_reset"
     795                      .clink
     796                      .global ||foc_reset||
     797              
     798              $C$DW$38        .dwtag  DW_TAG_subprogram
     799                      .dwattr $C$DW$38, DW_AT_name("foc_reset")
TMS320C2000 Assembler Unix v25.11.0 Sat May 30 20:22:51 2026

Copyright (c) 1996-2018 Texas Instruments Incorporated
foc.asm                                                              PAGE   18

     800                      .dwattr $C$DW$38, DW_AT_low_pc(||foc_reset||)
     801                      .dwattr $C$DW$38, DW_AT_high_pc(0x00)
     802                      .dwattr $C$DW$38, DW_AT_linkage_name("foc_reset")
     803                      .dwattr $C$DW$38, DW_AT_external
     804                      .dwattr $C$DW$38, DW_AT_decl_file("../imported/foc/foc.c")
     805                      .dwattr $C$DW$38, DW_AT_decl_line(0x17)
     806                      .dwattr $C$DW$38, DW_AT_decl_column(0x06)
     807                      .dwattr $C$DW$38, DW_AT_TI_max_frame_size(-4)
     808                      .dwpsn  file "../imported/foc/foc.c",line 24,column 1,is_stmt,address ||foc_reset||,isa 0
     809              
     810                      .dwfde $C$DW$CIE, ||foc_reset||
     811              $C$DW$39        .dwtag  DW_TAG_formal_parameter
     812                      .dwattr $C$DW$39, DW_AT_name("f")
     813                      .dwattr $C$DW$39, DW_AT_type(*$C$DW$T$41)
     814                      .dwattr $C$DW$39, DW_AT_location[DW_OP_reg12]
     815              
     816              
     817              ;***************************************************************
     818              ;* FNAME: foc_reset                     FR SIZE:   2           *
     819              ;*                                                             *
     820              ;* FUNCTION ENVIRONMENT                                        *
     821              ;*                                                             *
     822              ;* FUNCTION PROPERTIES                                         *
     823              ;*                            0 Parameter,  0 Auto,  2 SOE     *
     824              ;***************************************************************
     825              
     826              ||foc_reset||:
     827              ;* AR4   assigned to f
     828              $C$DW$40        .dwtag  DW_TAG_variable
     829                      .dwattr $C$DW$40, DW_AT_name("f")
     830                      .dwattr $C$DW$40, DW_AT_type(*$C$DW$T$42)
     831                      .dwattr $C$DW$40, DW_AT_location[DW_OP_reg12]
     832              
     833                      .dwcfi  cfa_offset, -2
     834                      .dwcfi  save_reg_to_mem, 26, 0
     835 00000000 B2BD          MOVL      *SP++,XAR1            ; [CPU_ALU] 
     836                      .dwcfi  save_reg_to_mem, 7, 2
     837                      .dwcfi  cfa_offset, -4
     838                      .dwpsn  file "../imported/foc/pi.h",line 33,column 45,is_stmt,isa 0
     839 00000001 D02E          MOVB      XAR0,#46              ; [CPU_ALU] |33| 
     840 00000002 E590          ZERO      R0H                   ; [CPU_FPU] |33| 
     841 00000003 E591          ZERO      R1H                   ; [CPU_FPU] |33| 
     842 00000004 D138          MOVB      XAR1,#56              ; [CPU_ALU] |33| 
     843 00000005 E203          MOV32     *+XAR4[AR0],R0H       ; [CPU_FPU] |33| 
         00000006 0094 
     844                      .dwpsn  file "../imported/foc/foc.c",line 28,column 5,is_stmt,isa 0
     845 00000007 E203          MOV32     *+XAR4[0],R0H         ; [CPU_FPU] |28| 
         00000008 00C4 
     846                      .dwpsn  file "../imported/foc/foc.c",line 29,column 5,is_stmt,isa 0
     847 00000009 E203          MOV32     *+XAR4[2],R0H         ; [CPU_FPU] |29| 
         0000000a 00D4 
     848                      .dwpsn  file "../imported/foc/pi.h",line 33,column 45,is_stmt,isa 0
     849 0000000b E203          MOV32     *+XAR4[AR1],R1H       ; [CPU_FPU] |33| 
         0000000c 019C 
     850 0000000d D042          MOVB      XAR0,#66              ; [CPU_ALU] |33| 
TMS320C2000 Assembler Unix v25.11.0 Sat May 30 20:22:51 2026

Copyright (c) 1996-2018 Texas Instruments Incorporated
foc.asm                                                              PAGE   19

     851 0000000e E203          MOV32     *+XAR4[AR0],R0H       ; [CPU_FPU] |33| 
         0000000f 0094 
     852 00000010 8BBE          MOVL      XAR1,*--SP            ; [CPU_ALU] 
     853                      .dwcfi  cfa_offset, -2
     854                      .dwcfi  restore_reg, 7
     855              $C$DW$41        .dwtag  DW_TAG_TI_branch
     856                      .dwattr $C$DW$41, DW_AT_low_pc(0x00)
     857                      .dwattr $C$DW$41, DW_AT_TI_return
     858              
     859 00000011 0006          LRETR     ; [CPU_ALU] 
     860                      ; return occurs ; [] 
     861                      .dwattr $C$DW$38, DW_AT_TI_end_file("../imported/foc/foc.c")
     862                      .dwattr $C$DW$38, DW_AT_TI_end_line(0x1e)
     863                      .dwattr $C$DW$38, DW_AT_TI_end_column(0x01)
     864                      .dwendentry
     865                      .dwendtag $C$DW$38
     866              
     867 00000000               .sect   ".text:foc_init"
     868                      .clink
     869                      .global ||foc_init||
     870              
     871              $C$DW$42        .dwtag  DW_TAG_subprogram
     872                      .dwattr $C$DW$42, DW_AT_name("foc_init")
     873                      .dwattr $C$DW$42, DW_AT_low_pc(||foc_init||)
     874                      .dwattr $C$DW$42, DW_AT_high_pc(0x00)
     875                      .dwattr $C$DW$42, DW_AT_linkage_name("foc_init")
     876                      .dwattr $C$DW$42, DW_AT_external
     877                      .dwattr $C$DW$42, DW_AT_decl_file("../imported/foc/foc.c")
     878                      .dwattr $C$DW$42, DW_AT_decl_line(0x08)
     879                      .dwattr $C$DW$42, DW_AT_decl_column(0x06)
     880                      .dwattr $C$DW$42, DW_AT_TI_max_frame_size(-2)
     881                      .dwpsn  file "../imported/foc/foc.c",line 9,column 1,is_stmt,address ||foc_init||,isa 0
     882              
     883                      .dwfde $C$DW$CIE, ||foc_init||
     884              $C$DW$43        .dwtag  DW_TAG_formal_parameter
     885                      .dwattr $C$DW$43, DW_AT_name("f")
     886                      .dwattr $C$DW$43, DW_AT_type(*$C$DW$T$41)
     887                      .dwattr $C$DW$43, DW_AT_location[DW_OP_reg12]
     888              
     889              
     890              ;***************************************************************
     891              ;* FNAME: foc_init                      FR SIZE:   0           *
     892              ;*                                                             *
     893              ;* FUNCTION ENVIRONMENT                                        *
     894              ;*                                                             *
     895              ;* FUNCTION PROPERTIES                                         *
     896              ;*                            0 Parameter,  0 Auto,  0 SOE     *
     897              ;***************************************************************
     898              
     899              ||foc_init||:
     900              ;* AR4   assigned to f
     901              $C$DW$44        .dwtag  DW_TAG_variable
     902                      .dwattr $C$DW$44, DW_AT_name("f")
     903                      .dwattr $C$DW$44, DW_AT_type(*$C$DW$T$42)
     904                      .dwattr $C$DW$44, DW_AT_location[DW_OP_reg12]
TMS320C2000 Assembler Unix v25.11.0 Sat May 30 20:22:51 2026

Copyright (c) 1996-2018 Texas Instruments Incorporated
foc.asm                                                              PAGE   20

     905              
     906                      .dwcfi  cfa_offset, -2
     907                      .dwcfi  save_reg_to_mem, 26, 0
     908                      .dwpsn  file "../imported/foc/pi.h",line 30,column 5,is_stmt,isa 0
     909 00000000 D02E          MOVB      XAR0,#46              ; [CPU_ALU] |30| 
     910 00000001 E590          ZERO      R0H                   ; [CPU_FPU] |30| 
     911 00000002 E203          MOV32     *+XAR4[AR0],R0H       ; [CPU_FPU] |30| 
         00000003 0094 
     912 00000004 D038          MOVB      XAR0,#56              ; [CPU_ALU] |30| 
     913 00000005 E203          MOV32     *+XAR4[AR0],R0H       ; [CPU_FPU] |30| 
         00000006 0094 
     914                      .dwpsn  file "../imported/foc/pi.h",line 28,column 5,is_stmt,isa 0
     915 00000007 D03E          MOVB      XAR0,#62              ; [CPU_ALU] |28| 
     916 00000008 E805          MOVIZ     R0H,#49024            ; [CPU_FPU] |28| 
         00000009 FC00 
     917 0000000a E203          MOV32     *+XAR4[AR0],R0H       ; [CPU_FPU] |28| 
         0000000b 0094 
     918                      .dwpsn  file "../imported/foc/pi.h",line 29,column 5,is_stmt,isa 0
     919 0000000c D040          MOVB      XAR0,#64              ; [CPU_ALU] |29| 
     920 0000000d E590          ZERO      R0H                   ; [CPU_FPU] |29| 
     921 0000000e E203          MOV32     *+XAR4[AR0],R0H       ; [CPU_FPU] |29| 
         0000000f 0094 
     922                      .dwpsn  file "../imported/foc/pi.h",line 30,column 5,is_stmt,isa 0
     923 00000010 D042          MOVB      XAR0,#66              ; [CPU_ALU] |30| 
     924 00000011 E203          MOV32     *+XAR4[AR0],R0H       ; [CPU_FPU] |30| 
         00000012 0094 
     925                      .dwpsn  file "../imported/foc/foc.c",line 18,column 5,is_stmt,isa 0
     926 00000013 D022          MOVB      XAR0,#34              ; [CPU_ALU] |18| 
     927 00000014 E203          MOV32     *+XAR4[AR0],R0H       ; [CPU_FPU] |18| 
         00000015 0094 
     928                      .dwpsn  file "../imported/foc/foc.c",line 19,column 5,is_stmt,isa 0
     929 00000016 D024          MOVB      XAR0,#36              ; [CPU_ALU] |19| 
     930 00000017 E203          MOV32     *+XAR4[AR0],R0H       ; [CPU_FPU] |19| 
         00000018 0094 
     931                      .dwpsn  file "../imported/foc/pi.h",line 26,column 5,is_stmt,isa 0
     932 00000019 D026          MOVB      XAR0,#38              ; [CPU_ALU] |26| 
     933 0000001a E801          MOVIZ     R0H,#16081            ; [CPU_FPU] |26| 
         0000001b F688 
     934 0000001c E80F          MOVXI     R0H,#57575            ; [CPU_FPU] |26| 
         0000001d 0738 
     935 0000001e E203          MOV32     *+XAR4[AR0],R0H       ; [CPU_FPU] |26| 
         0000001f 0094 
     936                      .dwpsn  file "../imported/foc/pi.h",line 27,column 5,is_stmt,isa 0
     937 00000020 D028          MOVB      XAR0,#40              ; [CPU_ALU] |27| 
     938 00000021 E801          MOVIZ     R0H,#15466            ; [CPU_FPU] |27| 
         00000022 E350 
     939 00000023 E80E          MOVXI     R0H,#55591            ; [CPU_FPU] |27| 
         00000024 C938 
     940 00000025 E203          MOV32     *+XAR4[AR0],R0H       ; [CPU_FPU] |27| 
         00000026 0094 
     941                      .dwpsn  file "../imported/foc/pi.h",line 28,column 5,is_stmt,isa 0
     942 00000027 D02A          MOVB      XAR0,#42              ; [CPU_ALU] |28| 
     943 00000028 E805          MOVIZ     R0H,#49011            ; [CPU_FPU] |28| 
         00000029 FB98 
     944 0000002a E809          MOVXI     R0H,#13107            ; [CPU_FPU] |28| 
TMS320C2000 Assembler Unix v25.11.0 Sat May 30 20:22:51 2026

Copyright (c) 1996-2018 Texas Instruments Incorporated
foc.asm                                                              PAGE   21

         0000002b 9998 
     945 0000002c E203          MOV32     *+XAR4[AR0],R0H       ; [CPU_FPU] |28| 
         0000002d 0094 
     946                      .dwpsn  file "../imported/foc/pi.h",line 29,column 5,is_stmt,isa 0
     947 0000002e D02C          MOVB      XAR0,#44              ; [CPU_ALU] |29| 
     948 0000002f E801          MOVIZ     R0H,#16243            ; [CPU_FPU] |29| 
         00000030 FB98 
     949 00000031 E809          MOVXI     R0H,#13107            ; [CPU_FPU] |29| 
         00000032 9998 
     950 00000033 E203          MOV32     *+XAR4[AR0],R0H       ; [CPU_FPU] |29| 
         00000034 0094 
     951                      .dwpsn  file "../imported/foc/pi.h",line 26,column 5,is_stmt,isa 0
     952 00000035 D030          MOVB      XAR0,#48              ; [CPU_ALU] |26| 
     953 00000036 E801          MOVIZ     R0H,#16081            ; [CPU_FPU] |26| 
         00000037 F688 
     954 00000038 E80F          MOVXI     R0H,#57575            ; [CPU_FPU] |26| 
         00000039 0738 
     955 0000003a E203          MOV32     *+XAR4[AR0],R0H       ; [CPU_FPU] |26| 
         0000003b 0094 
     956                      .dwpsn  file "../imported/foc/pi.h",line 27,column 5,is_stmt,isa 0
     957 0000003c D032          MOVB      XAR0,#50              ; [CPU_ALU] |27| 
     958 0000003d E801          MOVIZ     R0H,#15466            ; [CPU_FPU] |27| 
         0000003e E350 
     959 0000003f E80E          MOVXI     R0H,#55591            ; [CPU_FPU] |27| 
         00000040 C938 
     960 00000041 E203          MOV32     *+XAR4[AR0],R0H       ; [CPU_FPU] |27| 
         00000042 0094 
     961                      .dwpsn  file "../imported/foc/pi.h",line 28,column 5,is_stmt,isa 0
     962 00000043 D034          MOVB      XAR0,#52              ; [CPU_ALU] |28| 
     963 00000044 E805          MOVIZ     R0H,#49011            ; [CPU_FPU] |28| 
         00000045 FB98 
     964 00000046 E809          MOVXI     R0H,#13107            ; [CPU_FPU] |28| 
         00000047 9998 
     965 00000048 E203          MOV32     *+XAR4[AR0],R0H       ; [CPU_FPU] |28| 
         00000049 0094 
     966                      .dwpsn  file "../imported/foc/pi.h",line 29,column 5,is_stmt,isa 0
     967 0000004a D036          MOVB      XAR0,#54              ; [CPU_ALU] |29| 
     968 0000004b E801          MOVIZ     R0H,#16243            ; [CPU_FPU] |29| 
         0000004c FB98 
     969 0000004d E809          MOVXI     R0H,#13107            ; [CPU_FPU] |29| 
         0000004e 9998 
     970 0000004f E203          MOV32     *+XAR4[AR0],R0H       ; [CPU_FPU] |29| 
         00000050 0094 
     971                      .dwpsn  file "../imported/foc/pi.h",line 26,column 5,is_stmt,isa 0
     972 00000051 D03A          MOVB      XAR0,#58              ; [CPU_ALU] |26| 
     973 00000052 E801          MOVIZ     R0H,#16096            ; [CPU_FPU] |26| 
         00000053 F700 
     974 00000054 E80E          MOVXI     R0H,#54593            ; [CPU_FPU] |26| 
         00000055 AA08 
     975 00000056 E203          MOV32     *+XAR4[AR0],R0H       ; [CPU_FPU] |26| 
         00000057 0094 
     976                      .dwpsn  file "../imported/foc/foc.c",line 20,column 5,is_stmt,isa 0
     977 00000058 D044          MOVB      XAR0,#68              ; [CPU_ALU] |20| 
     978                      .dwpsn  file "../imported/foc/foc.c",line 15,column 5,is_stmt,isa 0
     979 00000059 E590          ZERO      R0H                   ; [CPU_FPU] |15| 
TMS320C2000 Assembler Unix v25.11.0 Sat May 30 20:22:51 2026

Copyright (c) 1996-2018 Texas Instruments Incorporated
foc.asm                                                              PAGE   22

     980                      .dwpsn  file "../imported/foc/foc.c",line 20,column 5,is_stmt,isa 0
     981 0000005a 2B94          MOV       *+XAR4[AR0],#0        ; [CPU_ALU] |20| 
     982                      .dwpsn  file "../imported/foc/foc.c",line 15,column 5,is_stmt,isa 0
     983 0000005b E203          MOV32     *+XAR4[0],R0H         ; [CPU_FPU] |15| 
         0000005c 00C4 
     984                      .dwpsn  file "../imported/foc/foc.c",line 16,column 5,is_stmt,isa 0
     985 0000005d E203          MOV32     *+XAR4[2],R0H         ; [CPU_FPU] |16| 
         0000005e 00D4 
     986                      .dwpsn  file "../imported/foc/pi.h",line 27,column 5,is_stmt,isa 0
     987 0000005f D03C          MOVB      XAR0,#60              ; [CPU_ALU] |27| 
     988                      .dwpsn  file "../imported/foc/foc.c",line 17,column 5,is_stmt,isa 0
     989 00000060 E801          MOVIZ     R0H,#16243            ; [CPU_FPU] |17| 
         00000061 FB98 
     990 00000062 E809          MOVXI     R0H,#13107            ; [CPU_FPU] |17| 
         00000063 9998 
     991 00000064 E203          MOV32     *+XAR4[4],R0H         ; [CPU_FPU] |17| 
         00000065 00E4 
     992                      .dwpsn  file "../imported/foc/pi.h",line 27,column 5,is_stmt,isa 0
     993 00000066 E801          MOVIZ     R0H,#15679            ; [CPU_FPU] |27| 
         00000067 E9F8 
     994 00000068 E809          MOVXI     R0H,#9701             ; [CPU_FPU] |27| 
         00000069 2F28 
     995 0000006a E203          MOV32     *+XAR4[AR0],R0H       ; [CPU_FPU] |27| 
         0000006b 0094 
     996              $C$DW$45        .dwtag  DW_TAG_TI_branch
     997                      .dwattr $C$DW$45, DW_AT_low_pc(0x00)
     998                      .dwattr $C$DW$45, DW_AT_TI_return
     999              
    1000 0000006c 0006          LRETR     ; [CPU_ALU] 
    1001                      ; return occurs ; [] 
    1002                      .dwattr $C$DW$42, DW_AT_TI_end_file("../imported/foc/foc.c")
    1003                      .dwattr $C$DW$42, DW_AT_TI_end_line(0x15)
    1004                      .dwattr $C$DW$42, DW_AT_TI_end_column(0x01)
    1005                      .dwendentry
    1006                      .dwendtag $C$DW$42
    1007              
    1008 00000000               .sect   ".text:foc_enable_fwc"
    1009                      .clink
    1010                      .global ||foc_enable_fwc||
    1011              
    1012              $C$DW$46        .dwtag  DW_TAG_subprogram
    1013                      .dwattr $C$DW$46, DW_AT_name("foc_enable_fwc")
    1014                      .dwattr $C$DW$46, DW_AT_low_pc(||foc_enable_fwc||)
    1015                      .dwattr $C$DW$46, DW_AT_high_pc(0x00)
    1016                      .dwattr $C$DW$46, DW_AT_linkage_name("foc_enable_fwc")
    1017                      .dwattr $C$DW$46, DW_AT_external
    1018                      .dwattr $C$DW$46, DW_AT_decl_file("../imported/foc/foc.c")
    1019                      .dwattr $C$DW$46, DW_AT_decl_line(0x21)
    1020                      .dwattr $C$DW$46, DW_AT_decl_column(0x06)
    1021                      .dwattr $C$DW$46, DW_AT_TI_max_frame_size(-2)
    1022                      .dwpsn  file "../imported/foc/foc.c",line 34,column 1,is_stmt,address ||foc_enable_fwc||,isa 0
    1023              
    1024                      .dwfde $C$DW$CIE, ||foc_enable_fwc||
    1025              $C$DW$47        .dwtag  DW_TAG_formal_parameter
    1026                      .dwattr $C$DW$47, DW_AT_name("f")
TMS320C2000 Assembler Unix v25.11.0 Sat May 30 20:22:51 2026

Copyright (c) 1996-2018 Texas Instruments Incorporated
foc.asm                                                              PAGE   23

    1027                      .dwattr $C$DW$47, DW_AT_type(*$C$DW$T$41)
    1028                      .dwattr $C$DW$47, DW_AT_location[DW_OP_reg12]
    1029              
    1030              $C$DW$48        .dwtag  DW_TAG_formal_parameter
    1031                      .dwattr $C$DW$48, DW_AT_name("enabled")
    1032                      .dwattr $C$DW$48, DW_AT_type(*$C$DW$T$27)
    1033                      .dwattr $C$DW$48, DW_AT_location[DW_OP_reg0]
    1034              
    1035              
    1036              ;***************************************************************
    1037              ;* FNAME: foc_enable_fwc                FR SIZE:   0           *
    1038              ;*                                                             *
    1039              ;* FUNCTION ENVIRONMENT                                        *
    1040              ;*                                                             *
    1041              ;* FUNCTION PROPERTIES                                         *
    1042              ;*                            0 Parameter,  0 Auto,  0 SOE     *
    1043              ;***************************************************************
    1044              
    1045              ||foc_enable_fwc||:
    1046              ;* AR4   assigned to f
    1047              $C$DW$49        .dwtag  DW_TAG_variable
    1048                      .dwattr $C$DW$49, DW_AT_name("f")
    1049                      .dwattr $C$DW$49, DW_AT_type(*$C$DW$T$42)
    1050                      .dwattr $C$DW$49, DW_AT_location[DW_OP_reg12]
    1051              
    1052              ;* AL    assigned to enabled
    1053              $C$DW$50        .dwtag  DW_TAG_variable
    1054                      .dwattr $C$DW$50, DW_AT_name("enabled")
    1055                      .dwattr $C$DW$50, DW_AT_type(*$C$DW$T$57)
    1056                      .dwattr $C$DW$50, DW_AT_location[DW_OP_reg0]
    1057              
    1058                      .dwcfi  cfa_offset, -2
    1059                      .dwcfi  save_reg_to_mem, 26, 0
    1060                      .dwpsn  file "../imported/foc/foc.c",line 35,column 5,is_stmt,isa 0
    1061 00000000 D044          MOVB      XAR0,#68              ; [CPU_ALU] |35| 
    1062                      .dwpsn  file "../imported/foc/foc.c",line 36,column 5,is_stmt,isa 0
    1063 00000001 5201          CMPB      AL,#1                 ; [CPU_ALU] |36| 
    1064                      .dwpsn  file "../imported/foc/foc.c",line 35,column 5,is_stmt,isa 0
    1065 00000002 9694          MOV       *+XAR4[AR0],AL        ; [CPU_FPU] |35| 
    1066                      .dwpsn  file "../imported/foc/foc.c",line 36,column 5,is_stmt,isa 0
    1067 00000003 6105          B         ||$C$L8||,EQ          ; [CPU_ALU] |36| 
    1068                      ; branchcc occurs ; [] |36| 
    1069                      .dwpsn  file "../imported/foc/pi.h",line 33,column 45,is_stmt,isa 0
    1070 00000004 D042          MOVB      XAR0,#66              ; [CPU_ALU] |33| 
    1071 00000005 E590          ZERO      R0H                   ; [CPU_FPU] |33| 
    1072 00000006 E203          MOV32     *+XAR4[AR0],R0H       ; [CPU_FPU] |33| 
         00000007 0094 
    1073              ||$C$L8||:    
    1074              $C$DW$51        .dwtag  DW_TAG_TI_branch
    1075                      .dwattr $C$DW$51, DW_AT_low_pc(0x00)
    1076                      .dwattr $C$DW$51, DW_AT_TI_return
    1077              
    1078 00000008 0006          LRETR     ; [CPU_ALU] 
    1079                      ; return occurs ; [] 
    1080                      .dwattr $C$DW$46, DW_AT_TI_end_file("../imported/foc/foc.c")
TMS320C2000 Assembler Unix v25.11.0 Sat May 30 20:22:51 2026

Copyright (c) 1996-2018 Texas Instruments Incorporated
foc.asm                                                              PAGE   24

    1081                      .dwattr $C$DW$46, DW_AT_TI_end_line(0x25)
    1082                      .dwattr $C$DW$46, DW_AT_TI_end_column(0x01)
    1083                      .dwendentry
    1084                      .dwendtag $C$DW$46
    1085              
    1086              ;**************************************************************
    1087              ;* UNDEFINED EXTERNAL REFERENCES                              *
    1088              ;**************************************************************
    1089                      .global ||sinf||
    1090                      .global ||cosf||
    1091                      .global ||sqrtf||
    1092                      .global ||__c28xabi_ftod||
    1093              
    1094              ;***************************************************************
    1095              ;* BUILD ATTRIBUTES                                            *
    1096              ;***************************************************************
    1097                      .battr "c28xabi", Tag_File, 1, Tag_float_args(1)
    1098                      .battr "c28xabi", Tag_File, 1, Tag_double_args(1)
    1099                      .dwattr $C$DW$CU, DW_AT_language(DW_LANG_C)
    1100              
    1101              ;***************************************************************
    1102              ;* DWARF CIE ENTRIES                                           *
    1103              ;***************************************************************
    1104              
    1105              $C$DW$CIE       .dwcie 26
    1106                      .dwcfi  cfa_register, 20
    1107                      .dwcfi  cfa_offset, 0
    1108                      .dwcfi  same_value, 28
    1109                      .dwcfi  same_value, 6
    1110                      .dwcfi  same_value, 7
    1111                      .dwcfi  same_value, 8
    1112                      .dwcfi  same_value, 9
    1113                      .dwcfi  same_value, 10
    1114                      .dwcfi  same_value, 11
    1115                      .dwcfi  same_value, 59
    1116                      .dwcfi  same_value, 63
    1117                      .dwcfi  same_value, 67
    1118                      .dwcfi  same_value, 71
    1119                      .dwendentry
    1120                      .dwendtag $C$DW$CU
    1121              
    1122              
    1123              ;***************************************************************
    1124              ;* TYPE INFORMATION                                            *
    1125              ;***************************************************************
    1126              
    1127              $C$DW$TU$19     .dwtag  DW_TAG_type_unit
    1128                      .dwmtype  $C$DW$T$19
    1129              
    1130              $C$DW$T$19      .dwtag  DW_TAG_structure_type
    1131                      .dwattr $C$DW$T$19, DW_AT_byte_size(0x0a)
    1132              $C$DW$52        .dwtag  DW_TAG_member
    1133                      .dwattr $C$DW$52, DW_AT_type(*$C$DW$T$16)
    1134                      .dwattr $C$DW$52, DW_AT_name("kp")
    1135                      .dwattr $C$DW$52, DW_AT_accessibility(DW_ACCESS_public)
TMS320C2000 Assembler Unix v25.11.0 Sat May 30 20:22:51 2026

Copyright (c) 1996-2018 Texas Instruments Incorporated
foc.asm                                                              PAGE   25

    1136                      .dwattr $C$DW$52, DW_AT_decl_file("../imported/foc/pi.h")
    1137                      .dwattr $C$DW$52, DW_AT_decl_line(0x11)
    1138                      .dwattr $C$DW$52, DW_AT_decl_column(0x0b)
    1139              
    1140              $C$DW$53        .dwtag  DW_TAG_member
    1141                      .dwattr $C$DW$53, DW_AT_type(*$C$DW$T$16)
    1142                      .dwattr $C$DW$53, DW_AT_name("ki")
    1143                      .dwattr $C$DW$53, DW_AT_data_member_location[DW_OP_plus_uconst 0x2]
    1144                      .dwattr $C$DW$53, DW_AT_accessibility(DW_ACCESS_public)
    1145                      .dwattr $C$DW$53, DW_AT_decl_file("../imported/foc/pi.h")
    1146                      .dwattr $C$DW$53, DW_AT_decl_line(0x12)
    1147                      .dwattr $C$DW$53, DW_AT_decl_column(0x0b)
    1148              
    1149              $C$DW$54        .dwtag  DW_TAG_member
    1150                      .dwattr $C$DW$54, DW_AT_type(*$C$DW$T$16)
    1151                      .dwattr $C$DW$54, DW_AT_name("u_min")
    1152                      .dwattr $C$DW$54, DW_AT_data_member_location[DW_OP_plus_uconst 0x4]
    1153                      .dwattr $C$DW$54, DW_AT_accessibility(DW_ACCESS_public)
    1154                      .dwattr $C$DW$54, DW_AT_decl_file("../imported/foc/pi.h")
    1155                      .dwattr $C$DW$54, DW_AT_decl_line(0x13)
    1156                      .dwattr $C$DW$54, DW_AT_decl_column(0x0b)
    1157              
    1158              $C$DW$55        .dwtag  DW_TAG_member
    1159                      .dwattr $C$DW$55, DW_AT_type(*$C$DW$T$16)
    1160                      .dwattr $C$DW$55, DW_AT_name("u_max")
    1161                      .dwattr $C$DW$55, DW_AT_data_member_location[DW_OP_plus_uconst 0x6]
    1162                      .dwattr $C$DW$55, DW_AT_accessibility(DW_ACCESS_public)
    1163                      .dwattr $C$DW$55, DW_AT_decl_file("../imported/foc/pi.h")
    1164                      .dwattr $C$DW$55, DW_AT_decl_line(0x14)
    1165                      .dwattr $C$DW$55, DW_AT_decl_column(0x0b)
    1166              
    1167              $C$DW$56        .dwtag  DW_TAG_member
    1168                      .dwattr $C$DW$56, DW_AT_type(*$C$DW$T$16)
    1169                      .dwattr $C$DW$56, DW_AT_name("integ")
    1170                      .dwattr $C$DW$56, DW_AT_data_member_location[DW_OP_plus_uconst 0x8]
    1171                      .dwattr $C$DW$56, DW_AT_accessibility(DW_ACCESS_public)
    1172                      .dwattr $C$DW$56, DW_AT_decl_file("../imported/foc/pi.h")
    1173                      .dwattr $C$DW$56, DW_AT_decl_line(0x15)
    1174                      .dwattr $C$DW$56, DW_AT_decl_column(0x0b)
    1175              
    1176                      .dwattr $C$DW$T$19, DW_AT_decl_file("../imported/foc/pi.h")
    1177                      .dwattr $C$DW$T$19, DW_AT_decl_line(0x10)
    1178                      .dwattr $C$DW$T$19, DW_AT_decl_column(0x10)
    1179                      .dwendtag $C$DW$T$19
    1180              
    1181                      .dwendtag $C$DW$TU$19
    1182              
    1183              
    1184              $C$DW$TU$26     .dwtag  DW_TAG_type_unit
    1185                      .dwmtype  $C$DW$T$26
    1186              $C$DW$T$26      .dwtag  DW_TAG_typedef
    1187                      .dwattr $C$DW$T$26, DW_AT_name("pi_ctrl_t")
    1188                      .dwattr $C$DW$T$26, DW_AT_type(*$C$DW$T$19)
    1189                      .dwattr $C$DW$T$26, DW_AT_decl_file("../imported/foc/pi.h")
    1190                      .dwattr $C$DW$T$26, DW_AT_decl_line(0x16)
TMS320C2000 Assembler Unix v25.11.0 Sat May 30 20:22:51 2026

Copyright (c) 1996-2018 Texas Instruments Incorporated
foc.asm                                                              PAGE   26

    1191                      .dwattr $C$DW$T$26, DW_AT_decl_column(0x03)
    1192              
    1193                      .dwendtag $C$DW$TU$26
    1194              
    1195              
    1196              $C$DW$TU$30     .dwtag  DW_TAG_type_unit
    1197                      .dwmtype  $C$DW$T$30
    1198              $C$DW$T$30      .dwtag  DW_TAG_pointer_type
    1199                      .dwattr $C$DW$T$30, DW_AT_type(*$C$DW$T$26)
    1200                      .dwattr $C$DW$T$30, DW_AT_address_class(0x20)
    1201              
    1202                      .dwendtag $C$DW$TU$30
    1203              
    1204              
    1205              $C$DW$TU$20     .dwtag  DW_TAG_type_unit
    1206                      .dwmtype  $C$DW$T$20
    1207              
    1208              $C$DW$T$20      .dwtag  DW_TAG_structure_type
    1209                      .dwattr $C$DW$T$20, DW_AT_byte_size(0x04)
    1210              $C$DW$57        .dwtag  DW_TAG_member
    1211                      .dwattr $C$DW$57, DW_AT_type(*$C$DW$T$16)
    1212                      .dwattr $C$DW$57, DW_AT_name("alpha")
    1213                      .dwattr $C$DW$57, DW_AT_accessibility(DW_ACCESS_public)
    1214                      .dwattr $C$DW$57, DW_AT_decl_file("../imported/foc/pmsm_types.h")
    1215                      .dwattr $C$DW$57, DW_AT_decl_line(0x08)
    1216                      .dwattr $C$DW$57, DW_AT_decl_column(0x18)
    1217              
    1218              $C$DW$58        .dwtag  DW_TAG_member
    1219                      .dwattr $C$DW$58, DW_AT_type(*$C$DW$T$16)
    1220                      .dwattr $C$DW$58, DW_AT_name("beta")
    1221                      .dwattr $C$DW$58, DW_AT_data_member_location[DW_OP_plus_uconst 0x2]
    1222                      .dwattr $C$DW$58, DW_AT_accessibility(DW_ACCESS_public)
    1223                      .dwattr $C$DW$58, DW_AT_decl_file("../imported/foc/pmsm_types.h")
    1224                      .dwattr $C$DW$58, DW_AT_decl_line(0x08)
    1225                      .dwattr $C$DW$58, DW_AT_decl_column(0x1f)
    1226              
    1227                      .dwattr $C$DW$T$20, DW_AT_decl_file("../imported/foc/pmsm_types.h")
    1228                      .dwattr $C$DW$T$20, DW_AT_decl_line(0x08)
    1229                      .dwattr $C$DW$T$20, DW_AT_decl_column(0x10)
    1230                      .dwendtag $C$DW$T$20
    1231              
    1232                      .dwendtag $C$DW$TU$20
    1233              
    1234              
    1235              $C$DW$TU$24     .dwtag  DW_TAG_type_unit
    1236                      .dwmtype  $C$DW$T$24
    1237              $C$DW$T$24      .dwtag  DW_TAG_typedef
    1238                      .dwattr $C$DW$T$24, DW_AT_name("vec_ab_t")
    1239                      .dwattr $C$DW$T$24, DW_AT_type(*$C$DW$T$20)
    1240                      .dwattr $C$DW$T$24, DW_AT_decl_file("../imported/foc/pmsm_types.h")
    1241                      .dwattr $C$DW$T$24, DW_AT_decl_line(0x08)
    1242                      .dwattr $C$DW$T$24, DW_AT_decl_column(0x27)
    1243              
    1244                      .dwendtag $C$DW$TU$24
    1245              
TMS320C2000 Assembler Unix v25.11.0 Sat May 30 20:22:51 2026

Copyright (c) 1996-2018 Texas Instruments Incorporated
foc.asm                                                              PAGE   27

    1246              
    1247              $C$DW$TU$21     .dwtag  DW_TAG_type_unit
    1248                      .dwmtype  $C$DW$T$21
    1249              
    1250              $C$DW$T$21      .dwtag  DW_TAG_structure_type
    1251                      .dwattr $C$DW$T$21, DW_AT_byte_size(0x06)
    1252              $C$DW$59        .dwtag  DW_TAG_member
    1253                      .dwattr $C$DW$59, DW_AT_type(*$C$DW$T$16)
    1254                      .dwattr $C$DW$59, DW_AT_name("a")
    1255                      .dwattr $C$DW$59, DW_AT_accessibility(DW_ACCESS_public)
    1256                      .dwattr $C$DW$59, DW_AT_decl_file("../imported/foc/pmsm_types.h")
    1257                      .dwattr $C$DW$59, DW_AT_decl_line(0x07)
    1258                      .dwattr $C$DW$59, DW_AT_decl_column(0x18)
    1259              
    1260              $C$DW$60        .dwtag  DW_TAG_member
    1261                      .dwattr $C$DW$60, DW_AT_type(*$C$DW$T$16)
    1262                      .dwattr $C$DW$60, DW_AT_name("b")
    1263                      .dwattr $C$DW$60, DW_AT_data_member_location[DW_OP_plus_uconst 0x2]
    1264                      .dwattr $C$DW$60, DW_AT_accessibility(DW_ACCESS_public)
    1265                      .dwattr $C$DW$60, DW_AT_decl_file("../imported/foc/pmsm_types.h")
    1266                      .dwattr $C$DW$60, DW_AT_decl_line(0x07)
    1267                      .dwattr $C$DW$60, DW_AT_decl_column(0x1b)
    1268              
    1269              $C$DW$61        .dwtag  DW_TAG_member
    1270                      .dwattr $C$DW$61, DW_AT_type(*$C$DW$T$16)
    1271                      .dwattr $C$DW$61, DW_AT_name("c")
    1272                      .dwattr $C$DW$61, DW_AT_data_member_location[DW_OP_plus_uconst 0x4]
    1273                      .dwattr $C$DW$61, DW_AT_accessibility(DW_ACCESS_public)
    1274                      .dwattr $C$DW$61, DW_AT_decl_file("../imported/foc/pmsm_types.h")
    1275                      .dwattr $C$DW$61, DW_AT_decl_line(0x07)
    1276                      .dwattr $C$DW$61, DW_AT_decl_column(0x1e)
    1277              
    1278                      .dwattr $C$DW$T$21, DW_AT_decl_file("../imported/foc/pmsm_types.h")
    1279                      .dwattr $C$DW$T$21, DW_AT_decl_line(0x07)
    1280                      .dwattr $C$DW$T$21, DW_AT_decl_column(0x10)
    1281                      .dwendtag $C$DW$T$21
    1282              
    1283                      .dwendtag $C$DW$TU$21
    1284              
    1285              
    1286              $C$DW$TU$23     .dwtag  DW_TAG_type_unit
    1287                      .dwmtype  $C$DW$T$23
    1288              $C$DW$T$23      .dwtag  DW_TAG_typedef
    1289                      .dwattr $C$DW$T$23, DW_AT_name("vec_abc_t")
    1290                      .dwattr $C$DW$T$23, DW_AT_type(*$C$DW$T$21)
    1291                      .dwattr $C$DW$T$23, DW_AT_decl_file("../imported/foc/pmsm_types.h")
    1292                      .dwattr $C$DW$T$23, DW_AT_decl_line(0x07)
    1293                      .dwattr $C$DW$T$23, DW_AT_decl_column(0x23)
    1294              
    1295                      .dwendtag $C$DW$TU$23
    1296              
    1297              
    1298              $C$DW$TU$22     .dwtag  DW_TAG_type_unit
    1299                      .dwmtype  $C$DW$T$22
    1300              
TMS320C2000 Assembler Unix v25.11.0 Sat May 30 20:22:51 2026

Copyright (c) 1996-2018 Texas Instruments Incorporated
foc.asm                                                              PAGE   28

    1301              $C$DW$T$22      .dwtag  DW_TAG_structure_type
    1302                      .dwattr $C$DW$T$22, DW_AT_byte_size(0x04)
    1303              $C$DW$62        .dwtag  DW_TAG_member
    1304                      .dwattr $C$DW$62, DW_AT_type(*$C$DW$T$16)
    1305                      .dwattr $C$DW$62, DW_AT_name("d")
    1306                      .dwattr $C$DW$62, DW_AT_accessibility(DW_ACCESS_public)
    1307                      .dwattr $C$DW$62, DW_AT_decl_file("../imported/foc/pmsm_types.h")
    1308                      .dwattr $C$DW$62, DW_AT_decl_line(0x09)
    1309                      .dwattr $C$DW$62, DW_AT_decl_column(0x18)
    1310              
    1311              $C$DW$63        .dwtag  DW_TAG_member
    1312                      .dwattr $C$DW$63, DW_AT_type(*$C$DW$T$16)
    1313                      .dwattr $C$DW$63, DW_AT_name("q")
    1314                      .dwattr $C$DW$63, DW_AT_data_member_location[DW_OP_plus_uconst 0x2]
    1315                      .dwattr $C$DW$63, DW_AT_accessibility(DW_ACCESS_public)
    1316                      .dwattr $C$DW$63, DW_AT_decl_file("../imported/foc/pmsm_types.h")
    1317                      .dwattr $C$DW$63, DW_AT_decl_line(0x09)
    1318                      .dwattr $C$DW$63, DW_AT_decl_column(0x1b)
    1319              
    1320                      .dwattr $C$DW$T$22, DW_AT_decl_file("../imported/foc/pmsm_types.h")
    1321                      .dwattr $C$DW$T$22, DW_AT_decl_line(0x09)
    1322                      .dwattr $C$DW$T$22, DW_AT_decl_column(0x10)
    1323                      .dwendtag $C$DW$T$22
    1324              
    1325                      .dwendtag $C$DW$TU$22
    1326              
    1327              
    1328              $C$DW$TU$25     .dwtag  DW_TAG_type_unit
    1329                      .dwmtype  $C$DW$T$25
    1330              $C$DW$T$25      .dwtag  DW_TAG_typedef
    1331                      .dwattr $C$DW$T$25, DW_AT_name("vec_dq_t")
    1332                      .dwattr $C$DW$T$25, DW_AT_type(*$C$DW$T$22)
    1333                      .dwattr $C$DW$T$25, DW_AT_decl_file("../imported/foc/pmsm_types.h")
    1334                      .dwattr $C$DW$T$25, DW_AT_decl_line(0x09)
    1335                      .dwattr $C$DW$T$25, DW_AT_decl_column(0x20)
    1336              
    1337                      .dwendtag $C$DW$TU$25
    1338              
    1339              
    1340              $C$DW$TU$28     .dwtag  DW_TAG_type_unit
    1341                      .dwmtype  $C$DW$T$28
    1342              
    1343              $C$DW$T$28      .dwtag  DW_TAG_structure_type
    1344                      .dwattr $C$DW$T$28, DW_AT_byte_size(0x46)
    1345              $C$DW$64        .dwtag  DW_TAG_member
    1346                      .dwattr $C$DW$64, DW_AT_type(*$C$DW$T$16)
    1347                      .dwattr $C$DW$64, DW_AT_name("id_ref_pu")
    1348                      .dwattr $C$DW$64, DW_AT_accessibility(DW_ACCESS_public)
    1349                      .dwattr $C$DW$64, DW_AT_decl_file("../imported/foc/foc.h")
    1350                      .dwattr $C$DW$64, DW_AT_decl_line(0x09)
    1351                      .dwattr $C$DW$64, DW_AT_decl_column(0x0b)
    1352              
    1353              $C$DW$65        .dwtag  DW_TAG_member
    1354                      .dwattr $C$DW$65, DW_AT_type(*$C$DW$T$16)
    1355                      .dwattr $C$DW$65, DW_AT_name("iq_ref_pu")
TMS320C2000 Assembler Unix v25.11.0 Sat May 30 20:22:51 2026

Copyright (c) 1996-2018 Texas Instruments Incorporated
foc.asm                                                              PAGE   29

    1356                      .dwattr $C$DW$65, DW_AT_data_member_location[DW_OP_plus_uconst 0x2]
    1357                      .dwattr $C$DW$65, DW_AT_accessibility(DW_ACCESS_public)
    1358                      .dwattr $C$DW$65, DW_AT_decl_file("../imported/foc/foc.h")
    1359                      .dwattr $C$DW$65, DW_AT_decl_line(0x0a)
    1360                      .dwattr $C$DW$65, DW_AT_decl_column(0x0b)
    1361              
    1362              $C$DW$66        .dwtag  DW_TAG_member
    1363                      .dwattr $C$DW$66, DW_AT_type(*$C$DW$T$16)
    1364                      .dwattr $C$DW$66, DW_AT_name("v_max_pu")
    1365                      .dwattr $C$DW$66, DW_AT_data_member_location[DW_OP_plus_uconst 0x4]
    1366                      .dwattr $C$DW$66, DW_AT_accessibility(DW_ACCESS_public)
    1367                      .dwattr $C$DW$66, DW_AT_decl_file("../imported/foc/foc.h")
    1368                      .dwattr $C$DW$66, DW_AT_decl_line(0x0b)
    1369                      .dwattr $C$DW$66, DW_AT_decl_column(0x0b)
    1370              
    1371              $C$DW$67        .dwtag  DW_TAG_member
    1372                      .dwattr $C$DW$67, DW_AT_type(*$C$DW$T$23)
    1373                      .dwattr $C$DW$67, DW_AT_name("i_abc_pu")
    1374                      .dwattr $C$DW$67, DW_AT_data_member_location[DW_OP_plus_uconst 0x6]
    1375                      .dwattr $C$DW$67, DW_AT_accessibility(DW_ACCESS_public)
    1376                      .dwattr $C$DW$67, DW_AT_decl_file("../imported/foc/foc.h")
    1377                      .dwattr $C$DW$67, DW_AT_decl_line(0x0e)
    1378                      .dwattr $C$DW$67, DW_AT_decl_column(0x0f)
    1379              
    1380              $C$DW$68        .dwtag  DW_TAG_member
    1381                      .dwattr $C$DW$68, DW_AT_type(*$C$DW$T$24)
    1382                      .dwattr $C$DW$68, DW_AT_name("i_ab_pu")
    1383                      .dwattr $C$DW$68, DW_AT_data_member_location[DW_OP_plus_uconst 0xc]
    1384                      .dwattr $C$DW$68, DW_AT_accessibility(DW_ACCESS_public)
    1385                      .dwattr $C$DW$68, DW_AT_decl_file("../imported/foc/foc.h")
    1386                      .dwattr $C$DW$68, DW_AT_decl_line(0x0f)
    1387                      .dwattr $C$DW$68, DW_AT_decl_column(0x0f)
    1388              
    1389              $C$DW$69        .dwtag  DW_TAG_member
    1390                      .dwattr $C$DW$69, DW_AT_type(*$C$DW$T$25)
    1391                      .dwattr $C$DW$69, DW_AT_name("i_dq_pu")
    1392                      .dwattr $C$DW$69, DW_AT_data_member_location[DW_OP_plus_uconst 0x10]
    1393                      .dwattr $C$DW$69, DW_AT_accessibility(DW_ACCESS_public)
    1394                      .dwattr $C$DW$69, DW_AT_decl_file("../imported/foc/foc.h")
    1395                      .dwattr $C$DW$69, DW_AT_decl_line(0x10)
    1396                      .dwattr $C$DW$69, DW_AT_decl_column(0x0f)
    1397              
    1398              $C$DW$70        .dwtag  DW_TAG_member
    1399                      .dwattr $C$DW$70, DW_AT_type(*$C$DW$T$25)
    1400                      .dwattr $C$DW$70, DW_AT_name("v_dq_pu")
    1401                      .dwattr $C$DW$70, DW_AT_data_member_location[DW_OP_plus_uconst 0x14]
    1402                      .dwattr $C$DW$70, DW_AT_accessibility(DW_ACCESS_public)
    1403                      .dwattr $C$DW$70, DW_AT_decl_file("../imported/foc/foc.h")
    1404                      .dwattr $C$DW$70, DW_AT_decl_line(0x11)
    1405                      .dwattr $C$DW$70, DW_AT_decl_column(0x0f)
    1406              
    1407              $C$DW$71        .dwtag  DW_TAG_member
    1408                      .dwattr $C$DW$71, DW_AT_type(*$C$DW$T$24)
    1409                      .dwattr $C$DW$71, DW_AT_name("v_ab_pu")
    1410                      .dwattr $C$DW$71, DW_AT_data_member_location[DW_OP_plus_uconst 0x18]
TMS320C2000 Assembler Unix v25.11.0 Sat May 30 20:22:51 2026

Copyright (c) 1996-2018 Texas Instruments Incorporated
foc.asm                                                              PAGE   30

    1411                      .dwattr $C$DW$71, DW_AT_accessibility(DW_ACCESS_public)
    1412                      .dwattr $C$DW$71, DW_AT_decl_file("../imported/foc/foc.h")
    1413                      .dwattr $C$DW$71, DW_AT_decl_line(0x12)
    1414                      .dwattr $C$DW$71, DW_AT_decl_column(0x0f)
    1415              
    1416              $C$DW$72        .dwtag  DW_TAG_member
    1417                      .dwattr $C$DW$72, DW_AT_type(*$C$DW$T$23)
    1418                      .dwattr $C$DW$72, DW_AT_name("duty")
    1419                      .dwattr $C$DW$72, DW_AT_data_member_location[DW_OP_plus_uconst 0x1c]
    1420                      .dwattr $C$DW$72, DW_AT_accessibility(DW_ACCESS_public)
    1421                      .dwattr $C$DW$72, DW_AT_decl_file("../imported/foc/foc.h")
    1422                      .dwattr $C$DW$72, DW_AT_decl_line(0x13)
    1423                      .dwattr $C$DW$72, DW_AT_decl_column(0x0f)
    1424              
    1425              $C$DW$73        .dwtag  DW_TAG_member
    1426                      .dwattr $C$DW$73, DW_AT_type(*$C$DW$T$16)
    1427                      .dwattr $C$DW$73, DW_AT_name("theta_e")
    1428                      .dwattr $C$DW$73, DW_AT_data_member_location[DW_OP_plus_uconst 0x22]
    1429                      .dwattr $C$DW$73, DW_AT_accessibility(DW_ACCESS_public)
    1430                      .dwattr $C$DW$73, DW_AT_decl_file("../imported/foc/foc.h")
    1431                      .dwattr $C$DW$73, DW_AT_decl_line(0x15)
    1432                      .dwattr $C$DW$73, DW_AT_decl_column(0x0b)
    1433              
    1434              $C$DW$74        .dwtag  DW_TAG_member
    1435                      .dwattr $C$DW$74, DW_AT_type(*$C$DW$T$16)
    1436                      .dwattr $C$DW$74, DW_AT_name("v_mag_pu")
    1437                      .dwattr $C$DW$74, DW_AT_data_member_location[DW_OP_plus_uconst 0x24]
    1438                      .dwattr $C$DW$74, DW_AT_accessibility(DW_ACCESS_public)
    1439                      .dwattr $C$DW$74, DW_AT_decl_file("../imported/foc/foc.h")
    1440                      .dwattr $C$DW$74, DW_AT_decl_line(0x16)
    1441                      .dwattr $C$DW$74, DW_AT_decl_column(0x0b)
    1442              
    1443              $C$DW$75        .dwtag  DW_TAG_member
    1444                      .dwattr $C$DW$75, DW_AT_type(*$C$DW$T$26)
    1445                      .dwattr $C$DW$75, DW_AT_name("pi_id")
    1446                      .dwattr $C$DW$75, DW_AT_data_member_location[DW_OP_plus_uconst 0x26]
    1447                      .dwattr $C$DW$75, DW_AT_accessibility(DW_ACCESS_public)
    1448                      .dwattr $C$DW$75, DW_AT_decl_file("../imported/foc/foc.h")
    1449                      .dwattr $C$DW$75, DW_AT_decl_line(0x19)
    1450                      .dwattr $C$DW$75, DW_AT_decl_column(0x0f)
    1451              
    1452              $C$DW$76        .dwtag  DW_TAG_member
    1453                      .dwattr $C$DW$76, DW_AT_type(*$C$DW$T$26)
    1454                      .dwattr $C$DW$76, DW_AT_name("pi_iq")
    1455                      .dwattr $C$DW$76, DW_AT_data_member_location[DW_OP_plus_uconst 0x30]
    1456                      .dwattr $C$DW$76, DW_AT_accessibility(DW_ACCESS_public)
    1457                      .dwattr $C$DW$76, DW_AT_decl_file("../imported/foc/foc.h")
    1458                      .dwattr $C$DW$76, DW_AT_decl_line(0x1a)
    1459                      .dwattr $C$DW$76, DW_AT_decl_column(0x0f)
    1460              
    1461              $C$DW$77        .dwtag  DW_TAG_member
    1462                      .dwattr $C$DW$77, DW_AT_type(*$C$DW$T$26)
    1463                      .dwattr $C$DW$77, DW_AT_name("pi_fwc")
    1464                      .dwattr $C$DW$77, DW_AT_data_member_location[DW_OP_plus_uconst 0x3a]
    1465                      .dwattr $C$DW$77, DW_AT_accessibility(DW_ACCESS_public)
TMS320C2000 Assembler Unix v25.11.0 Sat May 30 20:22:51 2026

Copyright (c) 1996-2018 Texas Instruments Incorporated
foc.asm                                                              PAGE   31

    1466                      .dwattr $C$DW$77, DW_AT_decl_file("../imported/foc/foc.h")
    1467                      .dwattr $C$DW$77, DW_AT_decl_line(0x1b)
    1468                      .dwattr $C$DW$77, DW_AT_decl_column(0x0f)
    1469              
    1470              $C$DW$78        .dwtag  DW_TAG_member
    1471                      .dwattr $C$DW$78, DW_AT_type(*$C$DW$T$27)
    1472                      .dwattr $C$DW$78, DW_AT_name("fwc_enabled")
    1473                      .dwattr $C$DW$78, DW_AT_data_member_location[DW_OP_plus_uconst 0x44]
    1474                      .dwattr $C$DW$78, DW_AT_accessibility(DW_ACCESS_public)
    1475                      .dwattr $C$DW$78, DW_AT_decl_file("../imported/foc/foc.h")
    1476                      .dwattr $C$DW$78, DW_AT_decl_line(0x1c)
    1477                      .dwattr $C$DW$78, DW_AT_decl_column(0x0f)
    1478              
    1479                      .dwattr $C$DW$T$28, DW_AT_decl_file("../imported/foc/foc.h")
    1480                      .dwattr $C$DW$T$28, DW_AT_decl_line(0x07)
    1481                      .dwattr $C$DW$T$28, DW_AT_decl_column(0x10)
    1482                      .dwendtag $C$DW$T$28
    1483              
    1484                      .dwendtag $C$DW$TU$28
    1485              
    1486              
    1487              $C$DW$TU$40     .dwtag  DW_TAG_type_unit
    1488                      .dwmtype  $C$DW$T$40
    1489              $C$DW$T$40      .dwtag  DW_TAG_typedef
    1490                      .dwattr $C$DW$T$40, DW_AT_name("foc_t")
    1491                      .dwattr $C$DW$T$40, DW_AT_type(*$C$DW$T$28)
    1492                      .dwattr $C$DW$T$40, DW_AT_decl_file("../imported/foc/foc.h")
    1493                      .dwattr $C$DW$T$40, DW_AT_decl_line(0x1d)
    1494                      .dwattr $C$DW$T$40, DW_AT_decl_column(0x03)
    1495              
    1496                      .dwendtag $C$DW$TU$40
    1497              
    1498              
    1499              $C$DW$TU$41     .dwtag  DW_TAG_type_unit
    1500                      .dwmtype  $C$DW$T$41
    1501              $C$DW$T$41      .dwtag  DW_TAG_pointer_type
    1502                      .dwattr $C$DW$T$41, DW_AT_type(*$C$DW$T$40)
    1503                      .dwattr $C$DW$T$41, DW_AT_address_class(0x20)
    1504              
    1505                      .dwendtag $C$DW$TU$41
    1506              
    1507              
    1508              $C$DW$TU$42     .dwtag  DW_TAG_type_unit
    1509                      .dwmtype  $C$DW$T$42
    1510              $C$DW$79        .dwtag  DW_TAG_TI_far_type
    1511                      .dwattr $C$DW$79, DW_AT_type(*$C$DW$T$41)
    1512              
    1513              $C$DW$T$42      .dwtag  DW_TAG_const_type
    1514                      .dwattr $C$DW$T$42, DW_AT_type(*$C$DW$79)
    1515              
    1516                      .dwendtag $C$DW$TU$42
    1517              
    1518              
    1519              $C$DW$TU$2      .dwtag  DW_TAG_type_unit
    1520                      .dwmtype  $C$DW$T$2
TMS320C2000 Assembler Unix v25.11.0 Sat May 30 20:22:51 2026

Copyright (c) 1996-2018 Texas Instruments Incorporated
foc.asm                                                              PAGE   32

    1521              $C$DW$T$2       .dwtag  DW_TAG_unspecified_type
    1522                      .dwattr $C$DW$T$2, DW_AT_name("void")
    1523              
    1524                      .dwendtag $C$DW$TU$2
    1525              
    1526              
    1527              $C$DW$TU$4      .dwtag  DW_TAG_type_unit
    1528                      .dwmtype  $C$DW$T$4
    1529              $C$DW$T$4       .dwtag  DW_TAG_base_type
    1530                      .dwattr $C$DW$T$4, DW_AT_encoding(DW_ATE_boolean)
    1531                      .dwattr $C$DW$T$4, DW_AT_name("bool")
    1532                      .dwattr $C$DW$T$4, DW_AT_byte_size(0x01)
    1533              
    1534                      .dwendtag $C$DW$TU$4
    1535              
    1536              
    1537              $C$DW$TU$5      .dwtag  DW_TAG_type_unit
    1538                      .dwmtype  $C$DW$T$5
    1539              $C$DW$T$5       .dwtag  DW_TAG_base_type
    1540                      .dwattr $C$DW$T$5, DW_AT_encoding(DW_ATE_signed_char)
    1541                      .dwattr $C$DW$T$5, DW_AT_name("signed char")
    1542                      .dwattr $C$DW$T$5, DW_AT_byte_size(0x01)
    1543              
    1544                      .dwendtag $C$DW$TU$5
    1545              
    1546              
    1547              $C$DW$TU$6      .dwtag  DW_TAG_type_unit
    1548                      .dwmtype  $C$DW$T$6
    1549              $C$DW$T$6       .dwtag  DW_TAG_base_type
    1550                      .dwattr $C$DW$T$6, DW_AT_encoding(DW_ATE_unsigned_char)
    1551                      .dwattr $C$DW$T$6, DW_AT_name("unsigned char")
    1552                      .dwattr $C$DW$T$6, DW_AT_byte_size(0x01)
    1553              
    1554                      .dwendtag $C$DW$TU$6
    1555              
    1556              
    1557              $C$DW$TU$7      .dwtag  DW_TAG_type_unit
    1558                      .dwmtype  $C$DW$T$7
    1559              $C$DW$T$7       .dwtag  DW_TAG_base_type
    1560                      .dwattr $C$DW$T$7, DW_AT_encoding(DW_ATE_signed_char)
    1561                      .dwattr $C$DW$T$7, DW_AT_name("wchar_t")
    1562                      .dwattr $C$DW$T$7, DW_AT_byte_size(0x02)
    1563              
    1564                      .dwendtag $C$DW$TU$7
    1565              
    1566              
    1567              $C$DW$TU$8      .dwtag  DW_TAG_type_unit
    1568                      .dwmtype  $C$DW$T$8
    1569              $C$DW$T$8       .dwtag  DW_TAG_base_type
    1570                      .dwattr $C$DW$T$8, DW_AT_encoding(DW_ATE_signed)
    1571                      .dwattr $C$DW$T$8, DW_AT_name("short")
    1572                      .dwattr $C$DW$T$8, DW_AT_byte_size(0x01)
    1573              
    1574                      .dwendtag $C$DW$TU$8
    1575              
TMS320C2000 Assembler Unix v25.11.0 Sat May 30 20:22:51 2026

Copyright (c) 1996-2018 Texas Instruments Incorporated
foc.asm                                                              PAGE   33

    1576              
    1577              $C$DW$TU$9      .dwtag  DW_TAG_type_unit
    1578                      .dwmtype  $C$DW$T$9
    1579              $C$DW$T$9       .dwtag  DW_TAG_base_type
    1580                      .dwattr $C$DW$T$9, DW_AT_encoding(DW_ATE_unsigned)
    1581                      .dwattr $C$DW$T$9, DW_AT_name("unsigned short")
    1582                      .dwattr $C$DW$T$9, DW_AT_byte_size(0x01)
    1583              
    1584                      .dwendtag $C$DW$TU$9
    1585              
    1586              
    1587              $C$DW$TU$10     .dwtag  DW_TAG_type_unit
    1588                      .dwmtype  $C$DW$T$10
    1589              $C$DW$T$10      .dwtag  DW_TAG_base_type
    1590                      .dwattr $C$DW$T$10, DW_AT_encoding(DW_ATE_signed)
    1591                      .dwattr $C$DW$T$10, DW_AT_name("int")
    1592                      .dwattr $C$DW$T$10, DW_AT_byte_size(0x01)
    1593              
    1594                      .dwendtag $C$DW$TU$10
    1595              
    1596              
    1597              $C$DW$TU$11     .dwtag  DW_TAG_type_unit
    1598                      .dwmtype  $C$DW$T$11
    1599              $C$DW$T$11      .dwtag  DW_TAG_base_type
    1600                      .dwattr $C$DW$T$11, DW_AT_encoding(DW_ATE_unsigned)
    1601                      .dwattr $C$DW$T$11, DW_AT_name("unsigned int")
    1602                      .dwattr $C$DW$T$11, DW_AT_byte_size(0x01)
    1603              
    1604                      .dwendtag $C$DW$TU$11
    1605              
    1606              
    1607              $C$DW$TU$12     .dwtag  DW_TAG_type_unit
    1608                      .dwmtype  $C$DW$T$12
    1609              $C$DW$T$12      .dwtag  DW_TAG_base_type
    1610                      .dwattr $C$DW$T$12, DW_AT_encoding(DW_ATE_signed)
    1611                      .dwattr $C$DW$T$12, DW_AT_name("long")
    1612                      .dwattr $C$DW$T$12, DW_AT_byte_size(0x02)
    1613              
    1614                      .dwendtag $C$DW$TU$12
    1615              
    1616              
    1617              $C$DW$TU$13     .dwtag  DW_TAG_type_unit
    1618                      .dwmtype  $C$DW$T$13
    1619              $C$DW$T$13      .dwtag  DW_TAG_base_type
    1620                      .dwattr $C$DW$T$13, DW_AT_encoding(DW_ATE_unsigned)
    1621                      .dwattr $C$DW$T$13, DW_AT_name("unsigned long")
    1622                      .dwattr $C$DW$T$13, DW_AT_byte_size(0x02)
    1623              
    1624                      .dwendtag $C$DW$TU$13
    1625              
    1626              
    1627              $C$DW$TU$14     .dwtag  DW_TAG_type_unit
    1628                      .dwmtype  $C$DW$T$14
    1629              $C$DW$T$14      .dwtag  DW_TAG_base_type
    1630                      .dwattr $C$DW$T$14, DW_AT_encoding(DW_ATE_signed)
TMS320C2000 Assembler Unix v25.11.0 Sat May 30 20:22:51 2026

Copyright (c) 1996-2018 Texas Instruments Incorporated
foc.asm                                                              PAGE   34

    1631                      .dwattr $C$DW$T$14, DW_AT_name("long long")
    1632                      .dwattr $C$DW$T$14, DW_AT_byte_size(0x04)
    1633              
    1634                      .dwendtag $C$DW$TU$14
    1635              
    1636              
    1637              $C$DW$TU$15     .dwtag  DW_TAG_type_unit
    1638                      .dwmtype  $C$DW$T$15
    1639              $C$DW$T$15      .dwtag  DW_TAG_base_type
    1640                      .dwattr $C$DW$T$15, DW_AT_encoding(DW_ATE_unsigned)
    1641                      .dwattr $C$DW$T$15, DW_AT_name("unsigned long long")
    1642                      .dwattr $C$DW$T$15, DW_AT_byte_size(0x04)
    1643              
    1644                      .dwendtag $C$DW$TU$15
    1645              
    1646              
    1647              $C$DW$TU$16     .dwtag  DW_TAG_type_unit
    1648                      .dwmtype  $C$DW$T$16
    1649              $C$DW$T$16      .dwtag  DW_TAG_base_type
    1650                      .dwattr $C$DW$T$16, DW_AT_encoding(DW_ATE_float)
    1651                      .dwattr $C$DW$T$16, DW_AT_name("float")
    1652                      .dwattr $C$DW$T$16, DW_AT_byte_size(0x02)
    1653              
    1654                      .dwendtag $C$DW$TU$16
    1655              
    1656              
    1657              $C$DW$TU$55     .dwtag  DW_TAG_type_unit
    1658                      .dwmtype  $C$DW$T$55
    1659              $C$DW$80        .dwtag  DW_TAG_TI_far_type
    1660                      .dwattr $C$DW$80, DW_AT_type(*$C$DW$T$16)
    1661              
    1662              $C$DW$T$55      .dwtag  DW_TAG_const_type
    1663                      .dwattr $C$DW$T$55, DW_AT_type(*$C$DW$80)
    1664              
    1665                      .dwendtag $C$DW$TU$55
    1666              
    1667              
    1668              $C$DW$TU$17     .dwtag  DW_TAG_type_unit
    1669                      .dwmtype  $C$DW$T$17
    1670              $C$DW$T$17      .dwtag  DW_TAG_base_type
    1671                      .dwattr $C$DW$T$17, DW_AT_encoding(DW_ATE_float)
    1672                      .dwattr $C$DW$T$17, DW_AT_name("double")
    1673                      .dwattr $C$DW$T$17, DW_AT_byte_size(0x04)
    1674              
    1675                      .dwendtag $C$DW$TU$17
    1676              
    1677              
    1678              $C$DW$TU$18     .dwtag  DW_TAG_type_unit
    1679                      .dwmtype  $C$DW$T$18
    1680              $C$DW$T$18      .dwtag  DW_TAG_base_type
    1681                      .dwattr $C$DW$T$18, DW_AT_encoding(DW_ATE_float)
    1682                      .dwattr $C$DW$T$18, DW_AT_name("long double")
    1683                      .dwattr $C$DW$T$18, DW_AT_byte_size(0x04)
    1684              
    1685                      .dwendtag $C$DW$TU$18
TMS320C2000 Assembler Unix v25.11.0 Sat May 30 20:22:51 2026

Copyright (c) 1996-2018 Texas Instruments Incorporated
foc.asm                                                              PAGE   35

    1686              
    1687              
    1688              $C$DW$TU$27     .dwtag  DW_TAG_type_unit
    1689                      .dwmtype  $C$DW$T$27
    1690              $C$DW$T$27      .dwtag  DW_TAG_base_type
    1691                      .dwattr $C$DW$T$27, DW_AT_encoding(DW_ATE_unsigned_char)
    1692                      .dwattr $C$DW$T$27, DW_AT_name("unsigned char")
    1693                      .dwattr $C$DW$T$27, DW_AT_byte_size(0x01)
    1694              
    1695                      .dwendtag $C$DW$TU$27
    1696              
    1697              
    1698              $C$DW$TU$57     .dwtag  DW_TAG_type_unit
    1699                      .dwmtype  $C$DW$T$57
    1700              $C$DW$81        .dwtag  DW_TAG_TI_far_type
    1701                      .dwattr $C$DW$81, DW_AT_type(*$C$DW$T$27)
    1702              
    1703              $C$DW$T$57      .dwtag  DW_TAG_const_type
    1704                      .dwattr $C$DW$T$57, DW_AT_type(*$C$DW$81)
    1705              
    1706                      .dwendtag $C$DW$TU$57
    1707              

No Assembly Errors, No Assembly Warnings
