TMS320C2000 Assembler Unix v25.11.0 Sat May 30 20:16:39 2026

Copyright (c) 1996-2018 Texas Instruments Incorporated
device.asm                                                           PAGE    1

       1              ;***************************************************************
       2              ;* TMS320C2000 G3 C/C++ Codegen                         Unix v25.11.0.LTS *
       3              ;* Date/Time created: Sat May 30 20:16:39 2026                 *
       4              ;***************************************************************
       5                      .compiler_opts --abi=eabi --cla_support=cla1 --diag_wrap=off --float_support=fpu32 --hll_source=on --
       6                      .asg    XAR2, FP
       7              
       8              $C$DW$CU        .dwtag  DW_TAG_compile_unit
       9                      .dwattr $C$DW$CU, DW_AT_name("/home/jose/ti/c2000/C2000Ware_26_01_00_00/device_support/f2837xd/common
      10                      .dwattr $C$DW$CU, DW_AT_producer("TI TMS320C2000 G3 C/C++ Codegen Unix v25.11.0.LTS Copyright (c) 199
      11                      .dwattr $C$DW$CU, DW_AT_TI_version(0x01)
      12                      .dwattr $C$DW$CU, DW_AT_comp_dir("/home/jose/workspace_ccstheia/foc_f28379d/Debug_BOOSTXL_Teknic_QEP"
      13              
      14              $C$DW$1 .dwtag  DW_TAG_subprogram
      15                      .dwattr $C$DW$1, DW_AT_name("Flash_initModule")
      16                      .dwattr $C$DW$1, DW_AT_linkage_name("Flash_initModule")
      17                      .dwattr $C$DW$1, DW_AT_declaration
      18                      .dwattr $C$DW$1, DW_AT_external
      19                      .dwattr $C$DW$1, DW_AT_decl_file("/home/jose/ti/c2000/C2000Ware_26_01_00_00/driverlib/f2837xd/driverl
      20                      .dwattr $C$DW$1, DW_AT_decl_line(0x652)
      21                      .dwattr $C$DW$1, DW_AT_decl_column(0x01)
      22              $C$DW$2 .dwtag  DW_TAG_formal_parameter
      23                      .dwattr $C$DW$2, DW_AT_type(*$C$DW$T$47)
      24              
      25              $C$DW$3 .dwtag  DW_TAG_formal_parameter
      26                      .dwattr $C$DW$3, DW_AT_type(*$C$DW$T$47)
      27              
      28              $C$DW$4 .dwtag  DW_TAG_formal_parameter
      29                      .dwattr $C$DW$4, DW_AT_type(*$C$DW$T$44)
      30              
      31                      .dwendtag $C$DW$1
      32              
      33              
      34              $C$DW$5 .dwtag  DW_TAG_subprogram
      35                      .dwattr $C$DW$5, DW_AT_name("GPIO_setDirectionMode")
      36                      .dwattr $C$DW$5, DW_AT_linkage_name("GPIO_setDirectionMode")
      37                      .dwattr $C$DW$5, DW_AT_declaration
      38                      .dwattr $C$DW$5, DW_AT_external
      39                      .dwattr $C$DW$5, DW_AT_decl_file("/home/jose/ti/c2000/C2000Ware_26_01_00_00/driverlib/f2837xd/driverl
      40                      .dwattr $C$DW$5, DW_AT_decl_line(0x326)
      41                      .dwattr $C$DW$5, DW_AT_decl_column(0x01)
      42              $C$DW$6 .dwtag  DW_TAG_formal_parameter
      43                      .dwattr $C$DW$6, DW_AT_type(*$C$DW$T$47)
      44              
      45              $C$DW$7 .dwtag  DW_TAG_formal_parameter
      46                      .dwattr $C$DW$7, DW_AT_type(*$C$DW$T$32)
      47              
      48                      .dwendtag $C$DW$5
      49              
      50              
      51              $C$DW$8 .dwtag  DW_TAG_subprogram
      52                      .dwattr $C$DW$8, DW_AT_name("GPIO_setQualificationMode")
      53                      .dwattr $C$DW$8, DW_AT_linkage_name("GPIO_setQualificationMode")
      54                      .dwattr $C$DW$8, DW_AT_declaration
      55                      .dwattr $C$DW$8, DW_AT_external
TMS320C2000 Assembler Unix v25.11.0 Sat May 30 20:16:39 2026

Copyright (c) 1996-2018 Texas Instruments Incorporated
device.asm                                                           PAGE    2

      56                      .dwattr $C$DW$8, DW_AT_decl_file("/home/jose/ti/c2000/C2000Ware_26_01_00_00/driverlib/f2837xd/driverl
      57                      .dwattr $C$DW$8, DW_AT_decl_line(0x396)
      58                      .dwattr $C$DW$8, DW_AT_decl_column(0x01)
      59              $C$DW$9 .dwtag  DW_TAG_formal_parameter
      60                      .dwattr $C$DW$9, DW_AT_type(*$C$DW$T$47)
      61              
      62              $C$DW$10        .dwtag  DW_TAG_formal_parameter
      63                      .dwattr $C$DW$10, DW_AT_type(*$C$DW$T$34)
      64              
      65                      .dwendtag $C$DW$8
      66              
      67              
      68              $C$DW$11        .dwtag  DW_TAG_subprogram
      69                      .dwattr $C$DW$11, DW_AT_name("GPIO_setPinConfig")
      70                      .dwattr $C$DW$11, DW_AT_linkage_name("GPIO_setPinConfig")
      71                      .dwattr $C$DW$11, DW_AT_declaration
      72                      .dwattr $C$DW$11, DW_AT_external
      73                      .dwattr $C$DW$11, DW_AT_decl_file("/home/jose/ti/c2000/C2000Ware_26_01_00_00/driverlib/f2837xd/driver
      74                      .dwattr $C$DW$11, DW_AT_decl_line(0x405)
      75                      .dwattr $C$DW$11, DW_AT_decl_column(0x01)
      76              $C$DW$12        .dwtag  DW_TAG_formal_parameter
      77                      .dwattr $C$DW$12, DW_AT_type(*$C$DW$T$47)
      78              
      79                      .dwendtag $C$DW$11
      80              
      81              
      82              $C$DW$13        .dwtag  DW_TAG_subprogram
      83                      .dwattr $C$DW$13, DW_AT_name("GPIO_setControllerCore")
      84                      .dwattr $C$DW$13, DW_AT_linkage_name("GPIO_setControllerCore")
      85                      .dwattr $C$DW$13, DW_AT_declaration
      86                      .dwattr $C$DW$13, DW_AT_external
      87                      .dwattr $C$DW$13, DW_AT_decl_file("/home/jose/ti/c2000/C2000Ware_26_01_00_00/driverlib/f2837xd/driver
      88                      .dwattr $C$DW$13, DW_AT_decl_line(0x3d2)
      89                      .dwattr $C$DW$13, DW_AT_decl_column(0x01)
      90              $C$DW$14        .dwtag  DW_TAG_formal_parameter
      91                      .dwattr $C$DW$14, DW_AT_type(*$C$DW$T$47)
      92              
      93              $C$DW$15        .dwtag  DW_TAG_formal_parameter
      94                      .dwattr $C$DW$15, DW_AT_type(*$C$DW$T$36)
      95              
      96                      .dwendtag $C$DW$13
      97              
      98              $C$DW$16        .dwtag  DW_TAG_variable
      99                      .dwattr $C$DW$16, DW_AT_name("RamfuncsLoadStart")
     100                      .dwattr $C$DW$16, DW_AT_linkage_name("RamfuncsLoadStart")
     101                      .dwattr $C$DW$16, DW_AT_type(*$C$DW$T$44)
     102                      .dwattr $C$DW$16, DW_AT_declaration
     103                      .dwattr $C$DW$16, DW_AT_external
     104                      .dwattr $C$DW$16, DW_AT_decl_file("/home/jose/ti/c2000/C2000Ware_26_01_00_00/device_support/f2837xd/c
     105                      .dwattr $C$DW$16, DW_AT_decl_line(0xea)
     106                      .dwattr $C$DW$16, DW_AT_decl_column(0x11)
     107              
     108              $C$DW$17        .dwtag  DW_TAG_variable
     109                      .dwattr $C$DW$17, DW_AT_name("RamfuncsLoadSize")
     110                      .dwattr $C$DW$17, DW_AT_linkage_name("RamfuncsLoadSize")
TMS320C2000 Assembler Unix v25.11.0 Sat May 30 20:16:39 2026

Copyright (c) 1996-2018 Texas Instruments Incorporated
device.asm                                                           PAGE    3

     111                      .dwattr $C$DW$17, DW_AT_type(*$C$DW$T$44)
     112                      .dwattr $C$DW$17, DW_AT_declaration
     113                      .dwattr $C$DW$17, DW_AT_external
     114                      .dwattr $C$DW$17, DW_AT_decl_file("/home/jose/ti/c2000/C2000Ware_26_01_00_00/device_support/f2837xd/c
     115                      .dwattr $C$DW$17, DW_AT_decl_line(0xec)
     116                      .dwattr $C$DW$17, DW_AT_decl_column(0x11)
     117              
     118              $C$DW$18        .dwtag  DW_TAG_variable
     119                      .dwattr $C$DW$18, DW_AT_name("RamfuncsRunStart")
     120                      .dwattr $C$DW$18, DW_AT_linkage_name("RamfuncsRunStart")
     121                      .dwattr $C$DW$18, DW_AT_type(*$C$DW$T$44)
     122                      .dwattr $C$DW$18, DW_AT_declaration
     123                      .dwattr $C$DW$18, DW_AT_external
     124                      .dwattr $C$DW$18, DW_AT_decl_file("/home/jose/ti/c2000/C2000Ware_26_01_00_00/device_support/f2837xd/c
     125                      .dwattr $C$DW$18, DW_AT_decl_line(0xed)
     126                      .dwattr $C$DW$18, DW_AT_decl_column(0x11)
     127              
     128              
     129              $C$DW$19        .dwtag  DW_TAG_subprogram
     130                      .dwattr $C$DW$19, DW_AT_name("SysCtl_getDeviceParametric")
     131                      .dwattr $C$DW$19, DW_AT_linkage_name("SysCtl_getDeviceParametric")
     132                      .dwattr $C$DW$19, DW_AT_type(*$C$DW$T$44)
     133                      .dwattr $C$DW$19, DW_AT_declaration
     134                      .dwattr $C$DW$19, DW_AT_external
     135                      .dwattr $C$DW$19, DW_AT_decl_file("/home/jose/ti/c2000/C2000Ware_26_01_00_00/driverlib/f2837xd/driver
     136                      .dwattr $C$DW$19, DW_AT_decl_line(0xd8f)
     137                      .dwattr $C$DW$19, DW_AT_decl_column(0x01)
     138              $C$DW$20        .dwtag  DW_TAG_formal_parameter
     139                      .dwattr $C$DW$20, DW_AT_type(*$C$DW$T$28)
     140              
     141                      .dwendtag $C$DW$19
     142              
     143              
     144              $C$DW$21        .dwtag  DW_TAG_subprogram
     145                      .dwattr $C$DW$21, DW_AT_name("SysCtl_setClock")
     146                      .dwattr $C$DW$21, DW_AT_linkage_name("SysCtl_setClock")
     147                      .dwattr $C$DW$21, DW_AT_type(*$C$DW$T$78)
     148                      .dwattr $C$DW$21, DW_AT_declaration
     149                      .dwattr $C$DW$21, DW_AT_external
     150                      .dwattr $C$DW$21, DW_AT_decl_file("/home/jose/ti/c2000/C2000Ware_26_01_00_00/driverlib/f2837xd/driver
     151                      .dwattr $C$DW$21, DW_AT_decl_line(0xd2d)
     152                      .dwattr $C$DW$21, DW_AT_decl_column(0x01)
     153              $C$DW$22        .dwtag  DW_TAG_formal_parameter
     154                      .dwattr $C$DW$22, DW_AT_type(*$C$DW$T$47)
     155              
     156                      .dwendtag $C$DW$21
     157              
     158                      .global ||Example_Result||
     159 00000000               .data
     160                      .align  2
     161                      .elfsym ||Example_Result||,SYM_SIZE(2),SYM_BLOCKED(1)
     162 00000000       ||Example_Result||:
     163 00000000 0001          .bits           0x1,32
         00000001 0000 
     164                                      ; Example_Result @ 0
TMS320C2000 Assembler Unix v25.11.0 Sat May 30 20:16:39 2026

Copyright (c) 1996-2018 Texas Instruments Incorporated
device.asm                                                           PAGE    4

     165              
     166              $C$DW$23        .dwtag  DW_TAG_variable
     167                      .dwattr $C$DW$23, DW_AT_name("Example_Result")
     168                      .dwattr $C$DW$23, DW_AT_linkage_name("Example_Result")
     169                      .dwattr $C$DW$23, DW_AT_location[DW_OP_addr ||Example_Result||]
     170                      .dwattr $C$DW$23, DW_AT_type(*$C$DW$T$47)
     171                      .dwattr $C$DW$23, DW_AT_external
     172                      .dwattr $C$DW$23, DW_AT_decl_file("/home/jose/ti/c2000/C2000Ware_26_01_00_00/device_support/f2837xd/c
     173                      .dwattr $C$DW$23, DW_AT_decl_line(0x3d)
     174                      .dwattr $C$DW$23, DW_AT_decl_column(0x0a)
     175              
     176                      .global ||Example_PassCount||
     177 00000002               .data
     178                      .align  2
     179                      .elfsym ||Example_PassCount||,SYM_SIZE(2),SYM_BLOCKED(1)
     180 00000002       ||Example_PassCount||:
     181 00000002 0000          .bits           0,32
         00000003 0000 
     182                                      ; Example_PassCount @ 0
     183              
     184              $C$DW$24        .dwtag  DW_TAG_variable
     185                      .dwattr $C$DW$24, DW_AT_name("Example_PassCount")
     186                      .dwattr $C$DW$24, DW_AT_linkage_name("Example_PassCount")
     187                      .dwattr $C$DW$24, DW_AT_location[DW_OP_addr ||Example_PassCount||]
     188                      .dwattr $C$DW$24, DW_AT_type(*$C$DW$T$47)
     189                      .dwattr $C$DW$24, DW_AT_external
     190                      .dwattr $C$DW$24, DW_AT_decl_file("/home/jose/ti/c2000/C2000Ware_26_01_00_00/device_support/f2837xd/c
     191                      .dwattr $C$DW$24, DW_AT_decl_line(0x3e)
     192                      .dwattr $C$DW$24, DW_AT_decl_column(0x0a)
     193              
     194                      .global ||Example_Fail||
     195 00000004               .data
     196                      .align  2
     197                      .elfsym ||Example_Fail||,SYM_SIZE(2),SYM_BLOCKED(1)
     198 00000004       ||Example_Fail||:
     199 00000004 0000          .bits           0,32
         00000005 0000 
     200                                      ; Example_Fail @ 0
     201              
     202              $C$DW$25        .dwtag  DW_TAG_variable
     203                      .dwattr $C$DW$25, DW_AT_name("Example_Fail")
     204                      .dwattr $C$DW$25, DW_AT_linkage_name("Example_Fail")
     205                      .dwattr $C$DW$25, DW_AT_location[DW_OP_addr ||Example_Fail||]
     206                      .dwattr $C$DW$25, DW_AT_type(*$C$DW$T$47)
     207                      .dwattr $C$DW$25, DW_AT_external
     208                      .dwattr $C$DW$25, DW_AT_decl_file("/home/jose/ti/c2000/C2000Ware_26_01_00_00/device_support/f2837xd/c
     209                      .dwattr $C$DW$25, DW_AT_decl_line(0x3f)
     210                      .dwattr $C$DW$25, DW_AT_decl_column(0x0a)
     211              
     212              
     213              $C$DW$26        .dwtag  DW_TAG_subprogram
     214                      .dwattr $C$DW$26, DW_AT_name("__eallow")
     215                      .dwattr $C$DW$26, DW_AT_linkage_name("__eallow")
     216                      .dwattr $C$DW$26, DW_AT_declaration
     217                      .dwattr $C$DW$26, DW_AT_external
TMS320C2000 Assembler Unix v25.11.0 Sat May 30 20:16:39 2026

Copyright (c) 1996-2018 Texas Instruments Incorporated
device.asm                                                           PAGE    5

     218                      .dwendtag $C$DW$26
     219              
     220              
     221              $C$DW$27        .dwtag  DW_TAG_subprogram
     222                      .dwattr $C$DW$27, DW_AT_name("__edis")
     223                      .dwattr $C$DW$27, DW_AT_linkage_name("__edis")
     224                      .dwattr $C$DW$27, DW_AT_declaration
     225                      .dwattr $C$DW$27, DW_AT_external
     226                      .dwendtag $C$DW$27
     227              
     228                      .sblock ".data"
     229              ;       /home/jose/ti/ccs2051/ccs/tools/compiler/ti-cgt-c2000_25.11.0.LTS/bin/opt2000 /tmp/TI5ViRu4ay9 /tmp/T
     230              ;       /home/jose/ti/ccs2051/ccs/tools/compiler/ti-cgt-c2000_25.11.0.LTS/bin/acia2000 -@/tmp/TI5ViUkRduv 
     231 00000000               .sect   ".text:__error__"
     232                      .clink
     233                      .global ||__error__||
     234              
     235              $C$DW$28        .dwtag  DW_TAG_subprogram
     236                      .dwattr $C$DW$28, DW_AT_name("__error__")
     237                      .dwattr $C$DW$28, DW_AT_low_pc(||__error__||)
     238                      .dwattr $C$DW$28, DW_AT_high_pc(0x00)
     239                      .dwattr $C$DW$28, DW_AT_linkage_name("__error__")
     240                      .dwattr $C$DW$28, DW_AT_external
     241                      .dwattr $C$DW$28, DW_AT_decl_file("/home/jose/ti/c2000/C2000Ware_26_01_00_00/device_support/f2837xd/c
     242                      .dwattr $C$DW$28, DW_AT_decl_line(0x2ac)
     243                      .dwattr $C$DW$28, DW_AT_decl_column(0x06)
     244                      .dwattr $C$DW$28, DW_AT_TI_max_frame_size(-2)
     245                      .dwpsn  file "/home/jose/ti/c2000/C2000Ware_26_01_00_00/device_support/f2837xd/common/source/device.c
     246              
     247                      .dwfde $C$DW$CIE, ||__error__||
     248              $C$DW$29        .dwtag  DW_TAG_formal_parameter
     249                      .dwattr $C$DW$29, DW_AT_name("filename")
     250                      .dwattr $C$DW$29, DW_AT_type(*$C$DW$T$61)
     251                      .dwattr $C$DW$29, DW_AT_location[DW_OP_reg12]
     252              
     253              $C$DW$30        .dwtag  DW_TAG_formal_parameter
     254                      .dwattr $C$DW$30, DW_AT_name("line")
     255                      .dwattr $C$DW$30, DW_AT_type(*$C$DW$T$47)
     256                      .dwattr $C$DW$30, DW_AT_location[DW_OP_reg0]
     257              
     258              
     259              ;***************************************************************
     260              ;* FNAME: __error__                     FR SIZE:   0           *
     261              ;*                                                             *
     262              ;* FUNCTION ENVIRONMENT                                        *
     263              ;*                                                             *
     264              ;* FUNCTION PROPERTIES                                         *
     265              ;*                            0 Parameter,  0 Auto,  0 SOE     *
     266              ;***************************************************************
     267              
     268 00000000       ||__error__||:
     269                      .dwcfi  cfa_offset, -2
     270                      .dwcfi  save_reg_to_mem, 26, 0
     271 00000000 7625   ESTOP0
     272 00000001 FF69          SPM       #0                    ; [CPU_ALU] 
TMS320C2000 Assembler Unix v25.11.0 Sat May 30 20:16:39 2026

Copyright (c) 1996-2018 Texas Instruments Incorporated
device.asm                                                           PAGE    6

     273              $C$DW$31        .dwtag  DW_TAG_TI_branch
     274                      .dwattr $C$DW$31, DW_AT_low_pc(0x00)
     275                      .dwattr $C$DW$31, DW_AT_TI_return
     276              
     277 00000002 0006          LRETR     ; [CPU_ALU] 
     278                      ; return occurs ; [] 
     279                      .dwattr $C$DW$28, DW_AT_TI_end_file("/home/jose/ti/c2000/C2000Ware_26_01_00_00/device_support/f2837xd
     280                      .dwattr $C$DW$28, DW_AT_TI_end_line(0x2b3)
     281                      .dwattr $C$DW$28, DW_AT_TI_end_column(0x01)
     282                      .dwendentry
     283                      .dwendtag $C$DW$28
     284              
     285 00000000               .sect   ".text:Example_setResultPass"
     286                      .clink
     287                      .global ||Example_setResultPass||
     288              
     289              $C$DW$32        .dwtag  DW_TAG_subprogram
     290                      .dwattr $C$DW$32, DW_AT_name("Example_setResultPass")
     291                      .dwattr $C$DW$32, DW_AT_low_pc(||Example_setResultPass||)
     292                      .dwattr $C$DW$32, DW_AT_high_pc(0x00)
     293                      .dwattr $C$DW$32, DW_AT_linkage_name("Example_setResultPass")
     294                      .dwattr $C$DW$32, DW_AT_external
     295                      .dwattr $C$DW$32, DW_AT_decl_file("/home/jose/ti/c2000/C2000Ware_26_01_00_00/device_support/f2837xd/c
     296                      .dwattr $C$DW$32, DW_AT_decl_line(0x2b5)
     297                      .dwattr $C$DW$32, DW_AT_decl_column(0x06)
     298                      .dwattr $C$DW$32, DW_AT_TI_max_frame_size(-2)
     299                      .dwpsn  file "/home/jose/ti/c2000/C2000Ware_26_01_00_00/device_support/f2837xd/common/source/device.c
     300              
     301                      .dwfde $C$DW$CIE, ||Example_setResultPass||
     302              
     303              ;***************************************************************
     304              ;* FNAME: Example_setResultPass         FR SIZE:   0           *
     305              ;*                                                             *
     306              ;* FUNCTION ENVIRONMENT                                        *
     307              ;*                                                             *
     308              ;* FUNCTION PROPERTIES                                         *
     309              ;*                            0 Parameter,  0 Auto,  0 SOE     *
     310              ;***************************************************************
     311              
     312 00000000       ||Example_setResultPass||:
     313                      .dwcfi  cfa_offset, -2
     314                      .dwcfi  save_reg_to_mem, 26, 0
     315                      .dwpsn  file "/home/jose/ti/c2000/C2000Ware_26_01_00_00/device_support/f2837xd/common/source/device.c
     316 00000000 0200          MOVB      ACC,#0                ; [CPU_ALU] |695| 
     317 00000001 761F!         MOVW      DP,#||Example_Result|| ; [CPU_ARAU] 
         00000002 0000 
     318 00000003 1E00!         MOVL      @||Example_Result||,ACC ; [CPU_ALU] |695| 
     319              $C$DW$33        .dwtag  DW_TAG_TI_branch
     320                      .dwattr $C$DW$33, DW_AT_low_pc(0x00)
     321                      .dwattr $C$DW$33, DW_AT_TI_return
     322              
     323 00000004 0006          LRETR     ; [CPU_ALU] 
     324                      ; return occurs ; [] 
     325                      .dwattr $C$DW$32, DW_AT_TI_end_file("/home/jose/ti/c2000/C2000Ware_26_01_00_00/device_support/f2837xd
     326                      .dwattr $C$DW$32, DW_AT_TI_end_line(0x2b8)
TMS320C2000 Assembler Unix v25.11.0 Sat May 30 20:16:39 2026

Copyright (c) 1996-2018 Texas Instruments Incorporated
device.asm                                                           PAGE    7

     327                      .dwattr $C$DW$32, DW_AT_TI_end_column(0x01)
     328                      .dwendentry
     329                      .dwendtag $C$DW$32
     330              
     331 00000000               .sect   ".text:Example_setResultFail"
     332                      .clink
     333                      .global ||Example_setResultFail||
     334              
     335              $C$DW$34        .dwtag  DW_TAG_subprogram
     336                      .dwattr $C$DW$34, DW_AT_name("Example_setResultFail")
     337                      .dwattr $C$DW$34, DW_AT_low_pc(||Example_setResultFail||)
     338                      .dwattr $C$DW$34, DW_AT_high_pc(0x00)
     339                      .dwattr $C$DW$34, DW_AT_linkage_name("Example_setResultFail")
     340                      .dwattr $C$DW$34, DW_AT_external
     341                      .dwattr $C$DW$34, DW_AT_decl_file("/home/jose/ti/c2000/C2000Ware_26_01_00_00/device_support/f2837xd/c
     342                      .dwattr $C$DW$34, DW_AT_decl_line(0x2ba)
     343                      .dwattr $C$DW$34, DW_AT_decl_column(0x06)
     344                      .dwattr $C$DW$34, DW_AT_TI_max_frame_size(-2)
     345                      .dwpsn  file "/home/jose/ti/c2000/C2000Ware_26_01_00_00/device_support/f2837xd/common/source/device.c
     346              
     347                      .dwfde $C$DW$CIE, ||Example_setResultFail||
     348              
     349              ;***************************************************************
     350              ;* FNAME: Example_setResultFail         FR SIZE:   0           *
     351              ;*                                                             *
     352              ;* FUNCTION ENVIRONMENT                                        *
     353              ;*                                                             *
     354              ;* FUNCTION PROPERTIES                                         *
     355              ;*                            0 Parameter,  0 Auto,  0 SOE     *
     356              ;***************************************************************
     357              
     358 00000000       ||Example_setResultFail||:
     359                      .dwcfi  cfa_offset, -2
     360                      .dwcfi  save_reg_to_mem, 26, 0
     361                      .dwpsn  file "/home/jose/ti/c2000/C2000Ware_26_01_00_00/device_support/f2837xd/common/source/device.c
     362 00000000 0201          MOVB      ACC,#1                ; [CPU_ALU] |700| 
     363 00000001 761F!         MOVW      DP,#||Example_Result|| ; [CPU_ARAU] 
         00000002 0000 
     364 00000003 1E00!         MOVL      @||Example_Result||,ACC ; [CPU_ALU] |700| 
     365              $C$DW$35        .dwtag  DW_TAG_TI_branch
     366                      .dwattr $C$DW$35, DW_AT_low_pc(0x00)
     367                      .dwattr $C$DW$35, DW_AT_TI_return
     368              
     369 00000004 0006          LRETR     ; [CPU_ALU] 
     370                      ; return occurs ; [] 
     371                      .dwattr $C$DW$34, DW_AT_TI_end_file("/home/jose/ti/c2000/C2000Ware_26_01_00_00/device_support/f2837xd
     372                      .dwattr $C$DW$34, DW_AT_TI_end_line(0x2bd)
     373                      .dwattr $C$DW$34, DW_AT_TI_end_column(0x01)
     374                      .dwendentry
     375                      .dwendtag $C$DW$34
     376              
     377 00000000               .sect   ".text:Example_done"
     378                      .clink
     379                      .global ||Example_done||
     380              
TMS320C2000 Assembler Unix v25.11.0 Sat May 30 20:16:39 2026

Copyright (c) 1996-2018 Texas Instruments Incorporated
device.asm                                                           PAGE    8

     381              $C$DW$36        .dwtag  DW_TAG_subprogram
     382                      .dwattr $C$DW$36, DW_AT_name("Example_done")
     383                      .dwattr $C$DW$36, DW_AT_low_pc(||Example_done||)
     384                      .dwattr $C$DW$36, DW_AT_high_pc(0x00)
     385                      .dwattr $C$DW$36, DW_AT_linkage_name("Example_done")
     386                      .dwattr $C$DW$36, DW_AT_external
     387                      .dwattr $C$DW$36, DW_AT_decl_file("/home/jose/ti/c2000/C2000Ware_26_01_00_00/device_support/f2837xd/c
     388                      .dwattr $C$DW$36, DW_AT_decl_line(0x2bf)
     389                      .dwattr $C$DW$36, DW_AT_decl_column(0x06)
     390                      .dwattr $C$DW$36, DW_AT_TI_max_frame_size(-2)
     391                      .dwpsn  file "/home/jose/ti/c2000/C2000Ware_26_01_00_00/device_support/f2837xd/common/source/device.c
     392              
     393                      .dwfde $C$DW$CIE, ||Example_done||
     394              
     395              ;***************************************************************
     396              ;* FNAME: Example_done                  FR SIZE:   0           *
     397              ;*                                                             *
     398              ;* FUNCTION ENVIRONMENT                                        *
     399              ;*                                                             *
     400              ;* FUNCTION PROPERTIES                                         *
     401              ;*                            0 Parameter,  0 Auto,  0 SOE     *
     402              ;***************************************************************
     403              
     404 00000000       ||Example_done||:
     405                      .dwcfi  cfa_offset, -2
     406                      .dwcfi  save_reg_to_mem, 26, 0
     407 00000000       ||$C$L1||:    
     408                      .dwpsn  file "/home/jose/ti/c2000/C2000Ware_26_01_00_00/device_support/f2837xd/common/source/device.c
     409 00000000 6F00          B         ||$C$L1||,UNC         ; [CPU_ALU] |705| 
     410                      ; branch occurs ; [] |705| 
     411                      .dwattr $C$DW$36, DW_AT_TI_end_file("/home/jose/ti/c2000/C2000Ware_26_01_00_00/device_support/f2837xd
     412                      .dwattr $C$DW$36, DW_AT_TI_end_line(0x2c2)
     413                      .dwattr $C$DW$36, DW_AT_TI_end_column(0x01)
     414                      .dwendentry
     415                      .dwendtag $C$DW$36
     416              
     417 00000000               .sect   ".text:Device_enableUnbondedGPIOPullupsFor176Pin"
     418                      .clink
     419                      .global ||Device_enableUnbondedGPIOPullupsFor176Pin||
     420              
     421              $C$DW$37        .dwtag  DW_TAG_subprogram
     422                      .dwattr $C$DW$37, DW_AT_name("Device_enableUnbondedGPIOPullupsFor176Pin")
     423                      .dwattr $C$DW$37, DW_AT_low_pc(||Device_enableUnbondedGPIOPullupsFor176Pin||)
     424                      .dwattr $C$DW$37, DW_AT_high_pc(0x00)
     425                      .dwattr $C$DW$37, DW_AT_linkage_name("Device_enableUnbondedGPIOPullupsFor176Pin")
     426                      .dwattr $C$DW$37, DW_AT_external
     427                      .dwattr $C$DW$37, DW_AT_decl_file("/home/jose/ti/c2000/C2000Ware_26_01_00_00/device_support/f2837xd/c
     428                      .dwattr $C$DW$37, DW_AT_decl_line(0x11e)
     429                      .dwattr $C$DW$37, DW_AT_decl_column(0x06)
     430                      .dwattr $C$DW$37, DW_AT_TI_max_frame_size(-2)
     431                      .dwpsn  file "/home/jose/ti/c2000/C2000Ware_26_01_00_00/device_support/f2837xd/common/source/device.c
     432              
     433                      .dwfde $C$DW$CIE, ||Device_enableUnbondedGPIOPullupsFor176Pin||
     434              
     435              ;***************************************************************
TMS320C2000 Assembler Unix v25.11.0 Sat May 30 20:16:39 2026

Copyright (c) 1996-2018 Texas Instruments Incorporated
device.asm                                                           PAGE    9

     436              ;* FNAME: Device_enableUnbondedGPIOPullupsFor176Pin FR SIZE:   0           *
     437              ;*                                                             *
     438              ;* FUNCTION ENVIRONMENT                                        *
     439              ;*                                                             *
     440              ;* FUNCTION PROPERTIES                                         *
     441              ;*                            0 Parameter,  0 Auto,  0 SOE     *
     442              ;***************************************************************
     443              
     444 00000000       ||Device_enableUnbondedGPIOPullupsFor176Pin||:
     445                      .dwcfi  cfa_offset, -2
     446                      .dwcfi  save_reg_to_mem, 26, 0
     447                      .dwpsn  file "/home/jose/ti/c2000/C2000Ware_26_01_00_00/device_support/f2837xd/common/source/device.c
     448 00000000 7622          EALLOW    ; [CPU_ALU] |288| 
     449                      .dwpsn  file "/home/jose/ti/c2000/C2000Ware_26_01_00_00/device_support/f2837xd/common/source/device.c
     450 00000001 28A9          MOV       AL,#65535             ; [CPU_ALU] |289| 
         00000002 FFFF 
     451 00000003 28A8          MOV       AH,#32767             ; [CPU_ALU] |289| 
         00000004 7FFF 
     452                      .dwpsn  file "/home/jose/ti/c2000/C2000Ware_26_01_00_00/device_support/f2837xd/common/source/device.c
     453 00000005 B608          MOVB      XAR7,#8               ; [CPU_ALU] |290| 
     454                      .dwpsn  file "/home/jose/ti/c2000/C2000Ware_26_01_00_00/device_support/f2837xd/common/source/device.c
     455 00000006 BE20          MOVB      XAR6,#32              ; [CPU_ALU] |291| 
     456                      .dwpsn  file "/home/jose/ti/c2000/C2000Ware_26_01_00_00/device_support/f2837xd/common/source/device.c
     457 00000007 8F00          MOVL      XAR4,#65024           ; [CPU_ARAU] |292| 
         00000008 FE00 
     458                      .dwpsn  file "/home/jose/ti/c2000/C2000Ware_26_01_00_00/device_support/f2837xd/common/source/device.c
     459 00000009 BDA9          MOV32     *(0:0x7c8c),ACC       ; [CPU_FPU] |289| 
         0000000a 7C8C 
     460                      .dwpsn  file "/home/jose/ti/c2000/C2000Ware_26_01_00_00/device_support/f2837xd/common/source/device.c
     461 0000000b BDA7          MOV32     *(0:0x7ccc),XAR7      ; [CPU_FPU] |290| 
         0000000c 7CCC 
     462                      .dwpsn  file "/home/jose/ti/c2000/C2000Ware_26_01_00_00/device_support/f2837xd/common/source/device.c
     463 0000000d BDA6          MOV32     *(0:0x7d0c),XAR6      ; [CPU_FPU] |291| 
         0000000e 7D0C 
     464                      .dwpsn  file "/home/jose/ti/c2000/C2000Ware_26_01_00_00/device_support/f2837xd/common/source/device.c
     465 0000000f BDA4          MOV32     *(0:0x7d4c),XAR4      ; [CPU_FPU] |292| 
         00000010 7D4C 
     466                      .dwpsn  file "/home/jose/ti/c2000/C2000Ware_26_01_00_00/device_support/f2837xd/common/source/device.c
     467 00000011 761A          EDIS      ; [CPU_ALU] |293| 
     468              $C$DW$38        .dwtag  DW_TAG_TI_branch
     469                      .dwattr $C$DW$38, DW_AT_low_pc(0x00)
     470                      .dwattr $C$DW$38, DW_AT_TI_return
     471              
     472 00000012 0006          LRETR     ; [CPU_ALU] 
     473                      ; return occurs ; [] 
     474                      .dwattr $C$DW$37, DW_AT_TI_end_file("/home/jose/ti/c2000/C2000Ware_26_01_00_00/device_support/f2837xd
     475                      .dwattr $C$DW$37, DW_AT_TI_end_line(0x126)
     476                      .dwattr $C$DW$37, DW_AT_TI_end_column(0x01)
     477                      .dwendentry
     478                      .dwendtag $C$DW$37
     479              
     480 00000000               .sect   ".text:Device_enableUnbondedGPIOPullupsFor100Pin"
     481                      .clink
     482                      .global ||Device_enableUnbondedGPIOPullupsFor100Pin||
     483              
TMS320C2000 Assembler Unix v25.11.0 Sat May 30 20:16:39 2026

Copyright (c) 1996-2018 Texas Instruments Incorporated
device.asm                                                           PAGE   10

     484              $C$DW$39        .dwtag  DW_TAG_subprogram
     485                      .dwattr $C$DW$39, DW_AT_name("Device_enableUnbondedGPIOPullupsFor100Pin")
     486                      .dwattr $C$DW$39, DW_AT_low_pc(||Device_enableUnbondedGPIOPullupsFor100Pin||)
     487                      .dwattr $C$DW$39, DW_AT_high_pc(0x00)
     488                      .dwattr $C$DW$39, DW_AT_linkage_name("Device_enableUnbondedGPIOPullupsFor100Pin")
     489                      .dwattr $C$DW$39, DW_AT_external
     490                      .dwattr $C$DW$39, DW_AT_decl_file("/home/jose/ti/c2000/C2000Ware_26_01_00_00/device_support/f2837xd/c
     491                      .dwattr $C$DW$39, DW_AT_decl_line(0x13a)
     492                      .dwattr $C$DW$39, DW_AT_decl_column(0x06)
     493                      .dwattr $C$DW$39, DW_AT_TI_max_frame_size(-2)
     494                      .dwpsn  file "/home/jose/ti/c2000/C2000Ware_26_01_00_00/device_support/f2837xd/common/source/device.c
     495              
     496                      .dwfde $C$DW$CIE, ||Device_enableUnbondedGPIOPullupsFor100Pin||
     497              
     498              ;***************************************************************
     499              ;* FNAME: Device_enableUnbondedGPIOPullupsFor100Pin FR SIZE:   0           *
     500              ;*                                                             *
     501              ;* FUNCTION ENVIRONMENT                                        *
     502              ;*                                                             *
     503              ;* FUNCTION PROPERTIES                                         *
     504              ;*                            0 Parameter,  0 Auto,  0 SOE     *
     505              ;***************************************************************
     506              
     507 00000000       ||Device_enableUnbondedGPIOPullupsFor100Pin||:
     508                      .dwcfi  cfa_offset, -2
     509                      .dwcfi  save_reg_to_mem, 26, 0
     510                      .dwpsn  file "/home/jose/ti/c2000/C2000Ware_26_01_00_00/device_support/f2837xd/common/source/device.c
     511 00000000 7622          EALLOW    ; [CPU_ALU] |316| 
     512                      .dwpsn  file "/home/jose/ti/c2000/C2000Ware_26_01_00_00/device_support/f2837xd/common/source/device.c
     513 00000001 8F3F          MOVL      XAR4,#4193308         ; [CPU_ARAU] |317| 
         00000002 FC1C 
     514                      .dwpsn  file "/home/jose/ti/c2000/C2000Ware_26_01_00_00/device_support/f2837xd/common/source/device.c
     515 00000003 28A9          MOV       AL,#3584              ; [CPU_ALU] |318| 
         00000004 0E00 
     516 00000005 28A8          MOV       AH,#64512             ; [CPU_ALU] |318| 
         00000006 FC00 
     517                      .dwpsn  file "/home/jose/ti/c2000/C2000Ware_26_01_00_00/device_support/f2837xd/common/source/device.c
     518 00000007 BDA4          MOV32     *(0:0x7c0c),XAR4      ; [CPU_FPU] |317| 
         00000008 7C0C 
     519                      .dwpsn  file "/home/jose/ti/c2000/C2000Ware_26_01_00_00/device_support/f2837xd/common/source/device.c
     520 00000009 BE08          MOVB      XAR6,#8               ; [CPU_ALU] |320| 
     521                      .dwpsn  file "/home/jose/ti/c2000/C2000Ware_26_01_00_00/device_support/f2837xd/common/source/device.c
     522 0000000a B600          MOVB      XAR7,#0               ; [CPU_ALU] |321| 
     523                      .dwpsn  file "/home/jose/ti/c2000/C2000Ware_26_01_00_00/device_support/f2837xd/common/source/device.c
     524 0000000b BDA9          MOV32     *(0:0x7c4c),ACC       ; [CPU_FPU] |318| 
         0000000c 7C4C 
     525                      .dwpsn  file "/home/jose/ti/c2000/C2000Ware_26_01_00_00/device_support/f2837xd/common/source/device.c
     526 0000000d 28A9          MOV       AL,#17383             ; [CPU_ALU] |319| 
         0000000e 43E7 
     527 0000000f 28A8          MOV       AH,#7920              ; [CPU_ALU] |319| 
         00000010 1EF0 
     528                      .dwpsn  file "/home/jose/ti/c2000/C2000Ware_26_01_00_00/device_support/f2837xd/common/source/device.c
     529 00000011 8F00          MOVL      XAR4,#65024           ; [CPU_ARAU] |322| 
         00000012 FE00 
     530                      .dwpsn  file "/home/jose/ti/c2000/C2000Ware_26_01_00_00/device_support/f2837xd/common/source/device.c
TMS320C2000 Assembler Unix v25.11.0 Sat May 30 20:16:39 2026

Copyright (c) 1996-2018 Texas Instruments Incorporated
device.asm                                                           PAGE   11

     531 00000013 BDA9          MOV32     *(0:0x7c8c),ACC       ; [CPU_FPU] |319| 
         00000014 7C8C 
     532                      .dwpsn  file "/home/jose/ti/c2000/C2000Ware_26_01_00_00/device_support/f2837xd/common/source/device.c
     533 00000015 BDA6          MOV32     *(0:0x7ccc),XAR6      ; [CPU_FPU] |320| 
         00000016 7CCC 
     534                      .dwpsn  file "/home/jose/ti/c2000/C2000Ware_26_01_00_00/device_support/f2837xd/common/source/device.c
     535 00000017 BDA7          MOV32     *(0:0x7d0c),XAR7      ; [CPU_FPU] |321| 
         00000018 7D0C 
     536                      .dwpsn  file "/home/jose/ti/c2000/C2000Ware_26_01_00_00/device_support/f2837xd/common/source/device.c
     537 00000019 BDA4          MOV32     *(0:0x7d4c),XAR4      ; [CPU_FPU] |322| 
         0000001a 7D4C 
     538                      .dwpsn  file "/home/jose/ti/c2000/C2000Ware_26_01_00_00/device_support/f2837xd/common/source/device.c
     539 0000001b 761A          EDIS      ; [CPU_ALU] |323| 
     540              $C$DW$40        .dwtag  DW_TAG_TI_branch
     541                      .dwattr $C$DW$40, DW_AT_low_pc(0x00)
     542                      .dwattr $C$DW$40, DW_AT_TI_return
     543              
     544 0000001c 0006          LRETR     ; [CPU_ALU] 
     545                      ; return occurs ; [] 
     546                      .dwattr $C$DW$39, DW_AT_TI_end_file("/home/jose/ti/c2000/C2000Ware_26_01_00_00/device_support/f2837xd
     547                      .dwattr $C$DW$39, DW_AT_TI_end_line(0x144)
     548                      .dwattr $C$DW$39, DW_AT_TI_end_column(0x01)
     549                      .dwendentry
     550                      .dwendtag $C$DW$39
     551              
     552 00000000               .sect   ".text:Device_enableUnbondedGPIOPullups"
     553                      .clink
     554                      .global ||Device_enableUnbondedGPIOPullups||
     555              
     556              $C$DW$41        .dwtag  DW_TAG_subprogram
     557                      .dwattr $C$DW$41, DW_AT_name("Device_enableUnbondedGPIOPullups")
     558                      .dwattr $C$DW$41, DW_AT_low_pc(||Device_enableUnbondedGPIOPullups||)
     559                      .dwattr $C$DW$41, DW_AT_high_pc(0x00)
     560                      .dwattr $C$DW$41, DW_AT_linkage_name("Device_enableUnbondedGPIOPullups")
     561                      .dwattr $C$DW$41, DW_AT_external
     562                      .dwattr $C$DW$41, DW_AT_decl_file("/home/jose/ti/c2000/C2000Ware_26_01_00_00/device_support/f2837xd/c
     563                      .dwattr $C$DW$41, DW_AT_decl_line(0x14c)
     564                      .dwattr $C$DW$41, DW_AT_decl_column(0x06)
     565                      .dwattr $C$DW$41, DW_AT_TI_max_frame_size(-2)
     566                      .dwpsn  file "/home/jose/ti/c2000/C2000Ware_26_01_00_00/device_support/f2837xd/common/source/device.c
     567              
     568                      .dwfde $C$DW$CIE, ||Device_enableUnbondedGPIOPullups||
     569              
     570              ;***************************************************************
     571              ;* FNAME: Device_enableUnbondedGPIOPullups FR SIZE:   0           *
     572              ;*                                                             *
     573              ;* FUNCTION ENVIRONMENT                                        *
     574              ;*                                                             *
     575              ;* FUNCTION PROPERTIES                                         *
     576              ;*                            0 Parameter,  0 Auto,  0 SOE     *
     577              ;***************************************************************
     578              
     579              ||Device_enableUnbondedGPIOPullups||:
     580              ;* AL    assigned to pinCount
     581              $C$DW$42        .dwtag  DW_TAG_variable
TMS320C2000 Assembler Unix v25.11.0 Sat May 30 20:16:39 2026

Copyright (c) 1996-2018 Texas Instruments Incorporated
device.asm                                                           PAGE   12

     582                      .dwattr $C$DW$42, DW_AT_name("pinCount")
     583                      .dwattr $C$DW$42, DW_AT_type(*$C$DW$T$44)
     584                      .dwattr $C$DW$42, DW_AT_location[DW_OP_reg0]
     585              
     586                      .dwcfi  cfa_offset, -2
     587                      .dwcfi  save_reg_to_mem, 26, 0
     588                      .dwpsn  file "/home/jose/ti/c2000/C2000Ware_26_01_00_00/device_support/f2837xd/common/source/device.c
     589 00000000 8F05          MOVL      XAR4,#380936          ; [CPU_ARAU] |337| 
         00000001 D008 
     590 00000002 2901          CLRC      SXM                   ; [CPU_ALU] 
     591 00000003 06C4          MOVL      ACC,*+XAR4[0]         ; [CPU_ALU] |337| 
     592 00000004 FF47          SFR       ACC,8                 ; [CPU_ALU] |337| 
     593 00000005 9007          ANDB      AL,#0x07              ; [CPU_ALU] |337| 
     594 00000006 5205          CMPB      AL,#5                 ; [CPU_ALU] |337| 
     595 00000007 6106          B         ||$C$L2||,EQ          ; [CPU_ALU] |337| 
     596                      ; branchcc occurs ; [] |337| 
     597                      .dwpsn  file "/home/jose/ti/c2000/C2000Ware_26_01_00_00/device_support/f2837xd/common/source/device.c
     598 00000008 5206          CMPB      AL,#6                 ; [CPU_ALU] |350| 
     599 00000009 6006          B         ||$C$L3||,NEQ         ; [CPU_ALU] |350| 
     600                      ; branchcc occurs ; [] |350| 
     601                      .dwcfi  remember_state
     602                      .dwpsn  file "/home/jose/ti/c2000/C2000Ware_26_01_00_00/device_support/f2837xd/common/source/device.c
     603              $C$DW$43        .dwtag  DW_TAG_TI_branch
     604                      .dwattr $C$DW$43, DW_AT_low_pc(0x00)
     605                      .dwattr $C$DW$43, DW_AT_name("Device_enableUnbondedGPIOPullupsFor176Pin")
     606                      .dwattr $C$DW$43, DW_AT_TI_call
     607              
     608 0000000a 7640!         LCR       #||Device_enableUnbondedGPIOPullupsFor176Pin|| ; [CPU_ALU] |352| 
         0000000b 0000 
     609                      ; call occurs [#||Device_enableUnbondedGPIOPullupsFor176Pin||] ; [] |352| 
     610              $C$DW$44        .dwtag  DW_TAG_TI_branch
     611                      .dwattr $C$DW$44, DW_AT_low_pc(0x00)
     612                      .dwattr $C$DW$44, DW_AT_TI_return
     613              
     614 0000000c 0006          LRETR     ; [CPU_ALU] 
     615                      ; return occurs ; [] 
     616                      .dwcfi  restore_state
     617 0000000d       ||$C$L2||:    
     618                      .dwpsn  file "/home/jose/ti/c2000/C2000Ware_26_01_00_00/device_support/f2837xd/common/source/device.c
     619              $C$DW$45        .dwtag  DW_TAG_TI_branch
     620                      .dwattr $C$DW$45, DW_AT_low_pc(0x00)
     621                      .dwattr $C$DW$45, DW_AT_name("Device_enableUnbondedGPIOPullupsFor100Pin")
     622                      .dwattr $C$DW$45, DW_AT_TI_call
     623              
     624 0000000d 7640!         LCR       #||Device_enableUnbondedGPIOPullupsFor100Pin|| ; [CPU_ALU] |348| 
         0000000e 0000 
     625                      ; call occurs [#||Device_enableUnbondedGPIOPullupsFor100Pin||] ; [] |348| 
     626              ||$C$L3||:    
     627              $C$DW$46        .dwtag  DW_TAG_TI_branch
     628                      .dwattr $C$DW$46, DW_AT_low_pc(0x00)
     629                      .dwattr $C$DW$46, DW_AT_TI_return
     630              
     631 0000000f 0006          LRETR     ; [CPU_ALU] 
     632                      ; return occurs ; [] 
     633                      .dwattr $C$DW$41, DW_AT_TI_end_file("/home/jose/ti/c2000/C2000Ware_26_01_00_00/device_support/f2837xd
TMS320C2000 Assembler Unix v25.11.0 Sat May 30 20:16:39 2026

Copyright (c) 1996-2018 Texas Instruments Incorporated
device.asm                                                           PAGE   13

     634                      .dwattr $C$DW$41, DW_AT_TI_end_line(0x168)
     635                      .dwattr $C$DW$41, DW_AT_TI_end_column(0x01)
     636                      .dwendentry
     637                      .dwendtag $C$DW$41
     638              
     639 00000000               .sect   ".text:Device_initGPIO"
     640                      .clink
     641                      .global ||Device_initGPIO||
     642              
     643              $C$DW$47        .dwtag  DW_TAG_subprogram
     644                      .dwattr $C$DW$47, DW_AT_name("Device_initGPIO")
     645                      .dwattr $C$DW$47, DW_AT_low_pc(||Device_initGPIO||)
     646                      .dwattr $C$DW$47, DW_AT_high_pc(0x00)
     647                      .dwattr $C$DW$47, DW_AT_linkage_name("Device_initGPIO")
     648                      .dwattr $C$DW$47, DW_AT_external
     649                      .dwattr $C$DW$47, DW_AT_decl_file("/home/jose/ti/c2000/C2000Ware_26_01_00_00/device_support/f2837xd/c
     650                      .dwattr $C$DW$47, DW_AT_decl_line(0x100)
     651                      .dwattr $C$DW$47, DW_AT_decl_column(0x06)
     652                      .dwattr $C$DW$47, DW_AT_TI_max_frame_size(-2)
     653                      .dwpsn  file "/home/jose/ti/c2000/C2000Ware_26_01_00_00/device_support/f2837xd/common/source/device.c
     654              
     655                      .dwfde $C$DW$CIE, ||Device_initGPIO||
     656              
     657              ;***************************************************************
     658              ;* FNAME: Device_initGPIO               FR SIZE:   0           *
     659              ;*                                                             *
     660              ;* FUNCTION ENVIRONMENT                                        *
     661              ;*                                                             *
     662              ;* FUNCTION PROPERTIES                                         *
     663              ;*                            0 Parameter,  0 Auto,  0 SOE     *
     664              ;***************************************************************
     665              
     666 00000000       ||Device_initGPIO||:
     667                      .dwcfi  cfa_offset, -2
     668                      .dwcfi  save_reg_to_mem, 26, 0
     669                      .dwpsn  file "/home/jose/ti/c2000/C2000Ware_26_01_00_00/driverlib/f2837xd/driverlib/gpio.h",line 736,
     670 00000000 7622          EALLOW    ; [CPU_ALU] |736| 
     671                      .dwpsn  file "/home/jose/ti/c2000/C2000Ware_26_01_00_00/driverlib/f2837xd/driverlib/gpio.h",line 737,
     672 00000001 BFA9          MOV32     ACC,*(0:0x7c3c)       ; [CPU_FPU] |737| 
         00000002 7C3C 
     673 00000003 0200          MOVB      ACC,#0                ; [CPU_ALU] |737| 
     674 00000004 BDA9          MOV32     *(0:0x7c3c),ACC       ; [CPU_FPU] |737| 
         00000005 7C3C 
     675 00000006 BFA6          MOV32     XAR6,*(0:0x7c7c)      ; [CPU_FPU] |737| 
         00000007 7C7C 
     676 00000008 BDA9          MOV32     *(0:0x7c7c),ACC       ; [CPU_FPU] |737| 
         00000009 7C7C 
     677 0000000a BFA6          MOV32     XAR6,*(0:0x7cbc)      ; [CPU_FPU] |737| 
         0000000b 7CBC 
     678 0000000c BDA9          MOV32     *(0:0x7cbc),ACC       ; [CPU_FPU] |737| 
         0000000d 7CBC 
     679 0000000e BFA6          MOV32     XAR6,*(0:0x7cfc)      ; [CPU_FPU] |737| 
         0000000f 7CFC 
     680 00000010 BDA9          MOV32     *(0:0x7cfc),ACC       ; [CPU_FPU] |737| 
         00000011 7CFC 
TMS320C2000 Assembler Unix v25.11.0 Sat May 30 20:16:39 2026

Copyright (c) 1996-2018 Texas Instruments Incorporated
device.asm                                                           PAGE   14

     681 00000012 BFA6          MOV32     XAR6,*(0:0x7d3c)      ; [CPU_FPU] |737| 
         00000013 7D3C 
     682 00000014 BDA9          MOV32     *(0:0x7d3c),ACC       ; [CPU_FPU] |737| 
         00000015 7D3C 
     683 00000016 BFA6          MOV32     XAR6,*(0:0x7d7c)      ; [CPU_FPU] |737| 
         00000017 7D7C 
     684 00000018 BDA9          MOV32     *(0:0x7d7c),ACC       ; [CPU_FPU] |737| 
         00000019 7D7C 
     685                      .dwpsn  file "/home/jose/ti/c2000/C2000Ware_26_01_00_00/driverlib/f2837xd/driverlib/gpio.h",line 738,
     686 0000001a 761A          EDIS      ; [CPU_ALU] |738| 
     687                      .dwpsn  file "/home/jose/ti/c2000/C2000Ware_26_01_00_00/device_support/f2837xd/common/source/device.c
     688              $C$DW$48        .dwtag  DW_TAG_TI_branch
     689                      .dwattr $C$DW$48, DW_AT_low_pc(0x00)
     690                      .dwattr $C$DW$48, DW_AT_name("Device_enableUnbondedGPIOPullups")
     691                      .dwattr $C$DW$48, DW_AT_TI_call
     692              
     693 0000001b 7640!         LCR       #||Device_enableUnbondedGPIOPullups|| ; [CPU_ALU] |271| 
         0000001c 0000 
     694                      ; call occurs [#||Device_enableUnbondedGPIOPullups||] ; [] |271| 
     695              $C$DW$49        .dwtag  DW_TAG_TI_branch
     696                      .dwattr $C$DW$49, DW_AT_low_pc(0x00)
     697                      .dwattr $C$DW$49, DW_AT_TI_return
     698              
     699 0000001d 0006          LRETR     ; [CPU_ALU] 
     700                      ; return occurs ; [] 
     701                      .dwattr $C$DW$47, DW_AT_TI_end_file("/home/jose/ti/c2000/C2000Ware_26_01_00_00/device_support/f2837xd
     702                      .dwattr $C$DW$47, DW_AT_TI_end_line(0x110)
     703                      .dwattr $C$DW$47, DW_AT_TI_end_column(0x01)
     704                      .dwendentry
     705                      .dwendtag $C$DW$47
     706              
     707 00000000               .sect   ".text:Device_configureTMXAnalogTrim"
     708                      .clink
     709                      .global ||Device_configureTMXAnalogTrim||
     710              
     711              $C$DW$50        .dwtag  DW_TAG_subprogram
     712                      .dwattr $C$DW$50, DW_AT_name("Device_configureTMXAnalogTrim")
     713                      .dwattr $C$DW$50, DW_AT_low_pc(||Device_configureTMXAnalogTrim||)
     714                      .dwattr $C$DW$50, DW_AT_high_pc(0x00)
     715                      .dwattr $C$DW$50, DW_AT_linkage_name("Device_configureTMXAnalogTrim")
     716                      .dwattr $C$DW$50, DW_AT_external
     717                      .dwattr $C$DW$50, DW_AT_decl_file("/home/jose/ti/c2000/C2000Ware_26_01_00_00/device_support/f2837xd/c
     718                      .dwattr $C$DW$50, DW_AT_decl_line(0x170)
     719                      .dwattr $C$DW$50, DW_AT_decl_column(0x06)
     720                      .dwattr $C$DW$50, DW_AT_TI_max_frame_size(-2)
     721                      .dwpsn  file "/home/jose/ti/c2000/C2000Ware_26_01_00_00/device_support/f2837xd/common/source/device.c
     722              
     723                      .dwfde $C$DW$CIE, ||Device_configureTMXAnalogTrim||
     724              
     725              ;***************************************************************
     726              ;* FNAME: Device_configureTMXAnalogTrim FR SIZE:   0           *
     727              ;*                                                             *
     728              ;* FUNCTION ENVIRONMENT                                        *
     729              ;*                                                             *
     730              ;* FUNCTION PROPERTIES                                         *
TMS320C2000 Assembler Unix v25.11.0 Sat May 30 20:16:39 2026

Copyright (c) 1996-2018 Texas Instruments Incorporated
device.asm                                                           PAGE   15

     731              ;*                            0 Parameter,  0 Auto,  0 SOE     *
     732              ;***************************************************************
     733              
     734 00000000       ||Device_configureTMXAnalogTrim||:
     735                      .dwcfi  cfa_offset, -2
     736                      .dwcfi  save_reg_to_mem, 26, 0
     737                      .dwpsn  file "/home/jose/ti/c2000/C2000Ware_26_01_00_00/driverlib/f2837xd/driverlib/sysctl.h",line 99
     738 00000000 7622          EALLOW    ; [CPU_ALU] |990| 
     739                      .dwpsn  file "/home/jose/ti/c2000/C2000Ware_26_01_00_00/driverlib/f2837xd/driverlib/sysctl.h",line 99
     740 00000001 0201          MOVB      ACC,#1                ; [CPU_ALU] |995| 
     741 00000002 8F05          MOVL      XAR4,#381756          ; [CPU_ARAU] |995| 
         00000003 D33C 
     742 00000004 98C4          OR        *+XAR4[0],AL          ; [CPU_ALU] |995| 
     743                      .dwpsn  file "/home/jose/ti/c2000/C2000Ware_26_01_00_00/device_support/f2837xd/common/source/device.c
     744 00000005 76C5          MOVL      XAR7,#381366          ; [CPU_ARAU] |382| 
         00000006 D1B6 
     745                      .dwpsn  file "/home/jose/ti/c2000/C2000Ware_26_01_00_00/device_support/f2837xd/common/source/device.c
     746 00000007 7685          MOVL      XAR6,#381368          ; [CPU_ARAU] |383| 
         00000008 D1B8 
     747                      .dwpsn  file "/home/jose/ti/c2000/C2000Ware_26_01_00_00/device_support/f2837xd/common/source/device.c
     748 00000009 8F45          MOVL      XAR5,#381370          ; [CPU_ARAU] |384| 
         0000000a D1BA 
     749                      .dwpsn  file "/home/jose/ti/c2000/C2000Ware_26_01_00_00/driverlib/f2837xd/driverlib/sysctl.h",line 99
     750 0000000b 99CC          OR        *+XAR4[1],AH          ; [CPU_ALU] |995| 
     751 0000000c 0202          MOVB      ACC,#2                ; [CPU_ALU] |995| 
     752 0000000d 98C4          OR        *+XAR4[0],AL          ; [CPU_ALU] |995| 
     753 0000000e 99CC          OR        *+XAR4[1],AH          ; [CPU_ALU] |995| 
     754 0000000f 0204          MOVB      ACC,#4                ; [CPU_ALU] |995| 
     755 00000010 98C4          OR        *+XAR4[0],AL          ; [CPU_ALU] |995| 
     756 00000011 99CC          OR        *+XAR4[1],AH          ; [CPU_ALU] |995| 
     757 00000012 0208          MOVB      ACC,#8                ; [CPU_ALU] |995| 
     758 00000013 98C4          OR        *+XAR4[0],AL          ; [CPU_ALU] |995| 
     759 00000014 99CC          OR        *+XAR4[1],AH          ; [CPU_ALU] |995| 
     760                      .dwpsn  file "/home/jose/ti/c2000/C2000Ware_26_01_00_00/device_support/f2837xd/common/source/device.c
     761 00000015 28C7          MOV       *+XAR7[0],#31709      ; [CPU_ALU] |382| 
         00000016 7BDD 
     762                      .dwpsn  file "/home/jose/ti/c2000/C2000Ware_26_01_00_00/device_support/f2837xd/common/source/device.c
     763 00000017 8F05          MOVL      XAR4,#381372          ; [CPU_ARAU] |385| 
         00000018 D1BC 
     764                      .dwpsn  file "/home/jose/ti/c2000/C2000Ware_26_01_00_00/device_support/f2837xd/common/source/device.c
     765 00000019 28C6          MOV       *+XAR6[0],#31709      ; [CPU_ALU] |383| 
         0000001a 7BDD 
     766                      .dwpsn  file "/home/jose/ti/c2000/C2000Ware_26_01_00_00/device_support/f2837xd/common/source/device.c
     767 0000001b 28C5          MOV       *+XAR5[0],#31709      ; [CPU_ALU] |384| 
         0000001c 7BDD 
     768                      .dwpsn  file "/home/jose/ti/c2000/C2000Ware_26_01_00_00/device_support/f2837xd/common/source/device.c
     769 0000001d 28C4          MOV       *+XAR4[0],#31709      ; [CPU_ALU] |385| 
         0000001e 7BDD 
     770                      .dwpsn  file "/home/jose/ti/c2000/C2000Ware_26_01_00_00/driverlib/f2837xd/driverlib/sysctl.h",line 10
     771 0000001f 8F05          MOVL      XAR4,#381756          ; [CPU_ARAU] |1030| 
         00000020 D33C 
     772 00000021 06C4          MOVL      ACC,*+XAR4[0]         ; [CPU_ALU] |1030| 
     773 00000022 18A9          AND       AL,#65534             ; [CPU_ALU] |1030| 
         00000023 FFFE 
     774 00000024 1EC4          MOVL      *+XAR4[0],ACC         ; [CPU_ALU] |1030| 
TMS320C2000 Assembler Unix v25.11.0 Sat May 30 20:16:39 2026

Copyright (c) 1996-2018 Texas Instruments Incorporated
device.asm                                                           PAGE   16

     775 00000025 06C4          MOVL      ACC,*+XAR4[0]         ; [CPU_ALU] |1030| 
     776 00000026 18A9          AND       AL,#65533             ; [CPU_ALU] |1030| 
         00000027 FFFD 
     777 00000028 1EC4          MOVL      *+XAR4[0],ACC         ; [CPU_ALU] |1030| 
     778 00000029 06C4          MOVL      ACC,*+XAR4[0]         ; [CPU_ALU] |1030| 
     779 0000002a 18A9          AND       AL,#65531             ; [CPU_ALU] |1030| 
         0000002b FFFB 
     780 0000002c 1EC4          MOVL      *+XAR4[0],ACC         ; [CPU_ALU] |1030| 
     781 0000002d 06C4          MOVL      ACC,*+XAR4[0]         ; [CPU_ALU] |1030| 
     782 0000002e 18A9          AND       AL,#65527             ; [CPU_ALU] |1030| 
         0000002f FFF7 
     783 00000030 1EC4          MOVL      *+XAR4[0],ACC         ; [CPU_ALU] |1030| 
     784                      .dwpsn  file "/home/jose/ti/c2000/C2000Ware_26_01_00_00/driverlib/f2837xd/driverlib/sysctl.h",line 10
     785 00000031 761A          EDIS      ; [CPU_ALU] |1031| 
     786              $C$DW$51        .dwtag  DW_TAG_TI_branch
     787                      .dwattr $C$DW$51, DW_AT_low_pc(0x00)
     788                      .dwattr $C$DW$51, DW_AT_TI_return
     789              
     790 00000032 0006          LRETR     ; [CPU_ALU] 
     791                      ; return occurs ; [] 
     792                      .dwattr $C$DW$50, DW_AT_TI_end_file("/home/jose/ti/c2000/C2000Ware_26_01_00_00/device_support/f2837xd
     793                      .dwattr $C$DW$50, DW_AT_TI_end_line(0x1a7)
     794                      .dwattr $C$DW$50, DW_AT_TI_end_column(0x01)
     795                      .dwendentry
     796                      .dwendtag $C$DW$50
     797              
     798 00000000               .sect   ".text:Device_enableAllPeripherals"
     799                      .clink
     800                      .global ||Device_enableAllPeripherals||
     801              
     802              $C$DW$52        .dwtag  DW_TAG_subprogram
     803                      .dwattr $C$DW$52, DW_AT_name("Device_enableAllPeripherals")
     804                      .dwattr $C$DW$52, DW_AT_low_pc(||Device_enableAllPeripherals||)
     805                      .dwattr $C$DW$52, DW_AT_high_pc(0x00)
     806                      .dwattr $C$DW$52, DW_AT_linkage_name("Device_enableAllPeripherals")
     807                      .dwattr $C$DW$52, DW_AT_external
     808                      .dwattr $C$DW$52, DW_AT_decl_file("/home/jose/ti/c2000/C2000Ware_26_01_00_00/device_support/f2837xd/c
     809                      .dwattr $C$DW$52, DW_AT_decl_line(0xa4)
     810                      .dwattr $C$DW$52, DW_AT_decl_column(0x06)
     811                      .dwattr $C$DW$52, DW_AT_TI_max_frame_size(-2)
     812                      .dwpsn  file "/home/jose/ti/c2000/C2000Ware_26_01_00_00/device_support/f2837xd/common/source/device.c
     813              
     814                      .dwfde $C$DW$CIE, ||Device_enableAllPeripherals||
     815              
     816              ;***************************************************************
     817              ;* FNAME: Device_enableAllPeripherals   FR SIZE:   0           *
     818              ;*                                                             *
     819              ;* FUNCTION ENVIRONMENT                                        *
     820              ;*                                                             *
     821              ;* FUNCTION PROPERTIES                                         *
     822              ;*                            0 Parameter,  0 Auto,  0 SOE     *
     823              ;***************************************************************
     824              
     825 00000000       ||Device_enableAllPeripherals||:
     826                      .dwcfi  cfa_offset, -2
TMS320C2000 Assembler Unix v25.11.0 Sat May 30 20:16:39 2026

Copyright (c) 1996-2018 Texas Instruments Incorporated
device.asm                                                           PAGE   17

     827                      .dwcfi  save_reg_to_mem, 26, 0
     828                      .dwpsn  file "/home/jose/ti/c2000/C2000Ware_26_01_00_00/driverlib/f2837xd/driverlib/sysctl.h",line 99
     829 00000000 7622          EALLOW    ; [CPU_ALU] |990| 
     830                      .dwpsn  file "/home/jose/ti/c2000/C2000Ware_26_01_00_00/driverlib/f2837xd/driverlib/sysctl.h",line 99
     831 00000001 0201          MOVB      ACC,#1                ; [CPU_ALU] |995| 
     832 00000002 8F05          MOVL      XAR4,#381730          ; [CPU_ARAU] |995| 
         00000003 D322 
     833 00000004 98C4          OR        *+XAR4[0],AL          ; [CPU_ALU] |995| 
     834 00000005 99CC          OR        *+XAR4[1],AH          ; [CPU_ALU] |995| 
     835 00000006 0204          MOVB      ACC,#4                ; [CPU_ALU] |995| 
     836 00000007 98C4          OR        *+XAR4[0],AL          ; [CPU_ALU] |995| 
     837 00000008 99CC          OR        *+XAR4[1],AH          ; [CPU_ALU] |995| 
     838 00000009 0208          MOVB      ACC,#8                ; [CPU_ALU] |995| 
     839 0000000a 98C4          OR        *+XAR4[0],AL          ; [CPU_ALU] |995| 
     840 0000000b 99CC          OR        *+XAR4[1],AH          ; [CPU_ALU] |995| 
     841 0000000c 0210          MOVB      ACC,#16               ; [CPU_ALU] |995| 
     842 0000000d 98C4          OR        *+XAR4[0],AL          ; [CPU_ALU] |995| 
     843 0000000e 99CC          OR        *+XAR4[1],AH          ; [CPU_ALU] |995| 
     844 0000000f 0220          MOVB      ACC,#32               ; [CPU_ALU] |995| 
     845 00000010 98C4          OR        *+XAR4[0],AL          ; [CPU_ALU] |995| 
     846 00000011 99CC          OR        *+XAR4[1],AH          ; [CPU_ALU] |995| 
     847 00000012 06C4          MOVL      ACC,*+XAR4[0]         ; [CPU_ALU] |995| 
     848 00000013 5101          OR        AH,#1                 ; [CPU_ALU] |995| 
     849 00000014 1EC4          MOVL      *+XAR4[0],ACC         ; [CPU_ALU] |995| 
     850 00000015 06C4          MOVL      ACC,*+XAR4[0]         ; [CPU_ALU] |995| 
     851 00000016 5104          OR        AH,#4                 ; [CPU_ALU] |995| 
     852 00000017 1EC4          MOVL      *+XAR4[0],ACC         ; [CPU_ALU] |995| 
     853 00000018 0201          MOVB      ACC,#1                ; [CPU_ALU] |995| 
     854 00000019 8F05          MOVL      XAR4,#381732          ; [CPU_ARAU] |995| 
         0000001a D324 
     855 0000001b 98C4          OR        *+XAR4[0],AL          ; [CPU_ALU] |995| 
     856 0000001c 99CC          OR        *+XAR4[1],AH          ; [CPU_ALU] |995| 
     857 0000001d 0202          MOVB      ACC,#2                ; [CPU_ALU] |995| 
     858 0000001e 98C4          OR        *+XAR4[0],AL          ; [CPU_ALU] |995| 
     859 0000001f 99CC          OR        *+XAR4[1],AH          ; [CPU_ALU] |995| 
     860 00000020 0201          MOVB      ACC,#1                ; [CPU_ALU] |995| 
     861 00000021 8F05          MOVL      XAR4,#381734          ; [CPU_ARAU] |995| 
         00000022 D326 
     862 00000023 98C4          OR        *+XAR4[0],AL          ; [CPU_ALU] |995| 
     863 00000024 99CC          OR        *+XAR4[1],AH          ; [CPU_ALU] |995| 
     864 00000025 0202          MOVB      ACC,#2                ; [CPU_ALU] |995| 
     865 00000026 98C4          OR        *+XAR4[0],AL          ; [CPU_ALU] |995| 
     866 00000027 99CC          OR        *+XAR4[1],AH          ; [CPU_ALU] |995| 
     867 00000028 0204          MOVB      ACC,#4                ; [CPU_ALU] |995| 
     868 00000029 98C4          OR        *+XAR4[0],AL          ; [CPU_ALU] |995| 
     869 0000002a 99CC          OR        *+XAR4[1],AH          ; [CPU_ALU] |995| 
     870 0000002b 0208          MOVB      ACC,#8                ; [CPU_ALU] |995| 
     871 0000002c 98C4          OR        *+XAR4[0],AL          ; [CPU_ALU] |995| 
     872 0000002d 99CC          OR        *+XAR4[1],AH          ; [CPU_ALU] |995| 
     873 0000002e 0210          MOVB      ACC,#16               ; [CPU_ALU] |995| 
     874 0000002f 98C4          OR        *+XAR4[0],AL          ; [CPU_ALU] |995| 
     875 00000030 99CC          OR        *+XAR4[1],AH          ; [CPU_ALU] |995| 
     876 00000031 0220          MOVB      ACC,#32               ; [CPU_ALU] |995| 
     877 00000032 98C4          OR        *+XAR4[0],AL          ; [CPU_ALU] |995| 
     878 00000033 99CC          OR        *+XAR4[1],AH          ; [CPU_ALU] |995| 
TMS320C2000 Assembler Unix v25.11.0 Sat May 30 20:16:39 2026

Copyright (c) 1996-2018 Texas Instruments Incorporated
device.asm                                                           PAGE   18

     879 00000034 0240          MOVB      ACC,#64               ; [CPU_ALU] |995| 
     880 00000035 98C4          OR        *+XAR4[0],AL          ; [CPU_ALU] |995| 
     881 00000036 99CC          OR        *+XAR4[1],AH          ; [CPU_ALU] |995| 
     882 00000037 0280          MOVB      ACC,#128              ; [CPU_ALU] |995| 
     883 00000038 98C4          OR        *+XAR4[0],AL          ; [CPU_ALU] |995| 
     884 00000039 99CC          OR        *+XAR4[1],AH          ; [CPU_ALU] |995| 
     885 0000003a 06C4          MOVL      ACC,*+XAR4[0]         ; [CPU_ALU] |995| 
     886 0000003b 1AA9          OR        AL,#256               ; [CPU_ALU] |995| 
         0000003c 0100 
     887 0000003d 1EC4          MOVL      *+XAR4[0],ACC         ; [CPU_ALU] |995| 
     888 0000003e 06C4          MOVL      ACC,*+XAR4[0]         ; [CPU_ALU] |995| 
     889 0000003f 1AA9          OR        AL,#512               ; [CPU_ALU] |995| 
         00000040 0200 
     890 00000041 1EC4          MOVL      *+XAR4[0],ACC         ; [CPU_ALU] |995| 
     891 00000042 06C4          MOVL      ACC,*+XAR4[0]         ; [CPU_ALU] |995| 
     892 00000043 1AA9          OR        AL,#1024              ; [CPU_ALU] |995| 
         00000044 0400 
     893 00000045 1EC4          MOVL      *+XAR4[0],ACC         ; [CPU_ALU] |995| 
     894 00000046 06C4          MOVL      ACC,*+XAR4[0]         ; [CPU_ALU] |995| 
     895 00000047 1AA9          OR        AL,#2048              ; [CPU_ALU] |995| 
         00000048 0800 
     896 00000049 1EC4          MOVL      *+XAR4[0],ACC         ; [CPU_ALU] |995| 
     897 0000004a 0201          MOVB      ACC,#1                ; [CPU_ALU] |995| 
     898 0000004b 8F05          MOVL      XAR4,#381736          ; [CPU_ARAU] |995| 
         0000004c D328 
     899 0000004d 98C4          OR        *+XAR4[0],AL          ; [CPU_ALU] |995| 
     900 0000004e 99CC          OR        *+XAR4[1],AH          ; [CPU_ALU] |995| 
     901 0000004f 0202          MOVB      ACC,#2                ; [CPU_ALU] |995| 
     902 00000050 98C4          OR        *+XAR4[0],AL          ; [CPU_ALU] |995| 
     903 00000051 99CC          OR        *+XAR4[1],AH          ; [CPU_ALU] |995| 
     904 00000052 0204          MOVB      ACC,#4                ; [CPU_ALU] |995| 
     905 00000053 98C4          OR        *+XAR4[0],AL          ; [CPU_ALU] |995| 
     906 00000054 99CC          OR        *+XAR4[1],AH          ; [CPU_ALU] |995| 
     907 00000055 0208          MOVB      ACC,#8                ; [CPU_ALU] |995| 
     908 00000056 98C4          OR        *+XAR4[0],AL          ; [CPU_ALU] |995| 
     909 00000057 99CC          OR        *+XAR4[1],AH          ; [CPU_ALU] |995| 
     910 00000058 0210          MOVB      ACC,#16               ; [CPU_ALU] |995| 
     911 00000059 98C4          OR        *+XAR4[0],AL          ; [CPU_ALU] |995| 
     912 0000005a 99CC          OR        *+XAR4[1],AH          ; [CPU_ALU] |995| 
     913 0000005b 0220          MOVB      ACC,#32               ; [CPU_ALU] |995| 
     914 0000005c 98C4          OR        *+XAR4[0],AL          ; [CPU_ALU] |995| 
     915 0000005d 99CC          OR        *+XAR4[1],AH          ; [CPU_ALU] |995| 
     916 0000005e 0201          MOVB      ACC,#1                ; [CPU_ALU] |995| 
     917 0000005f 8F05          MOVL      XAR4,#381738          ; [CPU_ARAU] |995| 
         00000060 D32A 
     918 00000061 98C4          OR        *+XAR4[0],AL          ; [CPU_ALU] |995| 
     919 00000062 99CC          OR        *+XAR4[1],AH          ; [CPU_ALU] |995| 
     920 00000063 0202          MOVB      ACC,#2                ; [CPU_ALU] |995| 
     921 00000064 98C4          OR        *+XAR4[0],AL          ; [CPU_ALU] |995| 
     922 00000065 99CC          OR        *+XAR4[1],AH          ; [CPU_ALU] |995| 
     923 00000066 0204          MOVB      ACC,#4                ; [CPU_ALU] |995| 
     924 00000067 98C4          OR        *+XAR4[0],AL          ; [CPU_ALU] |995| 
     925 00000068 99CC          OR        *+XAR4[1],AH          ; [CPU_ALU] |995| 
     926 00000069 0201          MOVB      ACC,#1                ; [CPU_ALU] |995| 
     927 0000006a 8F05          MOVL      XAR4,#381742          ; [CPU_ARAU] |995| 
TMS320C2000 Assembler Unix v25.11.0 Sat May 30 20:16:39 2026

Copyright (c) 1996-2018 Texas Instruments Incorporated
device.asm                                                           PAGE   19

         0000006b D32E 
     928 0000006c 98C4          OR        *+XAR4[0],AL          ; [CPU_ALU] |995| 
     929 0000006d 99CC          OR        *+XAR4[1],AH          ; [CPU_ALU] |995| 
     930 0000006e 0202          MOVB      ACC,#2                ; [CPU_ALU] |995| 
     931 0000006f 98C4          OR        *+XAR4[0],AL          ; [CPU_ALU] |995| 
     932 00000070 99CC          OR        *+XAR4[1],AH          ; [CPU_ALU] |995| 
     933 00000071 0201          MOVB      ACC,#1                ; [CPU_ALU] |995| 
     934 00000072 8F05          MOVL      XAR4,#381744          ; [CPU_ARAU] |995| 
         00000073 D330 
     935 00000074 98C4          OR        *+XAR4[0],AL          ; [CPU_ALU] |995| 
     936 00000075 99CC          OR        *+XAR4[1],AH          ; [CPU_ALU] |995| 
     937 00000076 0202          MOVB      ACC,#2                ; [CPU_ALU] |995| 
     938 00000077 98C4          OR        *+XAR4[0],AL          ; [CPU_ALU] |995| 
     939 00000078 99CC          OR        *+XAR4[1],AH          ; [CPU_ALU] |995| 
     940 00000079 0204          MOVB      ACC,#4                ; [CPU_ALU] |995| 
     941 0000007a 98C4          OR        *+XAR4[0],AL          ; [CPU_ALU] |995| 
     942 0000007b 99CC          OR        *+XAR4[1],AH          ; [CPU_ALU] |995| 
     943 0000007c 0208          MOVB      ACC,#8                ; [CPU_ALU] |995| 
     944 0000007d 98C4          OR        *+XAR4[0],AL          ; [CPU_ALU] |995| 
     945 0000007e 99CC          OR        *+XAR4[1],AH          ; [CPU_ALU] |995| 
     946 0000007f 0201          MOVB      ACC,#1                ; [CPU_ALU] |995| 
     947 00000080 8F05          MOVL      XAR4,#381746          ; [CPU_ARAU] |995| 
         00000081 D332 
     948 00000082 98C4          OR        *+XAR4[0],AL          ; [CPU_ALU] |995| 
     949 00000083 99CC          OR        *+XAR4[1],AH          ; [CPU_ALU] |995| 
     950 00000084 0202          MOVB      ACC,#2                ; [CPU_ALU] |995| 
     951 00000085 98C4          OR        *+XAR4[0],AL          ; [CPU_ALU] |995| 
     952 00000086 99CC          OR        *+XAR4[1],AH          ; [CPU_ALU] |995| 
     953 00000087 0204          MOVB      ACC,#4                ; [CPU_ALU] |995| 
     954 00000088 98C4          OR        *+XAR4[0],AL          ; [CPU_ALU] |995| 
     955 00000089 99CC          OR        *+XAR4[1],AH          ; [CPU_ALU] |995| 
     956 0000008a 0201          MOVB      ACC,#1                ; [CPU_ALU] |995| 
     957 0000008b 8F05          MOVL      XAR4,#381748          ; [CPU_ARAU] |995| 
         0000008c D334 
     958 0000008d 98C4          OR        *+XAR4[0],AL          ; [CPU_ALU] |995| 
     959 0000008e 99CC          OR        *+XAR4[1],AH          ; [CPU_ALU] |995| 
     960 0000008f 0202          MOVB      ACC,#2                ; [CPU_ALU] |995| 
     961 00000090 98C4          OR        *+XAR4[0],AL          ; [CPU_ALU] |995| 
     962 00000091 99CC          OR        *+XAR4[1],AH          ; [CPU_ALU] |995| 
     963 00000092 0201          MOVB      ACC,#1                ; [CPU_ALU] |995| 
     964 00000093 8F05          MOVL      XAR4,#381750          ; [CPU_ARAU] |995| 
         00000094 D336 
     965 00000095 98C4          OR        *+XAR4[0],AL          ; [CPU_ALU] |995| 
     966 00000096 99CC          OR        *+XAR4[1],AH          ; [CPU_ALU] |995| 
     967 00000097 0202          MOVB      ACC,#2                ; [CPU_ALU] |995| 
     968 00000098 98C4          OR        *+XAR4[0],AL          ; [CPU_ALU] |995| 
     969 00000099 99CC          OR        *+XAR4[1],AH          ; [CPU_ALU] |995| 
     970 0000009a 0201          MOVB      ACC,#1                ; [CPU_ALU] |995| 
     971 0000009b 8F05          MOVL      XAR4,#381752          ; [CPU_ARAU] |995| 
         0000009c D338 
     972 0000009d 98C4          OR        *+XAR4[0],AL          ; [CPU_ALU] |995| 
     973 0000009e 99CC          OR        *+XAR4[1],AH          ; [CPU_ALU] |995| 
     974 0000009f 0202          MOVB      ACC,#2                ; [CPU_ALU] |995| 
     975 000000a0 98C4          OR        *+XAR4[0],AL          ; [CPU_ALU] |995| 
     976 000000a1 99CC          OR        *+XAR4[1],AH          ; [CPU_ALU] |995| 
TMS320C2000 Assembler Unix v25.11.0 Sat May 30 20:16:39 2026

Copyright (c) 1996-2018 Texas Instruments Incorporated
device.asm                                                           PAGE   20

     977 000000a2 06C4          MOVL      ACC,*+XAR4[0]         ; [CPU_ALU] |995| 
     978 000000a3 5101          OR        AH,#1                 ; [CPU_ALU] |995| 
     979 000000a4 1EC4          MOVL      *+XAR4[0],ACC         ; [CPU_ALU] |995| 
     980 000000a5 0201          MOVB      ACC,#1                ; [CPU_ALU] |995| 
     981 000000a6 8F05          MOVL      XAR4,#381754          ; [CPU_ARAU] |995| 
         000000a7 D33A 
     982 000000a8 98C4          OR        *+XAR4[0],AL          ; [CPU_ALU] |995| 
     983 000000a9 99CC          OR        *+XAR4[1],AH          ; [CPU_ALU] |995| 
     984 000000aa 8F05          MOVL      XAR4,#381756          ; [CPU_ARAU] |995| 
         000000ab D33C 
     985 000000ac 98C4          OR        *+XAR4[0],AL          ; [CPU_ALU] |995| 
     986 000000ad 99CC          OR        *+XAR4[1],AH          ; [CPU_ALU] |995| 
     987 000000ae 0202          MOVB      ACC,#2                ; [CPU_ALU] |995| 
     988 000000af 98C4          OR        *+XAR4[0],AL          ; [CPU_ALU] |995| 
     989 000000b0 99CC          OR        *+XAR4[1],AH          ; [CPU_ALU] |995| 
     990 000000b1 0204          MOVB      ACC,#4                ; [CPU_ALU] |995| 
     991 000000b2 98C4          OR        *+XAR4[0],AL          ; [CPU_ALU] |995| 
     992 000000b3 99CC          OR        *+XAR4[1],AH          ; [CPU_ALU] |995| 
     993 000000b4 0208          MOVB      ACC,#8                ; [CPU_ALU] |995| 
     994 000000b5 98C4          OR        *+XAR4[0],AL          ; [CPU_ALU] |995| 
     995 000000b6 99CC          OR        *+XAR4[1],AH          ; [CPU_ALU] |995| 
     996 000000b7 0201          MOVB      ACC,#1                ; [CPU_ALU] |995| 
     997 000000b8 8F05          MOVL      XAR4,#381758          ; [CPU_ARAU] |995| 
         000000b9 D33E 
     998 000000ba 98C4          OR        *+XAR4[0],AL          ; [CPU_ALU] |995| 
     999 000000bb 99CC          OR        *+XAR4[1],AH          ; [CPU_ALU] |995| 
    1000 000000bc 0202          MOVB      ACC,#2                ; [CPU_ALU] |995| 
    1001 000000bd 98C4          OR        *+XAR4[0],AL          ; [CPU_ALU] |995| 
    1002 000000be 99CC          OR        *+XAR4[1],AH          ; [CPU_ALU] |995| 
    1003 000000bf 0204          MOVB      ACC,#4                ; [CPU_ALU] |995| 
    1004 000000c0 98C4          OR        *+XAR4[0],AL          ; [CPU_ALU] |995| 
    1005 000000c1 99CC          OR        *+XAR4[1],AH          ; [CPU_ALU] |995| 
    1006 000000c2 0208          MOVB      ACC,#8                ; [CPU_ALU] |995| 
    1007 000000c3 98C4          OR        *+XAR4[0],AL          ; [CPU_ALU] |995| 
    1008 000000c4 99CC          OR        *+XAR4[1],AH          ; [CPU_ALU] |995| 
    1009 000000c5 0210          MOVB      ACC,#16               ; [CPU_ALU] |995| 
    1010 000000c6 98C4          OR        *+XAR4[0],AL          ; [CPU_ALU] |995| 
    1011 000000c7 99CC          OR        *+XAR4[1],AH          ; [CPU_ALU] |995| 
    1012 000000c8 0220          MOVB      ACC,#32               ; [CPU_ALU] |995| 
    1013 000000c9 98C4          OR        *+XAR4[0],AL          ; [CPU_ALU] |995| 
    1014 000000ca 99CC          OR        *+XAR4[1],AH          ; [CPU_ALU] |995| 
    1015 000000cb 0240          MOVB      ACC,#64               ; [CPU_ALU] |995| 
    1016 000000cc 98C4          OR        *+XAR4[0],AL          ; [CPU_ALU] |995| 
    1017 000000cd 99CC          OR        *+XAR4[1],AH          ; [CPU_ALU] |995| 
    1018 000000ce 0280          MOVB      ACC,#128              ; [CPU_ALU] |995| 
    1019 000000cf 98C4          OR        *+XAR4[0],AL          ; [CPU_ALU] |995| 
    1020 000000d0 99CC          OR        *+XAR4[1],AH          ; [CPU_ALU] |995| 
    1021 000000d1 8F05          MOVL      XAR4,#381762          ; [CPU_ARAU] |995| 
         000000d2 D342 
    1022 000000d3 06C4          MOVL      ACC,*+XAR4[0]         ; [CPU_ALU] |995| 
    1023 000000d4 5101          OR        AH,#1                 ; [CPU_ALU] |995| 
    1024 000000d5 1EC4          MOVL      *+XAR4[0],ACC         ; [CPU_ALU] |995| 
    1025 000000d6 06C4          MOVL      ACC,*+XAR4[0]         ; [CPU_ALU] |995| 
    1026 000000d7 5102          OR        AH,#2                 ; [CPU_ALU] |995| 
    1027 000000d8 1EC4          MOVL      *+XAR4[0],ACC         ; [CPU_ALU] |995| 
TMS320C2000 Assembler Unix v25.11.0 Sat May 30 20:16:39 2026

Copyright (c) 1996-2018 Texas Instruments Incorporated
device.asm                                                           PAGE   21

    1028 000000d9 06C4          MOVL      ACC,*+XAR4[0]         ; [CPU_ALU] |995| 
    1029 000000da 5104          OR        AH,#4                 ; [CPU_ALU] |995| 
    1030 000000db 1EC4          MOVL      *+XAR4[0],ACC         ; [CPU_ALU] |995| 
    1031                      .dwpsn  file "/home/jose/ti/c2000/C2000Ware_26_01_00_00/driverlib/f2837xd/driverlib/sysctl.h",line 99
    1032 000000dc 761A          EDIS      ; [CPU_ALU] |996| 
    1033              $C$DW$53        .dwtag  DW_TAG_TI_branch
    1034                      .dwattr $C$DW$53, DW_AT_low_pc(0x00)
    1035                      .dwattr $C$DW$53, DW_AT_TI_return
    1036              
    1037 000000dd 0006          LRETR     ; [CPU_ALU] 
    1038                      ; return occurs ; [] 
    1039                      .dwattr $C$DW$52, DW_AT_TI_end_file("/home/jose/ti/c2000/C2000Ware_26_01_00_00/device_support/f2837xd
    1040                      .dwattr $C$DW$52, DW_AT_TI_end_line(0xf9)
    1041                      .dwattr $C$DW$52, DW_AT_TI_end_column(0x01)
    1042                      .dwendentry
    1043                      .dwendtag $C$DW$52
    1044              
    1045 00000000               .sect   ".text:Device_init"
    1046                      .clink
    1047                      .global ||Device_init||
    1048              
    1049              $C$DW$54        .dwtag  DW_TAG_subprogram
    1050                      .dwattr $C$DW$54, DW_AT_name("Device_init")
    1051                      .dwattr $C$DW$54, DW_AT_low_pc(||Device_init||)
    1052                      .dwattr $C$DW$54, DW_AT_high_pc(0x00)
    1053                      .dwattr $C$DW$54, DW_AT_linkage_name("Device_init")
    1054                      .dwattr $C$DW$54, DW_AT_external
    1055                      .dwattr $C$DW$54, DW_AT_decl_file("/home/jose/ti/c2000/C2000Ware_26_01_00_00/device_support/f2837xd/c
    1056                      .dwattr $C$DW$54, DW_AT_decl_line(0x48)
    1057                      .dwattr $C$DW$54, DW_AT_decl_column(0x06)
    1058                      .dwattr $C$DW$54, DW_AT_TI_max_frame_size(-4)
    1059                      .dwpsn  file "/home/jose/ti/c2000/C2000Ware_26_01_00_00/device_support/f2837xd/common/source/device.c
    1060              
    1061                      .dwfde $C$DW$CIE, ||Device_init||
    1062              
    1063              ;***************************************************************
    1064              ;* FNAME: Device_init                   FR SIZE:   2           *
    1065              ;*                                                             *
    1066              ;* FUNCTION ENVIRONMENT                                        *
    1067              ;*                                                             *
    1068              ;* FUNCTION PROPERTIES                                         *
    1069              ;*                            2 Parameter,  0 Auto,  0 SOE     *
    1070              ;***************************************************************
    1071              
    1072 00000000       ||Device_init||:
    1073                      .dwcfi  cfa_offset, -2
    1074                      .dwcfi  save_reg_to_mem, 26, 0
    1075 00000000 FE02          ADDB      SP,#2                 ; [CPU_ARAU] 
    1076                      .dwcfi  cfa_offset, -4
    1077                      .dwpsn  file "/home/jose/ti/c2000/C2000Ware_26_01_00_00/driverlib/f2837xd/driverlib/sysctl.h",line 19
    1078 00000001 7622          EALLOW    ; [CPU_ALU] |1948| 
    1079                      .dwpsn  file "/home/jose/ti/c2000/C2000Ware_26_01_00_00/driverlib/f2837xd/driverlib/sysctl.h",line 19
    1080 00000002 F5A9          MOV       AL,*(0:0x7029)        ; [CPU_ALU] |1953| 
         00000003 7029 
    1081 00000004 5068          ORB       AL,#0x68              ; [CPU_ALU] |1953| 
TMS320C2000 Assembler Unix v25.11.0 Sat May 30 20:16:39 2026

Copyright (c) 1996-2018 Texas Instruments Incorporated
device.asm                                                           PAGE   22

    1082 00000005 F4A9          MOV       *(0:0x7029),AL        ; [CPU_ALU] |1953| 
         00000006 7029 
    1083 00000007 F645   RPT #69 || NOP
         00000008 7700 
    1084                      .dwpsn  file "/home/jose/ti/c2000/C2000Ware_26_01_00_00/driverlib/f2837xd/driverlib/sysctl.h",line 19
    1085 00000009 761A          EDIS      ; [CPU_ALU] |1956| 
    1086                      .dwpsn  file "/home/jose/ti/c2000/C2000Ware_26_01_00_00/device_support/f2837xd/common/source/device.c
    1087 0000000a 8F40!         MOVL      XAR5,#||RamfuncsLoadStart|| ; [CPU_ARAU] |92| 
         0000000b 0000 
    1088 0000000c 28A8!         MOV       AH,#$HI16(||RamfuncsLoadSize||) + 0 ; [CPU_ALU] |92| 
         0000000d 0000 
    1089 0000000e 8F00!         MOVL      XAR4,#||RamfuncsRunStart|| ; [CPU_ARAU] |92| 
         0000000f 0000 
    1090 00000010 FF69          SPM       #0                    ; [CPU_ALU] 
    1091 00000011 28A9!         MOV       AL,#$LO16(||RamfuncsLoadSize||) + 0 ; [CPU_ALU] |92| 
         00000012 0000 
    1092              $C$DW$55        .dwtag  DW_TAG_TI_branch
    1093                      .dwattr $C$DW$55, DW_AT_low_pc(0x00)
    1094                      .dwattr $C$DW$55, DW_AT_name("memcpy")
    1095                      .dwattr $C$DW$55, DW_AT_TI_call
    1096              
    1097 00000013 7640!         LCR       #||memcpy||           ; [CPU_ALU] |92| 
         00000014 0000 
    1098                      ; call occurs [#||memcpy||] ; [] |92| 
    1099                      .dwpsn  file "/home/jose/ti/c2000/C2000Ware_26_01_00_00/device_support/f2837xd/common/source/device.c
    1100 00000015 8F05          MOVL      XAR4,#391936          ; [CPU_ARAU] |99| 
         00000016 FB00 
    1101 00000017 8F45          MOVL      XAR5,#391168          ; [CPU_ARAU] |99| 
         00000018 F800 
    1102 00000019 A842          MOVL      *-SP[2],XAR4          ; [CPU_ALU] |99| 
    1103 0000001a A0A9          MOVL      ACC,XAR5              ; [CPU_ALU] |99| 
    1104 0000001b D403          MOVB      XAR4,#3               ; [CPU_ALU] |99| 
    1105              $C$DW$56        .dwtag  DW_TAG_TI_branch
    1106                      .dwattr $C$DW$56, DW_AT_low_pc(0x00)
    1107                      .dwattr $C$DW$56, DW_AT_name("Flash_initModule")
    1108                      .dwattr $C$DW$56, DW_AT_TI_call
    1109              
    1110 0000001c 7640!         LCR       #||Flash_initModule|| ; [CPU_ALU] |99| 
         0000001d 0000 
    1111                      ; call occurs [#||Flash_initModule||] ; [] |99| 
    1112                      .dwpsn  file "/home/jose/ti/c2000/C2000Ware_26_01_00_00/device_support/f2837xd/common/source/device.c
    1113 0000001e 9A00          MOVB      AL,#0                 ; [CPU_ALU] |106| 
    1114              $C$DW$57        .dwtag  DW_TAG_TI_branch
    1115                      .dwattr $C$DW$57, DW_AT_low_pc(0x00)
    1116                      .dwattr $C$DW$57, DW_AT_name("SysCtl_getDeviceParametric")
    1117                      .dwattr $C$DW$57, DW_AT_TI_call
    1118              
    1119 0000001f 7640!         LCR       #||SysCtl_getDeviceParametric|| ; [CPU_ALU] |106| 
         00000020 0000 
    1120                      ; call occurs [#||SysCtl_getDeviceParametric||] ; [] |106| 
    1121 00000021 5200          CMPB      AL,#0                 ; [CPU_ALU] |106| 
    1122 00000022 6007          B         ||$C$L4||,NEQ         ; [CPU_ALU] |106| 
    1123                      ; branchcc occurs ; [] |106| 
    1124 00000023 8F05          MOVL      XAR4,#381366          ; [CPU_ARAU] |106| 
         00000024 D1B6 
TMS320C2000 Assembler Unix v25.11.0 Sat May 30 20:16:39 2026

Copyright (c) 1996-2018 Texas Instruments Incorporated
device.asm                                                           PAGE   23

    1125 00000025 92C4          MOV       AL,*+XAR4[0]          ; [CPU_ALU] |106| 
    1126 00000026 6003          B         ||$C$L4||,NEQ         ; [CPU_ALU] |106| 
    1127                      ; branchcc occurs ; [] |106| 
    1128                      .dwpsn  file "/home/jose/ti/c2000/C2000Ware_26_01_00_00/device_support/f2837xd/common/source/device.c
    1129              $C$DW$58        .dwtag  DW_TAG_TI_branch
    1130                      .dwattr $C$DW$58, DW_AT_low_pc(0x00)
    1131                      .dwattr $C$DW$58, DW_AT_name("Device_configureTMXAnalogTrim")
    1132                      .dwattr $C$DW$58, DW_AT_TI_call
    1133              
    1134 00000027 7640!         LCR       #||Device_configureTMXAnalogTrim|| ; [CPU_ALU] |109| 
         00000028 0000 
    1135                      ; call occurs [#||Device_configureTMXAnalogTrim||] ; [] |109| 
    1136 00000029       ||$C$L4||:    
    1137                      .dwpsn  file "/home/jose/ti/c2000/C2000Ware_26_01_00_00/device_support/f2837xd/common/source/device.c
    1138 00000029 9A94          MOV       AL,#148               ; [CPU_ALU] |115| 
    1139 0000002a 28A8          MOV       AH,#32769             ; [CPU_ALU] |115| 
         0000002b 8001 
    1140              $C$DW$59        .dwtag  DW_TAG_TI_branch
    1141                      .dwattr $C$DW$59, DW_AT_low_pc(0x00)
    1142                      .dwattr $C$DW$59, DW_AT_name("SysCtl_setClock")
    1143                      .dwattr $C$DW$59, DW_AT_TI_call
    1144              
    1145 0000002c 7640!         LCR       #||SysCtl_setClock||  ; [CPU_ALU] |115| 
         0000002d 0000 
    1146                      ; call occurs [#||SysCtl_setClock||] ; [] |115| 
    1147                      .dwpsn  file "/home/jose/ti/c2000/C2000Ware_26_01_00_00/driverlib/f2837xd/driverlib/sysctl.h",line 11
    1148 0000002e 7622          EALLOW    ; [CPU_ALU] |1183| 
    1149                      .dwpsn  file "/home/jose/ti/c2000/C2000Ware_26_01_00_00/driverlib/f2837xd/driverlib/sysctl.h",line 11
    1150 0000002f 8F05          MOVL      XAR4,#381484          ; [CPU_ARAU] |1184| 
         00000030 D22C 
    1151 00000031 06C4          MOVL      ACC,*+XAR4[0]         ; [CPU_ALU] |1184| 
    1152 00000032 18A9          AND       AL,#65528             ; [CPU_ALU] |1184| 
         00000033 FFF8 
    1153 00000034 5002          ORB       AL,#0x02              ; [CPU_ALU] |1184| 
    1154 00000035 1EC4          MOVL      *+XAR4[0],ACC         ; [CPU_ALU] |1184| 
    1155                      .dwpsn  file "/home/jose/ti/c2000/C2000Ware_26_01_00_00/driverlib/f2837xd/driverlib/sysctl.h",line 11
    1156 00000036 761A          EDIS      ; [CPU_ALU] |1187| 
    1157                      .dwpsn  file "/home/jose/ti/c2000/C2000Ware_26_01_00_00/device_support/f2837xd/common/source/device.c
    1158              $C$DW$60        .dwtag  DW_TAG_TI_branch
    1159                      .dwattr $C$DW$60, DW_AT_low_pc(0x00)
    1160                      .dwattr $C$DW$60, DW_AT_name("Device_enableAllPeripherals")
    1161                      .dwattr $C$DW$60, DW_AT_TI_call
    1162              
    1163 00000037 7640!         LCR       #||Device_enableAllPeripherals|| ; [CPU_ALU] |148| 
         00000038 0000 
    1164                      ; call occurs [#||Device_enableAllPeripherals||] ; [] |148| 
    1165 00000039 761F!         MOVW      DP,#||Example_Result|| ; [CPU_ARAU] 
         0000003a 0000 
    1166                      .dwpsn  file "/home/jose/ti/c2000/C2000Ware_26_01_00_00/device_support/f2837xd/common/source/device.c
    1167 0000003b 0201          MOVB      ACC,#1                ; [CPU_ALU] |153| 
    1168 0000003c FE82          SUBB      SP,#2                 ; [CPU_ARAU] 
    1169                      .dwcfi  cfa_offset, -2
    1170 0000003d 1E00!         MOVL      @||Example_Result||,ACC ; [CPU_ALU] |153| 
    1171              $C$DW$61        .dwtag  DW_TAG_TI_branch
    1172                      .dwattr $C$DW$61, DW_AT_low_pc(0x00)
TMS320C2000 Assembler Unix v25.11.0 Sat May 30 20:16:39 2026

Copyright (c) 1996-2018 Texas Instruments Incorporated
device.asm                                                           PAGE   24

    1173                      .dwattr $C$DW$61, DW_AT_TI_return
    1174              
    1175 0000003e 0006          LRETR     ; [CPU_ALU] 
    1176                      ; return occurs ; [] 
    1177                      .dwattr $C$DW$54, DW_AT_TI_end_file("/home/jose/ti/c2000/C2000Ware_26_01_00_00/device_support/f2837xd
    1178                      .dwattr $C$DW$54, DW_AT_TI_end_line(0x9a)
    1179                      .dwattr $C$DW$54, DW_AT_TI_end_column(0x01)
    1180                      .dwendentry
    1181                      .dwendtag $C$DW$54
    1182              
    1183 00000000               .sect   ".text:Device_bootCPU2"
    1184                      .clink
    1185                      .global ||Device_bootCPU2||
    1186              
    1187              $C$DW$62        .dwtag  DW_TAG_subprogram
    1188                      .dwattr $C$DW$62, DW_AT_name("Device_bootCPU2")
    1189                      .dwattr $C$DW$62, DW_AT_low_pc(||Device_bootCPU2||)
    1190                      .dwattr $C$DW$62, DW_AT_high_pc(0x00)
    1191                      .dwattr $C$DW$62, DW_AT_linkage_name("Device_bootCPU2")
    1192                      .dwattr $C$DW$62, DW_AT_external
    1193                      .dwattr $C$DW$62, DW_AT_type(*$C$DW$T$44)
    1194                      .dwattr $C$DW$62, DW_AT_decl_file("/home/jose/ti/c2000/C2000Ware_26_01_00_00/device_support/f2837xd/c
    1195                      .dwattr $C$DW$62, DW_AT_decl_line(0x1c4)
    1196                      .dwattr $C$DW$62, DW_AT_decl_column(0x01)
    1197                      .dwattr $C$DW$62, DW_AT_TI_max_frame_size(-6)
    1198                      .dwpsn  file "/home/jose/ti/c2000/C2000Ware_26_01_00_00/device_support/f2837xd/common/source/device.c
    1199              
    1200                      .dwfde $C$DW$CIE, ||Device_bootCPU2||
    1201              $C$DW$63        .dwtag  DW_TAG_formal_parameter
    1202                      .dwattr $C$DW$63, DW_AT_name("bootMode")
    1203                      .dwattr $C$DW$63, DW_AT_type(*$C$DW$T$47)
    1204                      .dwattr $C$DW$63, DW_AT_location[DW_OP_reg0]
    1205              
    1206              
    1207              ;***************************************************************
    1208              ;* FNAME: Device_bootCPU2               FR SIZE:   4           *
    1209              ;*                                                             *
    1210              ;* FUNCTION ENVIRONMENT                                        *
    1211              ;*                                                             *
    1212              ;* FUNCTION PROPERTIES                                         *
    1213              ;*                            0 Parameter,  0 Auto,  4 SOE     *
    1214              ;***************************************************************
    1215              
    1216              ||Device_bootCPU2||:
    1217              ;* AR2   assigned to bootMode
    1218              $C$DW$64        .dwtag  DW_TAG_variable
    1219                      .dwattr $C$DW$64, DW_AT_name("bootMode")
    1220                      .dwattr $C$DW$64, DW_AT_type(*$C$DW$T$77)
    1221                      .dwattr $C$DW$64, DW_AT_location[DW_OP_reg8]
    1222              
    1223              ;* AR1   assigned to pin
    1224              $C$DW$65        .dwtag  DW_TAG_variable
    1225                      .dwattr $C$DW$65, DW_AT_name("pin")
    1226                      .dwattr $C$DW$65, DW_AT_type(*$C$DW$T$44)
    1227                      .dwattr $C$DW$65, DW_AT_location[DW_OP_reg6]
TMS320C2000 Assembler Unix v25.11.0 Sat May 30 20:16:39 2026

Copyright (c) 1996-2018 Texas Instruments Incorporated
device.asm                                                           PAGE   25

    1228              
    1229                      .dwcfi  cfa_offset, -2
    1230                      .dwcfi  save_reg_to_mem, 26, 0
    1231 00000000 B2BD          MOVL      *SP++,XAR1            ; [CPU_ALU] 
    1232                      .dwcfi  save_reg_to_mem, 7, 2
    1233                      .dwcfi  cfa_offset, -4
    1234                      .dwpsn  file "/home/jose/ti/c2000/C2000Ware_26_01_00_00/device_support/f2837xd/common/source/device.c
    1235 00000001 8F05          MOVL      XAR4,#327712          ; [CPU_ARAU] |462| 
         00000002 0020 
    1236 00000003 BE03          MOVB      XAR6,#3               ; [CPU_ALU] |462| 
    1237 00000004 AABD          MOVL      *SP++,XAR2            ; [CPU_ALU] 
    1238                      .dwcfi  save_reg_to_mem, 9, 4
    1239                      .dwcfi  cfa_offset, -6
    1240                      .dwpsn  file "/home/jose/ti/c2000/C2000Ware_26_01_00_00/device_support/f2837xd/common/source/device.c
    1241 00000005 86A9          MOVL      XAR2,ACC              ; [CPU_ALU] |453| 
    1242                      .dwpsn  file "/home/jose/ti/c2000/C2000Ware_26_01_00_00/device_support/f2837xd/common/source/device.c
    1243 00000006 06C4          MOVL      ACC,*+XAR4[0]         ; [CPU_ALU] |462| 
    1244 00000007 9B00          MOVB      AH,#0                 ; [CPU_ALU] |462| 
    1245 00000008 900F          ANDB      AL,#0x0f              ; [CPU_ALU] |462| 
    1246 00000009 0FA6          CMPL      ACC,XAR6              ; [CPU_ALU] |462| 
    1247 0000000a 6007          B         ||$C$L5||,NEQ         ; [CPU_ALU] |462| 
    1248                      ; branchcc occurs ; [] |462| 
    1249                      .dwpsn  file "/home/jose/ti/c2000/C2000Ware_26_01_00_00/device_support/f2837xd/common/source/device.c
    1250 0000000b 06C4          MOVL      ACC,*+XAR4[0]         ; [CPU_ALU] |469| 
    1251 0000000c 9000          ANDB      AL,#0                 ; [CPU_ALU] |469| 
    1252 0000000d 18A8          AND       AH,#32768             ; [CPU_ALU] |469| 
         0000000e 8000 
    1253 0000000f FF58          TEST      ACC                   ; [CPU_ALU] |469| 
    1254 00000010 6014          B         ||$C$L8||,NEQ         ; [CPU_ALU] |469| 
    1255                      ; branchcc occurs ; [] |469| 
    1256 00000011       ||$C$L5||:    
    1257                      .dwpsn  file "/home/jose/ti/c2000/C2000Ware_26_01_00_00/device_support/f2837xd/common/source/device.c
    1258 00000011 41C4          TBIT      *+XAR4[0],#1          ; [CPU_ALU] |486| 
    1259 00000012 6CFF          B         ||$C$L5||,NTC         ; [CPU_ALU] |486| 
    1260                      ; branchcc occurs ; [] |486| 
    1261                      .dwpsn  file "/home/jose/ti/c2000/C2000Ware_26_01_00_00/device_support/f2837xd/common/source/device.c
    1262 00000013 8F05          MOVL      XAR4,#327688          ; [CPU_ARAU] |493| 
         00000014 0008 
    1263 00000015       ||$C$L6||:    
    1264 00000015 06C4          MOVL      ACC,*+XAR4[0]         ; [CPU_ALU] |493| 
    1265 00000016 40A9          TBIT      AL,#0                 ; [CPU_ALU] |493| 
    1266 00000017 6C04          B         ||$C$L7||,NTC         ; [CPU_ALU] |493| 
    1267                      ; branchcc occurs ; [] |493| 
    1268 00000018 06C4          MOVL      ACC,*+XAR4[0]         ; [CPU_ALU] |493| 
    1269 00000019 40A9          TBIT      AL,#0                 ; [CPU_ALU] |493| 
    1270 0000001a 6DFB          B         ||$C$L6||,TC          ; [CPU_ALU] |493| 
    1271                      ; branchcc occurs ; [] |493| 
    1272 0000001b       ||$C$L7||:    
    1273 0000001b 06C4          MOVL      ACC,*+XAR4[0]         ; [CPU_ALU] |493| 
    1274 0000001c 9000          ANDB      AL,#0                 ; [CPU_ALU] |493| 
    1275 0000001d 18A8          AND       AH,#32768             ; [CPU_ALU] |493| 
         0000001e 8000 
    1276 0000001f FF58          TEST      ACC                   ; [CPU_ALU] |493| 
    1277 00000020 60F5          B         ||$C$L6||,NEQ         ; [CPU_ALU] |493| 
    1278                      ; branchcc occurs ; [] |493| 
TMS320C2000 Assembler Unix v25.11.0 Sat May 30 20:16:39 2026

Copyright (c) 1996-2018 Texas Instruments Incorporated
device.asm                                                           PAGE   26

    1279                      .dwpsn  file "/home/jose/ti/c2000/C2000Ware_26_01_00_00/device_support/f2837xd/common/source/device.c
    1280 00000021 020C          MOVB      ACC,#12               ; [CPU_ALU] |499| 
    1281 00000022 0FA2          CMPL      ACC,XAR2              ; [CPU_ALU] |499| 
    1282 00000023 6604          B         ||$C$L9||,HI          ; [CPU_ALU] |499| 
    1283                      ; branchcc occurs ; [] |499| 
    1284 00000024       ||$C$L8||:    
    1285                      .dwpsn  file "/home/jose/ti/c2000/C2000Ware_26_01_00_00/device_support/f2837xd/common/source/device.c
    1286 00000024 B601          MOVB      XAR7,#1               ; [CPU_ALU] |676| 
    1287 00000025 FFEF          B         ||$C$L18||,UNC        ; [CPU_ALU] |676| 
         00000026 0147 
    1288                      ; branch occurs ; [] |676| 
    1289 00000027       ||$C$L9||:    
    1290                      .dwpsn  file "/home/jose/ti/c2000/C2000Ware_26_01_00_00/device_support/f2837xd/common/source/device.c
    1291 00000027 C4A2          MOVL      XAR6,XAR2             ; [CPU_ALU] |509| 
    1292 00000028 0204          MOVB      ACC,#4                ; [CPU_ALU] |509| 
    1293 00000029 0FA6          CMPL      ACC,XAR6              ; [CPU_ALU] |509| 
    1294 0000002a 640C          B         ||$C$L10||,LT         ; [CPU_ALU] |509| 
    1295                      ; branchcc occurs ; [] |509| 
    1296 0000002b 0FA6          CMPL      ACC,XAR6              ; [CPU_ALU] |509| 
    1297 0000002c 617B          B         ||$C$L12||,EQ         ; [CPU_ALU] |509| 
    1298                      ; branchcc occurs ; [] |509| 
    1299 0000002d 06A6          MOVL      ACC,XAR6              ; [CPU_ALU] 
    1300 0000002e FFE1          B         ||$C$L14||,EQ         ; [CPU_ALU] |509| 
         0000002f 00FD 
    1301                      ; branchcc occurs ; [] |509| 
    1302 00000030 0201          MOVB      ACC,#1                ; [CPU_ALU] |509| 
    1303 00000031 0FA6          CMPL      ACC,XAR6              ; [CPU_ALU] |509| 
    1304 00000032 FFE1          B         ||$C$L13||,EQ         ; [CPU_ALU] |509| 
         00000033 00C6 
    1305                      ; branchcc occurs ; [] |509| 
    1306 00000034 FFEF          B         ||$C$L17||,UNC        ; [CPU_ALU] |509| 
         00000035 0128 
    1307                      ; branch occurs ; [] |509| 
    1308 00000036       ||$C$L10||:    
    1309 00000036 0205          MOVB      ACC,#5                ; [CPU_ALU] |509| 
    1310 00000037 0FA6          CMPL      ACC,XAR6              ; [CPU_ALU] |509| 
    1311 00000038 613C          B         ||$C$L11||,EQ         ; [CPU_ALU] |509| 
    1312                      ; branchcc occurs ; [] |509| 
    1313 00000039 0207          MOVB      ACC,#7                ; [CPU_ALU] |509| 
    1314 0000003a 0FA6          CMPL      ACC,XAR6              ; [CPU_ALU] |509| 
    1315 0000003b FFE0          B         ||$C$L17||,NEQ        ; [CPU_ALU] |509| 
         0000003c 0121 
    1316                      ; branchcc occurs ; [] |509| 
    1317                      .dwpsn  file "/home/jose/ti/c2000/C2000Ware_26_01_00_00/driverlib/f2837xd/driverlib/gpio.h",line 736,
    1318 0000003d 7622          EALLOW    ; [CPU_ALU] |736| 
    1319                      .dwpsn  file "/home/jose/ti/c2000/C2000Ware_26_01_00_00/driverlib/f2837xd/driverlib/gpio.h",line 737,
    1320 0000003e BFA9          MOV32     ACC,*(0:0x7cbc)       ; [CPU_FPU] |737| 
         0000003f 7CBC 
    1321 00000040 0200          MOVB      ACC,#0                ; [CPU_ALU] |737| 
    1322 00000041 BDA9          MOV32     *(0:0x7cbc),ACC       ; [CPU_FPU] |737| 
         00000042 7CBC 
    1323                      .dwpsn  file "/home/jose/ti/c2000/C2000Ware_26_01_00_00/driverlib/f2837xd/driverlib/gpio.h",line 738,
    1324 00000043 761A          EDIS      ; [CPU_ALU] |738| 
    1325                      .dwpsn  file "/home/jose/ti/c2000/C2000Ware_26_01_00_00/device_support/f2837xd/common/source/device.c
    1326 00000044 D402          MOVB      XAR4,#2               ; [CPU_ALU] |636| 
TMS320C2000 Assembler Unix v25.11.0 Sat May 30 20:16:39 2026

Copyright (c) 1996-2018 Texas Instruments Incorporated
device.asm                                                           PAGE   27

    1327 00000045 0247          MOVB      ACC,#71               ; [CPU_ALU] |636| 
    1328              $C$DW$66        .dwtag  DW_TAG_TI_branch
    1329                      .dwattr $C$DW$66, DW_AT_low_pc(0x00)
    1330                      .dwattr $C$DW$66, DW_AT_name("GPIO_setControllerCore")
    1331                      .dwattr $C$DW$66, DW_AT_TI_call
    1332              
    1333 00000046 7640!         LCR       #||GPIO_setControllerCore|| ; [CPU_ALU] |636| 
         00000047 0000 
    1334                      ; call occurs [#||GPIO_setControllerCore||] ; [] |636| 
    1335                      .dwpsn  file "/home/jose/ti/c2000/C2000Ware_26_01_00_00/device_support/f2837xd/common/source/device.c
    1336 00000048 28A9          MOV       AL,#3589              ; [CPU_ALU] |637| 
         00000049 0E05 
    1337 0000004a 9B86          MOV       AH,#134               ; [CPU_ALU] |637| 
    1338              $C$DW$67        .dwtag  DW_TAG_TI_branch
    1339                      .dwattr $C$DW$67, DW_AT_low_pc(0x00)
    1340                      .dwattr $C$DW$67, DW_AT_name("GPIO_setPinConfig")
    1341                      .dwattr $C$DW$67, DW_AT_TI_call
    1342              
    1343 0000004b 7640!         LCR       #||GPIO_setPinConfig|| ; [CPU_ALU] |637| 
         0000004c 0000 
    1344                      ; call occurs [#||GPIO_setPinConfig||] ; [] |637| 
    1345                      .dwpsn  file "/home/jose/ti/c2000/C2000Ware_26_01_00_00/device_support/f2837xd/common/source/device.c
    1346 0000004d D403          MOVB      XAR4,#3               ; [CPU_ALU] |638| 
    1347 0000004e 0247          MOVB      ACC,#71               ; [CPU_ALU] |638| 
    1348              $C$DW$68        .dwtag  DW_TAG_TI_branch
    1349                      .dwattr $C$DW$68, DW_AT_low_pc(0x00)
    1350                      .dwattr $C$DW$68, DW_AT_name("GPIO_setQualificationMode")
    1351                      .dwattr $C$DW$68, DW_AT_TI_call
    1352              
    1353 0000004f 7640!         LCR       #||GPIO_setQualificationMode|| ; [CPU_ALU] |638| 
         00000050 0000 
    1354                      ; call occurs [#||GPIO_setQualificationMode||] ; [] |638| 
    1355                      .dwpsn  file "/home/jose/ti/c2000/C2000Ware_26_01_00_00/device_support/f2837xd/common/source/device.c
    1356 00000051 D402          MOVB      XAR4,#2               ; [CPU_ALU] |640| 
    1357 00000052 0246          MOVB      ACC,#70               ; [CPU_ALU] |640| 
    1358              $C$DW$69        .dwtag  DW_TAG_TI_branch
    1359                      .dwattr $C$DW$69, DW_AT_low_pc(0x00)
    1360                      .dwattr $C$DW$69, DW_AT_name("GPIO_setControllerCore")
    1361                      .dwattr $C$DW$69, DW_AT_TI_call
    1362              
    1363 00000053 7640!         LCR       #||GPIO_setControllerCore|| ; [CPU_ALU] |640| 
         00000054 0000 
    1364                      ; call occurs [#||GPIO_setControllerCore||] ; [] |640| 
    1365                      .dwpsn  file "/home/jose/ti/c2000/C2000Ware_26_01_00_00/device_support/f2837xd/common/source/device.c
    1366 00000055 28A9          MOV       AL,#3077              ; [CPU_ALU] |641| 
         00000056 0C05 
    1367 00000057 9B86          MOV       AH,#134               ; [CPU_ALU] |641| 
    1368              $C$DW$70        .dwtag  DW_TAG_TI_branch
    1369                      .dwattr $C$DW$70, DW_AT_low_pc(0x00)
    1370                      .dwattr $C$DW$70, DW_AT_name("GPIO_setPinConfig")
    1371                      .dwattr $C$DW$70, DW_AT_TI_call
    1372              
    1373 00000058 7640!         LCR       #||GPIO_setPinConfig|| ; [CPU_ALU] |641| 
         00000059 0000 
    1374                      ; call occurs [#||GPIO_setPinConfig||] ; [] |641| 
TMS320C2000 Assembler Unix v25.11.0 Sat May 30 20:16:39 2026

Copyright (c) 1996-2018 Texas Instruments Incorporated
device.asm                                                           PAGE   28

    1375                      .dwpsn  file "/home/jose/ti/c2000/C2000Ware_26_01_00_00/device_support/f2837xd/common/source/device.c
    1376 0000005a D403          MOVB      XAR4,#3               ; [CPU_ALU] |642| 
    1377 0000005b 0246          MOVB      ACC,#70               ; [CPU_ALU] |642| 
    1378              $C$DW$71        .dwtag  DW_TAG_TI_branch
    1379                      .dwattr $C$DW$71, DW_AT_low_pc(0x00)
    1380                      .dwattr $C$DW$71, DW_AT_name("GPIO_setQualificationMode")
    1381                      .dwattr $C$DW$71, DW_AT_TI_call
    1382              
    1383 0000005c 7640!         LCR       #||GPIO_setQualificationMode|| ; [CPU_ALU] |642| 
         0000005d 0000 
    1384                      ; call occurs [#||GPIO_setQualificationMode||] ; [] |642| 
    1385                      .dwpsn  file "/home/jose/ti/c2000/C2000Ware_26_01_00_00/driverlib/f2837xd/driverlib/gpio.h",line 701,
    1386 0000005e 7622          EALLOW    ; [CPU_ALU] |701| 
    1387                      .dwpsn  file "/home/jose/ti/c2000/C2000Ware_26_01_00_00/driverlib/f2837xd/driverlib/gpio.h",line 702,
    1388 0000005f BFA9          MOV32     ACC,*(0:0x7cbc)       ; [CPU_FPU] |702| 
         00000060 7CBC 
    1389                      .dwpsn  file "/home/jose/ti/c2000/C2000Ware_26_01_00_00/device_support/f2837xd/common/source/device.c
    1390 00000061 8F05          MOVL      XAR4,#381450          ; [CPU_ARAU] |651| 
         00000062 D20A 
    1391                      .dwpsn  file "/home/jose/ti/c2000/C2000Ware_26_01_00_00/driverlib/f2837xd/driverlib/gpio.h",line 702,
    1392 00000063 1AA9          OR        AL,#65535             ; [CPU_ALU] |702| 
         00000064 FFFF 
    1393 00000065 1AA8          OR        AH,#65535             ; [CPU_ALU] |702| 
         00000066 FFFF 
    1394 00000067 BDA9          MOV32     *(0:0x7cbc),ACC       ; [CPU_FPU] |702| 
         00000068 7CBC 
    1395                      .dwpsn  file "/home/jose/ti/c2000/C2000Ware_26_01_00_00/device_support/f2837xd/common/source/device.c
    1396 00000069 020C          MOVB      ACC,#12               ; [CPU_ALU] |651| 
    1397 0000006a C0C4          AND       *+XAR4[0],AL          ; [CPU_ALU] |651| 
    1398 0000006b C1CC          AND       *+XAR4[1],AH          ; [CPU_ALU] |651| 
    1399                      .dwpsn  file "/home/jose/ti/c2000/C2000Ware_26_01_00_00/driverlib/f2837xd/driverlib/sysctl.h",line 99
    1400 0000006c 0201          MOVB      ACC,#1                ; [CPU_ALU] |995| 
    1401 0000006d 8F05          MOVL      XAR4,#381750          ; [CPU_ARAU] |995| 
         0000006e D336 
    1402 0000006f 98C4          OR        *+XAR4[0],AL          ; [CPU_ALU] |995| 
    1403 00000070 99CC          OR        *+XAR4[1],AH          ; [CPU_ALU] |995| 
    1404                      .dwpsn  file "/home/jose/ti/c2000/C2000Ware_26_01_00_00/driverlib/f2837xd/driverlib/sysctl.h",line 99
    1405 00000071 761A          EDIS      ; [CPU_ALU] |996| 
    1406                      .dwpsn  file "/home/jose/ti/c2000/C2000Ware_26_01_00_00/device_support/f2837xd/common/source/device.c
    1407 00000072 FFEF          B         ||$C$L17||,UNC        ; [CPU_ALU] |656| 
         00000073 00EA 
    1408                      ; branch occurs ; [] |656| 
    1409 00000074       ||$C$L11||:    
    1410                      .dwpsn  file "/home/jose/ti/c2000/C2000Ware_26_01_00_00/driverlib/f2837xd/driverlib/sysctl.h",line 30
    1411 00000074 8F05          MOVL      XAR4,#381156          ; [CPU_ARAU] |3001| 
         00000075 D0E4 
    1412 00000076 06C4          MOVL      ACC,*+XAR4[0]         ; [CPU_ALU] |3001| 
    1413 00000077 18A9          AND       AL,#65534             ; [CPU_ALU] |3001| 
         00000078 FFFE 
    1414                      .dwpsn  file "/home/jose/ti/c2000/C2000Ware_26_01_00_00/driverlib/f2837xd/driverlib/sysctl.h",line 30
    1415 00000079 7622          EALLOW    ; [CPU_ALU] |3005| 
    1416                      .dwpsn  file "/home/jose/ti/c2000/C2000Ware_26_01_00_00/driverlib/f2837xd/driverlib/sysctl.h",line 30
    1417 0000007a 5001          ORB       AL,#0x01              ; [CPU_ALU] |3006| 
    1418                      .dwpsn  file "/home/jose/ti/c2000/C2000Ware_26_01_00_00/device_support/f2837xd/common/source/device.c
    1419 0000007b 8F45          MOVL      XAR5,#381440          ; [CPU_ARAU] |591| 
TMS320C2000 Assembler Unix v25.11.0 Sat May 30 20:16:39 2026

Copyright (c) 1996-2018 Texas Instruments Incorporated
device.asm                                                           PAGE   29

         0000007c D200 
    1420                      .dwpsn  file "/home/jose/ti/c2000/C2000Ware_26_01_00_00/device_support/f2837xd/common/source/device.c
    1421 0000007d BE02          MOVB      XAR6,#2               ; [CPU_ALU] |592| 
    1422                      .dwpsn  file "/home/jose/ti/c2000/C2000Ware_26_01_00_00/driverlib/f2837xd/driverlib/sysctl.h",line 30
    1423 0000007e 1EC4          MOVL      *+XAR4[0],ACC         ; [CPU_ALU] |3006| 
    1424                      .dwpsn  file "/home/jose/ti/c2000/C2000Ware_26_01_00_00/device_support/f2837xd/common/source/device.c
    1425 0000007f 9A00          MOVB      AL,#0                 ; [CPU_ALU] |591| 
    1426 00000080 28A8          MOV       AH,#42405             ; [CPU_ALU] |591| 
         00000081 A5A5 
    1427                      .dwpsn  file "/home/jose/ti/c2000/C2000Ware_26_01_00_00/device_support/f2837xd/common/source/device.c
    1428 00000082 8F05          MOVL      XAR4,#381484          ; [CPU_ARAU] |592| 
         00000083 D22C 
    1429                      .dwpsn  file "/home/jose/ti/c2000/C2000Ware_26_01_00_00/device_support/f2837xd/common/source/device.c
    1430 00000084 1EC5          MOVL      *+XAR5[0],ACC         ; [CPU_ALU] |591| 
    1431                      .dwpsn  file "/home/jose/ti/c2000/C2000Ware_26_01_00_00/device_support/f2837xd/common/source/device.c
    1432 00000085 C2C4          MOVL      *+XAR4[0],XAR6        ; [CPU_ALU] |592| 
    1433                      .dwpsn  file "/home/jose/ti/c2000/C2000Ware_26_01_00_00/device_support/f2837xd/common/source/device.c
    1434 00000086 761A          EDIS      ; [CPU_ALU] |593| 
    1435                      .dwpsn  file "/home/jose/ti/c2000/C2000Ware_26_01_00_00/device_support/f2837xd/common/source/device.c
    1436 00000087 D400          MOVB      XAR4,#0               ; [CPU_ALU] |595| 
    1437 00000088 0220          MOVB      ACC,#32               ; [CPU_ALU] |595| 
    1438              $C$DW$72        .dwtag  DW_TAG_TI_branch
    1439                      .dwattr $C$DW$72, DW_AT_low_pc(0x00)
    1440                      .dwattr $C$DW$72, DW_AT_name("GPIO_setDirectionMode")
    1441                      .dwattr $C$DW$72, DW_AT_TI_call
    1442              
    1443 00000089 7640!         LCR       #||GPIO_setDirectionMode|| ; [CPU_ALU] |595| 
         0000008a 0000 
    1444                      ; call occurs [#||GPIO_setDirectionMode||] ; [] |595| 
    1445                      .dwpsn  file "/home/jose/ti/c2000/C2000Ware_26_01_00_00/device_support/f2837xd/common/source/device.c
    1446 0000008b D403          MOVB      XAR4,#3               ; [CPU_ALU] |596| 
    1447 0000008c 0220          MOVB      ACC,#32               ; [CPU_ALU] |596| 
    1448              $C$DW$73        .dwtag  DW_TAG_TI_branch
    1449                      .dwattr $C$DW$73, DW_AT_low_pc(0x00)
    1450                      .dwattr $C$DW$73, DW_AT_name("GPIO_setQualificationMode")
    1451                      .dwattr $C$DW$73, DW_AT_TI_call
    1452              
    1453 0000008d 7640!         LCR       #||GPIO_setQualificationMode|| ; [CPU_ALU] |596| 
         0000008e 0000 
    1454                      ; call occurs [#||GPIO_setQualificationMode||] ; [] |596| 
    1455                      .dwpsn  file "/home/jose/ti/c2000/C2000Ware_26_01_00_00/device_support/f2837xd/common/source/device.c
    1456 0000008f 9A01          MOV       AL,#1                 ; [CPU_ALU] |597| 
    1457 00000090 9B46          MOV       AH,#70                ; [CPU_ALU] |597| 
    1458              $C$DW$74        .dwtag  DW_TAG_TI_branch
    1459                      .dwattr $C$DW$74, DW_AT_low_pc(0x00)
    1460                      .dwattr $C$DW$74, DW_AT_name("GPIO_setPinConfig")
    1461                      .dwattr $C$DW$74, DW_AT_TI_call
    1462              
    1463 00000091 7640!         LCR       #||GPIO_setPinConfig|| ; [CPU_ALU] |597| 
         00000092 0000 
    1464                      ; call occurs [#||GPIO_setPinConfig||] ; [] |597| 
    1465                      .dwpsn  file "/home/jose/ti/c2000/C2000Ware_26_01_00_00/device_support/f2837xd/common/source/device.c
    1466 00000093 D402          MOVB      XAR4,#2               ; [CPU_ALU] |598| 
    1467 00000094 0220          MOVB      ACC,#32               ; [CPU_ALU] |598| 
    1468              $C$DW$75        .dwtag  DW_TAG_TI_branch
TMS320C2000 Assembler Unix v25.11.0 Sat May 30 20:16:39 2026

Copyright (c) 1996-2018 Texas Instruments Incorporated
device.asm                                                           PAGE   30

    1469                      .dwattr $C$DW$75, DW_AT_low_pc(0x00)
    1470                      .dwattr $C$DW$75, DW_AT_name("GPIO_setControllerCore")
    1471                      .dwattr $C$DW$75, DW_AT_TI_call
    1472              
    1473 00000095 7640!         LCR       #||GPIO_setControllerCore|| ; [CPU_ALU] |598| 
         00000096 0000 
    1474                      ; call occurs [#||GPIO_setControllerCore||] ; [] |598| 
    1475                      .dwpsn  file "/home/jose/ti/c2000/C2000Ware_26_01_00_00/device_support/f2837xd/common/source/device.c
    1476 00000097 D400          MOVB      XAR4,#0               ; [CPU_ALU] |600| 
    1477 00000098 0221          MOVB      ACC,#33               ; [CPU_ALU] |600| 
    1478              $C$DW$76        .dwtag  DW_TAG_TI_branch
    1479                      .dwattr $C$DW$76, DW_AT_low_pc(0x00)
    1480                      .dwattr $C$DW$76, DW_AT_name("GPIO_setDirectionMode")
    1481                      .dwattr $C$DW$76, DW_AT_TI_call
    1482              
    1483 00000099 7640!         LCR       #||GPIO_setDirectionMode|| ; [CPU_ALU] |600| 
         0000009a 0000 
    1484                      ; call occurs [#||GPIO_setDirectionMode||] ; [] |600| 
    1485                      .dwpsn  file "/home/jose/ti/c2000/C2000Ware_26_01_00_00/device_support/f2837xd/common/source/device.c
    1486 0000009b D403          MOVB      XAR4,#3               ; [CPU_ALU] |601| 
    1487 0000009c 0221          MOVB      ACC,#33               ; [CPU_ALU] |601| 
    1488              $C$DW$77        .dwtag  DW_TAG_TI_branch
    1489                      .dwattr $C$DW$77, DW_AT_low_pc(0x00)
    1490                      .dwattr $C$DW$77, DW_AT_name("GPIO_setQualificationMode")
    1491                      .dwattr $C$DW$77, DW_AT_TI_call
    1492              
    1493 0000009d 7640!         LCR       #||GPIO_setQualificationMode|| ; [CPU_ALU] |601| 
         0000009e 0000 
    1494                      ; call occurs [#||GPIO_setQualificationMode||] ; [] |601| 
    1495                      .dwpsn  file "/home/jose/ti/c2000/C2000Ware_26_01_00_00/device_support/f2837xd/common/source/device.c
    1496 0000009f 28A9          MOV       AL,#513               ; [CPU_ALU] |602| 
         000000a0 0201 
    1497 000000a1 9B46          MOV       AH,#70                ; [CPU_ALU] |602| 
    1498              $C$DW$78        .dwtag  DW_TAG_TI_branch
    1499                      .dwattr $C$DW$78, DW_AT_low_pc(0x00)
    1500                      .dwattr $C$DW$78, DW_AT_name("GPIO_setPinConfig")
    1501                      .dwattr $C$DW$78, DW_AT_TI_call
    1502              
    1503 000000a2 7640!         LCR       #||GPIO_setPinConfig|| ; [CPU_ALU] |602| 
         000000a3 0000 
    1504                      ; call occurs [#||GPIO_setPinConfig||] ; [] |602| 
    1505                      .dwpsn  file "/home/jose/ti/c2000/C2000Ware_26_01_00_00/device_support/f2837xd/common/source/device.c
    1506 000000a4 0221          MOVB      ACC,#33               ; [CPU_ALU] |603| 
    1507                      .dwpsn  file "/home/jose/ti/c2000/C2000Ware_26_01_00_00/device_support/f2837xd/common/source/device.c
    1508 000000a5 FFEF          B         ||$C$L16||,UNC        ; [CPU_ALU] |605| 
         000000a6 00B4 
    1509                      ; branch occurs ; [] |605| 
    1510 000000a7       ||$C$L12||:    
    1511                      .dwpsn  file "/home/jose/ti/c2000/C2000Ware_26_01_00_00/driverlib/f2837xd/driverlib/sysctl.h",line 30
    1512 000000a7 8F05          MOVL      XAR4,#381154          ; [CPU_ARAU] |3001| 
         000000a8 D0E2 
    1513 000000a9 06C4          MOVL      ACC,*+XAR4[0]         ; [CPU_ALU] |3001| 
    1514 000000aa 18A9          AND       AL,#65534             ; [CPU_ALU] |3001| 
         000000ab FFFE 
    1515                      .dwpsn  file "/home/jose/ti/c2000/C2000Ware_26_01_00_00/driverlib/f2837xd/driverlib/sysctl.h",line 30
TMS320C2000 Assembler Unix v25.11.0 Sat May 30 20:16:39 2026

Copyright (c) 1996-2018 Texas Instruments Incorporated
device.asm                                                           PAGE   31

    1516 000000ac 7622          EALLOW    ; [CPU_ALU] |3005| 
    1517                      .dwpsn  file "/home/jose/ti/c2000/C2000Ware_26_01_00_00/driverlib/f2837xd/driverlib/sysctl.h",line 30
    1518 000000ad 5001          ORB       AL,#0x01              ; [CPU_ALU] |3006| 
    1519 000000ae 1EC4          MOVL      *+XAR4[0],ACC         ; [CPU_ALU] |3006| 
    1520                      .dwpsn  file "/home/jose/ti/c2000/C2000Ware_26_01_00_00/device_support/f2837xd/common/source/device.c
    1521 000000af 9A00          MOVB      AL,#0                 ; [CPU_ALU] |553| 
    1522 000000b0 28A8          MOV       AH,#42405             ; [CPU_ALU] |553| 
         000000b1 A5A5 
    1523 000000b2 8F05          MOVL      XAR4,#381440          ; [CPU_ARAU] |553| 
         000000b3 D200 
    1524 000000b4 1EC4          MOVL      *+XAR4[0],ACC         ; [CPU_ALU] |553| 
    1525                      .dwpsn  file "/home/jose/ti/c2000/C2000Ware_26_01_00_00/device_support/f2837xd/common/source/device.c
    1526 000000b5 761A          EDIS      ; [CPU_ALU] |554| 
    1527                      .dwpsn  file "/home/jose/ti/c2000/C2000Ware_26_01_00_00/device_support/f2837xd/common/source/device.c
    1528 000000b6 D400          MOVB      XAR4,#0               ; [CPU_ALU] |556| 
    1529 000000b7 0210          MOVB      ACC,#16               ; [CPU_ALU] |556| 
    1530              $C$DW$79        .dwtag  DW_TAG_TI_branch
    1531                      .dwattr $C$DW$79, DW_AT_low_pc(0x00)
    1532                      .dwattr $C$DW$79, DW_AT_name("GPIO_setDirectionMode")
    1533                      .dwattr $C$DW$79, DW_AT_TI_call
    1534              
    1535 000000b8 7640!         LCR       #||GPIO_setDirectionMode|| ; [CPU_ALU] |556| 
         000000b9 0000 
    1536                      ; call occurs [#||GPIO_setDirectionMode||] ; [] |556| 
    1537                      .dwpsn  file "/home/jose/ti/c2000/C2000Ware_26_01_00_00/device_support/f2837xd/common/source/device.c
    1538 000000ba D403          MOVB      XAR4,#3               ; [CPU_ALU] |557| 
    1539 000000bb 0210          MOVB      ACC,#16               ; [CPU_ALU] |557| 
    1540              $C$DW$80        .dwtag  DW_TAG_TI_branch
    1541                      .dwattr $C$DW$80, DW_AT_low_pc(0x00)
    1542                      .dwattr $C$DW$80, DW_AT_name("GPIO_setQualificationMode")
    1543                      .dwattr $C$DW$80, DW_AT_TI_call
    1544              
    1545 000000bc 7640!         LCR       #||GPIO_setQualificationMode|| ; [CPU_ALU] |557| 
         000000bd 0000 
    1546                      ; call occurs [#||GPIO_setQualificationMode||] ; [] |557| 
    1547                      .dwpsn  file "/home/jose/ti/c2000/C2000Ware_26_01_00_00/device_support/f2837xd/common/source/device.c
    1548 000000be 8F08          MOVL      XAR4,#524289          ; [CPU_ARAU] |558| 
         000000bf 0001 
    1549 000000c0 A8A9          MOVL      ACC,XAR4              ; [CPU_ALU] |558| 
    1550              $C$DW$81        .dwtag  DW_TAG_TI_branch
    1551                      .dwattr $C$DW$81, DW_AT_low_pc(0x00)
    1552                      .dwattr $C$DW$81, DW_AT_name("GPIO_setPinConfig")
    1553                      .dwattr $C$DW$81, DW_AT_TI_call
    1554              
    1555 000000c1 7640!         LCR       #||GPIO_setPinConfig|| ; [CPU_ALU] |558| 
         000000c2 0000 
    1556                      ; call occurs [#||GPIO_setPinConfig||] ; [] |558| 
    1557                      .dwpsn  file "/home/jose/ti/c2000/C2000Ware_26_01_00_00/device_support/f2837xd/common/source/device.c
    1558 000000c3 D402          MOVB      XAR4,#2               ; [CPU_ALU] |559| 
    1559 000000c4 0210          MOVB      ACC,#16               ; [CPU_ALU] |559| 
    1560              $C$DW$82        .dwtag  DW_TAG_TI_branch
    1561                      .dwattr $C$DW$82, DW_AT_low_pc(0x00)
    1562                      .dwattr $C$DW$82, DW_AT_name("GPIO_setControllerCore")
    1563                      .dwattr $C$DW$82, DW_AT_TI_call
    1564              
TMS320C2000 Assembler Unix v25.11.0 Sat May 30 20:16:39 2026

Copyright (c) 1996-2018 Texas Instruments Incorporated
device.asm                                                           PAGE   32

    1565 000000c5 7640!         LCR       #||GPIO_setControllerCore|| ; [CPU_ALU] |559| 
         000000c6 0000 
    1566                      ; call occurs [#||GPIO_setControllerCore||] ; [] |559| 
    1567                      .dwpsn  file "/home/jose/ti/c2000/C2000Ware_26_01_00_00/device_support/f2837xd/common/source/device.c
    1568 000000c7 D400          MOVB      XAR4,#0               ; [CPU_ALU] |561| 
    1569 000000c8 0211          MOVB      ACC,#17               ; [CPU_ALU] |561| 
    1570              $C$DW$83        .dwtag  DW_TAG_TI_branch
    1571                      .dwattr $C$DW$83, DW_AT_low_pc(0x00)
    1572                      .dwattr $C$DW$83, DW_AT_name("GPIO_setDirectionMode")
    1573                      .dwattr $C$DW$83, DW_AT_TI_call
    1574              
    1575 000000c9 7640!         LCR       #||GPIO_setDirectionMode|| ; [CPU_ALU] |561| 
         000000ca 0000 
    1576                      ; call occurs [#||GPIO_setDirectionMode||] ; [] |561| 
    1577                      .dwpsn  file "/home/jose/ti/c2000/C2000Ware_26_01_00_00/device_support/f2837xd/common/source/device.c
    1578 000000cb D403          MOVB      XAR4,#3               ; [CPU_ALU] |562| 
    1579 000000cc 0211          MOVB      ACC,#17               ; [CPU_ALU] |562| 
    1580              $C$DW$84        .dwtag  DW_TAG_TI_branch
    1581                      .dwattr $C$DW$84, DW_AT_low_pc(0x00)
    1582                      .dwattr $C$DW$84, DW_AT_name("GPIO_setQualificationMode")
    1583                      .dwattr $C$DW$84, DW_AT_TI_call
    1584              
    1585 000000cd 7640!         LCR       #||GPIO_setQualificationMode|| ; [CPU_ALU] |562| 
         000000ce 0000 
    1586                      ; call occurs [#||GPIO_setQualificationMode||] ; [] |562| 
    1587                      .dwpsn  file "/home/jose/ti/c2000/C2000Ware_26_01_00_00/device_support/f2837xd/common/source/device.c
    1588 000000cf 8F08          MOVL      XAR4,#524801          ; [CPU_ARAU] |563| 
         000000d0 0201 
    1589 000000d1 A8A9          MOVL      ACC,XAR4              ; [CPU_ALU] |563| 
    1590              $C$DW$85        .dwtag  DW_TAG_TI_branch
    1591                      .dwattr $C$DW$85, DW_AT_low_pc(0x00)
    1592                      .dwattr $C$DW$85, DW_AT_name("GPIO_setPinConfig")
    1593                      .dwattr $C$DW$85, DW_AT_TI_call
    1594              
    1595 000000d2 7640!         LCR       #||GPIO_setPinConfig|| ; [CPU_ALU] |563| 
         000000d3 0000 
    1596                      ; call occurs [#||GPIO_setPinConfig||] ; [] |563| 
    1597                      .dwpsn  file "/home/jose/ti/c2000/C2000Ware_26_01_00_00/device_support/f2837xd/common/source/device.c
    1598 000000d4 D402          MOVB      XAR4,#2               ; [CPU_ALU] |564| 
    1599 000000d5 0211          MOVB      ACC,#17               ; [CPU_ALU] |564| 
    1600              $C$DW$86        .dwtag  DW_TAG_TI_branch
    1601                      .dwattr $C$DW$86, DW_AT_low_pc(0x00)
    1602                      .dwattr $C$DW$86, DW_AT_name("GPIO_setControllerCore")
    1603                      .dwattr $C$DW$86, DW_AT_TI_call
    1604              
    1605 000000d6 7640!         LCR       #||GPIO_setControllerCore|| ; [CPU_ALU] |564| 
         000000d7 0000 
    1606                      ; call occurs [#||GPIO_setControllerCore||] ; [] |564| 
    1607                      .dwpsn  file "/home/jose/ti/c2000/C2000Ware_26_01_00_00/device_support/f2837xd/common/source/device.c
    1608 000000d8 0212          MOVB      ACC,#18               ; [CPU_ALU] |566| 
    1609 000000d9 D400          MOVB      XAR4,#0               ; [CPU_ALU] |566| 
    1610              $C$DW$87        .dwtag  DW_TAG_TI_branch
    1611                      .dwattr $C$DW$87, DW_AT_low_pc(0x00)
    1612                      .dwattr $C$DW$87, DW_AT_name("GPIO_setDirectionMode")
    1613                      .dwattr $C$DW$87, DW_AT_TI_call
TMS320C2000 Assembler Unix v25.11.0 Sat May 30 20:16:39 2026

Copyright (c) 1996-2018 Texas Instruments Incorporated
device.asm                                                           PAGE   33

    1614              
    1615 000000da 7640!         LCR       #||GPIO_setDirectionMode|| ; [CPU_ALU] |566| 
         000000db 0000 
    1616                      ; call occurs [#||GPIO_setDirectionMode||] ; [] |566| 
    1617                      .dwpsn  file "/home/jose/ti/c2000/C2000Ware_26_01_00_00/device_support/f2837xd/common/source/device.c
    1618 000000dc D403          MOVB      XAR4,#3               ; [CPU_ALU] |567| 
    1619 000000dd 0212          MOVB      ACC,#18               ; [CPU_ALU] |567| 
    1620              $C$DW$88        .dwtag  DW_TAG_TI_branch
    1621                      .dwattr $C$DW$88, DW_AT_low_pc(0x00)
    1622                      .dwattr $C$DW$88, DW_AT_name("GPIO_setQualificationMode")
    1623                      .dwattr $C$DW$88, DW_AT_TI_call
    1624              
    1625 000000de 7640!         LCR       #||GPIO_setQualificationMode|| ; [CPU_ALU] |567| 
         000000df 0000 
    1626                      ; call occurs [#||GPIO_setQualificationMode||] ; [] |567| 
    1627                      .dwpsn  file "/home/jose/ti/c2000/C2000Ware_26_01_00_00/device_support/f2837xd/common/source/device.c
    1628 000000e0 8F08          MOVL      XAR4,#525313          ; [CPU_ARAU] |568| 
         000000e1 0401 
    1629 000000e2 A8A9          MOVL      ACC,XAR4              ; [CPU_ALU] |568| 
    1630              $C$DW$89        .dwtag  DW_TAG_TI_branch
    1631                      .dwattr $C$DW$89, DW_AT_low_pc(0x00)
    1632                      .dwattr $C$DW$89, DW_AT_name("GPIO_setPinConfig")
    1633                      .dwattr $C$DW$89, DW_AT_TI_call
    1634              
    1635 000000e3 7640!         LCR       #||GPIO_setPinConfig|| ; [CPU_ALU] |568| 
         000000e4 0000 
    1636                      ; call occurs [#||GPIO_setPinConfig||] ; [] |568| 
    1637                      .dwpsn  file "/home/jose/ti/c2000/C2000Ware_26_01_00_00/device_support/f2837xd/common/source/device.c
    1638 000000e5 D402          MOVB      XAR4,#2               ; [CPU_ALU] |569| 
    1639 000000e6 0212          MOVB      ACC,#18               ; [CPU_ALU] |569| 
    1640              $C$DW$90        .dwtag  DW_TAG_TI_branch
    1641                      .dwattr $C$DW$90, DW_AT_low_pc(0x00)
    1642                      .dwattr $C$DW$90, DW_AT_name("GPIO_setControllerCore")
    1643                      .dwattr $C$DW$90, DW_AT_TI_call
    1644              
    1645 000000e7 7640!         LCR       #||GPIO_setControllerCore|| ; [CPU_ALU] |569| 
         000000e8 0000 
    1646                      ; call occurs [#||GPIO_setControllerCore||] ; [] |569| 
    1647                      .dwpsn  file "/home/jose/ti/c2000/C2000Ware_26_01_00_00/device_support/f2837xd/common/source/device.c
    1648 000000e9 D401          MOVB      XAR4,#1               ; [CPU_ALU] |571| 
    1649 000000ea 0213          MOVB      ACC,#19               ; [CPU_ALU] |571| 
    1650              $C$DW$91        .dwtag  DW_TAG_TI_branch
    1651                      .dwattr $C$DW$91, DW_AT_low_pc(0x00)
    1652                      .dwattr $C$DW$91, DW_AT_name("GPIO_setDirectionMode")
    1653                      .dwattr $C$DW$91, DW_AT_TI_call
    1654              
    1655 000000eb 7640!         LCR       #||GPIO_setDirectionMode|| ; [CPU_ALU] |571| 
         000000ec 0000 
    1656                      ; call occurs [#||GPIO_setDirectionMode||] ; [] |571| 
    1657                      .dwpsn  file "/home/jose/ti/c2000/C2000Ware_26_01_00_00/device_support/f2837xd/common/source/device.c
    1658 000000ed D403          MOVB      XAR4,#3               ; [CPU_ALU] |572| 
    1659 000000ee 0213          MOVB      ACC,#19               ; [CPU_ALU] |572| 
    1660              $C$DW$92        .dwtag  DW_TAG_TI_branch
    1661                      .dwattr $C$DW$92, DW_AT_low_pc(0x00)
    1662                      .dwattr $C$DW$92, DW_AT_name("GPIO_setQualificationMode")
TMS320C2000 Assembler Unix v25.11.0 Sat May 30 20:16:39 2026

Copyright (c) 1996-2018 Texas Instruments Incorporated
device.asm                                                           PAGE   34

    1663                      .dwattr $C$DW$92, DW_AT_TI_call
    1664              
    1665 000000ef 7640!         LCR       #||GPIO_setQualificationMode|| ; [CPU_ALU] |572| 
         000000f0 0000 
    1666                      ; call occurs [#||GPIO_setQualificationMode||] ; [] |572| 
    1667                      .dwpsn  file "/home/jose/ti/c2000/C2000Ware_26_01_00_00/device_support/f2837xd/common/source/device.c
    1668 000000f1 8F08          MOVL      XAR4,#525824          ; [CPU_ARAU] |573| 
         000000f2 0600 
    1669 000000f3 A8A9          MOVL      ACC,XAR4              ; [CPU_ALU] |573| 
    1670              $C$DW$93        .dwtag  DW_TAG_TI_branch
    1671                      .dwattr $C$DW$93, DW_AT_low_pc(0x00)
    1672                      .dwattr $C$DW$93, DW_AT_name("GPIO_setPinConfig")
    1673                      .dwattr $C$DW$93, DW_AT_TI_call
    1674              
    1675 000000f4 7640!         LCR       #||GPIO_setPinConfig|| ; [CPU_ALU] |573| 
         000000f5 0000 
    1676                      ; call occurs [#||GPIO_setPinConfig||] ; [] |573| 
    1677                      .dwpsn  file "/home/jose/ti/c2000/C2000Ware_26_01_00_00/device_support/f2837xd/common/source/device.c
    1678 000000f6 0213          MOVB      ACC,#19               ; [CPU_ALU] |574| 
    1679                      .dwpsn  file "/home/jose/ti/c2000/C2000Ware_26_01_00_00/device_support/f2837xd/common/source/device.c
    1680 000000f7 6F62          B         ||$C$L16||,UNC        ; [CPU_ALU] |576| 
    1681                      ; branch occurs ; [] |576| 
    1682 000000f8       ||$C$L13||:    
    1683                      .dwpsn  file "/home/jose/ti/c2000/C2000Ware_26_01_00_00/driverlib/f2837xd/driverlib/sysctl.h",line 30
    1684 000000f8 8F05          MOVL      XAR4,#381152          ; [CPU_ARAU] |3001| 
         000000f9 D0E0 
    1685 000000fa 06C4          MOVL      ACC,*+XAR4[0]         ; [CPU_ALU] |3001| 
    1686 000000fb 18A9          AND       AL,#65534             ; [CPU_ALU] |3001| 
         000000fc FFFE 
    1687                      .dwpsn  file "/home/jose/ti/c2000/C2000Ware_26_01_00_00/driverlib/f2837xd/driverlib/sysctl.h",line 30
    1688 000000fd 7622          EALLOW    ; [CPU_ALU] |3005| 
    1689                      .dwpsn  file "/home/jose/ti/c2000/C2000Ware_26_01_00_00/driverlib/f2837xd/driverlib/sysctl.h",line 30
    1690 000000fe 5001          ORB       AL,#0x01              ; [CPU_ALU] |3006| 
    1691                      .dwpsn  file "/home/jose/ti/c2000/C2000Ware_26_01_00_00/device_support/f2837xd/common/source/device.c
    1692 000000ff 8F45          MOVL      XAR5,#381440          ; [CPU_ARAU] |524| 
         00000100 D200 
    1693                      .dwpsn  file "/home/jose/ti/c2000/C2000Ware_26_01_00_00/device_support/f2837xd/common/source/device.c
    1694 00000101 BE02          MOVB      XAR6,#2               ; [CPU_ALU] |525| 
    1695                      .dwpsn  file "/home/jose/ti/c2000/C2000Ware_26_01_00_00/driverlib/f2837xd/driverlib/sysctl.h",line 30
    1696 00000102 1EC4          MOVL      *+XAR4[0],ACC         ; [CPU_ALU] |3006| 
    1697                      .dwpsn  file "/home/jose/ti/c2000/C2000Ware_26_01_00_00/device_support/f2837xd/common/source/device.c
    1698 00000103 9A00          MOVB      AL,#0                 ; [CPU_ALU] |524| 
    1699 00000104 28A8          MOV       AH,#42405             ; [CPU_ALU] |524| 
         00000105 A5A5 
    1700                      .dwpsn  file "/home/jose/ti/c2000/C2000Ware_26_01_00_00/device_support/f2837xd/common/source/device.c
    1701 00000106 8F05          MOVL      XAR4,#381484          ; [CPU_ARAU] |525| 
         00000107 D22C 
    1702                      .dwpsn  file "/home/jose/ti/c2000/C2000Ware_26_01_00_00/device_support/f2837xd/common/source/device.c
    1703 00000108 1EC5          MOVL      *+XAR5[0],ACC         ; [CPU_ALU] |524| 
    1704                      .dwpsn  file "/home/jose/ti/c2000/C2000Ware_26_01_00_00/device_support/f2837xd/common/source/device.c
    1705 00000109 C2C4          MOVL      *+XAR4[0],XAR6        ; [CPU_ALU] |525| 
    1706                      .dwpsn  file "/home/jose/ti/c2000/C2000Ware_26_01_00_00/device_support/f2837xd/common/source/device.c
    1707 0000010a 761A          EDIS      ; [CPU_ALU] |526| 
    1708                      .dwpsn  file "/home/jose/ti/c2000/C2000Ware_26_01_00_00/device_support/f2837xd/common/source/device.c
    1709 0000010b D401          MOVB      XAR4,#1               ; [CPU_ALU] |528| 
TMS320C2000 Assembler Unix v25.11.0 Sat May 30 20:16:39 2026

Copyright (c) 1996-2018 Texas Instruments Incorporated
device.asm                                                           PAGE   35

    1710 0000010c 021D          MOVB      ACC,#29               ; [CPU_ALU] |528| 
    1711              $C$DW$94        .dwtag  DW_TAG_TI_branch
    1712                      .dwattr $C$DW$94, DW_AT_low_pc(0x00)
    1713                      .dwattr $C$DW$94, DW_AT_name("GPIO_setDirectionMode")
    1714                      .dwattr $C$DW$94, DW_AT_TI_call
    1715              
    1716 0000010d 7640!         LCR       #||GPIO_setDirectionMode|| ; [CPU_ALU] |528| 
         0000010e 0000 
    1717                      ; call occurs [#||GPIO_setDirectionMode||] ; [] |528| 
    1718                      .dwpsn  file "/home/jose/ti/c2000/C2000Ware_26_01_00_00/device_support/f2837xd/common/source/device.c
    1719 0000010f D403          MOVB      XAR4,#3               ; [CPU_ALU] |529| 
    1720 00000110 021D          MOVB      ACC,#29               ; [CPU_ALU] |529| 
    1721              $C$DW$95        .dwtag  DW_TAG_TI_branch
    1722                      .dwattr $C$DW$95, DW_AT_low_pc(0x00)
    1723                      .dwattr $C$DW$95, DW_AT_name("GPIO_setQualificationMode")
    1724                      .dwattr $C$DW$95, DW_AT_TI_call
    1725              
    1726 00000111 7640!         LCR       #||GPIO_setQualificationMode|| ; [CPU_ALU] |529| 
         00000112 0000 
    1727                      ; call occurs [#||GPIO_setQualificationMode||] ; [] |529| 
    1728                      .dwpsn  file "/home/jose/ti/c2000/C2000Ware_26_01_00_00/device_support/f2837xd/common/source/device.c
    1729 00000113 8F08          MOVL      XAR4,#530945          ; [CPU_ARAU] |530| 
         00000114 1A01 
    1730 00000115 A8A9          MOVL      ACC,XAR4              ; [CPU_ALU] |530| 
    1731              $C$DW$96        .dwtag  DW_TAG_TI_branch
    1732                      .dwattr $C$DW$96, DW_AT_low_pc(0x00)
    1733                      .dwattr $C$DW$96, DW_AT_name("GPIO_setPinConfig")
    1734                      .dwattr $C$DW$96, DW_AT_TI_call
    1735              
    1736 00000116 7640!         LCR       #||GPIO_setPinConfig|| ; [CPU_ALU] |530| 
         00000117 0000 
    1737                      ; call occurs [#||GPIO_setPinConfig||] ; [] |530| 
    1738                      .dwpsn  file "/home/jose/ti/c2000/C2000Ware_26_01_00_00/device_support/f2837xd/common/source/device.c
    1739 00000118 D402          MOVB      XAR4,#2               ; [CPU_ALU] |531| 
    1740 00000119 021D          MOVB      ACC,#29               ; [CPU_ALU] |531| 
    1741              $C$DW$97        .dwtag  DW_TAG_TI_branch
    1742                      .dwattr $C$DW$97, DW_AT_low_pc(0x00)
    1743                      .dwattr $C$DW$97, DW_AT_name("GPIO_setControllerCore")
    1744                      .dwattr $C$DW$97, DW_AT_TI_call
    1745              
    1746 0000011a 7640!         LCR       #||GPIO_setControllerCore|| ; [CPU_ALU] |531| 
         0000011b 0000 
    1747                      ; call occurs [#||GPIO_setControllerCore||] ; [] |531| 
    1748                      .dwpsn  file "/home/jose/ti/c2000/C2000Ware_26_01_00_00/device_support/f2837xd/common/source/device.c
    1749 0000011c D400          MOVB      XAR4,#0               ; [CPU_ALU] |533| 
    1750 0000011d 021C          MOVB      ACC,#28               ; [CPU_ALU] |533| 
    1751              $C$DW$98        .dwtag  DW_TAG_TI_branch
    1752                      .dwattr $C$DW$98, DW_AT_low_pc(0x00)
    1753                      .dwattr $C$DW$98, DW_AT_name("GPIO_setDirectionMode")
    1754                      .dwattr $C$DW$98, DW_AT_TI_call
    1755              
    1756 0000011e 7640!         LCR       #||GPIO_setDirectionMode|| ; [CPU_ALU] |533| 
         0000011f 0000 
    1757                      ; call occurs [#||GPIO_setDirectionMode||] ; [] |533| 
    1758                      .dwpsn  file "/home/jose/ti/c2000/C2000Ware_26_01_00_00/device_support/f2837xd/common/source/device.c
TMS320C2000 Assembler Unix v25.11.0 Sat May 30 20:16:39 2026

Copyright (c) 1996-2018 Texas Instruments Incorporated
device.asm                                                           PAGE   36

    1759 00000120 D403          MOVB      XAR4,#3               ; [CPU_ALU] |534| 
    1760 00000121 021C          MOVB      ACC,#28               ; [CPU_ALU] |534| 
    1761              $C$DW$99        .dwtag  DW_TAG_TI_branch
    1762                      .dwattr $C$DW$99, DW_AT_low_pc(0x00)
    1763                      .dwattr $C$DW$99, DW_AT_name("GPIO_setQualificationMode")
    1764                      .dwattr $C$DW$99, DW_AT_TI_call
    1765              
    1766 00000122 7640!         LCR       #||GPIO_setQualificationMode|| ; [CPU_ALU] |534| 
         00000123 0000 
    1767                      ; call occurs [#||GPIO_setQualificationMode||] ; [] |534| 
    1768                      .dwpsn  file "/home/jose/ti/c2000/C2000Ware_26_01_00_00/device_support/f2837xd/common/source/device.c
    1769 00000124 8F08          MOVL      XAR4,#530433          ; [CPU_ARAU] |535| 
         00000125 1801 
    1770 00000126 A8A9          MOVL      ACC,XAR4              ; [CPU_ALU] |535| 
    1771              $C$DW$100       .dwtag  DW_TAG_TI_branch
    1772                      .dwattr $C$DW$100, DW_AT_low_pc(0x00)
    1773                      .dwattr $C$DW$100, DW_AT_name("GPIO_setPinConfig")
    1774                      .dwattr $C$DW$100, DW_AT_TI_call
    1775              
    1776 00000127 7640!         LCR       #||GPIO_setPinConfig|| ; [CPU_ALU] |535| 
         00000128 0000 
    1777                      ; call occurs [#||GPIO_setPinConfig||] ; [] |535| 
    1778                      .dwpsn  file "/home/jose/ti/c2000/C2000Ware_26_01_00_00/device_support/f2837xd/common/source/device.c
    1779 00000129 021C          MOVB      ACC,#28               ; [CPU_ALU] |536| 
    1780                      .dwpsn  file "/home/jose/ti/c2000/C2000Ware_26_01_00_00/device_support/f2837xd/common/source/device.c
    1781 0000012a 6F2F          B         ||$C$L16||,UNC        ; [CPU_ALU] |538| 
    1782                      ; branch occurs ; [] |538| 
    1783 0000012b       ||$C$L14||:    
    1784                      .dwpsn  file "/home/jose/ti/c2000/C2000Ware_26_01_00_00/device_support/f2837xd/common/source/device.c
    1785 0000012b D13A          MOVB      XAR1,#58              ; [CPU_ALU] |609| 
    1786 0000012c       ||$C$L15||:    
    1787                      .dwpsn  file "/home/jose/ti/c2000/C2000Ware_26_01_00_00/device_support/f2837xd/common/source/device.c
    1788 0000012c 0EA1          MOVU      ACC,AR1               ; [CPU_ALU] |611| 
    1789 0000012d D400          MOVB      XAR4,#0               ; [CPU_ALU] |611| 
    1790              $C$DW$101       .dwtag  DW_TAG_TI_branch
    1791                      .dwattr $C$DW$101, DW_AT_low_pc(0x00)
    1792                      .dwattr $C$DW$101, DW_AT_name("GPIO_setDirectionMode")
    1793                      .dwattr $C$DW$101, DW_AT_TI_call
    1794              
    1795 0000012e 7640!         LCR       #||GPIO_setDirectionMode|| ; [CPU_ALU] |611| 
         0000012f 0000 
    1796                      ; call occurs [#||GPIO_setDirectionMode||] ; [] |611| 
    1797                      .dwpsn  file "/home/jose/ti/c2000/C2000Ware_26_01_00_00/device_support/f2837xd/common/source/device.c
    1798 00000130 D403          MOVB      XAR4,#3               ; [CPU_ALU] |612| 
    1799 00000131 0EA1          MOVU      ACC,AR1               ; [CPU_ALU] |612| 
    1800              $C$DW$102       .dwtag  DW_TAG_TI_branch
    1801                      .dwattr $C$DW$102, DW_AT_low_pc(0x00)
    1802                      .dwattr $C$DW$102, DW_AT_name("GPIO_setQualificationMode")
    1803                      .dwattr $C$DW$102, DW_AT_TI_call
    1804              
    1805 00000132 7640!         LCR       #||GPIO_setQualificationMode|| ; [CPU_ALU] |612| 
         00000133 0000 
    1806                      ; call occurs [#||GPIO_setQualificationMode||] ; [] |612| 
    1807                      .dwpsn  file "/home/jose/ti/c2000/C2000Ware_26_01_00_00/device_support/f2837xd/common/source/device.c
    1808 00000134 D402          MOVB      XAR4,#2               ; [CPU_ALU] |613| 
TMS320C2000 Assembler Unix v25.11.0 Sat May 30 20:16:39 2026

Copyright (c) 1996-2018 Texas Instruments Incorporated
device.asm                                                           PAGE   37

    1809 00000135 0EA1          MOVU      ACC,AR1               ; [CPU_ALU] |613| 
    1810              $C$DW$103       .dwtag  DW_TAG_TI_branch
    1811                      .dwattr $C$DW$103, DW_AT_low_pc(0x00)
    1812                      .dwattr $C$DW$103, DW_AT_name("GPIO_setControllerCore")
    1813                      .dwattr $C$DW$103, DW_AT_TI_call
    1814              
    1815 00000136 7640!         LCR       #||GPIO_setControllerCore|| ; [CPU_ALU] |613| 
         00000137 0000 
    1816                      ; call occurs [#||GPIO_setControllerCore||] ; [] |613| 
    1817                      .dwpsn  file "/home/jose/ti/c2000/C2000Ware_26_01_00_00/device_support/f2837xd/common/source/device.c
    1818 00000138 D901          ADDB      XAR1,#1               ; [CPU_ALU] |609| 
    1819 00000139 92A1          MOV       AL,AR1                ; [CPU_ALU] |609| 
    1820 0000013a 5241          CMPB      AL,#65                ; [CPU_ALU] |609| 
    1821 0000013b 69F1          B         ||$C$L15||,LOS        ; [CPU_ALU] |609| 
    1822                      ; branchcc occurs ; [] |609| 
    1823                      .dwpsn  file "/home/jose/ti/c2000/C2000Ware_26_01_00_00/device_support/f2837xd/common/source/device.c
    1824 0000013c 0245          MOVB      ACC,#69               ; [CPU_ALU] |616| 
    1825 0000013d D400          MOVB      XAR4,#0               ; [CPU_ALU] |616| 
    1826              $C$DW$104       .dwtag  DW_TAG_TI_branch
    1827                      .dwattr $C$DW$104, DW_AT_low_pc(0x00)
    1828                      .dwattr $C$DW$104, DW_AT_name("GPIO_setDirectionMode")
    1829                      .dwattr $C$DW$104, DW_AT_TI_call
    1830              
    1831 0000013e 7640!         LCR       #||GPIO_setDirectionMode|| ; [CPU_ALU] |616| 
         0000013f 0000 
    1832                      ; call occurs [#||GPIO_setDirectionMode||] ; [] |616| 
    1833                      .dwpsn  file "/home/jose/ti/c2000/C2000Ware_26_01_00_00/device_support/f2837xd/common/source/device.c
    1834 00000140 D403          MOVB      XAR4,#3               ; [CPU_ALU] |617| 
    1835 00000141 0245          MOVB      ACC,#69               ; [CPU_ALU] |617| 
    1836              $C$DW$105       .dwtag  DW_TAG_TI_branch
    1837                      .dwattr $C$DW$105, DW_AT_low_pc(0x00)
    1838                      .dwattr $C$DW$105, DW_AT_name("GPIO_setQualificationMode")
    1839                      .dwattr $C$DW$105, DW_AT_TI_call
    1840              
    1841 00000142 7640!         LCR       #||GPIO_setQualificationMode|| ; [CPU_ALU] |617| 
         00000143 0000 
    1842                      ; call occurs [#||GPIO_setQualificationMode||] ; [] |617| 
    1843                      .dwpsn  file "/home/jose/ti/c2000/C2000Ware_26_01_00_00/device_support/f2837xd/common/source/device.c
    1844 00000144 FF29          MOV       ACC,#17157 << 9       ; [CPU_ALU] |618| 
         00000145 4305 
    1845              $C$DW$106       .dwtag  DW_TAG_TI_branch
    1846                      .dwattr $C$DW$106, DW_AT_low_pc(0x00)
    1847                      .dwattr $C$DW$106, DW_AT_name("GPIO_setPinConfig")
    1848                      .dwattr $C$DW$106, DW_AT_TI_call
    1849              
    1850 00000146 7640!         LCR       #||GPIO_setPinConfig|| ; [CPU_ALU] |618| 
         00000147 0000 
    1851                      ; call occurs [#||GPIO_setPinConfig||] ; [] |618| 
    1852                      .dwpsn  file "/home/jose/ti/c2000/C2000Ware_26_01_00_00/device_support/f2837xd/common/source/device.c
    1853 00000148 D402          MOVB      XAR4,#2               ; [CPU_ALU] |619| 
    1854 00000149 0245          MOVB      ACC,#69               ; [CPU_ALU] |619| 
    1855              $C$DW$107       .dwtag  DW_TAG_TI_branch
    1856                      .dwattr $C$DW$107, DW_AT_low_pc(0x00)
    1857                      .dwattr $C$DW$107, DW_AT_name("GPIO_setControllerCore")
    1858                      .dwattr $C$DW$107, DW_AT_TI_call
TMS320C2000 Assembler Unix v25.11.0 Sat May 30 20:16:39 2026

Copyright (c) 1996-2018 Texas Instruments Incorporated
device.asm                                                           PAGE   38

    1859              
    1860 0000014a 7640!         LCR       #||GPIO_setControllerCore|| ; [CPU_ALU] |619| 
         0000014b 0000 
    1861                      ; call occurs [#||GPIO_setControllerCore||] ; [] |619| 
    1862                      .dwpsn  file "/home/jose/ti/c2000/C2000Ware_26_01_00_00/device_support/f2837xd/common/source/device.c
    1863 0000014c D400          MOVB      XAR4,#0               ; [CPU_ALU] |621| 
    1864 0000014d 0246          MOVB      ACC,#70               ; [CPU_ALU] |621| 
    1865              $C$DW$108       .dwtag  DW_TAG_TI_branch
    1866                      .dwattr $C$DW$108, DW_AT_low_pc(0x00)
    1867                      .dwattr $C$DW$108, DW_AT_name("GPIO_setDirectionMode")
    1868                      .dwattr $C$DW$108, DW_AT_TI_call
    1869              
    1870 0000014e 7640!         LCR       #||GPIO_setDirectionMode|| ; [CPU_ALU] |621| 
         0000014f 0000 
    1871                      ; call occurs [#||GPIO_setDirectionMode||] ; [] |621| 
    1872                      .dwpsn  file "/home/jose/ti/c2000/C2000Ware_26_01_00_00/device_support/f2837xd/common/source/device.c
    1873 00000150 D403          MOVB      XAR4,#3               ; [CPU_ALU] |622| 
    1874 00000151 0246          MOVB      ACC,#70               ; [CPU_ALU] |622| 
    1875              $C$DW$109       .dwtag  DW_TAG_TI_branch
    1876                      .dwattr $C$DW$109, DW_AT_low_pc(0x00)
    1877                      .dwattr $C$DW$109, DW_AT_name("GPIO_setQualificationMode")
    1878                      .dwattr $C$DW$109, DW_AT_TI_call
    1879              
    1880 00000152 7640!         LCR       #||GPIO_setQualificationMode|| ; [CPU_ALU] |622| 
         00000153 0000 
    1881                      ; call occurs [#||GPIO_setQualificationMode||] ; [] |622| 
    1882                      .dwpsn  file "/home/jose/ti/c2000/C2000Ware_26_01_00_00/device_support/f2837xd/common/source/device.c
    1883 00000154 FF2A          MOV       ACC,#8579 << 10       ; [CPU_ALU] |623| 
         00000155 2183 
    1884              $C$DW$110       .dwtag  DW_TAG_TI_branch
    1885                      .dwattr $C$DW$110, DW_AT_low_pc(0x00)
    1886                      .dwattr $C$DW$110, DW_AT_name("GPIO_setPinConfig")
    1887                      .dwattr $C$DW$110, DW_AT_TI_call
    1888              
    1889 00000156 7640!         LCR       #||GPIO_setPinConfig|| ; [CPU_ALU] |623| 
         00000157 0000 
    1890                      ; call occurs [#||GPIO_setPinConfig||] ; [] |623| 
    1891                      .dwpsn  file "/home/jose/ti/c2000/C2000Ware_26_01_00_00/device_support/f2837xd/common/source/device.c
    1892 00000158 0246          MOVB      ACC,#70               ; [CPU_ALU] |624| 
    1893 00000159       ||$C$L16||:    
    1894 00000159 D402          MOVB      XAR4,#2               ; [CPU_ALU] |624| 
    1895              $C$DW$111       .dwtag  DW_TAG_TI_branch
    1896                      .dwattr $C$DW$111, DW_AT_low_pc(0x00)
    1897                      .dwattr $C$DW$111, DW_AT_name("GPIO_setControllerCore")
    1898                      .dwattr $C$DW$111, DW_AT_TI_call
    1899              
    1900 0000015a 7640!         LCR       #||GPIO_setControllerCore|| ; [CPU_ALU] |624| 
         0000015b 0000 
    1901                      ; call occurs [#||GPIO_setControllerCore||] ; [] |624| 
    1902 0000015c       ||$C$L17||:    
    1903                      .dwpsn  file "/home/jose/ti/c2000/C2000Ware_26_01_00_00/device_support/f2837xd/common/source/device.c
    1904 0000015c 7685          MOVL      XAR6,#327714          ; [CPU_ARAU] |663| 
         0000015d 0022 
    1905                      .dwpsn  file "/home/jose/ti/c2000/C2000Ware_26_01_00_00/device_support/f2837xd/common/source/device.c
    1906 0000015e 28AB          MOV       PL,#19                ; [CPU_ALU] |668| 
TMS320C2000 Assembler Unix v25.11.0 Sat May 30 20:16:39 2026

Copyright (c) 1996-2018 Texas Instruments Incorporated
device.asm                                                           PAGE   39

         0000015f 0013 
    1907 00000160 2BAA          MOV       PH,#0                 ; [CPU_ALU] |668| 
    1908 00000161 8F45          MOVL      XAR5,#327696          ; [CPU_ARAU] |668| 
         00000162 0010 
    1909                      .dwpsn  file "/home/jose/ti/c2000/C2000Ware_26_01_00_00/device_support/f2837xd/common/source/device.c
    1910 00000163 9A01          MOV       AL,#1                 ; [CPU_ALU] |673| 
    1911 00000164 28A8          MOV       AH,#32768             ; [CPU_ALU] |673| 
         00000165 8000 
    1912 00000166 8F05          MOVL      XAR4,#327684          ; [CPU_ARAU] |673| 
         00000167 0004 
    1913                      .dwpsn  file "/home/jose/ti/c2000/C2000Ware_26_01_00_00/device_support/f2837xd/common/source/device.c
    1914 00000168 B600          MOVB      XAR7,#0               ; [CPU_ALU] |676| 
    1915                      .dwpsn  file "/home/jose/ti/c2000/C2000Ware_26_01_00_00/device_support/f2837xd/common/source/device.c
    1916 00000169 AAC6          MOVL      *+XAR6[0],XAR2        ; [CPU_ALU] |663| 
    1917                      .dwpsn  file "/home/jose/ti/c2000/C2000Ware_26_01_00_00/device_support/f2837xd/common/source/device.c
    1918 0000016a A9C5          MOVL      *+XAR5[0],P           ; [CPU_ALU] |668| 
    1919                      .dwpsn  file "/home/jose/ti/c2000/C2000Ware_26_01_00_00/device_support/f2837xd/common/source/device.c
    1920 0000016b 1EC4          MOVL      *+XAR4[0],ACC         ; [CPU_ALU] |673| 
    1921 0000016c       ||$C$L18||:    
    1922                      .dwpsn  file "/home/jose/ti/c2000/C2000Ware_26_01_00_00/device_support/f2837xd/common/source/device.c
    1923 0000016c 86BE          MOVL      XAR2,*--SP            ; [CPU_ALU] |676| 
    1924                      .dwcfi  cfa_offset, -4
    1925                      .dwcfi  restore_reg, 9
    1926 0000016d 92A7          MOV       AL,AR7                ; [CPU_ALU] |676| 
    1927 0000016e 8BBE          MOVL      XAR1,*--SP            ; [CPU_ALU] |676| 
    1928                      .dwcfi  cfa_offset, -2
    1929                      .dwcfi  restore_reg, 7
    1930              $C$DW$112       .dwtag  DW_TAG_TI_branch
    1931                      .dwattr $C$DW$112, DW_AT_low_pc(0x00)
    1932                      .dwattr $C$DW$112, DW_AT_TI_return
    1933              
    1934 0000016f 0006          LRETR     ; [CPU_ALU] 
    1935                      ; return occurs ; [] 
    1936                      .dwattr $C$DW$62, DW_AT_TI_end_file("/home/jose/ti/c2000/C2000Ware_26_01_00_00/device_support/f2837xd
    1937                      .dwattr $C$DW$62, DW_AT_TI_end_line(0x2a5)
    1938                      .dwattr $C$DW$62, DW_AT_TI_end_column(0x01)
    1939                      .dwendentry
    1940                      .dwendtag $C$DW$62
    1941              
    1942              ;**************************************************************
    1943              ;* UNDEFINED EXTERNAL REFERENCES                              *
    1944              ;**************************************************************
    1945                      .global ||Flash_initModule||
    1946                      .global ||GPIO_setDirectionMode||
    1947                      .global ||GPIO_setQualificationMode||
    1948                      .global ||GPIO_setPinConfig||
    1949                      .global ||GPIO_setControllerCore||
    1950                      .global ||RamfuncsLoadStart||
    1951                      .global ||RamfuncsLoadSize||
    1952                      .global ||RamfuncsRunStart||
    1953                      .global ||SysCtl_getDeviceParametric||
    1954                      .global ||SysCtl_setClock||
    1955                      .global ||memcpy||
    1956              
    1957              ;***************************************************************
TMS320C2000 Assembler Unix v25.11.0 Sat May 30 20:16:39 2026

Copyright (c) 1996-2018 Texas Instruments Incorporated
device.asm                                                           PAGE   40

    1958              ;* BUILD ATTRIBUTES                                            *
    1959              ;***************************************************************
    1960                      .battr "c28xabi", Tag_File, 1, Tag_float_args(0)
    1961                      .battr "c28xabi", Tag_File, 1, Tag_double_args(0)
    1962                      .dwattr $C$DW$CU, DW_AT_language(DW_LANG_C)
    1963              
    1964              ;***************************************************************
    1965              ;* DWARF CIE ENTRIES                                           *
    1966              ;***************************************************************
    1967              
    1968              $C$DW$CIE       .dwcie 26
    1969                      .dwcfi  cfa_register, 20
    1970                      .dwcfi  cfa_offset, 0
    1971                      .dwcfi  same_value, 28
    1972                      .dwcfi  same_value, 6
    1973                      .dwcfi  same_value, 7
    1974                      .dwcfi  same_value, 8
    1975                      .dwcfi  same_value, 9
    1976                      .dwcfi  same_value, 10
    1977                      .dwcfi  same_value, 11
    1978                      .dwcfi  same_value, 59
    1979                      .dwcfi  same_value, 63
    1980                      .dwcfi  same_value, 67
    1981                      .dwcfi  same_value, 71
    1982                      .dwendentry
    1983                      .dwendtag $C$DW$CU
    1984              
    1985              
    1986              ;***************************************************************
    1987              ;* TYPE INFORMATION                                            *
    1988              ;***************************************************************
    1989              
    1990              $C$DW$TU$19     .dwtag  DW_TAG_type_unit
    1991                      .dwmtype  $C$DW$T$19
    1992              
    1993              $C$DW$T$19      .dwtag  DW_TAG_enumeration_type
    1994                      .dwattr $C$DW$T$19, DW_AT_byte_size(0x01)
    1995              $C$DW$113       .dwtag  DW_TAG_enumerator
    1996                      .dwattr $C$DW$113, DW_AT_name("SYSCTL_PERIPH_CLK_CLA1")
    1997                      .dwattr $C$DW$113, DW_AT_const_value(0x00)
    1998                      .dwattr $C$DW$113, DW_AT_decl_file("/home/jose/ti/c2000/C2000Ware_26_01_00_00/driverlib/f2837xd/drive
    1999                      .dwattr $C$DW$113, DW_AT_decl_line(0x183)
    2000                      .dwattr $C$DW$113, DW_AT_decl_column(0x05)
    2001              
    2002              $C$DW$114       .dwtag  DW_TAG_enumerator
    2003                      .dwattr $C$DW$114, DW_AT_name("SYSCTL_PERIPH_CLK_DMA")
    2004                      .dwattr $C$DW$114, DW_AT_const_value(0x200)
    2005                      .dwattr $C$DW$114, DW_AT_decl_file("/home/jose/ti/c2000/C2000Ware_26_01_00_00/driverlib/f2837xd/drive
    2006                      .dwattr $C$DW$114, DW_AT_decl_line(0x184)
    2007                      .dwattr $C$DW$114, DW_AT_decl_column(0x05)
    2008              
    2009              $C$DW$115       .dwtag  DW_TAG_enumerator
    2010                      .dwattr $C$DW$115, DW_AT_name("SYSCTL_PERIPH_CLK_TIMER0")
    2011                      .dwattr $C$DW$115, DW_AT_const_value(0x300)
    2012                      .dwattr $C$DW$115, DW_AT_decl_file("/home/jose/ti/c2000/C2000Ware_26_01_00_00/driverlib/f2837xd/drive
TMS320C2000 Assembler Unix v25.11.0 Sat May 30 20:16:39 2026

Copyright (c) 1996-2018 Texas Instruments Incorporated
device.asm                                                           PAGE   41

    2013                      .dwattr $C$DW$115, DW_AT_decl_line(0x185)
    2014                      .dwattr $C$DW$115, DW_AT_decl_column(0x05)
    2015              
    2016              $C$DW$116       .dwtag  DW_TAG_enumerator
    2017                      .dwattr $C$DW$116, DW_AT_name("SYSCTL_PERIPH_CLK_TIMER1")
    2018                      .dwattr $C$DW$116, DW_AT_const_value(0x400)
    2019                      .dwattr $C$DW$116, DW_AT_decl_file("/home/jose/ti/c2000/C2000Ware_26_01_00_00/driverlib/f2837xd/drive
    2020                      .dwattr $C$DW$116, DW_AT_decl_line(0x186)
    2021                      .dwattr $C$DW$116, DW_AT_decl_column(0x05)
    2022              
    2023              $C$DW$117       .dwtag  DW_TAG_enumerator
    2024                      .dwattr $C$DW$117, DW_AT_name("SYSCTL_PERIPH_CLK_TIMER2")
    2025                      .dwattr $C$DW$117, DW_AT_const_value(0x500)
    2026                      .dwattr $C$DW$117, DW_AT_decl_file("/home/jose/ti/c2000/C2000Ware_26_01_00_00/driverlib/f2837xd/drive
    2027                      .dwattr $C$DW$117, DW_AT_decl_line(0x187)
    2028                      .dwattr $C$DW$117, DW_AT_decl_column(0x05)
    2029              
    2030              $C$DW$118       .dwtag  DW_TAG_enumerator
    2031                      .dwattr $C$DW$118, DW_AT_name("SYSCTL_PERIPH_CLK_HRPWM")
    2032                      .dwattr $C$DW$118, DW_AT_const_value(0x1000)
    2033                      .dwattr $C$DW$118, DW_AT_decl_file("/home/jose/ti/c2000/C2000Ware_26_01_00_00/driverlib/f2837xd/drive
    2034                      .dwattr $C$DW$118, DW_AT_decl_line(0x188)
    2035                      .dwattr $C$DW$118, DW_AT_decl_column(0x05)
    2036              
    2037              $C$DW$119       .dwtag  DW_TAG_enumerator
    2038                      .dwattr $C$DW$119, DW_AT_name("SYSCTL_PERIPH_CLK_TBCLKSYNC")
    2039                      .dwattr $C$DW$119, DW_AT_const_value(0x1200)
    2040                      .dwattr $C$DW$119, DW_AT_decl_file("/home/jose/ti/c2000/C2000Ware_26_01_00_00/driverlib/f2837xd/drive
    2041                      .dwattr $C$DW$119, DW_AT_decl_line(0x189)
    2042                      .dwattr $C$DW$119, DW_AT_decl_column(0x05)
    2043              
    2044              $C$DW$120       .dwtag  DW_TAG_enumerator
    2045                      .dwattr $C$DW$120, DW_AT_name("SYSCTL_PERIPH_CLK_GTBCLKSYNC")
    2046                      .dwattr $C$DW$120, DW_AT_const_value(0x1300)
    2047                      .dwattr $C$DW$120, DW_AT_decl_file("/home/jose/ti/c2000/C2000Ware_26_01_00_00/driverlib/f2837xd/drive
    2048                      .dwattr $C$DW$120, DW_AT_decl_line(0x18a)
    2049                      .dwattr $C$DW$120, DW_AT_decl_column(0x05)
    2050              
    2051              $C$DW$121       .dwtag  DW_TAG_enumerator
    2052                      .dwattr $C$DW$121, DW_AT_name("SYSCTL_PERIPH_CLK_EMIF1")
    2053                      .dwattr $C$DW$121, DW_AT_const_value(0x01)
    2054                      .dwattr $C$DW$121, DW_AT_decl_file("/home/jose/ti/c2000/C2000Ware_26_01_00_00/driverlib/f2837xd/drive
    2055                      .dwattr $C$DW$121, DW_AT_decl_line(0x18b)
    2056                      .dwattr $C$DW$121, DW_AT_decl_column(0x05)
    2057              
    2058              $C$DW$122       .dwtag  DW_TAG_enumerator
    2059                      .dwattr $C$DW$122, DW_AT_name("SYSCTL_PERIPH_CLK_EMIF2")
    2060                      .dwattr $C$DW$122, DW_AT_const_value(0x101)
    2061                      .dwattr $C$DW$122, DW_AT_decl_file("/home/jose/ti/c2000/C2000Ware_26_01_00_00/driverlib/f2837xd/drive
    2062                      .dwattr $C$DW$122, DW_AT_decl_line(0x18c)
    2063                      .dwattr $C$DW$122, DW_AT_decl_column(0x05)
    2064              
    2065              $C$DW$123       .dwtag  DW_TAG_enumerator
    2066                      .dwattr $C$DW$123, DW_AT_name("SYSCTL_PERIPH_CLK_EPWM1")
    2067                      .dwattr $C$DW$123, DW_AT_const_value(0x02)
TMS320C2000 Assembler Unix v25.11.0 Sat May 30 20:16:39 2026

Copyright (c) 1996-2018 Texas Instruments Incorporated
device.asm                                                           PAGE   42

    2068                      .dwattr $C$DW$123, DW_AT_decl_file("/home/jose/ti/c2000/C2000Ware_26_01_00_00/driverlib/f2837xd/drive
    2069                      .dwattr $C$DW$123, DW_AT_decl_line(0x18d)
    2070                      .dwattr $C$DW$123, DW_AT_decl_column(0x05)
    2071              
    2072              $C$DW$124       .dwtag  DW_TAG_enumerator
    2073                      .dwattr $C$DW$124, DW_AT_name("SYSCTL_PERIPH_CLK_EPWM2")
    2074                      .dwattr $C$DW$124, DW_AT_const_value(0x102)
    2075                      .dwattr $C$DW$124, DW_AT_decl_file("/home/jose/ti/c2000/C2000Ware_26_01_00_00/driverlib/f2837xd/drive
    2076                      .dwattr $C$DW$124, DW_AT_decl_line(0x18e)
    2077                      .dwattr $C$DW$124, DW_AT_decl_column(0x05)
    2078              
    2079              $C$DW$125       .dwtag  DW_TAG_enumerator
    2080                      .dwattr $C$DW$125, DW_AT_name("SYSCTL_PERIPH_CLK_EPWM3")
    2081                      .dwattr $C$DW$125, DW_AT_const_value(0x202)
    2082                      .dwattr $C$DW$125, DW_AT_decl_file("/home/jose/ti/c2000/C2000Ware_26_01_00_00/driverlib/f2837xd/drive
    2083                      .dwattr $C$DW$125, DW_AT_decl_line(0x18f)
    2084                      .dwattr $C$DW$125, DW_AT_decl_column(0x05)
    2085              
    2086              $C$DW$126       .dwtag  DW_TAG_enumerator
    2087                      .dwattr $C$DW$126, DW_AT_name("SYSCTL_PERIPH_CLK_EPWM4")
    2088                      .dwattr $C$DW$126, DW_AT_const_value(0x302)
    2089                      .dwattr $C$DW$126, DW_AT_decl_file("/home/jose/ti/c2000/C2000Ware_26_01_00_00/driverlib/f2837xd/drive
    2090                      .dwattr $C$DW$126, DW_AT_decl_line(0x190)
    2091                      .dwattr $C$DW$126, DW_AT_decl_column(0x05)
    2092              
    2093              $C$DW$127       .dwtag  DW_TAG_enumerator
    2094                      .dwattr $C$DW$127, DW_AT_name("SYSCTL_PERIPH_CLK_EPWM5")
    2095                      .dwattr $C$DW$127, DW_AT_const_value(0x402)
    2096                      .dwattr $C$DW$127, DW_AT_decl_file("/home/jose/ti/c2000/C2000Ware_26_01_00_00/driverlib/f2837xd/drive
    2097                      .dwattr $C$DW$127, DW_AT_decl_line(0x191)
    2098                      .dwattr $C$DW$127, DW_AT_decl_column(0x05)
    2099              
    2100              $C$DW$128       .dwtag  DW_TAG_enumerator
    2101                      .dwattr $C$DW$128, DW_AT_name("SYSCTL_PERIPH_CLK_EPWM6")
    2102                      .dwattr $C$DW$128, DW_AT_const_value(0x502)
    2103                      .dwattr $C$DW$128, DW_AT_decl_file("/home/jose/ti/c2000/C2000Ware_26_01_00_00/driverlib/f2837xd/drive
    2104                      .dwattr $C$DW$128, DW_AT_decl_line(0x192)
    2105                      .dwattr $C$DW$128, DW_AT_decl_column(0x05)
    2106              
    2107              $C$DW$129       .dwtag  DW_TAG_enumerator
    2108                      .dwattr $C$DW$129, DW_AT_name("SYSCTL_PERIPH_CLK_EPWM7")
    2109                      .dwattr $C$DW$129, DW_AT_const_value(0x602)
    2110                      .dwattr $C$DW$129, DW_AT_decl_file("/home/jose/ti/c2000/C2000Ware_26_01_00_00/driverlib/f2837xd/drive
    2111                      .dwattr $C$DW$129, DW_AT_decl_line(0x193)
    2112                      .dwattr $C$DW$129, DW_AT_decl_column(0x05)
    2113              
    2114              $C$DW$130       .dwtag  DW_TAG_enumerator
    2115                      .dwattr $C$DW$130, DW_AT_name("SYSCTL_PERIPH_CLK_EPWM8")
    2116                      .dwattr $C$DW$130, DW_AT_const_value(0x702)
    2117                      .dwattr $C$DW$130, DW_AT_decl_file("/home/jose/ti/c2000/C2000Ware_26_01_00_00/driverlib/f2837xd/drive
    2118                      .dwattr $C$DW$130, DW_AT_decl_line(0x194)
    2119                      .dwattr $C$DW$130, DW_AT_decl_column(0x05)
    2120              
    2121              $C$DW$131       .dwtag  DW_TAG_enumerator
    2122                      .dwattr $C$DW$131, DW_AT_name("SYSCTL_PERIPH_CLK_EPWM9")
TMS320C2000 Assembler Unix v25.11.0 Sat May 30 20:16:39 2026

Copyright (c) 1996-2018 Texas Instruments Incorporated
device.asm                                                           PAGE   43

    2123                      .dwattr $C$DW$131, DW_AT_const_value(0x802)
    2124                      .dwattr $C$DW$131, DW_AT_decl_file("/home/jose/ti/c2000/C2000Ware_26_01_00_00/driverlib/f2837xd/drive
    2125                      .dwattr $C$DW$131, DW_AT_decl_line(0x195)
    2126                      .dwattr $C$DW$131, DW_AT_decl_column(0x05)
    2127              
    2128              $C$DW$132       .dwtag  DW_TAG_enumerator
    2129                      .dwattr $C$DW$132, DW_AT_name("SYSCTL_PERIPH_CLK_EPWM10")
    2130                      .dwattr $C$DW$132, DW_AT_const_value(0x902)
    2131                      .dwattr $C$DW$132, DW_AT_decl_file("/home/jose/ti/c2000/C2000Ware_26_01_00_00/driverlib/f2837xd/drive
    2132                      .dwattr $C$DW$132, DW_AT_decl_line(0x196)
    2133                      .dwattr $C$DW$132, DW_AT_decl_column(0x05)
    2134              
    2135              $C$DW$133       .dwtag  DW_TAG_enumerator
    2136                      .dwattr $C$DW$133, DW_AT_name("SYSCTL_PERIPH_CLK_EPWM11")
    2137                      .dwattr $C$DW$133, DW_AT_const_value(0xa02)
    2138                      .dwattr $C$DW$133, DW_AT_decl_file("/home/jose/ti/c2000/C2000Ware_26_01_00_00/driverlib/f2837xd/drive
    2139                      .dwattr $C$DW$133, DW_AT_decl_line(0x197)
    2140                      .dwattr $C$DW$133, DW_AT_decl_column(0x05)
    2141              
    2142              $C$DW$134       .dwtag  DW_TAG_enumerator
    2143                      .dwattr $C$DW$134, DW_AT_name("SYSCTL_PERIPH_CLK_EPWM12")
    2144                      .dwattr $C$DW$134, DW_AT_const_value(0xb02)
    2145                      .dwattr $C$DW$134, DW_AT_decl_file("/home/jose/ti/c2000/C2000Ware_26_01_00_00/driverlib/f2837xd/drive
    2146                      .dwattr $C$DW$134, DW_AT_decl_line(0x198)
    2147                      .dwattr $C$DW$134, DW_AT_decl_column(0x05)
    2148              
    2149              $C$DW$135       .dwtag  DW_TAG_enumerator
    2150                      .dwattr $C$DW$135, DW_AT_name("SYSCTL_PERIPH_CLK_ECAP1")
    2151                      .dwattr $C$DW$135, DW_AT_const_value(0x03)
    2152                      .dwattr $C$DW$135, DW_AT_decl_file("/home/jose/ti/c2000/C2000Ware_26_01_00_00/driverlib/f2837xd/drive
    2153                      .dwattr $C$DW$135, DW_AT_decl_line(0x199)
    2154                      .dwattr $C$DW$135, DW_AT_decl_column(0x05)
    2155              
    2156              $C$DW$136       .dwtag  DW_TAG_enumerator
    2157                      .dwattr $C$DW$136, DW_AT_name("SYSCTL_PERIPH_CLK_ECAP2")
    2158                      .dwattr $C$DW$136, DW_AT_const_value(0x103)
    2159                      .dwattr $C$DW$136, DW_AT_decl_file("/home/jose/ti/c2000/C2000Ware_26_01_00_00/driverlib/f2837xd/drive
    2160                      .dwattr $C$DW$136, DW_AT_decl_line(0x19a)
    2161                      .dwattr $C$DW$136, DW_AT_decl_column(0x05)
    2162              
    2163              $C$DW$137       .dwtag  DW_TAG_enumerator
    2164                      .dwattr $C$DW$137, DW_AT_name("SYSCTL_PERIPH_CLK_ECAP3")
    2165                      .dwattr $C$DW$137, DW_AT_const_value(0x203)
    2166                      .dwattr $C$DW$137, DW_AT_decl_file("/home/jose/ti/c2000/C2000Ware_26_01_00_00/driverlib/f2837xd/drive
    2167                      .dwattr $C$DW$137, DW_AT_decl_line(0x19b)
    2168                      .dwattr $C$DW$137, DW_AT_decl_column(0x05)
    2169              
    2170              $C$DW$138       .dwtag  DW_TAG_enumerator
    2171                      .dwattr $C$DW$138, DW_AT_name("SYSCTL_PERIPH_CLK_ECAP4")
    2172                      .dwattr $C$DW$138, DW_AT_const_value(0x303)
    2173                      .dwattr $C$DW$138, DW_AT_decl_file("/home/jose/ti/c2000/C2000Ware_26_01_00_00/driverlib/f2837xd/drive
    2174                      .dwattr $C$DW$138, DW_AT_decl_line(0x19c)
    2175                      .dwattr $C$DW$138, DW_AT_decl_column(0x05)
    2176              
    2177              $C$DW$139       .dwtag  DW_TAG_enumerator
TMS320C2000 Assembler Unix v25.11.0 Sat May 30 20:16:39 2026

Copyright (c) 1996-2018 Texas Instruments Incorporated
device.asm                                                           PAGE   44

    2178                      .dwattr $C$DW$139, DW_AT_name("SYSCTL_PERIPH_CLK_ECAP5")
    2179                      .dwattr $C$DW$139, DW_AT_const_value(0x403)
    2180                      .dwattr $C$DW$139, DW_AT_decl_file("/home/jose/ti/c2000/C2000Ware_26_01_00_00/driverlib/f2837xd/drive
    2181                      .dwattr $C$DW$139, DW_AT_decl_line(0x19d)
    2182                      .dwattr $C$DW$139, DW_AT_decl_column(0x05)
    2183              
    2184              $C$DW$140       .dwtag  DW_TAG_enumerator
    2185                      .dwattr $C$DW$140, DW_AT_name("SYSCTL_PERIPH_CLK_ECAP6")
    2186                      .dwattr $C$DW$140, DW_AT_const_value(0x503)
    2187                      .dwattr $C$DW$140, DW_AT_decl_file("/home/jose/ti/c2000/C2000Ware_26_01_00_00/driverlib/f2837xd/drive
    2188                      .dwattr $C$DW$140, DW_AT_decl_line(0x19e)
    2189                      .dwattr $C$DW$140, DW_AT_decl_column(0x05)
    2190              
    2191              $C$DW$141       .dwtag  DW_TAG_enumerator
    2192                      .dwattr $C$DW$141, DW_AT_name("SYSCTL_PERIPH_CLK_EQEP1")
    2193                      .dwattr $C$DW$141, DW_AT_const_value(0x04)
    2194                      .dwattr $C$DW$141, DW_AT_decl_file("/home/jose/ti/c2000/C2000Ware_26_01_00_00/driverlib/f2837xd/drive
    2195                      .dwattr $C$DW$141, DW_AT_decl_line(0x19f)
    2196                      .dwattr $C$DW$141, DW_AT_decl_column(0x05)
    2197              
    2198              $C$DW$142       .dwtag  DW_TAG_enumerator
    2199                      .dwattr $C$DW$142, DW_AT_name("SYSCTL_PERIPH_CLK_EQEP2")
    2200                      .dwattr $C$DW$142, DW_AT_const_value(0x104)
    2201                      .dwattr $C$DW$142, DW_AT_decl_file("/home/jose/ti/c2000/C2000Ware_26_01_00_00/driverlib/f2837xd/drive
    2202                      .dwattr $C$DW$142, DW_AT_decl_line(0x1a0)
    2203                      .dwattr $C$DW$142, DW_AT_decl_column(0x05)
    2204              
    2205              $C$DW$143       .dwtag  DW_TAG_enumerator
    2206                      .dwattr $C$DW$143, DW_AT_name("SYSCTL_PERIPH_CLK_EQEP3")
    2207                      .dwattr $C$DW$143, DW_AT_const_value(0x204)
    2208                      .dwattr $C$DW$143, DW_AT_decl_file("/home/jose/ti/c2000/C2000Ware_26_01_00_00/driverlib/f2837xd/drive
    2209                      .dwattr $C$DW$143, DW_AT_decl_line(0x1a1)
    2210                      .dwattr $C$DW$143, DW_AT_decl_column(0x05)
    2211              
    2212              $C$DW$144       .dwtag  DW_TAG_enumerator
    2213                      .dwattr $C$DW$144, DW_AT_name("SYSCTL_PERIPH_CLK_SD1")
    2214                      .dwattr $C$DW$144, DW_AT_const_value(0x06)
    2215                      .dwattr $C$DW$144, DW_AT_decl_file("/home/jose/ti/c2000/C2000Ware_26_01_00_00/driverlib/f2837xd/drive
    2216                      .dwattr $C$DW$144, DW_AT_decl_line(0x1a2)
    2217                      .dwattr $C$DW$144, DW_AT_decl_column(0x05)
    2218              
    2219              $C$DW$145       .dwtag  DW_TAG_enumerator
    2220                      .dwattr $C$DW$145, DW_AT_name("SYSCTL_PERIPH_CLK_SD2")
    2221                      .dwattr $C$DW$145, DW_AT_const_value(0x106)
    2222                      .dwattr $C$DW$145, DW_AT_decl_file("/home/jose/ti/c2000/C2000Ware_26_01_00_00/driverlib/f2837xd/drive
    2223                      .dwattr $C$DW$145, DW_AT_decl_line(0x1a3)
    2224                      .dwattr $C$DW$145, DW_AT_decl_column(0x05)
    2225              
    2226              $C$DW$146       .dwtag  DW_TAG_enumerator
    2227                      .dwattr $C$DW$146, DW_AT_name("SYSCTL_PERIPH_CLK_SCIA")
    2228                      .dwattr $C$DW$146, DW_AT_const_value(0x07)
    2229                      .dwattr $C$DW$146, DW_AT_decl_file("/home/jose/ti/c2000/C2000Ware_26_01_00_00/driverlib/f2837xd/drive
    2230                      .dwattr $C$DW$146, DW_AT_decl_line(0x1a4)
    2231                      .dwattr $C$DW$146, DW_AT_decl_column(0x05)
    2232              
TMS320C2000 Assembler Unix v25.11.0 Sat May 30 20:16:39 2026

Copyright (c) 1996-2018 Texas Instruments Incorporated
device.asm                                                           PAGE   45

    2233              $C$DW$147       .dwtag  DW_TAG_enumerator
    2234                      .dwattr $C$DW$147, DW_AT_name("SYSCTL_PERIPH_CLK_SCIB")
    2235                      .dwattr $C$DW$147, DW_AT_const_value(0x107)
    2236                      .dwattr $C$DW$147, DW_AT_decl_file("/home/jose/ti/c2000/C2000Ware_26_01_00_00/driverlib/f2837xd/drive
    2237                      .dwattr $C$DW$147, DW_AT_decl_line(0x1a5)
    2238                      .dwattr $C$DW$147, DW_AT_decl_column(0x05)
    2239              
    2240              $C$DW$148       .dwtag  DW_TAG_enumerator
    2241                      .dwattr $C$DW$148, DW_AT_name("SYSCTL_PERIPH_CLK_SCIC")
    2242                      .dwattr $C$DW$148, DW_AT_const_value(0x207)
    2243                      .dwattr $C$DW$148, DW_AT_decl_file("/home/jose/ti/c2000/C2000Ware_26_01_00_00/driverlib/f2837xd/drive
    2244                      .dwattr $C$DW$148, DW_AT_decl_line(0x1a6)
    2245                      .dwattr $C$DW$148, DW_AT_decl_column(0x05)
    2246              
    2247              $C$DW$149       .dwtag  DW_TAG_enumerator
    2248                      .dwattr $C$DW$149, DW_AT_name("SYSCTL_PERIPH_CLK_SCID")
    2249                      .dwattr $C$DW$149, DW_AT_const_value(0x307)
    2250                      .dwattr $C$DW$149, DW_AT_decl_file("/home/jose/ti/c2000/C2000Ware_26_01_00_00/driverlib/f2837xd/drive
    2251                      .dwattr $C$DW$149, DW_AT_decl_line(0x1a7)
    2252                      .dwattr $C$DW$149, DW_AT_decl_column(0x05)
    2253              
    2254              $C$DW$150       .dwtag  DW_TAG_enumerator
    2255                      .dwattr $C$DW$150, DW_AT_name("SYSCTL_PERIPH_CLK_SPIA")
    2256                      .dwattr $C$DW$150, DW_AT_const_value(0x08)
    2257                      .dwattr $C$DW$150, DW_AT_decl_file("/home/jose/ti/c2000/C2000Ware_26_01_00_00/driverlib/f2837xd/drive
    2258                      .dwattr $C$DW$150, DW_AT_decl_line(0x1a8)
    2259                      .dwattr $C$DW$150, DW_AT_decl_column(0x05)
    2260              
    2261              $C$DW$151       .dwtag  DW_TAG_enumerator
    2262                      .dwattr $C$DW$151, DW_AT_name("SYSCTL_PERIPH_CLK_SPIB")
    2263                      .dwattr $C$DW$151, DW_AT_const_value(0x108)
    2264                      .dwattr $C$DW$151, DW_AT_decl_file("/home/jose/ti/c2000/C2000Ware_26_01_00_00/driverlib/f2837xd/drive
    2265                      .dwattr $C$DW$151, DW_AT_decl_line(0x1a9)
    2266                      .dwattr $C$DW$151, DW_AT_decl_column(0x05)
    2267              
    2268              $C$DW$152       .dwtag  DW_TAG_enumerator
    2269                      .dwattr $C$DW$152, DW_AT_name("SYSCTL_PERIPH_CLK_SPIC")
    2270                      .dwattr $C$DW$152, DW_AT_const_value(0x208)
    2271                      .dwattr $C$DW$152, DW_AT_decl_file("/home/jose/ti/c2000/C2000Ware_26_01_00_00/driverlib/f2837xd/drive
    2272                      .dwattr $C$DW$152, DW_AT_decl_line(0x1aa)
    2273                      .dwattr $C$DW$152, DW_AT_decl_column(0x05)
    2274              
    2275              $C$DW$153       .dwtag  DW_TAG_enumerator
    2276                      .dwattr $C$DW$153, DW_AT_name("SYSCTL_PERIPH_CLK_I2CA")
    2277                      .dwattr $C$DW$153, DW_AT_const_value(0x09)
    2278                      .dwattr $C$DW$153, DW_AT_decl_file("/home/jose/ti/c2000/C2000Ware_26_01_00_00/driverlib/f2837xd/drive
    2279                      .dwattr $C$DW$153, DW_AT_decl_line(0x1ab)
    2280                      .dwattr $C$DW$153, DW_AT_decl_column(0x05)
    2281              
    2282              $C$DW$154       .dwtag  DW_TAG_enumerator
    2283                      .dwattr $C$DW$154, DW_AT_name("SYSCTL_PERIPH_CLK_I2CB")
    2284                      .dwattr $C$DW$154, DW_AT_const_value(0x109)
    2285                      .dwattr $C$DW$154, DW_AT_decl_file("/home/jose/ti/c2000/C2000Ware_26_01_00_00/driverlib/f2837xd/drive
    2286                      .dwattr $C$DW$154, DW_AT_decl_line(0x1ac)
    2287                      .dwattr $C$DW$154, DW_AT_decl_column(0x05)
TMS320C2000 Assembler Unix v25.11.0 Sat May 30 20:16:39 2026

Copyright (c) 1996-2018 Texas Instruments Incorporated
device.asm                                                           PAGE   46

    2288              
    2289              $C$DW$155       .dwtag  DW_TAG_enumerator
    2290                      .dwattr $C$DW$155, DW_AT_name("SYSCTL_PERIPH_CLK_CANA")
    2291                      .dwattr $C$DW$155, DW_AT_const_value(0x0a)
    2292                      .dwattr $C$DW$155, DW_AT_decl_file("/home/jose/ti/c2000/C2000Ware_26_01_00_00/driverlib/f2837xd/drive
    2293                      .dwattr $C$DW$155, DW_AT_decl_line(0x1ad)
    2294                      .dwattr $C$DW$155, DW_AT_decl_column(0x05)
    2295              
    2296              $C$DW$156       .dwtag  DW_TAG_enumerator
    2297                      .dwattr $C$DW$156, DW_AT_name("SYSCTL_PERIPH_CLK_CANB")
    2298                      .dwattr $C$DW$156, DW_AT_const_value(0x10a)
    2299                      .dwattr $C$DW$156, DW_AT_decl_file("/home/jose/ti/c2000/C2000Ware_26_01_00_00/driverlib/f2837xd/drive
    2300                      .dwattr $C$DW$156, DW_AT_decl_line(0x1ae)
    2301                      .dwattr $C$DW$156, DW_AT_decl_column(0x05)
    2302              
    2303              $C$DW$157       .dwtag  DW_TAG_enumerator
    2304                      .dwattr $C$DW$157, DW_AT_name("SYSCTL_PERIPH_CLK_MCBSPA")
    2305                      .dwattr $C$DW$157, DW_AT_const_value(0x0b)
    2306                      .dwattr $C$DW$157, DW_AT_decl_file("/home/jose/ti/c2000/C2000Ware_26_01_00_00/driverlib/f2837xd/drive
    2307                      .dwattr $C$DW$157, DW_AT_decl_line(0x1af)
    2308                      .dwattr $C$DW$157, DW_AT_decl_column(0x05)
    2309              
    2310              $C$DW$158       .dwtag  DW_TAG_enumerator
    2311                      .dwattr $C$DW$158, DW_AT_name("SYSCTL_PERIPH_CLK_MCBSPB")
    2312                      .dwattr $C$DW$158, DW_AT_const_value(0x10b)
    2313                      .dwattr $C$DW$158, DW_AT_decl_file("/home/jose/ti/c2000/C2000Ware_26_01_00_00/driverlib/f2837xd/drive
    2314                      .dwattr $C$DW$158, DW_AT_decl_line(0x1b0)
    2315                      .dwattr $C$DW$158, DW_AT_decl_column(0x05)
    2316              
    2317              $C$DW$159       .dwtag  DW_TAG_enumerator
    2318                      .dwattr $C$DW$159, DW_AT_name("SYSCTL_PERIPH_CLK_USBA")
    2319                      .dwattr $C$DW$159, DW_AT_const_value(0x100b)
    2320                      .dwattr $C$DW$159, DW_AT_decl_file("/home/jose/ti/c2000/C2000Ware_26_01_00_00/driverlib/f2837xd/drive
    2321                      .dwattr $C$DW$159, DW_AT_decl_line(0x1b1)
    2322                      .dwattr $C$DW$159, DW_AT_decl_column(0x05)
    2323              
    2324              $C$DW$160       .dwtag  DW_TAG_enumerator
    2325                      .dwattr $C$DW$160, DW_AT_name("SYSCTL_PERIPH_CLK_UPPA")
    2326                      .dwattr $C$DW$160, DW_AT_const_value(0x0c)
    2327                      .dwattr $C$DW$160, DW_AT_decl_file("/home/jose/ti/c2000/C2000Ware_26_01_00_00/driverlib/f2837xd/drive
    2328                      .dwattr $C$DW$160, DW_AT_decl_line(0x1b2)
    2329                      .dwattr $C$DW$160, DW_AT_decl_column(0x05)
    2330              
    2331              $C$DW$161       .dwtag  DW_TAG_enumerator
    2332                      .dwattr $C$DW$161, DW_AT_name("SYSCTL_PERIPH_CLK_ADCA")
    2333                      .dwattr $C$DW$161, DW_AT_const_value(0x0d)
    2334                      .dwattr $C$DW$161, DW_AT_decl_file("/home/jose/ti/c2000/C2000Ware_26_01_00_00/driverlib/f2837xd/drive
    2335                      .dwattr $C$DW$161, DW_AT_decl_line(0x1b3)
    2336                      .dwattr $C$DW$161, DW_AT_decl_column(0x05)
    2337              
    2338              $C$DW$162       .dwtag  DW_TAG_enumerator
    2339                      .dwattr $C$DW$162, DW_AT_name("SYSCTL_PERIPH_CLK_ADCB")
    2340                      .dwattr $C$DW$162, DW_AT_const_value(0x10d)
    2341                      .dwattr $C$DW$162, DW_AT_decl_file("/home/jose/ti/c2000/C2000Ware_26_01_00_00/driverlib/f2837xd/drive
    2342                      .dwattr $C$DW$162, DW_AT_decl_line(0x1b4)
TMS320C2000 Assembler Unix v25.11.0 Sat May 30 20:16:39 2026

Copyright (c) 1996-2018 Texas Instruments Incorporated
device.asm                                                           PAGE   47

    2343                      .dwattr $C$DW$162, DW_AT_decl_column(0x05)
    2344              
    2345              $C$DW$163       .dwtag  DW_TAG_enumerator
    2346                      .dwattr $C$DW$163, DW_AT_name("SYSCTL_PERIPH_CLK_ADCC")
    2347                      .dwattr $C$DW$163, DW_AT_const_value(0x20d)
    2348                      .dwattr $C$DW$163, DW_AT_decl_file("/home/jose/ti/c2000/C2000Ware_26_01_00_00/driverlib/f2837xd/drive
    2349                      .dwattr $C$DW$163, DW_AT_decl_line(0x1b5)
    2350                      .dwattr $C$DW$163, DW_AT_decl_column(0x05)
    2351              
    2352              $C$DW$164       .dwtag  DW_TAG_enumerator
    2353                      .dwattr $C$DW$164, DW_AT_name("SYSCTL_PERIPH_CLK_ADCD")
    2354                      .dwattr $C$DW$164, DW_AT_const_value(0x30d)
    2355                      .dwattr $C$DW$164, DW_AT_decl_file("/home/jose/ti/c2000/C2000Ware_26_01_00_00/driverlib/f2837xd/drive
    2356                      .dwattr $C$DW$164, DW_AT_decl_line(0x1b6)
    2357                      .dwattr $C$DW$164, DW_AT_decl_column(0x05)
    2358              
    2359              $C$DW$165       .dwtag  DW_TAG_enumerator
    2360                      .dwattr $C$DW$165, DW_AT_name("SYSCTL_PERIPH_CLK_CMPSS1")
    2361                      .dwattr $C$DW$165, DW_AT_const_value(0x0e)
    2362                      .dwattr $C$DW$165, DW_AT_decl_file("/home/jose/ti/c2000/C2000Ware_26_01_00_00/driverlib/f2837xd/drive
    2363                      .dwattr $C$DW$165, DW_AT_decl_line(0x1b7)
    2364                      .dwattr $C$DW$165, DW_AT_decl_column(0x05)
    2365              
    2366              $C$DW$166       .dwtag  DW_TAG_enumerator
    2367                      .dwattr $C$DW$166, DW_AT_name("SYSCTL_PERIPH_CLK_CMPSS2")
    2368                      .dwattr $C$DW$166, DW_AT_const_value(0x10e)
    2369                      .dwattr $C$DW$166, DW_AT_decl_file("/home/jose/ti/c2000/C2000Ware_26_01_00_00/driverlib/f2837xd/drive
    2370                      .dwattr $C$DW$166, DW_AT_decl_line(0x1b8)
    2371                      .dwattr $C$DW$166, DW_AT_decl_column(0x05)
    2372              
    2373              $C$DW$167       .dwtag  DW_TAG_enumerator
    2374                      .dwattr $C$DW$167, DW_AT_name("SYSCTL_PERIPH_CLK_CMPSS3")
    2375                      .dwattr $C$DW$167, DW_AT_const_value(0x20e)
    2376                      .dwattr $C$DW$167, DW_AT_decl_file("/home/jose/ti/c2000/C2000Ware_26_01_00_00/driverlib/f2837xd/drive
    2377                      .dwattr $C$DW$167, DW_AT_decl_line(0x1b9)
    2378                      .dwattr $C$DW$167, DW_AT_decl_column(0x05)
    2379              
    2380              $C$DW$168       .dwtag  DW_TAG_enumerator
    2381                      .dwattr $C$DW$168, DW_AT_name("SYSCTL_PERIPH_CLK_CMPSS4")
    2382                      .dwattr $C$DW$168, DW_AT_const_value(0x30e)
    2383                      .dwattr $C$DW$168, DW_AT_decl_file("/home/jose/ti/c2000/C2000Ware_26_01_00_00/driverlib/f2837xd/drive
    2384                      .dwattr $C$DW$168, DW_AT_decl_line(0x1ba)
    2385                      .dwattr $C$DW$168, DW_AT_decl_column(0x05)
    2386              
    2387              $C$DW$169       .dwtag  DW_TAG_enumerator
    2388                      .dwattr $C$DW$169, DW_AT_name("SYSCTL_PERIPH_CLK_CMPSS5")
    2389                      .dwattr $C$DW$169, DW_AT_const_value(0x40e)
    2390                      .dwattr $C$DW$169, DW_AT_decl_file("/home/jose/ti/c2000/C2000Ware_26_01_00_00/driverlib/f2837xd/drive
    2391                      .dwattr $C$DW$169, DW_AT_decl_line(0x1bb)
    2392                      .dwattr $C$DW$169, DW_AT_decl_column(0x05)
    2393              
    2394              $C$DW$170       .dwtag  DW_TAG_enumerator
    2395                      .dwattr $C$DW$170, DW_AT_name("SYSCTL_PERIPH_CLK_CMPSS6")
    2396                      .dwattr $C$DW$170, DW_AT_const_value(0x50e)
    2397                      .dwattr $C$DW$170, DW_AT_decl_file("/home/jose/ti/c2000/C2000Ware_26_01_00_00/driverlib/f2837xd/drive
TMS320C2000 Assembler Unix v25.11.0 Sat May 30 20:16:39 2026

Copyright (c) 1996-2018 Texas Instruments Incorporated
device.asm                                                           PAGE   48

    2398                      .dwattr $C$DW$170, DW_AT_decl_line(0x1bc)
    2399                      .dwattr $C$DW$170, DW_AT_decl_column(0x05)
    2400              
    2401              $C$DW$171       .dwtag  DW_TAG_enumerator
    2402                      .dwattr $C$DW$171, DW_AT_name("SYSCTL_PERIPH_CLK_CMPSS7")
    2403                      .dwattr $C$DW$171, DW_AT_const_value(0x60e)
    2404                      .dwattr $C$DW$171, DW_AT_decl_file("/home/jose/ti/c2000/C2000Ware_26_01_00_00/driverlib/f2837xd/drive
    2405                      .dwattr $C$DW$171, DW_AT_decl_line(0x1bd)
    2406                      .dwattr $C$DW$171, DW_AT_decl_column(0x05)
    2407              
    2408              $C$DW$172       .dwtag  DW_TAG_enumerator
    2409                      .dwattr $C$DW$172, DW_AT_name("SYSCTL_PERIPH_CLK_CMPSS8")
    2410                      .dwattr $C$DW$172, DW_AT_const_value(0x70e)
    2411                      .dwattr $C$DW$172, DW_AT_decl_file("/home/jose/ti/c2000/C2000Ware_26_01_00_00/driverlib/f2837xd/drive
    2412                      .dwattr $C$DW$172, DW_AT_decl_line(0x1be)
    2413                      .dwattr $C$DW$172, DW_AT_decl_column(0x05)
    2414              
    2415              $C$DW$173       .dwtag  DW_TAG_enumerator
    2416                      .dwattr $C$DW$173, DW_AT_name("SYSCTL_PERIPH_CLK_DACA")
    2417                      .dwattr $C$DW$173, DW_AT_const_value(0x1010)
    2418                      .dwattr $C$DW$173, DW_AT_decl_file("/home/jose/ti/c2000/C2000Ware_26_01_00_00/driverlib/f2837xd/drive
    2419                      .dwattr $C$DW$173, DW_AT_decl_line(0x1bf)
    2420                      .dwattr $C$DW$173, DW_AT_decl_column(0x05)
    2421              
    2422              $C$DW$174       .dwtag  DW_TAG_enumerator
    2423                      .dwattr $C$DW$174, DW_AT_name("SYSCTL_PERIPH_CLK_DACB")
    2424                      .dwattr $C$DW$174, DW_AT_const_value(0x1110)
    2425                      .dwattr $C$DW$174, DW_AT_decl_file("/home/jose/ti/c2000/C2000Ware_26_01_00_00/driverlib/f2837xd/drive
    2426                      .dwattr $C$DW$174, DW_AT_decl_line(0x1c0)
    2427                      .dwattr $C$DW$174, DW_AT_decl_column(0x05)
    2428              
    2429              $C$DW$175       .dwtag  DW_TAG_enumerator
    2430                      .dwattr $C$DW$175, DW_AT_name("SYSCTL_PERIPH_CLK_DACC")
    2431                      .dwattr $C$DW$175, DW_AT_const_value(0x1210)
    2432                      .dwattr $C$DW$175, DW_AT_decl_file("/home/jose/ti/c2000/C2000Ware_26_01_00_00/driverlib/f2837xd/drive
    2433                      .dwattr $C$DW$175, DW_AT_decl_line(0x1c1)
    2434                      .dwattr $C$DW$175, DW_AT_decl_column(0x05)
    2435              
    2436                      .dwattr $C$DW$T$19, DW_AT_decl_file("/home/jose/ti/c2000/C2000Ware_26_01_00_00/driverlib/f2837xd/driv
    2437                      .dwattr $C$DW$T$19, DW_AT_decl_line(0x182)
    2438                      .dwattr $C$DW$T$19, DW_AT_decl_column(0x01)
    2439                      .dwendtag $C$DW$T$19
    2440              
    2441                      .dwendtag $C$DW$TU$19
    2442              
    2443              
    2444              $C$DW$TU$20     .dwtag  DW_TAG_type_unit
    2445                      .dwmtype  $C$DW$T$20
    2446              $C$DW$T$20      .dwtag  DW_TAG_typedef
    2447                      .dwattr $C$DW$T$20, DW_AT_name("SysCtl_PeripheralPCLOCKCR")
    2448                      .dwattr $C$DW$T$20, DW_AT_type(*$C$DW$T$19)
    2449                      .dwattr $C$DW$T$20, DW_AT_decl_file("/home/jose/ti/c2000/C2000Ware_26_01_00_00/driverlib/f2837xd/driv
    2450                      .dwattr $C$DW$T$20, DW_AT_decl_line(0x1c2)
    2451                      .dwattr $C$DW$T$20, DW_AT_decl_column(0x03)
    2452              
TMS320C2000 Assembler Unix v25.11.0 Sat May 30 20:16:39 2026

Copyright (c) 1996-2018 Texas Instruments Incorporated
device.asm                                                           PAGE   49

    2453                      .dwendtag $C$DW$TU$20
    2454              
    2455              
    2456              $C$DW$TU$21     .dwtag  DW_TAG_type_unit
    2457                      .dwmtype  $C$DW$T$21
    2458              
    2459              $C$DW$T$21      .dwtag  DW_TAG_enumeration_type
    2460                      .dwattr $C$DW$T$21, DW_AT_byte_size(0x01)
    2461              $C$DW$176       .dwtag  DW_TAG_enumerator
    2462                      .dwattr $C$DW$176, DW_AT_name("SYSCTL_LSPCLK_PRESCALE_1")
    2463                      .dwattr $C$DW$176, DW_AT_const_value(0x00)
    2464                      .dwattr $C$DW$176, DW_AT_decl_file("/home/jose/ti/c2000/C2000Ware_26_01_00_00/driverlib/f2837xd/drive
    2465                      .dwattr $C$DW$176, DW_AT_decl_line(0x298)
    2466                      .dwattr $C$DW$176, DW_AT_decl_column(0x05)
    2467              
    2468              $C$DW$177       .dwtag  DW_TAG_enumerator
    2469                      .dwattr $C$DW$177, DW_AT_name("SYSCTL_LSPCLK_PRESCALE_2")
    2470                      .dwattr $C$DW$177, DW_AT_const_value(0x01)
    2471                      .dwattr $C$DW$177, DW_AT_decl_file("/home/jose/ti/c2000/C2000Ware_26_01_00_00/driverlib/f2837xd/drive
    2472                      .dwattr $C$DW$177, DW_AT_decl_line(0x299)
    2473                      .dwattr $C$DW$177, DW_AT_decl_column(0x05)
    2474              
    2475              $C$DW$178       .dwtag  DW_TAG_enumerator
    2476                      .dwattr $C$DW$178, DW_AT_name("SYSCTL_LSPCLK_PRESCALE_4")
    2477                      .dwattr $C$DW$178, DW_AT_const_value(0x02)
    2478                      .dwattr $C$DW$178, DW_AT_decl_file("/home/jose/ti/c2000/C2000Ware_26_01_00_00/driverlib/f2837xd/drive
    2479                      .dwattr $C$DW$178, DW_AT_decl_line(0x29a)
    2480                      .dwattr $C$DW$178, DW_AT_decl_column(0x05)
    2481              
    2482              $C$DW$179       .dwtag  DW_TAG_enumerator
    2483                      .dwattr $C$DW$179, DW_AT_name("SYSCTL_LSPCLK_PRESCALE_6")
    2484                      .dwattr $C$DW$179, DW_AT_const_value(0x03)
    2485                      .dwattr $C$DW$179, DW_AT_decl_file("/home/jose/ti/c2000/C2000Ware_26_01_00_00/driverlib/f2837xd/drive
    2486                      .dwattr $C$DW$179, DW_AT_decl_line(0x29b)
    2487                      .dwattr $C$DW$179, DW_AT_decl_column(0x05)
    2488              
    2489              $C$DW$180       .dwtag  DW_TAG_enumerator
    2490                      .dwattr $C$DW$180, DW_AT_name("SYSCTL_LSPCLK_PRESCALE_8")
    2491                      .dwattr $C$DW$180, DW_AT_const_value(0x04)
    2492                      .dwattr $C$DW$180, DW_AT_decl_file("/home/jose/ti/c2000/C2000Ware_26_01_00_00/driverlib/f2837xd/drive
    2493                      .dwattr $C$DW$180, DW_AT_decl_line(0x29c)
    2494                      .dwattr $C$DW$180, DW_AT_decl_column(0x05)
    2495              
    2496              $C$DW$181       .dwtag  DW_TAG_enumerator
    2497                      .dwattr $C$DW$181, DW_AT_name("SYSCTL_LSPCLK_PRESCALE_10")
    2498                      .dwattr $C$DW$181, DW_AT_const_value(0x05)
    2499                      .dwattr $C$DW$181, DW_AT_decl_file("/home/jose/ti/c2000/C2000Ware_26_01_00_00/driverlib/f2837xd/drive
    2500                      .dwattr $C$DW$181, DW_AT_decl_line(0x29d)
    2501                      .dwattr $C$DW$181, DW_AT_decl_column(0x05)
    2502              
    2503              $C$DW$182       .dwtag  DW_TAG_enumerator
    2504                      .dwattr $C$DW$182, DW_AT_name("SYSCTL_LSPCLK_PRESCALE_12")
    2505                      .dwattr $C$DW$182, DW_AT_const_value(0x06)
    2506                      .dwattr $C$DW$182, DW_AT_decl_file("/home/jose/ti/c2000/C2000Ware_26_01_00_00/driverlib/f2837xd/drive
    2507                      .dwattr $C$DW$182, DW_AT_decl_line(0x29e)
TMS320C2000 Assembler Unix v25.11.0 Sat May 30 20:16:39 2026

Copyright (c) 1996-2018 Texas Instruments Incorporated
device.asm                                                           PAGE   50

    2508                      .dwattr $C$DW$182, DW_AT_decl_column(0x05)
    2509              
    2510              $C$DW$183       .dwtag  DW_TAG_enumerator
    2511                      .dwattr $C$DW$183, DW_AT_name("SYSCTL_LSPCLK_PRESCALE_14")
    2512                      .dwattr $C$DW$183, DW_AT_const_value(0x07)
    2513                      .dwattr $C$DW$183, DW_AT_decl_file("/home/jose/ti/c2000/C2000Ware_26_01_00_00/driverlib/f2837xd/drive
    2514                      .dwattr $C$DW$183, DW_AT_decl_line(0x29f)
    2515                      .dwattr $C$DW$183, DW_AT_decl_column(0x05)
    2516              
    2517                      .dwattr $C$DW$T$21, DW_AT_decl_file("/home/jose/ti/c2000/C2000Ware_26_01_00_00/driverlib/f2837xd/driv
    2518                      .dwattr $C$DW$T$21, DW_AT_decl_line(0x297)
    2519                      .dwattr $C$DW$T$21, DW_AT_decl_column(0x01)
    2520                      .dwendtag $C$DW$T$21
    2521              
    2522                      .dwendtag $C$DW$TU$21
    2523              
    2524              
    2525              $C$DW$TU$22     .dwtag  DW_TAG_type_unit
    2526                      .dwmtype  $C$DW$T$22
    2527              $C$DW$T$22      .dwtag  DW_TAG_typedef
    2528                      .dwattr $C$DW$T$22, DW_AT_name("SysCtl_LSPCLKPrescaler")
    2529                      .dwattr $C$DW$T$22, DW_AT_type(*$C$DW$T$21)
    2530                      .dwattr $C$DW$T$22, DW_AT_decl_file("/home/jose/ti/c2000/C2000Ware_26_01_00_00/driverlib/f2837xd/driv
    2531                      .dwattr $C$DW$T$22, DW_AT_decl_line(0x2a0)
    2532                      .dwattr $C$DW$T$22, DW_AT_decl_column(0x03)
    2533              
    2534                      .dwendtag $C$DW$TU$22
    2535              
    2536              
    2537              $C$DW$TU$23     .dwtag  DW_TAG_type_unit
    2538                      .dwmtype  $C$DW$T$23
    2539              
    2540              $C$DW$T$23      .dwtag  DW_TAG_enumeration_type
    2541                      .dwattr $C$DW$T$23, DW_AT_byte_size(0x01)
    2542              $C$DW$184       .dwtag  DW_TAG_enumerator
    2543                      .dwattr $C$DW$184, DW_AT_name("SYSCTL_CPUSEL0_EPWM")
    2544                      .dwattr $C$DW$184, DW_AT_const_value(0x00)
    2545                      .dwattr $C$DW$184, DW_AT_decl_file("/home/jose/ti/c2000/C2000Ware_26_01_00_00/driverlib/f2837xd/drive
    2546                      .dwattr $C$DW$184, DW_AT_decl_line(0x20d)
    2547                      .dwattr $C$DW$184, DW_AT_decl_column(0x05)
    2548              
    2549              $C$DW$185       .dwtag  DW_TAG_enumerator
    2550                      .dwattr $C$DW$185, DW_AT_name("SYSCTL_CPUSEL1_ECAP")
    2551                      .dwattr $C$DW$185, DW_AT_const_value(0x01)
    2552                      .dwattr $C$DW$185, DW_AT_decl_file("/home/jose/ti/c2000/C2000Ware_26_01_00_00/driverlib/f2837xd/drive
    2553                      .dwattr $C$DW$185, DW_AT_decl_line(0x20f)
    2554                      .dwattr $C$DW$185, DW_AT_decl_column(0x05)
    2555              
    2556              $C$DW$186       .dwtag  DW_TAG_enumerator
    2557                      .dwattr $C$DW$186, DW_AT_name("SYSCTL_CPUSEL2_EQEP")
    2558                      .dwattr $C$DW$186, DW_AT_const_value(0x02)
    2559                      .dwattr $C$DW$186, DW_AT_decl_file("/home/jose/ti/c2000/C2000Ware_26_01_00_00/driverlib/f2837xd/drive
    2560                      .dwattr $C$DW$186, DW_AT_decl_line(0x211)
    2561                      .dwattr $C$DW$186, DW_AT_decl_column(0x05)
    2562              
TMS320C2000 Assembler Unix v25.11.0 Sat May 30 20:16:39 2026

Copyright (c) 1996-2018 Texas Instruments Incorporated
device.asm                                                           PAGE   51

    2563              $C$DW$187       .dwtag  DW_TAG_enumerator
    2564                      .dwattr $C$DW$187, DW_AT_name("SYSCTL_CPUSEL4_SD")
    2565                      .dwattr $C$DW$187, DW_AT_const_value(0x04)
    2566                      .dwattr $C$DW$187, DW_AT_decl_file("/home/jose/ti/c2000/C2000Ware_26_01_00_00/driverlib/f2837xd/drive
    2567                      .dwattr $C$DW$187, DW_AT_decl_line(0x213)
    2568                      .dwattr $C$DW$187, DW_AT_decl_column(0x05)
    2569              
    2570              $C$DW$188       .dwtag  DW_TAG_enumerator
    2571                      .dwattr $C$DW$188, DW_AT_name("SYSCTL_CPUSEL5_SCI")
    2572                      .dwattr $C$DW$188, DW_AT_const_value(0x05)
    2573                      .dwattr $C$DW$188, DW_AT_decl_file("/home/jose/ti/c2000/C2000Ware_26_01_00_00/driverlib/f2837xd/drive
    2574                      .dwattr $C$DW$188, DW_AT_decl_line(0x215)
    2575                      .dwattr $C$DW$188, DW_AT_decl_column(0x05)
    2576              
    2577              $C$DW$189       .dwtag  DW_TAG_enumerator
    2578                      .dwattr $C$DW$189, DW_AT_name("SYSCTL_CPUSEL6_SPI")
    2579                      .dwattr $C$DW$189, DW_AT_const_value(0x06)
    2580                      .dwattr $C$DW$189, DW_AT_decl_file("/home/jose/ti/c2000/C2000Ware_26_01_00_00/driverlib/f2837xd/drive
    2581                      .dwattr $C$DW$189, DW_AT_decl_line(0x217)
    2582                      .dwattr $C$DW$189, DW_AT_decl_column(0x05)
    2583              
    2584              $C$DW$190       .dwtag  DW_TAG_enumerator
    2585                      .dwattr $C$DW$190, DW_AT_name("SYSCTL_CPUSEL7_I2C")
    2586                      .dwattr $C$DW$190, DW_AT_const_value(0x07)
    2587                      .dwattr $C$DW$190, DW_AT_decl_file("/home/jose/ti/c2000/C2000Ware_26_01_00_00/driverlib/f2837xd/drive
    2588                      .dwattr $C$DW$190, DW_AT_decl_line(0x219)
    2589                      .dwattr $C$DW$190, DW_AT_decl_column(0x05)
    2590              
    2591              $C$DW$191       .dwtag  DW_TAG_enumerator
    2592                      .dwattr $C$DW$191, DW_AT_name("SYSCTL_CPUSEL8_CAN")
    2593                      .dwattr $C$DW$191, DW_AT_const_value(0x08)
    2594                      .dwattr $C$DW$191, DW_AT_decl_file("/home/jose/ti/c2000/C2000Ware_26_01_00_00/driverlib/f2837xd/drive
    2595                      .dwattr $C$DW$191, DW_AT_decl_line(0x21b)
    2596                      .dwattr $C$DW$191, DW_AT_decl_column(0x05)
    2597              
    2598              $C$DW$192       .dwtag  DW_TAG_enumerator
    2599                      .dwattr $C$DW$192, DW_AT_name("SYSCTL_CPUSEL9_MCBSP")
    2600                      .dwattr $C$DW$192, DW_AT_const_value(0x09)
    2601                      .dwattr $C$DW$192, DW_AT_decl_file("/home/jose/ti/c2000/C2000Ware_26_01_00_00/driverlib/f2837xd/drive
    2602                      .dwattr $C$DW$192, DW_AT_decl_line(0x21d)
    2603                      .dwattr $C$DW$192, DW_AT_decl_column(0x05)
    2604              
    2605              $C$DW$193       .dwtag  DW_TAG_enumerator
    2606                      .dwattr $C$DW$193, DW_AT_name("SYSCTL_CPUSEL11_ADC")
    2607                      .dwattr $C$DW$193, DW_AT_const_value(0x0b)
    2608                      .dwattr $C$DW$193, DW_AT_decl_file("/home/jose/ti/c2000/C2000Ware_26_01_00_00/driverlib/f2837xd/drive
    2609                      .dwattr $C$DW$193, DW_AT_decl_line(0x21f)
    2610                      .dwattr $C$DW$193, DW_AT_decl_column(0x05)
    2611              
    2612              $C$DW$194       .dwtag  DW_TAG_enumerator
    2613                      .dwattr $C$DW$194, DW_AT_name("SYSCTL_CPUSEL12_CMPSS")
    2614                      .dwattr $C$DW$194, DW_AT_const_value(0x0c)
    2615                      .dwattr $C$DW$194, DW_AT_decl_file("/home/jose/ti/c2000/C2000Ware_26_01_00_00/driverlib/f2837xd/drive
    2616                      .dwattr $C$DW$194, DW_AT_decl_line(0x221)
    2617                      .dwattr $C$DW$194, DW_AT_decl_column(0x05)
TMS320C2000 Assembler Unix v25.11.0 Sat May 30 20:16:39 2026

Copyright (c) 1996-2018 Texas Instruments Incorporated
device.asm                                                           PAGE   52

    2618              
    2619              $C$DW$195       .dwtag  DW_TAG_enumerator
    2620                      .dwattr $C$DW$195, DW_AT_name("SYSCTL_CPUSEL14_DAC")
    2621                      .dwattr $C$DW$195, DW_AT_const_value(0x0e)
    2622                      .dwattr $C$DW$195, DW_AT_decl_file("/home/jose/ti/c2000/C2000Ware_26_01_00_00/driverlib/f2837xd/drive
    2623                      .dwattr $C$DW$195, DW_AT_decl_line(0x223)
    2624                      .dwattr $C$DW$195, DW_AT_decl_column(0x05)
    2625              
    2626                      .dwattr $C$DW$T$23, DW_AT_decl_file("/home/jose/ti/c2000/C2000Ware_26_01_00_00/driverlib/f2837xd/driv
    2627                      .dwattr $C$DW$T$23, DW_AT_decl_line(0x20b)
    2628                      .dwattr $C$DW$T$23, DW_AT_decl_column(0x01)
    2629                      .dwendtag $C$DW$T$23
    2630              
    2631                      .dwendtag $C$DW$TU$23
    2632              
    2633              
    2634              $C$DW$TU$24     .dwtag  DW_TAG_type_unit
    2635                      .dwmtype  $C$DW$T$24
    2636              $C$DW$T$24      .dwtag  DW_TAG_typedef
    2637                      .dwattr $C$DW$T$24, DW_AT_name("SysCtl_CPUSelPeripheral")
    2638                      .dwattr $C$DW$T$24, DW_AT_type(*$C$DW$T$23)
    2639                      .dwattr $C$DW$T$24, DW_AT_decl_file("/home/jose/ti/c2000/C2000Ware_26_01_00_00/driverlib/f2837xd/driv
    2640                      .dwattr $C$DW$T$24, DW_AT_decl_line(0x224)
    2641                      .dwattr $C$DW$T$24, DW_AT_decl_column(0x03)
    2642              
    2643                      .dwendtag $C$DW$TU$24
    2644              
    2645              
    2646              $C$DW$TU$25     .dwtag  DW_TAG_type_unit
    2647                      .dwmtype  $C$DW$T$25
    2648              
    2649              $C$DW$T$25      .dwtag  DW_TAG_enumeration_type
    2650                      .dwattr $C$DW$T$25, DW_AT_byte_size(0x01)
    2651              $C$DW$196       .dwtag  DW_TAG_enumerator
    2652                      .dwattr $C$DW$196, DW_AT_name("SYSCTL_CPUSEL_CPU1")
    2653                      .dwattr $C$DW$196, DW_AT_const_value(0x00)
    2654                      .dwattr $C$DW$196, DW_AT_decl_file("/home/jose/ti/c2000/C2000Ware_26_01_00_00/driverlib/f2837xd/drive
    2655                      .dwattr $C$DW$196, DW_AT_decl_line(0x26c)
    2656                      .dwattr $C$DW$196, DW_AT_decl_column(0x05)
    2657              
    2658              $C$DW$197       .dwtag  DW_TAG_enumerator
    2659                      .dwattr $C$DW$197, DW_AT_name("SYSCTL_CPUSEL_CPU2")
    2660                      .dwattr $C$DW$197, DW_AT_const_value(0x01)
    2661                      .dwattr $C$DW$197, DW_AT_decl_file("/home/jose/ti/c2000/C2000Ware_26_01_00_00/driverlib/f2837xd/drive
    2662                      .dwattr $C$DW$197, DW_AT_decl_line(0x26e)
    2663                      .dwattr $C$DW$197, DW_AT_decl_column(0x05)
    2664              
    2665                      .dwattr $C$DW$T$25, DW_AT_decl_file("/home/jose/ti/c2000/C2000Ware_26_01_00_00/driverlib/f2837xd/driv
    2666                      .dwattr $C$DW$T$25, DW_AT_decl_line(0x26a)
    2667                      .dwattr $C$DW$T$25, DW_AT_decl_column(0x01)
    2668                      .dwendtag $C$DW$T$25
    2669              
    2670                      .dwendtag $C$DW$TU$25
    2671              
    2672              
TMS320C2000 Assembler Unix v25.11.0 Sat May 30 20:16:39 2026

Copyright (c) 1996-2018 Texas Instruments Incorporated
device.asm                                                           PAGE   53

    2673              $C$DW$TU$26     .dwtag  DW_TAG_type_unit
    2674                      .dwmtype  $C$DW$T$26
    2675              $C$DW$T$26      .dwtag  DW_TAG_typedef
    2676                      .dwattr $C$DW$T$26, DW_AT_name("SysCtl_CPUSel")
    2677                      .dwattr $C$DW$T$26, DW_AT_type(*$C$DW$T$25)
    2678                      .dwattr $C$DW$T$26, DW_AT_decl_file("/home/jose/ti/c2000/C2000Ware_26_01_00_00/driverlib/f2837xd/driv
    2679                      .dwattr $C$DW$T$26, DW_AT_decl_line(0x26f)
    2680                      .dwattr $C$DW$T$26, DW_AT_decl_column(0x03)
    2681              
    2682                      .dwendtag $C$DW$TU$26
    2683              
    2684              
    2685              $C$DW$TU$27     .dwtag  DW_TAG_type_unit
    2686                      .dwmtype  $C$DW$T$27
    2687              
    2688              $C$DW$T$27      .dwtag  DW_TAG_enumeration_type
    2689                      .dwattr $C$DW$T$27, DW_AT_byte_size(0x01)
    2690              $C$DW$198       .dwtag  DW_TAG_enumerator
    2691                      .dwattr $C$DW$198, DW_AT_name("SYSCTL_DEVICE_QUAL")
    2692                      .dwattr $C$DW$198, DW_AT_const_value(0x00)
    2693                      .dwattr $C$DW$198, DW_AT_decl_file("/home/jose/ti/c2000/C2000Ware_26_01_00_00/driverlib/f2837xd/drive
    2694                      .dwattr $C$DW$198, DW_AT_decl_line(0x316)
    2695                      .dwattr $C$DW$198, DW_AT_decl_column(0x05)
    2696              
    2697              $C$DW$199       .dwtag  DW_TAG_enumerator
    2698                      .dwattr $C$DW$199, DW_AT_name("SYSCTL_DEVICE_PINCOUNT")
    2699                      .dwattr $C$DW$199, DW_AT_const_value(0x01)
    2700                      .dwattr $C$DW$199, DW_AT_decl_file("/home/jose/ti/c2000/C2000Ware_26_01_00_00/driverlib/f2837xd/drive
    2701                      .dwattr $C$DW$199, DW_AT_decl_line(0x317)
    2702                      .dwattr $C$DW$199, DW_AT_decl_column(0x05)
    2703              
    2704              $C$DW$200       .dwtag  DW_TAG_enumerator
    2705                      .dwattr $C$DW$200, DW_AT_name("SYSCTL_DEVICE_INSTASPIN")
    2706                      .dwattr $C$DW$200, DW_AT_const_value(0x02)
    2707                      .dwattr $C$DW$200, DW_AT_decl_file("/home/jose/ti/c2000/C2000Ware_26_01_00_00/driverlib/f2837xd/drive
    2708                      .dwattr $C$DW$200, DW_AT_decl_line(0x318)
    2709                      .dwattr $C$DW$200, DW_AT_decl_column(0x05)
    2710              
    2711              $C$DW$201       .dwtag  DW_TAG_enumerator
    2712                      .dwattr $C$DW$201, DW_AT_name("SYSCTL_DEVICE_FLASH")
    2713                      .dwattr $C$DW$201, DW_AT_const_value(0x03)
    2714                      .dwattr $C$DW$201, DW_AT_decl_file("/home/jose/ti/c2000/C2000Ware_26_01_00_00/driverlib/f2837xd/drive
    2715                      .dwattr $C$DW$201, DW_AT_decl_line(0x319)
    2716                      .dwattr $C$DW$201, DW_AT_decl_column(0x05)
    2717              
    2718              $C$DW$202       .dwtag  DW_TAG_enumerator
    2719                      .dwattr $C$DW$202, DW_AT_name("SYSCTL_DEVICE_PARTID")
    2720                      .dwattr $C$DW$202, DW_AT_const_value(0x04)
    2721                      .dwattr $C$DW$202, DW_AT_decl_file("/home/jose/ti/c2000/C2000Ware_26_01_00_00/driverlib/f2837xd/drive
    2722                      .dwattr $C$DW$202, DW_AT_decl_line(0x31a)
    2723                      .dwattr $C$DW$202, DW_AT_decl_column(0x05)
    2724              
    2725              $C$DW$203       .dwtag  DW_TAG_enumerator
    2726                      .dwattr $C$DW$203, DW_AT_name("SYSCTL_DEVICE_FAMILY")
    2727                      .dwattr $C$DW$203, DW_AT_const_value(0x05)
TMS320C2000 Assembler Unix v25.11.0 Sat May 30 20:16:39 2026

Copyright (c) 1996-2018 Texas Instruments Incorporated
device.asm                                                           PAGE   54

    2728                      .dwattr $C$DW$203, DW_AT_decl_file("/home/jose/ti/c2000/C2000Ware_26_01_00_00/driverlib/f2837xd/drive
    2729                      .dwattr $C$DW$203, DW_AT_decl_line(0x31b)
    2730                      .dwattr $C$DW$203, DW_AT_decl_column(0x05)
    2731              
    2732              $C$DW$204       .dwtag  DW_TAG_enumerator
    2733                      .dwattr $C$DW$204, DW_AT_name("SYSCTL_DEVICE_PARTNO")
    2734                      .dwattr $C$DW$204, DW_AT_const_value(0x06)
    2735                      .dwattr $C$DW$204, DW_AT_decl_file("/home/jose/ti/c2000/C2000Ware_26_01_00_00/driverlib/f2837xd/drive
    2736                      .dwattr $C$DW$204, DW_AT_decl_line(0x31c)
    2737                      .dwattr $C$DW$204, DW_AT_decl_column(0x05)
    2738              
    2739              $C$DW$205       .dwtag  DW_TAG_enumerator
    2740                      .dwattr $C$DW$205, DW_AT_name("SYSCTL_DEVICE_CLASSID")
    2741                      .dwattr $C$DW$205, DW_AT_const_value(0x07)
    2742                      .dwattr $C$DW$205, DW_AT_decl_file("/home/jose/ti/c2000/C2000Ware_26_01_00_00/driverlib/f2837xd/drive
    2743                      .dwattr $C$DW$205, DW_AT_decl_line(0x31d)
    2744                      .dwattr $C$DW$205, DW_AT_decl_column(0x05)
    2745              
    2746                      .dwattr $C$DW$T$27, DW_AT_decl_file("/home/jose/ti/c2000/C2000Ware_26_01_00_00/driverlib/f2837xd/driv
    2747                      .dwattr $C$DW$T$27, DW_AT_decl_line(0x315)
    2748                      .dwattr $C$DW$T$27, DW_AT_decl_column(0x01)
    2749                      .dwendtag $C$DW$T$27
    2750              
    2751                      .dwendtag $C$DW$TU$27
    2752              
    2753              
    2754              $C$DW$TU$28     .dwtag  DW_TAG_type_unit
    2755                      .dwmtype  $C$DW$T$28
    2756              $C$DW$T$28      .dwtag  DW_TAG_typedef
    2757                      .dwattr $C$DW$T$28, DW_AT_name("SysCtl_DeviceParametric")
    2758                      .dwattr $C$DW$T$28, DW_AT_type(*$C$DW$T$27)
    2759                      .dwattr $C$DW$T$28, DW_AT_decl_file("/home/jose/ti/c2000/C2000Ware_26_01_00_00/driverlib/f2837xd/driv
    2760                      .dwattr $C$DW$T$28, DW_AT_decl_line(0x31e)
    2761                      .dwattr $C$DW$T$28, DW_AT_decl_column(0x03)
    2762              
    2763                      .dwendtag $C$DW$TU$28
    2764              
    2765              
    2766              $C$DW$TU$29     .dwtag  DW_TAG_type_unit
    2767                      .dwmtype  $C$DW$T$29
    2768              
    2769              $C$DW$T$29      .dwtag  DW_TAG_enumeration_type
    2770                      .dwattr $C$DW$T$29, DW_AT_byte_size(0x01)
    2771              $C$DW$206       .dwtag  DW_TAG_enumerator
    2772                      .dwattr $C$DW$206, DW_AT_name("GPIO_PORT_A")
    2773                      .dwattr $C$DW$206, DW_AT_const_value(0x00)
    2774                      .dwattr $C$DW$206, DW_AT_decl_file("/home/jose/ti/c2000/C2000Ware_26_01_00_00/driverlib/f2837xd/drive
    2775                      .dwattr $C$DW$206, DW_AT_decl_line(0xbe)
    2776                      .dwattr $C$DW$206, DW_AT_decl_column(0x05)
    2777              
    2778              $C$DW$207       .dwtag  DW_TAG_enumerator
    2779                      .dwattr $C$DW$207, DW_AT_name("GPIO_PORT_B")
    2780                      .dwattr $C$DW$207, DW_AT_const_value(0x01)
    2781                      .dwattr $C$DW$207, DW_AT_decl_file("/home/jose/ti/c2000/C2000Ware_26_01_00_00/driverlib/f2837xd/drive
    2782                      .dwattr $C$DW$207, DW_AT_decl_line(0xbf)
TMS320C2000 Assembler Unix v25.11.0 Sat May 30 20:16:39 2026

Copyright (c) 1996-2018 Texas Instruments Incorporated
device.asm                                                           PAGE   55

    2783                      .dwattr $C$DW$207, DW_AT_decl_column(0x05)
    2784              
    2785              $C$DW$208       .dwtag  DW_TAG_enumerator
    2786                      .dwattr $C$DW$208, DW_AT_name("GPIO_PORT_C")
    2787                      .dwattr $C$DW$208, DW_AT_const_value(0x02)
    2788                      .dwattr $C$DW$208, DW_AT_decl_file("/home/jose/ti/c2000/C2000Ware_26_01_00_00/driverlib/f2837xd/drive
    2789                      .dwattr $C$DW$208, DW_AT_decl_line(0xc0)
    2790                      .dwattr $C$DW$208, DW_AT_decl_column(0x05)
    2791              
    2792              $C$DW$209       .dwtag  DW_TAG_enumerator
    2793                      .dwattr $C$DW$209, DW_AT_name("GPIO_PORT_D")
    2794                      .dwattr $C$DW$209, DW_AT_const_value(0x03)
    2795                      .dwattr $C$DW$209, DW_AT_decl_file("/home/jose/ti/c2000/C2000Ware_26_01_00_00/driverlib/f2837xd/drive
    2796                      .dwattr $C$DW$209, DW_AT_decl_line(0xc1)
    2797                      .dwattr $C$DW$209, DW_AT_decl_column(0x05)
    2798              
    2799              $C$DW$210       .dwtag  DW_TAG_enumerator
    2800                      .dwattr $C$DW$210, DW_AT_name("GPIO_PORT_E")
    2801                      .dwattr $C$DW$210, DW_AT_const_value(0x04)
    2802                      .dwattr $C$DW$210, DW_AT_decl_file("/home/jose/ti/c2000/C2000Ware_26_01_00_00/driverlib/f2837xd/drive
    2803                      .dwattr $C$DW$210, DW_AT_decl_line(0xc2)
    2804                      .dwattr $C$DW$210, DW_AT_decl_column(0x05)
    2805              
    2806              $C$DW$211       .dwtag  DW_TAG_enumerator
    2807                      .dwattr $C$DW$211, DW_AT_name("GPIO_PORT_F")
    2808                      .dwattr $C$DW$211, DW_AT_const_value(0x05)
    2809                      .dwattr $C$DW$211, DW_AT_decl_file("/home/jose/ti/c2000/C2000Ware_26_01_00_00/driverlib/f2837xd/drive
    2810                      .dwattr $C$DW$211, DW_AT_decl_line(0xc3)
    2811                      .dwattr $C$DW$211, DW_AT_decl_column(0x05)
    2812              
    2813                      .dwattr $C$DW$T$29, DW_AT_decl_file("/home/jose/ti/c2000/C2000Ware_26_01_00_00/driverlib/f2837xd/driv
    2814                      .dwattr $C$DW$T$29, DW_AT_decl_line(0xbd)
    2815                      .dwattr $C$DW$T$29, DW_AT_decl_column(0x01)
    2816                      .dwendtag $C$DW$T$29
    2817              
    2818                      .dwendtag $C$DW$TU$29
    2819              
    2820              
    2821              $C$DW$TU$30     .dwtag  DW_TAG_type_unit
    2822                      .dwmtype  $C$DW$T$30
    2823              $C$DW$T$30      .dwtag  DW_TAG_typedef
    2824                      .dwattr $C$DW$T$30, DW_AT_name("GPIO_Port")
    2825                      .dwattr $C$DW$T$30, DW_AT_type(*$C$DW$T$29)
    2826                      .dwattr $C$DW$T$30, DW_AT_decl_file("/home/jose/ti/c2000/C2000Ware_26_01_00_00/driverlib/f2837xd/driv
    2827                      .dwattr $C$DW$T$30, DW_AT_decl_line(0xc4)
    2828                      .dwattr $C$DW$T$30, DW_AT_decl_column(0x03)
    2829              
    2830                      .dwendtag $C$DW$TU$30
    2831              
    2832              
    2833              $C$DW$TU$31     .dwtag  DW_TAG_type_unit
    2834                      .dwmtype  $C$DW$T$31
    2835              
    2836              $C$DW$T$31      .dwtag  DW_TAG_enumeration_type
    2837                      .dwattr $C$DW$T$31, DW_AT_byte_size(0x01)
TMS320C2000 Assembler Unix v25.11.0 Sat May 30 20:16:39 2026

Copyright (c) 1996-2018 Texas Instruments Incorporated
device.asm                                                           PAGE   56

    2838              $C$DW$212       .dwtag  DW_TAG_enumerator
    2839                      .dwattr $C$DW$212, DW_AT_name("GPIO_DIR_MODE_IN")
    2840                      .dwattr $C$DW$212, DW_AT_const_value(0x00)
    2841                      .dwattr $C$DW$212, DW_AT_decl_file("/home/jose/ti/c2000/C2000Ware_26_01_00_00/driverlib/f2837xd/drive
    2842                      .dwattr $C$DW$212, DW_AT_decl_line(0x7e)
    2843                      .dwattr $C$DW$212, DW_AT_decl_column(0x05)
    2844              
    2845              $C$DW$213       .dwtag  DW_TAG_enumerator
    2846                      .dwattr $C$DW$213, DW_AT_name("GPIO_DIR_MODE_OUT")
    2847                      .dwattr $C$DW$213, DW_AT_const_value(0x01)
    2848                      .dwattr $C$DW$213, DW_AT_decl_file("/home/jose/ti/c2000/C2000Ware_26_01_00_00/driverlib/f2837xd/drive
    2849                      .dwattr $C$DW$213, DW_AT_decl_line(0x7f)
    2850                      .dwattr $C$DW$213, DW_AT_decl_column(0x05)
    2851              
    2852                      .dwattr $C$DW$T$31, DW_AT_decl_file("/home/jose/ti/c2000/C2000Ware_26_01_00_00/driverlib/f2837xd/driv
    2853                      .dwattr $C$DW$T$31, DW_AT_decl_line(0x7d)
    2854                      .dwattr $C$DW$T$31, DW_AT_decl_column(0x01)
    2855                      .dwendtag $C$DW$T$31
    2856              
    2857                      .dwendtag $C$DW$TU$31
    2858              
    2859              
    2860              $C$DW$TU$32     .dwtag  DW_TAG_type_unit
    2861                      .dwmtype  $C$DW$T$32
    2862              $C$DW$T$32      .dwtag  DW_TAG_typedef
    2863                      .dwattr $C$DW$T$32, DW_AT_name("GPIO_Direction")
    2864                      .dwattr $C$DW$T$32, DW_AT_type(*$C$DW$T$31)
    2865                      .dwattr $C$DW$T$32, DW_AT_decl_file("/home/jose/ti/c2000/C2000Ware_26_01_00_00/driverlib/f2837xd/driv
    2866                      .dwattr $C$DW$T$32, DW_AT_decl_line(0x80)
    2867                      .dwattr $C$DW$T$32, DW_AT_decl_column(0x03)
    2868              
    2869                      .dwendtag $C$DW$TU$32
    2870              
    2871              
    2872              $C$DW$TU$33     .dwtag  DW_TAG_type_unit
    2873                      .dwmtype  $C$DW$T$33
    2874              
    2875              $C$DW$T$33      .dwtag  DW_TAG_enumeration_type
    2876                      .dwattr $C$DW$T$33, DW_AT_byte_size(0x01)
    2877              $C$DW$214       .dwtag  DW_TAG_enumerator
    2878                      .dwattr $C$DW$214, DW_AT_name("GPIO_QUAL_SYNC")
    2879                      .dwattr $C$DW$214, DW_AT_const_value(0x00)
    2880                      .dwattr $C$DW$214, DW_AT_decl_file("/home/jose/ti/c2000/C2000Ware_26_01_00_00/driverlib/f2837xd/drive
    2881                      .dwattr $C$DW$214, DW_AT_decl_line(0x97)
    2882                      .dwattr $C$DW$214, DW_AT_decl_column(0x05)
    2883              
    2884              $C$DW$215       .dwtag  DW_TAG_enumerator
    2885                      .dwattr $C$DW$215, DW_AT_name("GPIO_QUAL_3SAMPLE")
    2886                      .dwattr $C$DW$215, DW_AT_const_value(0x01)
    2887                      .dwattr $C$DW$215, DW_AT_decl_file("/home/jose/ti/c2000/C2000Ware_26_01_00_00/driverlib/f2837xd/drive
    2888                      .dwattr $C$DW$215, DW_AT_decl_line(0x98)
    2889                      .dwattr $C$DW$215, DW_AT_decl_column(0x05)
    2890              
    2891              $C$DW$216       .dwtag  DW_TAG_enumerator
    2892                      .dwattr $C$DW$216, DW_AT_name("GPIO_QUAL_6SAMPLE")
TMS320C2000 Assembler Unix v25.11.0 Sat May 30 20:16:39 2026

Copyright (c) 1996-2018 Texas Instruments Incorporated
device.asm                                                           PAGE   57

    2893                      .dwattr $C$DW$216, DW_AT_const_value(0x02)
    2894                      .dwattr $C$DW$216, DW_AT_decl_file("/home/jose/ti/c2000/C2000Ware_26_01_00_00/driverlib/f2837xd/drive
    2895                      .dwattr $C$DW$216, DW_AT_decl_line(0x99)
    2896                      .dwattr $C$DW$216, DW_AT_decl_column(0x05)
    2897              
    2898              $C$DW$217       .dwtag  DW_TAG_enumerator
    2899                      .dwattr $C$DW$217, DW_AT_name("GPIO_QUAL_ASYNC")
    2900                      .dwattr $C$DW$217, DW_AT_const_value(0x03)
    2901                      .dwattr $C$DW$217, DW_AT_decl_file("/home/jose/ti/c2000/C2000Ware_26_01_00_00/driverlib/f2837xd/drive
    2902                      .dwattr $C$DW$217, DW_AT_decl_line(0x9a)
    2903                      .dwattr $C$DW$217, DW_AT_decl_column(0x05)
    2904              
    2905                      .dwattr $C$DW$T$33, DW_AT_decl_file("/home/jose/ti/c2000/C2000Ware_26_01_00_00/driverlib/f2837xd/driv
    2906                      .dwattr $C$DW$T$33, DW_AT_decl_line(0x96)
    2907                      .dwattr $C$DW$T$33, DW_AT_decl_column(0x01)
    2908                      .dwendtag $C$DW$T$33
    2909              
    2910                      .dwendtag $C$DW$TU$33
    2911              
    2912              
    2913              $C$DW$TU$34     .dwtag  DW_TAG_type_unit
    2914                      .dwmtype  $C$DW$T$34
    2915              $C$DW$T$34      .dwtag  DW_TAG_typedef
    2916                      .dwattr $C$DW$T$34, DW_AT_name("GPIO_QualificationMode")
    2917                      .dwattr $C$DW$T$34, DW_AT_type(*$C$DW$T$33)
    2918                      .dwattr $C$DW$T$34, DW_AT_decl_file("/home/jose/ti/c2000/C2000Ware_26_01_00_00/driverlib/f2837xd/driv
    2919                      .dwattr $C$DW$T$34, DW_AT_decl_line(0x9b)
    2920                      .dwattr $C$DW$T$34, DW_AT_decl_column(0x03)
    2921              
    2922                      .dwendtag $C$DW$TU$34
    2923              
    2924              
    2925              $C$DW$TU$35     .dwtag  DW_TAG_type_unit
    2926                      .dwmtype  $C$DW$T$35
    2927              
    2928              $C$DW$T$35      .dwtag  DW_TAG_enumeration_type
    2929                      .dwattr $C$DW$T$35, DW_AT_byte_size(0x01)
    2930              $C$DW$218       .dwtag  DW_TAG_enumerator
    2931                      .dwattr $C$DW$218, DW_AT_name("GPIO_CORE_CPU1")
    2932                      .dwattr $C$DW$218, DW_AT_const_value(0x00)
    2933                      .dwattr $C$DW$218, DW_AT_decl_file("/home/jose/ti/c2000/C2000Ware_26_01_00_00/driverlib/f2837xd/drive
    2934                      .dwattr $C$DW$218, DW_AT_decl_line(0xb0)
    2935                      .dwattr $C$DW$218, DW_AT_decl_column(0x05)
    2936              
    2937              $C$DW$219       .dwtag  DW_TAG_enumerator
    2938                      .dwattr $C$DW$219, DW_AT_name("GPIO_CORE_CPU1_CLA1")
    2939                      .dwattr $C$DW$219, DW_AT_const_value(0x01)
    2940                      .dwattr $C$DW$219, DW_AT_decl_file("/home/jose/ti/c2000/C2000Ware_26_01_00_00/driverlib/f2837xd/drive
    2941                      .dwattr $C$DW$219, DW_AT_decl_line(0xb1)
    2942                      .dwattr $C$DW$219, DW_AT_decl_column(0x05)
    2943              
    2944              $C$DW$220       .dwtag  DW_TAG_enumerator
    2945                      .dwattr $C$DW$220, DW_AT_name("GPIO_CORE_CPU2")
    2946                      .dwattr $C$DW$220, DW_AT_const_value(0x02)
    2947                      .dwattr $C$DW$220, DW_AT_decl_file("/home/jose/ti/c2000/C2000Ware_26_01_00_00/driverlib/f2837xd/drive
TMS320C2000 Assembler Unix v25.11.0 Sat May 30 20:16:39 2026

Copyright (c) 1996-2018 Texas Instruments Incorporated
device.asm                                                           PAGE   58

    2948                      .dwattr $C$DW$220, DW_AT_decl_line(0xb2)
    2949                      .dwattr $C$DW$220, DW_AT_decl_column(0x05)
    2950              
    2951              $C$DW$221       .dwtag  DW_TAG_enumerator
    2952                      .dwattr $C$DW$221, DW_AT_name("GPIO_CORE_CPU2_CLA1")
    2953                      .dwattr $C$DW$221, DW_AT_const_value(0x03)
    2954                      .dwattr $C$DW$221, DW_AT_decl_file("/home/jose/ti/c2000/C2000Ware_26_01_00_00/driverlib/f2837xd/drive
    2955                      .dwattr $C$DW$221, DW_AT_decl_line(0xb3)
    2956                      .dwattr $C$DW$221, DW_AT_decl_column(0x05)
    2957              
    2958                      .dwattr $C$DW$T$35, DW_AT_decl_file("/home/jose/ti/c2000/C2000Ware_26_01_00_00/driverlib/f2837xd/driv
    2959                      .dwattr $C$DW$T$35, DW_AT_decl_line(0xaf)
    2960                      .dwattr $C$DW$T$35, DW_AT_decl_column(0x01)
    2961                      .dwendtag $C$DW$T$35
    2962              
    2963                      .dwendtag $C$DW$TU$35
    2964              
    2965              
    2966              $C$DW$TU$36     .dwtag  DW_TAG_type_unit
    2967                      .dwmtype  $C$DW$T$36
    2968              $C$DW$T$36      .dwtag  DW_TAG_typedef
    2969                      .dwattr $C$DW$T$36, DW_AT_name("GPIO_CoreSelect")
    2970                      .dwattr $C$DW$T$36, DW_AT_type(*$C$DW$T$35)
    2971                      .dwattr $C$DW$T$36, DW_AT_decl_file("/home/jose/ti/c2000/C2000Ware_26_01_00_00/driverlib/f2837xd/driv
    2972                      .dwattr $C$DW$T$36, DW_AT_decl_line(0xb4)
    2973                      .dwattr $C$DW$T$36, DW_AT_decl_column(0x03)
    2974              
    2975                      .dwendtag $C$DW$TU$36
    2976              
    2977              
    2978              $C$DW$TU$2      .dwtag  DW_TAG_type_unit
    2979                      .dwmtype  $C$DW$T$2
    2980              $C$DW$T$2       .dwtag  DW_TAG_unspecified_type
    2981                      .dwattr $C$DW$T$2, DW_AT_name("void")
    2982              
    2983                      .dwendtag $C$DW$TU$2
    2984              
    2985              
    2986              $C$DW$TU$4      .dwtag  DW_TAG_type_unit
    2987                      .dwmtype  $C$DW$T$4
    2988              $C$DW$T$4       .dwtag  DW_TAG_base_type
    2989                      .dwattr $C$DW$T$4, DW_AT_encoding(DW_ATE_boolean)
    2990                      .dwattr $C$DW$T$4, DW_AT_name("bool")
    2991                      .dwattr $C$DW$T$4, DW_AT_byte_size(0x01)
    2992              
    2993                      .dwendtag $C$DW$TU$4
    2994              
    2995              
    2996              $C$DW$TU$5      .dwtag  DW_TAG_type_unit
    2997                      .dwmtype  $C$DW$T$5
    2998              $C$DW$T$5       .dwtag  DW_TAG_base_type
    2999                      .dwattr $C$DW$T$5, DW_AT_encoding(DW_ATE_signed_char)
    3000                      .dwattr $C$DW$T$5, DW_AT_name("signed char")
    3001                      .dwattr $C$DW$T$5, DW_AT_byte_size(0x01)
    3002              
TMS320C2000 Assembler Unix v25.11.0 Sat May 30 20:16:39 2026

Copyright (c) 1996-2018 Texas Instruments Incorporated
device.asm                                                           PAGE   59

    3003                      .dwendtag $C$DW$TU$5
    3004              
    3005              
    3006              $C$DW$TU$6      .dwtag  DW_TAG_type_unit
    3007                      .dwmtype  $C$DW$T$6
    3008              $C$DW$T$6       .dwtag  DW_TAG_base_type
    3009                      .dwattr $C$DW$T$6, DW_AT_encoding(DW_ATE_unsigned_char)
    3010                      .dwattr $C$DW$T$6, DW_AT_name("unsigned char")
    3011                      .dwattr $C$DW$T$6, DW_AT_byte_size(0x01)
    3012              
    3013                      .dwendtag $C$DW$TU$6
    3014              
    3015              
    3016              $C$DW$TU$7      .dwtag  DW_TAG_type_unit
    3017                      .dwmtype  $C$DW$T$7
    3018              $C$DW$T$7       .dwtag  DW_TAG_base_type
    3019                      .dwattr $C$DW$T$7, DW_AT_encoding(DW_ATE_signed_char)
    3020                      .dwattr $C$DW$T$7, DW_AT_name("wchar_t")
    3021                      .dwattr $C$DW$T$7, DW_AT_byte_size(0x02)
    3022              
    3023                      .dwendtag $C$DW$TU$7
    3024              
    3025              
    3026              $C$DW$TU$8      .dwtag  DW_TAG_type_unit
    3027                      .dwmtype  $C$DW$T$8
    3028              $C$DW$T$8       .dwtag  DW_TAG_base_type
    3029                      .dwattr $C$DW$T$8, DW_AT_encoding(DW_ATE_signed)
    3030                      .dwattr $C$DW$T$8, DW_AT_name("short")
    3031                      .dwattr $C$DW$T$8, DW_AT_byte_size(0x01)
    3032              
    3033                      .dwendtag $C$DW$TU$8
    3034              
    3035              
    3036              $C$DW$TU$9      .dwtag  DW_TAG_type_unit
    3037                      .dwmtype  $C$DW$T$9
    3038              $C$DW$T$9       .dwtag  DW_TAG_base_type
    3039                      .dwattr $C$DW$T$9, DW_AT_encoding(DW_ATE_unsigned)
    3040                      .dwattr $C$DW$T$9, DW_AT_name("unsigned short")
    3041                      .dwattr $C$DW$T$9, DW_AT_byte_size(0x01)
    3042              
    3043                      .dwendtag $C$DW$TU$9
    3044              
    3045              
    3046              $C$DW$TU$43     .dwtag  DW_TAG_type_unit
    3047                      .dwmtype  $C$DW$T$43
    3048              $C$DW$T$43      .dwtag  DW_TAG_typedef
    3049                      .dwattr $C$DW$T$43, DW_AT_name("__uint16_t")
    3050                      .dwattr $C$DW$T$43, DW_AT_type(*$C$DW$T$9)
    3051                      .dwattr $C$DW$T$43, DW_AT_decl_file("/home/jose/ti/ccs2051/ccs/tools/compiler/ti-cgt-c2000_25.11.0.LT
    3052                      .dwattr $C$DW$T$43, DW_AT_decl_line(0x41)
    3053                      .dwattr $C$DW$T$43, DW_AT_decl_column(0x1c)
    3054              
    3055                      .dwendtag $C$DW$TU$43
    3056              
    3057              
TMS320C2000 Assembler Unix v25.11.0 Sat May 30 20:16:39 2026

Copyright (c) 1996-2018 Texas Instruments Incorporated
device.asm                                                           PAGE   60

    3058              $C$DW$TU$44     .dwtag  DW_TAG_type_unit
    3059                      .dwmtype  $C$DW$T$44
    3060              $C$DW$T$44      .dwtag  DW_TAG_typedef
    3061                      .dwattr $C$DW$T$44, DW_AT_name("uint16_t")
    3062                      .dwattr $C$DW$T$44, DW_AT_type(*$C$DW$T$43)
    3063                      .dwattr $C$DW$T$44, DW_AT_decl_file("/home/jose/ti/ccs2051/ccs/tools/compiler/ti-cgt-c2000_25.11.0.LT
    3064                      .dwattr $C$DW$T$44, DW_AT_decl_line(0x41)
    3065                      .dwattr $C$DW$T$44, DW_AT_decl_column(0x15)
    3066              
    3067                      .dwendtag $C$DW$TU$44
    3068              
    3069              
    3070              $C$DW$TU$10     .dwtag  DW_TAG_type_unit
    3071                      .dwmtype  $C$DW$T$10
    3072              $C$DW$T$10      .dwtag  DW_TAG_base_type
    3073                      .dwattr $C$DW$T$10, DW_AT_encoding(DW_ATE_signed)
    3074                      .dwattr $C$DW$T$10, DW_AT_name("int")
    3075                      .dwattr $C$DW$T$10, DW_AT_byte_size(0x01)
    3076              
    3077                      .dwendtag $C$DW$TU$10
    3078              
    3079              
    3080              $C$DW$TU$11     .dwtag  DW_TAG_type_unit
    3081                      .dwmtype  $C$DW$T$11
    3082              $C$DW$T$11      .dwtag  DW_TAG_base_type
    3083                      .dwattr $C$DW$T$11, DW_AT_encoding(DW_ATE_unsigned)
    3084                      .dwattr $C$DW$T$11, DW_AT_name("unsigned int")
    3085                      .dwattr $C$DW$T$11, DW_AT_byte_size(0x01)
    3086              
    3087                      .dwendtag $C$DW$TU$11
    3088              
    3089              
    3090              $C$DW$TU$12     .dwtag  DW_TAG_type_unit
    3091                      .dwmtype  $C$DW$T$12
    3092              $C$DW$T$12      .dwtag  DW_TAG_base_type
    3093                      .dwattr $C$DW$T$12, DW_AT_encoding(DW_ATE_signed)
    3094                      .dwattr $C$DW$T$12, DW_AT_name("long")
    3095                      .dwattr $C$DW$T$12, DW_AT_byte_size(0x02)
    3096              
    3097                      .dwendtag $C$DW$TU$12
    3098              
    3099              
    3100              $C$DW$TU$13     .dwtag  DW_TAG_type_unit
    3101                      .dwmtype  $C$DW$T$13
    3102              $C$DW$T$13      .dwtag  DW_TAG_base_type
    3103                      .dwattr $C$DW$T$13, DW_AT_encoding(DW_ATE_unsigned)
    3104                      .dwattr $C$DW$T$13, DW_AT_name("unsigned long")
    3105                      .dwattr $C$DW$T$13, DW_AT_byte_size(0x02)
    3106              
    3107                      .dwendtag $C$DW$TU$13
    3108              
    3109              
    3110              $C$DW$TU$46     .dwtag  DW_TAG_type_unit
    3111                      .dwmtype  $C$DW$T$46
    3112              $C$DW$T$46      .dwtag  DW_TAG_typedef
TMS320C2000 Assembler Unix v25.11.0 Sat May 30 20:16:39 2026

Copyright (c) 1996-2018 Texas Instruments Incorporated
device.asm                                                           PAGE   61

    3113                      .dwattr $C$DW$T$46, DW_AT_name("__uint32_t")
    3114                      .dwattr $C$DW$T$46, DW_AT_type(*$C$DW$T$13)
    3115                      .dwattr $C$DW$T$46, DW_AT_decl_file("/home/jose/ti/ccs2051/ccs/tools/compiler/ti-cgt-c2000_25.11.0.LT
    3116                      .dwattr $C$DW$T$46, DW_AT_decl_line(0x43)
    3117                      .dwattr $C$DW$T$46, DW_AT_decl_column(0x1c)
    3118              
    3119                      .dwendtag $C$DW$TU$46
    3120              
    3121              
    3122              $C$DW$TU$47     .dwtag  DW_TAG_type_unit
    3123                      .dwmtype  $C$DW$T$47
    3124              $C$DW$T$47      .dwtag  DW_TAG_typedef
    3125                      .dwattr $C$DW$T$47, DW_AT_name("uint32_t")
    3126                      .dwattr $C$DW$T$47, DW_AT_type(*$C$DW$T$46)
    3127                      .dwattr $C$DW$T$47, DW_AT_decl_file("/home/jose/ti/ccs2051/ccs/tools/compiler/ti-cgt-c2000_25.11.0.LT
    3128                      .dwattr $C$DW$T$47, DW_AT_decl_line(0x46)
    3129                      .dwattr $C$DW$T$47, DW_AT_decl_column(0x15)
    3130              
    3131                      .dwendtag $C$DW$TU$47
    3132              
    3133              
    3134              $C$DW$TU$77     .dwtag  DW_TAG_type_unit
    3135                      .dwmtype  $C$DW$T$77
    3136              $C$DW$222       .dwtag  DW_TAG_TI_far_type
    3137                      .dwattr $C$DW$222, DW_AT_type(*$C$DW$T$47)
    3138              
    3139              $C$DW$T$77      .dwtag  DW_TAG_const_type
    3140                      .dwattr $C$DW$T$77, DW_AT_type(*$C$DW$222)
    3141              
    3142                      .dwendtag $C$DW$TU$77
    3143              
    3144              
    3145              $C$DW$TU$14     .dwtag  DW_TAG_type_unit
    3146                      .dwmtype  $C$DW$T$14
    3147              $C$DW$T$14      .dwtag  DW_TAG_base_type
    3148                      .dwattr $C$DW$T$14, DW_AT_encoding(DW_ATE_signed)
    3149                      .dwattr $C$DW$T$14, DW_AT_name("long long")
    3150                      .dwattr $C$DW$T$14, DW_AT_byte_size(0x04)
    3151              
    3152                      .dwendtag $C$DW$TU$14
    3153              
    3154              
    3155              $C$DW$TU$15     .dwtag  DW_TAG_type_unit
    3156                      .dwmtype  $C$DW$T$15
    3157              $C$DW$T$15      .dwtag  DW_TAG_base_type
    3158                      .dwattr $C$DW$T$15, DW_AT_encoding(DW_ATE_unsigned)
    3159                      .dwattr $C$DW$T$15, DW_AT_name("unsigned long long")
    3160                      .dwattr $C$DW$T$15, DW_AT_byte_size(0x04)
    3161              
    3162                      .dwendtag $C$DW$TU$15
    3163              
    3164              
    3165              $C$DW$TU$16     .dwtag  DW_TAG_type_unit
    3166                      .dwmtype  $C$DW$T$16
    3167              $C$DW$T$16      .dwtag  DW_TAG_base_type
TMS320C2000 Assembler Unix v25.11.0 Sat May 30 20:16:39 2026

Copyright (c) 1996-2018 Texas Instruments Incorporated
device.asm                                                           PAGE   62

    3168                      .dwattr $C$DW$T$16, DW_AT_encoding(DW_ATE_float)
    3169                      .dwattr $C$DW$T$16, DW_AT_name("float")
    3170                      .dwattr $C$DW$T$16, DW_AT_byte_size(0x02)
    3171              
    3172                      .dwendtag $C$DW$TU$16
    3173              
    3174              
    3175              $C$DW$TU$17     .dwtag  DW_TAG_type_unit
    3176                      .dwmtype  $C$DW$T$17
    3177              $C$DW$T$17      .dwtag  DW_TAG_base_type
    3178                      .dwattr $C$DW$T$17, DW_AT_encoding(DW_ATE_float)
    3179                      .dwattr $C$DW$T$17, DW_AT_name("double")
    3180                      .dwattr $C$DW$T$17, DW_AT_byte_size(0x04)
    3181              
    3182                      .dwendtag $C$DW$TU$17
    3183              
    3184              
    3185              $C$DW$TU$18     .dwtag  DW_TAG_type_unit
    3186                      .dwmtype  $C$DW$T$18
    3187              $C$DW$T$18      .dwtag  DW_TAG_base_type
    3188                      .dwattr $C$DW$T$18, DW_AT_encoding(DW_ATE_float)
    3189                      .dwattr $C$DW$T$18, DW_AT_name("long double")
    3190                      .dwattr $C$DW$T$18, DW_AT_byte_size(0x04)
    3191              
    3192                      .dwendtag $C$DW$TU$18
    3193              
    3194              
    3195              $C$DW$TU$60     .dwtag  DW_TAG_type_unit
    3196                      .dwmtype  $C$DW$T$60
    3197              $C$DW$223       .dwtag  DW_TAG_TI_far_type
    3198                      .dwattr $C$DW$223, DW_AT_type(*$C$DW$T$5)
    3199              
    3200              $C$DW$T$60      .dwtag  DW_TAG_const_type
    3201                      .dwattr $C$DW$T$60, DW_AT_type(*$C$DW$223)
    3202              
    3203                      .dwendtag $C$DW$TU$60
    3204              
    3205              
    3206              $C$DW$TU$61     .dwtag  DW_TAG_type_unit
    3207                      .dwmtype  $C$DW$T$61
    3208              $C$DW$T$61      .dwtag  DW_TAG_pointer_type
    3209                      .dwattr $C$DW$T$61, DW_AT_type(*$C$DW$T$60)
    3210                      .dwattr $C$DW$T$61, DW_AT_address_class(0x20)
    3211              
    3212                      .dwendtag $C$DW$TU$61
    3213              
    3214              
    3215              $C$DW$TU$78     .dwtag  DW_TAG_type_unit
    3216                      .dwmtype  $C$DW$T$78
    3217              $C$DW$T$78      .dwtag  DW_TAG_base_type
    3218                      .dwattr $C$DW$T$78, DW_AT_encoding(DW_ATE_unsigned_char)
    3219                      .dwattr $C$DW$T$78, DW_AT_name("unsigned char")
    3220                      .dwattr $C$DW$T$78, DW_AT_byte_size(0x01)
    3221              
    3222                      .dwendtag $C$DW$TU$78
TMS320C2000 Assembler Unix v25.11.0 Sat May 30 20:16:39 2026

Copyright (c) 1996-2018 Texas Instruments Incorporated
device.asm                                                           PAGE   63

    3223              

No Assembly Errors, No Assembly Warnings
