TMS320C2000 Assembler Unix v25.11.0 Sun May 31 21:09:06 2026

Copyright (c) 1996-2018 Texas Instruments Incorporated
foc_pipeline.asm                                                     PAGE    1

       1              ;***************************************************************
       2              ;* TMS320C2000 G3 C/C++ Codegen                         Unix v25.11.0.LTS *
       3              ;* Date/Time created: Sun May 31 21:09:06 2026                 *
       4              ;***************************************************************
       5                      .compiler_opts --abi=eabi --cla_support=cla1 --diag_wrap=off --float_support=fpu32 --hll_source=on --
       6                      .asg    XAR2, FP
       7              
       8              $C$DW$CU        .dwtag  DW_TAG_compile_unit
       9                      .dwattr $C$DW$CU, DW_AT_name("../src/foc_pipeline.c")
      10                      .dwattr $C$DW$CU, DW_AT_producer("TI TMS320C2000 G3 C/C++ Codegen Unix v25.11.0.LTS Copyright (c) 199
      11                      .dwattr $C$DW$CU, DW_AT_TI_version(0x01)
      12                      .dwattr $C$DW$CU, DW_AT_comp_dir("/home/jose/workspace_ccstheia/foc_f28379d/Debug_BOOSTXL_Teknic_QEP"
      13              
      14              $C$DW$1 .dwtag  DW_TAG_subprogram
      15                      .dwattr $C$DW$1, DW_AT_name("debug_isr_scope_high")
      16                      .dwattr $C$DW$1, DW_AT_linkage_name("debug_isr_scope_high")
      17                      .dwattr $C$DW$1, DW_AT_declaration
      18                      .dwattr $C$DW$1, DW_AT_external
      19                      .dwattr $C$DW$1, DW_AT_decl_file("/home/jose/workspace_ccstheia/foc_f28379d/include/debug_hooks.h")
      20                      .dwattr $C$DW$1, DW_AT_decl_line(0x19)
      21                      .dwattr $C$DW$1, DW_AT_decl_column(0x0d)
      22                      .dwendtag $C$DW$1
      23              
      24              
      25              $C$DW$2 .dwtag  DW_TAG_subprogram
      26                      .dwattr $C$DW$2, DW_AT_name("adc_read_phase_currents")
      27                      .dwattr $C$DW$2, DW_AT_linkage_name("adc_read_phase_currents")
      28                      .dwattr $C$DW$2, DW_AT_declaration
      29                      .dwattr $C$DW$2, DW_AT_external
      30                      .dwattr $C$DW$2, DW_AT_decl_file("/home/jose/workspace_ccstheia/foc_f28379d/include/adc_iface.h")
      31                      .dwattr $C$DW$2, DW_AT_decl_line(0x11)
      32                      .dwattr $C$DW$2, DW_AT_decl_column(0x0e)
      33              $C$DW$3 .dwtag  DW_TAG_formal_parameter
      34                      .dwattr $C$DW$3, DW_AT_type(*$C$DW$T$109)
      35              
      36                      .dwendtag $C$DW$2
      37              
      38              
      39              $C$DW$4 .dwtag  DW_TAG_subprogram
      40                      .dwattr $C$DW$4, DW_AT_name("pwm_set_duty")
      41                      .dwattr $C$DW$4, DW_AT_linkage_name("pwm_set_duty")
      42                      .dwattr $C$DW$4, DW_AT_declaration
      43                      .dwattr $C$DW$4, DW_AT_external
      44                      .dwattr $C$DW$4, DW_AT_decl_file("/home/jose/workspace_ccstheia/foc_f28379d/include/pwm_iface.h")
      45                      .dwattr $C$DW$4, DW_AT_decl_line(0x0c)
      46                      .dwattr $C$DW$4, DW_AT_decl_column(0x0d)
      47              $C$DW$5 .dwtag  DW_TAG_formal_parameter
      48                      .dwattr $C$DW$5, DW_AT_type(*$C$DW$T$108)
      49              
      50                      .dwendtag $C$DW$4
      51              
      52              
      53              $C$DW$6 .dwtag  DW_TAG_subprogram
      54                      .dwattr $C$DW$6, DW_AT_name("pwm_force_safe")
      55                      .dwattr $C$DW$6, DW_AT_linkage_name("pwm_force_safe")
TMS320C2000 Assembler Unix v25.11.0 Sun May 31 21:09:06 2026

Copyright (c) 1996-2018 Texas Instruments Incorporated
foc_pipeline.asm                                                     PAGE    2

      56                      .dwattr $C$DW$6, DW_AT_declaration
      57                      .dwattr $C$DW$6, DW_AT_external
      58                      .dwattr $C$DW$6, DW_AT_decl_file("/home/jose/workspace_ccstheia/foc_f28379d/include/pwm_iface.h")
      59                      .dwattr $C$DW$6, DW_AT_decl_line(0x0b)
      60                      .dwattr $C$DW$6, DW_AT_decl_column(0x0d)
      61                      .dwendtag $C$DW$6
      62              
      63              
      64              $C$DW$7 .dwtag  DW_TAG_subprogram
      65                      .dwattr $C$DW$7, DW_AT_name("safety_check_isr")
      66                      .dwattr $C$DW$7, DW_AT_linkage_name("safety_check_isr")
      67                      .dwattr $C$DW$7, DW_AT_declaration
      68                      .dwattr $C$DW$7, DW_AT_external
      69                      .dwattr $C$DW$7, DW_AT_decl_file("/home/jose/workspace_ccstheia/foc_f28379d/include/safety.h")
      70                      .dwattr $C$DW$7, DW_AT_decl_line(0x19)
      71                      .dwattr $C$DW$7, DW_AT_decl_column(0x11)
      72                      .dwendtag $C$DW$7
      73              
      74              
      75              $C$DW$8 .dwtag  DW_TAG_subprogram
      76                      .dwattr $C$DW$8, DW_AT_name("debug_datalog_push")
      77                      .dwattr $C$DW$8, DW_AT_linkage_name("debug_datalog_push")
      78                      .dwattr $C$DW$8, DW_AT_declaration
      79                      .dwattr $C$DW$8, DW_AT_external
      80                      .dwattr $C$DW$8, DW_AT_decl_file("/home/jose/workspace_ccstheia/foc_f28379d/include/debug_hooks.h")
      81                      .dwattr $C$DW$8, DW_AT_decl_line(0x12)
      82                      .dwattr $C$DW$8, DW_AT_decl_column(0x0d)
      83              $C$DW$9 .dwtag  DW_TAG_formal_parameter
      84                      .dwattr $C$DW$9, DW_AT_type(*$C$DW$T$60)
      85              
      86              $C$DW$10        .dwtag  DW_TAG_formal_parameter
      87                      .dwattr $C$DW$10, DW_AT_type(*$C$DW$T$41)
      88              
      89                      .dwendtag $C$DW$8
      90              
      91              
      92              $C$DW$11        .dwtag  DW_TAG_subprogram
      93                      .dwattr $C$DW$11, DW_AT_name("debug_isr_scope_low")
      94                      .dwattr $C$DW$11, DW_AT_linkage_name("debug_isr_scope_low")
      95                      .dwattr $C$DW$11, DW_AT_declaration
      96                      .dwattr $C$DW$11, DW_AT_external
      97                      .dwattr $C$DW$11, DW_AT_decl_file("/home/jose/workspace_ccstheia/foc_f28379d/include/debug_hooks.h")
      98                      .dwattr $C$DW$11, DW_AT_decl_line(0x1a)
      99                      .dwattr $C$DW$11, DW_AT_decl_column(0x0d)
     100                      .dwendtag $C$DW$11
     101              
     102              
     103              $C$DW$12        .dwtag  DW_TAG_subprogram
     104                      .dwattr $C$DW$12, DW_AT_name("sm_tick_1khz")
     105                      .dwattr $C$DW$12, DW_AT_linkage_name("sm_tick_1khz")
     106                      .dwattr $C$DW$12, DW_AT_declaration
     107                      .dwattr $C$DW$12, DW_AT_external
     108                      .dwattr $C$DW$12, DW_AT_decl_file("/home/jose/workspace_ccstheia/foc_f28379d/include/foc_state_machin
     109                      .dwattr $C$DW$12, DW_AT_decl_line(0x19)
     110                      .dwattr $C$DW$12, DW_AT_decl_column(0x15)
TMS320C2000 Assembler Unix v25.11.0 Sun May 31 21:09:06 2026

Copyright (c) 1996-2018 Texas Instruments Incorporated
foc_pipeline.asm                                                     PAGE    3

     111                      .dwendtag $C$DW$12
     112              
     113              $C$DW$13        .dwtag  DW_TAG_variable
     114                      .dwattr $C$DW$13, DW_AT_name("g_dbg_qep_status")
     115                      .dwattr $C$DW$13, DW_AT_linkage_name("g_dbg_qep_status")
     116                      .dwattr $C$DW$13, DW_AT_type(*$C$DW$T$182)
     117                      .dwattr $C$DW$13, DW_AT_declaration
     118                      .dwattr $C$DW$13, DW_AT_external
     119                      .dwattr $C$DW$13, DW_AT_decl_file("/home/jose/workspace_ccstheia/foc_f28379d/include/sensor_qep_inlin
     120                      .dwattr $C$DW$13, DW_AT_decl_line(0x17)
     121                      .dwattr $C$DW$13, DW_AT_decl_column(0x1a)
     122              
     123              $C$DW$14        .dwtag  DW_TAG_variable
     124                      .dwattr $C$DW$14, DW_AT_name("g_dbg_qep_direction")
     125                      .dwattr $C$DW$14, DW_AT_linkage_name("g_dbg_qep_direction")
     126                      .dwattr $C$DW$14, DW_AT_type(*$C$DW$T$180)
     127                      .dwattr $C$DW$14, DW_AT_declaration
     128                      .dwattr $C$DW$14, DW_AT_external
     129                      .dwattr $C$DW$14, DW_AT_decl_file("/home/jose/workspace_ccstheia/foc_f28379d/include/sensor_qep_inlin
     130                      .dwattr $C$DW$14, DW_AT_decl_line(0x18)
     131                      .dwattr $C$DW$14, DW_AT_decl_column(0x1a)
     132              
     133 00000000               .bss    ||s_decim||,1,1,0
     134              $C$DW$15        .dwtag  DW_TAG_variable
     135                      .dwattr $C$DW$15, DW_AT_name("s_decim")
     136                      .dwattr $C$DW$15, DW_AT_linkage_name("s_decim")
     137                      .dwattr $C$DW$15, DW_AT_type(*$C$DW$T$41)
     138                      .dwattr $C$DW$15, DW_AT_location[DW_OP_addr ||s_decim||]
     139                      .dwattr $C$DW$15, DW_AT_decl_file("../src/foc_pipeline.c")
     140                      .dwattr $C$DW$15, DW_AT_decl_line(0x2b)
     141                      .dwattr $C$DW$15, DW_AT_decl_column(0x1f)
     142              
     143              
     144              $C$DW$16        .dwtag  DW_TAG_subprogram
     145                      .dwattr $C$DW$16, DW_AT_name("sm_get_state")
     146                      .dwattr $C$DW$16, DW_AT_linkage_name("sm_get_state")
     147                      .dwattr $C$DW$16, DW_AT_type(*$C$DW$T$49)
     148                      .dwattr $C$DW$16, DW_AT_declaration
     149                      .dwattr $C$DW$16, DW_AT_external
     150                      .dwattr $C$DW$16, DW_AT_decl_file("/home/jose/workspace_ccstheia/foc_f28379d/include/foc_state_machin
     151                      .dwattr $C$DW$16, DW_AT_decl_line(0x16)
     152                      .dwattr $C$DW$16, DW_AT_decl_column(0x15)
     153                      .dwendtag $C$DW$16
     154              
     155              $C$DW$17        .dwtag  DW_TAG_variable
     156                      .dwattr $C$DW$17, DW_AT_name("g_qep_theta_elec")
     157                      .dwattr $C$DW$17, DW_AT_linkage_name("g_qep_theta_elec")
     158                      .dwattr $C$DW$17, DW_AT_type(*$C$DW$T$207)
     159                      .dwattr $C$DW$17, DW_AT_declaration
     160                      .dwattr $C$DW$17, DW_AT_external
     161                      .dwattr $C$DW$17, DW_AT_decl_file("/home/jose/workspace_ccstheia/foc_f28379d/include/sensor_qep_inlin
     162                      .dwattr $C$DW$17, DW_AT_decl_line(0x10)
     163                      .dwattr $C$DW$17, DW_AT_decl_column(0x1b)
     164              
     165              $C$DW$18        .dwtag  DW_TAG_variable
TMS320C2000 Assembler Unix v25.11.0 Sun May 31 21:09:06 2026

Copyright (c) 1996-2018 Texas Instruments Incorporated
foc_pipeline.asm                                                     PAGE    4

     166                      .dwattr $C$DW$18, DW_AT_name("g_qep_omega_elec")
     167                      .dwattr $C$DW$18, DW_AT_linkage_name("g_qep_omega_elec")
     168                      .dwattr $C$DW$18, DW_AT_type(*$C$DW$T$207)
     169                      .dwattr $C$DW$18, DW_AT_declaration
     170                      .dwattr $C$DW$18, DW_AT_external
     171                      .dwattr $C$DW$18, DW_AT_decl_file("/home/jose/workspace_ccstheia/foc_f28379d/include/sensor_qep_inlin
     172                      .dwattr $C$DW$18, DW_AT_decl_line(0x11)
     173                      .dwattr $C$DW$18, DW_AT_decl_column(0x1b)
     174              
     175              $C$DW$19        .dwtag  DW_TAG_variable
     176                      .dwattr $C$DW$19, DW_AT_name("g_qep_mech_offset_cnt")
     177                      .dwattr $C$DW$19, DW_AT_linkage_name("g_qep_mech_offset_cnt")
     178                      .dwattr $C$DW$19, DW_AT_type(*$C$DW$T$189)
     179                      .dwattr $C$DW$19, DW_AT_declaration
     180                      .dwattr $C$DW$19, DW_AT_external
     181                      .dwattr $C$DW$19, DW_AT_decl_file("/home/jose/workspace_ccstheia/foc_f28379d/include/sensor_qep_inlin
     182                      .dwattr $C$DW$19, DW_AT_decl_line(0x12)
     183                      .dwattr $C$DW$19, DW_AT_decl_column(0x1b)
     184              
     185              $C$DW$20        .dwtag  DW_TAG_variable
     186                      .dwattr $C$DW$20, DW_AT_name("g_dbg_qep_count")
     187                      .dwattr $C$DW$20, DW_AT_linkage_name("g_dbg_qep_count")
     188                      .dwattr $C$DW$20, DW_AT_type(*$C$DW$T$193)
     189                      .dwattr $C$DW$20, DW_AT_declaration
     190                      .dwattr $C$DW$20, DW_AT_external
     191                      .dwattr $C$DW$20, DW_AT_decl_file("/home/jose/workspace_ccstheia/foc_f28379d/include/sensor_qep_inlin
     192                      .dwattr $C$DW$20, DW_AT_decl_line(0x15)
     193                      .dwattr $C$DW$20, DW_AT_decl_column(0x1a)
     194              
     195              $C$DW$21        .dwtag  DW_TAG_variable
     196                      .dwattr $C$DW$21, DW_AT_name("g_dbg_qep_index_latch")
     197                      .dwattr $C$DW$21, DW_AT_linkage_name("g_dbg_qep_index_latch")
     198                      .dwattr $C$DW$21, DW_AT_type(*$C$DW$T$193)
     199                      .dwattr $C$DW$21, DW_AT_declaration
     200                      .dwattr $C$DW$21, DW_AT_external
     201                      .dwattr $C$DW$21, DW_AT_decl_file("/home/jose/workspace_ccstheia/foc_f28379d/include/sensor_qep_inlin
     202                      .dwattr $C$DW$21, DW_AT_decl_line(0x16)
     203                      .dwattr $C$DW$21, DW_AT_decl_column(0x1a)
     204              
     205 00000002               .bss    ||s_clarke||,2,1,1
     206              $C$DW$22        .dwtag  DW_TAG_variable
     207                      .dwattr $C$DW$22, DW_AT_name("s_clarke")
     208                      .dwattr $C$DW$22, DW_AT_linkage_name("s_clarke")
     209                      .dwattr $C$DW$22, DW_AT_type(*$C$DW$T$73)
     210                      .dwattr $C$DW$22, DW_AT_location[DW_OP_addr ||s_clarke||]
     211                      .dwattr $C$DW$22, DW_AT_decl_file("../src/foc_pipeline.c")
     212                      .dwattr $C$DW$22, DW_AT_decl_line(0x20)
     213                      .dwattr $C$DW$22, DW_AT_decl_column(0x16)
     214              
     215 00000004               .bss    ||s_park||,2,1,1
     216              $C$DW$23        .dwtag  DW_TAG_variable
     217                      .dwattr $C$DW$23, DW_AT_name("s_park")
     218                      .dwattr $C$DW$23, DW_AT_linkage_name("s_park")
     219                      .dwattr $C$DW$23, DW_AT_type(*$C$DW$T$126)
     220                      .dwattr $C$DW$23, DW_AT_location[DW_OP_addr ||s_park||]
TMS320C2000 Assembler Unix v25.11.0 Sun May 31 21:09:06 2026

Copyright (c) 1996-2018 Texas Instruments Incorporated
foc_pipeline.asm                                                     PAGE    5

     221                      .dwattr $C$DW$23, DW_AT_decl_file("../src/foc_pipeline.c")
     222                      .dwattr $C$DW$23, DW_AT_decl_line(0x21)
     223                      .dwattr $C$DW$23, DW_AT_decl_column(0x16)
     224              
     225 00000006               .bss    ||s_ipark||,2,1,1
     226              $C$DW$24        .dwtag  DW_TAG_variable
     227                      .dwattr $C$DW$24, DW_AT_name("s_ipark")
     228                      .dwattr $C$DW$24, DW_AT_linkage_name("s_ipark")
     229                      .dwattr $C$DW$24, DW_AT_type(*$C$DW$T$83)
     230                      .dwattr $C$DW$24, DW_AT_location[DW_OP_addr ||s_ipark||]
     231                      .dwattr $C$DW$24, DW_AT_decl_file("../src/foc_pipeline.c")
     232                      .dwattr $C$DW$24, DW_AT_decl_line(0x22)
     233                      .dwattr $C$DW$24, DW_AT_decl_column(0x16)
     234              
     235 00000008               .bss    ||s_svgen||,2,1,1
     236              $C$DW$25        .dwtag  DW_TAG_variable
     237                      .dwattr $C$DW$25, DW_AT_name("s_svgen")
     238                      .dwattr $C$DW$25, DW_AT_linkage_name("s_svgen")
     239                      .dwattr $C$DW$25, DW_AT_type(*$C$DW$T$46)
     240                      .dwattr $C$DW$25, DW_AT_location[DW_OP_addr ||s_svgen||]
     241                      .dwattr $C$DW$25, DW_AT_decl_file("../src/foc_pipeline.c")
     242                      .dwattr $C$DW$25, DW_AT_decl_line(0x23)
     243                      .dwattr $C$DW$25, DW_AT_decl_column(0x16)
     244              
     245 0000000a               .bss    ||s_pi_id||,2,1,1
     246              $C$DW$26        .dwtag  DW_TAG_variable
     247                      .dwattr $C$DW$26, DW_AT_name("s_pi_id")
     248                      .dwattr $C$DW$26, DW_AT_linkage_name("s_pi_id")
     249                      .dwattr $C$DW$26, DW_AT_type(*$C$DW$T$134)
     250                      .dwattr $C$DW$26, DW_AT_location[DW_OP_addr ||s_pi_id||]
     251                      .dwattr $C$DW$26, DW_AT_decl_file("../src/foc_pipeline.c")
     252                      .dwattr $C$DW$26, DW_AT_decl_line(0x24)
     253                      .dwattr $C$DW$26, DW_AT_decl_column(0x16)
     254              
     255 0000000c               .bss    ||s_pi_iq||,2,1,1
     256              $C$DW$27        .dwtag  DW_TAG_variable
     257                      .dwattr $C$DW$27, DW_AT_name("s_pi_iq")
     258                      .dwattr $C$DW$27, DW_AT_linkage_name("s_pi_iq")
     259                      .dwattr $C$DW$27, DW_AT_type(*$C$DW$T$134)
     260                      .dwattr $C$DW$27, DW_AT_location[DW_OP_addr ||s_pi_iq||]
     261                      .dwattr $C$DW$27, DW_AT_decl_file("../src/foc_pipeline.c")
     262                      .dwattr $C$DW$27, DW_AT_decl_line(0x25)
     263                      .dwattr $C$DW$27, DW_AT_decl_column(0x16)
     264              
     265 0000000e               .bss    ||s_pi_spd||,2,1,1
     266              $C$DW$28        .dwtag  DW_TAG_variable
     267                      .dwattr $C$DW$28, DW_AT_name("s_pi_spd")
     268                      .dwattr $C$DW$28, DW_AT_linkage_name("s_pi_spd")
     269                      .dwattr $C$DW$28, DW_AT_type(*$C$DW$T$134)
     270                      .dwattr $C$DW$28, DW_AT_location[DW_OP_addr ||s_pi_spd||]
     271                      .dwattr $C$DW$28, DW_AT_decl_file("../src/foc_pipeline.c")
     272                      .dwattr $C$DW$28, DW_AT_decl_line(0x26)
     273                      .dwattr $C$DW$28, DW_AT_decl_column(0x16)
     274              
     275                      .global ||g_dbg_align_id_meas||
TMS320C2000 Assembler Unix v25.11.0 Sun May 31 21:09:06 2026

Copyright (c) 1996-2018 Texas Instruments Incorporated
foc_pipeline.asm                                                     PAGE    6

     276 00000010               .bss    ||g_dbg_align_id_meas||,2,1,1
     277              $C$DW$29        .dwtag  DW_TAG_variable
     278                      .dwattr $C$DW$29, DW_AT_name("g_dbg_align_id_meas")
     279                      .dwattr $C$DW$29, DW_AT_linkage_name("g_dbg_align_id_meas")
     280                      .dwattr $C$DW$29, DW_AT_location[DW_OP_addr ||g_dbg_align_id_meas||]
     281                      .dwattr $C$DW$29, DW_AT_type(*$C$DW$T$207)
     282                      .dwattr $C$DW$29, DW_AT_external
     283                      .dwattr $C$DW$29, DW_AT_decl_file("../src/foc_pipeline.c")
     284                      .dwattr $C$DW$29, DW_AT_decl_line(0x33)
     285                      .dwattr $C$DW$29, DW_AT_decl_column(0x14)
     286              
     287                      .global ||g_dbg_align_iq_meas||
     288 00000012               .bss    ||g_dbg_align_iq_meas||,2,1,1
     289              $C$DW$30        .dwtag  DW_TAG_variable
     290                      .dwattr $C$DW$30, DW_AT_name("g_dbg_align_iq_meas")
     291                      .dwattr $C$DW$30, DW_AT_linkage_name("g_dbg_align_iq_meas")
     292                      .dwattr $C$DW$30, DW_AT_location[DW_OP_addr ||g_dbg_align_iq_meas||]
     293                      .dwattr $C$DW$30, DW_AT_type(*$C$DW$T$207)
     294                      .dwattr $C$DW$30, DW_AT_external
     295                      .dwattr $C$DW$30, DW_AT_decl_file("../src/foc_pipeline.c")
     296                      .dwattr $C$DW$30, DW_AT_decl_line(0x34)
     297                      .dwattr $C$DW$30, DW_AT_decl_column(0x14)
     298              
     299                      .global ||g_dbg_align_vd||
     300 00000014               .bss    ||g_dbg_align_vd||,2,1,1
     301              $C$DW$31        .dwtag  DW_TAG_variable
     302                      .dwattr $C$DW$31, DW_AT_name("g_dbg_align_vd")
     303                      .dwattr $C$DW$31, DW_AT_linkage_name("g_dbg_align_vd")
     304                      .dwattr $C$DW$31, DW_AT_location[DW_OP_addr ||g_dbg_align_vd||]
     305                      .dwattr $C$DW$31, DW_AT_type(*$C$DW$T$207)
     306                      .dwattr $C$DW$31, DW_AT_external
     307                      .dwattr $C$DW$31, DW_AT_decl_file("../src/foc_pipeline.c")
     308                      .dwattr $C$DW$31, DW_AT_decl_line(0x35)
     309                      .dwattr $C$DW$31, DW_AT_decl_column(0x14)
     310              
     311                      .global ||g_dbg_openloop_vd||
     312 00000016               .bss    ||g_dbg_openloop_vd||,2,1,1
     313              $C$DW$32        .dwtag  DW_TAG_variable
     314                      .dwattr $C$DW$32, DW_AT_name("g_dbg_openloop_vd")
     315                      .dwattr $C$DW$32, DW_AT_linkage_name("g_dbg_openloop_vd")
     316                      .dwattr $C$DW$32, DW_AT_location[DW_OP_addr ||g_dbg_openloop_vd||]
     317                      .dwattr $C$DW$32, DW_AT_type(*$C$DW$T$207)
     318                      .dwattr $C$DW$32, DW_AT_external
     319                      .dwattr $C$DW$32, DW_AT_decl_file("../src/foc_pipeline.c")
     320                      .dwattr $C$DW$32, DW_AT_decl_line(0x3e)
     321                      .dwattr $C$DW$32, DW_AT_decl_column(0x14)
     322              
     323                      .global ||g_dbg_openloop_vq||
     324 00000018               .bss    ||g_dbg_openloop_vq||,2,1,1
     325              $C$DW$33        .dwtag  DW_TAG_variable
     326                      .dwattr $C$DW$33, DW_AT_name("g_dbg_openloop_vq")
     327                      .dwattr $C$DW$33, DW_AT_linkage_name("g_dbg_openloop_vq")
     328                      .dwattr $C$DW$33, DW_AT_location[DW_OP_addr ||g_dbg_openloop_vq||]
     329                      .dwattr $C$DW$33, DW_AT_type(*$C$DW$T$207)
     330                      .dwattr $C$DW$33, DW_AT_external
TMS320C2000 Assembler Unix v25.11.0 Sun May 31 21:09:06 2026

Copyright (c) 1996-2018 Texas Instruments Incorporated
foc_pipeline.asm                                                     PAGE    7

     331                      .dwattr $C$DW$33, DW_AT_decl_file("../src/foc_pipeline.c")
     332                      .dwattr $C$DW$33, DW_AT_decl_line(0x43)
     333                      .dwattr $C$DW$33, DW_AT_decl_column(0x14)
     334              
     335              
     336              $C$DW$34        .dwtag  DW_TAG_subprogram
     337                      .dwattr $C$DW$34, DW_AT_name("CLARKE_init")
     338                      .dwattr $C$DW$34, DW_AT_linkage_name("CLARKE_init")
     339                      .dwattr $C$DW$34, DW_AT_type(*$C$DW$T$73)
     340                      .dwattr $C$DW$34, DW_AT_declaration
     341                      .dwattr $C$DW$34, DW_AT_external
     342                      .dwattr $C$DW$34, DW_AT_decl_file("/home/jose/ti/c2000/C2000Ware_MotorControl_SDK_5_04_00_00/librarie
     343                      .dwattr $C$DW$34, DW_AT_decl_line(0x74)
     344                      .dwattr $C$DW$34, DW_AT_decl_column(0x01)
     345              $C$DW$35        .dwtag  DW_TAG_formal_parameter
     346                      .dwattr $C$DW$35, DW_AT_type(*$C$DW$T$3)
     347              
     348              $C$DW$36        .dwtag  DW_TAG_formal_parameter
     349                      .dwattr $C$DW$36, DW_AT_type(*$C$DW$T$76)
     350              
     351                      .dwendtag $C$DW$34
     352              
     353              
     354              $C$DW$37        .dwtag  DW_TAG_subprogram
     355                      .dwattr $C$DW$37, DW_AT_name("PARK_init")
     356                      .dwattr $C$DW$37, DW_AT_linkage_name("PARK_init")
     357                      .dwattr $C$DW$37, DW_AT_type(*$C$DW$T$126)
     358                      .dwattr $C$DW$37, DW_AT_declaration
     359                      .dwattr $C$DW$37, DW_AT_external
     360                      .dwattr $C$DW$37, DW_AT_decl_file("/home/jose/ti/c2000/C2000Ware_MotorControl_SDK_5_04_00_00/librarie
     361                      .dwattr $C$DW$37, DW_AT_decl_line(0xa0)
     362                      .dwattr $C$DW$37, DW_AT_decl_column(0x01)
     363              $C$DW$38        .dwtag  DW_TAG_formal_parameter
     364                      .dwattr $C$DW$38, DW_AT_type(*$C$DW$T$3)
     365              
     366              $C$DW$39        .dwtag  DW_TAG_formal_parameter
     367                      .dwattr $C$DW$39, DW_AT_type(*$C$DW$T$76)
     368              
     369                      .dwendtag $C$DW$37
     370              
     371              
     372              $C$DW$40        .dwtag  DW_TAG_subprogram
     373                      .dwattr $C$DW$40, DW_AT_name("IPARK_init")
     374                      .dwattr $C$DW$40, DW_AT_linkage_name("IPARK_init")
     375                      .dwattr $C$DW$40, DW_AT_type(*$C$DW$T$83)
     376                      .dwattr $C$DW$40, DW_AT_declaration
     377                      .dwattr $C$DW$40, DW_AT_external
     378                      .dwattr $C$DW$40, DW_AT_decl_file("/home/jose/ti/c2000/C2000Ware_MotorControl_SDK_5_04_00_00/librarie
     379                      .dwattr $C$DW$40, DW_AT_decl_line(0x9f)
     380                      .dwattr $C$DW$40, DW_AT_decl_column(0x01)
     381              $C$DW$41        .dwtag  DW_TAG_formal_parameter
     382                      .dwattr $C$DW$41, DW_AT_type(*$C$DW$T$3)
     383              
     384              $C$DW$42        .dwtag  DW_TAG_formal_parameter
     385                      .dwattr $C$DW$42, DW_AT_type(*$C$DW$T$76)
TMS320C2000 Assembler Unix v25.11.0 Sun May 31 21:09:06 2026

Copyright (c) 1996-2018 Texas Instruments Incorporated
foc_pipeline.asm                                                     PAGE    8

     386              
     387                      .dwendtag $C$DW$40
     388              
     389              
     390              $C$DW$43        .dwtag  DW_TAG_subprogram
     391                      .dwattr $C$DW$43, DW_AT_name("SVGEN_init")
     392                      .dwattr $C$DW$43, DW_AT_linkage_name("SVGEN_init")
     393                      .dwattr $C$DW$43, DW_AT_type(*$C$DW$T$46)
     394                      .dwattr $C$DW$43, DW_AT_declaration
     395                      .dwattr $C$DW$43, DW_AT_external
     396                      .dwattr $C$DW$43, DW_AT_decl_file("/home/jose/ti/c2000/C2000Ware_MotorControl_SDK_5_04_00_00/librarie
     397                      .dwattr $C$DW$43, DW_AT_decl_line(0xee)
     398                      .dwattr $C$DW$43, DW_AT_decl_column(0x01)
     399              $C$DW$44        .dwtag  DW_TAG_formal_parameter
     400                      .dwattr $C$DW$44, DW_AT_type(*$C$DW$T$3)
     401              
     402              $C$DW$45        .dwtag  DW_TAG_formal_parameter
     403                      .dwattr $C$DW$45, DW_AT_type(*$C$DW$T$76)
     404              
     405                      .dwendtag $C$DW$43
     406              
     407              
     408              $C$DW$46        .dwtag  DW_TAG_subprogram
     409                      .dwattr $C$DW$46, DW_AT_name("PI_init")
     410                      .dwattr $C$DW$46, DW_AT_linkage_name("PI_init")
     411                      .dwattr $C$DW$46, DW_AT_type(*$C$DW$T$134)
     412                      .dwattr $C$DW$46, DW_AT_declaration
     413                      .dwattr $C$DW$46, DW_AT_external
     414                      .dwattr $C$DW$46, DW_AT_decl_file("/home/jose/ti/c2000/C2000Ware_MotorControl_SDK_5_04_00_00/librarie
     415                      .dwattr $C$DW$46, DW_AT_decl_line(0x122)
     416                      .dwattr $C$DW$46, DW_AT_decl_column(0x01)
     417              $C$DW$47        .dwtag  DW_TAG_formal_parameter
     418                      .dwattr $C$DW$47, DW_AT_type(*$C$DW$T$3)
     419              
     420              $C$DW$48        .dwtag  DW_TAG_formal_parameter
     421                      .dwattr $C$DW$48, DW_AT_type(*$C$DW$T$76)
     422              
     423                      .dwendtag $C$DW$46
     424              
     425              
     426              $C$DW$49        .dwtag  DW_TAG_subprogram
     427                      .dwattr $C$DW$49, DW_AT_name("adc_read_vbus")
     428                      .dwattr $C$DW$49, DW_AT_linkage_name("adc_read_vbus")
     429                      .dwattr $C$DW$49, DW_AT_type(*$C$DW$T$16)
     430                      .dwattr $C$DW$49, DW_AT_declaration
     431                      .dwattr $C$DW$49, DW_AT_external
     432                      .dwattr $C$DW$49, DW_AT_decl_file("/home/jose/workspace_ccstheia/foc_f28379d/include/adc_iface.h")
     433                      .dwattr $C$DW$49, DW_AT_decl_line(0x12)
     434                      .dwattr $C$DW$49, DW_AT_decl_column(0x0e)
     435                      .dwendtag $C$DW$49
     436              
     437 0000001a               .bss    ||s_park_obj||,4,0,1
     438              $C$DW$50        .dwtag  DW_TAG_variable
     439                      .dwattr $C$DW$50, DW_AT_name("s_park_obj")
     440                      .dwattr $C$DW$50, DW_AT_linkage_name("s_park_obj")
TMS320C2000 Assembler Unix v25.11.0 Sun May 31 21:09:06 2026

Copyright (c) 1996-2018 Texas Instruments Incorporated
foc_pipeline.asm                                                     PAGE    9

     441                      .dwattr $C$DW$50, DW_AT_type(*$C$DW$T$124)
     442                      .dwattr $C$DW$50, DW_AT_location[DW_OP_addr ||s_park_obj||]
     443                      .dwattr $C$DW$50, DW_AT_decl_file("../src/foc_pipeline.c")
     444                      .dwattr $C$DW$50, DW_AT_decl_line(0x19)
     445                      .dwattr $C$DW$50, DW_AT_decl_column(0x16)
     446              
     447 0000001e               .bss    ||s_ipark_obj||,4,0,1
     448              $C$DW$51        .dwtag  DW_TAG_variable
     449                      .dwattr $C$DW$51, DW_AT_name("s_ipark_obj")
     450                      .dwattr $C$DW$51, DW_AT_linkage_name("s_ipark_obj")
     451                      .dwattr $C$DW$51, DW_AT_type(*$C$DW$T$81)
     452                      .dwattr $C$DW$51, DW_AT_location[DW_OP_addr ||s_ipark_obj||]
     453                      .dwattr $C$DW$51, DW_AT_decl_file("../src/foc_pipeline.c")
     454                      .dwattr $C$DW$51, DW_AT_decl_line(0x1a)
     455                      .dwattr $C$DW$51, DW_AT_decl_column(0x16)
     456              
     457 00000022               .bss    ||s_svgen_obj||,4,0,1
     458              $C$DW$52        .dwtag  DW_TAG_variable
     459                      .dwattr $C$DW$52, DW_AT_name("s_svgen_obj")
     460                      .dwattr $C$DW$52, DW_AT_linkage_name("s_svgen_obj")
     461                      .dwattr $C$DW$52, DW_AT_type(*$C$DW$T$140)
     462                      .dwattr $C$DW$52, DW_AT_location[DW_OP_addr ||s_svgen_obj||]
     463                      .dwattr $C$DW$52, DW_AT_decl_file("../src/foc_pipeline.c")
     464                      .dwattr $C$DW$52, DW_AT_decl_line(0x1b)
     465                      .dwattr $C$DW$52, DW_AT_decl_column(0x16)
     466              
     467 00000026               .bss    ||s_clarke_obj||,6,0,1
     468              $C$DW$53        .dwtag  DW_TAG_variable
     469                      .dwattr $C$DW$53, DW_AT_name("s_clarke_obj")
     470                      .dwattr $C$DW$53, DW_AT_linkage_name("s_clarke_obj")
     471                      .dwattr $C$DW$53, DW_AT_type(*$C$DW$T$71)
     472                      .dwattr $C$DW$53, DW_AT_location[DW_OP_addr ||s_clarke_obj||]
     473                      .dwattr $C$DW$53, DW_AT_decl_file("../src/foc_pipeline.c")
     474                      .dwattr $C$DW$53, DW_AT_decl_line(0x18)
     475                      .dwattr $C$DW$53, DW_AT_decl_column(0x16)
     476              
     477 0000002c               .bss    ||s_refs||,8,0,1
     478              $C$DW$54        .dwtag  DW_TAG_variable
     479                      .dwattr $C$DW$54, DW_AT_name("s_refs")
     480                      .dwattr $C$DW$54, DW_AT_linkage_name("s_refs")
     481                      .dwattr $C$DW$54, DW_AT_type(*$C$DW$T$66)
     482                      .dwattr $C$DW$54, DW_AT_location[DW_OP_addr ||s_refs||]
     483                      .dwattr $C$DW$54, DW_AT_decl_file("../src/foc_pipeline.c")
     484                      .dwattr $C$DW$54, DW_AT_decl_line(0x29)
     485                      .dwattr $C$DW$54, DW_AT_decl_column(0x1f)
     486              
     487 00000034               .bss    ||s_pi_id_obj||,16,0,1
     488              $C$DW$55        .dwtag  DW_TAG_variable
     489                      .dwattr $C$DW$55, DW_AT_name("s_pi_id_obj")
     490                      .dwattr $C$DW$55, DW_AT_linkage_name("s_pi_id_obj")
     491                      .dwattr $C$DW$55, DW_AT_type(*$C$DW$T$132)
     492                      .dwattr $C$DW$55, DW_AT_location[DW_OP_addr ||s_pi_id_obj||]
     493                      .dwattr $C$DW$55, DW_AT_decl_file("../src/foc_pipeline.c")
     494                      .dwattr $C$DW$55, DW_AT_decl_line(0x1c)
     495                      .dwattr $C$DW$55, DW_AT_decl_column(0x16)
TMS320C2000 Assembler Unix v25.11.0 Sun May 31 21:09:06 2026

Copyright (c) 1996-2018 Texas Instruments Incorporated
foc_pipeline.asm                                                     PAGE   10

     496              
     497 00000044               .bss    ||s_pi_iq_obj||,16,0,1
     498              $C$DW$56        .dwtag  DW_TAG_variable
     499                      .dwattr $C$DW$56, DW_AT_name("s_pi_iq_obj")
     500                      .dwattr $C$DW$56, DW_AT_linkage_name("s_pi_iq_obj")
     501                      .dwattr $C$DW$56, DW_AT_type(*$C$DW$T$132)
     502                      .dwattr $C$DW$56, DW_AT_location[DW_OP_addr ||s_pi_iq_obj||]
     503                      .dwattr $C$DW$56, DW_AT_decl_file("../src/foc_pipeline.c")
     504                      .dwattr $C$DW$56, DW_AT_decl_line(0x1d)
     505                      .dwattr $C$DW$56, DW_AT_decl_column(0x16)
     506              
     507 00000054               .bss    ||s_pi_spd_obj||,16,0,1
     508              $C$DW$57        .dwtag  DW_TAG_variable
     509                      .dwattr $C$DW$57, DW_AT_name("s_pi_spd_obj")
     510                      .dwattr $C$DW$57, DW_AT_linkage_name("s_pi_spd_obj")
     511                      .dwattr $C$DW$57, DW_AT_type(*$C$DW$T$132)
     512                      .dwattr $C$DW$57, DW_AT_location[DW_OP_addr ||s_pi_spd_obj||]
     513                      .dwattr $C$DW$57, DW_AT_decl_file("../src/foc_pipeline.c")
     514                      .dwattr $C$DW$57, DW_AT_decl_line(0x1e)
     515                      .dwattr $C$DW$57, DW_AT_decl_column(0x16)
     516              
     517 00000064               .bss    ||s_sig||,32,0,1
     518              $C$DW$58        .dwtag  DW_TAG_variable
     519                      .dwattr $C$DW$58, DW_AT_name("s_sig")
     520                      .dwattr $C$DW$58, DW_AT_linkage_name("s_sig")
     521                      .dwattr $C$DW$58, DW_AT_type(*$C$DW$T$62)
     522                      .dwattr $C$DW$58, DW_AT_location[DW_OP_addr ||s_sig||]
     523                      .dwattr $C$DW$58, DW_AT_decl_file("../src/foc_pipeline.c")
     524                      .dwattr $C$DW$58, DW_AT_decl_line(0x2a)
     525                      .dwattr $C$DW$58, DW_AT_decl_column(0x1f)
     526              
     527                      .sblock ".bss"
     528              ;       /home/jose/ti/ccs2051/ccs/tools/compiler/ti-cgt-c2000_25.11.0.LTS/bin/opt2000 /tmp/TIagzXcUlTL /tmp/T
     529              ;       /home/jose/ti/ccs2051/ccs/tools/compiler/ti-cgt-c2000_25.11.0.LTS/bin/acia2000 -@/tmp/TIagz1nhR5j 
     530 00000000               .sect   ".text:PI_run"
     531                      .clink
     532              
     533              $C$DW$59        .dwtag  DW_TAG_subprogram
     534                      .dwattr $C$DW$59, DW_AT_name("PI_run")
     535                      .dwattr $C$DW$59, DW_AT_low_pc(||PI_run||)
     536                      .dwattr $C$DW$59, DW_AT_high_pc(0x00)
     537                      .dwattr $C$DW$59, DW_AT_linkage_name("PI_run")
     538                      .dwattr $C$DW$59, DW_AT_decl_file("/home/jose/ti/c2000/C2000Ware_MotorControl_SDK_5_04_00_00/librarie
     539                      .dwattr $C$DW$59, DW_AT_decl_line(0x281)
     540                      .dwattr $C$DW$59, DW_AT_decl_column(0x01)
     541                      .dwattr $C$DW$59, DW_AT_TI_max_frame_size(-8)
     542                      .dwpsn  file "/home/jose/ti/c2000/C2000Ware_MotorControl_SDK_5_04_00_00/libraries/control/pi/include/
     543              
     544                      .dwfde $C$DW$CIE, ||PI_run||
     545              $C$DW$60        .dwtag  DW_TAG_formal_parameter
     546                      .dwattr $C$DW$60, DW_AT_name("handle")
     547                      .dwattr $C$DW$60, DW_AT_type(*$C$DW$T$134)
     548                      .dwattr $C$DW$60, DW_AT_location[DW_OP_reg12]
     549              
     550              $C$DW$61        .dwtag  DW_TAG_formal_parameter
TMS320C2000 Assembler Unix v25.11.0 Sun May 31 21:09:06 2026

Copyright (c) 1996-2018 Texas Instruments Incorporated
foc_pipeline.asm                                                     PAGE   11

     551                      .dwattr $C$DW$61, DW_AT_name("refValue")
     552                      .dwattr $C$DW$61, DW_AT_type(*$C$DW$T$27)
     553                      .dwattr $C$DW$61, DW_AT_location[DW_OP_regx 0x2b]
     554              
     555              $C$DW$62        .dwtag  DW_TAG_formal_parameter
     556                      .dwattr $C$DW$62, DW_AT_name("fbackValue")
     557                      .dwattr $C$DW$62, DW_AT_type(*$C$DW$T$27)
     558                      .dwattr $C$DW$62, DW_AT_location[DW_OP_regx 0x2f]
     559              
     560              $C$DW$63        .dwtag  DW_TAG_formal_parameter
     561                      .dwattr $C$DW$63, DW_AT_name("pOutValue")
     562                      .dwattr $C$DW$63, DW_AT_type(*$C$DW$T$172)
     563                      .dwattr $C$DW$63, DW_AT_location[DW_OP_reg14]
     564              
     565              
     566              ;***************************************************************
     567              ;* FNAME: PI_run                        FR SIZE:   6           *
     568              ;*                                                             *
     569              ;* FUNCTION ENVIRONMENT                                        *
     570              ;*                                                             *
     571              ;* FUNCTION PROPERTIES                                         *
     572              ;*                            0 Parameter,  0 Auto,  6 SOE     *
     573              ;***************************************************************
     574              
     575              ||PI_run||:
     576              ;* AR4   assigned to handle
     577              $C$DW$64        .dwtag  DW_TAG_variable
     578                      .dwattr $C$DW$64, DW_AT_name("handle")
     579                      .dwattr $C$DW$64, DW_AT_type(*$C$DW$T$135)
     580                      .dwattr $C$DW$64, DW_AT_location[DW_OP_reg12]
     581              
     582              ;* R0    assigned to refValue
     583              $C$DW$65        .dwtag  DW_TAG_variable
     584                      .dwattr $C$DW$65, DW_AT_name("refValue")
     585                      .dwattr $C$DW$65, DW_AT_type(*$C$DW$T$158)
     586                      .dwattr $C$DW$65, DW_AT_location[DW_OP_regx 0x2b]
     587              
     588              ;* R1    assigned to fbackValue
     589              $C$DW$66        .dwtag  DW_TAG_variable
     590                      .dwattr $C$DW$66, DW_AT_name("fbackValue")
     591                      .dwattr $C$DW$66, DW_AT_type(*$C$DW$T$158)
     592                      .dwattr $C$DW$66, DW_AT_location[DW_OP_regx 0x2f]
     593              
     594              ;* AR5   assigned to pOutValue
     595              $C$DW$67        .dwtag  DW_TAG_variable
     596                      .dwattr $C$DW$67, DW_AT_name("pOutValue")
     597                      .dwattr $C$DW$67, DW_AT_type(*$C$DW$T$203)
     598                      .dwattr $C$DW$67, DW_AT_location[DW_OP_reg14]
     599              
     600              ;* R5    assigned to Up
     601              $C$DW$68        .dwtag  DW_TAG_variable
     602                      .dwattr $C$DW$68, DW_AT_name("Up")
     603                      .dwattr $C$DW$68, DW_AT_type(*$C$DW$T$27)
     604                      .dwattr $C$DW$68, DW_AT_location[DW_OP_regx 0x3f]
     605              
TMS320C2000 Assembler Unix v25.11.0 Sun May 31 21:09:06 2026

Copyright (c) 1996-2018 Texas Instruments Incorporated
foc_pipeline.asm                                                     PAGE   12

     606              ;* R2    assigned to Ui
     607              $C$DW$69        .dwtag  DW_TAG_variable
     608                      .dwattr $C$DW$69, DW_AT_name("Ui")
     609                      .dwattr $C$DW$69, DW_AT_type(*$C$DW$T$27)
     610                      .dwattr $C$DW$69, DW_AT_location[DW_OP_regx 0x33]
     611              
     612              ;* R4    assigned to outMax
     613              $C$DW$70        .dwtag  DW_TAG_variable
     614                      .dwattr $C$DW$70, DW_AT_name("outMax")
     615                      .dwattr $C$DW$70, DW_AT_type(*$C$DW$T$27)
     616                      .dwattr $C$DW$70, DW_AT_location[DW_OP_regx 0x3b]
     617              
     618              ;* R3    assigned to outMin
     619              $C$DW$71        .dwtag  DW_TAG_variable
     620                      .dwattr $C$DW$71, DW_AT_name("outMin")
     621                      .dwattr $C$DW$71, DW_AT_type(*$C$DW$T$27)
     622                      .dwattr $C$DW$71, DW_AT_location[DW_OP_regx 0x37]
     623              
     624                      .dwcfi  cfa_offset, -2
     625                      .dwcfi  save_reg_to_mem, 26, 0
     626 00000000 B2BD          MOVL      *SP++,XAR1            ; [CPU_ALU] 
     627                      .dwcfi  save_reg_to_mem, 7, 2
     628                      .dwcfi  cfa_offset, -4
     629 00000001 E203          MOV32     *SP++,R4H             ; [CPU_FPU] 
         00000002 04BD 
     630                      .dwcfi  save_reg_to_mem, 59, 4
     631                      .dwcfi  cfa_offset, -6
     632                      .dwpsn  file "/home/jose/ti/c2000/C2000Ware_MotorControl_SDK_5_04_00_00/libraries/control/pi/include/
     633 00000003 D00C          MOVB      XAR0,#12              ; [CPU_ALU] |240| 
     634                      .dwpsn  file "/home/jose/ti/c2000/C2000Ware_MotorControl_SDK_5_04_00_00/libraries/control/pi/include/
     635 00000004 D10E          MOVB      XAR1,#14              ; [CPU_ALU] |223| 
     636                      .dwpsn  file "/home/jose/ti/c2000/C2000Ware_MotorControl_SDK_5_04_00_00/libraries/control/pi/include/
     637              
     638                      MOV32     *SP++,R5H             ; [CPU_FPU] 
     639 00000005 E022  ||      SUBF32    R4H,R0H,R1H           ; [CPU_FPU] |655| 
         00000006 25BD 
     640              
     641                      .dwcfi  save_reg_to_mem, 63, 6
     642                      .dwcfi  cfa_offset, -8
     643 00000007 E2AF          MOV32     R2H,*+XAR4[0]         ; [CPU_FPU] |655| 
         00000008 02C4 
     644 00000009 E700          MPYF32    R5H,R4H,R2H           ; [CPU_FPU] |655| 
         0000000a 00A5 
     645                      .dwpsn  file "/home/jose/ti/c2000/C2000Ware_MotorControl_SDK_5_04_00_00/libraries/control/pi/include/
     646 0000000b E2AF          MOV32     R3H,*+XAR4[2]         ; [CPU_FPU] |661| 
         0000000c 03D4 
     647                      .dwpsn  file "/home/jose/ti/c2000/C2000Ware_MotorControl_SDK_5_04_00_00/libraries/control/pi/include/
     648              
     649 0000000d E007          MPYF32    R4H,R5H,R3H           ; [CPU_FPU] |661| 
         0000000e 60F4 
     650              ||      MOV32     *+XAR4[6],R0H         ; [CPU_FPU] |486| 
     651              
     652                      .dwpsn  file "/home/jose/ti/c2000/C2000Ware_MotorControl_SDK_5_04_00_00/libraries/control/pi/include/
     653 0000000f E2AF          MOV32     R2H,*+XAR4[4]         ; [CPU_FPU] |661| 
         00000010 02E4 
TMS320C2000 Assembler Unix v25.11.0 Sun May 31 21:09:06 2026

Copyright (c) 1996-2018 Texas Instruments Incorporated
foc_pipeline.asm                                                     PAGE   13

     654                      .dwpsn  file "/home/jose/ti/c2000/C2000Ware_MotorControl_SDK_5_04_00_00/libraries/control/pi/include/
     655              
     656                      MOV32     R3H,*+XAR4[AR0]       ; [CPU_FPU] |240| 
     657 00000011 E318  ||      ADDF32    R2H,R2H,R4H           ; [CPU_FPU] |661| 
         00000012 9394 
     658              
     659                      .dwpsn  file "/home/jose/ti/c2000/C2000Ware_MotorControl_SDK_5_04_00_00/libraries/control/pi/include/
     660 00000013 D008          MOVB      XAR0,#8               ; [CPU_ALU] |311| 
     661                      .dwpsn  file "/home/jose/ti/c2000/C2000Ware_MotorControl_SDK_5_04_00_00/libraries/control/pi/include/
     662 00000014 E2AF          MOV32     R4H,*+XAR4[AR1]       ; [CPU_FPU] |223| 
         00000015 049C 
     663                      .dwpsn  file "/home/jose/ti/c2000/C2000Ware_MotorControl_SDK_5_04_00_00/libraries/control/pi/include/
     664 00000016 E696          MAXF32    R2H,R3H               ; [CPU_FPU] |661| 
         00000017 001A 
     665 00000018 E697          MINF32    R2H,R4H               ; [CPU_FPU] |661| 
         00000019 0022 
     666                      .dwpsn  file "/home/jose/ti/c2000/C2000Ware_MotorControl_SDK_5_04_00_00/libraries/control/pi/include/
     667              
     668 0000001a E015          ADDF32    R5H,R5H,R2H           ; [CPU_FPU] |675| 
         0000001b 6994 
     669              ||      MOV32     *+XAR4[AR0],R1H       ; [CPU_FPU] |311| 
     670              
     671                      .dwpsn  file "/home/jose/ti/c2000/C2000Ware_MotorControl_SDK_5_04_00_00/libraries/control/pi/include/
     672 0000001c E203          MOV32     *+XAR4[4],R2H         ; [CPU_FPU] |507| 
         0000001d 02E4 
     673                      .dwpsn  file "/home/jose/ti/c2000/C2000Ware_MotorControl_SDK_5_04_00_00/libraries/control/pi/include/
     674 0000001e E696          MAXF32    R5H,R3H               ; [CPU_FPU] |675| 
         0000001f 001D 
     675 00000020 E697          MINF32    R5H,R4H               ; [CPU_FPU] |675| 
         00000021 0025 
     676 00000022 E203          MOV32     *+XAR5[0],R5H         ; [CPU_FPU] |675| 
         00000023 05C5 
     677 00000024 E2AF          MOV32     R5H,*--SP             ; [CPU_FPU] 
         00000025 05BE 
     678                      .dwcfi  cfa_offset, -6
     679                      .dwcfi  restore_reg, 63
     680 00000026 E2AF          MOV32     R4H,*--SP             ; [CPU_FPU] 
         00000027 04BE 
     681                      .dwcfi  cfa_offset, -4
     682                      .dwcfi  restore_reg, 59
     683 00000028 8BBE          MOVL      XAR1,*--SP            ; [CPU_ALU] 
     684                      .dwcfi  cfa_offset, -2
     685                      .dwcfi  restore_reg, 7
     686              $C$DW$72        .dwtag  DW_TAG_TI_branch
     687                      .dwattr $C$DW$72, DW_AT_low_pc(0x00)
     688                      .dwattr $C$DW$72, DW_AT_TI_return
     689              
     690 00000029 0006          LRETR     ; [CPU_ALU] 
     691                      ; return occurs ; [] 
     692                      .dwattr $C$DW$59, DW_AT_TI_end_file("/home/jose/ti/c2000/C2000Ware_MotorControl_SDK_5_04_00_00/librar
     693                      .dwattr $C$DW$59, DW_AT_TI_end_line(0x2a7)
     694                      .dwattr $C$DW$59, DW_AT_TI_end_column(0x01)
     695                      .dwendentry
     696                      .dwendtag $C$DW$59
     697              
TMS320C2000 Assembler Unix v25.11.0 Sun May 31 21:09:06 2026

Copyright (c) 1996-2018 Texas Instruments Incorporated
foc_pipeline.asm                                                     PAGE   14

     698 00000000               .sect   ".text:foc_speed_loop_tick"
     699                      .clink
     700                      .global ||foc_speed_loop_tick||
     701              
     702              $C$DW$73        .dwtag  DW_TAG_subprogram
     703                      .dwattr $C$DW$73, DW_AT_name("foc_speed_loop_tick")
     704                      .dwattr $C$DW$73, DW_AT_low_pc(||foc_speed_loop_tick||)
     705                      .dwattr $C$DW$73, DW_AT_high_pc(0x00)
     706                      .dwattr $C$DW$73, DW_AT_linkage_name("foc_speed_loop_tick")
     707                      .dwattr $C$DW$73, DW_AT_external
     708                      .dwattr $C$DW$73, DW_AT_decl_file("../src/foc_pipeline.c")
     709                      .dwattr $C$DW$73, DW_AT_decl_line(0xd0)
     710                      .dwattr $C$DW$73, DW_AT_decl_column(0x06)
     711                      .dwattr $C$DW$73, DW_AT_TI_max_frame_size(-8)
     712                      .dwpsn  file "../src/foc_pipeline.c",line 209,column 1,is_stmt,address ||foc_speed_loop_tick||,isa 0
     713              
     714                      .dwfde $C$DW$CIE, ||foc_speed_loop_tick||
     715              
     716              ;***************************************************************
     717              ;* FNAME: foc_speed_loop_tick           FR SIZE:   6           *
     718              ;*                                                             *
     719              ;* FUNCTION ENVIRONMENT                                        *
     720              ;*                                                             *
     721              ;* FUNCTION PROPERTIES                                         *
     722              ;*                            0 Parameter,  0 Auto,  6 SOE     *
     723              ;***************************************************************
     724              
     725              ||foc_speed_loop_tick||:
     726              ;* AR4   assigned to $O$C1
     727              ;* R5    assigned to omega_mech
     728              $C$DW$74        .dwtag  DW_TAG_variable
     729                      .dwattr $C$DW$74, DW_AT_name("omega_mech")
     730                      .dwattr $C$DW$74, DW_AT_type(*$C$DW$T$16)
     731                      .dwattr $C$DW$74, DW_AT_location[DW_OP_regx 0x3f]
     732              
     733              ;* R4    assigned to refValue
     734              $C$DW$75        .dwtag  DW_TAG_variable
     735                      .dwattr $C$DW$75, DW_AT_name("refValue")
     736                      .dwattr $C$DW$75, DW_AT_type(*$C$DW$T$27)
     737                      .dwattr $C$DW$75, DW_AT_location[DW_OP_regx 0x3b]
     738              
     739              ;* R3    assigned to Up
     740              $C$DW$76        .dwtag  DW_TAG_variable
     741                      .dwattr $C$DW$76, DW_AT_name("Up")
     742                      .dwattr $C$DW$76, DW_AT_type(*$C$DW$T$27)
     743                      .dwattr $C$DW$76, DW_AT_location[DW_OP_regx 0x37]
     744              
     745              ;* R0    assigned to Ui
     746              $C$DW$77        .dwtag  DW_TAG_variable
     747                      .dwattr $C$DW$77, DW_AT_name("Ui")
     748                      .dwattr $C$DW$77, DW_AT_type(*$C$DW$T$27)
     749                      .dwattr $C$DW$77, DW_AT_location[DW_OP_regx 0x2b]
     750              
     751              ;* R4    assigned to outMax
     752              $C$DW$78        .dwtag  DW_TAG_variable
TMS320C2000 Assembler Unix v25.11.0 Sun May 31 21:09:06 2026

Copyright (c) 1996-2018 Texas Instruments Incorporated
foc_pipeline.asm                                                     PAGE   15

     753                      .dwattr $C$DW$78, DW_AT_name("outMax")
     754                      .dwattr $C$DW$78, DW_AT_type(*$C$DW$T$27)
     755                      .dwattr $C$DW$78, DW_AT_location[DW_OP_regx 0x3b]
     756              
     757              ;* R1    assigned to outMin
     758              $C$DW$79        .dwtag  DW_TAG_variable
     759                      .dwattr $C$DW$79, DW_AT_name("outMin")
     760                      .dwattr $C$DW$79, DW_AT_type(*$C$DW$T$27)
     761                      .dwattr $C$DW$79, DW_AT_location[DW_OP_regx 0x2f]
     762              
     763                      .dwcfi  cfa_offset, -2
     764                      .dwcfi  save_reg_to_mem, 26, 0
     765 00000000 B2BD          MOVL      *SP++,XAR1            ; [CPU_ALU] 
     766                      .dwcfi  save_reg_to_mem, 7, 2
     767                      .dwcfi  cfa_offset, -4
     768 00000001 E203          MOV32     *SP++,R4H             ; [CPU_FPU] 
         00000002 04BD 
     769                      .dwcfi  save_reg_to_mem, 59, 4
     770                      .dwcfi  cfa_offset, -6
     771 00000003 E203          MOV32     *SP++,R5H             ; [CPU_FPU] 
         00000004 05BD 
     772                      .dwcfi  save_reg_to_mem, 63, 6
     773                      .dwcfi  cfa_offset, -8
     774                      .dwpsn  file "../src/foc_pipeline.c",line 210,column 5,is_stmt,isa 0
     775              $C$DW$80        .dwtag  DW_TAG_TI_branch
     776                      .dwattr $C$DW$80, DW_AT_low_pc(0x00)
     777                      .dwattr $C$DW$80, DW_AT_name("sm_get_state")
     778                      .dwattr $C$DW$80, DW_AT_TI_call
     779              
     780 00000005 7640!         LCR       #||sm_get_state||     ; [CPU_ALU] |210| 
         00000006 0000 
     781                      ; call occurs [#||sm_get_state||] ; [] |210| 
     782 00000007 5203          CMPB      AL,#3                 ; [CPU_ALU] |210| 
     783 00000008 6030          B         ||$C$L1||,NEQ         ; [CPU_ALU] |210| 
     784                      ; branchcc occurs ; [] |210| 
     785 00000009 761F!         MOVW      DP,#||s_sig||+30      ; [CPU_ARAU] 
         0000000a 0000 
     786                      .dwpsn  file "../src/foc_pipeline.c",line 213,column 26,is_stmt,isa 0
     787 0000000b E2AF!         MOV32     R0H,@||s_sig||+30     ; [CPU_FPU] |213| 
         0000000c 001E 
     788 0000000d 761F!         MOVW      DP,#||s_pi_spd||      ; [CPU_ARAU] 
         0000000e 0000 
     789 0000000f E84F          MPYF32    R5H,R0H,#16000        ; [CPU_FPU] |213| 
         00000010 A005 
     790                      .dwpsn  file "/home/jose/ti/c2000/C2000Ware_MotorControl_SDK_5_04_00_00/libraries/control/pi/include/
     791 00000011 D00C          MOVB      XAR0,#12              ; [CPU_ALU] |240| 
     792                      .dwpsn  file "/home/jose/ti/c2000/C2000Ware_MotorControl_SDK_5_04_00_00/libraries/control/pi/include/
     793 00000012 8A00!         MOVL      XAR4,@||s_pi_spd||    ; [CPU_ALU] |223| 
     794                      .dwpsn  file "/home/jose/ti/c2000/C2000Ware_MotorControl_SDK_5_04_00_00/libraries/control/pi/include/
     795 00000013 E2AF!         MOV32     R4H,@||s_refs||+4     ; [CPU_FPU] |643| 
         00000014 0404 
     796                      .dwpsn  file "/home/jose/ti/c2000/C2000Ware_MotorControl_SDK_5_04_00_00/libraries/control/pi/include/
     797 00000015 D10E          MOVB      XAR1,#14              ; [CPU_ALU] |223| 
     798                      .dwpsn  file "/home/jose/ti/c2000/C2000Ware_MotorControl_SDK_5_04_00_00/libraries/control/pi/include/
     799 00000016 E720          SUBF32    R2H,R4H,R5H           ; [CPU_FPU] |655| 
TMS320C2000 Assembler Unix v25.11.0 Sun May 31 21:09:06 2026

Copyright (c) 1996-2018 Texas Instruments Incorporated
foc_pipeline.asm                                                     PAGE   16

         00000017 0162 
     800 00000018 E2AF          MOV32     R0H,*+XAR4[0]         ; [CPU_FPU] |655| 
         00000019 00C4 
     801 0000001a E700          MPYF32    R3H,R2H,R0H           ; [CPU_FPU] |655| 
         0000001b 0013 
     802                      .dwpsn  file "/home/jose/ti/c2000/C2000Ware_MotorControl_SDK_5_04_00_00/libraries/control/pi/include/
     803 0000001c E2AF          MOV32     R1H,*+XAR4[2]         ; [CPU_FPU] |661| 
         0000001d 01D4 
     804                      .dwpsn  file "/home/jose/ti/c2000/C2000Ware_MotorControl_SDK_5_04_00_00/libraries/control/pi/include/
     805              
     806 0000001e E002          MPYF32    R2H,R3H,R1H           ; [CPU_FPU] |661| 
         0000001f D4F4 
     807              ||      MOV32     *+XAR4[6],R4H         ; [CPU_FPU] |486| 
     808              
     809                      .dwpsn  file "/home/jose/ti/c2000/C2000Ware_MotorControl_SDK_5_04_00_00/libraries/control/pi/include/
     810 00000020 E2AF          MOV32     R4H,*+XAR4[4]         ; [CPU_FPU] |661| 
         00000021 04E4 
     811                      .dwpsn  file "/home/jose/ti/c2000/C2000Ware_MotorControl_SDK_5_04_00_00/libraries/control/pi/include/
     812              
     813                      MOV32     R1H,*+XAR4[AR0]       ; [CPU_FPU] |240| 
     814 00000022 E318  ||      ADDF32    R0H,R2H,R4H           ; [CPU_FPU] |661| 
         00000023 8194 
     815              
     816                      .dwpsn  file "/home/jose/ti/c2000/C2000Ware_MotorControl_SDK_5_04_00_00/libraries/control/pi/include/
     817 00000024 D008          MOVB      XAR0,#8               ; [CPU_ALU] |311| 
     818                      .dwpsn  file "../src/foc_pipeline.c",line 217,column 9,is_stmt,isa 0
     819 00000025 E592          ZERO      R2H                   ; [CPU_FPU] |217| 
     820                      .dwpsn  file "/home/jose/ti/c2000/C2000Ware_MotorControl_SDK_5_04_00_00/libraries/control/pi/include/
     821 00000026 E2AF          MOV32     R4H,*+XAR4[AR1]       ; [CPU_FPU] |223| 
         00000027 049C 
     822                      .dwpsn  file "/home/jose/ti/c2000/C2000Ware_MotorControl_SDK_5_04_00_00/libraries/control/pi/include/
     823 00000028 E696          MAXF32    R0H,R1H               ; [CPU_FPU] |661| 
         00000029 0008 
     824 0000002a E697          MINF32    R0H,R4H               ; [CPU_FPU] |661| 
         0000002b 0020 
     825                      .dwpsn  file "../src/foc_pipeline.c",line 216,column 9,is_stmt,isa 0
     826              
     827 0000002c E010          ADDF32    R3H,R3H,R0H           ; [CPU_FPU] |216| 
         0000002d DD94 
     828              ||      MOV32     *+XAR4[AR0],R5H       ; [CPU_FPU] |311| 
     829              
     830                      .dwpsn  file "/home/jose/ti/c2000/C2000Ware_MotorControl_SDK_5_04_00_00/libraries/control/pi/include/
     831 0000002e E203          MOV32     *+XAR4[4],R0H         ; [CPU_FPU] |507| 
         0000002f 00E4 
     832                      .dwpsn  file "../src/foc_pipeline.c",line 216,column 9,is_stmt,isa 0
     833 00000030 E696          MAXF32    R3H,R1H               ; [CPU_FPU] |216| 
         00000031 000B 
     834 00000032 E697          MINF32    R3H,R4H               ; [CPU_FPU] |216| 
         00000033 0023 
     835 00000034 E203!         MOV32     @||s_refs||+2,R3H     ; [CPU_FPU] |216| 
         00000035 0302 
     836                      .dwpsn  file "../src/foc_pipeline.c",line 217,column 9,is_stmt,isa 0
     837 00000036 E203!         MOV32     @||s_refs||,R2H       ; [CPU_FPU] |217| 
         00000037 0200 
     838 00000038       ||$C$L1||:    
TMS320C2000 Assembler Unix v25.11.0 Sun May 31 21:09:06 2026

Copyright (c) 1996-2018 Texas Instruments Incorporated
foc_pipeline.asm                                                     PAGE   17

     839                      .dwpsn  file "../src/foc_pipeline.c",line 220,column 5,is_stmt,isa 0
     840              $C$DW$81        .dwtag  DW_TAG_TI_branch
     841                      .dwattr $C$DW$81, DW_AT_low_pc(0x00)
     842                      .dwattr $C$DW$81, DW_AT_name("sm_tick_1khz")
     843                      .dwattr $C$DW$81, DW_AT_TI_call
     844              
     845 00000038 7640!         LCR       #||sm_tick_1khz||     ; [CPU_ALU] |220| 
         00000039 0000 
     846                      ; call occurs [#||sm_tick_1khz||] ; [] |220| 
     847 0000003a E2AF          MOV32     R5H,*--SP             ; [CPU_FPU] 
         0000003b 05BE 
     848                      .dwcfi  cfa_offset, -6
     849                      .dwcfi  restore_reg, 63
     850 0000003c E2AF          MOV32     R4H,*--SP             ; [CPU_FPU] 
         0000003d 04BE 
     851                      .dwcfi  cfa_offset, -4
     852                      .dwcfi  restore_reg, 59
     853 0000003e 8BBE          MOVL      XAR1,*--SP            ; [CPU_ALU] 
     854                      .dwcfi  cfa_offset, -2
     855                      .dwcfi  restore_reg, 7
     856              $C$DW$82        .dwtag  DW_TAG_TI_branch
     857                      .dwattr $C$DW$82, DW_AT_low_pc(0x00)
     858                      .dwattr $C$DW$82, DW_AT_TI_return
     859              
     860 0000003f 0006          LRETR     ; [CPU_ALU] 
     861                      ; return occurs ; [] 
     862                      .dwattr $C$DW$73, DW_AT_TI_end_file("../src/foc_pipeline.c")
     863                      .dwattr $C$DW$73, DW_AT_TI_end_line(0xdd)
     864                      .dwattr $C$DW$73, DW_AT_TI_end_column(0x01)
     865                      .dwendentry
     866                      .dwendtag $C$DW$73
     867              
     868 00000000               .sect   ".text:foc_init"
     869                      .clink
     870                      .global ||foc_init||
     871              
     872              $C$DW$83        .dwtag  DW_TAG_subprogram
     873                      .dwattr $C$DW$83, DW_AT_name("foc_init")
     874                      .dwattr $C$DW$83, DW_AT_low_pc(||foc_init||)
     875                      .dwattr $C$DW$83, DW_AT_high_pc(0x00)
     876                      .dwattr $C$DW$83, DW_AT_linkage_name("foc_init")
     877                      .dwattr $C$DW$83, DW_AT_external
     878                      .dwattr $C$DW$83, DW_AT_decl_file("../src/foc_pipeline.c")
     879                      .dwattr $C$DW$83, DW_AT_decl_line(0x45)
     880                      .dwattr $C$DW$83, DW_AT_decl_column(0x06)
     881                      .dwattr $C$DW$83, DW_AT_TI_max_frame_size(-4)
     882                      .dwpsn  file "../src/foc_pipeline.c",line 70,column 1,is_stmt,address ||foc_init||,isa 0
     883              
     884                      .dwfde $C$DW$CIE, ||foc_init||
     885              
     886              ;***************************************************************
     887              ;* FNAME: foc_init                      FR SIZE:   2           *
     888              ;*                                                             *
     889              ;* FUNCTION ENVIRONMENT                                        *
     890              ;*                                                             *
TMS320C2000 Assembler Unix v25.11.0 Sun May 31 21:09:06 2026

Copyright (c) 1996-2018 Texas Instruments Incorporated
foc_pipeline.asm                                                     PAGE   18

     891              ;* FUNCTION PROPERTIES                                         *
     892              ;*                            0 Parameter,  0 Auto,  2 SOE     *
     893              ;***************************************************************
     894              
     895 00000000       ||foc_init||:
     896              ;* AR6   assigned to $O$C1
     897              ;* AR5   assigned to $O$C2
     898              ;* AR6   assigned to $O$C3
     899              ;* AR5   assigned to $O$C4
     900              ;* AR4   assigned to $O$v5
     901              ;* AR4   assigned to $O$v4
     902              ;* AR4   assigned to $O$v3
     903              ;* AR4   assigned to $O$v2
     904              ;* AR4   assigned to $O$v1
     905                      .dwcfi  cfa_offset, -2
     906                      .dwcfi  save_reg_to_mem, 26, 0
     907 00000000 B2BD          MOVL      *SP++,XAR1            ; [CPU_ALU] 
     908                      .dwcfi  save_reg_to_mem, 7, 2
     909                      .dwcfi  cfa_offset, -4
     910                      .dwpsn  file "../src/foc_pipeline.c",line 71,column 5,is_stmt,isa 0
     911 00000001 0206          MOVB      ACC,#6                ; [CPU_ALU] |71| 
     912 00000002 8F00!         MOVL      XAR4,#||s_clarke_obj|| ; [CPU_ARAU] |71| 
         00000003 0000 
     913              $C$DW$84        .dwtag  DW_TAG_TI_branch
     914                      .dwattr $C$DW$84, DW_AT_low_pc(0x00)
     915                      .dwattr $C$DW$84, DW_AT_name("CLARKE_init")
     916                      .dwattr $C$DW$84, DW_AT_TI_call
     917              
     918 00000004 7640!         LCR       #||CLARKE_init||      ; [CPU_ALU] |71| 
         00000005 0000 
     919                      ; call occurs [#||CLARKE_init||] ; [] |71| 
     920 00000006 761F!         MOVW      DP,#||s_clarke||      ; [CPU_ARAU] 
         00000007 0000 
     921                      .dwpsn  file "../src/foc_pipeline.c",line 72,column 5,is_stmt,isa 0
     922 00000008 0204          MOVB      ACC,#4                ; [CPU_ALU] |72| 
     923                      .dwpsn  file "../src/foc_pipeline.c",line 71,column 5,is_stmt,isa 0
     924 00000009 A800!         MOVL      @||s_clarke||,XAR4    ; [CPU_ALU] |71| 
     925                      .dwpsn  file "../src/foc_pipeline.c",line 72,column 5,is_stmt,isa 0
     926 0000000a 8F00!         MOVL      XAR4,#||s_park_obj||  ; [CPU_ARAU] |72| 
         0000000b 0000 
     927              $C$DW$85        .dwtag  DW_TAG_TI_branch
     928                      .dwattr $C$DW$85, DW_AT_low_pc(0x00)
     929                      .dwattr $C$DW$85, DW_AT_name("PARK_init")
     930                      .dwattr $C$DW$85, DW_AT_TI_call
     931              
     932 0000000c 7640!         LCR       #||PARK_init||        ; [CPU_ALU] |72| 
         0000000d 0000 
     933                      ; call occurs [#||PARK_init||] ; [] |72| 
     934 0000000e 761F!         MOVW      DP,#||s_park||        ; [CPU_ARAU] 
         0000000f 0000 
     935                      .dwpsn  file "../src/foc_pipeline.c",line 73,column 5,is_stmt,isa 0
     936 00000010 0204          MOVB      ACC,#4                ; [CPU_ALU] |73| 
     937                      .dwpsn  file "../src/foc_pipeline.c",line 72,column 5,is_stmt,isa 0
     938 00000011 A800!         MOVL      @||s_park||,XAR4      ; [CPU_ALU] |72| 
     939                      .dwpsn  file "../src/foc_pipeline.c",line 73,column 5,is_stmt,isa 0
TMS320C2000 Assembler Unix v25.11.0 Sun May 31 21:09:06 2026

Copyright (c) 1996-2018 Texas Instruments Incorporated
foc_pipeline.asm                                                     PAGE   19

     940 00000012 8F00!         MOVL      XAR4,#||s_ipark_obj|| ; [CPU_ARAU] |73| 
         00000013 0000 
     941              $C$DW$86        .dwtag  DW_TAG_TI_branch
     942                      .dwattr $C$DW$86, DW_AT_low_pc(0x00)
     943                      .dwattr $C$DW$86, DW_AT_name("IPARK_init")
     944                      .dwattr $C$DW$86, DW_AT_TI_call
     945              
     946 00000014 7640!         LCR       #||IPARK_init||       ; [CPU_ALU] |73| 
         00000015 0000 
     947                      ; call occurs [#||IPARK_init||] ; [] |73| 
     948 00000016 761F!         MOVW      DP,#||s_ipark||       ; [CPU_ARAU] 
         00000017 0000 
     949                      .dwpsn  file "../src/foc_pipeline.c",line 74,column 5,is_stmt,isa 0
     950 00000018 0204          MOVB      ACC,#4                ; [CPU_ALU] |74| 
     951                      .dwpsn  file "../src/foc_pipeline.c",line 73,column 5,is_stmt,isa 0
     952 00000019 A800!         MOVL      @||s_ipark||,XAR4     ; [CPU_ALU] |73| 
     953                      .dwpsn  file "../src/foc_pipeline.c",line 74,column 5,is_stmt,isa 0
     954 0000001a 8F00!         MOVL      XAR4,#||s_svgen_obj|| ; [CPU_ARAU] |74| 
         0000001b 0000 
     955              $C$DW$87        .dwtag  DW_TAG_TI_branch
     956                      .dwattr $C$DW$87, DW_AT_low_pc(0x00)
     957                      .dwattr $C$DW$87, DW_AT_name("SVGEN_init")
     958                      .dwattr $C$DW$87, DW_AT_TI_call
     959              
     960 0000001c 7640!         LCR       #||SVGEN_init||       ; [CPU_ALU] |74| 
         0000001d 0000 
     961                      ; call occurs [#||SVGEN_init||] ; [] |74| 
     962 0000001e 761F!         MOVW      DP,#||s_svgen||       ; [CPU_ARAU] 
         0000001f 0000 
     963                      .dwpsn  file "../src/foc_pipeline.c",line 75,column 5,is_stmt,isa 0
     964 00000020 0210          MOVB      ACC,#16               ; [CPU_ALU] |75| 
     965                      .dwpsn  file "../src/foc_pipeline.c",line 74,column 5,is_stmt,isa 0
     966 00000021 A800!         MOVL      @||s_svgen||,XAR4     ; [CPU_ALU] |74| 
     967                      .dwpsn  file "../src/foc_pipeline.c",line 75,column 5,is_stmt,isa 0
     968 00000022 8F00!         MOVL      XAR4,#||s_pi_id_obj|| ; [CPU_ARAU] |75| 
         00000023 0000 
     969              $C$DW$88        .dwtag  DW_TAG_TI_branch
     970                      .dwattr $C$DW$88, DW_AT_low_pc(0x00)
     971                      .dwattr $C$DW$88, DW_AT_name("PI_init")
     972                      .dwattr $C$DW$88, DW_AT_TI_call
     973              
     974 00000024 7640!         LCR       #||PI_init||          ; [CPU_ALU] |75| 
         00000025 0000 
     975                      ; call occurs [#||PI_init||] ; [] |75| 
     976 00000026 761F!         MOVW      DP,#||s_pi_id||       ; [CPU_ARAU] 
         00000027 0000 
     977                      .dwpsn  file "../src/foc_pipeline.c",line 76,column 5,is_stmt,isa 0
     978 00000028 0210          MOVB      ACC,#16               ; [CPU_ALU] |76| 
     979                      .dwpsn  file "../src/foc_pipeline.c",line 75,column 5,is_stmt,isa 0
     980 00000029 A800!         MOVL      @||s_pi_id||,XAR4     ; [CPU_ALU] |75| 
     981                      .dwpsn  file "../src/foc_pipeline.c",line 76,column 5,is_stmt,isa 0
     982 0000002a 8F00!         MOVL      XAR4,#||s_pi_iq_obj|| ; [CPU_ARAU] |76| 
         0000002b 0000 
     983              $C$DW$89        .dwtag  DW_TAG_TI_branch
     984                      .dwattr $C$DW$89, DW_AT_low_pc(0x00)
TMS320C2000 Assembler Unix v25.11.0 Sun May 31 21:09:06 2026

Copyright (c) 1996-2018 Texas Instruments Incorporated
foc_pipeline.asm                                                     PAGE   20

     985                      .dwattr $C$DW$89, DW_AT_name("PI_init")
     986                      .dwattr $C$DW$89, DW_AT_TI_call
     987              
     988 0000002c 7640!         LCR       #||PI_init||          ; [CPU_ALU] |76| 
         0000002d 0000 
     989                      ; call occurs [#||PI_init||] ; [] |76| 
     990 0000002e 761F!         MOVW      DP,#||s_pi_iq||       ; [CPU_ARAU] 
         0000002f 0000 
     991                      .dwpsn  file "../src/foc_pipeline.c",line 77,column 5,is_stmt,isa 0
     992 00000030 0210          MOVB      ACC,#16               ; [CPU_ALU] |77| 
     993                      .dwpsn  file "../src/foc_pipeline.c",line 76,column 5,is_stmt,isa 0
     994 00000031 A800!         MOVL      @||s_pi_iq||,XAR4     ; [CPU_ALU] |76| 
     995                      .dwpsn  file "../src/foc_pipeline.c",line 77,column 5,is_stmt,isa 0
     996 00000032 8F00!         MOVL      XAR4,#||s_pi_spd_obj|| ; [CPU_ARAU] |77| 
         00000033 0000 
     997              $C$DW$90        .dwtag  DW_TAG_TI_branch
     998                      .dwattr $C$DW$90, DW_AT_low_pc(0x00)
     999                      .dwattr $C$DW$90, DW_AT_name("PI_init")
    1000                      .dwattr $C$DW$90, DW_AT_TI_call
    1001              
    1002 00000034 7640!         LCR       #||PI_init||          ; [CPU_ALU] |77| 
         00000035 0000 
    1003                      ; call occurs [#||PI_init||] ; [] |77| 
    1004                      .dwpsn  file "/home/jose/ti/c2000/C2000Ware_MotorControl_SDK_5_04_00_00/libraries/control/pi/include/
    1005 00000036 D10C          MOVB      XAR1,#12              ; [CPU_ALU] |422| 
    1006 00000037 761F!         MOVW      DP,#||s_clarke||      ; [CPU_ARAU] 
         00000038 0000 
    1007                      .dwpsn  file "/home/jose/ti/c2000/C2000Ware_MotorControl_SDK_5_04_00_00/libraries/transforms/clarke/i
    1008 00000039 E801          MOVIZ     R1H,#16147            ; [CPU_FPU] |275| 
         0000003a F899 
    1009                      .dwpsn  file "/home/jose/ti/c2000/C2000Ware_MotorControl_SDK_5_04_00_00/libraries/transforms/clarke/i
    1010 0000003b E801          MOVIZ     R2H,#16042            ; [CPU_FPU] |274| 
         0000003c F552 
    1011                      .dwpsn  file "/home/jose/ti/c2000/C2000Ware_MotorControl_SDK_5_04_00_00/libraries/transforms/svgen/in
    1012 0000003d E801          MOVIZ     R0H,#15530            ; [CPU_FPU] |161| 
         0000003e E550 
    1013                      .dwpsn  file "/home/jose/ti/c2000/C2000Ware_MotorControl_SDK_5_04_00_00/libraries/transforms/clarke/i
    1014 0000003f 8300!         MOVL      XAR5,@||s_clarke||    ; [CPU_ALU] |250| 
    1015                      .dwpsn  file "/home/jose/ti/c2000/C2000Ware_MotorControl_SDK_5_04_00_00/libraries/transforms/clarke/i
    1016 00000040 E80E          MOVXI     R1H,#52538            ; [CPU_FPU] |275| 
         00000041 69D1 
    1017                      .dwpsn  file "/home/jose/ti/c2000/C2000Ware_MotorControl_SDK_5_04_00_00/libraries/transforms/clarke/i
    1018 00000042 E80D          MOVXI     R2H,#43691            ; [CPU_FPU] |274| 
         00000043 555A 
    1019                      .dwpsn  file "/home/jose/ti/c2000/C2000Ware_MotorControl_SDK_5_04_00_00/libraries/transforms/svgen/in
    1020 00000044 C400!         MOVL      XAR6,@||s_svgen||     ; [CPU_ALU] |181| 
    1021                      .dwpsn  file "/home/jose/ti/c2000/C2000Ware_MotorControl_SDK_5_04_00_00/libraries/transforms/svgen/in
    1022 00000045 E80D          MOVXI     R0H,#43691            ; [CPU_FPU] |161| 
         00000046 5558 
    1023                      .dwpsn  file "/home/jose/ti/c2000/C2000Ware_MotorControl_SDK_5_04_00_00/libraries/control/pi/include/
    1024 00000047 D00C          MOVB      XAR0,#12              ; [CPU_ALU] |422| 
    1025                      .dwpsn  file "/home/jose/ti/c2000/C2000Ware_MotorControl_SDK_5_04_00_00/libraries/transforms/clarke/i
    1026 00000048 56BF          MOVB      *+XAR5[4],#3,UNC      ; [CPU_ALU] |250| 
         00000049 03E5 
    1027                      .dwpsn  file "/home/jose/ti/c2000/C2000Ware_MotorControl_SDK_5_04_00_00/libraries/transforms/clarke/i
TMS320C2000 Assembler Unix v25.11.0 Sun May 31 21:09:06 2026

Copyright (c) 1996-2018 Texas Instruments Incorporated
foc_pipeline.asm                                                     PAGE   21

    1028 0000004a E203          MOV32     *+XAR5[2],R1H         ; [CPU_FPU] |275| 
         0000004b 01D5 
    1029                      .dwpsn  file "/home/jose/ti/c2000/C2000Ware_MotorControl_SDK_5_04_00_00/libraries/transforms/clarke/i
    1030 0000004c E203          MOV32     *+XAR5[0],R2H         ; [CPU_FPU] |274| 
         0000004d 02C5 
    1031                      .dwpsn  file "/home/jose/ti/c2000/C2000Ware_MotorControl_SDK_5_04_00_00/libraries/control/pi/include/
    1032 0000004e E806          MOVIZ     R1H,#49379            ; [CPU_FPU] |422| 
         0000004f 0719 
    1033                      .dwpsn  file "/home/jose/ti/c2000/C2000Ware_MotorControl_SDK_5_04_00_00/libraries/control/pi/include/
    1034 00000050 E801          MOVIZ     R2H,#14929            ; [CPU_FPU] |356| 
         00000051 D28A 
    1035                      .dwpsn  file "../src/foc_pipeline.c",line 97,column 5,is_stmt,isa 0
    1036 00000052 E802          MOVIZ     R3H,#16960            ; [CPU_FPU] |97| 
         00000053 1203 
    1037                      .dwpsn  file "/home/jose/ti/c2000/C2000Ware_MotorControl_SDK_5_04_00_00/libraries/control/pi/include/
    1038 00000054 8300!         MOVL      XAR5,@||s_pi_id||     ; [CPU_ALU] |355| 
    1039                      .dwpsn  file "/home/jose/ti/c2000/C2000Ware_MotorControl_SDK_5_04_00_00/libraries/transforms/svgen/in
    1040 00000055 E203          MOV32     *+XAR6[0],R0H         ; [CPU_FPU] |161| 
         00000056 00C6 
    1041                      .dwpsn  file "/home/jose/ti/c2000/C2000Ware_MotorControl_SDK_5_04_00_00/libraries/transforms/svgen/in
    1042 00000057 2BDE          MOV       *+XAR6[3],#0          ; [CPU_ALU] |181| 
    1043                      .dwpsn  file "/home/jose/ti/c2000/C2000Ware_MotorControl_SDK_5_04_00_00/libraries/control/pi/include/
    1044 00000058 E801          MOVIZ     R0H,#16076            ; [CPU_FPU] |355| 
         00000059 F660 
    1045                      .dwpsn  file "../src/foc_pipeline.c",line 98,column 5,is_stmt,isa 0
    1046 0000005a 2B00!         MOV       @||s_decim||,#0       ; [CPU_ALU] |98| 
    1047                      .dwpsn  file "../src/foc_pipeline.c",line 77,column 5,is_stmt,isa 0
    1048 0000005b A800!         MOVL      @||s_pi_spd||,XAR4    ; [CPU_ALU] |77| 
    1049                      .dwpsn  file "/home/jose/ti/c2000/C2000Ware_MotorControl_SDK_5_04_00_00/libraries/control/pi/include/
    1050 0000005c E809          MOVXI     R1H,#13107            ; [CPU_FPU] |422| 
         0000005d 9999 
    1051                      .dwpsn  file "/home/jose/ti/c2000/C2000Ware_MotorControl_SDK_5_04_00_00/libraries/control/pi/include/
    1052 0000005e E80E          MOVXI     R0H,#52429            ; [CPU_FPU] |355| 
         0000005f 6668 
    1053 00000060 C400!         MOVL      XAR6,@||s_pi_iq||     ; [CPU_ALU] |355| 
    1054                      .dwpsn  file "/home/jose/ti/c2000/C2000Ware_MotorControl_SDK_5_04_00_00/libraries/control/pi/include/
    1055 00000061 E80D          MOVXI     R2H,#46871            ; [CPU_FPU] |356| 
         00000062 B8BA 
    1056                      .dwpsn  file "/home/jose/ti/c2000/C2000Ware_MotorControl_SDK_5_04_00_00/libraries/control/pi/include/
    1057 00000063 E203          MOV32     *+XAR5[0],R0H         ; [CPU_FPU] |355| 
         00000064 00C5 
    1058 00000065 E801          MOVIZ     R0H,#16076            ; [CPU_FPU] |355| 
         00000066 F660 
    1059 00000067 E80E          MOVXI     R0H,#52429            ; [CPU_FPU] |355| 
         00000068 6668 
    1060 00000069 E203          MOV32     *+XAR6[0],R0H         ; [CPU_FPU] |355| 
         0000006a 00C6 
    1061 0000006b E801          MOVIZ     R0H,#15477            ; [CPU_FPU] |355| 
         0000006c E3A8 
    1062 0000006d E80E          MOVXI     R0H,#49807            ; [CPU_FPU] |355| 
         0000006e 1478 
    1063 0000006f E203          MOV32     *+XAR4[0],R0H         ; [CPU_FPU] |355| 
         00000070 00C4 
    1064                      .dwpsn  file "/home/jose/ti/c2000/C2000Ware_MotorControl_SDK_5_04_00_00/libraries/control/pi/include/
    1065 00000071 E806          MOVIZ     R0H,#49382            ; [CPU_FPU] |422| 
TMS320C2000 Assembler Unix v25.11.0 Sun May 31 21:09:06 2026

Copyright (c) 1996-2018 Texas Instruments Incorporated
foc_pipeline.asm                                                     PAGE   22

         00000072 0730 
    1066 00000073 E80B          MOVXI     R0H,#26215            ; [CPU_FPU] |422| 
         00000074 3338 
    1067 00000075 E203          MOV32     *+XAR5[AR0],R0H       ; [CPU_FPU] |422| 
         00000076 0095 
    1068 00000077 D00C          MOVB      XAR0,#12              ; [CPU_ALU] |422| 
    1069 00000078 E806          MOVIZ     R0H,#49382            ; [CPU_FPU] |422| 
         00000079 0730 
    1070 0000007a E80B          MOVXI     R0H,#26215            ; [CPU_FPU] |422| 
         0000007b 3338 
    1071 0000007c E203          MOV32     *+XAR6[AR0],R0H       ; [CPU_FPU] |422| 
         0000007d 0096 
    1072                      .dwpsn  file "/home/jose/ti/c2000/C2000Ware_MotorControl_SDK_5_04_00_00/libraries/control/pi/include/
    1073 0000007e D00E          MOVB      XAR0,#14              ; [CPU_ALU] |423| 
    1074 0000007f E802          MOVIZ     R0H,#16614            ; [CPU_FPU] |423| 
         00000080 0730 
    1075 00000081 E80B          MOVXI     R0H,#26215            ; [CPU_FPU] |423| 
         00000082 3338 
    1076 00000083 E203          MOV32     *+XAR5[AR0],R0H       ; [CPU_FPU] |423| 
         00000084 0095 
    1077                      .dwpsn  file "/home/jose/ti/c2000/C2000Ware_MotorControl_SDK_5_04_00_00/libraries/control/pi/include/
    1078 00000085 E203          MOV32     *+XAR4[AR1],R1H       ; [CPU_FPU] |422| 
         00000086 019C 
    1079                      .dwpsn  file "/home/jose/ti/c2000/C2000Ware_MotorControl_SDK_5_04_00_00/libraries/control/pi/include/
    1080 00000087 D00E          MOVB      XAR0,#14              ; [CPU_ALU] |423| 
    1081 00000088 E802          MOVIZ     R0H,#16614            ; [CPU_FPU] |423| 
         00000089 0730 
    1082 0000008a E80B          MOVXI     R0H,#26215            ; [CPU_FPU] |423| 
         0000008b 3338 
    1083 0000008c E203          MOV32     *+XAR6[AR0],R0H       ; [CPU_FPU] |423| 
         0000008d 0096 
    1084                      .dwpsn  file "/home/jose/ti/c2000/C2000Ware_MotorControl_SDK_5_04_00_00/libraries/control/pi/include/
    1085 0000008e E801          MOVIZ     R0H,#15733            ; [CPU_FPU] |356| 
         0000008f EBA8 
    1086 00000090 E80E          MOVXI     R0H,#49807            ; [CPU_FPU] |356| 
         00000091 1478 
    1087                      .dwpsn  file "/home/jose/ti/c2000/C2000Ware_MotorControl_SDK_5_04_00_00/libraries/control/pi/include/
    1088 00000092 D00E          MOVB      XAR0,#14              ; [CPU_ALU] |423| 
    1089                      .dwpsn  file "/home/jose/ti/c2000/C2000Ware_MotorControl_SDK_5_04_00_00/libraries/control/pi/include/
    1090 00000093 E203          MOV32     *+XAR5[2],R0H         ; [CPU_FPU] |356| 
         00000094 00D5 
    1091                      .dwpsn  file "../src/foc_pipeline.c",line 94,column 5,is_stmt,isa 0
    1092 00000095 E590          ZERO      R0H                   ; [CPU_FPU] |94| 
    1093 00000096 E203!         MOV32     @||s_refs||,R0H       ; [CPU_FPU] |94| 
         00000097 0000 
    1094                      .dwpsn  file "../src/foc_pipeline.c",line 95,column 5,is_stmt,isa 0
    1095 00000098 E203!         MOV32     @||s_refs||+2,R0H     ; [CPU_FPU] |95| 
         00000099 0002 
    1096                      .dwpsn  file "../src/foc_pipeline.c",line 96,column 5,is_stmt,isa 0
    1097 0000009a E203!         MOV32     @||s_refs||+4,R0H     ; [CPU_FPU] |96| 
         0000009b 0004 
    1098                      .dwpsn  file "/home/jose/ti/c2000/C2000Ware_MotorControl_SDK_5_04_00_00/libraries/control/pi/include/
    1099 0000009c E801          MOVIZ     R0H,#15733            ; [CPU_FPU] |356| 
         0000009d EBA8 
    1100 0000009e E80E          MOVXI     R0H,#49807            ; [CPU_FPU] |356| 
TMS320C2000 Assembler Unix v25.11.0 Sun May 31 21:09:06 2026

Copyright (c) 1996-2018 Texas Instruments Incorporated
foc_pipeline.asm                                                     PAGE   23

         0000009f 1478 
    1101                      .dwpsn  file "../src/foc_pipeline.c",line 97,column 5,is_stmt,isa 0
    1102 000000a0 E203!         MOV32     @||s_refs||+6,R3H     ; [CPU_FPU] |97| 
         000000a1 0306 
    1103                      .dwpsn  file "/home/jose/ti/c2000/C2000Ware_MotorControl_SDK_5_04_00_00/libraries/control/pi/include/
    1104 000000a2 E203          MOV32     *+XAR6[2],R0H         ; [CPU_FPU] |356| 
         000000a3 00D6 
    1105                      .dwpsn  file "/home/jose/ti/c2000/C2000Ware_MotorControl_SDK_5_04_00_00/libraries/control/pi/include/
    1106 000000a4 E802          MOVIZ     R0H,#16611            ; [CPU_FPU] |423| 
         000000a5 0718 
    1107 000000a6 E809          MOVXI     R0H,#13107            ; [CPU_FPU] |423| 
         000000a7 9998 
    1108                      .dwpsn  file "/home/jose/ti/c2000/C2000Ware_MotorControl_SDK_5_04_00_00/libraries/control/pi/include/
    1109 000000a8 E203          MOV32     *+XAR4[2],R2H         ; [CPU_FPU] |356| 
         000000a9 02D4 
    1110                      .dwpsn  file "/home/jose/ti/c2000/C2000Ware_MotorControl_SDK_5_04_00_00/libraries/control/pi/include/
    1111 000000aa E203          MOV32     *+XAR4[AR0],R0H       ; [CPU_FPU] |423| 
         000000ab 0094 
    1112 000000ac 8BBE          MOVL      XAR1,*--SP            ; [CPU_ALU] 
    1113                      .dwcfi  cfa_offset, -2
    1114                      .dwcfi  restore_reg, 7
    1115              $C$DW$91        .dwtag  DW_TAG_TI_branch
    1116                      .dwattr $C$DW$91, DW_AT_low_pc(0x00)
    1117                      .dwattr $C$DW$91, DW_AT_TI_return
    1118              
    1119 000000ad 0006          LRETR     ; [CPU_ALU] 
    1120                      ; return occurs ; [] 
    1121                      .dwattr $C$DW$83, DW_AT_TI_end_file("../src/foc_pipeline.c")
    1122                      .dwattr $C$DW$83, DW_AT_TI_end_line(0x63)
    1123                      .dwattr $C$DW$83, DW_AT_TI_end_column(0x01)
    1124                      .dwendentry
    1125                      .dwendtag $C$DW$83
    1126              
    1127 00000000               .sect   ".text:foc_get_signals"
    1128                      .clink
    1129                      .global ||foc_get_signals||
    1130              
    1131              $C$DW$92        .dwtag  DW_TAG_subprogram
    1132                      .dwattr $C$DW$92, DW_AT_name("foc_get_signals")
    1133                      .dwattr $C$DW$92, DW_AT_low_pc(||foc_get_signals||)
    1134                      .dwattr $C$DW$92, DW_AT_high_pc(0x00)
    1135                      .dwattr $C$DW$92, DW_AT_linkage_name("foc_get_signals")
    1136                      .dwattr $C$DW$92, DW_AT_external
    1137                      .dwattr $C$DW$92, DW_AT_type(*$C$DW$T$60)
    1138                      .dwattr $C$DW$92, DW_AT_decl_file("../src/foc_pipeline.c")
    1139                      .dwattr $C$DW$92, DW_AT_decl_line(0x66)
    1140                      .dwattr $C$DW$92, DW_AT_decl_column(0x17)
    1141                      .dwattr $C$DW$92, DW_AT_TI_max_frame_size(-2)
    1142                      .dwpsn  file "../src/foc_pipeline.c",line 102,column 45,is_stmt,address ||foc_get_signals||,isa 0
    1143              
    1144                      .dwfde $C$DW$CIE, ||foc_get_signals||
    1145              
    1146              ;***************************************************************
    1147              ;* FNAME: foc_get_signals               FR SIZE:   0           *
    1148              ;*                                                             *
TMS320C2000 Assembler Unix v25.11.0 Sun May 31 21:09:06 2026

Copyright (c) 1996-2018 Texas Instruments Incorporated
foc_pipeline.asm                                                     PAGE   24

    1149              ;* FUNCTION ENVIRONMENT                                        *
    1150              ;*                                                             *
    1151              ;* FUNCTION PROPERTIES                                         *
    1152              ;*                            0 Parameter,  0 Auto,  0 SOE     *
    1153              ;***************************************************************
    1154              
    1155 00000000       ||foc_get_signals||:
    1156                      .dwcfi  cfa_offset, -2
    1157                      .dwcfi  save_reg_to_mem, 26, 0
    1158                      .dwpsn  file "../src/foc_pipeline.c",line 102,column 47,is_stmt,isa 0
    1159 00000000 8F00!         MOVL      XAR4,#||s_sig||       ; [CPU_ARAU] |102| 
         00000001 0000 
    1160              $C$DW$93        .dwtag  DW_TAG_TI_branch
    1161                      .dwattr $C$DW$93, DW_AT_low_pc(0x00)
    1162                      .dwattr $C$DW$93, DW_AT_TI_return
    1163              
    1164 00000002 0006          LRETR     ; [CPU_ALU] 
    1165                      ; return occurs ; [] 
    1166                      .dwattr $C$DW$92, DW_AT_TI_end_file("../src/foc_pipeline.c")
    1167                      .dwattr $C$DW$92, DW_AT_TI_end_line(0x66)
    1168                      .dwattr $C$DW$92, DW_AT_TI_end_column(0x55)
    1169                      .dwendentry
    1170                      .dwendtag $C$DW$92
    1171              
    1172 00000000               .sect   ".text:foc_get_refs"
    1173                      .clink
    1174                      .global ||foc_get_refs||
    1175              
    1176              $C$DW$94        .dwtag  DW_TAG_subprogram
    1177                      .dwattr $C$DW$94, DW_AT_name("foc_get_refs")
    1178                      .dwattr $C$DW$94, DW_AT_low_pc(||foc_get_refs||)
    1179                      .dwattr $C$DW$94, DW_AT_high_pc(0x00)
    1180                      .dwattr $C$DW$94, DW_AT_linkage_name("foc_get_refs")
    1181                      .dwattr $C$DW$94, DW_AT_external
    1182                      .dwattr $C$DW$94, DW_AT_type(*$C$DW$T$67)
    1183                      .dwattr $C$DW$94, DW_AT_decl_file("../src/foc_pipeline.c")
    1184                      .dwattr $C$DW$94, DW_AT_decl_line(0x65)
    1185                      .dwattr $C$DW$94, DW_AT_decl_column(0x0e)
    1186                      .dwattr $C$DW$94, DW_AT_TI_max_frame_size(-2)
    1187                      .dwpsn  file "../src/foc_pipeline.c",line 101,column 33,is_stmt,address ||foc_get_refs||,isa 0
    1188              
    1189                      .dwfde $C$DW$CIE, ||foc_get_refs||
    1190              
    1191              ;***************************************************************
    1192              ;* FNAME: foc_get_refs                  FR SIZE:   0           *
    1193              ;*                                                             *
    1194              ;* FUNCTION ENVIRONMENT                                        *
    1195              ;*                                                             *
    1196              ;* FUNCTION PROPERTIES                                         *
    1197              ;*                            0 Parameter,  0 Auto,  0 SOE     *
    1198              ;***************************************************************
    1199              
    1200 00000000       ||foc_get_refs||:
    1201                      .dwcfi  cfa_offset, -2
    1202                      .dwcfi  save_reg_to_mem, 26, 0
TMS320C2000 Assembler Unix v25.11.0 Sun May 31 21:09:06 2026

Copyright (c) 1996-2018 Texas Instruments Incorporated
foc_pipeline.asm                                                     PAGE   25

    1203                      .dwpsn  file "../src/foc_pipeline.c",line 101,column 35,is_stmt,isa 0
    1204 00000000 8F00!         MOVL      XAR4,#||s_refs||      ; [CPU_ARAU] |101| 
         00000001 0000 
    1205              $C$DW$95        .dwtag  DW_TAG_TI_branch
    1206                      .dwattr $C$DW$95, DW_AT_low_pc(0x00)
    1207                      .dwattr $C$DW$95, DW_AT_TI_return
    1208              
    1209 00000002 0006          LRETR     ; [CPU_ALU] 
    1210                      ; return occurs ; [] 
    1211                      .dwattr $C$DW$94, DW_AT_TI_end_file("../src/foc_pipeline.c")
    1212                      .dwattr $C$DW$94, DW_AT_TI_end_line(0x65)
    1213                      .dwattr $C$DW$94, DW_AT_TI_end_column(0x41)
    1214                      .dwendentry
    1215                      .dwendtag $C$DW$94
    1216              
    1217 00000000               .sect   ".text:CLARKE_run"
    1218                      .clink
    1219              
    1220              $C$DW$96        .dwtag  DW_TAG_subprogram
    1221                      .dwattr $C$DW$96, DW_AT_name("CLARKE_run")
    1222                      .dwattr $C$DW$96, DW_AT_low_pc(||CLARKE_run||)
    1223                      .dwattr $C$DW$96, DW_AT_high_pc(0x00)
    1224                      .dwattr $C$DW$96, DW_AT_linkage_name("CLARKE_run")
    1225                      .dwattr $C$DW$96, DW_AT_decl_file("/home/jose/ti/c2000/C2000Ware_MotorControl_SDK_5_04_00_00/librarie
    1226                      .dwattr $C$DW$96, DW_AT_decl_line(0x87)
    1227                      .dwattr $C$DW$96, DW_AT_decl_column(0x01)
    1228                      .dwattr $C$DW$96, DW_AT_TI_max_frame_size(-4)
    1229                      .dwpsn  file "/home/jose/ti/c2000/C2000Ware_MotorControl_SDK_5_04_00_00/libraries/transforms/clarke/i
    1230              
    1231                      .dwfde $C$DW$CIE, ||CLARKE_run||
    1232              $C$DW$97        .dwtag  DW_TAG_formal_parameter
    1233                      .dwattr $C$DW$97, DW_AT_name("handle")
    1234                      .dwattr $C$DW$97, DW_AT_type(*$C$DW$T$73)
    1235                      .dwattr $C$DW$97, DW_AT_location[DW_OP_reg12]
    1236              
    1237              $C$DW$98        .dwtag  DW_TAG_formal_parameter
    1238                      .dwattr $C$DW$98, DW_AT_name("pInVec")
    1239                      .dwattr $C$DW$98, DW_AT_type(*$C$DW$T$111)
    1240                      .dwattr $C$DW$98, DW_AT_location[DW_OP_reg14]
    1241              
    1242              $C$DW$99        .dwtag  DW_TAG_formal_parameter
    1243                      .dwattr $C$DW$99, DW_AT_name("pOutVec")
    1244                      .dwattr $C$DW$99, DW_AT_type(*$C$DW$T$92)
    1245                      .dwattr $C$DW$99, DW_AT_location[DW_OP_breg20 -6]
    1246              
    1247              
    1248              ;***************************************************************
    1249              ;* FNAME: CLARKE_run                    FR SIZE:   2           *
    1250              ;*                                                             *
    1251              ;* FUNCTION ENVIRONMENT                                        *
    1252              ;*                                                             *
    1253              ;* FUNCTION PROPERTIES                                         *
    1254              ;*                            0 Parameter,  0 Auto,  2 SOE     *
    1255              ;***************************************************************
    1256              
TMS320C2000 Assembler Unix v25.11.0 Sun May 31 21:09:06 2026

Copyright (c) 1996-2018 Texas Instruments Incorporated
foc_pipeline.asm                                                     PAGE   26

    1257              ||CLARKE_run||:
    1258              ;* R2    assigned to $O$C1
    1259              ;* R1    assigned to $O$C2
    1260              ;* AL    assigned to $O$C3
    1261              ;* AR4   assigned to handle
    1262              $C$DW$100       .dwtag  DW_TAG_variable
    1263                      .dwattr $C$DW$100, DW_AT_name("handle")
    1264                      .dwattr $C$DW$100, DW_AT_type(*$C$DW$T$74)
    1265                      .dwattr $C$DW$100, DW_AT_location[DW_OP_reg12]
    1266              
    1267              ;* AR5   assigned to pInVec
    1268              $C$DW$101       .dwtag  DW_TAG_variable
    1269                      .dwattr $C$DW$101, DW_AT_name("pInVec")
    1270                      .dwattr $C$DW$101, DW_AT_type(*$C$DW$T$112)
    1271                      .dwattr $C$DW$101, DW_AT_location[DW_OP_reg14]
    1272              
    1273              ;* AR6   assigned to pOutVec
    1274              $C$DW$102       .dwtag  DW_TAG_variable
    1275                      .dwattr $C$DW$102, DW_AT_name("pOutVec")
    1276                      .dwattr $C$DW$102, DW_AT_type(*$C$DW$T$93)
    1277                      .dwattr $C$DW$102, DW_AT_location[DW_OP_reg16]
    1278              
    1279              ;* R1    assigned to alpha_sf
    1280              $C$DW$103       .dwtag  DW_TAG_variable
    1281                      .dwattr $C$DW$103, DW_AT_name("alpha_sf")
    1282                      .dwattr $C$DW$103, DW_AT_type(*$C$DW$T$27)
    1283                      .dwattr $C$DW$103, DW_AT_location[DW_OP_regx 0x2f]
    1284              
    1285              ;* R0    assigned to beta_sf
    1286              $C$DW$104       .dwtag  DW_TAG_variable
    1287                      .dwattr $C$DW$104, DW_AT_name("beta_sf")
    1288                      .dwattr $C$DW$104, DW_AT_type(*$C$DW$T$27)
    1289                      .dwattr $C$DW$104, DW_AT_location[DW_OP_regx 0x2b]
    1290              
    1291                      .dwcfi  cfa_offset, -2
    1292                      .dwcfi  save_reg_to_mem, 26, 0
    1293 00000000 E203          MOV32     *SP++,R4H             ; [CPU_FPU] 
         00000001 04BD 
    1294                      .dwcfi  save_reg_to_mem, 59, 2
    1295                      .dwcfi  cfa_offset, -4
    1296                      .dwpsn  file "/home/jose/ti/c2000/C2000Ware_MotorControl_SDK_5_04_00_00/libraries/transforms/clarke/i
    1297 00000002 92E4          MOV       AL,*+XAR4[4]          ; [CPU_ALU] |147| 
    1298                      .dwpsn  file "/home/jose/ti/c2000/C2000Ware_MotorControl_SDK_5_04_00_00/libraries/transforms/clarke/i
    1299 00000003 E2AF          MOV32     R1H,*+XAR4[0]         ; [CPU_FPU] |141| 
         00000004 01C4 
    1300                      .dwpsn  file "/home/jose/ti/c2000/C2000Ware_MotorControl_SDK_5_04_00_00/libraries/transforms/clarke/i
    1301 00000005 E2AF          MOV32     R0H,*+XAR4[2]         ; [CPU_FPU] |142| 
         00000006 00D4 
    1302                      .dwpsn  file "/home/jose/ti/c2000/C2000Ware_MotorControl_SDK_5_04_00_00/libraries/transforms/clarke/i
    1303 00000007 5203          CMPB      AL,#3                 ; [CPU_ALU] |147| 
    1304                      .dwpsn  file "/home/jose/ti/c2000/C2000Ware_MotorControl_SDK_5_04_00_00/libraries/transforms/clarke/i
    1305 00000008 C446          MOVL      XAR6,*-SP[6]          ; [CPU_ALU] |136| 
    1306                      .dwpsn  file "/home/jose/ti/c2000/C2000Ware_MotorControl_SDK_5_04_00_00/libraries/transforms/clarke/i
    1307 00000009 6113          B         ||$C$L2||,EQ          ; [CPU_ALU] |147| 
    1308                      ; branchcc occurs ; [] |147| 
TMS320C2000 Assembler Unix v25.11.0 Sun May 31 21:09:06 2026

Copyright (c) 1996-2018 Texas Instruments Incorporated
foc_pipeline.asm                                                     PAGE   27

    1309                      .dwpsn  file "/home/jose/ti/c2000/C2000Ware_MotorControl_SDK_5_04_00_00/libraries/transforms/clarke/i
    1310 0000000a 5202          CMPB      AL,#2                 ; [CPU_ALU] |156| 
    1311 0000000b 602E          B         ||$C$L4||,NEQ         ; [CPU_ALU] |156| 
    1312                      ; branchcc occurs ; [] |156| 
    1313                      .dwpsn  file "/home/jose/ti/c2000/C2000Ware_MotorControl_SDK_5_04_00_00/libraries/transforms/clarke/i
    1314 0000000c E2AF          MOV32     R2H,*+XAR5[0]         ; [CPU_FPU] |160| 
         0000000d 02C5 
    1315 0000000e E700          MPYF32    R1H,R1H,R2H           ; [CPU_FPU] |160| 
         0000000f 0089 
    1316 00000010 7700          NOP       ; [CPU_ALU] 
    1317 00000011 E203          MOV32     *+XAR6[0],R1H         ; [CPU_FPU] |160| 
         00000012 01C6 
    1318                      .dwpsn  file "/home/jose/ti/c2000/C2000Ware_MotorControl_SDK_5_04_00_00/libraries/transforms/clarke/i
    1319 00000013 E2AF          MOV32     R1H,*+XAR5[2]         ; [CPU_FPU] |162| 
         00000014 01D5 
    1320 00000015 E710          ADDF32    R2H,R1H,R1H           ; [CPU_FPU] |162| 
         00000016 004A 
    1321 00000017 E2AF          MOV32     R4H,*+XAR5[0]         ; [CPU_FPU] |162| 
         00000018 04C5 
    1322 00000019 E710          ADDF32    R1H,R2H,R4H           ; [CPU_FPU] |162| 
         0000001a 0111 
    1323 0000001b 6F19          B         ||$C$L3||,UNC         ; [CPU_ALU] |162| 
    1324                      ; branch occurs ; [] |162| 
    1325 0000001c       ||$C$L2||:    
    1326                      .dwpsn  file "/home/jose/ti/c2000/C2000Ware_MotorControl_SDK_5_04_00_00/libraries/transforms/clarke/i
    1327 0000001c E2AF          MOV32     R2H,*+XAR5[0]         ; [CPU_FPU] |151| 
         0000001d 02C5 
    1328 0000001e E2AF          MOV32     R4H,*+XAR5[4]         ; [CPU_FPU] |151| 
         0000001f 04E5 
    1329              
    1330 00000020 E314          ADDF32    R2H,R2H,R2H           ; [CPU_FPU] |151| 
         00000021 93D5 
    1331              ||      MOV32     R3H,*+XAR5[2]         ; [CPU_FPU] |151| 
    1332              
    1333 00000022 E710          ADDF32    R3H,R3H,R4H           ; [CPU_FPU] |151| 
         00000023 011B 
    1334 00000024 7700          NOP       ; [CPU_ALU] 
    1335 00000025 E720          SUBF32    R2H,R2H,R3H           ; [CPU_FPU] |151| 
         00000026 00D2 
    1336 00000027 7700          NOP       ; [CPU_ALU] 
    1337 00000028 E700          MPYF32    R1H,R1H,R2H           ; [CPU_FPU] |151| 
         00000029 0089 
    1338 0000002a 7700          NOP       ; [CPU_ALU] 
    1339 0000002b E203          MOV32     *+XAR6[0],R1H         ; [CPU_FPU] |151| 
         0000002c 01C6 
    1340                      .dwpsn  file "/home/jose/ti/c2000/C2000Ware_MotorControl_SDK_5_04_00_00/libraries/transforms/clarke/i
    1341 0000002d E2AF          MOV32     R1H,*+XAR5[4]         ; [CPU_FPU] |154| 
         0000002e 01E5 
    1342 0000002f E2AF          MOV32     R2H,*+XAR5[2]         ; [CPU_FPU] |154| 
         00000030 02D5 
    1343 00000031 E720          SUBF32    R1H,R2H,R1H           ; [CPU_FPU] |154| 
         00000032 0051 
    1344 00000033 7700          NOP       ; [CPU_ALU] 
    1345 00000034       ||$C$L3||:    
    1346 00000034 E700          MPYF32    R0H,R0H,R1H           ; [CPU_FPU] |154| 
TMS320C2000 Assembler Unix v25.11.0 Sun May 31 21:09:06 2026

Copyright (c) 1996-2018 Texas Instruments Incorporated
foc_pipeline.asm                                                     PAGE   28

         00000035 0040 
    1347 00000036 7700          NOP       ; [CPU_ALU] 
    1348 00000037 E203          MOV32     *+XAR6[2],R0H         ; [CPU_FPU] |154| 
         00000038 00D6 
    1349 00000039       ||$C$L4||:    
    1350 00000039 E2AF          MOV32     R4H,*--SP             ; [CPU_FPU] 
         0000003a 04BE 
    1351                      .dwcfi  cfa_offset, -2
    1352                      .dwcfi  restore_reg, 59
    1353              $C$DW$105       .dwtag  DW_TAG_TI_branch
    1354                      .dwattr $C$DW$105, DW_AT_low_pc(0x00)
    1355                      .dwattr $C$DW$105, DW_AT_TI_return
    1356              
    1357 0000003b 0006          LRETR     ; [CPU_ALU] 
    1358                      ; return occurs ; [] 
    1359                      .dwattr $C$DW$96, DW_AT_TI_end_file("/home/jose/ti/c2000/C2000Ware_MotorControl_SDK_5_04_00_00/librar
    1360                      .dwattr $C$DW$96, DW_AT_TI_end_line(0xa7)
    1361                      .dwattr $C$DW$96, DW_AT_TI_end_column(0x01)
    1362                      .dwendentry
    1363                      .dwendtag $C$DW$96
    1364              
    1365 00000000               .sect   ".text:PARK_run"
    1366                      .clink
    1367              
    1368              $C$DW$106       .dwtag  DW_TAG_subprogram
    1369                      .dwattr $C$DW$106, DW_AT_name("PARK_run")
    1370                      .dwattr $C$DW$106, DW_AT_low_pc(||PARK_run||)
    1371                      .dwattr $C$DW$106, DW_AT_high_pc(0x00)
    1372                      .dwattr $C$DW$106, DW_AT_linkage_name("PARK_run")
    1373                      .dwattr $C$DW$106, DW_AT_decl_file("/home/jose/ti/c2000/C2000Ware_MotorControl_SDK_5_04_00_00/librari
    1374                      .dwattr $C$DW$106, DW_AT_decl_line(0xb7)
    1375                      .dwattr $C$DW$106, DW_AT_decl_column(0x01)
    1376                      .dwattr $C$DW$106, DW_AT_TI_max_frame_size(-6)
    1377                      .dwpsn  file "/home/jose/ti/c2000/C2000Ware_MotorControl_SDK_5_04_00_00/libraries/transforms/park/inc
    1378              
    1379                      .dwfde $C$DW$CIE, ||PARK_run||
    1380              $C$DW$107       .dwtag  DW_TAG_formal_parameter
    1381                      .dwattr $C$DW$107, DW_AT_name("handle")
    1382                      .dwattr $C$DW$107, DW_AT_type(*$C$DW$T$126)
    1383                      .dwattr $C$DW$107, DW_AT_location[DW_OP_reg12]
    1384              
    1385              $C$DW$108       .dwtag  DW_TAG_formal_parameter
    1386                      .dwattr $C$DW$108, DW_AT_name("pInVec")
    1387                      .dwattr $C$DW$108, DW_AT_type(*$C$DW$T$90)
    1388                      .dwattr $C$DW$108, DW_AT_location[DW_OP_reg14]
    1389              
    1390              $C$DW$109       .dwtag  DW_TAG_formal_parameter
    1391                      .dwattr $C$DW$109, DW_AT_name("pOutVec")
    1392                      .dwattr $C$DW$109, DW_AT_type(*$C$DW$T$92)
    1393                      .dwattr $C$DW$109, DW_AT_location[DW_OP_breg20 -8]
    1394              
    1395              
    1396              ;***************************************************************
    1397              ;* FNAME: PARK_run                      FR SIZE:   4           *
    1398              ;*                                                             *
TMS320C2000 Assembler Unix v25.11.0 Sun May 31 21:09:06 2026

Copyright (c) 1996-2018 Texas Instruments Incorporated
foc_pipeline.asm                                                     PAGE   29

    1399              ;* FUNCTION ENVIRONMENT                                        *
    1400              ;*                                                             *
    1401              ;* FUNCTION PROPERTIES                                         *
    1402              ;*                            0 Parameter,  0 Auto,  4 SOE     *
    1403              ;***************************************************************
    1404              
    1405              ||PARK_run||:
    1406              ;* AR4   assigned to handle
    1407              $C$DW$110       .dwtag  DW_TAG_variable
    1408                      .dwattr $C$DW$110, DW_AT_name("handle")
    1409                      .dwattr $C$DW$110, DW_AT_type(*$C$DW$T$127)
    1410                      .dwattr $C$DW$110, DW_AT_location[DW_OP_reg12]
    1411              
    1412              ;* AR5   assigned to pInVec
    1413              $C$DW$111       .dwtag  DW_TAG_variable
    1414                      .dwattr $C$DW$111, DW_AT_name("pInVec")
    1415                      .dwattr $C$DW$111, DW_AT_type(*$C$DW$T$91)
    1416                      .dwattr $C$DW$111, DW_AT_location[DW_OP_reg14]
    1417              
    1418              ;* AR4   assigned to pOutVec
    1419              $C$DW$112       .dwtag  DW_TAG_variable
    1420                      .dwattr $C$DW$112, DW_AT_name("pOutVec")
    1421                      .dwattr $C$DW$112, DW_AT_type(*$C$DW$T$93)
    1422                      .dwattr $C$DW$112, DW_AT_location[DW_OP_reg12]
    1423              
    1424              ;* R3    assigned to sinTh
    1425              $C$DW$113       .dwtag  DW_TAG_variable
    1426                      .dwattr $C$DW$113, DW_AT_name("sinTh")
    1427                      .dwattr $C$DW$113, DW_AT_type(*$C$DW$T$27)
    1428                      .dwattr $C$DW$113, DW_AT_location[DW_OP_regx 0x37]
    1429              
    1430              ;* R2    assigned to cosTh
    1431              $C$DW$114       .dwtag  DW_TAG_variable
    1432                      .dwattr $C$DW$114, DW_AT_name("cosTh")
    1433                      .dwattr $C$DW$114, DW_AT_type(*$C$DW$T$27)
    1434                      .dwattr $C$DW$114, DW_AT_location[DW_OP_regx 0x33]
    1435              
    1436              ;* R1    assigned to value_0
    1437              $C$DW$115       .dwtag  DW_TAG_variable
    1438                      .dwattr $C$DW$115, DW_AT_name("value_0")
    1439                      .dwattr $C$DW$115, DW_AT_type(*$C$DW$T$27)
    1440                      .dwattr $C$DW$115, DW_AT_location[DW_OP_regx 0x2f]
    1441              
    1442              ;* R0    assigned to value_1
    1443              $C$DW$116       .dwtag  DW_TAG_variable
    1444                      .dwattr $C$DW$116, DW_AT_name("value_1")
    1445                      .dwattr $C$DW$116, DW_AT_type(*$C$DW$T$27)
    1446                      .dwattr $C$DW$116, DW_AT_location[DW_OP_regx 0x2b]
    1447              
    1448                      .dwcfi  cfa_offset, -2
    1449                      .dwcfi  save_reg_to_mem, 26, 0
    1450 00000000 E203          MOV32     *SP++,R4H             ; [CPU_FPU] 
         00000001 04BD 
    1451                      .dwcfi  save_reg_to_mem, 59, 2
    1452                      .dwcfi  cfa_offset, -4
TMS320C2000 Assembler Unix v25.11.0 Sun May 31 21:09:06 2026

Copyright (c) 1996-2018 Texas Instruments Incorporated
foc_pipeline.asm                                                     PAGE   30

    1453 00000002 E203          MOV32     *SP++,R5H             ; [CPU_FPU] 
         00000003 05BD 
    1454                      .dwcfi  save_reg_to_mem, 63, 4
    1455                      .dwcfi  cfa_offset, -6
    1456                      .dwpsn  file "/home/jose/ti/c2000/C2000Ware_MotorControl_SDK_5_04_00_00/libraries/transforms/park/inc
    1457 00000004 E2AF          MOV32     R3H,*+XAR4[0]         ; [CPU_FPU] |187| 
         00000005 03C4 
    1458                      .dwpsn  file "/home/jose/ti/c2000/C2000Ware_MotorControl_SDK_5_04_00_00/libraries/transforms/park/inc
    1459 00000006 E2AF          MOV32     R0H,*+XAR5[2]         ; [CPU_FPU] |191| 
         00000007 00D5 
    1460                      .dwpsn  file "/home/jose/ti/c2000/C2000Ware_MotorControl_SDK_5_04_00_00/libraries/transforms/park/inc
    1461 00000008 E2AF          MOV32     R1H,*+XAR5[0]         ; [CPU_FPU] |190| 
         00000009 01C5 
    1462                      .dwpsn  file "/home/jose/ti/c2000/C2000Ware_MotorControl_SDK_5_04_00_00/libraries/transforms/park/inc
    1463              
    1464 0000000a E300          MPYF32    R5H,R3H,R0H           ; [CPU_FPU] |193| 
         0000000b EAD4 
    1465              ||      MOV32     R2H,*+XAR4[2]         ; [CPU_FPU] |188| 
    1466              
    1467                      .dwpsn  file "/home/jose/ti/c2000/C2000Ware_MotorControl_SDK_5_04_00_00/libraries/transforms/park/inc
    1468 0000000c E700          MPYF32    R4H,R2H,R1H           ; [CPU_FPU] |193| 
         0000000d 0054 
    1469                      .dwpsn  file "/home/jose/ti/c2000/C2000Ware_MotorControl_SDK_5_04_00_00/libraries/transforms/park/inc
    1470 0000000e 8A48          MOVL      XAR4,*-SP[8]          ; [CPU_ALU] |184| 
    1471                      .dwpsn  file "/home/jose/ti/c2000/C2000Ware_MotorControl_SDK_5_04_00_00/libraries/transforms/park/inc
    1472 0000000f E700          MPYF32    R0H,R2H,R0H           ; [CPU_FPU] |194| 
         00000010 0010 
    1473 00000011 E700          MPYF32    R1H,R3H,R1H           ; [CPU_FPU] |194| 
         00000012 0059 
    1474                      .dwpsn  file "/home/jose/ti/c2000/C2000Ware_MotorControl_SDK_5_04_00_00/libraries/transforms/park/inc
    1475 00000013 E710          ADDF32    R2H,R5H,R4H           ; [CPU_FPU] |193| 
         00000014 012A 
    1476                      .dwpsn  file "/home/jose/ti/c2000/C2000Ware_MotorControl_SDK_5_04_00_00/libraries/transforms/park/inc
    1477 00000015 E720          SUBF32    R0H,R0H,R1H           ; [CPU_FPU] |194| 
         00000016 0040 
    1478                      .dwpsn  file "/home/jose/ti/c2000/C2000Ware_MotorControl_SDK_5_04_00_00/libraries/transforms/park/inc
    1479 00000017 E203          MOV32     *+XAR4[0],R2H         ; [CPU_FPU] |193| 
         00000018 02C4 
    1480                      .dwpsn  file "/home/jose/ti/c2000/C2000Ware_MotorControl_SDK_5_04_00_00/libraries/transforms/park/inc
    1481 00000019 E203          MOV32     *+XAR4[2],R0H         ; [CPU_FPU] |194| 
         0000001a 00D4 
    1482 0000001b E2AF          MOV32     R5H,*--SP             ; [CPU_FPU] 
         0000001c 05BE 
    1483                      .dwcfi  cfa_offset, -4
    1484                      .dwcfi  restore_reg, 63
    1485 0000001d E2AF          MOV32     R4H,*--SP             ; [CPU_FPU] 
         0000001e 04BE 
    1486                      .dwcfi  cfa_offset, -2
    1487                      .dwcfi  restore_reg, 59
    1488              $C$DW$117       .dwtag  DW_TAG_TI_branch
    1489                      .dwattr $C$DW$117, DW_AT_low_pc(0x00)
    1490                      .dwattr $C$DW$117, DW_AT_TI_return
    1491              
    1492 0000001f 0006          LRETR     ; [CPU_ALU] 
    1493                      ; return occurs ; [] 
TMS320C2000 Assembler Unix v25.11.0 Sun May 31 21:09:06 2026

Copyright (c) 1996-2018 Texas Instruments Incorporated
foc_pipeline.asm                                                     PAGE   31

    1494                      .dwattr $C$DW$106, DW_AT_TI_end_file("/home/jose/ti/c2000/C2000Ware_MotorControl_SDK_5_04_00_00/libra
    1495                      .dwattr $C$DW$106, DW_AT_TI_end_line(0xc5)
    1496                      .dwattr $C$DW$106, DW_AT_TI_end_column(0x01)
    1497                      .dwendentry
    1498                      .dwendtag $C$DW$106
    1499              
    1500 00000000               .sect   ".text:IPARK_run"
    1501                      .clink
    1502              
    1503              $C$DW$118       .dwtag  DW_TAG_subprogram
    1504                      .dwattr $C$DW$118, DW_AT_name("IPARK_run")
    1505                      .dwattr $C$DW$118, DW_AT_low_pc(||IPARK_run||)
    1506                      .dwattr $C$DW$118, DW_AT_high_pc(0x00)
    1507                      .dwattr $C$DW$118, DW_AT_linkage_name("IPARK_run")
    1508                      .dwattr $C$DW$118, DW_AT_decl_file("/home/jose/ti/c2000/C2000Ware_MotorControl_SDK_5_04_00_00/librari
    1509                      .dwattr $C$DW$118, DW_AT_decl_line(0xb6)
    1510                      .dwattr $C$DW$118, DW_AT_decl_column(0x01)
    1511                      .dwattr $C$DW$118, DW_AT_TI_max_frame_size(-6)
    1512                      .dwpsn  file "/home/jose/ti/c2000/C2000Ware_MotorControl_SDK_5_04_00_00/libraries/transforms/ipark/in
    1513              
    1514                      .dwfde $C$DW$CIE, ||IPARK_run||
    1515              $C$DW$119       .dwtag  DW_TAG_formal_parameter
    1516                      .dwattr $C$DW$119, DW_AT_name("handle")
    1517                      .dwattr $C$DW$119, DW_AT_type(*$C$DW$T$83)
    1518                      .dwattr $C$DW$119, DW_AT_location[DW_OP_reg12]
    1519              
    1520              $C$DW$120       .dwtag  DW_TAG_formal_parameter
    1521                      .dwattr $C$DW$120, DW_AT_name("pInVec")
    1522                      .dwattr $C$DW$120, DW_AT_type(*$C$DW$T$90)
    1523                      .dwattr $C$DW$120, DW_AT_location[DW_OP_reg14]
    1524              
    1525              $C$DW$121       .dwtag  DW_TAG_formal_parameter
    1526                      .dwattr $C$DW$121, DW_AT_name("pOutVec")
    1527                      .dwattr $C$DW$121, DW_AT_type(*$C$DW$T$92)
    1528                      .dwattr $C$DW$121, DW_AT_location[DW_OP_breg20 -8]
    1529              
    1530              
    1531              ;***************************************************************
    1532              ;* FNAME: IPARK_run                     FR SIZE:   4           *
    1533              ;*                                                             *
    1534              ;* FUNCTION ENVIRONMENT                                        *
    1535              ;*                                                             *
    1536              ;* FUNCTION PROPERTIES                                         *
    1537              ;*                            0 Parameter,  0 Auto,  4 SOE     *
    1538              ;***************************************************************
    1539              
    1540              ||IPARK_run||:
    1541              ;* AR4   assigned to handle
    1542              $C$DW$122       .dwtag  DW_TAG_variable
    1543                      .dwattr $C$DW$122, DW_AT_name("handle")
    1544                      .dwattr $C$DW$122, DW_AT_type(*$C$DW$T$84)
    1545                      .dwattr $C$DW$122, DW_AT_location[DW_OP_reg12]
    1546              
    1547              ;* AR5   assigned to pInVec
    1548              $C$DW$123       .dwtag  DW_TAG_variable
TMS320C2000 Assembler Unix v25.11.0 Sun May 31 21:09:06 2026

Copyright (c) 1996-2018 Texas Instruments Incorporated
foc_pipeline.asm                                                     PAGE   32

    1549                      .dwattr $C$DW$123, DW_AT_name("pInVec")
    1550                      .dwattr $C$DW$123, DW_AT_type(*$C$DW$T$91)
    1551                      .dwattr $C$DW$123, DW_AT_location[DW_OP_reg14]
    1552              
    1553              ;* AR4   assigned to pOutVec
    1554              $C$DW$124       .dwtag  DW_TAG_variable
    1555                      .dwattr $C$DW$124, DW_AT_name("pOutVec")
    1556                      .dwattr $C$DW$124, DW_AT_type(*$C$DW$T$93)
    1557                      .dwattr $C$DW$124, DW_AT_location[DW_OP_reg12]
    1558              
    1559              ;* R3    assigned to sinTh
    1560              $C$DW$125       .dwtag  DW_TAG_variable
    1561                      .dwattr $C$DW$125, DW_AT_name("sinTh")
    1562                      .dwattr $C$DW$125, DW_AT_type(*$C$DW$T$27)
    1563                      .dwattr $C$DW$125, DW_AT_location[DW_OP_regx 0x37]
    1564              
    1565              ;* R2    assigned to cosTh
    1566              $C$DW$126       .dwtag  DW_TAG_variable
    1567                      .dwattr $C$DW$126, DW_AT_name("cosTh")
    1568                      .dwattr $C$DW$126, DW_AT_type(*$C$DW$T$27)
    1569                      .dwattr $C$DW$126, DW_AT_location[DW_OP_regx 0x33]
    1570              
    1571              ;* R1    assigned to value_0
    1572              $C$DW$127       .dwtag  DW_TAG_variable
    1573                      .dwattr $C$DW$127, DW_AT_name("value_0")
    1574                      .dwattr $C$DW$127, DW_AT_type(*$C$DW$T$27)
    1575                      .dwattr $C$DW$127, DW_AT_location[DW_OP_regx 0x2f]
    1576              
    1577              ;* R0    assigned to value_1
    1578              $C$DW$128       .dwtag  DW_TAG_variable
    1579                      .dwattr $C$DW$128, DW_AT_name("value_1")
    1580                      .dwattr $C$DW$128, DW_AT_type(*$C$DW$T$27)
    1581                      .dwattr $C$DW$128, DW_AT_location[DW_OP_regx 0x2b]
    1582              
    1583                      .dwcfi  cfa_offset, -2
    1584                      .dwcfi  save_reg_to_mem, 26, 0
    1585 00000000 E203          MOV32     *SP++,R4H             ; [CPU_FPU] 
         00000001 04BD 
    1586                      .dwcfi  save_reg_to_mem, 59, 2
    1587                      .dwcfi  cfa_offset, -4
    1588 00000002 E203          MOV32     *SP++,R5H             ; [CPU_FPU] 
         00000003 05BD 
    1589                      .dwcfi  save_reg_to_mem, 63, 4
    1590                      .dwcfi  cfa_offset, -6
    1591                      .dwpsn  file "/home/jose/ti/c2000/C2000Ware_MotorControl_SDK_5_04_00_00/libraries/transforms/ipark/in
    1592 00000004 E2AF          MOV32     R3H,*+XAR4[0]         ; [CPU_FPU] |186| 
         00000005 03C4 
    1593                      .dwpsn  file "/home/jose/ti/c2000/C2000Ware_MotorControl_SDK_5_04_00_00/libraries/transforms/ipark/in
    1594 00000006 E2AF          MOV32     R0H,*+XAR5[2]         ; [CPU_FPU] |190| 
         00000007 00D5 
    1595                      .dwpsn  file "/home/jose/ti/c2000/C2000Ware_MotorControl_SDK_5_04_00_00/libraries/transforms/ipark/in
    1596 00000008 E2AF          MOV32     R1H,*+XAR5[0]         ; [CPU_FPU] |189| 
         00000009 01C5 
    1597                      .dwpsn  file "/home/jose/ti/c2000/C2000Ware_MotorControl_SDK_5_04_00_00/libraries/transforms/ipark/in
    1598              
TMS320C2000 Assembler Unix v25.11.0 Sun May 31 21:09:06 2026

Copyright (c) 1996-2018 Texas Instruments Incorporated
foc_pipeline.asm                                                     PAGE   33

    1599 0000000a E300          MPYF32    R4H,R3H,R0H           ; [CPU_FPU] |192| 
         0000000b E2D4 
    1600              ||      MOV32     R2H,*+XAR4[2]         ; [CPU_FPU] |187| 
    1601              
    1602                      .dwpsn  file "/home/jose/ti/c2000/C2000Ware_MotorControl_SDK_5_04_00_00/libraries/transforms/ipark/in
    1603 0000000c E700          MPYF32    R5H,R2H,R1H           ; [CPU_FPU] |192| 
         0000000d 0055 
    1604                      .dwpsn  file "/home/jose/ti/c2000/C2000Ware_MotorControl_SDK_5_04_00_00/libraries/transforms/ipark/in
    1605 0000000e 8A48          MOVL      XAR4,*-SP[8]          ; [CPU_ALU] |183| 
    1606                      .dwpsn  file "/home/jose/ti/c2000/C2000Ware_MotorControl_SDK_5_04_00_00/libraries/transforms/ipark/in
    1607 0000000f E700          MPYF32    R0H,R2H,R0H           ; [CPU_FPU] |193| 
         00000010 0010 
    1608 00000011 E700          MPYF32    R1H,R3H,R1H           ; [CPU_FPU] |193| 
         00000012 0059 
    1609                      .dwpsn  file "/home/jose/ti/c2000/C2000Ware_MotorControl_SDK_5_04_00_00/libraries/transforms/ipark/in
    1610 00000013 E720          SUBF32    R2H,R5H,R4H           ; [CPU_FPU] |192| 
         00000014 012A 
    1611                      .dwpsn  file "/home/jose/ti/c2000/C2000Ware_MotorControl_SDK_5_04_00_00/libraries/transforms/ipark/in
    1612 00000015 E710          ADDF32    R0H,R0H,R1H           ; [CPU_FPU] |193| 
         00000016 0040 
    1613                      .dwpsn  file "/home/jose/ti/c2000/C2000Ware_MotorControl_SDK_5_04_00_00/libraries/transforms/ipark/in
    1614 00000017 E203          MOV32     *+XAR4[0],R2H         ; [CPU_FPU] |192| 
         00000018 02C4 
    1615                      .dwpsn  file "/home/jose/ti/c2000/C2000Ware_MotorControl_SDK_5_04_00_00/libraries/transforms/ipark/in
    1616 00000019 E203          MOV32     *+XAR4[2],R0H         ; [CPU_FPU] |193| 
         0000001a 00D4 
    1617 0000001b E2AF          MOV32     R5H,*--SP             ; [CPU_FPU] 
         0000001c 05BE 
    1618                      .dwcfi  cfa_offset, -4
    1619                      .dwcfi  restore_reg, 63
    1620 0000001d E2AF          MOV32     R4H,*--SP             ; [CPU_FPU] 
         0000001e 04BE 
    1621                      .dwcfi  cfa_offset, -2
    1622                      .dwcfi  restore_reg, 59
    1623              $C$DW$129       .dwtag  DW_TAG_TI_branch
    1624                      .dwattr $C$DW$129, DW_AT_low_pc(0x00)
    1625                      .dwattr $C$DW$129, DW_AT_TI_return
    1626              
    1627 0000001f 0006          LRETR     ; [CPU_ALU] 
    1628                      ; return occurs ; [] 
    1629                      .dwattr $C$DW$118, DW_AT_TI_end_file("/home/jose/ti/c2000/C2000Ware_MotorControl_SDK_5_04_00_00/libra
    1630                      .dwattr $C$DW$118, DW_AT_TI_end_line(0xc4)
    1631                      .dwattr $C$DW$118, DW_AT_TI_end_column(0x01)
    1632                      .dwendentry
    1633                      .dwendtag $C$DW$118
    1634              
    1635 00000000               .sect   ".text:SVGEN_run"
    1636                      .clink
    1637              
    1638              $C$DW$130       .dwtag  DW_TAG_subprogram
    1639                      .dwattr $C$DW$130, DW_AT_name("SVGEN_run")
    1640                      .dwattr $C$DW$130, DW_AT_low_pc(||SVGEN_run||)
    1641                      .dwattr $C$DW$130, DW_AT_high_pc(0x00)
    1642                      .dwattr $C$DW$130, DW_AT_linkage_name("SVGEN_run")
    1643                      .dwattr $C$DW$130, DW_AT_decl_file("/home/jose/ti/c2000/C2000Ware_MotorControl_SDK_5_04_00_00/librari
TMS320C2000 Assembler Unix v25.11.0 Sun May 31 21:09:06 2026

Copyright (c) 1996-2018 Texas Instruments Incorporated
foc_pipeline.asm                                                     PAGE   34

    1644                      .dwattr $C$DW$130, DW_AT_decl_line(0xfe)
    1645                      .dwattr $C$DW$130, DW_AT_decl_column(0x01)
    1646                      .dwattr $C$DW$130, DW_AT_TI_max_frame_size(-10)
    1647                      .dwpsn  file "/home/jose/ti/c2000/C2000Ware_MotorControl_SDK_5_04_00_00/libraries/transforms/svgen/in
    1648              
    1649                      .dwfde $C$DW$CIE, ||SVGEN_run||
    1650              $C$DW$131       .dwtag  DW_TAG_formal_parameter
    1651                      .dwattr $C$DW$131, DW_AT_name("handle")
    1652                      .dwattr $C$DW$131, DW_AT_type(*$C$DW$T$46)
    1653                      .dwattr $C$DW$131, DW_AT_location[DW_OP_reg12]
    1654              
    1655              $C$DW$132       .dwtag  DW_TAG_formal_parameter
    1656                      .dwattr $C$DW$132, DW_AT_name("pVab_V")
    1657                      .dwattr $C$DW$132, DW_AT_type(*$C$DW$T$90)
    1658                      .dwattr $C$DW$132, DW_AT_location[DW_OP_reg14]
    1659              
    1660              $C$DW$133       .dwtag  DW_TAG_formal_parameter
    1661                      .dwattr $C$DW$133, DW_AT_name("pVabc_pu")
    1662                      .dwattr $C$DW$133, DW_AT_type(*$C$DW$T$113)
    1663                      .dwattr $C$DW$133, DW_AT_location[DW_OP_breg20 -12]
    1664              
    1665              
    1666              ;***************************************************************
    1667              ;* FNAME: SVGEN_run                     FR SIZE:   8           *
    1668              ;*                                                             *
    1669              ;* FUNCTION ENVIRONMENT                                        *
    1670              ;*                                                             *
    1671              ;* FUNCTION PROPERTIES                                         *
    1672              ;*                            2 Parameter,  0 Auto,  6 SOE     *
    1673              ;***************************************************************
    1674              
    1675              ||SVGEN_run||:
    1676              ;* R0    assigned to $O$C1
    1677              ;* R2    assigned to $O$C2
    1678              ;* R0    assigned to $O$C3
    1679              ;* R3    assigned to $O$C4
    1680              ;* AR4   assigned to handle
    1681              $C$DW$134       .dwtag  DW_TAG_variable
    1682                      .dwattr $C$DW$134, DW_AT_name("handle")
    1683                      .dwattr $C$DW$134, DW_AT_type(*$C$DW$T$141)
    1684                      .dwattr $C$DW$134, DW_AT_location[DW_OP_reg12]
    1685              
    1686              ;* AR5   assigned to pVab_V
    1687              $C$DW$135       .dwtag  DW_TAG_variable
    1688                      .dwattr $C$DW$135, DW_AT_name("pVab_V")
    1689                      .dwattr $C$DW$135, DW_AT_type(*$C$DW$T$91)
    1690                      .dwattr $C$DW$135, DW_AT_location[DW_OP_reg14]
    1691              
    1692              ;* AR5   assigned to pVabc_pu
    1693              $C$DW$136       .dwtag  DW_TAG_variable
    1694                      .dwattr $C$DW$136, DW_AT_name("pVabc_pu")
    1695                      .dwattr $C$DW$136, DW_AT_type(*$C$DW$T$114)
    1696                      .dwattr $C$DW$136, DW_AT_location[DW_OP_reg14]
    1697              
    1698              ;* R0    assigned to Vmax_pu
TMS320C2000 Assembler Unix v25.11.0 Sun May 31 21:09:06 2026

Copyright (c) 1996-2018 Texas Instruments Incorporated
foc_pipeline.asm                                                     PAGE   35

    1699              $C$DW$137       .dwtag  DW_TAG_variable
    1700                      .dwattr $C$DW$137, DW_AT_name("Vmax_pu")
    1701                      .dwattr $C$DW$137, DW_AT_type(*$C$DW$T$27)
    1702                      .dwattr $C$DW$137, DW_AT_location[DW_OP_regx 0x2b]
    1703              
    1704              ;* R4    assigned to Vmin_pu
    1705              $C$DW$138       .dwtag  DW_TAG_variable
    1706                      .dwattr $C$DW$138, DW_AT_name("Vmin_pu")
    1707                      .dwattr $C$DW$138, DW_AT_type(*$C$DW$T$27)
    1708                      .dwattr $C$DW$138, DW_AT_location[DW_OP_regx 0x3b]
    1709              
    1710              ;* R2    assigned to Vcom_pu
    1711              $C$DW$139       .dwtag  DW_TAG_variable
    1712                      .dwattr $C$DW$139, DW_AT_name("Vcom_pu")
    1713                      .dwattr $C$DW$139, DW_AT_type(*$C$DW$T$27)
    1714                      .dwattr $C$DW$139, DW_AT_location[DW_OP_regx 0x33]
    1715              
    1716              ;* AL    assigned to svmMode
    1717              $C$DW$140       .dwtag  DW_TAG_variable
    1718                      .dwattr $C$DW$140, DW_AT_name("svmMode")
    1719                      .dwattr $C$DW$140, DW_AT_type(*$C$DW$T$43)
    1720                      .dwattr $C$DW$140, DW_AT_location[DW_OP_reg0]
    1721              
    1722              ;* R1    assigned to Va_pu
    1723              $C$DW$141       .dwtag  DW_TAG_variable
    1724                      .dwattr $C$DW$141, DW_AT_name("Va_pu")
    1725                      .dwattr $C$DW$141, DW_AT_type(*$C$DW$T$27)
    1726                      .dwattr $C$DW$141, DW_AT_location[DW_OP_regx 0x2f]
    1727              
    1728              ;* R3    assigned to Vb_pu
    1729              $C$DW$142       .dwtag  DW_TAG_variable
    1730                      .dwattr $C$DW$142, DW_AT_name("Vb_pu")
    1731                      .dwattr $C$DW$142, DW_AT_type(*$C$DW$T$27)
    1732                      .dwattr $C$DW$142, DW_AT_location[DW_OP_regx 0x37]
    1733              
    1734              ;* R5    assigned to Vc_pu
    1735              $C$DW$143       .dwtag  DW_TAG_variable
    1736                      .dwattr $C$DW$143, DW_AT_name("Vc_pu")
    1737                      .dwattr $C$DW$143, DW_AT_type(*$C$DW$T$27)
    1738                      .dwattr $C$DW$143, DW_AT_location[DW_OP_regx 0x3f]
    1739              
    1740                      .dwcfi  cfa_offset, -2
    1741                      .dwcfi  save_reg_to_mem, 26, 0
    1742 00000000 E203          MOV32     *SP++,R4H             ; [CPU_FPU] 
         00000001 04BD 
    1743                      .dwcfi  save_reg_to_mem, 59, 2
    1744                      .dwcfi  cfa_offset, -4
    1745 00000002 E203          MOV32     *SP++,R5H             ; [CPU_FPU] 
         00000003 05BD 
    1746                      .dwcfi  save_reg_to_mem, 63, 4
    1747                      .dwcfi  cfa_offset, -6
    1748 00000004 E203          MOV32     *SP++,R6H             ; [CPU_FPU] 
         00000005 06BD 
    1749                      .dwcfi  save_reg_to_mem, 67, 6
    1750                      .dwcfi  cfa_offset, -8
TMS320C2000 Assembler Unix v25.11.0 Sun May 31 21:09:06 2026

Copyright (c) 1996-2018 Texas Instruments Incorporated
foc_pipeline.asm                                                     PAGE   36

    1751 00000006 FE02          ADDB      SP,#2                 ; [CPU_ARAU] 
    1752                      .dwcfi  cfa_offset, -10
    1753                      .dwpsn  file "/home/jose/ti/c2000/C2000Ware_MotorControl_SDK_5_04_00_00/libraries/transforms/svgen/in
    1754 00000007 E801          MOVIZ     R2H,#16221            ; [CPU_FPU] |271| 
         00000008 FAEA 
    1755                      .dwpsn  file "/home/jose/ti/c2000/C2000Ware_MotorControl_SDK_5_04_00_00/libraries/transforms/svgen/in
    1756 00000009 E2AF          MOV32     R3H,*+XAR4[0]         ; [CPU_FPU] |266| 
         0000000a 03C4 
    1757 0000000b E2AF          MOV32     R0H,*+XAR5[0]         ; [CPU_FPU] |266| 
         0000000c 00C5 
    1758                      .dwpsn  file "/home/jose/ti/c2000/C2000Ware_MotorControl_SDK_5_04_00_00/libraries/transforms/svgen/in
    1759 0000000d E80D          MOVXI     R2H,#46039            ; [CPU_FPU] |271| 
         0000000e 9EBA 
    1760                      .dwpsn  file "/home/jose/ti/c2000/C2000Ware_MotorControl_SDK_5_04_00_00/libraries/transforms/svgen/in
    1761              
    1762 0000000f E300          MPYF32    R1H,R3H,R0H           ; [CPU_FPU] |266| 
         00000010 CCD5 
    1763              ||      MOV32     R4H,*+XAR5[2]         ; [CPU_FPU] |271| 
    1764              
    1765                      .dwpsn  file "/home/jose/ti/c2000/C2000Ware_MotorControl_SDK_5_04_00_00/libraries/transforms/svgen/in
    1766 00000011 92DC          MOV       AL,*+XAR4[3]          ; [CPU_ALU] |124| 
    1767                      .dwpsn  file "/home/jose/ti/c2000/C2000Ware_MotorControl_SDK_5_04_00_00/libraries/transforms/svgen/in
    1768 00000012 E84F          MPYF32    R0H,R1H,#16128        ; [CPU_FPU] |271| 
         00000013 C008 
    1769 00000014 E700          MPYF32    R3H,R3H,R4H           ; [CPU_FPU] |271| 
         00000015 011B 
    1770                      .dwpsn  file "/home/jose/ti/c2000/C2000Ware_MotorControl_SDK_5_04_00_00/libraries/transforms/svgen/in
    1771 00000016 834C          MOVL      XAR5,*-SP[12]         ; [CPU_ALU] |255| 
    1772                      .dwpsn  file "/home/jose/ti/c2000/C2000Ware_MotorControl_SDK_5_04_00_00/libraries/transforms/svgen/in
    1773 00000017 E700          MPYF32    R2H,R2H,R3H           ; [CPU_FPU] |271| 
         00000018 00D2 
    1774 00000019 E6AF          NEGF32    R0H,R0H               ; [CPU_FPU] |271| 
         0000001a 0000 
    1775 0000001b E710          ADDF32    R3H,R2H,R0H           ; [CPU_FPU] |271| 
         0000001c 0013 
    1776                      .dwpsn  file "/home/jose/ti/c2000/C2000Ware_MotorControl_SDK_5_04_00_00/libraries/transforms/svgen/in
    1777 0000001d E720          SUBF32    R5H,R0H,R2H           ; [CPU_FPU] |275| 
         0000001e 0085 
    1778                      .dwpsn  file "/home/jose/ti/c2000/C2000Ware_MotorControl_SDK_5_04_00_00/libraries/transforms/svgen/in
    1779 0000001f E694          CMPF32    R1H,R3H               ; [CPU_FPU] |280| 
         00000020 0019 
    1780 00000021 AD14          MOVST0    ZF, NF                ; [CPU_FPU] |280| 
    1781 00000022 6213          B         ||$C$L5||,GT          ; [CPU_ALU] |280| 
    1782                      ; branchcc occurs ; [] |280| 
    1783                      .dwpsn  file "/home/jose/ti/c2000/C2000Ware_MotorControl_SDK_5_04_00_00/libraries/transforms/svgen/in
    1784 00000023 E6CF          MOV32     R4H,R1H               ; [CPU_FPU] |288| 
         00000024 000C 
    1785                      .dwpsn  file "/home/jose/ti/c2000/C2000Ware_MotorControl_SDK_5_04_00_00/libraries/transforms/svgen/in
    1786 00000025 E84F          MPYF32    R0H,R4H,#16128        ; [CPU_FPU] |291| 
         00000026 C020 
    1787 00000027 7700          NOP       ; [CPU_ALU] 
    1788 00000028 E6AF          NEGF32    R0H,R0H               ; [CPU_FPU] |291| 
         00000029 0000 
    1789 0000002a E710          ADDF32    R6H,R2H,R0H           ; [CPU_FPU] |291| 
         0000002b 0016 
TMS320C2000 Assembler Unix v25.11.0 Sun May 31 21:09:06 2026

Copyright (c) 1996-2018 Texas Instruments Incorporated
foc_pipeline.asm                                                     PAGE   37

    1790 0000002c E720          SUBF32    R2H,R0H,R2H           ; [CPU_FPU] |291| 
         0000002d 0082 
    1791                      .dwpsn  file "/home/jose/ti/c2000/C2000Ware_MotorControl_SDK_5_04_00_00/libraries/transforms/svgen/in
    1792 0000002e E6CF          MOV32     R0H,R3H               ; [CPU_FPU] |287| 
         0000002f 0018 
    1793                      .dwpsn  file "/home/jose/ti/c2000/C2000Ware_MotorControl_SDK_5_04_00_00/libraries/transforms/svgen/in
    1794 00000030 E694          CMPF32    R2H,R6H               ; [CPU_FPU] |291| 
         00000031 0032 
    1795 00000032 AD14          MOVST0    ZF, NF                ; [CPU_FPU] |291| 
    1796 00000033 650A          B         ||$C$L6||,LEQ         ; [CPU_ALU] |291| 
    1797                      ; branchcc occurs ; [] |291| 
    1798 00000034 6F0E          B         ||$C$L7||,UNC         ; [CPU_ALU] |291| 
    1799                      ; branch occurs ; [] |291| 
    1800 00000035       ||$C$L5||:    
    1801                      .dwpsn  file "/home/jose/ti/c2000/C2000Ware_MotorControl_SDK_5_04_00_00/libraries/transforms/svgen/in
    1802 00000035 E6CF          MOV32     R0H,R1H               ; [CPU_FPU] |282| 
         00000036 0008 
    1803                      .dwpsn  file "/home/jose/ti/c2000/C2000Ware_MotorControl_SDK_5_04_00_00/libraries/transforms/svgen/in
    1804 00000037 E6CF          MOV32     R4H,R3H               ; [CPU_FPU] |283| 
         00000038 001C 
    1805                      .dwpsn  file "/home/jose/ti/c2000/C2000Ware_MotorControl_SDK_5_04_00_00/libraries/transforms/svgen/in
    1806 00000039 E694          CMPF32    R5H,R0H               ; [CPU_FPU] |291| 
         0000003a 0005 
    1807 0000003b AD14          MOVST0    ZF, NF                ; [CPU_FPU] |291| 
    1808 0000003c 6206          B         ||$C$L7||,GT          ; [CPU_ALU] |291| 
    1809                      ; branchcc occurs ; [] |291| 
    1810 0000003d       ||$C$L6||:    
    1811                      .dwpsn  file "/home/jose/ti/c2000/C2000Ware_MotorControl_SDK_5_04_00_00/libraries/transforms/svgen/in
    1812 0000003d E6CF          MOV32     R2H,R5H               ; [CPU_FPU] |297| 
         0000003e 002A 
    1813 0000003f E697          MINF32    R4H,R2H               ; [CPU_FPU] |297| 
         00000040 0014 
    1814 00000041 6F03          B         ||$C$L8||,UNC         ; [CPU_ALU] |297| 
    1815                      ; branch occurs ; [] |297| 
    1816 00000042       ||$C$L7||:    
    1817                      .dwpsn  file "/home/jose/ti/c2000/C2000Ware_MotorControl_SDK_5_04_00_00/libraries/transforms/svgen/in
    1818 00000042 E6CF          MOV32     R0H,R5H               ; [CPU_FPU] |293| 
         00000043 0028 
    1819 00000044       ||$C$L8||:    
    1820                      .dwpsn  file "/home/jose/ti/c2000/C2000Ware_MotorControl_SDK_5_04_00_00/libraries/transforms/svgen/in
    1821 00000044 E710          ADDF32    R2H,R4H,R0H           ; [CPU_FPU] |301| 
         00000045 0022 
    1822                      .dwpsn  file "/home/jose/ti/c2000/C2000Ware_MotorControl_SDK_5_04_00_00/libraries/transforms/svgen/in
    1823 00000046 5200          CMPB      AL,#0                 ; [CPU_ALU] |303| 
    1824                      .dwpsn  file "/home/jose/ti/c2000/C2000Ware_MotorControl_SDK_5_04_00_00/libraries/transforms/svgen/in
    1825 00000047 E84F          MPYF32    R2H,R2H,#16128        ; [CPU_FPU] |301| 
         00000048 C012 
    1826                      .dwpsn  file "/home/jose/ti/c2000/C2000Ware_MotorControl_SDK_5_04_00_00/libraries/transforms/svgen/in
    1827 00000049 6125          B         ||$C$L10||,EQ         ; [CPU_ALU] |303| 
    1828                      ; branchcc occurs ; [] |303| 
    1829                      .dwpsn  file "/home/jose/ti/c2000/C2000Ware_MotorControl_SDK_5_04_00_00/libraries/transforms/svgen/in
    1830 0000004a 5201          CMPB      AL,#1                 ; [CPU_ALU] |310| 
    1831 0000004b 6116          B         ||$C$L9||,EQ          ; [CPU_ALU] |310| 
    1832                      ; branchcc occurs ; [] |310| 
    1833                      .dwpsn  file "/home/jose/ti/c2000/C2000Ware_MotorControl_SDK_5_04_00_00/libraries/transforms/svgen/in
TMS320C2000 Assembler Unix v25.11.0 Sun May 31 21:09:06 2026

Copyright (c) 1996-2018 Texas Instruments Incorporated
foc_pipeline.asm                                                     PAGE   38

    1834 0000004c 5202          CMPB      AL,#2                 ; [CPU_ALU] |316| 
    1835 0000004d 602D          B         ||$C$L12||,NEQ        ; [CPU_ALU] |316| 
    1836                      ; branchcc occurs ; [] |316| 
    1837                      .dwpsn  file "/home/jose/ti/c2000/C2000Ware_MotorControl_SDK_5_04_00_00/libraries/transforms/svgen/in
    1838 0000004e E720          SUBF32    R1H,R1H,R0H           ; [CPU_FPU] |318| 
         0000004f 0009 
    1839                      .dwpsn  file "/home/jose/ti/c2000/C2000Ware_MotorControl_SDK_5_04_00_00/libraries/transforms/svgen/in
    1840 00000050 E720          SUBF32    R2H,R3H,R0H           ; [CPU_FPU] |319| 
         00000051 001A 
    1841                      .dwpsn  file "/home/jose/ti/c2000/C2000Ware_MotorControl_SDK_5_04_00_00/libraries/transforms/svgen/in
    1842 00000052 E720          SUBF32    R0H,R5H,R0H           ; [CPU_FPU] |320| 
         00000053 0028 
    1843                      .dwpsn  file "/home/jose/ti/c2000/C2000Ware_MotorControl_SDK_5_04_00_00/libraries/transforms/svgen/in
    1844 00000054 E88F          ADDF32    R1H,R1H,#16128        ; [CPU_FPU] |318| 
         00000055 C009 
    1845                      .dwpsn  file "/home/jose/ti/c2000/C2000Ware_MotorControl_SDK_5_04_00_00/libraries/transforms/svgen/in
    1846 00000056 E88F          ADDF32    R2H,R2H,#16128        ; [CPU_FPU] |319| 
         00000057 C012 
    1847                      .dwpsn  file "/home/jose/ti/c2000/C2000Ware_MotorControl_SDK_5_04_00_00/libraries/transforms/svgen/in
    1848 00000058 E88F          ADDF32    R0H,R0H,#16128        ; [CPU_FPU] |320| 
         00000059 C000 
    1849                      .dwpsn  file "/home/jose/ti/c2000/C2000Ware_MotorControl_SDK_5_04_00_00/libraries/transforms/svgen/in
    1850 0000005a E203          MOV32     *+XAR5[0],R1H         ; [CPU_FPU] |318| 
         0000005b 01C5 
    1851                      .dwpsn  file "/home/jose/ti/c2000/C2000Ware_MotorControl_SDK_5_04_00_00/libraries/transforms/svgen/in
    1852 0000005c E203          MOV32     *+XAR5[2],R2H         ; [CPU_FPU] |319| 
         0000005d 02D5 
    1853                      .dwpsn  file "/home/jose/ti/c2000/C2000Ware_MotorControl_SDK_5_04_00_00/libraries/transforms/svgen/in
    1854 0000005e E203          MOV32     *+XAR5[4],R0H         ; [CPU_FPU] |320| 
         0000005f 00E5 
    1855 00000060 6F1A          B         ||$C$L12||,UNC        ; [CPU_ALU] |320| 
    1856                      ; branch occurs ; [] |320| 
    1857 00000061       ||$C$L9||:    
    1858                      .dwpsn  file "/home/jose/ti/c2000/C2000Ware_MotorControl_SDK_5_04_00_00/libraries/transforms/svgen/in
    1859 00000061 E720          SUBF32    R0H,R1H,R4H           ; [CPU_FPU] |312| 
         00000062 0108 
    1860                      .dwpsn  file "/home/jose/ti/c2000/C2000Ware_MotorControl_SDK_5_04_00_00/libraries/transforms/svgen/in
    1861 00000063 E720          SUBF32    R2H,R5H,R4H           ; [CPU_FPU] |314| 
         00000064 012A 
    1862                      .dwpsn  file "/home/jose/ti/c2000/C2000Ware_MotorControl_SDK_5_04_00_00/libraries/transforms/svgen/in
    1863 00000065 E720          SUBF32    R1H,R3H,R4H           ; [CPU_FPU] |313| 
         00000066 0119 
    1864                      .dwpsn  file "/home/jose/ti/c2000/C2000Ware_MotorControl_SDK_5_04_00_00/libraries/transforms/svgen/in
    1865 00000067 E8AF          ADDF32    R0H,R0H,#48896        ; [CPU_FPU] |312| 
         00000068 C000 
    1866                      .dwpsn  file "/home/jose/ti/c2000/C2000Ware_MotorControl_SDK_5_04_00_00/libraries/transforms/svgen/in
    1867 00000069 E8AF          ADDF32    R2H,R2H,#48896        ; [CPU_FPU] |314| 
         0000006a C012 
    1868                      .dwpsn  file "/home/jose/ti/c2000/C2000Ware_MotorControl_SDK_5_04_00_00/libraries/transforms/svgen/in
    1869 0000006b E8AF          ADDF32    R1H,R1H,#48896        ; [CPU_FPU] |313| 
         0000006c C009 
    1870 0000006d 6F07          B         ||$C$L11||,UNC        ; [CPU_ALU] 
    1871                      ; branch occurs ; [] 
    1872 0000006e       ||$C$L10||:    
    1873                      .dwpsn  file "/home/jose/ti/c2000/C2000Ware_MotorControl_SDK_5_04_00_00/libraries/transforms/svgen/in
TMS320C2000 Assembler Unix v25.11.0 Sun May 31 21:09:06 2026

Copyright (c) 1996-2018 Texas Instruments Incorporated
foc_pipeline.asm                                                     PAGE   39

    1874 0000006e E720          SUBF32    R0H,R1H,R2H           ; [CPU_FPU] |306| 
         0000006f 0088 
    1875                      .dwpsn  file "/home/jose/ti/c2000/C2000Ware_MotorControl_SDK_5_04_00_00/libraries/transforms/svgen/in
    1876 00000070 E720          SUBF32    R1H,R3H,R2H           ; [CPU_FPU] |307| 
         00000071 0099 
    1877                      .dwpsn  file "/home/jose/ti/c2000/C2000Ware_MotorControl_SDK_5_04_00_00/libraries/transforms/svgen/in
    1878 00000072 E720          SUBF32    R2H,R5H,R2H           ; [CPU_FPU] |308| 
         00000073 00AA 
    1879 00000074       ||$C$L11||:    
    1880                      .dwpsn  file "/home/jose/ti/c2000/C2000Ware_MotorControl_SDK_5_04_00_00/libraries/transforms/svgen/in
    1881 00000074 E203          MOV32     *+XAR5[0],R0H         ; [CPU_FPU] |306| 
         00000075 00C5 
    1882                      .dwpsn  file "/home/jose/ti/c2000/C2000Ware_MotorControl_SDK_5_04_00_00/libraries/transforms/svgen/in
    1883 00000076 E203          MOV32     *+XAR5[2],R1H         ; [CPU_FPU] |307| 
         00000077 01D5 
    1884                      .dwpsn  file "/home/jose/ti/c2000/C2000Ware_MotorControl_SDK_5_04_00_00/libraries/transforms/svgen/in
    1885 00000078 E203          MOV32     *+XAR5[4],R2H         ; [CPU_FPU] |308| 
         00000079 02E5 
    1886 0000007a       ||$C$L12||:    
    1887 0000007a FE82          SUBB      SP,#2                 ; [CPU_ARAU] 
    1888                      .dwcfi  cfa_offset, -8
    1889 0000007b E2AF          MOV32     R6H,*--SP             ; [CPU_FPU] 
         0000007c 06BE 
    1890                      .dwcfi  cfa_offset, -6
    1891                      .dwcfi  restore_reg, 67
    1892 0000007d E2AF          MOV32     R5H,*--SP             ; [CPU_FPU] 
         0000007e 05BE 
    1893                      .dwcfi  cfa_offset, -4
    1894                      .dwcfi  restore_reg, 63
    1895 0000007f E2AF          MOV32     R4H,*--SP             ; [CPU_FPU] 
         00000080 04BE 
    1896                      .dwcfi  cfa_offset, -2
    1897                      .dwcfi  restore_reg, 59
    1898              $C$DW$144       .dwtag  DW_TAG_TI_branch
    1899                      .dwattr $C$DW$144, DW_AT_low_pc(0x00)
    1900                      .dwattr $C$DW$144, DW_AT_TI_return
    1901              
    1902 00000081 0006          LRETR     ; [CPU_ALU] 
    1903                      ; return occurs ; [] 
    1904                      .dwattr $C$DW$130, DW_AT_TI_end_file("/home/jose/ti/c2000/C2000Ware_MotorControl_SDK_5_04_00_00/libra
    1905                      .dwattr $C$DW$130, DW_AT_TI_end_line(0x144)
    1906                      .dwattr $C$DW$130, DW_AT_TI_end_column(0x01)
    1907                      .dwendentry
    1908                      .dwendtag $C$DW$130
    1909              
    1910 00000000               .sect   ".text:foc_current_loop_isr"
    1911                      .clink
    1912                      .global ||foc_current_loop_isr||
    1913              
    1914              $C$DW$145       .dwtag  DW_TAG_subprogram
    1915                      .dwattr $C$DW$145, DW_AT_name("foc_current_loop_isr")
    1916                      .dwattr $C$DW$145, DW_AT_low_pc(||foc_current_loop_isr||)
    1917                      .dwattr $C$DW$145, DW_AT_high_pc(0x00)
    1918                      .dwattr $C$DW$145, DW_AT_linkage_name("foc_current_loop_isr")
    1919                      .dwattr $C$DW$145, DW_AT_external
TMS320C2000 Assembler Unix v25.11.0 Sun May 31 21:09:06 2026

Copyright (c) 1996-2018 Texas Instruments Incorporated
foc_pipeline.asm                                                     PAGE   40

    1920                      .dwattr $C$DW$145, DW_AT_decl_file("../src/foc_pipeline.c")
    1921                      .dwattr $C$DW$145, DW_AT_decl_line(0x6c)
    1922                      .dwattr $C$DW$145, DW_AT_decl_column(0x06)
    1923                      .dwattr $C$DW$145, DW_AT_TI_max_frame_size(-10)
    1924                      .dwpsn  file "../src/foc_pipeline.c",line 109,column 1,is_stmt,address ||foc_current_loop_isr||,isa 0
    1925              
    1926                      .dwfde $C$DW$CIE, ||foc_current_loop_isr||
    1927              
    1928              ;***************************************************************
    1929              ;* FNAME: foc_current_loop_isr          FR SIZE:   8           *
    1930              ;*                                                             *
    1931              ;* FUNCTION ENVIRONMENT                                        *
    1932              ;*                                                             *
    1933              ;* FUNCTION PROPERTIES                                         *
    1934              ;*                            2 Parameter,  0 Auto,  6 SOE     *
    1935              ;***************************************************************
    1936              
    1937              ||foc_current_loop_isr||:
    1938              ;* AR7   assigned to $O$C6
    1939              ;* AL    assigned to $O$C7
    1940              ;* AR4   assigned to $O$C8
    1941              ;* AR4   assigned to $O$C9
    1942              ;* AR4   assigned to $O$C10
    1943              ;* AR1   assigned to $O$C11
    1944              ;* AR2   assigned to $O$C12
    1945              ;* R0    assigned to $O$C13
    1946              ;* AR4   assigned to $O$C14
    1947              ;* R1    assigned to $O$C15
    1948              ;* AR2   assigned to $O$K45
    1949              ;* AR7   assigned to $O$K45
    1950              ;* AR4   assigned to $O$K45
    1951              ;* AR1   assigned to $O$K80
    1952              ;* AR6   assigned to $O$v5
    1953              ;* AR7   assigned to $O$v4
    1954              ;* AR6   assigned to $O$v3
    1955              ;* AL    assigned to $O$R2
    1956              ;* AL    assigned to $O$R3
    1957              ;* R0    assigned to $O$R5
    1958              ;* R0    assigned to $O$S1
    1959              ;* AR3   assigned to st
    1960              $C$DW$146       .dwtag  DW_TAG_variable
    1961                      .dwattr $C$DW$146, DW_AT_name("st")
    1962                      .dwattr $C$DW$146, DW_AT_type(*$C$DW$T$49)
    1963                      .dwattr $C$DW$146, DW_AT_location[DW_OP_reg10]
    1964              
    1965              ;* R1    assigned to vmax_dyn
    1966              $C$DW$147       .dwtag  DW_TAG_variable
    1967                      .dwattr $C$DW$147, DW_AT_name("vmax_dyn")
    1968                      .dwattr $C$DW$147, DW_AT_type(*$C$DW$T$16)
    1969                      .dwattr $C$DW$147, DW_AT_location[DW_OP_regx 0x2f]
    1970              
    1971              ;* AR6   assigned to cnt
    1972              $C$DW$148       .dwtag  DW_TAG_variable
    1973                      .dwattr $C$DW$148, DW_AT_name("cnt")
    1974                      .dwattr $C$DW$148, DW_AT_type(*$C$DW$T$188)
TMS320C2000 Assembler Unix v25.11.0 Sun May 31 21:09:06 2026

Copyright (c) 1996-2018 Texas Instruments Incorporated
foc_pipeline.asm                                                     PAGE   41

    1975                      .dwattr $C$DW$148, DW_AT_location[DW_OP_reg16]
    1976              
    1977              ;* AR6   assigned to diff
    1978              $C$DW$149       .dwtag  DW_TAG_variable
    1979                      .dwattr $C$DW$149, DW_AT_name("diff")
    1980                      .dwattr $C$DW$149, DW_AT_type(*$C$DW$T$188)
    1981                      .dwattr $C$DW$149, DW_AT_location[DW_OP_reg16]
    1982              
    1983              ;* AR7   assigned to direction
    1984              $C$DW$150       .dwtag  DW_TAG_variable
    1985                      .dwattr $C$DW$150, DW_AT_name("direction")
    1986                      .dwattr $C$DW$150, DW_AT_type(*$C$DW$T$176)
    1987                      .dwattr $C$DW$150, DW_AT_location[DW_OP_reg18]
    1988              
    1989              ;* R0    assigned to Th
    1990              $C$DW$151       .dwtag  DW_TAG_variable
    1991                      .dwattr $C$DW$151, DW_AT_name("Th")
    1992                      .dwattr $C$DW$151, DW_AT_type(*$C$DW$T$27)
    1993                      .dwattr $C$DW$151, DW_AT_location[DW_OP_regx 0x2b]
    1994              
    1995              ;* R0    assigned to oneOverDcBus_invV
    1996              $C$DW$152       .dwtag  DW_TAG_variable
    1997                      .dwattr $C$DW$152, DW_AT_name("oneOverDcBus_invV")
    1998                      .dwattr $C$DW$152, DW_AT_type(*$C$DW$T$27)
    1999                      .dwattr $C$DW$152, DW_AT_location[DW_OP_regx 0x2b]
    2000              
    2001              ;* R0    assigned to Th
    2002              $C$DW$153       .dwtag  DW_TAG_variable
    2003                      .dwattr $C$DW$153, DW_AT_name("Th")
    2004                      .dwattr $C$DW$153, DW_AT_type(*$C$DW$T$27)
    2005                      .dwattr $C$DW$153, DW_AT_location[DW_OP_regx 0x2b]
    2006              
    2007                      .dwcfi  cfa_offset, -2
    2008                      .dwcfi  save_reg_to_mem, 26, 0
    2009 00000000 B2BD          MOVL      *SP++,XAR1            ; [CPU_ALU] 
    2010                      .dwcfi  save_reg_to_mem, 7, 2
    2011                      .dwcfi  cfa_offset, -4
    2012 00000001 AABD          MOVL      *SP++,XAR2            ; [CPU_ALU] 
    2013                      .dwcfi  save_reg_to_mem, 9, 4
    2014                      .dwcfi  cfa_offset, -6
    2015 00000002 A2BD          MOVL      *SP++,XAR3            ; [CPU_ALU] 
    2016                      .dwcfi  save_reg_to_mem, 11, 6
    2017                      .dwcfi  cfa_offset, -8
    2018 00000003 FE02          ADDB      SP,#2                 ; [CPU_ARAU] 
    2019                      .dwcfi  cfa_offset, -10
    2020                      .dwpsn  file "../src/foc_pipeline.c",line 110,column 5,is_stmt,isa 0
    2021              $C$DW$154       .dwtag  DW_TAG_TI_branch
    2022                      .dwattr $C$DW$154, DW_AT_low_pc(0x00)
    2023                      .dwattr $C$DW$154, DW_AT_name("debug_isr_scope_high")
    2024                      .dwattr $C$DW$154, DW_AT_TI_call
    2025              
    2026 00000004 7640!         LCR       #||debug_isr_scope_high|| ; [CPU_ALU] |110| 
         00000005 0000 
    2027                      ; call occurs [#||debug_isr_scope_high||] ; [] |110| 
    2028                      .dwpsn  file "../src/foc_pipeline.c",line 115,column 20,is_stmt,isa 0
TMS320C2000 Assembler Unix v25.11.0 Sun May 31 21:09:06 2026

Copyright (c) 1996-2018 Texas Instruments Incorporated
foc_pipeline.asm                                                     PAGE   42

    2029              $C$DW$155       .dwtag  DW_TAG_TI_branch
    2030                      .dwattr $C$DW$155, DW_AT_low_pc(0x00)
    2031                      .dwattr $C$DW$155, DW_AT_name("sm_get_state")
    2032                      .dwattr $C$DW$155, DW_AT_TI_call
    2033              
    2034 00000006 7640!         LCR       #||sm_get_state||     ; [CPU_ALU] |115| 
         00000007 0000 
    2035                      ; call occurs [#||sm_get_state||] ; [] |115| 
    2036                      .dwpsn  file "/home/jose/ti/c2000/C2000Ware_26_01_00_00/driverlib/f2837xd/driverlib/eqep.h",line 489,
    2037 00000008 BFA6          MOV32     XAR6,*(0:0x5100)      ; [CPU_FPU] |489| 
         00000009 5100 
    2038 0000000a 761F!         MOVW      DP,#||g_dbg_qep_count|| ; [CPU_ARAU] 
         0000000b 0000 
    2039                      .dwpsn  file "../src/foc_pipeline.c",line 115,column 20,is_stmt,isa 0
    2040 0000000c 5BA9          MOVZ      AR3,AL                ; [CPU_ALU] |115| 
    2041                      .dwpsn  file "/home/jose/workspace_ccstheia/foc_f28379d/include/sensor_qep_inline.h",line 31,column 5
    2042 0000000d C200!         MOVL      @||g_dbg_qep_count||,XAR6 ; [CPU_ALU] |31| 
    2043 0000000e 761F!         MOVW      DP,#||g_dbg_qep_index_latch|| ; [CPU_ARAU] 
         0000000f 0000 
    2044                      .dwpsn  file "/home/jose/ti/c2000/C2000Ware_26_01_00_00/driverlib/f2837xd/driverlib/eqep.h",line 1464
    2045 00000010 BFA9          MOV32     ACC,*(0:0x5108)       ; [CPU_FPU] |1464| 
         00000011 5108 
    2046                      .dwpsn  file "/home/jose/workspace_ccstheia/foc_f28379d/include/sensor_qep_inline.h",line 32,column 5
    2047 00000012 1E00!         MOVL      @||g_dbg_qep_index_latch||,ACC ; [CPU_ALU] |32| 
    2048 00000013 761F!         MOVW      DP,#||g_dbg_qep_status|| ; [CPU_ARAU] 
         00000014 0000 
    2049                      .dwpsn  file "/home/jose/ti/c2000/C2000Ware_26_01_00_00/driverlib/f2837xd/driverlib/eqep.h",line 814,
    2050 00000015 F5A9          MOV       AL,*(0:0x511c)        ; [CPU_ALU] |814| 
         00000016 511C 
    2051 00000017 90FF          ANDB      AL,#0xff              ; [CPU_ALU] |814| 
    2052                      .dwpsn  file "/home/jose/workspace_ccstheia/foc_f28379d/include/sensor_qep_inline.h",line 33,column 5
    2053 00000018 9600!         MOV       @||g_dbg_qep_status||,AL ; [CPU_ALU] |33| 
    2054                      .dwpsn  file "/home/jose/ti/c2000/C2000Ware_26_01_00_00/driverlib/f2837xd/driverlib/eqep.h",line 547,
    2055 00000019 F5A8          MOV       AH,*(0:0x511c)        ; [CPU_ALU] |547| 
         0000001a 511C 
    2056 0000001b 45A8          TBIT      AH,#5                 ; [CPU_ALU] |547| 
    2057 0000001c 6D04          B         ||$C$L13||,TC         ; [CPU_ALU] |547| 
    2058                      ; branchcc occurs ; [] |547| 
    2059                      .dwpsn  file "/home/jose/ti/c2000/C2000Ware_26_01_00_00/driverlib/f2837xd/driverlib/eqep.h",line 553,
    2060 0000001d 76FF          MOVL      XAR7,#-1              ; [CPU_ALU] |553| 
         0000001e FFFF 
    2061 0000001f 6F02          B         ||$C$L14||,UNC        ; [CPU_ALU] |553| 
    2062                      ; branch occurs ; [] |553| 
    2063 00000020       ||$C$L13||:    
    2064                      .dwpsn  file "/home/jose/ti/c2000/C2000Ware_26_01_00_00/driverlib/f2837xd/driverlib/eqep.h",line 549,
    2065 00000020 B601          MOVB      XAR7,#1               ; [CPU_ALU] |549| 
    2066 00000021       ||$C$L14||:    
    2067 00000021 761F!         MOVW      DP,#||g_dbg_qep_direction|| ; [CPU_ARAU] 
         00000022 0000 
    2068                      .dwpsn  file "/home/jose/workspace_ccstheia/foc_f28379d/include/sensor_qep_inline.h",line 36,column 1
    2069 00000023 06A6          MOVL      ACC,XAR6              ; [CPU_ALU] |36| 
    2070                      .dwpsn  file "/home/jose/workspace_ccstheia/foc_f28379d/include/sensor_qep_inline.h",line 34,column 5
    2071 00000024 7F00!         MOV       @||g_dbg_qep_direction||,AR7 ; [CPU_ALU] |34| 
    2072 00000025 761F!         MOVW      DP,#||g_qep_mech_offset_cnt|| ; [CPU_ARAU] 
         00000026 0000 
TMS320C2000 Assembler Unix v25.11.0 Sun May 31 21:09:06 2026

Copyright (c) 1996-2018 Texas Instruments Incorporated
foc_pipeline.asm                                                     PAGE   43

    2073                      .dwpsn  file "/home/jose/workspace_ccstheia/foc_f28379d/include/sensor_qep_inline.h",line 36,column 1
    2074 00000027 0300!         SUBL      ACC,@||g_qep_mech_offset_cnt|| ; [CPU_ALU] |36| 
    2075 00000028 1EA6          MOVL      XAR6,ACC              ; [CPU_ALU] |36| 
    2076 00000029 6304          B         ||$C$L15||,GEQ        ; [CPU_ALU] |36| 
    2077                      ; branchcc occurs ; [] |36| 
    2078                      .dwpsn  file "/home/jose/workspace_ccstheia/foc_f28379d/include/sensor_qep_inline.h",line 39,column 2
    2079 0000002a FF17          ADD       ACC,#125 << 7         ; [CPU_ALU] |39| 
         0000002b 007D 
    2080 0000002c 1EA6          MOVL      XAR6,ACC              ; [CPU_ALU] |39| 
    2081 0000002d       ||$C$L15||:    
    2082                      .dwpsn  file "/home/jose/workspace_ccstheia/foc_f28379d/include/sensor_qep_inline.h",line 40,column 5
    2083 0000002d FF20          MOV       ACC,#16000            ; [CPU_ALU] |40| 
         0000002e 3E80 
    2084 0000002f 0FA6          CMPL      ACC,XAR6              ; [CPU_ALU] |40| 
    2085 00000030 6205          B         ||$C$L16||,GT         ; [CPU_ALU] |40| 
    2086                      ; branchcc occurs ; [] |40| 
    2087 00000031 06A6          MOVL      ACC,XAR6              ; [CPU_ALU] 
    2088                      .dwpsn  file "/home/jose/workspace_ccstheia/foc_f28379d/include/sensor_qep_inline.h",line 40,column 3
    2089 00000032 FF07          SUB       ACC,#125 << 7         ; [CPU_ALU] |40| 
         00000033 007D 
    2090 00000034 1EA6          MOVL      XAR6,ACC              ; [CPU_ALU] |40| 
    2091 00000035       ||$C$L16||:    
    2092                      .dwpsn  file "/home/jose/workspace_ccstheia/foc_f28379d/include/sensor_qep_inline.h",line 45,column 5
    2093 00000035 BDA6          MOV32     R1H,XAR6              ; [CPU_FPU] |45| 
         00000036 0F16 
    2094 00000037 7700          NOP       ; [CPU_ALU] 
    2095 00000038 7700          NOP       ; [CPU_ALU] 
    2096 00000039 7700          NOP       ; [CPU_ALU] 
    2097 0000003a E801          MOVIZ     R0H,#14467            ; [CPU_FPU] |45| 
         0000003b C418 
    2098 0000003c E689          I32TOF32  R1H,R1H               ; [CPU_FPU] |45| 
         0000003d 0009 
    2099 0000003e E808          MOVXI     R0H,#4719             ; [CPU_FPU] |45| 
         0000003f 9378 
    2100 00000040 E700          MPYF32    R0H,R0H,R1H           ; [CPU_FPU] |45| 
         00000041 0040 
    2101 00000042 7700          NOP       ; [CPU_ALU] 
    2102 00000043 E850          MPYF32    R1H,R0H,#16512        ; [CPU_FPU] |45| 
         00000044 2001 
    2103 00000045 E802          MOVIZ     R3H,#16585            ; [CPU_FPU] |45| 
         00000046 064B 
    2104 00000047 E688          F32TOI32  R0H,R1H               ; [CPU_FPU] |45| 
         00000048 0008 
    2105 00000049 92A3          MOV       AL,AR3                ; [CPU_ALU] |45| 
    2106 0000004a E689          I32TOF32  R2H,R0H               ; [CPU_FPU] |45| 
         0000004b 0002 
    2107 0000004c 761F!         MOVW      DP,#||g_qep_theta_elec|| ; [CPU_ARAU] 
         0000004d 0000 
    2108 0000004e E720          SUBF32    R1H,R1H,R2H           ; [CPU_FPU] |45| 
         0000004f 0089 
    2109 00000050 E808          MOVXI     R3H,#4059             ; [CPU_FPU] |45| 
         00000051 7EDB 
    2110 00000052 E700          MPYF32    R0H,R3H,R1H           ; [CPU_FPU] |45| 
         00000053 0058 
    2111                      .dwpsn  file "../src/foc_pipeline.c",line 117,column 5,is_stmt,isa 0
TMS320C2000 Assembler Unix v25.11.0 Sun May 31 21:09:06 2026

Copyright (c) 1996-2018 Texas Instruments Incorporated
foc_pipeline.asm                                                     PAGE   44

    2112 00000054 5202          CMPB      AL,#2                 ; [CPU_ALU] |117| 
    2113                      .dwpsn  file "/home/jose/workspace_ccstheia/foc_f28379d/include/sensor_qep_inline.h",line 45,column 5
    2114 00000055 E203!         MOV32     @||g_qep_theta_elec||,R0H ; [CPU_FPU] |45| 
         00000056 0000 
    2115                      .dwpsn  file "../src/foc_pipeline.c",line 117,column 5,is_stmt,isa 0
    2116 00000057 6003          B         ||$C$L17||,NEQ        ; [CPU_ALU] |117| 
    2117                      ; branchcc occurs ; [] |117| 
    2118 00000058 E590          ZERO      R0H                   ; [CPU_FPU] |117| 
    2119 00000059 6F03          B         ||$C$L18||,UNC        ; [CPU_ALU] |117| 
    2120                      ; branch occurs ; [] |117| 
    2121 0000005a       ||$C$L17||:    
    2122 0000005a E2AF!         MOV32     R0H,@||g_qep_theta_elec|| ; [CPU_FPU] |117| 
         0000005b 0000 
    2123 0000005c       ||$C$L18||:    
    2124 0000005c 8D80!         MOVL      XAR2,#||s_sig||       ; [CPU_ARAU] |117| 
         0000005d 0000 
    2125 0000005e 8AA2          MOVL      XAR4,XAR2             ; [CPU_ALU] |117| 
    2126 0000005f D11C          MOVB      XAR1,#28              ; [CPU_ALU] |117| 
    2127 00000060 761F!         MOVW      DP,#||g_qep_omega_elec|| ; [CPU_ARAU] 
         00000061 0000 
    2128                      .dwpsn  file "../src/foc_pipeline.c",line 118,column 5,is_stmt,isa 0
    2129 00000062 D01E          MOVB      XAR0,#30              ; [CPU_ALU] |118| 
    2130                      .dwpsn  file "../src/foc_pipeline.c",line 117,column 5,is_stmt,isa 0
    2131 00000063 E203          MOV32     *+XAR4[AR1],R0H       ; [CPU_FPU] |117| 
         00000064 009C 
    2132                      .dwpsn  file "/home/jose/workspace_ccstheia/foc_f28379d/include/sensor_qep_inline.h",line 52,column 5
    2133 00000065 E2AF!         MOV32     R0H,@||g_qep_omega_elec|| ; [CPU_FPU] |52| 
         00000066 0000 
    2134                      .dwpsn  file "../src/foc_pipeline.c",line 118,column 5,is_stmt,isa 0
    2135 00000067 E203          MOV32     *+XAR4[AR0],R0H       ; [CPU_FPU] |118| 
         00000068 0094 
    2136                      .dwpsn  file "../src/foc_pipeline.c",line 121,column 5,is_stmt,isa 0
    2137              $C$DW$156       .dwtag  DW_TAG_TI_branch
    2138                      .dwattr $C$DW$156, DW_AT_low_pc(0x00)
    2139                      .dwattr $C$DW$156, DW_AT_name("adc_read_phase_currents")
    2140                      .dwattr $C$DW$156, DW_AT_TI_call
    2141              
    2142 00000069 7640!         LCR       #||adc_read_phase_currents|| ; [CPU_ALU] |121| 
         0000006a 0000 
    2143                      ; call occurs [#||adc_read_phase_currents||] ; [] |121| 
    2144 0000006b 761F!         MOVW      DP,#||s_clarke||      ; [CPU_ARAU] 
         0000006c 0000 
    2145                      .dwpsn  file "../src/foc_pipeline.c",line 122,column 5,is_stmt,isa 0
    2146 0000006d AAA9          MOVL      ACC,XAR2              ; [CPU_ALU] |122| 
    2147 0000006e 83A2          MOVL      XAR5,XAR2             ; [CPU_ALU] |122| 
    2148 0000006f 8A00!         MOVL      XAR4,@||s_clarke||    ; [CPU_ALU] |122| 
    2149 00000070 0906          ADDB      ACC,#6                ; [CPU_ALU] |122| 
    2150 00000071 1E42          MOVL      *-SP[2],ACC           ; [CPU_ALU] |122| 
    2151              $C$DW$157       .dwtag  DW_TAG_TI_branch
    2152                      .dwattr $C$DW$157, DW_AT_low_pc(0x00)
    2153                      .dwattr $C$DW$157, DW_AT_name("CLARKE_run")
    2154                      .dwattr $C$DW$157, DW_AT_TI_call
    2155              
    2156 00000072 7640!         LCR       #||CLARKE_run||       ; [CPU_ALU] |122| 
         00000073 0000 
TMS320C2000 Assembler Unix v25.11.0 Sun May 31 21:09:06 2026

Copyright (c) 1996-2018 Texas Instruments Incorporated
foc_pipeline.asm                                                     PAGE   45

    2157                      ; call occurs [#||CLARKE_run||] ; [] |122| 
    2158 00000074 C5A2          MOVL      XAR7,XAR2             ; [CPU_ALU] |122| 
    2159                      .dwpsn  file "/home/jose/ti/c2000/C2000Ware_MotorControl_SDK_5_04_00_00/libraries/transforms/park/inc
    2160 00000075 D01C          MOVB      XAR0,#28              ; [CPU_ALU] |283| 
    2161                      .dwpsn  file "../src/foc_pipeline.c",line 124,column 5,is_stmt,isa 0
    2162 00000076 AAA9          MOVL      ACC,XAR2              ; [CPU_ALU] |124| 
    2163                      .dwpsn  file "/home/jose/ti/c2000/C2000Ware_MotorControl_SDK_5_04_00_00/libraries/transforms/park/inc
    2164 00000077 E2AF          MOV32     R0H,*+XAR7[AR0]       ; [CPU_FPU] |283| 
         00000078 0097 
    2165                      .dwpsn  file "/home/jose/ti/c2000/C2000Ware_MotorControl_SDK_5_04_00_00/libraries/transforms/park/inc
    2166 00000079 8A00!         MOVL      XAR4,@||s_park||      ; [CPU_ALU] |290| 
    2167 0000007a E271          DIV2PIF32 R1H,R0H               ; [CPU_FPU] |290| 
         0000007b 0001 
    2168                      .dwpsn  file "/home/jose/ti/c2000/C2000Ware_MotorControl_SDK_5_04_00_00/libraries/transforms/park/inc
    2169 0000007c E271          DIV2PIF32 R0H,R0H               ; [CPU_FPU] |291| 
         0000007d 0000 
    2170                      .dwpsn  file "/home/jose/ti/c2000/C2000Ware_MotorControl_SDK_5_04_00_00/libraries/transforms/park/inc
    2171 0000007e E278          SINPUF32  R1H,R1H               ; [CPU_FPU] |290| 
         0000007f 0009 
    2172                      .dwpsn  file "/home/jose/ti/c2000/C2000Ware_MotorControl_SDK_5_04_00_00/libraries/transforms/park/inc
    2173 00000080 E279          COSPUF32  R0H,R0H               ; [CPU_FPU] |291| 
         00000081 0000 
    2174                      .dwpsn  file "../src/foc_pipeline.c",line 124,column 5,is_stmt,isa 0
    2175 00000082 090A          ADDB      ACC,#10               ; [CPU_ALU] |124| 
    2176 00000083 DD06          ADDB      XAR5,#6               ; [CPU_ALU] |124| 
    2177                      .dwpsn  file "/home/jose/ti/c2000/C2000Ware_MotorControl_SDK_5_04_00_00/libraries/transforms/park/inc
    2178 00000084 E203          MOV32     *+XAR4[0],R1H         ; [CPU_FPU] |290| 
         00000085 01C4 
    2179                      .dwpsn  file "/home/jose/ti/c2000/C2000Ware_MotorControl_SDK_5_04_00_00/libraries/transforms/park/inc
    2180 00000086 E203          MOV32     *+XAR4[2],R0H         ; [CPU_FPU] |291| 
         00000087 00D4 
    2181                      .dwpsn  file "../src/foc_pipeline.c",line 124,column 5,is_stmt,isa 0
    2182 00000088 1E42          MOVL      *-SP[2],ACC           ; [CPU_FPU] |124| 
    2183              $C$DW$158       .dwtag  DW_TAG_TI_branch
    2184                      .dwattr $C$DW$158, DW_AT_low_pc(0x00)
    2185                      .dwattr $C$DW$158, DW_AT_name("PARK_run")
    2186                      .dwattr $C$DW$158, DW_AT_TI_call
    2187              
    2188 00000089 7640!         LCR       #||PARK_run||         ; [CPU_ALU] |124| 
         0000008a 0000 
    2189                      ; call occurs [#||PARK_run||] ; [] |124| 
    2190                      .dwpsn  file "/home/jose/ti/c2000/C2000Ware_MotorControl_SDK_5_04_00_00/libraries/control/pi/include/
    2191 0000008b D10C          MOVB      XAR1,#12              ; [CPU_ALU] |422| 
    2192                      .dwpsn  file "/home/jose/ti/c2000/C2000Ware_MotorControl_SDK_5_04_00_00/libraries/control/pi/include/
    2193 0000008c D00E          MOVB      XAR0,#14              ; [CPU_ALU] |423| 
    2194                      .dwpsn  file "/home/jose/ti/c2000/C2000Ware_MotorControl_SDK_5_04_00_00/libraries/control/pi/include/
    2195 0000008d 92A3          MOV       AL,AR3                ; [CPU_ALU] |422| 
    2196                      .dwpsn  file "../src/foc_pipeline.c",line 135,column 5,is_stmt,isa 0
    2197 0000008e 5203          CMPB      AL,#3                 ; [CPU_ALU] |135| 
    2198                      .dwpsn  file "../src/foc_pipeline.c",line 130,column 24,is_stmt,isa 0
    2199 0000008f E801          MOVIZ     R0H,#16025            ; [CPU_FPU] |130| 
         00000090 F4C8 
    2200 00000091 E2AF!         MOV32     R1H,@||s_refs||+6     ; [CPU_FPU] |130| 
         00000092 0106 
    2201 00000093 E80C          MOVXI     R0H,#39322            ; [CPU_FPU] |130| 
TMS320C2000 Assembler Unix v25.11.0 Sun May 31 21:09:06 2026

Copyright (c) 1996-2018 Texas Instruments Incorporated
foc_pipeline.asm                                                     PAGE   46

         00000094 CCD0 
    2202 00000095 E700          MPYF32    R0H,R0H,R1H           ; [CPU_FPU] |130| 
         00000096 0040 
    2203                      .dwpsn  file "/home/jose/ti/c2000/C2000Ware_MotorControl_SDK_5_04_00_00/libraries/control/pi/include/
    2204 00000097 C400!         MOVL      XAR6,@||s_pi_id||     ; [CPU_ALU] |419| 
    2205                      .dwpsn  file "../src/foc_pipeline.c",line 130,column 24,is_stmt,isa 0
    2206 00000098 E84F          MPYF32    R1H,R0H,#16128        ; [CPU_FPU] |130| 
         00000099 C001 
    2207                      .dwpsn  file "/home/jose/ti/c2000/C2000Ware_MotorControl_SDK_5_04_00_00/libraries/control/pi/include/
    2208 0000009a C500!         MOVL      XAR7,@||s_pi_iq||     ; [CPU_ALU] |419| 
    2209                      .dwpsn  file "/home/jose/ti/c2000/C2000Ware_MotorControl_SDK_5_04_00_00/libraries/control/pi/include/
    2210 0000009b E6CF          MOV32     R0H,R1H               ; [CPU_FPU] |422| 
         0000009c 0008 
    2211                      .dwpsn  file "/home/jose/ti/c2000/C2000Ware_MotorControl_SDK_5_04_00_00/libraries/control/pi/include/
    2212 0000009d E203          MOV32     *+XAR6[AR0],R1H       ; [CPU_FPU] |423| 
         0000009e 0196 
    2213                      .dwpsn  file "/home/jose/ti/c2000/C2000Ware_MotorControl_SDK_5_04_00_00/libraries/control/pi/include/
    2214 0000009f E6AF          NEGF32    R0H,R0H               ; [CPU_FPU] |422| 
         000000a0 0000 
    2215 000000a1 D00C          MOVB      XAR0,#12              ; [CPU_ALU] |422| 
    2216 000000a2 E203          MOV32     *+XAR6[AR0],R0H       ; [CPU_FPU] |422| 
         000000a3 0096 
    2217                      .dwpsn  file "/home/jose/ti/c2000/C2000Ware_MotorControl_SDK_5_04_00_00/libraries/control/pi/include/
    2218 000000a4 D00E          MOVB      XAR0,#14              ; [CPU_ALU] |423| 
    2219                      .dwpsn  file "/home/jose/ti/c2000/C2000Ware_MotorControl_SDK_5_04_00_00/libraries/control/pi/include/
    2220 000000a5 E203          MOV32     *+XAR7[AR1],R0H       ; [CPU_FPU] |422| 
         000000a6 009F 
    2221                      .dwpsn  file "/home/jose/ti/c2000/C2000Ware_MotorControl_SDK_5_04_00_00/libraries/control/pi/include/
    2222 000000a7 E203          MOV32     *+XAR7[AR0],R1H       ; [CPU_FPU] |423| 
         000000a8 0197 
    2223                      .dwpsn  file "../src/foc_pipeline.c",line 135,column 5,is_stmt,isa 0
    2224 000000a9 6103          B         ||$C$L19||,EQ         ; [CPU_ALU] |135| 
    2225                      ; branchcc occurs ; [] |135| 
    2226 000000aa 5202          CMPB      AL,#2                 ; [CPU_ALU] |135| 
    2227 000000ab 603E          B         ||$C$L22||,NEQ        ; [CPU_ALU] |135| 
    2228                      ; branchcc occurs ; [] |135| 
    2229 000000ac       ||$C$L19||:    
    2230                      .dwpsn  file "../src/foc_pipeline.c",line 137,column 9,is_stmt,isa 0
    2231 000000ac D00A          MOVB      XAR0,#10              ; [CPU_ALU] |137| 
    2232 000000ad 8D40!         MOVL      XAR1,#||s_sig||       ; [CPU_ARAU] |137| 
         000000ae 0000 
    2233 000000af 83A2          MOVL      XAR5,XAR2             ; [CPU_ALU] |137| 
    2234 000000b0 E2AF          MOV32     R1H,*+XAR1[AR0]       ; [CPU_FPU] |137| 
         000000b1 0191 
    2235 000000b2 8AA6          MOVL      XAR4,XAR6             ; [CPU_ALU] |137| 
    2236 000000b3 E2AF!         MOV32     R0H,@||s_refs||       ; [CPU_FPU] |137| 
         000000b4 0000 
    2237 000000b5 DD0E          ADDB      XAR5,#14              ; [CPU_ALU] |137| 
    2238              $C$DW$159       .dwtag  DW_TAG_TI_branch
    2239                      .dwattr $C$DW$159, DW_AT_low_pc(0x00)
    2240                      .dwattr $C$DW$159, DW_AT_name("PI_run")
    2241                      .dwattr $C$DW$159, DW_AT_TI_call
    2242              
    2243 000000b6 7640!         LCR       #||PI_run||           ; [CPU_ALU] |137| 
         000000b7 0000 
TMS320C2000 Assembler Unix v25.11.0 Sun May 31 21:09:06 2026

Copyright (c) 1996-2018 Texas Instruments Incorporated
foc_pipeline.asm                                                     PAGE   47

    2244                      ; call occurs [#||PI_run||] ; [] |137| 
    2245                      .dwpsn  file "../src/foc_pipeline.c",line 138,column 9,is_stmt,isa 0
    2246 000000b8 83A2          MOVL      XAR5,XAR2             ; [CPU_ALU] |138| 
    2247 000000b9 D00C          MOVB      XAR0,#12              ; [CPU_ALU] |138| 
    2248 000000ba 8AA7          MOVL      XAR4,XAR7             ; [CPU_ALU] |138| 
    2249 000000bb E2AF          MOV32     R1H,*+XAR1[AR0]       ; [CPU_FPU] |138| 
         000000bc 0191 
    2250 000000bd DD10          ADDB      XAR5,#16              ; [CPU_ALU] |138| 
    2251 000000be E2AF!         MOV32     R0H,@||s_refs||+2     ; [CPU_FPU] |138| 
         000000bf 0002 
    2252              $C$DW$160       .dwtag  DW_TAG_TI_branch
    2253                      .dwattr $C$DW$160, DW_AT_low_pc(0x00)
    2254                      .dwattr $C$DW$160, DW_AT_name("PI_run")
    2255                      .dwattr $C$DW$160, DW_AT_TI_call
    2256              
    2257 000000c0 7640!         LCR       #||PI_run||           ; [CPU_ALU] |138| 
         000000c1 0000 
    2258                      ; call occurs [#||PI_run||] ; [] |138| 
    2259                      .dwpsn  file "../src/foc_pipeline.c",line 143,column 9,is_stmt,isa 0
    2260 000000c2 5202          CMPB      AL,#2                 ; [CPU_ALU] |143| 
    2261                      .dwpsn  file "../src/foc_pipeline.c",line 137,column 9,is_stmt,isa 0
    2262 000000c3 D90E          ADDB      XAR1,#14              ; [CPU_ALU] |137| 
    2263                      .dwpsn  file "../src/foc_pipeline.c",line 143,column 9,is_stmt,isa 0
    2264 000000c4 6036          B         ||$C$L23||,NEQ        ; [CPU_ALU] |143| 
    2265                      ; branchcc occurs ; [] |143| 
    2266 000000c5 E2AF!         MOV32     R0H,@||g_dbg_openloop_vd|| ; [CPU_FPU] |143| 
         000000c6 0000 
    2267 000000c7 E5A0          CMPF32    R0H,#0                ; [CPU_FPU] |143| 
    2268 000000c8 AD14          MOVST0    ZF, NF                ; [CPU_FPU] |143| 
    2269 000000c9 6006          B         ||$C$L20||,NEQ        ; [CPU_ALU] |143| 
    2270                      ; branchcc occurs ; [] |143| 
    2271 000000ca E2AF!         MOV32     R0H,@||g_dbg_openloop_vq|| ; [CPU_FPU] |143| 
         000000cb 0000 
    2272 000000cc E5A0          CMPF32    R0H,#0                ; [CPU_FPU] |143| 
    2273 000000cd AD14          MOVST0    ZF, NF                ; [CPU_FPU] |143| 
    2274 000000ce 610F          B         ||$C$L21||,EQ         ; [CPU_ALU] |143| 
    2275                      ; branchcc occurs ; [] |143| 
    2276 000000cf       ||$C$L20||:    
    2277                      .dwpsn  file "/home/jose/ti/c2000/C2000Ware_MotorControl_SDK_5_04_00_00/libraries/control/pi/include/
    2278 000000cf E590          ZERO      R0H                   ; [CPU_FPU] |507| 
    2279 000000d0 E591          ZERO      R1H                   ; [CPU_FPU] |507| 
    2280                      .dwpsn  file "../src/foc_pipeline.c",line 146,column 13,is_stmt,isa 0
    2281 000000d1 D00E          MOVB      XAR0,#14              ; [CPU_ALU] |146| 
    2282 000000d2 0600!         MOVL      ACC,@||g_dbg_openloop_vd|| ; [CPU_ALU] |146| 
    2283 000000d3 8F00!         MOVL      XAR4,#||s_sig||       ; [CPU_ARAU] |146| 
         000000d4 0000 
    2284                      .dwpsn  file "/home/jose/ti/c2000/C2000Ware_MotorControl_SDK_5_04_00_00/libraries/control/pi/include/
    2285 000000d5 E203          MOV32     *+XAR7[4],R0H         ; [CPU_FPU] |507| 
         000000d6 00E7 
    2286 000000d7 E203          MOV32     *+XAR6[4],R1H         ; [CPU_FPU] |507| 
         000000d8 01E6 
    2287                      .dwpsn  file "../src/foc_pipeline.c",line 146,column 13,is_stmt,isa 0
    2288 000000d9 1E94          MOVL      *+XAR4[AR0],ACC       ; [CPU_ALU] |146| 
    2289                      .dwpsn  file "../src/foc_pipeline.c",line 147,column 13,is_stmt,isa 0
    2290 000000da D010          MOVB      XAR0,#16              ; [CPU_ALU] |147| 
TMS320C2000 Assembler Unix v25.11.0 Sun May 31 21:09:06 2026

Copyright (c) 1996-2018 Texas Instruments Incorporated
foc_pipeline.asm                                                     PAGE   48

    2291 000000db 0600!         MOVL      ACC,@||g_dbg_openloop_vq|| ; [CPU_ALU] |147| 
    2292 000000dc 1E94          MOVL      *+XAR4[AR0],ACC       ; [CPU_ALU] |147| 
    2293 000000dd       ||$C$L21||:    
    2294                      .dwpsn  file "../src/foc_pipeline.c",line 162,column 9,is_stmt,isa 0
    2295 000000dd D00A          MOVB      XAR0,#10              ; [CPU_ALU] |162| 
    2296 000000de 8F00!         MOVL      XAR4,#||s_sig||       ; [CPU_ARAU] |162| 
         000000df 0000 
    2297 000000e0 0694          MOVL      ACC,*+XAR4[AR0]       ; [CPU_ALU] |162| 
    2298                      .dwpsn  file "../src/foc_pipeline.c",line 163,column 9,is_stmt,isa 0
    2299 000000e1 D00C          MOVB      XAR0,#12              ; [CPU_ALU] |163| 
    2300                      .dwpsn  file "../src/foc_pipeline.c",line 162,column 9,is_stmt,isa 0
    2301 000000e2 1E00!         MOVL      @||g_dbg_align_id_meas||,ACC ; [CPU_ALU] |162| 
    2302                      .dwpsn  file "../src/foc_pipeline.c",line 163,column 9,is_stmt,isa 0
    2303 000000e3 0694          MOVL      ACC,*+XAR4[AR0]       ; [CPU_ALU] |163| 
    2304                      .dwpsn  file "../src/foc_pipeline.c",line 164,column 9,is_stmt,isa 0
    2305 000000e4 D00E          MOVB      XAR0,#14              ; [CPU_ALU] |164| 
    2306                      .dwpsn  file "../src/foc_pipeline.c",line 163,column 9,is_stmt,isa 0
    2307 000000e5 1E00!         MOVL      @||g_dbg_align_iq_meas||,ACC ; [CPU_ALU] |163| 
    2308                      .dwpsn  file "../src/foc_pipeline.c",line 164,column 9,is_stmt,isa 0
    2309 000000e6 0694          MOVL      ACC,*+XAR4[AR0]       ; [CPU_ALU] |164| 
    2310 000000e7 1E00!         MOVL      @||g_dbg_align_vd||,ACC ; [CPU_ALU] |164| 
    2311 000000e8 6F12          B         ||$C$L23||,UNC        ; [CPU_ALU] |164| 
    2312                      ; branch occurs ; [] |164| 
    2313 000000e9       ||$C$L22||:    
    2314                      .dwpsn  file "../src/foc_pipeline.c",line 154,column 9,is_stmt,isa 0
    2315 000000e9 E593          ZERO      R3H                   ; [CPU_FPU] |154| 
    2316 000000ea 761F!         MOVW      DP,#||s_sig||+14      ; [CPU_ARAU] 
         000000eb 0000 
    2317                      .dwpsn  file "/home/jose/ti/c2000/C2000Ware_MotorControl_SDK_5_04_00_00/libraries/control/pi/include/
    2318 000000ec E591          ZERO      R1H                   ; [CPU_FPU] |507| 
    2319 000000ed E590          ZERO      R0H                   ; [CPU_FPU] |507| 
    2320                      .dwpsn  file "../src/foc_pipeline.c",line 155,column 9,is_stmt,isa 0
    2321 000000ee D010          MOVB      XAR0,#16              ; [CPU_ALU] |155| 
    2322 000000ef E592          ZERO      R2H                   ; [CPU_FPU] |155| 
    2323                      .dwpsn  file "../src/foc_pipeline.c",line 154,column 9,is_stmt,isa 0
    2324 000000f0 8BA2          MOVL      XAR1,XAR2             ; [CPU_ALU] |154| 
    2325 000000f1 E203!         MOV32     @||s_sig||+14,R3H     ; [CPU_FPU] |154| 
         000000f2 030E 
    2326                      .dwpsn  file "/home/jose/ti/c2000/C2000Ware_MotorControl_SDK_5_04_00_00/libraries/control/pi/include/
    2327 000000f3 E203          MOV32     *+XAR6[4],R1H         ; [CPU_FPU] |507| 
         000000f4 01E6 
    2328 000000f5 E203          MOV32     *+XAR7[4],R0H         ; [CPU_FPU] |507| 
         000000f6 00E7 
    2329                      .dwpsn  file "../src/foc_pipeline.c",line 155,column 9,is_stmt,isa 0
    2330 000000f7 E203          MOV32     *+XAR2[AR0],R2H       ; [CPU_FPU] |155| 
         000000f8 0292 
    2331                      .dwpsn  file "../src/foc_pipeline.c",line 154,column 9,is_stmt,isa 0
    2332 000000f9 D90E          ADDB      XAR1,#14              ; [CPU_ALU] |154| 
    2333 000000fa       ||$C$L23||:    
    2334                      .dwpsn  file "../src/foc_pipeline.c",line 175,column 5,is_stmt,isa 0
    2335              $C$DW$161       .dwtag  DW_TAG_TI_branch
    2336                      .dwattr $C$DW$161, DW_AT_low_pc(0x00)
    2337                      .dwattr $C$DW$161, DW_AT_name("adc_read_vbus")
    2338                      .dwattr $C$DW$161, DW_AT_TI_call
    2339              
TMS320C2000 Assembler Unix v25.11.0 Sun May 31 21:09:06 2026

Copyright (c) 1996-2018 Texas Instruments Incorporated
foc_pipeline.asm                                                     PAGE   49

    2340 000000fa 7640!         LCR       #||adc_read_vbus||    ; [CPU_ALU] |175| 
         000000fb 0000 
    2341                      ; call occurs [#||adc_read_vbus||] ; [] |175| 
    2342 000000fc 761F!         MOVW      DP,#||s_refs||+6      ; [CPU_ARAU] 
         000000fd 0000 
    2343                      .dwpsn  file "/home/jose/ti/c2000/C2000Ware_MotorControl_SDK_5_04_00_00/libraries/transforms/svgen/in
    2344 000000fe E801          MOVIZ     R1H,#16256            ; [CPU_FPU] |158| 
         000000ff FC01 
    2345                      .dwpsn  file "../src/foc_pipeline.c",line 175,column 5,is_stmt,isa 0
    2346 00000100 E203!         MOV32     @||s_refs||+6,R0H     ; [CPU_FPU] |175| 
         00000101 0006 
    2347                      .dwpsn  file "/home/jose/ti/c2000/C2000Ware_MotorControl_SDK_5_04_00_00/libraries/transforms/svgen/in
    2348 00000102 E2AF!         MOV32     R0H,@||s_refs||+6     ; [CPU_FPU] |158| 
         00000103 0006 
    2349 00000104 E274          DIVF32    R0H,R1H,R0H           ; [CPU_FPU] |158| 
         00000105 0008 
    2350 00000106 7700          NOP       ; [CPU_ALU] 
    2351 00000107 C400!         MOVL      XAR6,@||s_svgen||     ; [CPU_ALU] |158| 
    2352                      .dwpsn  file "/home/jose/ti/c2000/C2000Ware_MotorControl_SDK_5_04_00_00/libraries/transforms/svgen/in
    2353 00000108 92A3          MOV       AL,AR3                ; [CPU_ALU] |161| 
    2354                      .dwpsn  file "../src/foc_pipeline.c",line 178,column 5,is_stmt,isa 0
    2355 00000109 5203          CMPB      AL,#3                 ; [CPU_ALU] |178| 
    2356                      .dwpsn  file "/home/jose/ti/c2000/C2000Ware_MotorControl_SDK_5_04_00_00/libraries/transforms/svgen/in
    2357 0000010a E203          MOV32     *+XAR6[0],R0H         ; [CPU_FPU] |161| 
         0000010b 00C6 
    2358                      .dwpsn  file "../src/foc_pipeline.c",line 178,column 5,is_stmt,isa 0
    2359 0000010c 610C          B         ||$C$L24||,EQ         ; [CPU_ALU] |178| 
    2360                      ; branchcc occurs ; [] |178| 
    2361 0000010d 5202          CMPB      AL,#2                 ; [CPU_ALU] |178| 
    2362 0000010e 610A          B         ||$C$L24||,EQ         ; [CPU_ALU] |178| 
    2363                      ; branchcc occurs ; [] |178| 
    2364                      .dwpsn  file "../src/foc_pipeline.c",line 187,column 9,is_stmt,isa 0
    2365              $C$DW$162       .dwtag  DW_TAG_TI_branch
    2366                      .dwattr $C$DW$162, DW_AT_low_pc(0x00)
    2367                      .dwattr $C$DW$162, DW_AT_name("pwm_force_safe")
    2368                      .dwattr $C$DW$162, DW_AT_TI_call
    2369              
    2370 0000010f 7640!         LCR       #||pwm_force_safe||   ; [CPU_ALU] |187| 
         00000110 0000 
    2371                      ; call occurs [#||pwm_force_safe||] ; [] |187| 
    2372 00000111 761F!         MOVW      DP,#||s_decim||       ; [CPU_ARAU] 
         00000112 0000 
    2373                      .dwpsn  file "../src/foc_pipeline.c",line 191,column 5,is_stmt,isa 0
    2374 00000113 0A00!         INC       @||s_decim||          ; [CPU_ALU] |191| 
    2375 00000114 9200!         MOV       AL,@||s_decim||       ; [CPU_ALU] |191| 
    2376 00000115 520A          CMPB      AL,#10                ; [CPU_ALU] |191| 
    2377 00000116 672B          B         ||$C$L25||,HIS        ; [CPU_ALU] |191| 
    2378                      ; branchcc occurs ; [] |191| 
    2379 00000117 6F2D          B         ||$C$L26||,UNC        ; [CPU_ALU] |191| 
    2380                      ; branch occurs ; [] |191| 
    2381 00000118       ||$C$L24||:    
    2382 00000118 761F!         MOVW      DP,#||s_sig||+28      ; [CPU_ARAU] 
         00000119 0000 
    2383                      .dwpsn  file "/home/jose/ti/c2000/C2000Ware_MotorControl_SDK_5_04_00_00/libraries/transforms/ipark/in
    2384 0000011a E2AF!         MOV32     R0H,@||s_sig||+28     ; [CPU_FPU] |278| 
TMS320C2000 Assembler Unix v25.11.0 Sun May 31 21:09:06 2026

Copyright (c) 1996-2018 Texas Instruments Incorporated
foc_pipeline.asm                                                     PAGE   50

         0000011b 001C 
    2385                      .dwpsn  file "../src/foc_pipeline.c",line 181,column 9,is_stmt,isa 0
    2386 0000011c AAA9          MOVL      ACC,XAR2              ; [CPU_ALU] |181| 
    2387 0000011d 761F!         MOVW      DP,#||s_ipark||       ; [CPU_ARAU] 
         0000011e 0000 
    2388                      .dwpsn  file "/home/jose/ti/c2000/C2000Ware_MotorControl_SDK_5_04_00_00/libraries/transforms/ipark/in
    2389 0000011f E271          DIV2PIF32 R1H,R0H               ; [CPU_FPU] |285| 
         00000120 0001 
    2390 00000121 8A00!         MOVL      XAR4,@||s_ipark||     ; [CPU_ALU] |285| 
    2391                      .dwpsn  file "/home/jose/ti/c2000/C2000Ware_MotorControl_SDK_5_04_00_00/libraries/transforms/ipark/in
    2392 00000122 E271          DIV2PIF32 R0H,R0H               ; [CPU_FPU] |286| 
         00000123 0000 
    2393                      .dwpsn  file "/home/jose/ti/c2000/C2000Ware_MotorControl_SDK_5_04_00_00/libraries/transforms/ipark/in
    2394 00000124 E278          SINPUF32  R1H,R1H               ; [CPU_FPU] |285| 
         00000125 0009 
    2395                      .dwpsn  file "/home/jose/ti/c2000/C2000Ware_MotorControl_SDK_5_04_00_00/libraries/transforms/ipark/in
    2396 00000126 E279          COSPUF32  R0H,R0H               ; [CPU_FPU] |286| 
         00000127 0000 
    2397                      .dwpsn  file "../src/foc_pipeline.c",line 181,column 9,is_stmt,isa 0
    2398 00000128 83A1          MOVL      XAR5,XAR1             ; [CPU_ALU] |181| 
    2399 00000129 0912          ADDB      ACC,#18               ; [CPU_ALU] |181| 
    2400                      .dwpsn  file "/home/jose/ti/c2000/C2000Ware_MotorControl_SDK_5_04_00_00/libraries/transforms/ipark/in
    2401 0000012a E203          MOV32     *+XAR4[0],R1H         ; [CPU_FPU] |285| 
         0000012b 01C4 
    2402                      .dwpsn  file "/home/jose/ti/c2000/C2000Ware_MotorControl_SDK_5_04_00_00/libraries/transforms/ipark/in
    2403 0000012c E203          MOV32     *+XAR4[2],R0H         ; [CPU_FPU] |286| 
         0000012d 00D4 
    2404                      .dwpsn  file "../src/foc_pipeline.c",line 181,column 9,is_stmt,isa 0
    2405 0000012e 1E42          MOVL      *-SP[2],ACC           ; [CPU_ALU] |181| 
    2406              $C$DW$163       .dwtag  DW_TAG_TI_branch
    2407                      .dwattr $C$DW$163, DW_AT_low_pc(0x00)
    2408                      .dwattr $C$DW$163, DW_AT_name("IPARK_run")
    2409                      .dwattr $C$DW$163, DW_AT_TI_call
    2410              
    2411 0000012f 7640!         LCR       #||IPARK_run||        ; [CPU_ALU] |181| 
         00000130 0000 
    2412                      ; call occurs [#||IPARK_run||] ; [] |181| 
    2413                      .dwpsn  file "../src/foc_pipeline.c",line 182,column 9,is_stmt,isa 0
    2414 00000131 C5A2          MOVL      XAR7,XAR2             ; [CPU_ALU] |182| 
    2415 00000132 DF16          ADDB      XAR7,#22              ; [CPU_ALU] |182| 
    2416 00000133 8AA6          MOVL      XAR4,XAR6             ; [CPU_FPU] |182| 
    2417 00000134 C342          MOVL      *-SP[2],XAR7          ; [CPU_ALU] |182| 
    2418 00000135 83A9          MOVL      XAR5,ACC              ; [CPU_ALU] |182| 
    2419              $C$DW$164       .dwtag  DW_TAG_TI_branch
    2420                      .dwattr $C$DW$164, DW_AT_low_pc(0x00)
    2421                      .dwattr $C$DW$164, DW_AT_name("SVGEN_run")
    2422                      .dwattr $C$DW$164, DW_AT_TI_call
    2423              
    2424 00000136 7640!         LCR       #||SVGEN_run||        ; [CPU_ALU] |182| 
         00000137 0000 
    2425                      ; call occurs [#||SVGEN_run||] ; [] |182| 
    2426                      .dwpsn  file "../src/foc_pipeline.c",line 183,column 9,is_stmt,isa 0
    2427 00000138 8AA7          MOVL      XAR4,XAR7             ; [CPU_ALU] |183| 
    2428              $C$DW$165       .dwtag  DW_TAG_TI_branch
    2429                      .dwattr $C$DW$165, DW_AT_low_pc(0x00)
TMS320C2000 Assembler Unix v25.11.0 Sun May 31 21:09:06 2026

Copyright (c) 1996-2018 Texas Instruments Incorporated
foc_pipeline.asm                                                     PAGE   51

    2430                      .dwattr $C$DW$165, DW_AT_name("pwm_set_duty")
    2431                      .dwattr $C$DW$165, DW_AT_TI_call
    2432              
    2433 00000139 7640!         LCR       #||pwm_set_duty||     ; [CPU_ALU] |183| 
         0000013a 0000 
    2434                      ; call occurs [#||pwm_set_duty||] ; [] |183| 
    2435 0000013b 761F!         MOVW      DP,#||s_decim||       ; [CPU_ARAU] 
         0000013c 0000 
    2436                      .dwpsn  file "../src/foc_pipeline.c",line 191,column 5,is_stmt,isa 0
    2437 0000013d 0A00!         INC       @||s_decim||          ; [CPU_ALU] |191| 
    2438 0000013e 9200!         MOV       AL,@||s_decim||       ; [CPU_ALU] |191| 
    2439 0000013f 520A          CMPB      AL,#10                ; [CPU_ALU] |191| 
    2440 00000140 6804          B         ||$C$L26||,LO         ; [CPU_ALU] |191| 
    2441                      ; branchcc occurs ; [] |191| 
    2442 00000141       ||$C$L25||:    
    2443                      .dwpsn  file "../src/foc_pipeline.c",line 193,column 9,is_stmt,isa 0
    2444 00000141 2B00!         MOV       @||s_decim||,#0       ; [CPU_ALU] |193| 
    2445                      .dwpsn  file "../src/foc_pipeline.c",line 194,column 9,is_stmt,isa 0
    2446              $C$DW$166       .dwtag  DW_TAG_TI_branch
    2447                      .dwattr $C$DW$166, DW_AT_low_pc(0x00)
    2448                      .dwattr $C$DW$166, DW_AT_name("foc_speed_loop_tick")
    2449                      .dwattr $C$DW$166, DW_AT_TI_call
    2450              
    2451 00000142 7640!         LCR       #||foc_speed_loop_tick|| ; [CPU_ALU] |194| 
         00000143 0000 
    2452                      ; call occurs [#||foc_speed_loop_tick||] ; [] |194| 
    2453 00000144       ||$C$L26||:    
    2454                      .dwpsn  file "../src/foc_pipeline.c",line 198,column 5,is_stmt,isa 0
    2455              $C$DW$167       .dwtag  DW_TAG_TI_branch
    2456                      .dwattr $C$DW$167, DW_AT_low_pc(0x00)
    2457                      .dwattr $C$DW$167, DW_AT_name("safety_check_isr")
    2458                      .dwattr $C$DW$167, DW_AT_TI_call
    2459              
    2460 00000144 7640!         LCR       #||safety_check_isr|| ; [CPU_ALU] |198| 
         00000145 0000 
    2461                      ; call occurs [#||safety_check_isr||] ; [] |198| 
    2462 00000146 92A3          MOV       AL,AR3                ; [CPU_ALU] |198| 
    2463                      .dwpsn  file "../src/foc_pipeline.c",line 201,column 5,is_stmt,isa 0
    2464 00000147 8AA2          MOVL      XAR4,XAR2             ; [CPU_ALU] |201| 
    2465              $C$DW$168       .dwtag  DW_TAG_TI_branch
    2466                      .dwattr $C$DW$168, DW_AT_low_pc(0x00)
    2467                      .dwattr $C$DW$168, DW_AT_name("debug_datalog_push")
    2468                      .dwattr $C$DW$168, DW_AT_TI_call
    2469              
    2470 00000148 7640!         LCR       #||debug_datalog_push|| ; [CPU_ALU] |201| 
         00000149 0000 
    2471                      ; call occurs [#||debug_datalog_push||] ; [] |201| 
    2472                      .dwpsn  file "../src/foc_pipeline.c",line 202,column 5,is_stmt,isa 0
    2473              $C$DW$169       .dwtag  DW_TAG_TI_branch
    2474                      .dwattr $C$DW$169, DW_AT_low_pc(0x00)
    2475                      .dwattr $C$DW$169, DW_AT_name("debug_isr_scope_low")
    2476                      .dwattr $C$DW$169, DW_AT_TI_call
    2477              
    2478 0000014a 7640!         LCR       #||debug_isr_scope_low|| ; [CPU_ALU] |202| 
         0000014b 0000 
TMS320C2000 Assembler Unix v25.11.0 Sun May 31 21:09:06 2026

Copyright (c) 1996-2018 Texas Instruments Incorporated
foc_pipeline.asm                                                     PAGE   52

    2479                      ; call occurs [#||debug_isr_scope_low||] ; [] |202| 
    2480 0000014c FE82          SUBB      SP,#2                 ; [CPU_ARAU] 
    2481                      .dwcfi  cfa_offset, -8
    2482 0000014d 82BE          MOVL      XAR3,*--SP            ; [CPU_ALU] 
    2483                      .dwcfi  cfa_offset, -6
    2484                      .dwcfi  restore_reg, 11
    2485 0000014e 86BE          MOVL      XAR2,*--SP            ; [CPU_ALU] 
    2486                      .dwcfi  cfa_offset, -4
    2487                      .dwcfi  restore_reg, 9
    2488 0000014f 8BBE          MOVL      XAR1,*--SP            ; [CPU_ALU] 
    2489                      .dwcfi  cfa_offset, -2
    2490                      .dwcfi  restore_reg, 7
    2491              $C$DW$170       .dwtag  DW_TAG_TI_branch
    2492                      .dwattr $C$DW$170, DW_AT_low_pc(0x00)
    2493                      .dwattr $C$DW$170, DW_AT_TI_return
    2494              
    2495 00000150 0006          LRETR     ; [CPU_ALU] 
    2496                      ; return occurs ; [] 
    2497                      .dwattr $C$DW$145, DW_AT_TI_end_file("../src/foc_pipeline.c")
    2498                      .dwattr $C$DW$145, DW_AT_TI_end_line(0xcb)
    2499                      .dwattr $C$DW$145, DW_AT_TI_end_column(0x01)
    2500                      .dwendentry
    2501                      .dwendtag $C$DW$145
    2502              
    2503              ;**************************************************************
    2504              ;* UNDEFINED EXTERNAL REFERENCES                              *
    2505              ;**************************************************************
    2506                      .global ||debug_isr_scope_high||
    2507                      .global ||adc_read_phase_currents||
    2508                      .global ||pwm_set_duty||
    2509                      .global ||pwm_force_safe||
    2510                      .global ||safety_check_isr||
    2511                      .global ||debug_datalog_push||
    2512                      .global ||debug_isr_scope_low||
    2513                      .global ||sm_tick_1khz||
    2514                      .global ||g_dbg_qep_status||
    2515                      .global ||g_dbg_qep_direction||
    2516                      .global ||sm_get_state||
    2517                      .global ||g_qep_theta_elec||
    2518                      .global ||g_qep_omega_elec||
    2519                      .global ||g_qep_mech_offset_cnt||
    2520                      .global ||g_dbg_qep_count||
    2521                      .global ||g_dbg_qep_index_latch||
    2522                      .global ||CLARKE_init||
    2523                      .global ||PARK_init||
    2524                      .global ||IPARK_init||
    2525                      .global ||SVGEN_init||
    2526                      .global ||PI_init||
    2527                      .global ||adc_read_vbus||
    2528              
    2529              ;***************************************************************
    2530              ;* BUILD ATTRIBUTES                                            *
    2531              ;***************************************************************
    2532                      .battr "c28xabi", Tag_File, 1, Tag_float_args(1)
    2533                      .battr "c28xabi", Tag_File, 1, Tag_double_args(0)
TMS320C2000 Assembler Unix v25.11.0 Sun May 31 21:09:06 2026

Copyright (c) 1996-2018 Texas Instruments Incorporated
foc_pipeline.asm                                                     PAGE   53

    2534                      .dwattr $C$DW$CU, DW_AT_language(DW_LANG_C)
    2535              
    2536              ;***************************************************************
    2537              ;* DWARF CIE ENTRIES                                           *
    2538              ;***************************************************************
    2539              
    2540              $C$DW$CIE       .dwcie 26
    2541                      .dwcfi  cfa_register, 20
    2542                      .dwcfi  cfa_offset, 0
    2543                      .dwcfi  same_value, 28
    2544                      .dwcfi  same_value, 6
    2545                      .dwcfi  same_value, 7
    2546                      .dwcfi  same_value, 8
    2547                      .dwcfi  same_value, 9
    2548                      .dwcfi  same_value, 10
    2549                      .dwcfi  same_value, 11
    2550                      .dwcfi  same_value, 59
    2551                      .dwcfi  same_value, 63
    2552                      .dwcfi  same_value, 67
    2553                      .dwcfi  same_value, 71
    2554                      .dwendentry
    2555                      .dwendtag $C$DW$CU
    2556              
    2557              
    2558              ;***************************************************************
    2559              ;* TYPE INFORMATION                                            *
    2560              ;***************************************************************
    2561              
    2562              $C$DW$TU$42     .dwtag  DW_TAG_type_unit
    2563                      .dwmtype  $C$DW$T$42
    2564              
    2565              $C$DW$T$42      .dwtag  DW_TAG_enumeration_type
    2566                      .dwattr $C$DW$T$42, DW_AT_byte_size(0x01)
    2567              $C$DW$171       .dwtag  DW_TAG_enumerator
    2568                      .dwattr $C$DW$171, DW_AT_name("SVM_COM_C")
    2569                      .dwattr $C$DW$171, DW_AT_const_value(0x00)
    2570                      .dwattr $C$DW$171, DW_AT_decl_file("/home/jose/ti/c2000/C2000Ware_MotorControl_SDK_5_04_00_00/librari
    2571                      .dwattr $C$DW$171, DW_AT_decl_line(0x45)
    2572                      .dwattr $C$DW$171, DW_AT_decl_column(0x03)
    2573              
    2574              $C$DW$172       .dwtag  DW_TAG_enumerator
    2575                      .dwattr $C$DW$172, DW_AT_name("SVM_MIN_C")
    2576                      .dwattr $C$DW$172, DW_AT_const_value(0x01)
    2577                      .dwattr $C$DW$172, DW_AT_decl_file("/home/jose/ti/c2000/C2000Ware_MotorControl_SDK_5_04_00_00/librari
    2578                      .dwattr $C$DW$172, DW_AT_decl_line(0x46)
    2579                      .dwattr $C$DW$172, DW_AT_decl_column(0x03)
    2580              
    2581              $C$DW$173       .dwtag  DW_TAG_enumerator
    2582                      .dwattr $C$DW$173, DW_AT_name("SVM_MAX_C")
    2583                      .dwattr $C$DW$173, DW_AT_const_value(0x02)
    2584                      .dwattr $C$DW$173, DW_AT_decl_file("/home/jose/ti/c2000/C2000Ware_MotorControl_SDK_5_04_00_00/librari
    2585                      .dwattr $C$DW$173, DW_AT_decl_line(0x47)
    2586                      .dwattr $C$DW$173, DW_AT_decl_column(0x03)
    2587              
    2588              $C$DW$174       .dwtag  DW_TAG_enumerator
TMS320C2000 Assembler Unix v25.11.0 Sun May 31 21:09:06 2026

Copyright (c) 1996-2018 Texas Instruments Incorporated
foc_pipeline.asm                                                     PAGE   54

    2589                      .dwattr $C$DW$174, DW_AT_name("SVM_DQ_S")
    2590                      .dwattr $C$DW$174, DW_AT_const_value(0x03)
    2591                      .dwattr $C$DW$174, DW_AT_decl_file("/home/jose/ti/c2000/C2000Ware_MotorControl_SDK_5_04_00_00/librari
    2592                      .dwattr $C$DW$174, DW_AT_decl_line(0x48)
    2593                      .dwattr $C$DW$174, DW_AT_decl_column(0x03)
    2594              
    2595                      .dwattr $C$DW$T$42, DW_AT_decl_file("/home/jose/ti/c2000/C2000Ware_MotorControl_SDK_5_04_00_00/librar
    2596                      .dwattr $C$DW$T$42, DW_AT_decl_line(0x44)
    2597                      .dwattr $C$DW$T$42, DW_AT_decl_column(0x01)
    2598                      .dwendtag $C$DW$T$42
    2599              
    2600                      .dwendtag $C$DW$TU$42
    2601              
    2602              
    2603              $C$DW$TU$43     .dwtag  DW_TAG_type_unit
    2604                      .dwmtype  $C$DW$T$43
    2605              $C$DW$T$43      .dwtag  DW_TAG_typedef
    2606                      .dwattr $C$DW$T$43, DW_AT_name("SVM_Mode_e")
    2607                      .dwattr $C$DW$T$43, DW_AT_type(*$C$DW$T$42)
    2608                      .dwattr $C$DW$T$43, DW_AT_decl_file("/home/jose/ti/c2000/C2000Ware_MotorControl_SDK_5_04_00_00/librar
    2609                      .dwattr $C$DW$T$43, DW_AT_decl_line(0x49)
    2610                      .dwattr $C$DW$T$43, DW_AT_decl_column(0x03)
    2611              
    2612                      .dwendtag $C$DW$TU$43
    2613              
    2614              
    2615              $C$DW$TU$48     .dwtag  DW_TAG_type_unit
    2616                      .dwmtype  $C$DW$T$48
    2617              
    2618              $C$DW$T$48      .dwtag  DW_TAG_enumeration_type
    2619                      .dwattr $C$DW$T$48, DW_AT_byte_size(0x01)
    2620              $C$DW$175       .dwtag  DW_TAG_enumerator
    2621                      .dwattr $C$DW$175, DW_AT_name("FOC_IDLE")
    2622                      .dwattr $C$DW$175, DW_AT_const_value(0x00)
    2623                      .dwattr $C$DW$175, DW_AT_decl_file("/home/jose/workspace_ccstheia/foc_f28379d/include/foc_state_machi
    2624                      .dwattr $C$DW$175, DW_AT_decl_line(0x0e)
    2625                      .dwattr $C$DW$175, DW_AT_decl_column(0x05)
    2626              
    2627              $C$DW$176       .dwtag  DW_TAG_enumerator
    2628                      .dwattr $C$DW$176, DW_AT_name("FOC_CALIBRATE_OFFSETS")
    2629                      .dwattr $C$DW$176, DW_AT_const_value(0x01)
    2630                      .dwattr $C$DW$176, DW_AT_decl_file("/home/jose/workspace_ccstheia/foc_f28379d/include/foc_state_machi
    2631                      .dwattr $C$DW$176, DW_AT_decl_line(0x0f)
    2632                      .dwattr $C$DW$176, DW_AT_decl_column(0x05)
    2633              
    2634              $C$DW$177       .dwtag  DW_TAG_enumerator
    2635                      .dwattr $C$DW$177, DW_AT_name("FOC_ALIGN_ROTOR")
    2636                      .dwattr $C$DW$177, DW_AT_const_value(0x02)
    2637                      .dwattr $C$DW$177, DW_AT_decl_file("/home/jose/workspace_ccstheia/foc_f28379d/include/foc_state_machi
    2638                      .dwattr $C$DW$177, DW_AT_decl_line(0x10)
    2639                      .dwattr $C$DW$177, DW_AT_decl_column(0x05)
    2640              
    2641              $C$DW$178       .dwtag  DW_TAG_enumerator
    2642                      .dwattr $C$DW$178, DW_AT_name("FOC_RUN")
    2643                      .dwattr $C$DW$178, DW_AT_const_value(0x03)
TMS320C2000 Assembler Unix v25.11.0 Sun May 31 21:09:06 2026

Copyright (c) 1996-2018 Texas Instruments Incorporated
foc_pipeline.asm                                                     PAGE   55

    2644                      .dwattr $C$DW$178, DW_AT_decl_file("/home/jose/workspace_ccstheia/foc_f28379d/include/foc_state_machi
    2645                      .dwattr $C$DW$178, DW_AT_decl_line(0x11)
    2646                      .dwattr $C$DW$178, DW_AT_decl_column(0x05)
    2647              
    2648              $C$DW$179       .dwtag  DW_TAG_enumerator
    2649                      .dwattr $C$DW$179, DW_AT_name("FOC_FAULT")
    2650                      .dwattr $C$DW$179, DW_AT_const_value(0x04)
    2651                      .dwattr $C$DW$179, DW_AT_decl_file("/home/jose/workspace_ccstheia/foc_f28379d/include/foc_state_machi
    2652                      .dwattr $C$DW$179, DW_AT_decl_line(0x12)
    2653                      .dwattr $C$DW$179, DW_AT_decl_column(0x05)
    2654              
    2655                      .dwattr $C$DW$T$48, DW_AT_decl_file("/home/jose/workspace_ccstheia/foc_f28379d/include/foc_state_mach
    2656                      .dwattr $C$DW$T$48, DW_AT_decl_line(0x0d)
    2657                      .dwattr $C$DW$T$48, DW_AT_decl_column(0x0e)
    2658                      .dwendtag $C$DW$T$48
    2659              
    2660                      .dwendtag $C$DW$TU$48
    2661              
    2662              
    2663              $C$DW$TU$49     .dwtag  DW_TAG_type_unit
    2664                      .dwmtype  $C$DW$T$49
    2665              $C$DW$T$49      .dwtag  DW_TAG_typedef
    2666                      .dwattr $C$DW$T$49, DW_AT_name("FOC_State_t")
    2667                      .dwattr $C$DW$T$49, DW_AT_type(*$C$DW$T$48)
    2668                      .dwattr $C$DW$T$49, DW_AT_decl_file("/home/jose/workspace_ccstheia/foc_f28379d/include/foc_state_mach
    2669                      .dwattr $C$DW$T$49, DW_AT_decl_line(0x13)
    2670                      .dwattr $C$DW$T$49, DW_AT_decl_column(0x03)
    2671              
    2672                      .dwendtag $C$DW$TU$49
    2673              
    2674              
    2675              $C$DW$TU$28     .dwtag  DW_TAG_type_unit
    2676                      .dwmtype  $C$DW$T$28
    2677              
    2678              $C$DW$T$28      .dwtag  DW_TAG_structure_type
    2679                      .dwattr $C$DW$T$28, DW_AT_byte_size(0x20)
    2680              $C$DW$180       .dwtag  DW_TAG_member
    2681                      .dwattr $C$DW$180, DW_AT_type(*$C$DW$T$20)
    2682                      .dwattr $C$DW$180, DW_AT_name("Iabc")
    2683                      .dwattr $C$DW$180, DW_AT_accessibility(DW_ACCESS_public)
    2684                      .dwattr $C$DW$180, DW_AT_decl_file("/home/jose/workspace_ccstheia/foc_f28379d/include/foc_types.h")
    2685                      .dwattr $C$DW$180, DW_AT_decl_line(0x1b)
    2686                      .dwattr $C$DW$180, DW_AT_decl_column(0x11)
    2687              
    2688              $C$DW$181       .dwtag  DW_TAG_member
    2689                      .dwattr $C$DW$181, DW_AT_type(*$C$DW$T$22)
    2690                      .dwattr $C$DW$181, DW_AT_name("Iab")
    2691                      .dwattr $C$DW$181, DW_AT_data_member_location[DW_OP_plus_uconst 0x6]
    2692                      .dwattr $C$DW$181, DW_AT_accessibility(DW_ACCESS_public)
    2693                      .dwattr $C$DW$181, DW_AT_decl_file("/home/jose/workspace_ccstheia/foc_f28379d/include/foc_types.h")
    2694                      .dwattr $C$DW$181, DW_AT_decl_line(0x1c)
    2695                      .dwattr $C$DW$181, DW_AT_decl_column(0x11)
    2696              
    2697              $C$DW$182       .dwtag  DW_TAG_member
    2698                      .dwattr $C$DW$182, DW_AT_type(*$C$DW$T$23)
TMS320C2000 Assembler Unix v25.11.0 Sun May 31 21:09:06 2026

Copyright (c) 1996-2018 Texas Instruments Incorporated
foc_pipeline.asm                                                     PAGE   56

    2699                      .dwattr $C$DW$182, DW_AT_name("Idq")
    2700                      .dwattr $C$DW$182, DW_AT_data_member_location[DW_OP_plus_uconst 0xa]
    2701                      .dwattr $C$DW$182, DW_AT_accessibility(DW_ACCESS_public)
    2702                      .dwattr $C$DW$182, DW_AT_decl_file("/home/jose/workspace_ccstheia/foc_f28379d/include/foc_types.h")
    2703                      .dwattr $C$DW$182, DW_AT_decl_line(0x1d)
    2704                      .dwattr $C$DW$182, DW_AT_decl_column(0x11)
    2705              
    2706              $C$DW$183       .dwtag  DW_TAG_member
    2707                      .dwattr $C$DW$183, DW_AT_type(*$C$DW$T$24)
    2708                      .dwattr $C$DW$183, DW_AT_name("Vdq")
    2709                      .dwattr $C$DW$183, DW_AT_data_member_location[DW_OP_plus_uconst 0xe]
    2710                      .dwattr $C$DW$183, DW_AT_accessibility(DW_ACCESS_public)
    2711                      .dwattr $C$DW$183, DW_AT_decl_file("/home/jose/workspace_ccstheia/foc_f28379d/include/foc_types.h")
    2712                      .dwattr $C$DW$183, DW_AT_decl_line(0x1e)
    2713                      .dwattr $C$DW$183, DW_AT_decl_column(0x11)
    2714              
    2715              $C$DW$184       .dwtag  DW_TAG_member
    2716                      .dwattr $C$DW$184, DW_AT_type(*$C$DW$T$25)
    2717                      .dwattr $C$DW$184, DW_AT_name("Vab")
    2718                      .dwattr $C$DW$184, DW_AT_data_member_location[DW_OP_plus_uconst 0x12]
    2719                      .dwattr $C$DW$184, DW_AT_accessibility(DW_ACCESS_public)
    2720                      .dwattr $C$DW$184, DW_AT_decl_file("/home/jose/workspace_ccstheia/foc_f28379d/include/foc_types.h")
    2721                      .dwattr $C$DW$184, DW_AT_decl_line(0x1f)
    2722                      .dwattr $C$DW$184, DW_AT_decl_column(0x11)
    2723              
    2724              $C$DW$185       .dwtag  DW_TAG_member
    2725                      .dwattr $C$DW$185, DW_AT_type(*$C$DW$T$26)
    2726                      .dwattr $C$DW$185, DW_AT_name("duty")
    2727                      .dwattr $C$DW$185, DW_AT_data_member_location[DW_OP_plus_uconst 0x16]
    2728                      .dwattr $C$DW$185, DW_AT_accessibility(DW_ACCESS_public)
    2729                      .dwattr $C$DW$185, DW_AT_decl_file("/home/jose/workspace_ccstheia/foc_f28379d/include/foc_types.h")
    2730                      .dwattr $C$DW$185, DW_AT_decl_line(0x20)
    2731                      .dwattr $C$DW$185, DW_AT_decl_column(0x11)
    2732              
    2733              $C$DW$186       .dwtag  DW_TAG_member
    2734                      .dwattr $C$DW$186, DW_AT_type(*$C$DW$T$27)
    2735                      .dwattr $C$DW$186, DW_AT_name("theta_elec")
    2736                      .dwattr $C$DW$186, DW_AT_data_member_location[DW_OP_plus_uconst 0x1c]
    2737                      .dwattr $C$DW$186, DW_AT_accessibility(DW_ACCESS_public)
    2738                      .dwattr $C$DW$186, DW_AT_decl_file("/home/jose/workspace_ccstheia/foc_f28379d/include/foc_types.h")
    2739                      .dwattr $C$DW$186, DW_AT_decl_line(0x21)
    2740                      .dwattr $C$DW$186, DW_AT_decl_column(0x11)
    2741              
    2742              $C$DW$187       .dwtag  DW_TAG_member
    2743                      .dwattr $C$DW$187, DW_AT_type(*$C$DW$T$27)
    2744                      .dwattr $C$DW$187, DW_AT_name("omega_elec")
    2745                      .dwattr $C$DW$187, DW_AT_data_member_location[DW_OP_plus_uconst 0x1e]
    2746                      .dwattr $C$DW$187, DW_AT_accessibility(DW_ACCESS_public)
    2747                      .dwattr $C$DW$187, DW_AT_decl_file("/home/jose/workspace_ccstheia/foc_f28379d/include/foc_types.h")
    2748                      .dwattr $C$DW$187, DW_AT_decl_line(0x22)
    2749                      .dwattr $C$DW$187, DW_AT_decl_column(0x11)
    2750              
    2751                      .dwattr $C$DW$T$28, DW_AT_decl_file("/home/jose/workspace_ccstheia/foc_f28379d/include/foc_types.h")
    2752                      .dwattr $C$DW$T$28, DW_AT_decl_line(0x1a)
    2753                      .dwattr $C$DW$T$28, DW_AT_decl_column(0x10)
TMS320C2000 Assembler Unix v25.11.0 Sun May 31 21:09:06 2026

Copyright (c) 1996-2018 Texas Instruments Incorporated
foc_pipeline.asm                                                     PAGE   57

    2754                      .dwendtag $C$DW$T$28
    2755              
    2756                      .dwendtag $C$DW$TU$28
    2757              
    2758              
    2759              $C$DW$TU$58     .dwtag  DW_TAG_type_unit
    2760                      .dwmtype  $C$DW$T$58
    2761              $C$DW$T$58      .dwtag  DW_TAG_typedef
    2762                      .dwattr $C$DW$T$58, DW_AT_name("FOC_Signals_t")
    2763                      .dwattr $C$DW$T$58, DW_AT_type(*$C$DW$T$28)
    2764                      .dwattr $C$DW$T$58, DW_AT_decl_file("/home/jose/workspace_ccstheia/foc_f28379d/include/foc_types.h")
    2765                      .dwattr $C$DW$T$58, DW_AT_decl_line(0x23)
    2766                      .dwattr $C$DW$T$58, DW_AT_decl_column(0x03)
    2767              
    2768                      .dwendtag $C$DW$TU$58
    2769              
    2770              
    2771              $C$DW$TU$59     .dwtag  DW_TAG_type_unit
    2772                      .dwmtype  $C$DW$T$59
    2773              $C$DW$188       .dwtag  DW_TAG_TI_far_type
    2774                      .dwattr $C$DW$188, DW_AT_type(*$C$DW$T$58)
    2775              
    2776              $C$DW$T$59      .dwtag  DW_TAG_const_type
    2777                      .dwattr $C$DW$T$59, DW_AT_type(*$C$DW$188)
    2778              
    2779                      .dwendtag $C$DW$TU$59
    2780              
    2781              
    2782              $C$DW$TU$60     .dwtag  DW_TAG_type_unit
    2783                      .dwmtype  $C$DW$T$60
    2784              $C$DW$T$60      .dwtag  DW_TAG_pointer_type
    2785                      .dwattr $C$DW$T$60, DW_AT_type(*$C$DW$T$59)
    2786                      .dwattr $C$DW$T$60, DW_AT_address_class(0x20)
    2787              
    2788                      .dwendtag $C$DW$TU$60
    2789              
    2790              
    2791              $C$DW$TU$62     .dwtag  DW_TAG_type_unit
    2792                      .dwmtype  $C$DW$T$62
    2793              $C$DW$189       .dwtag  DW_TAG_TI_far_type
    2794                      .dwattr $C$DW$189, DW_AT_type(*$C$DW$T$58)
    2795              
    2796              $C$DW$T$62      .dwtag  DW_TAG_volatile_type
    2797                      .dwattr $C$DW$T$62, DW_AT_type(*$C$DW$189)
    2798              
    2799                      .dwendtag $C$DW$TU$62
    2800              
    2801              
    2802              $C$DW$TU$29     .dwtag  DW_TAG_type_unit
    2803                      .dwmtype  $C$DW$T$29
    2804              
    2805              $C$DW$T$29      .dwtag  DW_TAG_structure_type
    2806                      .dwattr $C$DW$T$29, DW_AT_byte_size(0x08)
    2807              $C$DW$190       .dwtag  DW_TAG_member
    2808                      .dwattr $C$DW$190, DW_AT_type(*$C$DW$T$27)
TMS320C2000 Assembler Unix v25.11.0 Sun May 31 21:09:06 2026

Copyright (c) 1996-2018 Texas Instruments Incorporated
foc_pipeline.asm                                                     PAGE   58

    2809                      .dwattr $C$DW$190, DW_AT_name("id_ref")
    2810                      .dwattr $C$DW$190, DW_AT_accessibility(DW_ACCESS_public)
    2811                      .dwattr $C$DW$190, DW_AT_decl_file("/home/jose/workspace_ccstheia/foc_f28379d/include/foc_types.h")
    2812                      .dwattr $C$DW$190, DW_AT_decl_line(0x14)
    2813                      .dwattr $C$DW$190, DW_AT_decl_column(0x0f)
    2814              
    2815              $C$DW$191       .dwtag  DW_TAG_member
    2816                      .dwattr $C$DW$191, DW_AT_type(*$C$DW$T$27)
    2817                      .dwattr $C$DW$191, DW_AT_name("iq_ref")
    2818                      .dwattr $C$DW$191, DW_AT_data_member_location[DW_OP_plus_uconst 0x2]
    2819                      .dwattr $C$DW$191, DW_AT_accessibility(DW_ACCESS_public)
    2820                      .dwattr $C$DW$191, DW_AT_decl_file("/home/jose/workspace_ccstheia/foc_f28379d/include/foc_types.h")
    2821                      .dwattr $C$DW$191, DW_AT_decl_line(0x15)
    2822                      .dwattr $C$DW$191, DW_AT_decl_column(0x0f)
    2823              
    2824              $C$DW$192       .dwtag  DW_TAG_member
    2825                      .dwattr $C$DW$192, DW_AT_type(*$C$DW$T$27)
    2826                      .dwattr $C$DW$192, DW_AT_name("speed_ref")
    2827                      .dwattr $C$DW$192, DW_AT_data_member_location[DW_OP_plus_uconst 0x4]
    2828                      .dwattr $C$DW$192, DW_AT_accessibility(DW_ACCESS_public)
    2829                      .dwattr $C$DW$192, DW_AT_decl_file("/home/jose/workspace_ccstheia/foc_f28379d/include/foc_types.h")
    2830                      .dwattr $C$DW$192, DW_AT_decl_line(0x16)
    2831                      .dwattr $C$DW$192, DW_AT_decl_column(0x0f)
    2832              
    2833              $C$DW$193       .dwtag  DW_TAG_member
    2834                      .dwattr $C$DW$193, DW_AT_type(*$C$DW$T$27)
    2835                      .dwattr $C$DW$193, DW_AT_name("vbus")
    2836                      .dwattr $C$DW$193, DW_AT_data_member_location[DW_OP_plus_uconst 0x6]
    2837                      .dwattr $C$DW$193, DW_AT_accessibility(DW_ACCESS_public)
    2838                      .dwattr $C$DW$193, DW_AT_decl_file("/home/jose/workspace_ccstheia/foc_f28379d/include/foc_types.h")
    2839                      .dwattr $C$DW$193, DW_AT_decl_line(0x17)
    2840                      .dwattr $C$DW$193, DW_AT_decl_column(0x0f)
    2841              
    2842                      .dwattr $C$DW$T$29, DW_AT_decl_file("/home/jose/workspace_ccstheia/foc_f28379d/include/foc_types.h")
    2843                      .dwattr $C$DW$T$29, DW_AT_decl_line(0x13)
    2844                      .dwattr $C$DW$T$29, DW_AT_decl_column(0x10)
    2845                      .dwendtag $C$DW$T$29
    2846              
    2847                      .dwendtag $C$DW$TU$29
    2848              
    2849              
    2850              $C$DW$TU$65     .dwtag  DW_TAG_type_unit
    2851                      .dwmtype  $C$DW$T$65
    2852              $C$DW$T$65      .dwtag  DW_TAG_typedef
    2853                      .dwattr $C$DW$T$65, DW_AT_name("FOC_Refs_t")
    2854                      .dwattr $C$DW$T$65, DW_AT_type(*$C$DW$T$29)
    2855                      .dwattr $C$DW$T$65, DW_AT_decl_file("/home/jose/workspace_ccstheia/foc_f28379d/include/foc_types.h")
    2856                      .dwattr $C$DW$T$65, DW_AT_decl_line(0x18)
    2857                      .dwattr $C$DW$T$65, DW_AT_decl_column(0x03)
    2858              
    2859                      .dwendtag $C$DW$TU$65
    2860              
    2861              
    2862              $C$DW$TU$66     .dwtag  DW_TAG_type_unit
    2863                      .dwmtype  $C$DW$T$66
TMS320C2000 Assembler Unix v25.11.0 Sun May 31 21:09:06 2026

Copyright (c) 1996-2018 Texas Instruments Incorporated
foc_pipeline.asm                                                     PAGE   59

    2864              $C$DW$194       .dwtag  DW_TAG_TI_far_type
    2865                      .dwattr $C$DW$194, DW_AT_type(*$C$DW$T$65)
    2866              
    2867              $C$DW$T$66      .dwtag  DW_TAG_volatile_type
    2868                      .dwattr $C$DW$T$66, DW_AT_type(*$C$DW$194)
    2869              
    2870                      .dwendtag $C$DW$TU$66
    2871              
    2872              
    2873              $C$DW$TU$67     .dwtag  DW_TAG_type_unit
    2874                      .dwmtype  $C$DW$T$67
    2875              $C$DW$T$67      .dwtag  DW_TAG_pointer_type
    2876                      .dwattr $C$DW$T$67, DW_AT_type(*$C$DW$T$65)
    2877                      .dwattr $C$DW$T$67, DW_AT_address_class(0x20)
    2878              
    2879                      .dwendtag $C$DW$TU$67
    2880              
    2881              
    2882              $C$DW$TU$33     .dwtag  DW_TAG_type_unit
    2883                      .dwmtype  $C$DW$T$33
    2884              
    2885              $C$DW$T$33      .dwtag  DW_TAG_structure_type
    2886                      .dwattr $C$DW$T$33, DW_AT_name("_CLARKE_Obj_")
    2887                      .dwattr $C$DW$T$33, DW_AT_byte_size(0x06)
    2888              $C$DW$195       .dwtag  DW_TAG_member
    2889                      .dwattr $C$DW$195, DW_AT_type(*$C$DW$T$27)
    2890                      .dwattr $C$DW$195, DW_AT_name("alpha_sf")
    2891                      .dwattr $C$DW$195, DW_AT_accessibility(DW_ACCESS_public)
    2892                      .dwattr $C$DW$195, DW_AT_decl_file("/home/jose/ti/c2000/C2000Ware_MotorControl_SDK_5_04_00_00/librari
    2893                      .dwattr $C$DW$195, DW_AT_decl_line(0x46)
    2894                      .dwattr $C$DW$195, DW_AT_decl_column(0x0f)
    2895              
    2896              $C$DW$196       .dwtag  DW_TAG_member
    2897                      .dwattr $C$DW$196, DW_AT_type(*$C$DW$T$27)
    2898                      .dwattr $C$DW$196, DW_AT_name("beta_sf")
    2899                      .dwattr $C$DW$196, DW_AT_data_member_location[DW_OP_plus_uconst 0x2]
    2900                      .dwattr $C$DW$196, DW_AT_accessibility(DW_ACCESS_public)
    2901                      .dwattr $C$DW$196, DW_AT_decl_file("/home/jose/ti/c2000/C2000Ware_MotorControl_SDK_5_04_00_00/librari
    2902                      .dwattr $C$DW$196, DW_AT_decl_line(0x47)
    2903                      .dwattr $C$DW$196, DW_AT_decl_column(0x0f)
    2904              
    2905              $C$DW$197       .dwtag  DW_TAG_member
    2906                      .dwattr $C$DW$197, DW_AT_type(*$C$DW$T$32)
    2907                      .dwattr $C$DW$197, DW_AT_name("numSensors")
    2908                      .dwattr $C$DW$197, DW_AT_data_member_location[DW_OP_plus_uconst 0x4]
    2909                      .dwattr $C$DW$197, DW_AT_accessibility(DW_ACCESS_public)
    2910                      .dwattr $C$DW$197, DW_AT_decl_file("/home/jose/ti/c2000/C2000Ware_MotorControl_SDK_5_04_00_00/librari
    2911                      .dwattr $C$DW$197, DW_AT_decl_line(0x48)
    2912                      .dwattr $C$DW$197, DW_AT_decl_column(0x13)
    2913              
    2914                      .dwattr $C$DW$T$33, DW_AT_decl_file("/home/jose/ti/c2000/C2000Ware_MotorControl_SDK_5_04_00_00/librar
    2915                      .dwattr $C$DW$T$33, DW_AT_decl_line(0x44)
    2916                      .dwattr $C$DW$T$33, DW_AT_decl_column(0x10)
    2917                      .dwendtag $C$DW$T$33
    2918              
TMS320C2000 Assembler Unix v25.11.0 Sun May 31 21:09:06 2026

Copyright (c) 1996-2018 Texas Instruments Incorporated
foc_pipeline.asm                                                     PAGE   60

    2919                      .dwendtag $C$DW$TU$33
    2920              
    2921              
    2922              $C$DW$TU$71     .dwtag  DW_TAG_type_unit
    2923                      .dwmtype  $C$DW$T$71
    2924              $C$DW$T$71      .dwtag  DW_TAG_typedef
    2925                      .dwattr $C$DW$T$71, DW_AT_name("CLARKE_Obj")
    2926                      .dwattr $C$DW$T$71, DW_AT_type(*$C$DW$T$33)
    2927                      .dwattr $C$DW$T$71, DW_AT_decl_file("/home/jose/ti/c2000/C2000Ware_MotorControl_SDK_5_04_00_00/librar
    2928                      .dwattr $C$DW$T$71, DW_AT_decl_line(0x49)
    2929                      .dwattr $C$DW$T$71, DW_AT_decl_column(0x03)
    2930              
    2931                      .dwendtag $C$DW$TU$71
    2932              
    2933              
    2934              $C$DW$TU$72     .dwtag  DW_TAG_type_unit
    2935                      .dwmtype  $C$DW$T$72
    2936              $C$DW$T$72      .dwtag  DW_TAG_pointer_type
    2937                      .dwattr $C$DW$T$72, DW_AT_type(*$C$DW$T$33)
    2938                      .dwattr $C$DW$T$72, DW_AT_address_class(0x20)
    2939              
    2940                      .dwendtag $C$DW$TU$72
    2941              
    2942              
    2943              $C$DW$TU$73     .dwtag  DW_TAG_type_unit
    2944                      .dwmtype  $C$DW$T$73
    2945              $C$DW$T$73      .dwtag  DW_TAG_typedef
    2946                      .dwattr $C$DW$T$73, DW_AT_name("CLARKE_Handle")
    2947                      .dwattr $C$DW$T$73, DW_AT_type(*$C$DW$T$72)
    2948                      .dwattr $C$DW$T$73, DW_AT_decl_file("/home/jose/ti/c2000/C2000Ware_MotorControl_SDK_5_04_00_00/librar
    2949                      .dwattr $C$DW$T$73, DW_AT_decl_line(0x50)
    2950                      .dwattr $C$DW$T$73, DW_AT_decl_column(0x1e)
    2951              
    2952                      .dwendtag $C$DW$TU$73
    2953              
    2954              
    2955              $C$DW$TU$74     .dwtag  DW_TAG_type_unit
    2956                      .dwmtype  $C$DW$T$74
    2957              $C$DW$198       .dwtag  DW_TAG_TI_far_type
    2958                      .dwattr $C$DW$198, DW_AT_type(*$C$DW$T$73)
    2959              
    2960              $C$DW$T$74      .dwtag  DW_TAG_const_type
    2961                      .dwattr $C$DW$T$74, DW_AT_type(*$C$DW$198)
    2962              
    2963                      .dwendtag $C$DW$TU$74
    2964              
    2965              
    2966              $C$DW$TU$34     .dwtag  DW_TAG_type_unit
    2967                      .dwmtype  $C$DW$T$34
    2968              
    2969              $C$DW$T$34      .dwtag  DW_TAG_structure_type
    2970                      .dwattr $C$DW$T$34, DW_AT_name("_IPARK_Obj_")
    2971                      .dwattr $C$DW$T$34, DW_AT_byte_size(0x04)
    2972              $C$DW$199       .dwtag  DW_TAG_member
    2973                      .dwattr $C$DW$199, DW_AT_type(*$C$DW$T$27)
TMS320C2000 Assembler Unix v25.11.0 Sun May 31 21:09:06 2026

Copyright (c) 1996-2018 Texas Instruments Incorporated
foc_pipeline.asm                                                     PAGE   61

    2974                      .dwattr $C$DW$199, DW_AT_name("sinTh")
    2975                      .dwattr $C$DW$199, DW_AT_accessibility(DW_ACCESS_public)
    2976                      .dwattr $C$DW$199, DW_AT_decl_file("/home/jose/ti/c2000/C2000Ware_MotorControl_SDK_5_04_00_00/librari
    2977                      .dwattr $C$DW$199, DW_AT_decl_line(0x4b)
    2978                      .dwattr $C$DW$199, DW_AT_decl_column(0x0f)
    2979              
    2980              $C$DW$200       .dwtag  DW_TAG_member
    2981                      .dwattr $C$DW$200, DW_AT_type(*$C$DW$T$27)
    2982                      .dwattr $C$DW$200, DW_AT_name("cosTh")
    2983                      .dwattr $C$DW$200, DW_AT_data_member_location[DW_OP_plus_uconst 0x2]
    2984                      .dwattr $C$DW$200, DW_AT_accessibility(DW_ACCESS_public)
    2985                      .dwattr $C$DW$200, DW_AT_decl_file("/home/jose/ti/c2000/C2000Ware_MotorControl_SDK_5_04_00_00/librari
    2986                      .dwattr $C$DW$200, DW_AT_decl_line(0x4d)
    2987                      .dwattr $C$DW$200, DW_AT_decl_column(0x0f)
    2988              
    2989                      .dwattr $C$DW$T$34, DW_AT_decl_file("/home/jose/ti/c2000/C2000Ware_MotorControl_SDK_5_04_00_00/librar
    2990                      .dwattr $C$DW$T$34, DW_AT_decl_line(0x49)
    2991                      .dwattr $C$DW$T$34, DW_AT_decl_column(0x10)
    2992                      .dwendtag $C$DW$T$34
    2993              
    2994                      .dwendtag $C$DW$TU$34
    2995              
    2996              
    2997              $C$DW$TU$81     .dwtag  DW_TAG_type_unit
    2998                      .dwmtype  $C$DW$T$81
    2999              $C$DW$T$81      .dwtag  DW_TAG_typedef
    3000                      .dwattr $C$DW$T$81, DW_AT_name("IPARK_Obj")
    3001                      .dwattr $C$DW$T$81, DW_AT_type(*$C$DW$T$34)
    3002                      .dwattr $C$DW$T$81, DW_AT_decl_file("/home/jose/ti/c2000/C2000Ware_MotorControl_SDK_5_04_00_00/librar
    3003                      .dwattr $C$DW$T$81, DW_AT_decl_line(0x4f)
    3004                      .dwattr $C$DW$T$81, DW_AT_decl_column(0x03)
    3005              
    3006                      .dwendtag $C$DW$TU$81
    3007              
    3008              
    3009              $C$DW$TU$82     .dwtag  DW_TAG_type_unit
    3010                      .dwmtype  $C$DW$T$82
    3011              $C$DW$T$82      .dwtag  DW_TAG_pointer_type
    3012                      .dwattr $C$DW$T$82, DW_AT_type(*$C$DW$T$34)
    3013                      .dwattr $C$DW$T$82, DW_AT_address_class(0x20)
    3014              
    3015                      .dwendtag $C$DW$TU$82
    3016              
    3017              
    3018              $C$DW$TU$83     .dwtag  DW_TAG_type_unit
    3019                      .dwmtype  $C$DW$T$83
    3020              $C$DW$T$83      .dwtag  DW_TAG_typedef
    3021                      .dwattr $C$DW$T$83, DW_AT_name("IPARK_Handle")
    3022                      .dwattr $C$DW$T$83, DW_AT_type(*$C$DW$T$82)
    3023                      .dwattr $C$DW$T$83, DW_AT_decl_file("/home/jose/ti/c2000/C2000Ware_MotorControl_SDK_5_04_00_00/librar
    3024                      .dwattr $C$DW$T$83, DW_AT_decl_line(0x56)
    3025                      .dwattr $C$DW$T$83, DW_AT_decl_column(0x1e)
    3026              
    3027                      .dwendtag $C$DW$TU$83
    3028              
TMS320C2000 Assembler Unix v25.11.0 Sun May 31 21:09:06 2026

Copyright (c) 1996-2018 Texas Instruments Incorporated
foc_pipeline.asm                                                     PAGE   62

    3029              
    3030              $C$DW$TU$84     .dwtag  DW_TAG_type_unit
    3031                      .dwmtype  $C$DW$T$84
    3032              $C$DW$201       .dwtag  DW_TAG_TI_far_type
    3033                      .dwattr $C$DW$201, DW_AT_type(*$C$DW$T$83)
    3034              
    3035              $C$DW$T$84      .dwtag  DW_TAG_const_type
    3036                      .dwattr $C$DW$T$84, DW_AT_type(*$C$DW$201)
    3037              
    3038                      .dwendtag $C$DW$TU$84
    3039              
    3040              
    3041              $C$DW$TU$36     .dwtag  DW_TAG_type_unit
    3042                      .dwmtype  $C$DW$T$36
    3043              
    3044              $C$DW$T$36      .dwtag  DW_TAG_structure_type
    3045                      .dwattr $C$DW$T$36, DW_AT_name("_MATH_Vec2_")
    3046                      .dwattr $C$DW$T$36, DW_AT_byte_size(0x04)
    3047              $C$DW$202       .dwtag  DW_TAG_member
    3048                      .dwattr $C$DW$202, DW_AT_type(*$C$DW$T$35)
    3049                      .dwattr $C$DW$202, DW_AT_name("value")
    3050                      .dwattr $C$DW$202, DW_AT_accessibility(DW_ACCESS_public)
    3051                      .dwattr $C$DW$202, DW_AT_decl_file("/home/jose/ti/c2000/C2000Ware_MotorControl_SDK_5_04_00_00/librari
    3052                      .dwattr $C$DW$202, DW_AT_decl_line(0xd9)
    3053                      .dwattr $C$DW$202, DW_AT_decl_column(0x0f)
    3054              
    3055                      .dwattr $C$DW$T$36, DW_AT_decl_file("/home/jose/ti/c2000/C2000Ware_MotorControl_SDK_5_04_00_00/librar
    3056                      .dwattr $C$DW$T$36, DW_AT_decl_line(0xd7)
    3057                      .dwattr $C$DW$T$36, DW_AT_decl_column(0x10)
    3058                      .dwendtag $C$DW$T$36
    3059              
    3060                      .dwendtag $C$DW$TU$36
    3061              
    3062              
    3063              $C$DW$TU$21     .dwtag  DW_TAG_type_unit
    3064                      .dwmtype  $C$DW$T$21
    3065              $C$DW$T$21      .dwtag  DW_TAG_typedef
    3066                      .dwattr $C$DW$T$21, DW_AT_name("MATH_Vec2")
    3067                      .dwattr $C$DW$T$21, DW_AT_type(*$C$DW$T$36)
    3068                      .dwattr $C$DW$T$21, DW_AT_decl_file("/home/jose/ti/c2000/C2000Ware_MotorControl_SDK_5_04_00_00/librar
    3069                      .dwattr $C$DW$T$21, DW_AT_decl_line(0xda)
    3070                      .dwattr $C$DW$T$21, DW_AT_decl_column(0x03)
    3071              
    3072                      .dwendtag $C$DW$TU$21
    3073              
    3074              
    3075              $C$DW$TU$22     .dwtag  DW_TAG_type_unit
    3076                      .dwmtype  $C$DW$T$22
    3077              $C$DW$T$22      .dwtag  DW_TAG_typedef
    3078                      .dwattr $C$DW$T$22, DW_AT_name("FOC_Iab_t")
    3079                      .dwattr $C$DW$T$22, DW_AT_type(*$C$DW$T$21)
    3080                      .dwattr $C$DW$T$22, DW_AT_decl_file("/home/jose/workspace_ccstheia/foc_f28379d/include/foc_types.h")
    3081                      .dwattr $C$DW$T$22, DW_AT_decl_line(0x0d)
    3082                      .dwattr $C$DW$T$22, DW_AT_decl_column(0x13)
    3083              
TMS320C2000 Assembler Unix v25.11.0 Sun May 31 21:09:06 2026

Copyright (c) 1996-2018 Texas Instruments Incorporated
foc_pipeline.asm                                                     PAGE   63

    3084                      .dwendtag $C$DW$TU$22
    3085              
    3086              
    3087              $C$DW$TU$23     .dwtag  DW_TAG_type_unit
    3088                      .dwmtype  $C$DW$T$23
    3089              $C$DW$T$23      .dwtag  DW_TAG_typedef
    3090                      .dwattr $C$DW$T$23, DW_AT_name("FOC_Idq_t")
    3091                      .dwattr $C$DW$T$23, DW_AT_type(*$C$DW$T$21)
    3092                      .dwattr $C$DW$T$23, DW_AT_decl_file("/home/jose/workspace_ccstheia/foc_f28379d/include/foc_types.h")
    3093                      .dwattr $C$DW$T$23, DW_AT_decl_line(0x0e)
    3094                      .dwattr $C$DW$T$23, DW_AT_decl_column(0x13)
    3095              
    3096                      .dwendtag $C$DW$TU$23
    3097              
    3098              
    3099              $C$DW$TU$25     .dwtag  DW_TAG_type_unit
    3100                      .dwmtype  $C$DW$T$25
    3101              $C$DW$T$25      .dwtag  DW_TAG_typedef
    3102                      .dwattr $C$DW$T$25, DW_AT_name("FOC_Vab_t")
    3103                      .dwattr $C$DW$T$25, DW_AT_type(*$C$DW$T$21)
    3104                      .dwattr $C$DW$T$25, DW_AT_decl_file("/home/jose/workspace_ccstheia/foc_f28379d/include/foc_types.h")
    3105                      .dwattr $C$DW$T$25, DW_AT_decl_line(0x0f)
    3106                      .dwattr $C$DW$T$25, DW_AT_decl_column(0x13)
    3107              
    3108                      .dwendtag $C$DW$TU$25
    3109              
    3110              
    3111              $C$DW$TU$24     .dwtag  DW_TAG_type_unit
    3112                      .dwmtype  $C$DW$T$24
    3113              $C$DW$T$24      .dwtag  DW_TAG_typedef
    3114                      .dwattr $C$DW$T$24, DW_AT_name("FOC_Vdq_t")
    3115                      .dwattr $C$DW$T$24, DW_AT_type(*$C$DW$T$21)
    3116                      .dwattr $C$DW$T$24, DW_AT_decl_file("/home/jose/workspace_ccstheia/foc_f28379d/include/foc_types.h")
    3117                      .dwattr $C$DW$T$24, DW_AT_decl_line(0x10)
    3118                      .dwattr $C$DW$T$24, DW_AT_decl_column(0x13)
    3119              
    3120                      .dwendtag $C$DW$TU$24
    3121              
    3122              
    3123              $C$DW$TU$89     .dwtag  DW_TAG_type_unit
    3124                      .dwmtype  $C$DW$T$89
    3125              $C$DW$203       .dwtag  DW_TAG_TI_far_type
    3126                      .dwattr $C$DW$203, DW_AT_type(*$C$DW$T$21)
    3127              
    3128              $C$DW$T$89      .dwtag  DW_TAG_const_type
    3129                      .dwattr $C$DW$T$89, DW_AT_type(*$C$DW$203)
    3130              
    3131                      .dwendtag $C$DW$TU$89
    3132              
    3133              
    3134              $C$DW$TU$90     .dwtag  DW_TAG_type_unit
    3135                      .dwmtype  $C$DW$T$90
    3136              $C$DW$T$90      .dwtag  DW_TAG_pointer_type
    3137                      .dwattr $C$DW$T$90, DW_AT_type(*$C$DW$T$89)
    3138                      .dwattr $C$DW$T$90, DW_AT_address_class(0x20)
TMS320C2000 Assembler Unix v25.11.0 Sun May 31 21:09:06 2026

Copyright (c) 1996-2018 Texas Instruments Incorporated
foc_pipeline.asm                                                     PAGE   64

    3139              
    3140                      .dwendtag $C$DW$TU$90
    3141              
    3142              
    3143              $C$DW$TU$91     .dwtag  DW_TAG_type_unit
    3144                      .dwmtype  $C$DW$T$91
    3145              $C$DW$204       .dwtag  DW_TAG_TI_far_type
    3146                      .dwattr $C$DW$204, DW_AT_type(*$C$DW$T$90)
    3147              
    3148              $C$DW$T$91      .dwtag  DW_TAG_const_type
    3149                      .dwattr $C$DW$T$91, DW_AT_type(*$C$DW$204)
    3150              
    3151                      .dwendtag $C$DW$TU$91
    3152              
    3153              
    3154              $C$DW$TU$92     .dwtag  DW_TAG_type_unit
    3155                      .dwmtype  $C$DW$T$92
    3156              $C$DW$T$92      .dwtag  DW_TAG_pointer_type
    3157                      .dwattr $C$DW$T$92, DW_AT_type(*$C$DW$T$21)
    3158                      .dwattr $C$DW$T$92, DW_AT_address_class(0x20)
    3159              
    3160                      .dwendtag $C$DW$TU$92
    3161              
    3162              
    3163              $C$DW$TU$93     .dwtag  DW_TAG_type_unit
    3164                      .dwmtype  $C$DW$T$93
    3165              $C$DW$205       .dwtag  DW_TAG_TI_far_type
    3166                      .dwattr $C$DW$205, DW_AT_type(*$C$DW$T$92)
    3167              
    3168              $C$DW$T$93      .dwtag  DW_TAG_const_type
    3169                      .dwattr $C$DW$T$93, DW_AT_type(*$C$DW$205)
    3170              
    3171                      .dwendtag $C$DW$TU$93
    3172              
    3173              
    3174              $C$DW$TU$38     .dwtag  DW_TAG_type_unit
    3175                      .dwmtype  $C$DW$T$38
    3176              
    3177              $C$DW$T$38      .dwtag  DW_TAG_structure_type
    3178                      .dwattr $C$DW$T$38, DW_AT_name("_MATH_Vec3_")
    3179                      .dwattr $C$DW$T$38, DW_AT_byte_size(0x06)
    3180              $C$DW$206       .dwtag  DW_TAG_member
    3181                      .dwattr $C$DW$206, DW_AT_type(*$C$DW$T$37)
    3182                      .dwattr $C$DW$206, DW_AT_name("value")
    3183                      .dwattr $C$DW$206, DW_AT_accessibility(DW_ACCESS_public)
    3184                      .dwattr $C$DW$206, DW_AT_decl_file("/home/jose/ti/c2000/C2000Ware_MotorControl_SDK_5_04_00_00/librari
    3185                      .dwattr $C$DW$206, DW_AT_decl_line(0xe5)
    3186                      .dwattr $C$DW$206, DW_AT_decl_column(0x0f)
    3187              
    3188                      .dwattr $C$DW$T$38, DW_AT_decl_file("/home/jose/ti/c2000/C2000Ware_MotorControl_SDK_5_04_00_00/librar
    3189                      .dwattr $C$DW$T$38, DW_AT_decl_line(0xe3)
    3190                      .dwattr $C$DW$T$38, DW_AT_decl_column(0x10)
    3191                      .dwendtag $C$DW$T$38
    3192              
    3193                      .dwendtag $C$DW$TU$38
TMS320C2000 Assembler Unix v25.11.0 Sun May 31 21:09:06 2026

Copyright (c) 1996-2018 Texas Instruments Incorporated
foc_pipeline.asm                                                     PAGE   65

    3194              
    3195              
    3196              $C$DW$TU$19     .dwtag  DW_TAG_type_unit
    3197                      .dwmtype  $C$DW$T$19
    3198              $C$DW$T$19      .dwtag  DW_TAG_typedef
    3199                      .dwattr $C$DW$T$19, DW_AT_name("MATH_Vec3")
    3200                      .dwattr $C$DW$T$19, DW_AT_type(*$C$DW$T$38)
    3201                      .dwattr $C$DW$T$19, DW_AT_decl_file("/home/jose/ti/c2000/C2000Ware_MotorControl_SDK_5_04_00_00/librar
    3202                      .dwattr $C$DW$T$19, DW_AT_decl_line(0xe6)
    3203                      .dwattr $C$DW$T$19, DW_AT_decl_column(0x03)
    3204              
    3205                      .dwendtag $C$DW$TU$19
    3206              
    3207              
    3208              $C$DW$TU$26     .dwtag  DW_TAG_type_unit
    3209                      .dwmtype  $C$DW$T$26
    3210              $C$DW$T$26      .dwtag  DW_TAG_typedef
    3211                      .dwattr $C$DW$T$26, DW_AT_name("FOC_Duty_t")
    3212                      .dwattr $C$DW$T$26, DW_AT_type(*$C$DW$T$19)
    3213                      .dwattr $C$DW$T$26, DW_AT_decl_file("/home/jose/workspace_ccstheia/foc_f28379d/include/foc_types.h")
    3214                      .dwattr $C$DW$T$26, DW_AT_decl_line(0x11)
    3215                      .dwattr $C$DW$T$26, DW_AT_decl_column(0x13)
    3216              
    3217                      .dwendtag $C$DW$TU$26
    3218              
    3219              
    3220              $C$DW$TU$107    .dwtag  DW_TAG_type_unit
    3221                      .dwmtype  $C$DW$T$107
    3222              $C$DW$207       .dwtag  DW_TAG_TI_far_type
    3223                      .dwattr $C$DW$207, DW_AT_type(*$C$DW$T$26)
    3224              
    3225              $C$DW$T$107     .dwtag  DW_TAG_const_type
    3226                      .dwattr $C$DW$T$107, DW_AT_type(*$C$DW$207)
    3227              
    3228                      .dwendtag $C$DW$TU$107
    3229              
    3230              
    3231              $C$DW$TU$108    .dwtag  DW_TAG_type_unit
    3232                      .dwmtype  $C$DW$T$108
    3233              $C$DW$T$108     .dwtag  DW_TAG_pointer_type
    3234                      .dwattr $C$DW$T$108, DW_AT_type(*$C$DW$T$107)
    3235                      .dwattr $C$DW$T$108, DW_AT_address_class(0x20)
    3236              
    3237                      .dwendtag $C$DW$TU$108
    3238              
    3239              
    3240              $C$DW$TU$20     .dwtag  DW_TAG_type_unit
    3241                      .dwmtype  $C$DW$T$20
    3242              $C$DW$T$20      .dwtag  DW_TAG_typedef
    3243                      .dwattr $C$DW$T$20, DW_AT_name("FOC_Iabc_t")
    3244                      .dwattr $C$DW$T$20, DW_AT_type(*$C$DW$T$19)
    3245                      .dwattr $C$DW$T$20, DW_AT_decl_file("/home/jose/workspace_ccstheia/foc_f28379d/include/foc_types.h")
    3246                      .dwattr $C$DW$T$20, DW_AT_decl_line(0x0c)
    3247                      .dwattr $C$DW$T$20, DW_AT_decl_column(0x13)
    3248              
TMS320C2000 Assembler Unix v25.11.0 Sun May 31 21:09:06 2026

Copyright (c) 1996-2018 Texas Instruments Incorporated
foc_pipeline.asm                                                     PAGE   66

    3249                      .dwendtag $C$DW$TU$20
    3250              
    3251              
    3252              $C$DW$TU$109    .dwtag  DW_TAG_type_unit
    3253                      .dwmtype  $C$DW$T$109
    3254              $C$DW$T$109     .dwtag  DW_TAG_pointer_type
    3255                      .dwattr $C$DW$T$109, DW_AT_type(*$C$DW$T$20)
    3256                      .dwattr $C$DW$T$109, DW_AT_address_class(0x20)
    3257              
    3258                      .dwendtag $C$DW$TU$109
    3259              
    3260              
    3261              $C$DW$TU$110    .dwtag  DW_TAG_type_unit
    3262                      .dwmtype  $C$DW$T$110
    3263              $C$DW$208       .dwtag  DW_TAG_TI_far_type
    3264                      .dwattr $C$DW$208, DW_AT_type(*$C$DW$T$19)
    3265              
    3266              $C$DW$T$110     .dwtag  DW_TAG_const_type
    3267                      .dwattr $C$DW$T$110, DW_AT_type(*$C$DW$208)
    3268              
    3269                      .dwendtag $C$DW$TU$110
    3270              
    3271              
    3272              $C$DW$TU$111    .dwtag  DW_TAG_type_unit
    3273                      .dwmtype  $C$DW$T$111
    3274              $C$DW$T$111     .dwtag  DW_TAG_pointer_type
    3275                      .dwattr $C$DW$T$111, DW_AT_type(*$C$DW$T$110)
    3276                      .dwattr $C$DW$T$111, DW_AT_address_class(0x20)
    3277              
    3278                      .dwendtag $C$DW$TU$111
    3279              
    3280              
    3281              $C$DW$TU$112    .dwtag  DW_TAG_type_unit
    3282                      .dwmtype  $C$DW$T$112
    3283              $C$DW$209       .dwtag  DW_TAG_TI_far_type
    3284                      .dwattr $C$DW$209, DW_AT_type(*$C$DW$T$111)
    3285              
    3286              $C$DW$T$112     .dwtag  DW_TAG_const_type
    3287                      .dwattr $C$DW$T$112, DW_AT_type(*$C$DW$209)
    3288              
    3289                      .dwendtag $C$DW$TU$112
    3290              
    3291              
    3292              $C$DW$TU$113    .dwtag  DW_TAG_type_unit
    3293                      .dwmtype  $C$DW$T$113
    3294              $C$DW$T$113     .dwtag  DW_TAG_pointer_type
    3295                      .dwattr $C$DW$T$113, DW_AT_type(*$C$DW$T$19)
    3296                      .dwattr $C$DW$T$113, DW_AT_address_class(0x20)
    3297              
    3298                      .dwendtag $C$DW$TU$113
    3299              
    3300              
    3301              $C$DW$TU$114    .dwtag  DW_TAG_type_unit
    3302                      .dwmtype  $C$DW$T$114
    3303              $C$DW$210       .dwtag  DW_TAG_TI_far_type
TMS320C2000 Assembler Unix v25.11.0 Sun May 31 21:09:06 2026

Copyright (c) 1996-2018 Texas Instruments Incorporated
foc_pipeline.asm                                                     PAGE   67

    3304                      .dwattr $C$DW$210, DW_AT_type(*$C$DW$T$113)
    3305              
    3306              $C$DW$T$114     .dwtag  DW_TAG_const_type
    3307                      .dwattr $C$DW$T$114, DW_AT_type(*$C$DW$210)
    3308              
    3309                      .dwendtag $C$DW$TU$114
    3310              
    3311              
    3312              $C$DW$TU$39     .dwtag  DW_TAG_type_unit
    3313                      .dwmtype  $C$DW$T$39
    3314              
    3315              $C$DW$T$39      .dwtag  DW_TAG_structure_type
    3316                      .dwattr $C$DW$T$39, DW_AT_name("_PARK_Obj_")
    3317                      .dwattr $C$DW$T$39, DW_AT_byte_size(0x04)
    3318              $C$DW$211       .dwtag  DW_TAG_member
    3319                      .dwattr $C$DW$211, DW_AT_type(*$C$DW$T$27)
    3320                      .dwattr $C$DW$211, DW_AT_name("sinTh")
    3321                      .dwattr $C$DW$211, DW_AT_accessibility(DW_ACCESS_public)
    3322                      .dwattr $C$DW$211, DW_AT_decl_file("/home/jose/ti/c2000/C2000Ware_MotorControl_SDK_5_04_00_00/librari
    3323                      .dwattr $C$DW$211, DW_AT_decl_line(0x4c)
    3324                      .dwattr $C$DW$211, DW_AT_decl_column(0x0f)
    3325              
    3326              $C$DW$212       .dwtag  DW_TAG_member
    3327                      .dwattr $C$DW$212, DW_AT_type(*$C$DW$T$27)
    3328                      .dwattr $C$DW$212, DW_AT_name("cosTh")
    3329                      .dwattr $C$DW$212, DW_AT_data_member_location[DW_OP_plus_uconst 0x2]
    3330                      .dwattr $C$DW$212, DW_AT_accessibility(DW_ACCESS_public)
    3331                      .dwattr $C$DW$212, DW_AT_decl_file("/home/jose/ti/c2000/C2000Ware_MotorControl_SDK_5_04_00_00/librari
    3332                      .dwattr $C$DW$212, DW_AT_decl_line(0x4e)
    3333                      .dwattr $C$DW$212, DW_AT_decl_column(0x0f)
    3334              
    3335                      .dwattr $C$DW$T$39, DW_AT_decl_file("/home/jose/ti/c2000/C2000Ware_MotorControl_SDK_5_04_00_00/librar
    3336                      .dwattr $C$DW$T$39, DW_AT_decl_line(0x4a)
    3337                      .dwattr $C$DW$T$39, DW_AT_decl_column(0x10)
    3338                      .dwendtag $C$DW$T$39
    3339              
    3340                      .dwendtag $C$DW$TU$39
    3341              
    3342              
    3343              $C$DW$TU$124    .dwtag  DW_TAG_type_unit
    3344                      .dwmtype  $C$DW$T$124
    3345              $C$DW$T$124     .dwtag  DW_TAG_typedef
    3346                      .dwattr $C$DW$T$124, DW_AT_name("PARK_Obj")
    3347                      .dwattr $C$DW$T$124, DW_AT_type(*$C$DW$T$39)
    3348                      .dwattr $C$DW$T$124, DW_AT_decl_file("/home/jose/ti/c2000/C2000Ware_MotorControl_SDK_5_04_00_00/libra
    3349                      .dwattr $C$DW$T$124, DW_AT_decl_line(0x50)
    3350                      .dwattr $C$DW$T$124, DW_AT_decl_column(0x03)
    3351              
    3352                      .dwendtag $C$DW$TU$124
    3353              
    3354              
    3355              $C$DW$TU$125    .dwtag  DW_TAG_type_unit
    3356                      .dwmtype  $C$DW$T$125
    3357              $C$DW$T$125     .dwtag  DW_TAG_pointer_type
    3358                      .dwattr $C$DW$T$125, DW_AT_type(*$C$DW$T$39)
TMS320C2000 Assembler Unix v25.11.0 Sun May 31 21:09:06 2026

Copyright (c) 1996-2018 Texas Instruments Incorporated
foc_pipeline.asm                                                     PAGE   68

    3359                      .dwattr $C$DW$T$125, DW_AT_address_class(0x20)
    3360              
    3361                      .dwendtag $C$DW$TU$125
    3362              
    3363              
    3364              $C$DW$TU$126    .dwtag  DW_TAG_type_unit
    3365                      .dwmtype  $C$DW$T$126
    3366              $C$DW$T$126     .dwtag  DW_TAG_typedef
    3367                      .dwattr $C$DW$T$126, DW_AT_name("PARK_Handle")
    3368                      .dwattr $C$DW$T$126, DW_AT_type(*$C$DW$T$125)
    3369                      .dwattr $C$DW$T$126, DW_AT_decl_file("/home/jose/ti/c2000/C2000Ware_MotorControl_SDK_5_04_00_00/libra
    3370                      .dwattr $C$DW$T$126, DW_AT_decl_line(0x57)
    3371                      .dwattr $C$DW$T$126, DW_AT_decl_column(0x1c)
    3372              
    3373                      .dwendtag $C$DW$TU$126
    3374              
    3375              
    3376              $C$DW$TU$127    .dwtag  DW_TAG_type_unit
    3377                      .dwmtype  $C$DW$T$127
    3378              $C$DW$213       .dwtag  DW_TAG_TI_far_type
    3379                      .dwattr $C$DW$213, DW_AT_type(*$C$DW$T$126)
    3380              
    3381              $C$DW$T$127     .dwtag  DW_TAG_const_type
    3382                      .dwattr $C$DW$T$127, DW_AT_type(*$C$DW$213)
    3383              
    3384                      .dwendtag $C$DW$TU$127
    3385              
    3386              
    3387              $C$DW$TU$40     .dwtag  DW_TAG_type_unit
    3388                      .dwmtype  $C$DW$T$40
    3389              
    3390              $C$DW$T$40      .dwtag  DW_TAG_structure_type
    3391                      .dwattr $C$DW$T$40, DW_AT_name("_PI_Obj_")
    3392                      .dwattr $C$DW$T$40, DW_AT_byte_size(0x10)
    3393              $C$DW$214       .dwtag  DW_TAG_member
    3394                      .dwattr $C$DW$214, DW_AT_type(*$C$DW$T$27)
    3395                      .dwattr $C$DW$214, DW_AT_name("Kp")
    3396                      .dwattr $C$DW$214, DW_AT_accessibility(DW_ACCESS_public)
    3397                      .dwattr $C$DW$214, DW_AT_decl_file("/home/jose/ti/c2000/C2000Ware_MotorControl_SDK_5_04_00_00/librari
    3398                      .dwattr $C$DW$214, DW_AT_decl_line(0x48)
    3399                      .dwattr $C$DW$214, DW_AT_decl_column(0x0f)
    3400              
    3401              $C$DW$215       .dwtag  DW_TAG_member
    3402                      .dwattr $C$DW$215, DW_AT_type(*$C$DW$T$27)
    3403                      .dwattr $C$DW$215, DW_AT_name("Ki")
    3404                      .dwattr $C$DW$215, DW_AT_data_member_location[DW_OP_plus_uconst 0x2]
    3405                      .dwattr $C$DW$215, DW_AT_accessibility(DW_ACCESS_public)
    3406                      .dwattr $C$DW$215, DW_AT_decl_file("/home/jose/ti/c2000/C2000Ware_MotorControl_SDK_5_04_00_00/librari
    3407                      .dwattr $C$DW$215, DW_AT_decl_line(0x49)
    3408                      .dwattr $C$DW$215, DW_AT_decl_column(0x0f)
    3409              
    3410              $C$DW$216       .dwtag  DW_TAG_member
    3411                      .dwattr $C$DW$216, DW_AT_type(*$C$DW$T$27)
    3412                      .dwattr $C$DW$216, DW_AT_name("Ui")
    3413                      .dwattr $C$DW$216, DW_AT_data_member_location[DW_OP_plus_uconst 0x4]
TMS320C2000 Assembler Unix v25.11.0 Sun May 31 21:09:06 2026

Copyright (c) 1996-2018 Texas Instruments Incorporated
foc_pipeline.asm                                                     PAGE   69

    3414                      .dwattr $C$DW$216, DW_AT_accessibility(DW_ACCESS_public)
    3415                      .dwattr $C$DW$216, DW_AT_decl_file("/home/jose/ti/c2000/C2000Ware_MotorControl_SDK_5_04_00_00/librari
    3416                      .dwattr $C$DW$216, DW_AT_decl_line(0x4a)
    3417                      .dwattr $C$DW$216, DW_AT_decl_column(0x0f)
    3418              
    3419              $C$DW$217       .dwtag  DW_TAG_member
    3420                      .dwattr $C$DW$217, DW_AT_type(*$C$DW$T$27)
    3421                      .dwattr $C$DW$217, DW_AT_name("refValue")
    3422                      .dwattr $C$DW$217, DW_AT_data_member_location[DW_OP_plus_uconst 0x6]
    3423                      .dwattr $C$DW$217, DW_AT_accessibility(DW_ACCESS_public)
    3424                      .dwattr $C$DW$217, DW_AT_decl_file("/home/jose/ti/c2000/C2000Ware_MotorControl_SDK_5_04_00_00/librari
    3425                      .dwattr $C$DW$217, DW_AT_decl_line(0x4c)
    3426                      .dwattr $C$DW$217, DW_AT_decl_column(0x0f)
    3427              
    3428              $C$DW$218       .dwtag  DW_TAG_member
    3429                      .dwattr $C$DW$218, DW_AT_type(*$C$DW$T$27)
    3430                      .dwattr $C$DW$218, DW_AT_name("fbackValue")
    3431                      .dwattr $C$DW$218, DW_AT_data_member_location[DW_OP_plus_uconst 0x8]
    3432                      .dwattr $C$DW$218, DW_AT_accessibility(DW_ACCESS_public)
    3433                      .dwattr $C$DW$218, DW_AT_decl_file("/home/jose/ti/c2000/C2000Ware_MotorControl_SDK_5_04_00_00/librari
    3434                      .dwattr $C$DW$218, DW_AT_decl_line(0x4d)
    3435                      .dwattr $C$DW$218, DW_AT_decl_column(0x0f)
    3436              
    3437              $C$DW$219       .dwtag  DW_TAG_member
    3438                      .dwattr $C$DW$219, DW_AT_type(*$C$DW$T$27)
    3439                      .dwattr $C$DW$219, DW_AT_name("ffwdValue")
    3440                      .dwattr $C$DW$219, DW_AT_data_member_location[DW_OP_plus_uconst 0xa]
    3441                      .dwattr $C$DW$219, DW_AT_accessibility(DW_ACCESS_public)
    3442                      .dwattr $C$DW$219, DW_AT_decl_file("/home/jose/ti/c2000/C2000Ware_MotorControl_SDK_5_04_00_00/librari
    3443                      .dwattr $C$DW$219, DW_AT_decl_line(0x4e)
    3444                      .dwattr $C$DW$219, DW_AT_decl_column(0x0f)
    3445              
    3446              $C$DW$220       .dwtag  DW_TAG_member
    3447                      .dwattr $C$DW$220, DW_AT_type(*$C$DW$T$27)
    3448                      .dwattr $C$DW$220, DW_AT_name("outMin")
    3449                      .dwattr $C$DW$220, DW_AT_data_member_location[DW_OP_plus_uconst 0xc]
    3450                      .dwattr $C$DW$220, DW_AT_accessibility(DW_ACCESS_public)
    3451                      .dwattr $C$DW$220, DW_AT_decl_file("/home/jose/ti/c2000/C2000Ware_MotorControl_SDK_5_04_00_00/librari
    3452                      .dwattr $C$DW$220, DW_AT_decl_line(0x4f)
    3453                      .dwattr $C$DW$220, DW_AT_decl_column(0x0f)
    3454              
    3455              $C$DW$221       .dwtag  DW_TAG_member
    3456                      .dwattr $C$DW$221, DW_AT_type(*$C$DW$T$27)
    3457                      .dwattr $C$DW$221, DW_AT_name("outMax")
    3458                      .dwattr $C$DW$221, DW_AT_data_member_location[DW_OP_plus_uconst 0xe]
    3459                      .dwattr $C$DW$221, DW_AT_accessibility(DW_ACCESS_public)
    3460                      .dwattr $C$DW$221, DW_AT_decl_file("/home/jose/ti/c2000/C2000Ware_MotorControl_SDK_5_04_00_00/librari
    3461                      .dwattr $C$DW$221, DW_AT_decl_line(0x51)
    3462                      .dwattr $C$DW$221, DW_AT_decl_column(0x0f)
    3463              
    3464                      .dwattr $C$DW$T$40, DW_AT_decl_file("/home/jose/ti/c2000/C2000Ware_MotorControl_SDK_5_04_00_00/librar
    3465                      .dwattr $C$DW$T$40, DW_AT_decl_line(0x46)
    3466                      .dwattr $C$DW$T$40, DW_AT_decl_column(0x10)
    3467                      .dwendtag $C$DW$T$40
    3468              
TMS320C2000 Assembler Unix v25.11.0 Sun May 31 21:09:06 2026

Copyright (c) 1996-2018 Texas Instruments Incorporated
foc_pipeline.asm                                                     PAGE   70

    3469                      .dwendtag $C$DW$TU$40
    3470              
    3471              
    3472              $C$DW$TU$132    .dwtag  DW_TAG_type_unit
    3473                      .dwmtype  $C$DW$T$132
    3474              $C$DW$T$132     .dwtag  DW_TAG_typedef
    3475                      .dwattr $C$DW$T$132, DW_AT_name("PI_Obj")
    3476                      .dwattr $C$DW$T$132, DW_AT_type(*$C$DW$T$40)
    3477                      .dwattr $C$DW$T$132, DW_AT_decl_file("/home/jose/ti/c2000/C2000Ware_MotorControl_SDK_5_04_00_00/libra
    3478                      .dwattr $C$DW$T$132, DW_AT_decl_line(0x53)
    3479                      .dwattr $C$DW$T$132, DW_AT_decl_column(0x03)
    3480              
    3481                      .dwendtag $C$DW$TU$132
    3482              
    3483              
    3484              $C$DW$TU$133    .dwtag  DW_TAG_type_unit
    3485                      .dwmtype  $C$DW$T$133
    3486              $C$DW$T$133     .dwtag  DW_TAG_pointer_type
    3487                      .dwattr $C$DW$T$133, DW_AT_type(*$C$DW$T$40)
    3488                      .dwattr $C$DW$T$133, DW_AT_address_class(0x20)
    3489              
    3490                      .dwendtag $C$DW$TU$133
    3491              
    3492              
    3493              $C$DW$TU$134    .dwtag  DW_TAG_type_unit
    3494                      .dwmtype  $C$DW$T$134
    3495              $C$DW$T$134     .dwtag  DW_TAG_typedef
    3496                      .dwattr $C$DW$T$134, DW_AT_name("PI_Handle")
    3497                      .dwattr $C$DW$T$134, DW_AT_type(*$C$DW$T$133)
    3498                      .dwattr $C$DW$T$134, DW_AT_decl_file("/home/jose/ti/c2000/C2000Ware_MotorControl_SDK_5_04_00_00/libra
    3499                      .dwattr $C$DW$T$134, DW_AT_decl_line(0x5a)
    3500                      .dwattr $C$DW$T$134, DW_AT_decl_column(0x1a)
    3501              
    3502                      .dwendtag $C$DW$TU$134
    3503              
    3504              
    3505              $C$DW$TU$135    .dwtag  DW_TAG_type_unit
    3506                      .dwmtype  $C$DW$T$135
    3507              $C$DW$222       .dwtag  DW_TAG_TI_far_type
    3508                      .dwattr $C$DW$222, DW_AT_type(*$C$DW$T$134)
    3509              
    3510              $C$DW$T$135     .dwtag  DW_TAG_const_type
    3511                      .dwattr $C$DW$T$135, DW_AT_type(*$C$DW$222)
    3512              
    3513                      .dwendtag $C$DW$TU$135
    3514              
    3515              
    3516              $C$DW$TU$44     .dwtag  DW_TAG_type_unit
    3517                      .dwmtype  $C$DW$T$44
    3518              
    3519              $C$DW$T$44      .dwtag  DW_TAG_structure_type
    3520                      .dwattr $C$DW$T$44, DW_AT_name("_SVGEN_Obj_")
    3521                      .dwattr $C$DW$T$44, DW_AT_byte_size(0x04)
    3522              $C$DW$223       .dwtag  DW_TAG_member
    3523                      .dwattr $C$DW$223, DW_AT_type(*$C$DW$T$27)
TMS320C2000 Assembler Unix v25.11.0 Sun May 31 21:09:06 2026

Copyright (c) 1996-2018 Texas Instruments Incorporated
foc_pipeline.asm                                                     PAGE   71

    3524                      .dwattr $C$DW$223, DW_AT_name("oneOverDcBus_invV")
    3525                      .dwattr $C$DW$223, DW_AT_accessibility(DW_ACCESS_public)
    3526                      .dwattr $C$DW$223, DW_AT_decl_file("/home/jose/ti/c2000/C2000Ware_MotorControl_SDK_5_04_00_00/librari
    3527                      .dwattr $C$DW$223, DW_AT_decl_line(0x52)
    3528                      .dwattr $C$DW$223, DW_AT_decl_column(0x0f)
    3529              
    3530              $C$DW$224       .dwtag  DW_TAG_member
    3531                      .dwattr $C$DW$224, DW_AT_type(*$C$DW$T$41)
    3532                      .dwattr $C$DW$224, DW_AT_name("sector")
    3533                      .dwattr $C$DW$224, DW_AT_data_member_location[DW_OP_plus_uconst 0x2]
    3534                      .dwattr $C$DW$224, DW_AT_accessibility(DW_ACCESS_public)
    3535                      .dwattr $C$DW$224, DW_AT_decl_file("/home/jose/ti/c2000/C2000Ware_MotorControl_SDK_5_04_00_00/librari
    3536                      .dwattr $C$DW$224, DW_AT_decl_line(0x53)
    3537                      .dwattr $C$DW$224, DW_AT_decl_column(0x0e)
    3538              
    3539              $C$DW$225       .dwtag  DW_TAG_member
    3540                      .dwattr $C$DW$225, DW_AT_type(*$C$DW$T$43)
    3541                      .dwattr $C$DW$225, DW_AT_name("svmMode")
    3542                      .dwattr $C$DW$225, DW_AT_data_member_location[DW_OP_plus_uconst 0x3]
    3543                      .dwattr $C$DW$225, DW_AT_accessibility(DW_ACCESS_public)
    3544                      .dwattr $C$DW$225, DW_AT_decl_file("/home/jose/ti/c2000/C2000Ware_MotorControl_SDK_5_04_00_00/librari
    3545                      .dwattr $C$DW$225, DW_AT_decl_line(0x54)
    3546                      .dwattr $C$DW$225, DW_AT_decl_column(0x10)
    3547              
    3548                      .dwattr $C$DW$T$44, DW_AT_decl_file("/home/jose/ti/c2000/C2000Ware_MotorControl_SDK_5_04_00_00/librar
    3549                      .dwattr $C$DW$T$44, DW_AT_decl_line(0x50)
    3550                      .dwattr $C$DW$T$44, DW_AT_decl_column(0x10)
    3551                      .dwendtag $C$DW$T$44
    3552              
    3553                      .dwendtag $C$DW$TU$44
    3554              
    3555              
    3556              $C$DW$TU$140    .dwtag  DW_TAG_type_unit
    3557                      .dwmtype  $C$DW$T$140
    3558              $C$DW$T$140     .dwtag  DW_TAG_typedef
    3559                      .dwattr $C$DW$T$140, DW_AT_name("SVGEN_Obj")
    3560                      .dwattr $C$DW$T$140, DW_AT_type(*$C$DW$T$44)
    3561                      .dwattr $C$DW$T$140, DW_AT_decl_file("/home/jose/ti/c2000/C2000Ware_MotorControl_SDK_5_04_00_00/libra
    3562                      .dwattr $C$DW$T$140, DW_AT_decl_line(0x55)
    3563                      .dwattr $C$DW$T$140, DW_AT_decl_column(0x03)
    3564              
    3565                      .dwendtag $C$DW$TU$140
    3566              
    3567              
    3568              $C$DW$TU$45     .dwtag  DW_TAG_type_unit
    3569                      .dwmtype  $C$DW$T$45
    3570              $C$DW$T$45      .dwtag  DW_TAG_pointer_type
    3571                      .dwattr $C$DW$T$45, DW_AT_type(*$C$DW$T$44)
    3572                      .dwattr $C$DW$T$45, DW_AT_address_class(0x20)
    3573              
    3574                      .dwendtag $C$DW$TU$45
    3575              
    3576              
    3577              $C$DW$TU$46     .dwtag  DW_TAG_type_unit
    3578                      .dwmtype  $C$DW$T$46
TMS320C2000 Assembler Unix v25.11.0 Sun May 31 21:09:06 2026

Copyright (c) 1996-2018 Texas Instruments Incorporated
foc_pipeline.asm                                                     PAGE   72

    3579              $C$DW$T$46      .dwtag  DW_TAG_typedef
    3580                      .dwattr $C$DW$T$46, DW_AT_name("SVGEN_Handle")
    3581                      .dwattr $C$DW$T$46, DW_AT_type(*$C$DW$T$45)
    3582                      .dwattr $C$DW$T$46, DW_AT_decl_file("/home/jose/ti/c2000/C2000Ware_MotorControl_SDK_5_04_00_00/librar
    3583                      .dwattr $C$DW$T$46, DW_AT_decl_line(0x5c)
    3584                      .dwattr $C$DW$T$46, DW_AT_decl_column(0x1d)
    3585              
    3586                      .dwendtag $C$DW$TU$46
    3587              
    3588              
    3589              $C$DW$TU$141    .dwtag  DW_TAG_type_unit
    3590                      .dwmtype  $C$DW$T$141
    3591              $C$DW$226       .dwtag  DW_TAG_TI_far_type
    3592                      .dwattr $C$DW$226, DW_AT_type(*$C$DW$T$46)
    3593              
    3594              $C$DW$T$141     .dwtag  DW_TAG_const_type
    3595                      .dwattr $C$DW$T$141, DW_AT_type(*$C$DW$226)
    3596              
    3597                      .dwendtag $C$DW$TU$141
    3598              
    3599              
    3600              $C$DW$TU$2      .dwtag  DW_TAG_type_unit
    3601                      .dwmtype  $C$DW$T$2
    3602              $C$DW$T$2       .dwtag  DW_TAG_unspecified_type
    3603                      .dwattr $C$DW$T$2, DW_AT_name("void")
    3604              
    3605                      .dwendtag $C$DW$TU$2
    3606              
    3607              
    3608              $C$DW$TU$3      .dwtag  DW_TAG_type_unit
    3609                      .dwmtype  $C$DW$T$3
    3610              $C$DW$T$3       .dwtag  DW_TAG_pointer_type
    3611                      .dwattr $C$DW$T$3, DW_AT_type(*$C$DW$T$2)
    3612                      .dwattr $C$DW$T$3, DW_AT_address_class(0x20)
    3613              
    3614                      .dwendtag $C$DW$TU$3
    3615              
    3616              
    3617              $C$DW$TU$4      .dwtag  DW_TAG_type_unit
    3618                      .dwmtype  $C$DW$T$4
    3619              $C$DW$T$4       .dwtag  DW_TAG_base_type
    3620                      .dwattr $C$DW$T$4, DW_AT_encoding(DW_ATE_boolean)
    3621                      .dwattr $C$DW$T$4, DW_AT_name("bool")
    3622                      .dwattr $C$DW$T$4, DW_AT_byte_size(0x01)
    3623              
    3624                      .dwendtag $C$DW$TU$4
    3625              
    3626              
    3627              $C$DW$TU$5      .dwtag  DW_TAG_type_unit
    3628                      .dwmtype  $C$DW$T$5
    3629              $C$DW$T$5       .dwtag  DW_TAG_base_type
    3630                      .dwattr $C$DW$T$5, DW_AT_encoding(DW_ATE_signed_char)
    3631                      .dwattr $C$DW$T$5, DW_AT_name("signed char")
    3632                      .dwattr $C$DW$T$5, DW_AT_byte_size(0x01)
    3633              
TMS320C2000 Assembler Unix v25.11.0 Sun May 31 21:09:06 2026

Copyright (c) 1996-2018 Texas Instruments Incorporated
foc_pipeline.asm                                                     PAGE   73

    3634                      .dwendtag $C$DW$TU$5
    3635              
    3636              
    3637              $C$DW$TU$6      .dwtag  DW_TAG_type_unit
    3638                      .dwmtype  $C$DW$T$6
    3639              $C$DW$T$6       .dwtag  DW_TAG_base_type
    3640                      .dwattr $C$DW$T$6, DW_AT_encoding(DW_ATE_unsigned_char)
    3641                      .dwattr $C$DW$T$6, DW_AT_name("unsigned char")
    3642                      .dwattr $C$DW$T$6, DW_AT_byte_size(0x01)
    3643              
    3644                      .dwendtag $C$DW$TU$6
    3645              
    3646              
    3647              $C$DW$TU$7      .dwtag  DW_TAG_type_unit
    3648                      .dwmtype  $C$DW$T$7
    3649              $C$DW$T$7       .dwtag  DW_TAG_base_type
    3650                      .dwattr $C$DW$T$7, DW_AT_encoding(DW_ATE_signed_char)
    3651                      .dwattr $C$DW$T$7, DW_AT_name("wchar_t")
    3652                      .dwattr $C$DW$T$7, DW_AT_byte_size(0x02)
    3653              
    3654                      .dwendtag $C$DW$TU$7
    3655              
    3656              
    3657              $C$DW$TU$8      .dwtag  DW_TAG_type_unit
    3658                      .dwmtype  $C$DW$T$8
    3659              $C$DW$T$8       .dwtag  DW_TAG_base_type
    3660                      .dwattr $C$DW$T$8, DW_AT_encoding(DW_ATE_signed)
    3661                      .dwattr $C$DW$T$8, DW_AT_name("short")
    3662                      .dwattr $C$DW$T$8, DW_AT_byte_size(0x01)
    3663              
    3664                      .dwendtag $C$DW$TU$8
    3665              
    3666              
    3667              $C$DW$TU$175    .dwtag  DW_TAG_type_unit
    3668                      .dwmtype  $C$DW$T$175
    3669              $C$DW$T$175     .dwtag  DW_TAG_typedef
    3670                      .dwattr $C$DW$T$175, DW_AT_name("__int16_t")
    3671                      .dwattr $C$DW$T$175, DW_AT_type(*$C$DW$T$8)
    3672                      .dwattr $C$DW$T$175, DW_AT_decl_file("/home/jose/ti/ccs2051/ccs/tools/compiler/ti-cgt-c2000_25.11.0.L
    3673                      .dwattr $C$DW$T$175, DW_AT_decl_line(0x40)
    3674                      .dwattr $C$DW$T$175, DW_AT_decl_column(0x1d)
    3675              
    3676                      .dwendtag $C$DW$TU$175
    3677              
    3678              
    3679              $C$DW$TU$176    .dwtag  DW_TAG_type_unit
    3680                      .dwmtype  $C$DW$T$176
    3681              $C$DW$T$176     .dwtag  DW_TAG_typedef
    3682                      .dwattr $C$DW$T$176, DW_AT_name("int16_t")
    3683                      .dwattr $C$DW$T$176, DW_AT_type(*$C$DW$T$175)
    3684                      .dwattr $C$DW$T$176, DW_AT_decl_file("/home/jose/ti/ccs2051/ccs/tools/compiler/ti-cgt-c2000_25.11.0.L
    3685                      .dwattr $C$DW$T$176, DW_AT_decl_line(0x2b)
    3686                      .dwattr $C$DW$T$176, DW_AT_decl_column(0x14)
    3687              
    3688                      .dwendtag $C$DW$TU$176
TMS320C2000 Assembler Unix v25.11.0 Sun May 31 21:09:06 2026

Copyright (c) 1996-2018 Texas Instruments Incorporated
foc_pipeline.asm                                                     PAGE   74

    3689              
    3690              
    3691              $C$DW$TU$180    .dwtag  DW_TAG_type_unit
    3692                      .dwmtype  $C$DW$T$180
    3693              $C$DW$227       .dwtag  DW_TAG_TI_far_type
    3694                      .dwattr $C$DW$227, DW_AT_type(*$C$DW$T$176)
    3695              
    3696              $C$DW$T$180     .dwtag  DW_TAG_volatile_type
    3697                      .dwattr $C$DW$T$180, DW_AT_type(*$C$DW$227)
    3698              
    3699                      .dwendtag $C$DW$TU$180
    3700              
    3701              
    3702              $C$DW$TU$9      .dwtag  DW_TAG_type_unit
    3703                      .dwmtype  $C$DW$T$9
    3704              $C$DW$T$9       .dwtag  DW_TAG_base_type
    3705                      .dwattr $C$DW$T$9, DW_AT_encoding(DW_ATE_unsigned)
    3706                      .dwattr $C$DW$T$9, DW_AT_name("unsigned short")
    3707                      .dwattr $C$DW$T$9, DW_AT_byte_size(0x01)
    3708              
    3709                      .dwendtag $C$DW$TU$9
    3710              
    3711              
    3712              $C$DW$TU$30     .dwtag  DW_TAG_type_unit
    3713                      .dwmtype  $C$DW$T$30
    3714              $C$DW$T$30      .dwtag  DW_TAG_typedef
    3715                      .dwattr $C$DW$T$30, DW_AT_name("__uint16_t")
    3716                      .dwattr $C$DW$T$30, DW_AT_type(*$C$DW$T$9)
    3717                      .dwattr $C$DW$T$30, DW_AT_decl_file("/home/jose/ti/ccs2051/ccs/tools/compiler/ti-cgt-c2000_25.11.0.LT
    3718                      .dwattr $C$DW$T$30, DW_AT_decl_line(0x41)
    3719                      .dwattr $C$DW$T$30, DW_AT_decl_column(0x1c)
    3720              
    3721                      .dwendtag $C$DW$TU$30
    3722              
    3723              
    3724              $C$DW$TU$31     .dwtag  DW_TAG_type_unit
    3725                      .dwmtype  $C$DW$T$31
    3726              $C$DW$T$31      .dwtag  DW_TAG_typedef
    3727                      .dwattr $C$DW$T$31, DW_AT_name("__uint_least8_t")
    3728                      .dwattr $C$DW$T$31, DW_AT_type(*$C$DW$T$30)
    3729                      .dwattr $C$DW$T$31, DW_AT_decl_file("/home/jose/ti/ccs2051/ccs/tools/compiler/ti-cgt-c2000_25.11.0.LT
    3730                      .dwattr $C$DW$T$31, DW_AT_decl_line(0x7f)
    3731                      .dwattr $C$DW$T$31, DW_AT_decl_column(0x14)
    3732              
    3733                      .dwendtag $C$DW$TU$31
    3734              
    3735              
    3736              $C$DW$TU$32     .dwtag  DW_TAG_type_unit
    3737                      .dwmtype  $C$DW$T$32
    3738              $C$DW$T$32      .dwtag  DW_TAG_typedef
    3739                      .dwattr $C$DW$T$32, DW_AT_name("uint_least8_t")
    3740                      .dwattr $C$DW$T$32, DW_AT_type(*$C$DW$T$31)
    3741                      .dwattr $C$DW$T$32, DW_AT_decl_file("/home/jose/ti/ccs2051/ccs/tools/compiler/ti-cgt-c2000_25.11.0.LT
    3742                      .dwattr $C$DW$T$32, DW_AT_decl_line(0x2f)
    3743                      .dwattr $C$DW$T$32, DW_AT_decl_column(0x1a)
TMS320C2000 Assembler Unix v25.11.0 Sun May 31 21:09:06 2026

Copyright (c) 1996-2018 Texas Instruments Incorporated
foc_pipeline.asm                                                     PAGE   75

    3744              
    3745                      .dwendtag $C$DW$TU$32
    3746              
    3747              
    3748              $C$DW$TU$41     .dwtag  DW_TAG_type_unit
    3749                      .dwmtype  $C$DW$T$41
    3750              $C$DW$T$41      .dwtag  DW_TAG_typedef
    3751                      .dwattr $C$DW$T$41, DW_AT_name("uint16_t")
    3752                      .dwattr $C$DW$T$41, DW_AT_type(*$C$DW$T$30)
    3753                      .dwattr $C$DW$T$41, DW_AT_decl_file("/home/jose/ti/ccs2051/ccs/tools/compiler/ti-cgt-c2000_25.11.0.LT
    3754                      .dwattr $C$DW$T$41, DW_AT_decl_line(0x41)
    3755                      .dwattr $C$DW$T$41, DW_AT_decl_column(0x15)
    3756              
    3757                      .dwendtag $C$DW$TU$41
    3758              
    3759              
    3760              $C$DW$TU$182    .dwtag  DW_TAG_type_unit
    3761                      .dwmtype  $C$DW$T$182
    3762              $C$DW$228       .dwtag  DW_TAG_TI_far_type
    3763                      .dwattr $C$DW$228, DW_AT_type(*$C$DW$T$41)
    3764              
    3765              $C$DW$T$182     .dwtag  DW_TAG_volatile_type
    3766                      .dwattr $C$DW$T$182, DW_AT_type(*$C$DW$228)
    3767              
    3768                      .dwendtag $C$DW$TU$182
    3769              
    3770              
    3771              $C$DW$TU$10     .dwtag  DW_TAG_type_unit
    3772                      .dwmtype  $C$DW$T$10
    3773              $C$DW$T$10      .dwtag  DW_TAG_base_type
    3774                      .dwattr $C$DW$T$10, DW_AT_encoding(DW_ATE_signed)
    3775                      .dwattr $C$DW$T$10, DW_AT_name("int")
    3776                      .dwattr $C$DW$T$10, DW_AT_byte_size(0x01)
    3777              
    3778                      .dwendtag $C$DW$TU$10
    3779              
    3780              
    3781              $C$DW$TU$11     .dwtag  DW_TAG_type_unit
    3782                      .dwmtype  $C$DW$T$11
    3783              $C$DW$T$11      .dwtag  DW_TAG_base_type
    3784                      .dwattr $C$DW$T$11, DW_AT_encoding(DW_ATE_unsigned)
    3785                      .dwattr $C$DW$T$11, DW_AT_name("unsigned int")
    3786                      .dwattr $C$DW$T$11, DW_AT_byte_size(0x01)
    3787              
    3788                      .dwendtag $C$DW$TU$11
    3789              
    3790              
    3791              $C$DW$TU$12     .dwtag  DW_TAG_type_unit
    3792                      .dwmtype  $C$DW$T$12
    3793              $C$DW$T$12      .dwtag  DW_TAG_base_type
    3794                      .dwattr $C$DW$T$12, DW_AT_encoding(DW_ATE_signed)
    3795                      .dwattr $C$DW$T$12, DW_AT_name("long")
    3796                      .dwattr $C$DW$T$12, DW_AT_byte_size(0x02)
    3797              
    3798                      .dwendtag $C$DW$TU$12
TMS320C2000 Assembler Unix v25.11.0 Sun May 31 21:09:06 2026

Copyright (c) 1996-2018 Texas Instruments Incorporated
foc_pipeline.asm                                                     PAGE   76

    3799              
    3800              
    3801              $C$DW$TU$187    .dwtag  DW_TAG_type_unit
    3802                      .dwmtype  $C$DW$T$187
    3803              $C$DW$T$187     .dwtag  DW_TAG_typedef
    3804                      .dwattr $C$DW$T$187, DW_AT_name("__int32_t")
    3805                      .dwattr $C$DW$T$187, DW_AT_type(*$C$DW$T$12)
    3806                      .dwattr $C$DW$T$187, DW_AT_decl_file("/home/jose/ti/ccs2051/ccs/tools/compiler/ti-cgt-c2000_25.11.0.L
    3807                      .dwattr $C$DW$T$187, DW_AT_decl_line(0x42)
    3808                      .dwattr $C$DW$T$187, DW_AT_decl_column(0x1d)
    3809              
    3810                      .dwendtag $C$DW$TU$187
    3811              
    3812              
    3813              $C$DW$TU$188    .dwtag  DW_TAG_type_unit
    3814                      .dwmtype  $C$DW$T$188
    3815              $C$DW$T$188     .dwtag  DW_TAG_typedef
    3816                      .dwattr $C$DW$T$188, DW_AT_name("int32_t")
    3817                      .dwattr $C$DW$T$188, DW_AT_type(*$C$DW$T$187)
    3818                      .dwattr $C$DW$T$188, DW_AT_decl_file("/home/jose/ti/ccs2051/ccs/tools/compiler/ti-cgt-c2000_25.11.0.L
    3819                      .dwattr $C$DW$T$188, DW_AT_decl_line(0x30)
    3820                      .dwattr $C$DW$T$188, DW_AT_decl_column(0x14)
    3821              
    3822                      .dwendtag $C$DW$TU$188
    3823              
    3824              
    3825              $C$DW$TU$189    .dwtag  DW_TAG_type_unit
    3826                      .dwmtype  $C$DW$T$189
    3827              $C$DW$229       .dwtag  DW_TAG_TI_far_type
    3828                      .dwattr $C$DW$229, DW_AT_type(*$C$DW$T$188)
    3829              
    3830              $C$DW$T$189     .dwtag  DW_TAG_volatile_type
    3831                      .dwattr $C$DW$T$189, DW_AT_type(*$C$DW$229)
    3832              
    3833                      .dwendtag $C$DW$TU$189
    3834              
    3835              
    3836              $C$DW$TU$13     .dwtag  DW_TAG_type_unit
    3837                      .dwmtype  $C$DW$T$13
    3838              $C$DW$T$13      .dwtag  DW_TAG_base_type
    3839                      .dwattr $C$DW$T$13, DW_AT_encoding(DW_ATE_unsigned)
    3840                      .dwattr $C$DW$T$13, DW_AT_name("unsigned long")
    3841                      .dwattr $C$DW$T$13, DW_AT_byte_size(0x02)
    3842              
    3843                      .dwendtag $C$DW$TU$13
    3844              
    3845              
    3846              $C$DW$TU$177    .dwtag  DW_TAG_type_unit
    3847                      .dwmtype  $C$DW$T$177
    3848              $C$DW$T$177     .dwtag  DW_TAG_typedef
    3849                      .dwattr $C$DW$T$177, DW_AT_name("__uint32_t")
    3850                      .dwattr $C$DW$T$177, DW_AT_type(*$C$DW$T$13)
    3851                      .dwattr $C$DW$T$177, DW_AT_decl_file("/home/jose/ti/ccs2051/ccs/tools/compiler/ti-cgt-c2000_25.11.0.L
    3852                      .dwattr $C$DW$T$177, DW_AT_decl_line(0x43)
    3853                      .dwattr $C$DW$T$177, DW_AT_decl_column(0x1c)
TMS320C2000 Assembler Unix v25.11.0 Sun May 31 21:09:06 2026

Copyright (c) 1996-2018 Texas Instruments Incorporated
foc_pipeline.asm                                                     PAGE   77

    3854              
    3855                      .dwendtag $C$DW$TU$177
    3856              
    3857              
    3858              $C$DW$TU$178    .dwtag  DW_TAG_type_unit
    3859                      .dwmtype  $C$DW$T$178
    3860              $C$DW$T$178     .dwtag  DW_TAG_typedef
    3861                      .dwattr $C$DW$T$178, DW_AT_name("uint32_t")
    3862                      .dwattr $C$DW$T$178, DW_AT_type(*$C$DW$T$177)
    3863                      .dwattr $C$DW$T$178, DW_AT_decl_file("/home/jose/ti/ccs2051/ccs/tools/compiler/ti-cgt-c2000_25.11.0.L
    3864                      .dwattr $C$DW$T$178, DW_AT_decl_line(0x46)
    3865                      .dwattr $C$DW$T$178, DW_AT_decl_column(0x15)
    3866              
    3867                      .dwendtag $C$DW$TU$178
    3868              
    3869              
    3870              $C$DW$TU$193    .dwtag  DW_TAG_type_unit
    3871                      .dwmtype  $C$DW$T$193
    3872              $C$DW$230       .dwtag  DW_TAG_TI_far_type
    3873                      .dwattr $C$DW$230, DW_AT_type(*$C$DW$T$178)
    3874              
    3875              $C$DW$T$193     .dwtag  DW_TAG_volatile_type
    3876                      .dwattr $C$DW$T$193, DW_AT_type(*$C$DW$230)
    3877              
    3878                      .dwendtag $C$DW$TU$193
    3879              
    3880              
    3881              $C$DW$TU$75     .dwtag  DW_TAG_type_unit
    3882                      .dwmtype  $C$DW$T$75
    3883              $C$DW$T$75      .dwtag  DW_TAG_typedef
    3884                      .dwattr $C$DW$T$75, DW_AT_name("size_t")
    3885                      .dwattr $C$DW$T$75, DW_AT_type(*$C$DW$T$13)
    3886                      .dwattr $C$DW$T$75, DW_AT_decl_file("/home/jose/ti/ccs2051/ccs/tools/compiler/ti-cgt-c2000_25.11.0.LT
    3887                      .dwattr $C$DW$T$75, DW_AT_decl_line(0x44)
    3888                      .dwattr $C$DW$T$75, DW_AT_decl_column(0x19)
    3889              
    3890                      .dwendtag $C$DW$TU$75
    3891              
    3892              
    3893              $C$DW$TU$76     .dwtag  DW_TAG_type_unit
    3894                      .dwmtype  $C$DW$T$76
    3895              $C$DW$231       .dwtag  DW_TAG_TI_far_type
    3896                      .dwattr $C$DW$231, DW_AT_type(*$C$DW$T$75)
    3897              
    3898              $C$DW$T$76      .dwtag  DW_TAG_const_type
    3899                      .dwattr $C$DW$T$76, DW_AT_type(*$C$DW$231)
    3900              
    3901                      .dwendtag $C$DW$TU$76
    3902              
    3903              
    3904              $C$DW$TU$14     .dwtag  DW_TAG_type_unit
    3905                      .dwmtype  $C$DW$T$14
    3906              $C$DW$T$14      .dwtag  DW_TAG_base_type
    3907                      .dwattr $C$DW$T$14, DW_AT_encoding(DW_ATE_signed)
    3908                      .dwattr $C$DW$T$14, DW_AT_name("long long")
TMS320C2000 Assembler Unix v25.11.0 Sun May 31 21:09:06 2026

Copyright (c) 1996-2018 Texas Instruments Incorporated
foc_pipeline.asm                                                     PAGE   78

    3909                      .dwattr $C$DW$T$14, DW_AT_byte_size(0x04)
    3910              
    3911                      .dwendtag $C$DW$TU$14
    3912              
    3913              
    3914              $C$DW$TU$15     .dwtag  DW_TAG_type_unit
    3915                      .dwmtype  $C$DW$T$15
    3916              $C$DW$T$15      .dwtag  DW_TAG_base_type
    3917                      .dwattr $C$DW$T$15, DW_AT_encoding(DW_ATE_unsigned)
    3918                      .dwattr $C$DW$T$15, DW_AT_name("unsigned long long")
    3919                      .dwattr $C$DW$T$15, DW_AT_byte_size(0x04)
    3920              
    3921                      .dwendtag $C$DW$TU$15
    3922              
    3923              
    3924              $C$DW$TU$16     .dwtag  DW_TAG_type_unit
    3925                      .dwmtype  $C$DW$T$16
    3926              $C$DW$T$16      .dwtag  DW_TAG_base_type
    3927                      .dwattr $C$DW$T$16, DW_AT_encoding(DW_ATE_float)
    3928                      .dwattr $C$DW$T$16, DW_AT_name("float")
    3929                      .dwattr $C$DW$T$16, DW_AT_byte_size(0x02)
    3930              
    3931                      .dwendtag $C$DW$TU$16
    3932              
    3933              
    3934              $C$DW$TU$27     .dwtag  DW_TAG_type_unit
    3935                      .dwmtype  $C$DW$T$27
    3936              $C$DW$T$27      .dwtag  DW_TAG_typedef
    3937                      .dwattr $C$DW$T$27, DW_AT_name("float32_t")
    3938                      .dwattr $C$DW$T$27, DW_AT_type(*$C$DW$T$16)
    3939                      .dwattr $C$DW$T$27, DW_AT_decl_file("/home/jose/ti/c2000/C2000Ware_MotorControl_SDK_5_04_00_00/librar
    3940                      .dwattr $C$DW$T$27, DW_AT_decl_line(0x4b)
    3941                      .dwattr $C$DW$T$27, DW_AT_decl_column(0x1d)
    3942              
    3943                      .dwendtag $C$DW$TU$27
    3944              
    3945              
    3946              $C$DW$TU$35     .dwtag  DW_TAG_type_unit
    3947                      .dwmtype  $C$DW$T$35
    3948              
    3949              $C$DW$T$35      .dwtag  DW_TAG_array_type
    3950                      .dwattr $C$DW$T$35, DW_AT_type(*$C$DW$T$27)
    3951                      .dwattr $C$DW$T$35, DW_AT_byte_size(0x04)
    3952              $C$DW$232       .dwtag  DW_TAG_subrange_type
    3953                      .dwattr $C$DW$232, DW_AT_upper_bound(0x01)
    3954              
    3955                      .dwendtag $C$DW$T$35
    3956              
    3957                      .dwendtag $C$DW$TU$35
    3958              
    3959              
    3960              $C$DW$TU$37     .dwtag  DW_TAG_type_unit
    3961                      .dwmtype  $C$DW$T$37
    3962              
    3963              $C$DW$T$37      .dwtag  DW_TAG_array_type
TMS320C2000 Assembler Unix v25.11.0 Sun May 31 21:09:06 2026

Copyright (c) 1996-2018 Texas Instruments Incorporated
foc_pipeline.asm                                                     PAGE   79

    3964                      .dwattr $C$DW$T$37, DW_AT_type(*$C$DW$T$27)
    3965                      .dwattr $C$DW$T$37, DW_AT_byte_size(0x06)
    3966              $C$DW$233       .dwtag  DW_TAG_subrange_type
    3967                      .dwattr $C$DW$233, DW_AT_upper_bound(0x02)
    3968              
    3969                      .dwendtag $C$DW$T$37
    3970              
    3971                      .dwendtag $C$DW$TU$37
    3972              
    3973              
    3974              $C$DW$TU$172    .dwtag  DW_TAG_type_unit
    3975                      .dwmtype  $C$DW$T$172
    3976              $C$DW$T$172     .dwtag  DW_TAG_pointer_type
    3977                      .dwattr $C$DW$T$172, DW_AT_type(*$C$DW$T$27)
    3978                      .dwattr $C$DW$T$172, DW_AT_address_class(0x20)
    3979              
    3980                      .dwendtag $C$DW$TU$172
    3981              
    3982              
    3983              $C$DW$TU$203    .dwtag  DW_TAG_type_unit
    3984                      .dwmtype  $C$DW$T$203
    3985              $C$DW$234       .dwtag  DW_TAG_TI_far_type
    3986                      .dwattr $C$DW$234, DW_AT_type(*$C$DW$T$172)
    3987              
    3988              $C$DW$T$203     .dwtag  DW_TAG_const_type
    3989                      .dwattr $C$DW$T$203, DW_AT_type(*$C$DW$234)
    3990              
    3991                      .dwendtag $C$DW$TU$203
    3992              
    3993              
    3994              $C$DW$TU$158    .dwtag  DW_TAG_type_unit
    3995                      .dwmtype  $C$DW$T$158
    3996              $C$DW$235       .dwtag  DW_TAG_TI_far_type
    3997                      .dwattr $C$DW$235, DW_AT_type(*$C$DW$T$27)
    3998              
    3999              $C$DW$T$158     .dwtag  DW_TAG_const_type
    4000                      .dwattr $C$DW$T$158, DW_AT_type(*$C$DW$235)
    4001              
    4002                      .dwendtag $C$DW$TU$158
    4003              
    4004              
    4005              $C$DW$TU$207    .dwtag  DW_TAG_type_unit
    4006                      .dwmtype  $C$DW$T$207
    4007              $C$DW$236       .dwtag  DW_TAG_TI_far_type
    4008                      .dwattr $C$DW$236, DW_AT_type(*$C$DW$T$27)
    4009              
    4010              $C$DW$T$207     .dwtag  DW_TAG_volatile_type
    4011                      .dwattr $C$DW$T$207, DW_AT_type(*$C$DW$236)
    4012              
    4013                      .dwendtag $C$DW$TU$207
    4014              
    4015              
    4016              $C$DW$TU$17     .dwtag  DW_TAG_type_unit
    4017                      .dwmtype  $C$DW$T$17
    4018              $C$DW$T$17      .dwtag  DW_TAG_base_type
TMS320C2000 Assembler Unix v25.11.0 Sun May 31 21:09:06 2026

Copyright (c) 1996-2018 Texas Instruments Incorporated
foc_pipeline.asm                                                     PAGE   80

    4019                      .dwattr $C$DW$T$17, DW_AT_encoding(DW_ATE_float)
    4020                      .dwattr $C$DW$T$17, DW_AT_name("double")
    4021                      .dwattr $C$DW$T$17, DW_AT_byte_size(0x04)
    4022              
    4023                      .dwendtag $C$DW$TU$17
    4024              
    4025              
    4026              $C$DW$TU$18     .dwtag  DW_TAG_type_unit
    4027                      .dwmtype  $C$DW$T$18
    4028              $C$DW$T$18      .dwtag  DW_TAG_base_type
    4029                      .dwattr $C$DW$T$18, DW_AT_encoding(DW_ATE_float)
    4030                      .dwattr $C$DW$T$18, DW_AT_name("long double")
    4031                      .dwattr $C$DW$T$18, DW_AT_byte_size(0x04)
    4032              
    4033                      .dwendtag $C$DW$TU$18
    4034              

No Assembly Errors, No Assembly Warnings
