TMS320C2000 Assembler Unix v25.11.0 Sat May 30 20:22:51 2026

Copyright (c) 1996-2018 Texas Instruments Incorporated
inverter_drv8305.asm                                                 PAGE    1

       1              ;***************************************************************
       2              ;* TMS320C2000 G3 C/C++ Codegen                         Unix v25.11.0.LTS *
       3              ;* Date/Time created: Sat May 30 20:22:51 2026                 *
       4              ;***************************************************************
       5                      .compiler_opts --abi=eabi --cla_support=cla1 --diag_wrap=off --float_support=fpu32 --hll_source=on --
       6                      .asg    XAR2, FP
       7              
       8              $C$DW$CU        .dwtag  DW_TAG_compile_unit
       9                      .dwattr $C$DW$CU, DW_AT_name("../src/inverter_drv8305.c")
      10                      .dwattr $C$DW$CU, DW_AT_producer("TI TMS320C2000 G3 C/C++ Codegen Unix v25.11.0.LTS Copyright (c) 199
      11                      .dwattr $C$DW$CU, DW_AT_TI_version(0x01)
      12                      .dwattr $C$DW$CU, DW_AT_comp_dir("/home/jose/workspace_ccstheia/foc_f28379d/Debug_BOOSTXL_Teknic_QEP"
      13              
      14              $C$DW$1 .dwtag  DW_TAG_subprogram
      15                      .dwattr $C$DW$1, DW_AT_name("SysCtl_delay")
      16                      .dwattr $C$DW$1, DW_AT_linkage_name("SysCtl_delay")
      17                      .dwattr $C$DW$1, DW_AT_declaration
      18                      .dwattr $C$DW$1, DW_AT_external
      19                      .dwattr $C$DW$1, DW_AT_decl_file("/home/jose/ti/c2000/C2000Ware_26_01_00_00/driverlib/f2837xd/driverl
      20                      .dwattr $C$DW$1, DW_AT_decl_line(0xcd7)
      21                      .dwattr $C$DW$1, DW_AT_decl_column(0x01)
      22              $C$DW$2 .dwtag  DW_TAG_formal_parameter
      23                      .dwattr $C$DW$2, DW_AT_type(*$C$DW$T$24)
      24              
      25                      .dwendtag $C$DW$1
      26              
      27              
      28              $C$DW$3 .dwtag  DW_TAG_subprogram
      29                      .dwattr $C$DW$3, DW_AT_name("GPIO_setPadConfig")
      30                      .dwattr $C$DW$3, DW_AT_linkage_name("GPIO_setPadConfig")
      31                      .dwattr $C$DW$3, DW_AT_declaration
      32                      .dwattr $C$DW$3, DW_AT_external
      33                      .dwattr $C$DW$3, DW_AT_decl_file("/home/jose/ti/c2000/C2000Ware_26_01_00_00/driverlib/f2837xd/driverl
      34                      .dwattr $C$DW$3, DW_AT_decl_line(0x36f)
      35                      .dwattr $C$DW$3, DW_AT_decl_column(0x01)
      36              $C$DW$4 .dwtag  DW_TAG_formal_parameter
      37                      .dwattr $C$DW$4, DW_AT_type(*$C$DW$T$24)
      38              
      39              $C$DW$5 .dwtag  DW_TAG_formal_parameter
      40                      .dwattr $C$DW$5, DW_AT_type(*$C$DW$T$24)
      41              
      42                      .dwendtag $C$DW$3
      43              
      44              
      45              $C$DW$6 .dwtag  DW_TAG_subprogram
      46                      .dwattr $C$DW$6, DW_AT_name("GPIO_setDirectionMode")
      47                      .dwattr $C$DW$6, DW_AT_linkage_name("GPIO_setDirectionMode")
      48                      .dwattr $C$DW$6, DW_AT_declaration
      49                      .dwattr $C$DW$6, DW_AT_external
      50                      .dwattr $C$DW$6, DW_AT_decl_file("/home/jose/ti/c2000/C2000Ware_26_01_00_00/driverlib/f2837xd/driverl
      51                      .dwattr $C$DW$6, DW_AT_decl_line(0x326)
      52                      .dwattr $C$DW$6, DW_AT_decl_column(0x01)
      53              $C$DW$7 .dwtag  DW_TAG_formal_parameter
      54                      .dwattr $C$DW$7, DW_AT_type(*$C$DW$T$24)
      55              
TMS320C2000 Assembler Unix v25.11.0 Sat May 30 20:22:51 2026

Copyright (c) 1996-2018 Texas Instruments Incorporated
inverter_drv8305.asm                                                 PAGE    2

      56              $C$DW$8 .dwtag  DW_TAG_formal_parameter
      57                      .dwattr $C$DW$8, DW_AT_type(*$C$DW$T$20)
      58              
      59                      .dwendtag $C$DW$6
      60              
      61              
      62              $C$DW$9 .dwtag  DW_TAG_subprogram
      63                      .dwattr $C$DW$9, DW_AT_name("pwm_force_safe")
      64                      .dwattr $C$DW$9, DW_AT_linkage_name("pwm_force_safe")
      65                      .dwattr $C$DW$9, DW_AT_declaration
      66                      .dwattr $C$DW$9, DW_AT_external
      67                      .dwattr $C$DW$9, DW_AT_decl_file("/home/jose/workspace_ccstheia/foc_f28379d/include/pwm_iface.h")
      68                      .dwattr $C$DW$9, DW_AT_decl_line(0x0b)
      69                      .dwattr $C$DW$9, DW_AT_decl_column(0x0d)
      70                      .dwendtag $C$DW$9
      71              
      72 00000000               .data
      73                      .align  1
      74                      .elfsym ||s_last_fault_status||,SYM_SIZE(1),SYM_BLOCKED(1)
      75 00000000       ||s_last_fault_status||:
      76 00000000 0000          .bits           0,16
      77                                      ; s_last_fault_status @ 0
      78              
      79              $C$DW$10        .dwtag  DW_TAG_variable
      80                      .dwattr $C$DW$10, DW_AT_name("s_last_fault_status")
      81                      .dwattr $C$DW$10, DW_AT_linkage_name("s_last_fault_status")
      82                      .dwattr $C$DW$10, DW_AT_type(*$C$DW$T$36)
      83                      .dwattr $C$DW$10, DW_AT_location[DW_OP_addr ||s_last_fault_status||]
      84                      .dwattr $C$DW$10, DW_AT_decl_file("../src/inverter_drv8305.c")
      85                      .dwattr $C$DW$10, DW_AT_decl_line(0x21)
      86                      .dwattr $C$DW$10, DW_AT_decl_column(0x11)
      87              
      88                      .global ||g_dbg_en_gate||
      89 00000000               .bss    ||g_dbg_en_gate||,1,1,0
      90              $C$DW$11        .dwtag  DW_TAG_variable
      91                      .dwattr $C$DW$11, DW_AT_name("g_dbg_en_gate")
      92                      .dwattr $C$DW$11, DW_AT_linkage_name("g_dbg_en_gate")
      93                      .dwattr $C$DW$11, DW_AT_location[DW_OP_addr ||g_dbg_en_gate||]
      94                      .dwattr $C$DW$11, DW_AT_type(*$C$DW$T$43)
      95                      .dwattr $C$DW$11, DW_AT_external
      96                      .dwattr $C$DW$11, DW_AT_decl_file("../src/inverter_drv8305.c")
      97                      .dwattr $C$DW$11, DW_AT_decl_line(0x24)
      98                      .dwattr $C$DW$11, DW_AT_decl_column(0x13)
      99              
     100                      .global ||g_dbg_nfault||
     101 00000001               .bss    ||g_dbg_nfault||,1,1,0
     102              $C$DW$12        .dwtag  DW_TAG_variable
     103                      .dwattr $C$DW$12, DW_AT_name("g_dbg_nfault")
     104                      .dwattr $C$DW$12, DW_AT_linkage_name("g_dbg_nfault")
     105                      .dwattr $C$DW$12, DW_AT_location[DW_OP_addr ||g_dbg_nfault||]
     106                      .dwattr $C$DW$12, DW_AT_type(*$C$DW$T$43)
     107                      .dwattr $C$DW$12, DW_AT_external
     108                      .dwattr $C$DW$12, DW_AT_decl_file("../src/inverter_drv8305.c")
     109                      .dwattr $C$DW$12, DW_AT_decl_line(0x25)
     110                      .dwattr $C$DW$12, DW_AT_decl_column(0x13)
TMS320C2000 Assembler Unix v25.11.0 Sat May 30 20:22:51 2026

Copyright (c) 1996-2018 Texas Instruments Incorporated
inverter_drv8305.asm                                                 PAGE    3

     111              
     112                      .global ||g_dbg_spi_wr_shunt||
     113 00000002               .bss    ||g_dbg_spi_wr_shunt||,1,1,0
     114              $C$DW$13        .dwtag  DW_TAG_variable
     115                      .dwattr $C$DW$13, DW_AT_name("g_dbg_spi_wr_shunt")
     116                      .dwattr $C$DW$13, DW_AT_linkage_name("g_dbg_spi_wr_shunt")
     117                      .dwattr $C$DW$13, DW_AT_location[DW_OP_addr ||g_dbg_spi_wr_shunt||]
     118                      .dwattr $C$DW$13, DW_AT_type(*$C$DW$T$43)
     119                      .dwattr $C$DW$13, DW_AT_external
     120                      .dwattr $C$DW$13, DW_AT_decl_file("../src/inverter_drv8305.c")
     121                      .dwattr $C$DW$13, DW_AT_decl_line(0x26)
     122                      .dwattr $C$DW$13, DW_AT_decl_column(0x13)
     123              
     124                      .global ||g_dbg_spi_rd_shunt||
     125 00000003               .bss    ||g_dbg_spi_rd_shunt||,1,1,0
     126              $C$DW$14        .dwtag  DW_TAG_variable
     127                      .dwattr $C$DW$14, DW_AT_name("g_dbg_spi_rd_shunt")
     128                      .dwattr $C$DW$14, DW_AT_linkage_name("g_dbg_spi_rd_shunt")
     129                      .dwattr $C$DW$14, DW_AT_location[DW_OP_addr ||g_dbg_spi_rd_shunt||]
     130                      .dwattr $C$DW$14, DW_AT_type(*$C$DW$T$43)
     131                      .dwattr $C$DW$14, DW_AT_external
     132                      .dwattr $C$DW$14, DW_AT_decl_file("../src/inverter_drv8305.c")
     133                      .dwattr $C$DW$14, DW_AT_decl_line(0x27)
     134                      .dwattr $C$DW$14, DW_AT_decl_column(0x13)
     135              
     136                      .global ||g_dbg_spi_warn||
     137 00000004               .bss    ||g_dbg_spi_warn||,1,1,0
     138              $C$DW$15        .dwtag  DW_TAG_variable
     139                      .dwattr $C$DW$15, DW_AT_name("g_dbg_spi_warn")
     140                      .dwattr $C$DW$15, DW_AT_linkage_name("g_dbg_spi_warn")
     141                      .dwattr $C$DW$15, DW_AT_location[DW_OP_addr ||g_dbg_spi_warn||]
     142                      .dwattr $C$DW$15, DW_AT_type(*$C$DW$T$43)
     143                      .dwattr $C$DW$15, DW_AT_external
     144                      .dwattr $C$DW$15, DW_AT_decl_file("../src/inverter_drv8305.c")
     145                      .dwattr $C$DW$15, DW_AT_decl_line(0x28)
     146                      .dwattr $C$DW$15, DW_AT_decl_column(0x13)
     147              
     148                      .global ||g_dbg_spi_ovvds||
     149 00000005               .bss    ||g_dbg_spi_ovvds||,1,1,0
     150              $C$DW$16        .dwtag  DW_TAG_variable
     151                      .dwattr $C$DW$16, DW_AT_name("g_dbg_spi_ovvds")
     152                      .dwattr $C$DW$16, DW_AT_linkage_name("g_dbg_spi_ovvds")
     153                      .dwattr $C$DW$16, DW_AT_location[DW_OP_addr ||g_dbg_spi_ovvds||]
     154                      .dwattr $C$DW$16, DW_AT_type(*$C$DW$T$43)
     155                      .dwattr $C$DW$16, DW_AT_external
     156                      .dwattr $C$DW$16, DW_AT_decl_file("../src/inverter_drv8305.c")
     157                      .dwattr $C$DW$16, DW_AT_decl_line(0x29)
     158                      .dwattr $C$DW$16, DW_AT_decl_column(0x13)
     159              
     160                      .global ||g_dbg_spi_icflt||
     161 00000006               .bss    ||g_dbg_spi_icflt||,1,1,0
     162              $C$DW$17        .dwtag  DW_TAG_variable
     163                      .dwattr $C$DW$17, DW_AT_name("g_dbg_spi_icflt")
     164                      .dwattr $C$DW$17, DW_AT_linkage_name("g_dbg_spi_icflt")
     165                      .dwattr $C$DW$17, DW_AT_location[DW_OP_addr ||g_dbg_spi_icflt||]
TMS320C2000 Assembler Unix v25.11.0 Sat May 30 20:22:51 2026

Copyright (c) 1996-2018 Texas Instruments Incorporated
inverter_drv8305.asm                                                 PAGE    4

     166                      .dwattr $C$DW$17, DW_AT_type(*$C$DW$T$43)
     167                      .dwattr $C$DW$17, DW_AT_external
     168                      .dwattr $C$DW$17, DW_AT_decl_file("../src/inverter_drv8305.c")
     169                      .dwattr $C$DW$17, DW_AT_decl_line(0x2a)
     170                      .dwattr $C$DW$17, DW_AT_decl_column(0x13)
     171              
     172                      .global ||g_dbg_spi_vgsflt||
     173 00000007               .bss    ||g_dbg_spi_vgsflt||,1,1,0
     174              $C$DW$18        .dwtag  DW_TAG_variable
     175                      .dwattr $C$DW$18, DW_AT_name("g_dbg_spi_vgsflt")
     176                      .dwattr $C$DW$18, DW_AT_linkage_name("g_dbg_spi_vgsflt")
     177                      .dwattr $C$DW$18, DW_AT_location[DW_OP_addr ||g_dbg_spi_vgsflt||]
     178                      .dwattr $C$DW$18, DW_AT_type(*$C$DW$T$43)
     179                      .dwattr $C$DW$18, DW_AT_external
     180                      .dwattr $C$DW$18, DW_AT_decl_file("../src/inverter_drv8305.c")
     181                      .dwattr $C$DW$18, DW_AT_decl_line(0x2b)
     182                      .dwattr $C$DW$18, DW_AT_decl_column(0x13)
     183              
     184                      .global ||g_dbg_fault_warn||
     185 00000008               .bss    ||g_dbg_fault_warn||,1,1,0
     186              $C$DW$19        .dwtag  DW_TAG_variable
     187                      .dwattr $C$DW$19, DW_AT_name("g_dbg_fault_warn")
     188                      .dwattr $C$DW$19, DW_AT_linkage_name("g_dbg_fault_warn")
     189                      .dwattr $C$DW$19, DW_AT_location[DW_OP_addr ||g_dbg_fault_warn||]
     190                      .dwattr $C$DW$19, DW_AT_type(*$C$DW$T$43)
     191                      .dwattr $C$DW$19, DW_AT_external
     192                      .dwattr $C$DW$19, DW_AT_decl_file("../src/inverter_drv8305.c")
     193                      .dwattr $C$DW$19, DW_AT_decl_line(0x30)
     194                      .dwattr $C$DW$19, DW_AT_decl_column(0x13)
     195              
     196                      .global ||g_dbg_fault_ovvds||
     197 00000009               .bss    ||g_dbg_fault_ovvds||,1,1,0
     198              $C$DW$20        .dwtag  DW_TAG_variable
     199                      .dwattr $C$DW$20, DW_AT_name("g_dbg_fault_ovvds")
     200                      .dwattr $C$DW$20, DW_AT_linkage_name("g_dbg_fault_ovvds")
     201                      .dwattr $C$DW$20, DW_AT_location[DW_OP_addr ||g_dbg_fault_ovvds||]
     202                      .dwattr $C$DW$20, DW_AT_type(*$C$DW$T$43)
     203                      .dwattr $C$DW$20, DW_AT_external
     204                      .dwattr $C$DW$20, DW_AT_decl_file("../src/inverter_drv8305.c")
     205                      .dwattr $C$DW$20, DW_AT_decl_line(0x31)
     206                      .dwattr $C$DW$20, DW_AT_decl_column(0x13)
     207              
     208                      .global ||g_dbg_fault_icflt||
     209 0000000a               .bss    ||g_dbg_fault_icflt||,1,1,0
     210              $C$DW$21        .dwtag  DW_TAG_variable
     211                      .dwattr $C$DW$21, DW_AT_name("g_dbg_fault_icflt")
     212                      .dwattr $C$DW$21, DW_AT_linkage_name("g_dbg_fault_icflt")
     213                      .dwattr $C$DW$21, DW_AT_location[DW_OP_addr ||g_dbg_fault_icflt||]
     214                      .dwattr $C$DW$21, DW_AT_type(*$C$DW$T$43)
     215                      .dwattr $C$DW$21, DW_AT_external
     216                      .dwattr $C$DW$21, DW_AT_decl_file("../src/inverter_drv8305.c")
     217                      .dwattr $C$DW$21, DW_AT_decl_line(0x32)
     218                      .dwattr $C$DW$21, DW_AT_decl_column(0x13)
     219              
     220                      .global ||g_dbg_fault_vgsflt||
TMS320C2000 Assembler Unix v25.11.0 Sat May 30 20:22:51 2026

Copyright (c) 1996-2018 Texas Instruments Incorporated
inverter_drv8305.asm                                                 PAGE    5

     221 0000000b               .bss    ||g_dbg_fault_vgsflt||,1,1,0
     222              $C$DW$22        .dwtag  DW_TAG_variable
     223                      .dwattr $C$DW$22, DW_AT_name("g_dbg_fault_vgsflt")
     224                      .dwattr $C$DW$22, DW_AT_linkage_name("g_dbg_fault_vgsflt")
     225                      .dwattr $C$DW$22, DW_AT_location[DW_OP_addr ||g_dbg_fault_vgsflt||]
     226                      .dwattr $C$DW$22, DW_AT_type(*$C$DW$T$43)
     227                      .dwattr $C$DW$22, DW_AT_external
     228                      .dwattr $C$DW$22, DW_AT_decl_file("../src/inverter_drv8305.c")
     229                      .dwattr $C$DW$22, DW_AT_decl_line(0x33)
     230                      .dwattr $C$DW$22, DW_AT_decl_column(0x13)
     231              
     232                      .global ||g_dbg_spi_sts||
     233 0000000c               .bss    ||g_dbg_spi_sts||,1,1,0
     234              $C$DW$23        .dwtag  DW_TAG_variable
     235                      .dwattr $C$DW$23, DW_AT_name("g_dbg_spi_sts")
     236                      .dwattr $C$DW$23, DW_AT_linkage_name("g_dbg_spi_sts")
     237                      .dwattr $C$DW$23, DW_AT_location[DW_OP_addr ||g_dbg_spi_sts||]
     238                      .dwattr $C$DW$23, DW_AT_type(*$C$DW$T$43)
     239                      .dwattr $C$DW$23, DW_AT_external
     240                      .dwattr $C$DW$23, DW_AT_decl_file("../src/inverter_drv8305.c")
     241                      .dwattr $C$DW$23, DW_AT_decl_line(0x3e)
     242                      .dwattr $C$DW$23, DW_AT_decl_column(0x13)
     243              
     244                      .global ||g_dbg_spi_fftx_level||
     245 0000000d               .bss    ||g_dbg_spi_fftx_level||,1,1,0
     246              $C$DW$24        .dwtag  DW_TAG_variable
     247                      .dwattr $C$DW$24, DW_AT_name("g_dbg_spi_fftx_level")
     248                      .dwattr $C$DW$24, DW_AT_linkage_name("g_dbg_spi_fftx_level")
     249                      .dwattr $C$DW$24, DW_AT_location[DW_OP_addr ||g_dbg_spi_fftx_level||]
     250                      .dwattr $C$DW$24, DW_AT_type(*$C$DW$T$43)
     251                      .dwattr $C$DW$24, DW_AT_external
     252                      .dwattr $C$DW$24, DW_AT_decl_file("../src/inverter_drv8305.c")
     253                      .dwattr $C$DW$24, DW_AT_decl_line(0x3f)
     254                      .dwattr $C$DW$24, DW_AT_decl_column(0x13)
     255              
     256                      .global ||g_dbg_spi_ffrx_level||
     257 0000000e               .bss    ||g_dbg_spi_ffrx_level||,1,1,0
     258              $C$DW$25        .dwtag  DW_TAG_variable
     259                      .dwattr $C$DW$25, DW_AT_name("g_dbg_spi_ffrx_level")
     260                      .dwattr $C$DW$25, DW_AT_linkage_name("g_dbg_spi_ffrx_level")
     261                      .dwattr $C$DW$25, DW_AT_location[DW_OP_addr ||g_dbg_spi_ffrx_level||]
     262                      .dwattr $C$DW$25, DW_AT_type(*$C$DW$T$43)
     263                      .dwattr $C$DW$25, DW_AT_external
     264                      .dwattr $C$DW$25, DW_AT_decl_file("../src/inverter_drv8305.c")
     265                      .dwattr $C$DW$25, DW_AT_decl_line(0x40)
     266                      .dwattr $C$DW$25, DW_AT_decl_column(0x13)
     267              
     268                      .global ||g_dbg_spi_rx_raw||
     269 0000000f               .bss    ||g_dbg_spi_rx_raw||,1,1,0
     270              $C$DW$26        .dwtag  DW_TAG_variable
     271                      .dwattr $C$DW$26, DW_AT_name("g_dbg_spi_rx_raw")
     272                      .dwattr $C$DW$26, DW_AT_linkage_name("g_dbg_spi_rx_raw")
     273                      .dwattr $C$DW$26, DW_AT_location[DW_OP_addr ||g_dbg_spi_rx_raw||]
     274                      .dwattr $C$DW$26, DW_AT_type(*$C$DW$T$43)
     275                      .dwattr $C$DW$26, DW_AT_external
TMS320C2000 Assembler Unix v25.11.0 Sat May 30 20:22:51 2026

Copyright (c) 1996-2018 Texas Instruments Incorporated
inverter_drv8305.asm                                                 PAGE    6

     276                      .dwattr $C$DW$26, DW_AT_decl_file("../src/inverter_drv8305.c")
     277                      .dwattr $C$DW$26, DW_AT_decl_line(0x41)
     278                      .dwattr $C$DW$26, DW_AT_decl_column(0x13)
     279              
     280                      .global ||g_dbg_spi_hs_default||
     281 00000010               .bss    ||g_dbg_spi_hs_default||,1,1,0
     282              $C$DW$27        .dwtag  DW_TAG_variable
     283                      .dwattr $C$DW$27, DW_AT_name("g_dbg_spi_hs_default")
     284                      .dwattr $C$DW$27, DW_AT_linkage_name("g_dbg_spi_hs_default")
     285                      .dwattr $C$DW$27, DW_AT_location[DW_OP_addr ||g_dbg_spi_hs_default||]
     286                      .dwattr $C$DW$27, DW_AT_type(*$C$DW$T$43)
     287                      .dwattr $C$DW$27, DW_AT_external
     288                      .dwattr $C$DW$27, DW_AT_decl_file("../src/inverter_drv8305.c")
     289                      .dwattr $C$DW$27, DW_AT_decl_line(0x42)
     290                      .dwattr $C$DW$27, DW_AT_decl_column(0x13)
     291              
     292                      .sblock ".bss"
     293                      .sblock ".data"
     294              ;       /home/jose/ti/ccs2051/ccs/tools/compiler/ti-cgt-c2000_25.11.0.LTS/bin/opt2000 /tmp/TI6XCqgHUwa /tmp/T
     295              ;       /home/jose/ti/ccs2051/ccs/tools/compiler/ti-cgt-c2000_25.11.0.LTS/bin/acia2000 -@/tmp/TI6XCWB53K8 
     296 00000000               .sect   ".text:drv8305_xfer"
     297                      .clink
     298              
     299              $C$DW$28        .dwtag  DW_TAG_subprogram
     300                      .dwattr $C$DW$28, DW_AT_name("drv8305_xfer")
     301                      .dwattr $C$DW$28, DW_AT_low_pc(||drv8305_xfer||)
     302                      .dwattr $C$DW$28, DW_AT_high_pc(0x00)
     303                      .dwattr $C$DW$28, DW_AT_linkage_name("drv8305_xfer")
     304                      .dwattr $C$DW$28, DW_AT_type(*$C$DW$T$36)
     305                      .dwattr $C$DW$28, DW_AT_decl_file("../src/inverter_drv8305.c")
     306                      .dwattr $C$DW$28, DW_AT_decl_line(0x4a)
     307                      .dwattr $C$DW$28, DW_AT_decl_column(0x11)
     308                      .dwattr $C$DW$28, DW_AT_TI_max_frame_size(-8)
     309                      .dwpsn  file "../src/inverter_drv8305.c",line 75,column 1,is_stmt,address ||drv8305_xfer||,isa 0
     310              
     311                      .dwfde $C$DW$CIE, ||drv8305_xfer||
     312              $C$DW$29        .dwtag  DW_TAG_formal_parameter
     313                      .dwattr $C$DW$29, DW_AT_name("rw")
     314                      .dwattr $C$DW$29, DW_AT_type(*$C$DW$T$36)
     315                      .dwattr $C$DW$29, DW_AT_location[DW_OP_reg0]
     316              
     317              $C$DW$30        .dwtag  DW_TAG_formal_parameter
     318                      .dwattr $C$DW$30, DW_AT_name("addr")
     319                      .dwattr $C$DW$30, DW_AT_type(*$C$DW$T$36)
     320                      .dwattr $C$DW$30, DW_AT_location[DW_OP_reg1]
     321              
     322              $C$DW$31        .dwtag  DW_TAG_formal_parameter
     323                      .dwattr $C$DW$31, DW_AT_name("data")
     324                      .dwattr $C$DW$31, DW_AT_type(*$C$DW$T$36)
     325                      .dwattr $C$DW$31, DW_AT_location[DW_OP_reg12]
     326              
     327              
     328              ;***************************************************************
     329              ;* FNAME: drv8305_xfer                  FR SIZE:   6           *
     330              ;*                                                             *
TMS320C2000 Assembler Unix v25.11.0 Sat May 30 20:22:51 2026

Copyright (c) 1996-2018 Texas Instruments Incorporated
inverter_drv8305.asm                                                 PAGE    7

     331              ;* FUNCTION ENVIRONMENT                                        *
     332              ;*                                                             *
     333              ;* FUNCTION PROPERTIES                                         *
     334              ;*                            0 Parameter,  0 Auto,  6 SOE     *
     335              ;***************************************************************
     336              
     337              ||drv8305_xfer||:
     338              ;* AR1   assigned to rw
     339              $C$DW$32        .dwtag  DW_TAG_variable
     340                      .dwattr $C$DW$32, DW_AT_name("rw")
     341                      .dwattr $C$DW$32, DW_AT_type(*$C$DW$T$44)
     342                      .dwattr $C$DW$32, DW_AT_location[DW_OP_reg6]
     343              
     344              ;* AR2   assigned to addr
     345              $C$DW$33        .dwtag  DW_TAG_variable
     346                      .dwattr $C$DW$33, DW_AT_name("addr")
     347                      .dwattr $C$DW$33, DW_AT_type(*$C$DW$T$44)
     348                      .dwattr $C$DW$33, DW_AT_location[DW_OP_reg8]
     349              
     350              ;* AR3   assigned to data
     351              $C$DW$34        .dwtag  DW_TAG_variable
     352                      .dwattr $C$DW$34, DW_AT_name("data")
     353                      .dwattr $C$DW$34, DW_AT_type(*$C$DW$T$44)
     354                      .dwattr $C$DW$34, DW_AT_location[DW_OP_reg10]
     355              
     356              ;* AR1   assigned to r
     357              $C$DW$35        .dwtag  DW_TAG_variable
     358                      .dwattr $C$DW$35, DW_AT_name("r")
     359                      .dwattr $C$DW$35, DW_AT_type(*$C$DW$T$36)
     360                      .dwattr $C$DW$35, DW_AT_location[DW_OP_reg6]
     361              
     362              ;* AR3   assigned to data
     363              $C$DW$36        .dwtag  DW_TAG_variable
     364                      .dwattr $C$DW$36, DW_AT_name("data")
     365                      .dwattr $C$DW$36, DW_AT_type(*$C$DW$T$36)
     366                      .dwattr $C$DW$36, DW_AT_location[DW_OP_reg10]
     367              
     368                      .dwcfi  cfa_offset, -2
     369                      .dwcfi  save_reg_to_mem, 26, 0
     370 00000000 B2BD          MOVL      *SP++,XAR1            ; [CPU_ALU] 
     371                      .dwcfi  save_reg_to_mem, 7, 2
     372                      .dwcfi  cfa_offset, -4
     373 00000001 59A9          MOVZ      AR1,AL                ; [CPU_ALU] |75| 
     374                      .dwpsn  file "/home/jose/ti/c2000/C2000Ware_26_01_00_00/driverlib/f2837xd/driverlib/spi.h",line 628,c
     375 00000002 F5A9          MOV       AL,*(0:0x610b)        ; [CPU_ALU] |628| 
         00000003 610B 
     376 00000004 18A9          AND       AL,#0xdfff            ; [CPU_ALU] |628| 
         00000005 DFFF 
     377 00000006 F4A9          MOV       *(0:0x610b),AL        ; [CPU_ALU] |628| 
         00000007 610B 
     378                      .dwpsn  file "/home/jose/ti/c2000/C2000Ware_26_01_00_00/driverlib/f2837xd/driverlib/spi.h",line 629,c
     379 00000008 F5A6          MOV       AR6,*(0:0x610b)       ; [CPU_ALU] |629| 
         00000009 610B 
     380 0000000a AABD          MOVL      *SP++,XAR2            ; [CPU_ALU] 
     381                      .dwcfi  save_reg_to_mem, 9, 4
TMS320C2000 Assembler Unix v25.11.0 Sat May 30 20:22:51 2026

Copyright (c) 1996-2018 Texas Instruments Incorporated
inverter_drv8305.asm                                                 PAGE    8

     382                      .dwcfi  cfa_offset, -6
     383                      .dwpsn  file "../src/inverter_drv8305.c",line 75,column 1,is_stmt,isa 0
     384 0000000b 5AA8          MOVZ      AR2,AH                ; [CPU_ALU] |75| 
     385                      .dwpsn  file "/home/jose/ti/c2000/C2000Ware_26_01_00_00/driverlib/f2837xd/driverlib/spi.h",line 629,c
     386 0000000c 1AA6          OR        AR6,#0x2000           ; [CPU_ALU] |629| 
         0000000d 2000 
     387 0000000e A2BD          MOVL      *SP++,XAR3            ; [CPU_ALU] 
     388                      .dwcfi  save_reg_to_mem, 11, 6
     389                      .dwcfi  cfa_offset, -8
     390                      .dwpsn  file "/home/jose/ti/c2000/C2000Ware_26_01_00_00/driverlib/f2837xd/driverlib/gpio.h",line 469,
     391 0000000f FF2F          MOV       ACC,#16384 << 15      ; [CPU_ALU] |469| 
         00000010 4000 
     392                      .dwpsn  file "../src/inverter_drv8305.c",line 75,column 1,is_stmt,isa 0
     393 00000011 5BA4          MOVZ      AR3,AR4               ; [CPU_ALU] |75| 
     394                      .dwpsn  file "/home/jose/ti/c2000/C2000Ware_26_01_00_00/driverlib/f2837xd/driverlib/spi.h",line 629,c
     395 00000012 F4A6          MOV       *(0:0x610b),AR6       ; [CPU_ALU] |629| 
         00000013 610B 
     396                      .dwpsn  file "/home/jose/ti/c2000/C2000Ware_26_01_00_00/driverlib/f2837xd/driverlib/gpio.h",line 469,
     397 00000014 BDA9          MOV32     *(0:0x7f0c),ACC       ; [CPU_FPU] |469| 
         00000015 7F0C 
     398                      .dwpsn  file "../src/inverter_drv8305.c",line 81,column 5,is_stmt,isa 0
     399 00000016 0226          MOVB      ACC,#38               ; [CPU_ALU] |81| 
     400              $C$DW$37        .dwtag  DW_TAG_TI_branch
     401                      .dwattr $C$DW$37, DW_AT_low_pc(0x00)
     402                      .dwattr $C$DW$37, DW_AT_name("SysCtl_delay")
     403                      .dwattr $C$DW$37, DW_AT_TI_call
     404              
     405 00000017 7640!         LCR       #||SysCtl_delay||     ; [CPU_ALU] |81| 
         00000018 0000 
     406                      ; call occurs [#||SysCtl_delay||] ; [] |81| 
     407                      .dwpsn  file "/home/jose/ti/c2000/C2000Ware_26_01_00_00/driverlib/f2837xd/driverlib/spi.h",line 876,c
     408 00000019 5603          MOV       ACC,AR1 << #15        ; [CPU_ALU] |876| 
         0000001a 0FA1 
     409 0000001b CDA2          AND       AH,AR2,#0x000f        ; [CPU_ALU] |876| 
         0000001c 000F 
     410 0000001d FF9A          LSL       AH,11                 ; [CPU_ALU] |876| 
     411 0000001e CBA9          OR        AH,AL                 ; [CPU_ALU] |876| 
     412 0000001f CCA3          AND       AL,AR3,#0x07ff        ; [CPU_FPU] |876| 
         00000020 07FF 
     413 00000021 CAA8          OR        AL,AH                 ; [CPU_ALU] |876| 
     414 00000022 5BA9          MOVZ      AR3,AL                ; [CPU_ALU] |876| 
     415 00000023       ||$C$L1||:    
     416                      .dwpsn  file "/home/jose/ti/c2000/C2000Ware_26_01_00_00/driverlib/f2837xd/driverlib/spi.h",line 729,c
     417 00000023 F5A8          MOV       AH,*(0:0x610a)        ; [CPU_ALU] |729| 
         00000024 610A 
     418 00000025 FFD7          LSR       AH,8                  ; [CPU_ALU] |729| 
     419 00000026 911F          ANDB      AH,#0x1f              ; [CPU_ALU] |729| 
     420 00000027 5310          CMPB      AH,#16                ; [CPU_ALU] |729| 
     421 00000028 61FB          B         ||$C$L1||,EQ          ; [CPU_ALU] |729| 
     422                      ; branchcc occurs ; [] |729| 
     423                      .dwpsn  file "/home/jose/ti/c2000/C2000Ware_26_01_00_00/driverlib/f2837xd/driverlib/spi.h",line 892,c
     424 00000029 F4A3          MOV       *(0:0x6108),AR3       ; [CPU_ALU] |892| 
         0000002a 6108 
     425 0000002b       ||$C$L2||:    
     426                      .dwpsn  file "/home/jose/ti/c2000/C2000Ware_26_01_00_00/driverlib/f2837xd/driverlib/spi.h",line 758,c
TMS320C2000 Assembler Unix v25.11.0 Sat May 30 20:22:51 2026

Copyright (c) 1996-2018 Texas Instruments Incorporated
inverter_drv8305.asm                                                 PAGE    9

     427 0000002b F5A9          MOV       AL,*(0:0x610b)        ; [CPU_ALU] |758| 
         0000002c 610B 
     428 0000002d FFC7          LSR       AL,8                  ; [CPU_ALU] |758| 
     429 0000002e 901F          ANDB      AL,#0x1f              ; [CPU_ALU] |758| 
     430 0000002f 61FC          B         ||$C$L2||,EQ          ; [CPU_ALU] |758| 
     431                      ; branchcc occurs ; [] |758| 
     432                      .dwpsn  file "/home/jose/ti/c2000/C2000Ware_26_01_00_00/driverlib/f2837xd/driverlib/spi.h",line 931,c
     433 00000030 F5A1          MOV       AR1,*(0:0x6107)       ; [CPU_ALU] |931| 
         00000031 6107 
     434 00000032 761F!         MOVW      DP,#||g_dbg_spi_rx_raw|| ; [CPU_ARAU] 
         00000033 0000 
     435                      .dwpsn  file "../src/inverter_drv8305.c",line 87,column 5,is_stmt,isa 0
     436 00000034 0226          MOVB      ACC,#38               ; [CPU_ALU] |87| 
     437                      .dwpsn  file "../src/inverter_drv8305.c",line 85,column 5,is_stmt,isa 0
     438 00000035 7900!         MOV       @||g_dbg_spi_rx_raw||,AR1 ; [CPU_ALU] |85| 
     439                      .dwpsn  file "../src/inverter_drv8305.c",line 87,column 5,is_stmt,isa 0
     440              $C$DW$38        .dwtag  DW_TAG_TI_branch
     441                      .dwattr $C$DW$38, DW_AT_low_pc(0x00)
     442                      .dwattr $C$DW$38, DW_AT_name("SysCtl_delay")
     443                      .dwattr $C$DW$38, DW_AT_TI_call
     444              
     445 00000036 7640!         LCR       #||SysCtl_delay||     ; [CPU_ALU] |87| 
         00000037 0000 
     446                      ; call occurs [#||SysCtl_delay||] ; [] |87| 
     447                      .dwpsn  file "/home/jose/ti/c2000/C2000Ware_26_01_00_00/driverlib/f2837xd/driverlib/gpio.h",line 473,
     448 00000038 FF2F          MOV       ACC,#16384 << 15      ; [CPU_ALU] |473| 
         00000039 4000 
     449 0000003a BDA9          MOV32     *(0:0x7f0a),ACC       ; [CPU_FPU] |473| 
         0000003b 7F0A 
     450                      .dwpsn  file "../src/inverter_drv8305.c",line 89,column 5,is_stmt,isa 0
     451 0000003c 0226          MOVB      ACC,#38               ; [CPU_ALU] |89| 
     452              $C$DW$39        .dwtag  DW_TAG_TI_branch
     453                      .dwattr $C$DW$39, DW_AT_low_pc(0x00)
     454                      .dwattr $C$DW$39, DW_AT_name("SysCtl_delay")
     455                      .dwattr $C$DW$39, DW_AT_TI_call
     456              
     457 0000003d 7640!         LCR       #||SysCtl_delay||     ; [CPU_ALU] |89| 
         0000003e 0000 
     458                      ; call occurs [#||SysCtl_delay||] ; [] |89| 
     459 0000003f 82BE          MOVL      XAR3,*--SP            ; [CPU_ALU] 
     460                      .dwcfi  cfa_offset, -6
     461                      .dwcfi  restore_reg, 11
     462                      .dwpsn  file "../src/inverter_drv8305.c",line 90,column 5,is_stmt,isa 0
     463 00000040 CCA1          AND       AL,AR1,#0x07ff        ; [CPU_ALU] |90| 
         00000041 07FF 
     464 00000042 86BE          MOVL      XAR2,*--SP            ; [CPU_ALU] 
     465                      .dwcfi  cfa_offset, -4
     466                      .dwcfi  restore_reg, 9
     467 00000043 8BBE          MOVL      XAR1,*--SP            ; [CPU_ALU] 
     468                      .dwcfi  cfa_offset, -2
     469                      .dwcfi  restore_reg, 7
     470              $C$DW$40        .dwtag  DW_TAG_TI_branch
     471                      .dwattr $C$DW$40, DW_AT_low_pc(0x00)
     472                      .dwattr $C$DW$40, DW_AT_TI_return
     473              
TMS320C2000 Assembler Unix v25.11.0 Sat May 30 20:22:51 2026

Copyright (c) 1996-2018 Texas Instruments Incorporated
inverter_drv8305.asm                                                 PAGE   10

     474 00000044 0006          LRETR     ; [CPU_ALU] 
     475                      ; return occurs ; [] 
     476                      .dwattr $C$DW$28, DW_AT_TI_end_file("../src/inverter_drv8305.c")
     477                      .dwattr $C$DW$28, DW_AT_TI_end_line(0x5b)
     478                      .dwattr $C$DW$28, DW_AT_TI_end_column(0x01)
     479                      .dwendentry
     480                      .dwendtag $C$DW$28
     481              
     482 00000000               .sect   ".text:inverter_snapshot_fault_regs"
     483                      .clink
     484                      .global ||inverter_snapshot_fault_regs||
     485              
     486              $C$DW$41        .dwtag  DW_TAG_subprogram
     487                      .dwattr $C$DW$41, DW_AT_name("inverter_snapshot_fault_regs")
     488                      .dwattr $C$DW$41, DW_AT_low_pc(||inverter_snapshot_fault_regs||)
     489                      .dwattr $C$DW$41, DW_AT_high_pc(0x00)
     490                      .dwattr $C$DW$41, DW_AT_linkage_name("inverter_snapshot_fault_regs")
     491                      .dwattr $C$DW$41, DW_AT_external
     492                      .dwattr $C$DW$41, DW_AT_decl_file("../src/inverter_drv8305.c")
     493                      .dwattr $C$DW$41, DW_AT_decl_line(0x6c)
     494                      .dwattr $C$DW$41, DW_AT_decl_column(0x06)
     495                      .dwattr $C$DW$41, DW_AT_TI_max_frame_size(-2)
     496                      .dwpsn  file "../src/inverter_drv8305.c",line 109,column 1,is_stmt,address ||inverter_snapshot_fault_
     497              
     498                      .dwfde $C$DW$CIE, ||inverter_snapshot_fault_regs||
     499              
     500              ;***************************************************************
     501              ;* FNAME: inverter_snapshot_fault_regs  FR SIZE:   0           *
     502              ;*                                                             *
     503              ;* FUNCTION ENVIRONMENT                                        *
     504              ;*                                                             *
     505              ;* FUNCTION PROPERTIES                                         *
     506              ;*                            0 Parameter,  0 Auto,  0 SOE     *
     507              ;***************************************************************
     508              
     509 00000000       ||inverter_snapshot_fault_regs||:
     510                      .dwcfi  cfa_offset, -2
     511                      .dwcfi  save_reg_to_mem, 26, 0
     512                      .dwpsn  file "../src/inverter_drv8305.c",line 111,column 5,is_stmt,isa 0
     513 00000000 9A01          MOVB      AL,#1                 ; [CPU_ALU] |111| 
     514 00000001 D400          MOVB      XAR4,#0               ; [CPU_ALU] |111| 
     515 00000002 9B01          MOVB      AH,#1                 ; [CPU_ALU] |111| 
     516              $C$DW$42        .dwtag  DW_TAG_TI_branch
     517                      .dwattr $C$DW$42, DW_AT_low_pc(0x00)
     518                      .dwattr $C$DW$42, DW_AT_name("drv8305_xfer")
     519                      .dwattr $C$DW$42, DW_AT_TI_call
     520              
     521 00000003 7640!         LCR       #||drv8305_xfer||     ; [CPU_ALU] |111| 
         00000004 0000 
     522                      ; call occurs [#||drv8305_xfer||] ; [] |111| 
     523 00000005 761F!         MOVW      DP,#||g_dbg_fault_warn|| ; [CPU_ARAU] 
         00000006 0000 
     524                      .dwpsn  file "../src/inverter_drv8305.c",line 112,column 5,is_stmt,isa 0
     525 00000007 D400          MOVB      XAR4,#0               ; [CPU_ALU] |112| 
     526 00000008 9B02          MOVB      AH,#2                 ; [CPU_ALU] |112| 
TMS320C2000 Assembler Unix v25.11.0 Sat May 30 20:22:51 2026

Copyright (c) 1996-2018 Texas Instruments Incorporated
inverter_drv8305.asm                                                 PAGE   11

     527                      .dwpsn  file "../src/inverter_drv8305.c",line 111,column 5,is_stmt,isa 0
     528 00000009 9600!         MOV       @||g_dbg_fault_warn||,AL ; [CPU_ALU] |111| 
     529                      .dwpsn  file "../src/inverter_drv8305.c",line 112,column 5,is_stmt,isa 0
     530 0000000a 9A01          MOVB      AL,#1                 ; [CPU_ALU] |112| 
     531              $C$DW$43        .dwtag  DW_TAG_TI_branch
     532                      .dwattr $C$DW$43, DW_AT_low_pc(0x00)
     533                      .dwattr $C$DW$43, DW_AT_name("drv8305_xfer")
     534                      .dwattr $C$DW$43, DW_AT_TI_call
     535              
     536 0000000b 7640!         LCR       #||drv8305_xfer||     ; [CPU_ALU] |112| 
         0000000c 0000 
     537                      ; call occurs [#||drv8305_xfer||] ; [] |112| 
     538 0000000d 761F!         MOVW      DP,#||g_dbg_fault_ovvds|| ; [CPU_ARAU] 
         0000000e 0000 
     539                      .dwpsn  file "../src/inverter_drv8305.c",line 113,column 5,is_stmt,isa 0
     540 0000000f D400          MOVB      XAR4,#0               ; [CPU_ALU] |113| 
     541 00000010 9B03          MOVB      AH,#3                 ; [CPU_ALU] |113| 
     542                      .dwpsn  file "../src/inverter_drv8305.c",line 112,column 5,is_stmt,isa 0
     543 00000011 9600!         MOV       @||g_dbg_fault_ovvds||,AL ; [CPU_ALU] |112| 
     544                      .dwpsn  file "../src/inverter_drv8305.c",line 113,column 5,is_stmt,isa 0
     545 00000012 9A01          MOVB      AL,#1                 ; [CPU_ALU] |113| 
     546              $C$DW$44        .dwtag  DW_TAG_TI_branch
     547                      .dwattr $C$DW$44, DW_AT_low_pc(0x00)
     548                      .dwattr $C$DW$44, DW_AT_name("drv8305_xfer")
     549                      .dwattr $C$DW$44, DW_AT_TI_call
     550              
     551 00000013 7640!         LCR       #||drv8305_xfer||     ; [CPU_ALU] |113| 
         00000014 0000 
     552                      ; call occurs [#||drv8305_xfer||] ; [] |113| 
     553 00000015 761F!         MOVW      DP,#||g_dbg_fault_icflt|| ; [CPU_ARAU] 
         00000016 0000 
     554                      .dwpsn  file "../src/inverter_drv8305.c",line 114,column 5,is_stmt,isa 0
     555 00000017 D400          MOVB      XAR4,#0               ; [CPU_ALU] |114| 
     556 00000018 9B04          MOVB      AH,#4                 ; [CPU_ALU] |114| 
     557                      .dwpsn  file "../src/inverter_drv8305.c",line 113,column 5,is_stmt,isa 0
     558 00000019 9600!         MOV       @||g_dbg_fault_icflt||,AL ; [CPU_ALU] |113| 
     559                      .dwpsn  file "../src/inverter_drv8305.c",line 114,column 5,is_stmt,isa 0
     560 0000001a 9A01          MOVB      AL,#1                 ; [CPU_ALU] |114| 
     561              $C$DW$45        .dwtag  DW_TAG_TI_branch
     562                      .dwattr $C$DW$45, DW_AT_low_pc(0x00)
     563                      .dwattr $C$DW$45, DW_AT_name("drv8305_xfer")
     564                      .dwattr $C$DW$45, DW_AT_TI_call
     565              
     566 0000001b 7640!         LCR       #||drv8305_xfer||     ; [CPU_ALU] |114| 
         0000001c 0000 
     567                      ; call occurs [#||drv8305_xfer||] ; [] |114| 
     568 0000001d 761F!         MOVW      DP,#||g_dbg_fault_vgsflt|| ; [CPU_ARAU] 
         0000001e 0000 
     569 0000001f 9600!         MOV       @||g_dbg_fault_vgsflt||,AL ; [CPU_ALU] |114| 
     570              $C$DW$46        .dwtag  DW_TAG_TI_branch
     571                      .dwattr $C$DW$46, DW_AT_low_pc(0x00)
     572                      .dwattr $C$DW$46, DW_AT_TI_return
     573              
     574 00000020 0006          LRETR     ; [CPU_ALU] 
     575                      ; return occurs ; [] 
TMS320C2000 Assembler Unix v25.11.0 Sat May 30 20:22:51 2026

Copyright (c) 1996-2018 Texas Instruments Incorporated
inverter_drv8305.asm                                                 PAGE   12

     576                      .dwattr $C$DW$41, DW_AT_TI_end_file("../src/inverter_drv8305.c")
     577                      .dwattr $C$DW$41, DW_AT_TI_end_line(0x73)
     578                      .dwattr $C$DW$41, DW_AT_TI_end_column(0x01)
     579                      .dwendentry
     580                      .dwendtag $C$DW$41
     581              
     582 00000000               .sect   ".text:inverter_is_faulted"
     583                      .clink
     584                      .global ||inverter_is_faulted||
     585              
     586              $C$DW$47        .dwtag  DW_TAG_subprogram
     587                      .dwattr $C$DW$47, DW_AT_name("inverter_is_faulted")
     588                      .dwattr $C$DW$47, DW_AT_low_pc(||inverter_is_faulted||)
     589                      .dwattr $C$DW$47, DW_AT_high_pc(0x00)
     590                      .dwattr $C$DW$47, DW_AT_linkage_name("inverter_is_faulted")
     591                      .dwattr $C$DW$47, DW_AT_external
     592                      .dwattr $C$DW$47, DW_AT_type(*$C$DW$T$55)
     593                      .dwattr $C$DW$47, DW_AT_decl_file("../src/inverter_drv8305.c")
     594                      .dwattr $C$DW$47, DW_AT_decl_line(0xbd)
     595                      .dwattr $C$DW$47, DW_AT_decl_column(0x06)
     596                      .dwattr $C$DW$47, DW_AT_TI_max_frame_size(-2)
     597                      .dwpsn  file "../src/inverter_drv8305.c",line 190,column 1,is_stmt,address ||inverter_is_faulted||,is
     598              
     599                      .dwfde $C$DW$CIE, ||inverter_is_faulted||
     600              
     601              ;***************************************************************
     602              ;* FNAME: inverter_is_faulted           FR SIZE:   0           *
     603              ;*                                                             *
     604              ;* FUNCTION ENVIRONMENT                                        *
     605              ;*                                                             *
     606              ;* FUNCTION PROPERTIES                                         *
     607              ;*                            0 Parameter,  0 Auto,  0 SOE     *
     608              ;***************************************************************
     609              
     610 00000000       ||inverter_is_faulted||:
     611              ;* AL    assigned to $O$R1
     612                      .dwcfi  cfa_offset, -2
     613                      .dwcfi  save_reg_to_mem, 26, 0
     614                      .dwpsn  file "/home/jose/ti/c2000/C2000Ware_26_01_00_00/driverlib/f2837xd/driverlib/gpio.h",line 431,
     615 00000000 BFA9          MOV32     ACC,*(0:0x7f00)       ; [CPU_FPU] |431| 
         00000001 7F00 
     616 00000002 28AC          MOV       T,#19                 ; [CPU_ALU] |431| 
         00000003 0013 
     617                      .dwpsn  file "../src/inverter_drv8305.c",line 191,column 5,is_stmt,isa 0
     618 00000004 BE00          MOVB      XAR6,#0               ; [CPU_ALU] |191| 
     619                      .dwpsn  file "/home/jose/ti/c2000/C2000Ware_26_01_00_00/driverlib/f2837xd/driverlib/gpio.h",line 431,
     620 00000005 5622          LSRL      ACC,T                 ; [CPU_ALU] |431| 
     621 00000006 9B00          MOVB      AH,#0                 ; [CPU_ALU] |431| 
     622 00000007 9001          ANDB      AL,#0x01              ; [CPU_ALU] |431| 
     623                      .dwpsn  file "../src/inverter_drv8305.c",line 191,column 5,is_stmt,isa 0
     624 00000008 FF58          TEST      ACC                   ; [CPU_ALU] |191| 
     625 00000009 56B1          MOVB      XAR6,#1,EQ            ; [CPU_ALU] |191| 
         0000000a 01A6 
     626 0000000b 92A6          MOV       AL,AR6                ; [CPU_ALU] |191| 
     627              $C$DW$48        .dwtag  DW_TAG_TI_branch
TMS320C2000 Assembler Unix v25.11.0 Sat May 30 20:22:51 2026

Copyright (c) 1996-2018 Texas Instruments Incorporated
inverter_drv8305.asm                                                 PAGE   13

     628                      .dwattr $C$DW$48, DW_AT_low_pc(0x00)
     629                      .dwattr $C$DW$48, DW_AT_TI_return
     630              
     631 0000000c 0006          LRETR     ; [CPU_ALU] 
     632                      ; return occurs ; [] 
     633                      .dwattr $C$DW$47, DW_AT_TI_end_file("../src/inverter_drv8305.c")
     634                      .dwattr $C$DW$47, DW_AT_TI_end_line(0xc0)
     635                      .dwattr $C$DW$47, DW_AT_TI_end_column(0x01)
     636                      .dwendentry
     637                      .dwendtag $C$DW$47
     638              
     639 00000000               .sect   ".text:inverter_clear_faults"
     640                      .clink
     641                      .global ||inverter_clear_faults||
     642              
     643              $C$DW$49        .dwtag  DW_TAG_subprogram
     644                      .dwattr $C$DW$49, DW_AT_name("inverter_clear_faults")
     645                      .dwattr $C$DW$49, DW_AT_low_pc(||inverter_clear_faults||)
     646                      .dwattr $C$DW$49, DW_AT_high_pc(0x00)
     647                      .dwattr $C$DW$49, DW_AT_linkage_name("inverter_clear_faults")
     648                      .dwattr $C$DW$49, DW_AT_external
     649                      .dwattr $C$DW$49, DW_AT_decl_file("../src/inverter_drv8305.c")
     650                      .dwattr $C$DW$49, DW_AT_decl_line(0x5d)
     651                      .dwattr $C$DW$49, DW_AT_decl_column(0x06)
     652                      .dwattr $C$DW$49, DW_AT_TI_max_frame_size(-2)
     653                      .dwpsn  file "../src/inverter_drv8305.c",line 94,column 1,is_stmt,address ||inverter_clear_faults||,i
     654              
     655                      .dwfde $C$DW$CIE, ||inverter_clear_faults||
     656              
     657              ;***************************************************************
     658              ;* FNAME: inverter_clear_faults         FR SIZE:   0           *
     659              ;*                                                             *
     660              ;* FUNCTION ENVIRONMENT                                        *
     661              ;*                                                             *
     662              ;* FUNCTION PROPERTIES                                         *
     663              ;*                            0 Parameter,  0 Auto,  0 SOE     *
     664              ;***************************************************************
     665              
     666 00000000       ||inverter_clear_faults||:
     667                      .dwcfi  cfa_offset, -2
     668                      .dwcfi  save_reg_to_mem, 26, 0
     669                      .dwpsn  file "../src/inverter_drv8305.c",line 103,column 5,is_stmt,isa 0
     670 00000000 8F01          MOVL      XAR4,#79998           ; [CPU_ARAU] |103| 
         00000001 387E 
     671 00000002 A8A9          MOVL      ACC,XAR4              ; [CPU_ALU] |103| 
     672              $C$DW$50        .dwtag  DW_TAG_TI_branch
     673                      .dwattr $C$DW$50, DW_AT_low_pc(0x00)
     674                      .dwattr $C$DW$50, DW_AT_name("SysCtl_delay")
     675                      .dwattr $C$DW$50, DW_AT_TI_call
     676              
     677 00000003 7640!         LCR       #||SysCtl_delay||     ; [CPU_ALU] |103| 
         00000004 0000 
     678                      ; call occurs [#||SysCtl_delay||] ; [] |103| 
     679                      .dwpsn  file "../src/inverter_drv8305.c",line 104,column 5,is_stmt,isa 0
     680 00000005 9A00          MOVB      AL,#0                 ; [CPU_ALU] |104| 
TMS320C2000 Assembler Unix v25.11.0 Sat May 30 20:22:51 2026

Copyright (c) 1996-2018 Texas Instruments Incorporated
inverter_drv8305.asm                                                 PAGE   14

     681 00000006 D402          MOVB      XAR4,#2               ; [CPU_ALU] |104| 
     682 00000007 9B09          MOVB      AH,#9                 ; [CPU_ALU] |104| 
     683              $C$DW$51        .dwtag  DW_TAG_TI_branch
     684                      .dwattr $C$DW$51, DW_AT_low_pc(0x00)
     685                      .dwattr $C$DW$51, DW_AT_name("drv8305_xfer")
     686                      .dwattr $C$DW$51, DW_AT_TI_call
     687              
     688 00000008 7640!         LCR       #||drv8305_xfer||     ; [CPU_ALU] |104| 
         00000009 0000 
     689                      ; call occurs [#||drv8305_xfer||] ; [] |104| 
     690                      .dwpsn  file "../src/inverter_drv8305.c",line 105,column 5,is_stmt,isa 0
     691 0000000a FF20          MOV       ACC,#3998             ; [CPU_ALU] |105| 
         0000000b 0F9E 
     692              $C$DW$52        .dwtag  DW_TAG_TI_branch
     693                      .dwattr $C$DW$52, DW_AT_low_pc(0x00)
     694                      .dwattr $C$DW$52, DW_AT_name("SysCtl_delay")
     695                      .dwattr $C$DW$52, DW_AT_TI_call
     696              
     697 0000000c 7640!         LCR       #||SysCtl_delay||     ; [CPU_ALU] |105| 
         0000000d 0000 
     698                      ; call occurs [#||SysCtl_delay||] ; [] |105| 
     699              $C$DW$53        .dwtag  DW_TAG_TI_branch
     700                      .dwattr $C$DW$53, DW_AT_low_pc(0x00)
     701                      .dwattr $C$DW$53, DW_AT_TI_return
     702              
     703 0000000e 0006          LRETR     ; [CPU_ALU] 
     704                      ; return occurs ; [] 
     705                      .dwattr $C$DW$49, DW_AT_TI_end_file("../src/inverter_drv8305.c")
     706                      .dwattr $C$DW$49, DW_AT_TI_end_line(0x6a)
     707                      .dwattr $C$DW$49, DW_AT_TI_end_column(0x01)
     708                      .dwendentry
     709                      .dwendtag $C$DW$49
     710              
     711 00000000               .sect   ".text:inverter_init"
     712                      .clink
     713                      .global ||inverter_init||
     714              
     715              $C$DW$54        .dwtag  DW_TAG_subprogram
     716                      .dwattr $C$DW$54, DW_AT_name("inverter_init")
     717                      .dwattr $C$DW$54, DW_AT_low_pc(||inverter_init||)
     718                      .dwattr $C$DW$54, DW_AT_high_pc(0x00)
     719                      .dwattr $C$DW$54, DW_AT_linkage_name("inverter_init")
     720                      .dwattr $C$DW$54, DW_AT_external
     721                      .dwattr $C$DW$54, DW_AT_decl_file("../src/inverter_drv8305.c")
     722                      .dwattr $C$DW$54, DW_AT_decl_line(0x75)
     723                      .dwattr $C$DW$54, DW_AT_decl_column(0x06)
     724                      .dwattr $C$DW$54, DW_AT_TI_max_frame_size(-4)
     725                      .dwpsn  file "../src/inverter_drv8305.c",line 118,column 1,is_stmt,address ||inverter_init||,isa 0
     726              
     727                      .dwfde $C$DW$CIE, ||inverter_init||
     728              
     729              ;***************************************************************
     730              ;* FNAME: inverter_init                 FR SIZE:   2           *
     731              ;*                                                             *
     732              ;* FUNCTION ENVIRONMENT                                        *
TMS320C2000 Assembler Unix v25.11.0 Sat May 30 20:22:51 2026

Copyright (c) 1996-2018 Texas Instruments Incorporated
inverter_drv8305.asm                                                 PAGE   15

     733              ;*                                                             *
     734              ;* FUNCTION PROPERTIES                                         *
     735              ;*                            2 Parameter,  0 Auto,  0 SOE     *
     736              ;***************************************************************
     737              
     738 00000000       ||inverter_init||:
     739                      .dwcfi  cfa_offset, -2
     740                      .dwcfi  save_reg_to_mem, 26, 0
     741 00000000 FE02          ADDB      SP,#2                 ; [CPU_ARAU] 
     742                      .dwcfi  cfa_offset, -4
     743                      .dwpsn  file "../src/inverter_drv8305.c",line 121,column 5,is_stmt,isa 0
     744 00000001 0201          MOVB      ACC,#1                ; [CPU_ALU] |121| 
     745 00000002 1E42          MOVL      *-SP[2],ACC           ; [CPU_ALU] |121| 
     746 00000003 0213          MOVB      ACC,#19               ; [CPU_ALU] |121| 
     747              $C$DW$55        .dwtag  DW_TAG_TI_branch
     748                      .dwattr $C$DW$55, DW_AT_low_pc(0x00)
     749                      .dwattr $C$DW$55, DW_AT_name("GPIO_setPadConfig")
     750                      .dwattr $C$DW$55, DW_AT_TI_call
     751              
     752 00000004 7640!         LCR       #||GPIO_setPadConfig|| ; [CPU_ALU] |121| 
         00000005 0000 
     753                      ; call occurs [#||GPIO_setPadConfig||] ; [] |121| 
     754                      .dwpsn  file "../src/inverter_drv8305.c",line 122,column 5,is_stmt,isa 0
     755 00000006 D400          MOVB      XAR4,#0               ; [CPU_ALU] |122| 
     756 00000007 0213          MOVB      ACC,#19               ; [CPU_ALU] |122| 
     757              $C$DW$56        .dwtag  DW_TAG_TI_branch
     758                      .dwattr $C$DW$56, DW_AT_low_pc(0x00)
     759                      .dwattr $C$DW$56, DW_AT_name("GPIO_setDirectionMode")
     760                      .dwattr $C$DW$56, DW_AT_TI_call
     761              
     762 00000008 7640!         LCR       #||GPIO_setDirectionMode|| ; [CPU_ALU] |122| 
         00000009 0000 
     763                      ; call occurs [#||GPIO_setDirectionMode||] ; [] |122| 
     764                      .dwpsn  file "../src/inverter_drv8305.c",line 128,column 5,is_stmt,isa 0
     765              $C$DW$57        .dwtag  DW_TAG_TI_branch
     766                      .dwattr $C$DW$57, DW_AT_low_pc(0x00)
     767                      .dwattr $C$DW$57, DW_AT_name("pwm_force_safe")
     768                      .dwattr $C$DW$57, DW_AT_TI_call
     769              
     770 0000000a 7640!         LCR       #||pwm_force_safe||   ; [CPU_ALU] |128| 
         0000000b 0000 
     771                      ; call occurs [#||pwm_force_safe||] ; [] |128| 
     772                      .dwpsn  file "/home/jose/ti/c2000/C2000Ware_26_01_00_00/driverlib/f2837xd/driverlib/gpio.h",line 469,
     773 0000000c FF2F          MOV       ACC,#8192 << 15       ; [CPU_ALU] |469| 
         0000000d 2000 
     774                      .dwpsn  file "../src/inverter_drv8305.c",line 133,column 5,is_stmt,isa 0
     775 0000000e 8F01          MOVL      XAR4,#79998           ; [CPU_ARAU] |133| 
         0000000f 387E 
     776                      .dwpsn  file "/home/jose/ti/c2000/C2000Ware_26_01_00_00/driverlib/f2837xd/driverlib/gpio.h",line 469,
     777 00000010 BDA9          MOV32     *(0:0x7f1c),ACC       ; [CPU_FPU] |469| 
         00000011 7F1C 
     778                      .dwpsn  file "../src/inverter_drv8305.c",line 133,column 5,is_stmt,isa 0
     779 00000012 A8A9          MOVL      ACC,XAR4              ; [CPU_ALU] |133| 
     780              $C$DW$58        .dwtag  DW_TAG_TI_branch
     781                      .dwattr $C$DW$58, DW_AT_low_pc(0x00)
TMS320C2000 Assembler Unix v25.11.0 Sat May 30 20:22:51 2026

Copyright (c) 1996-2018 Texas Instruments Incorporated
inverter_drv8305.asm                                                 PAGE   16

     782                      .dwattr $C$DW$58, DW_AT_name("SysCtl_delay")
     783                      .dwattr $C$DW$58, DW_AT_TI_call
     784              
     785 00000013 7640!         LCR       #||SysCtl_delay||     ; [CPU_ALU] |133| 
         00000014 0000 
     786                      ; call occurs [#||SysCtl_delay||] ; [] |133| 
     787                      .dwpsn  file "/home/jose/ti/c2000/C2000Ware_26_01_00_00/driverlib/f2837xd/driverlib/gpio.h",line 473,
     788 00000015 FF2F          MOV       ACC,#8192 << 15       ; [CPU_ALU] |473| 
         00000016 2000 
     789                      .dwpsn  file "../src/inverter_drv8305.c",line 135,column 5,is_stmt,isa 0
     790 00000017 8F01          MOVL      XAR4,#79998           ; [CPU_ARAU] |135| 
         00000018 387E 
     791                      .dwpsn  file "/home/jose/ti/c2000/C2000Ware_26_01_00_00/driverlib/f2837xd/driverlib/gpio.h",line 473,
     792 00000019 BDA9          MOV32     *(0:0x7f1a),ACC       ; [CPU_FPU] |473| 
         0000001a 7F1A 
     793                      .dwpsn  file "../src/inverter_drv8305.c",line 135,column 5,is_stmt,isa 0
     794 0000001b A8A9          MOVL      ACC,XAR4              ; [CPU_ALU] |135| 
     795              $C$DW$59        .dwtag  DW_TAG_TI_branch
     796                      .dwattr $C$DW$59, DW_AT_low_pc(0x00)
     797                      .dwattr $C$DW$59, DW_AT_name("SysCtl_delay")
     798                      .dwattr $C$DW$59, DW_AT_TI_call
     799              
     800 0000001c 7640!         LCR       #||SysCtl_delay||     ; [CPU_ALU] |135| 
         0000001d 0000 
     801                      ; call occurs [#||SysCtl_delay||] ; [] |135| 
     802                      .dwpsn  file "../src/inverter_drv8305.c",line 143,column 5,is_stmt,isa 0
     803 0000001e 9A00          MOVB      AL,#0                 ; [CPU_ALU] |143| 
     804 0000001f 8F00          MOVL      XAR4,#656             ; [CPU_ALU] |143| 
         00000020 0290 
     805 00000021 9B0A          MOVB      AH,#10                ; [CPU_ALU] |143| 
     806              $C$DW$60        .dwtag  DW_TAG_TI_branch
     807                      .dwattr $C$DW$60, DW_AT_low_pc(0x00)
     808                      .dwattr $C$DW$60, DW_AT_name("drv8305_xfer")
     809                      .dwattr $C$DW$60, DW_AT_TI_call
     810              
     811 00000022 7640!         LCR       #||drv8305_xfer||     ; [CPU_ALU] |143| 
         00000023 0000 
     812                      ; call occurs [#||drv8305_xfer||] ; [] |143| 
     813                      .dwpsn  file "../src/inverter_drv8305.c",line 148,column 5,is_stmt,isa 0
     814 00000024 9A00          MOVB      AL,#0                 ; [CPU_ALU] |148| 
     815 00000025 D480          MOVB      XAR4,#128             ; [CPU_ALU] |148| 
     816 00000026 9B0C          MOVB      AH,#12                ; [CPU_ALU] |148| 
     817              $C$DW$61        .dwtag  DW_TAG_TI_branch
     818                      .dwattr $C$DW$61, DW_AT_low_pc(0x00)
     819                      .dwattr $C$DW$61, DW_AT_name("drv8305_xfer")
     820                      .dwattr $C$DW$61, DW_AT_TI_call
     821              
     822 00000027 7640!         LCR       #||drv8305_xfer||     ; [CPU_ALU] |148| 
         00000028 0000 
     823                      ; call occurs [#||drv8305_xfer||] ; [] |148| 
     824                      .dwpsn  file "../src/inverter_drv8305.c",line 154,column 5,is_stmt,isa 0
     825 00000029 9A00          MOVB      AL,#0                 ; [CPU_ALU] |154| 
     826 0000002a 8F00          MOVL      XAR4,#534             ; [CPU_ALU] |154| 
         0000002b 0216 
     827 0000002c 9B07          MOVB      AH,#7                 ; [CPU_ALU] |154| 
TMS320C2000 Assembler Unix v25.11.0 Sat May 30 20:22:51 2026

Copyright (c) 1996-2018 Texas Instruments Incorporated
inverter_drv8305.asm                                                 PAGE   17

     828              $C$DW$62        .dwtag  DW_TAG_TI_branch
     829                      .dwattr $C$DW$62, DW_AT_low_pc(0x00)
     830                      .dwattr $C$DW$62, DW_AT_name("drv8305_xfer")
     831                      .dwattr $C$DW$62, DW_AT_TI_call
     832              
     833 0000002d 7640!         LCR       #||drv8305_xfer||     ; [CPU_ALU] |154| 
         0000002e 0000 
     834                      ; call occurs [#||drv8305_xfer||] ; [] |154| 
     835                      .dwpsn  file "../src/inverter_drv8305.c",line 156,column 5,is_stmt,isa 0
     836 0000002f FF20          MOV       ACC,#19998            ; [CPU_ALU] |156| 
         00000030 4E1E 
     837              $C$DW$63        .dwtag  DW_TAG_TI_branch
     838                      .dwattr $C$DW$63, DW_AT_low_pc(0x00)
     839                      .dwattr $C$DW$63, DW_AT_name("SysCtl_delay")
     840                      .dwattr $C$DW$63, DW_AT_TI_call
     841              
     842 00000031 7640!         LCR       #||SysCtl_delay||     ; [CPU_ALU] |156| 
         00000032 0000 
     843                      ; call occurs [#||SysCtl_delay||] ; [] |156| 
     844                      .dwpsn  file "../src/inverter_drv8305.c",line 160,column 5,is_stmt,isa 0
     845              $C$DW$64        .dwtag  DW_TAG_TI_branch
     846                      .dwattr $C$DW$64, DW_AT_low_pc(0x00)
     847                      .dwattr $C$DW$64, DW_AT_name("inverter_clear_faults")
     848                      .dwattr $C$DW$64, DW_AT_TI_call
     849              
     850 00000033 7640!         LCR       #||inverter_clear_faults|| ; [CPU_ALU] |160| 
         00000034 0000 
     851                      ; call occurs [#||inverter_clear_faults||] ; [] |160| 
     852 00000035 761F!         MOVW      DP,#||g_dbg_spi_wr_shunt|| ; [CPU_ARAU] 
         00000036 0000 
     853                      .dwpsn  file "../src/inverter_drv8305.c",line 165,column 5,is_stmt,isa 0
     854 00000037 9A01          MOVB      AL,#1                 ; [CPU_ALU] |165| 
     855 00000038 D400          MOVB      XAR4,#0               ; [CPU_ALU] |165| 
     856 00000039 9B0A          MOVB      AH,#10                ; [CPU_ALU] |165| 
     857                      .dwpsn  file "../src/inverter_drv8305.c",line 164,column 5,is_stmt,isa 0
     858 0000003a 2800!         MOV       @||g_dbg_spi_wr_shunt||,#656 ; [CPU_ALU] |164| 
         0000003b 0290 
     859                      .dwpsn  file "../src/inverter_drv8305.c",line 165,column 5,is_stmt,isa 0
     860              $C$DW$65        .dwtag  DW_TAG_TI_branch
     861                      .dwattr $C$DW$65, DW_AT_low_pc(0x00)
     862                      .dwattr $C$DW$65, DW_AT_name("drv8305_xfer")
     863                      .dwattr $C$DW$65, DW_AT_TI_call
     864              
     865 0000003c 7640!         LCR       #||drv8305_xfer||     ; [CPU_ALU] |165| 
         0000003d 0000 
     866                      ; call occurs [#||drv8305_xfer||] ; [] |165| 
     867 0000003e 761F!         MOVW      DP,#||g_dbg_spi_rd_shunt|| ; [CPU_ARAU] 
         0000003f 0000 
     868 00000040 9600!         MOV       @||g_dbg_spi_rd_shunt||,AL ; [CPU_ALU] |165| 
     869                      .dwpsn  file "../src/inverter_drv8305.c",line 176,column 5,is_stmt,isa 0
     870 00000041 D400          MOVB      XAR4,#0               ; [CPU_ALU] |176| 
     871 00000042 9B05          MOVB      AH,#5                 ; [CPU_ALU] |176| 
     872                      .dwpsn  file "../src/inverter_drv8305.c",line 169,column 5,is_stmt,isa 0
     873 00000043 F500!         MOV       @||g_dbg_spi_sts||,*(0:0x6102) ; [CPU_ALU] |169| 
         00000044 6102 
TMS320C2000 Assembler Unix v25.11.0 Sat May 30 20:22:51 2026

Copyright (c) 1996-2018 Texas Instruments Incorporated
inverter_drv8305.asm                                                 PAGE   18

     874                      .dwpsn  file "../src/inverter_drv8305.c",line 170,column 5,is_stmt,isa 0
     875 00000045 F5A9          MOV       AL,*(0:0x610a)        ; [CPU_ALU] |170| 
         00000046 610A 
     876 00000047 18A9          AND       AL,#0x1f00            ; [CPU_ALU] |170| 
         00000048 1F00 
     877 00000049 9600!         MOV       @||g_dbg_spi_fftx_level||,AL ; [CPU_ALU] |170| 
     878                      .dwpsn  file "../src/inverter_drv8305.c",line 171,column 5,is_stmt,isa 0
     879 0000004a F5A9          MOV       AL,*(0:0x610b)        ; [CPU_ALU] |171| 
         0000004b 610B 
     880 0000004c 18A9          AND       AL,#0x1f00            ; [CPU_ALU] |171| 
         0000004d 1F00 
     881 0000004e 9600!         MOV       @||g_dbg_spi_ffrx_level||,AL ; [CPU_ALU] |171| 
     882                      .dwpsn  file "../src/inverter_drv8305.c",line 176,column 5,is_stmt,isa 0
     883 0000004f 9A01          MOVB      AL,#1                 ; [CPU_ALU] |176| 
     884              $C$DW$66        .dwtag  DW_TAG_TI_branch
     885                      .dwattr $C$DW$66, DW_AT_low_pc(0x00)
     886                      .dwattr $C$DW$66, DW_AT_name("drv8305_xfer")
     887                      .dwattr $C$DW$66, DW_AT_TI_call
     888              
     889 00000050 7640!         LCR       #||drv8305_xfer||     ; [CPU_ALU] |176| 
         00000051 0000 
     890                      ; call occurs [#||drv8305_xfer||] ; [] |176| 
     891 00000052 761F!         MOVW      DP,#||g_dbg_spi_hs_default|| ; [CPU_ARAU] 
         00000053 0000 
     892                      .dwpsn  file "../src/inverter_drv8305.c",line 180,column 5,is_stmt,isa 0
     893 00000054 D400          MOVB      XAR4,#0               ; [CPU_ALU] |180| 
     894 00000055 9B01          MOVB      AH,#1                 ; [CPU_ALU] |180| 
     895                      .dwpsn  file "../src/inverter_drv8305.c",line 176,column 5,is_stmt,isa 0
     896 00000056 9600!         MOV       @||g_dbg_spi_hs_default||,AL ; [CPU_ALU] |176| 
     897                      .dwpsn  file "../src/inverter_drv8305.c",line 180,column 5,is_stmt,isa 0
     898 00000057 9A01          MOVB      AL,#1                 ; [CPU_ALU] |180| 
     899              $C$DW$67        .dwtag  DW_TAG_TI_branch
     900                      .dwattr $C$DW$67, DW_AT_low_pc(0x00)
     901                      .dwattr $C$DW$67, DW_AT_name("drv8305_xfer")
     902                      .dwattr $C$DW$67, DW_AT_TI_call
     903              
     904 00000058 7640!         LCR       #||drv8305_xfer||     ; [CPU_ALU] |180| 
         00000059 0000 
     905                      ; call occurs [#||drv8305_xfer||] ; [] |180| 
     906 0000005a 761F!         MOVW      DP,#||g_dbg_spi_warn|| ; [CPU_ARAU] 
         0000005b 0000 
     907                      .dwpsn  file "../src/inverter_drv8305.c",line 181,column 5,is_stmt,isa 0
     908 0000005c D400          MOVB      XAR4,#0               ; [CPU_ALU] |181| 
     909 0000005d 9B02          MOVB      AH,#2                 ; [CPU_ALU] |181| 
     910                      .dwpsn  file "../src/inverter_drv8305.c",line 180,column 5,is_stmt,isa 0
     911 0000005e 9600!         MOV       @||g_dbg_spi_warn||,AL ; [CPU_ALU] |180| 
     912                      .dwpsn  file "../src/inverter_drv8305.c",line 181,column 5,is_stmt,isa 0
     913 0000005f 9A01          MOVB      AL,#1                 ; [CPU_ALU] |181| 
     914              $C$DW$68        .dwtag  DW_TAG_TI_branch
     915                      .dwattr $C$DW$68, DW_AT_low_pc(0x00)
     916                      .dwattr $C$DW$68, DW_AT_name("drv8305_xfer")
     917                      .dwattr $C$DW$68, DW_AT_TI_call
     918              
     919 00000060 7640!         LCR       #||drv8305_xfer||     ; [CPU_ALU] |181| 
         00000061 0000 
TMS320C2000 Assembler Unix v25.11.0 Sat May 30 20:22:51 2026

Copyright (c) 1996-2018 Texas Instruments Incorporated
inverter_drv8305.asm                                                 PAGE   19

     920                      ; call occurs [#||drv8305_xfer||] ; [] |181| 
     921 00000062 761F!         MOVW      DP,#||g_dbg_spi_ovvds|| ; [CPU_ARAU] 
         00000063 0000 
     922                      .dwpsn  file "../src/inverter_drv8305.c",line 182,column 5,is_stmt,isa 0
     923 00000064 D400          MOVB      XAR4,#0               ; [CPU_ALU] |182| 
     924 00000065 9B03          MOVB      AH,#3                 ; [CPU_ALU] |182| 
     925                      .dwpsn  file "../src/inverter_drv8305.c",line 181,column 5,is_stmt,isa 0
     926 00000066 9600!         MOV       @||g_dbg_spi_ovvds||,AL ; [CPU_ALU] |181| 
     927                      .dwpsn  file "../src/inverter_drv8305.c",line 182,column 5,is_stmt,isa 0
     928 00000067 9A01          MOVB      AL,#1                 ; [CPU_ALU] |182| 
     929              $C$DW$69        .dwtag  DW_TAG_TI_branch
     930                      .dwattr $C$DW$69, DW_AT_low_pc(0x00)
     931                      .dwattr $C$DW$69, DW_AT_name("drv8305_xfer")
     932                      .dwattr $C$DW$69, DW_AT_TI_call
     933              
     934 00000068 7640!         LCR       #||drv8305_xfer||     ; [CPU_ALU] |182| 
         00000069 0000 
     935                      ; call occurs [#||drv8305_xfer||] ; [] |182| 
     936 0000006a 761F!         MOVW      DP,#||g_dbg_spi_icflt|| ; [CPU_ARAU] 
         0000006b 0000 
     937                      .dwpsn  file "../src/inverter_drv8305.c",line 183,column 5,is_stmt,isa 0
     938 0000006c D400          MOVB      XAR4,#0               ; [CPU_ALU] |183| 
     939 0000006d 9B04          MOVB      AH,#4                 ; [CPU_ALU] |183| 
     940                      .dwpsn  file "../src/inverter_drv8305.c",line 182,column 5,is_stmt,isa 0
     941 0000006e 9600!         MOV       @||g_dbg_spi_icflt||,AL ; [CPU_ALU] |182| 
     942                      .dwpsn  file "../src/inverter_drv8305.c",line 183,column 5,is_stmt,isa 0
     943 0000006f 9A01          MOVB      AL,#1                 ; [CPU_ALU] |183| 
     944              $C$DW$70        .dwtag  DW_TAG_TI_branch
     945                      .dwattr $C$DW$70, DW_AT_low_pc(0x00)
     946                      .dwattr $C$DW$70, DW_AT_name("drv8305_xfer")
     947                      .dwattr $C$DW$70, DW_AT_TI_call
     948              
     949 00000070 7640!         LCR       #||drv8305_xfer||     ; [CPU_ALU] |183| 
         00000071 0000 
     950                      ; call occurs [#||drv8305_xfer||] ; [] |183| 
     951 00000072 761F!         MOVW      DP,#||g_dbg_spi_vgsflt|| ; [CPU_ARAU] 
         00000073 0000 
     952 00000074 9600!         MOV       @||g_dbg_spi_vgsflt||,AL ; [CPU_ALU] |183| 
     953 00000075 FE82          SUBB      SP,#2                 ; [CPU_ARAU] 
     954                      .dwcfi  cfa_offset, -2
     955              $C$DW$71        .dwtag  DW_TAG_TI_branch
     956                      .dwattr $C$DW$71, DW_AT_low_pc(0x00)
     957                      .dwattr $C$DW$71, DW_AT_TI_return
     958              
     959 00000076 0006          LRETR     ; [CPU_ALU] 
     960                      ; return occurs ; [] 
     961                      .dwattr $C$DW$54, DW_AT_TI_end_file("../src/inverter_drv8305.c")
     962                      .dwattr $C$DW$54, DW_AT_TI_end_line(0xb8)
     963                      .dwattr $C$DW$54, DW_AT_TI_end_column(0x01)
     964                      .dwendentry
     965                      .dwendtag $C$DW$54
     966              
     967 00000000               .sect   ".text:inverter_fault_status"
     968                      .clink
     969                      .global ||inverter_fault_status||
TMS320C2000 Assembler Unix v25.11.0 Sat May 30 20:22:51 2026

Copyright (c) 1996-2018 Texas Instruments Incorporated
inverter_drv8305.asm                                                 PAGE   20

     970              
     971              $C$DW$72        .dwtag  DW_TAG_subprogram
     972                      .dwattr $C$DW$72, DW_AT_name("inverter_fault_status")
     973                      .dwattr $C$DW$72, DW_AT_low_pc(||inverter_fault_status||)
     974                      .dwattr $C$DW$72, DW_AT_high_pc(0x00)
     975                      .dwattr $C$DW$72, DW_AT_linkage_name("inverter_fault_status")
     976                      .dwattr $C$DW$72, DW_AT_external
     977                      .dwattr $C$DW$72, DW_AT_type(*$C$DW$T$36)
     978                      .dwattr $C$DW$72, DW_AT_decl_file("../src/inverter_drv8305.c")
     979                      .dwattr $C$DW$72, DW_AT_decl_line(0xc2)
     980                      .dwattr $C$DW$72, DW_AT_decl_column(0x0a)
     981                      .dwattr $C$DW$72, DW_AT_TI_max_frame_size(-2)
     982                      .dwpsn  file "../src/inverter_drv8305.c",line 195,column 1,is_stmt,address ||inverter_fault_status||,
     983              
     984                      .dwfde $C$DW$CIE, ||inverter_fault_status||
     985              
     986              ;***************************************************************
     987              ;* FNAME: inverter_fault_status         FR SIZE:   0           *
     988              ;*                                                             *
     989              ;* FUNCTION ENVIRONMENT                                        *
     990              ;*                                                             *
     991              ;* FUNCTION PROPERTIES                                         *
     992              ;*                            0 Parameter,  0 Auto,  0 SOE     *
     993              ;***************************************************************
     994              
     995 00000000       ||inverter_fault_status||:
     996                      .dwcfi  cfa_offset, -2
     997                      .dwcfi  save_reg_to_mem, 26, 0
     998                      .dwpsn  file "../src/inverter_drv8305.c",line 196,column 5,is_stmt,isa 0
     999 00000000 9A01          MOVB      AL,#1                 ; [CPU_ALU] |196| 
    1000 00000001 D400          MOVB      XAR4,#0               ; [CPU_ALU] |196| 
    1001 00000002 9B01          MOVB      AH,#1                 ; [CPU_ALU] |196| 
    1002              $C$DW$73        .dwtag  DW_TAG_TI_branch
    1003                      .dwattr $C$DW$73, DW_AT_low_pc(0x00)
    1004                      .dwattr $C$DW$73, DW_AT_name("drv8305_xfer")
    1005                      .dwattr $C$DW$73, DW_AT_TI_call
    1006              
    1007 00000003 7640!         LCR       #||drv8305_xfer||     ; [CPU_ALU] |196| 
         00000004 0000 
    1008                      ; call occurs [#||drv8305_xfer||] ; [] |196| 
    1009 00000005 761F!         MOVW      DP,#||s_last_fault_status|| ; [CPU_ARAU] 
         00000006 0000 
    1010 00000007 9600!         MOV       @||s_last_fault_status||,AL ; [CPU_ALU] |196| 
    1011              $C$DW$74        .dwtag  DW_TAG_TI_branch
    1012                      .dwattr $C$DW$74, DW_AT_low_pc(0x00)
    1013                      .dwattr $C$DW$74, DW_AT_TI_return
    1014              
    1015 00000008 0006          LRETR     ; [CPU_ALU] 
    1016                      ; return occurs ; [] 
    1017                      .dwattr $C$DW$72, DW_AT_TI_end_file("../src/inverter_drv8305.c")
    1018                      .dwattr $C$DW$72, DW_AT_TI_end_line(0xc6)
    1019                      .dwattr $C$DW$72, DW_AT_TI_end_column(0x01)
    1020                      .dwendentry
    1021                      .dwendtag $C$DW$72
    1022              
TMS320C2000 Assembler Unix v25.11.0 Sat May 30 20:22:51 2026

Copyright (c) 1996-2018 Texas Instruments Incorporated
inverter_drv8305.asm                                                 PAGE   21

    1023 00000000               .sect   ".text:inverter_enable_gate"
    1024                      .clink
    1025                      .global ||inverter_enable_gate||
    1026              
    1027              $C$DW$75        .dwtag  DW_TAG_subprogram
    1028                      .dwattr $C$DW$75, DW_AT_name("inverter_enable_gate")
    1029                      .dwattr $C$DW$75, DW_AT_low_pc(||inverter_enable_gate||)
    1030                      .dwattr $C$DW$75, DW_AT_high_pc(0x00)
    1031                      .dwattr $C$DW$75, DW_AT_linkage_name("inverter_enable_gate")
    1032                      .dwattr $C$DW$75, DW_AT_external
    1033                      .dwattr $C$DW$75, DW_AT_decl_file("../src/inverter_drv8305.c")
    1034                      .dwattr $C$DW$75, DW_AT_decl_line(0xba)
    1035                      .dwattr $C$DW$75, DW_AT_decl_column(0x06)
    1036                      .dwattr $C$DW$75, DW_AT_TI_max_frame_size(-2)
    1037                      .dwpsn  file "../src/inverter_drv8305.c",line 186,column 33,is_stmt,address ||inverter_enable_gate||,
    1038              
    1039                      .dwfde $C$DW$CIE, ||inverter_enable_gate||
    1040              
    1041              ;***************************************************************
    1042              ;* FNAME: inverter_enable_gate          FR SIZE:   0           *
    1043              ;*                                                             *
    1044              ;* FUNCTION ENVIRONMENT                                        *
    1045              ;*                                                             *
    1046              ;* FUNCTION PROPERTIES                                         *
    1047              ;*                            0 Parameter,  0 Auto,  0 SOE     *
    1048              ;***************************************************************
    1049              
    1050 00000000       ||inverter_enable_gate||:
    1051                      .dwcfi  cfa_offset, -2
    1052                      .dwcfi  save_reg_to_mem, 26, 0
    1053                      .dwpsn  file "/home/jose/ti/c2000/C2000Ware_26_01_00_00/driverlib/f2837xd/driverlib/gpio.h",line 473,
    1054 00000000 FF2F          MOV       ACC,#8192 << 15       ; [CPU_ALU] |473| 
         00000001 2000 
    1055 00000002 BDA9          MOV32     *(0:0x7f1a),ACC       ; [CPU_FPU] |473| 
         00000003 7F1A 
    1056              $C$DW$76        .dwtag  DW_TAG_TI_branch
    1057                      .dwattr $C$DW$76, DW_AT_low_pc(0x00)
    1058                      .dwattr $C$DW$76, DW_AT_TI_return
    1059              
    1060 00000004 0006          LRETR     ; [CPU_ALU] 
    1061                      ; return occurs ; [] 
    1062                      .dwattr $C$DW$75, DW_AT_TI_end_file("../src/inverter_drv8305.c")
    1063                      .dwattr $C$DW$75, DW_AT_TI_end_line(0xba)
    1064                      .dwattr $C$DW$75, DW_AT_TI_end_column(0x4b)
    1065                      .dwendentry
    1066                      .dwendtag $C$DW$75
    1067              
    1068 00000000               .sect   ".text:inverter_disable_gate"
    1069                      .clink
    1070                      .global ||inverter_disable_gate||
    1071              
    1072              $C$DW$77        .dwtag  DW_TAG_subprogram
    1073                      .dwattr $C$DW$77, DW_AT_name("inverter_disable_gate")
    1074                      .dwattr $C$DW$77, DW_AT_low_pc(||inverter_disable_gate||)
    1075                      .dwattr $C$DW$77, DW_AT_high_pc(0x00)
TMS320C2000 Assembler Unix v25.11.0 Sat May 30 20:22:51 2026

Copyright (c) 1996-2018 Texas Instruments Incorporated
inverter_drv8305.asm                                                 PAGE   22

    1076                      .dwattr $C$DW$77, DW_AT_linkage_name("inverter_disable_gate")
    1077                      .dwattr $C$DW$77, DW_AT_external
    1078                      .dwattr $C$DW$77, DW_AT_decl_file("../src/inverter_drv8305.c")
    1079                      .dwattr $C$DW$77, DW_AT_decl_line(0xbb)
    1080                      .dwattr $C$DW$77, DW_AT_decl_column(0x06)
    1081                      .dwattr $C$DW$77, DW_AT_TI_max_frame_size(-2)
    1082                      .dwpsn  file "../src/inverter_drv8305.c",line 187,column 33,is_stmt,address ||inverter_disable_gate||
    1083              
    1084                      .dwfde $C$DW$CIE, ||inverter_disable_gate||
    1085              
    1086              ;***************************************************************
    1087              ;* FNAME: inverter_disable_gate         FR SIZE:   0           *
    1088              ;*                                                             *
    1089              ;* FUNCTION ENVIRONMENT                                        *
    1090              ;*                                                             *
    1091              ;* FUNCTION PROPERTIES                                         *
    1092              ;*                            0 Parameter,  0 Auto,  0 SOE     *
    1093              ;***************************************************************
    1094              
    1095 00000000       ||inverter_disable_gate||:
    1096                      .dwcfi  cfa_offset, -2
    1097                      .dwcfi  save_reg_to_mem, 26, 0
    1098                      .dwpsn  file "/home/jose/ti/c2000/C2000Ware_26_01_00_00/driverlib/f2837xd/driverlib/gpio.h",line 469,
    1099 00000000 FF2F          MOV       ACC,#8192 << 15       ; [CPU_ALU] |469| 
         00000001 2000 
    1100 00000002 BDA9          MOV32     *(0:0x7f1c),ACC       ; [CPU_FPU] |469| 
         00000003 7F1C 
    1101              $C$DW$78        .dwtag  DW_TAG_TI_branch
    1102                      .dwattr $C$DW$78, DW_AT_low_pc(0x00)
    1103                      .dwattr $C$DW$78, DW_AT_TI_return
    1104              
    1105 00000004 0006          LRETR     ; [CPU_ALU] 
    1106                      ; return occurs ; [] 
    1107                      .dwattr $C$DW$77, DW_AT_TI_end_file("../src/inverter_drv8305.c")
    1108                      .dwattr $C$DW$77, DW_AT_TI_end_line(0xbb)
    1109                      .dwattr $C$DW$77, DW_AT_TI_end_column(0x4b)
    1110                      .dwendentry
    1111                      .dwendtag $C$DW$77
    1112              
    1113              ;**************************************************************
    1114              ;* UNDEFINED EXTERNAL REFERENCES                              *
    1115              ;**************************************************************
    1116                      .global ||SysCtl_delay||
    1117                      .global ||GPIO_setPadConfig||
    1118                      .global ||GPIO_setDirectionMode||
    1119                      .global ||pwm_force_safe||
    1120              
    1121              ;***************************************************************
    1122              ;* BUILD ATTRIBUTES                                            *
    1123              ;***************************************************************
    1124                      .battr "c28xabi", Tag_File, 1, Tag_float_args(0)
    1125                      .battr "c28xabi", Tag_File, 1, Tag_double_args(0)
    1126                      .dwattr $C$DW$CU, DW_AT_language(DW_LANG_C)
    1127              
    1128              ;***************************************************************
TMS320C2000 Assembler Unix v25.11.0 Sat May 30 20:22:51 2026

Copyright (c) 1996-2018 Texas Instruments Incorporated
inverter_drv8305.asm                                                 PAGE   23

    1129              ;* DWARF CIE ENTRIES                                           *
    1130              ;***************************************************************
    1131              
    1132              $C$DW$CIE       .dwcie 26
    1133                      .dwcfi  cfa_register, 20
    1134                      .dwcfi  cfa_offset, 0
    1135                      .dwcfi  same_value, 28
    1136                      .dwcfi  same_value, 6
    1137                      .dwcfi  same_value, 7
    1138                      .dwcfi  same_value, 8
    1139                      .dwcfi  same_value, 9
    1140                      .dwcfi  same_value, 10
    1141                      .dwcfi  same_value, 11
    1142                      .dwcfi  same_value, 59
    1143                      .dwcfi  same_value, 63
    1144                      .dwcfi  same_value, 67
    1145                      .dwcfi  same_value, 71
    1146                      .dwendentry
    1147                      .dwendtag $C$DW$CU
    1148              
    1149              
    1150              ;***************************************************************
    1151              ;* TYPE INFORMATION                                            *
    1152              ;***************************************************************
    1153              
    1154              $C$DW$TU$19     .dwtag  DW_TAG_type_unit
    1155                      .dwmtype  $C$DW$T$19
    1156              
    1157              $C$DW$T$19      .dwtag  DW_TAG_enumeration_type
    1158                      .dwattr $C$DW$T$19, DW_AT_byte_size(0x01)
    1159              $C$DW$79        .dwtag  DW_TAG_enumerator
    1160                      .dwattr $C$DW$79, DW_AT_name("GPIO_DIR_MODE_IN")
    1161                      .dwattr $C$DW$79, DW_AT_const_value(0x00)
    1162                      .dwattr $C$DW$79, DW_AT_decl_file("/home/jose/ti/c2000/C2000Ware_26_01_00_00/driverlib/f2837xd/driver
    1163                      .dwattr $C$DW$79, DW_AT_decl_line(0x7e)
    1164                      .dwattr $C$DW$79, DW_AT_decl_column(0x05)
    1165              
    1166              $C$DW$80        .dwtag  DW_TAG_enumerator
    1167                      .dwattr $C$DW$80, DW_AT_name("GPIO_DIR_MODE_OUT")
    1168                      .dwattr $C$DW$80, DW_AT_const_value(0x01)
    1169                      .dwattr $C$DW$80, DW_AT_decl_file("/home/jose/ti/c2000/C2000Ware_26_01_00_00/driverlib/f2837xd/driver
    1170                      .dwattr $C$DW$80, DW_AT_decl_line(0x7f)
    1171                      .dwattr $C$DW$80, DW_AT_decl_column(0x05)
    1172              
    1173                      .dwattr $C$DW$T$19, DW_AT_decl_file("/home/jose/ti/c2000/C2000Ware_26_01_00_00/driverlib/f2837xd/driv
    1174                      .dwattr $C$DW$T$19, DW_AT_decl_line(0x7d)
    1175                      .dwattr $C$DW$T$19, DW_AT_decl_column(0x01)
    1176                      .dwendtag $C$DW$T$19
    1177              
    1178                      .dwendtag $C$DW$TU$19
    1179              
    1180              
    1181              $C$DW$TU$20     .dwtag  DW_TAG_type_unit
    1182                      .dwmtype  $C$DW$T$20
    1183              $C$DW$T$20      .dwtag  DW_TAG_typedef
TMS320C2000 Assembler Unix v25.11.0 Sat May 30 20:22:51 2026

Copyright (c) 1996-2018 Texas Instruments Incorporated
inverter_drv8305.asm                                                 PAGE   24

    1184                      .dwattr $C$DW$T$20, DW_AT_name("GPIO_Direction")
    1185                      .dwattr $C$DW$T$20, DW_AT_type(*$C$DW$T$19)
    1186                      .dwattr $C$DW$T$20, DW_AT_decl_file("/home/jose/ti/c2000/C2000Ware_26_01_00_00/driverlib/f2837xd/driv
    1187                      .dwattr $C$DW$T$20, DW_AT_decl_line(0x80)
    1188                      .dwattr $C$DW$T$20, DW_AT_decl_column(0x03)
    1189              
    1190                      .dwendtag $C$DW$TU$20
    1191              
    1192              
    1193              $C$DW$TU$21     .dwtag  DW_TAG_type_unit
    1194                      .dwmtype  $C$DW$T$21
    1195              
    1196              $C$DW$T$21      .dwtag  DW_TAG_enumeration_type
    1197                      .dwattr $C$DW$T$21, DW_AT_byte_size(0x01)
    1198              $C$DW$81        .dwtag  DW_TAG_enumerator
    1199                      .dwattr $C$DW$81, DW_AT_name("SPI_FIFO_TXEMPTY")
    1200                      .dwattr $C$DW$81, DW_AT_const_value(0x00)
    1201                      .dwattr $C$DW$81, DW_AT_decl_file("/home/jose/ti/c2000/C2000Ware_26_01_00_00/driverlib/f2837xd/driver
    1202                      .dwattr $C$DW$81, DW_AT_decl_line(0x141)
    1203                      .dwattr $C$DW$81, DW_AT_decl_column(0x05)
    1204              
    1205              $C$DW$82        .dwtag  DW_TAG_enumerator
    1206                      .dwattr $C$DW$82, DW_AT_name("SPI_FIFO_TX0")
    1207                      .dwattr $C$DW$82, DW_AT_const_value(0x00)
    1208                      .dwattr $C$DW$82, DW_AT_decl_file("/home/jose/ti/c2000/C2000Ware_26_01_00_00/driverlib/f2837xd/driver
    1209                      .dwattr $C$DW$82, DW_AT_decl_line(0x142)
    1210                      .dwattr $C$DW$82, DW_AT_decl_column(0x05)
    1211              
    1212              $C$DW$83        .dwtag  DW_TAG_enumerator
    1213                      .dwattr $C$DW$83, DW_AT_name("SPI_FIFO_TX1")
    1214                      .dwattr $C$DW$83, DW_AT_const_value(0x01)
    1215                      .dwattr $C$DW$83, DW_AT_decl_file("/home/jose/ti/c2000/C2000Ware_26_01_00_00/driverlib/f2837xd/driver
    1216                      .dwattr $C$DW$83, DW_AT_decl_line(0x143)
    1217                      .dwattr $C$DW$83, DW_AT_decl_column(0x05)
    1218              
    1219              $C$DW$84        .dwtag  DW_TAG_enumerator
    1220                      .dwattr $C$DW$84, DW_AT_name("SPI_FIFO_TX2")
    1221                      .dwattr $C$DW$84, DW_AT_const_value(0x02)
    1222                      .dwattr $C$DW$84, DW_AT_decl_file("/home/jose/ti/c2000/C2000Ware_26_01_00_00/driverlib/f2837xd/driver
    1223                      .dwattr $C$DW$84, DW_AT_decl_line(0x144)
    1224                      .dwattr $C$DW$84, DW_AT_decl_column(0x05)
    1225              
    1226              $C$DW$85        .dwtag  DW_TAG_enumerator
    1227                      .dwattr $C$DW$85, DW_AT_name("SPI_FIFO_TX3")
    1228                      .dwattr $C$DW$85, DW_AT_const_value(0x03)
    1229                      .dwattr $C$DW$85, DW_AT_decl_file("/home/jose/ti/c2000/C2000Ware_26_01_00_00/driverlib/f2837xd/driver
    1230                      .dwattr $C$DW$85, DW_AT_decl_line(0x145)
    1231                      .dwattr $C$DW$85, DW_AT_decl_column(0x05)
    1232              
    1233              $C$DW$86        .dwtag  DW_TAG_enumerator
    1234                      .dwattr $C$DW$86, DW_AT_name("SPI_FIFO_TX4")
    1235                      .dwattr $C$DW$86, DW_AT_const_value(0x04)
    1236                      .dwattr $C$DW$86, DW_AT_decl_file("/home/jose/ti/c2000/C2000Ware_26_01_00_00/driverlib/f2837xd/driver
    1237                      .dwattr $C$DW$86, DW_AT_decl_line(0x146)
    1238                      .dwattr $C$DW$86, DW_AT_decl_column(0x05)
TMS320C2000 Assembler Unix v25.11.0 Sat May 30 20:22:51 2026

Copyright (c) 1996-2018 Texas Instruments Incorporated
inverter_drv8305.asm                                                 PAGE   25

    1239              
    1240              $C$DW$87        .dwtag  DW_TAG_enumerator
    1241                      .dwattr $C$DW$87, DW_AT_name("SPI_FIFO_TX5")
    1242                      .dwattr $C$DW$87, DW_AT_const_value(0x05)
    1243                      .dwattr $C$DW$87, DW_AT_decl_file("/home/jose/ti/c2000/C2000Ware_26_01_00_00/driverlib/f2837xd/driver
    1244                      .dwattr $C$DW$87, DW_AT_decl_line(0x147)
    1245                      .dwattr $C$DW$87, DW_AT_decl_column(0x05)
    1246              
    1247              $C$DW$88        .dwtag  DW_TAG_enumerator
    1248                      .dwattr $C$DW$88, DW_AT_name("SPI_FIFO_TX6")
    1249                      .dwattr $C$DW$88, DW_AT_const_value(0x06)
    1250                      .dwattr $C$DW$88, DW_AT_decl_file("/home/jose/ti/c2000/C2000Ware_26_01_00_00/driverlib/f2837xd/driver
    1251                      .dwattr $C$DW$88, DW_AT_decl_line(0x148)
    1252                      .dwattr $C$DW$88, DW_AT_decl_column(0x05)
    1253              
    1254              $C$DW$89        .dwtag  DW_TAG_enumerator
    1255                      .dwattr $C$DW$89, DW_AT_name("SPI_FIFO_TX7")
    1256                      .dwattr $C$DW$89, DW_AT_const_value(0x07)
    1257                      .dwattr $C$DW$89, DW_AT_decl_file("/home/jose/ti/c2000/C2000Ware_26_01_00_00/driverlib/f2837xd/driver
    1258                      .dwattr $C$DW$89, DW_AT_decl_line(0x149)
    1259                      .dwattr $C$DW$89, DW_AT_decl_column(0x05)
    1260              
    1261              $C$DW$90        .dwtag  DW_TAG_enumerator
    1262                      .dwattr $C$DW$90, DW_AT_name("SPI_FIFO_TX8")
    1263                      .dwattr $C$DW$90, DW_AT_const_value(0x08)
    1264                      .dwattr $C$DW$90, DW_AT_decl_file("/home/jose/ti/c2000/C2000Ware_26_01_00_00/driverlib/f2837xd/driver
    1265                      .dwattr $C$DW$90, DW_AT_decl_line(0x14a)
    1266                      .dwattr $C$DW$90, DW_AT_decl_column(0x05)
    1267              
    1268              $C$DW$91        .dwtag  DW_TAG_enumerator
    1269                      .dwattr $C$DW$91, DW_AT_name("SPI_FIFO_TX9")
    1270                      .dwattr $C$DW$91, DW_AT_const_value(0x09)
    1271                      .dwattr $C$DW$91, DW_AT_decl_file("/home/jose/ti/c2000/C2000Ware_26_01_00_00/driverlib/f2837xd/driver
    1272                      .dwattr $C$DW$91, DW_AT_decl_line(0x14b)
    1273                      .dwattr $C$DW$91, DW_AT_decl_column(0x05)
    1274              
    1275              $C$DW$92        .dwtag  DW_TAG_enumerator
    1276                      .dwattr $C$DW$92, DW_AT_name("SPI_FIFO_TX10")
    1277                      .dwattr $C$DW$92, DW_AT_const_value(0x0a)
    1278                      .dwattr $C$DW$92, DW_AT_decl_file("/home/jose/ti/c2000/C2000Ware_26_01_00_00/driverlib/f2837xd/driver
    1279                      .dwattr $C$DW$92, DW_AT_decl_line(0x14c)
    1280                      .dwattr $C$DW$92, DW_AT_decl_column(0x05)
    1281              
    1282              $C$DW$93        .dwtag  DW_TAG_enumerator
    1283                      .dwattr $C$DW$93, DW_AT_name("SPI_FIFO_TX11")
    1284                      .dwattr $C$DW$93, DW_AT_const_value(0x0b)
    1285                      .dwattr $C$DW$93, DW_AT_decl_file("/home/jose/ti/c2000/C2000Ware_26_01_00_00/driverlib/f2837xd/driver
    1286                      .dwattr $C$DW$93, DW_AT_decl_line(0x14d)
    1287                      .dwattr $C$DW$93, DW_AT_decl_column(0x05)
    1288              
    1289              $C$DW$94        .dwtag  DW_TAG_enumerator
    1290                      .dwattr $C$DW$94, DW_AT_name("SPI_FIFO_TX12")
    1291                      .dwattr $C$DW$94, DW_AT_const_value(0x0c)
    1292                      .dwattr $C$DW$94, DW_AT_decl_file("/home/jose/ti/c2000/C2000Ware_26_01_00_00/driverlib/f2837xd/driver
    1293                      .dwattr $C$DW$94, DW_AT_decl_line(0x14e)
TMS320C2000 Assembler Unix v25.11.0 Sat May 30 20:22:51 2026

Copyright (c) 1996-2018 Texas Instruments Incorporated
inverter_drv8305.asm                                                 PAGE   26

    1294                      .dwattr $C$DW$94, DW_AT_decl_column(0x05)
    1295              
    1296              $C$DW$95        .dwtag  DW_TAG_enumerator
    1297                      .dwattr $C$DW$95, DW_AT_name("SPI_FIFO_TX13")
    1298                      .dwattr $C$DW$95, DW_AT_const_value(0x0d)
    1299                      .dwattr $C$DW$95, DW_AT_decl_file("/home/jose/ti/c2000/C2000Ware_26_01_00_00/driverlib/f2837xd/driver
    1300                      .dwattr $C$DW$95, DW_AT_decl_line(0x14f)
    1301                      .dwattr $C$DW$95, DW_AT_decl_column(0x05)
    1302              
    1303              $C$DW$96        .dwtag  DW_TAG_enumerator
    1304                      .dwattr $C$DW$96, DW_AT_name("SPI_FIFO_TX14")
    1305                      .dwattr $C$DW$96, DW_AT_const_value(0x0e)
    1306                      .dwattr $C$DW$96, DW_AT_decl_file("/home/jose/ti/c2000/C2000Ware_26_01_00_00/driverlib/f2837xd/driver
    1307                      .dwattr $C$DW$96, DW_AT_decl_line(0x150)
    1308                      .dwattr $C$DW$96, DW_AT_decl_column(0x05)
    1309              
    1310              $C$DW$97        .dwtag  DW_TAG_enumerator
    1311                      .dwattr $C$DW$97, DW_AT_name("SPI_FIFO_TX15")
    1312                      .dwattr $C$DW$97, DW_AT_const_value(0x0f)
    1313                      .dwattr $C$DW$97, DW_AT_decl_file("/home/jose/ti/c2000/C2000Ware_26_01_00_00/driverlib/f2837xd/driver
    1314                      .dwattr $C$DW$97, DW_AT_decl_line(0x151)
    1315                      .dwattr $C$DW$97, DW_AT_decl_column(0x05)
    1316              
    1317              $C$DW$98        .dwtag  DW_TAG_enumerator
    1318                      .dwattr $C$DW$98, DW_AT_name("SPI_FIFO_TX16")
    1319                      .dwattr $C$DW$98, DW_AT_const_value(0x10)
    1320                      .dwattr $C$DW$98, DW_AT_decl_file("/home/jose/ti/c2000/C2000Ware_26_01_00_00/driverlib/f2837xd/driver
    1321                      .dwattr $C$DW$98, DW_AT_decl_line(0x152)
    1322                      .dwattr $C$DW$98, DW_AT_decl_column(0x05)
    1323              
    1324              $C$DW$99        .dwtag  DW_TAG_enumerator
    1325                      .dwattr $C$DW$99, DW_AT_name("SPI_FIFO_TXFULL")
    1326                      .dwattr $C$DW$99, DW_AT_const_value(0x10)
    1327                      .dwattr $C$DW$99, DW_AT_decl_file("/home/jose/ti/c2000/C2000Ware_26_01_00_00/driverlib/f2837xd/driver
    1328                      .dwattr $C$DW$99, DW_AT_decl_line(0x153)
    1329                      .dwattr $C$DW$99, DW_AT_decl_column(0x05)
    1330              
    1331                      .dwattr $C$DW$T$21, DW_AT_decl_file("/home/jose/ti/c2000/C2000Ware_26_01_00_00/driverlib/f2837xd/driv
    1332                      .dwattr $C$DW$T$21, DW_AT_decl_line(0x140)
    1333                      .dwattr $C$DW$T$21, DW_AT_decl_column(0x01)
    1334                      .dwendtag $C$DW$T$21
    1335              
    1336                      .dwendtag $C$DW$TU$21
    1337              
    1338              
    1339              $C$DW$TU$22     .dwtag  DW_TAG_type_unit
    1340                      .dwmtype  $C$DW$T$22
    1341              $C$DW$T$22      .dwtag  DW_TAG_typedef
    1342                      .dwattr $C$DW$T$22, DW_AT_name("SPI_TxFIFOLevel")
    1343                      .dwattr $C$DW$T$22, DW_AT_type(*$C$DW$T$21)
    1344                      .dwattr $C$DW$T$22, DW_AT_decl_file("/home/jose/ti/c2000/C2000Ware_26_01_00_00/driverlib/f2837xd/driv
    1345                      .dwattr $C$DW$T$22, DW_AT_decl_line(0x154)
    1346                      .dwattr $C$DW$T$22, DW_AT_decl_column(0x03)
    1347              
    1348                      .dwendtag $C$DW$TU$22
TMS320C2000 Assembler Unix v25.11.0 Sat May 30 20:22:51 2026

Copyright (c) 1996-2018 Texas Instruments Incorporated
inverter_drv8305.asm                                                 PAGE   27

    1349              
    1350              
    1351              $C$DW$TU$26     .dwtag  DW_TAG_type_unit
    1352                      .dwmtype  $C$DW$T$26
    1353              
    1354              $C$DW$T$26      .dwtag  DW_TAG_enumeration_type
    1355                      .dwattr $C$DW$T$26, DW_AT_byte_size(0x01)
    1356              $C$DW$100       .dwtag  DW_TAG_enumerator
    1357                      .dwattr $C$DW$100, DW_AT_name("SPI_FIFO_RXEMPTY")
    1358                      .dwattr $C$DW$100, DW_AT_const_value(0x00)
    1359                      .dwattr $C$DW$100, DW_AT_decl_file("/home/jose/ti/c2000/C2000Ware_26_01_00_00/driverlib/f2837xd/drive
    1360                      .dwattr $C$DW$100, DW_AT_decl_line(0x15f)
    1361                      .dwattr $C$DW$100, DW_AT_decl_column(0x05)
    1362              
    1363              $C$DW$101       .dwtag  DW_TAG_enumerator
    1364                      .dwattr $C$DW$101, DW_AT_name("SPI_FIFO_RX0")
    1365                      .dwattr $C$DW$101, DW_AT_const_value(0x00)
    1366                      .dwattr $C$DW$101, DW_AT_decl_file("/home/jose/ti/c2000/C2000Ware_26_01_00_00/driverlib/f2837xd/drive
    1367                      .dwattr $C$DW$101, DW_AT_decl_line(0x160)
    1368                      .dwattr $C$DW$101, DW_AT_decl_column(0x05)
    1369              
    1370              $C$DW$102       .dwtag  DW_TAG_enumerator
    1371                      .dwattr $C$DW$102, DW_AT_name("SPI_FIFO_RX1")
    1372                      .dwattr $C$DW$102, DW_AT_const_value(0x01)
    1373                      .dwattr $C$DW$102, DW_AT_decl_file("/home/jose/ti/c2000/C2000Ware_26_01_00_00/driverlib/f2837xd/drive
    1374                      .dwattr $C$DW$102, DW_AT_decl_line(0x161)
    1375                      .dwattr $C$DW$102, DW_AT_decl_column(0x05)
    1376              
    1377              $C$DW$103       .dwtag  DW_TAG_enumerator
    1378                      .dwattr $C$DW$103, DW_AT_name("SPI_FIFO_RX2")
    1379                      .dwattr $C$DW$103, DW_AT_const_value(0x02)
    1380                      .dwattr $C$DW$103, DW_AT_decl_file("/home/jose/ti/c2000/C2000Ware_26_01_00_00/driverlib/f2837xd/drive
    1381                      .dwattr $C$DW$103, DW_AT_decl_line(0x162)
    1382                      .dwattr $C$DW$103, DW_AT_decl_column(0x05)
    1383              
    1384              $C$DW$104       .dwtag  DW_TAG_enumerator
    1385                      .dwattr $C$DW$104, DW_AT_name("SPI_FIFO_RX3")
    1386                      .dwattr $C$DW$104, DW_AT_const_value(0x03)
    1387                      .dwattr $C$DW$104, DW_AT_decl_file("/home/jose/ti/c2000/C2000Ware_26_01_00_00/driverlib/f2837xd/drive
    1388                      .dwattr $C$DW$104, DW_AT_decl_line(0x163)
    1389                      .dwattr $C$DW$104, DW_AT_decl_column(0x05)
    1390              
    1391              $C$DW$105       .dwtag  DW_TAG_enumerator
    1392                      .dwattr $C$DW$105, DW_AT_name("SPI_FIFO_RX4")
    1393                      .dwattr $C$DW$105, DW_AT_const_value(0x04)
    1394                      .dwattr $C$DW$105, DW_AT_decl_file("/home/jose/ti/c2000/C2000Ware_26_01_00_00/driverlib/f2837xd/drive
    1395                      .dwattr $C$DW$105, DW_AT_decl_line(0x164)
    1396                      .dwattr $C$DW$105, DW_AT_decl_column(0x05)
    1397              
    1398              $C$DW$106       .dwtag  DW_TAG_enumerator
    1399                      .dwattr $C$DW$106, DW_AT_name("SPI_FIFO_RX5")
    1400                      .dwattr $C$DW$106, DW_AT_const_value(0x05)
    1401                      .dwattr $C$DW$106, DW_AT_decl_file("/home/jose/ti/c2000/C2000Ware_26_01_00_00/driverlib/f2837xd/drive
    1402                      .dwattr $C$DW$106, DW_AT_decl_line(0x165)
    1403                      .dwattr $C$DW$106, DW_AT_decl_column(0x05)
TMS320C2000 Assembler Unix v25.11.0 Sat May 30 20:22:51 2026

Copyright (c) 1996-2018 Texas Instruments Incorporated
inverter_drv8305.asm                                                 PAGE   28

    1404              
    1405              $C$DW$107       .dwtag  DW_TAG_enumerator
    1406                      .dwattr $C$DW$107, DW_AT_name("SPI_FIFO_RX6")
    1407                      .dwattr $C$DW$107, DW_AT_const_value(0x06)
    1408                      .dwattr $C$DW$107, DW_AT_decl_file("/home/jose/ti/c2000/C2000Ware_26_01_00_00/driverlib/f2837xd/drive
    1409                      .dwattr $C$DW$107, DW_AT_decl_line(0x166)
    1410                      .dwattr $C$DW$107, DW_AT_decl_column(0x05)
    1411              
    1412              $C$DW$108       .dwtag  DW_TAG_enumerator
    1413                      .dwattr $C$DW$108, DW_AT_name("SPI_FIFO_RX7")
    1414                      .dwattr $C$DW$108, DW_AT_const_value(0x07)
    1415                      .dwattr $C$DW$108, DW_AT_decl_file("/home/jose/ti/c2000/C2000Ware_26_01_00_00/driverlib/f2837xd/drive
    1416                      .dwattr $C$DW$108, DW_AT_decl_line(0x167)
    1417                      .dwattr $C$DW$108, DW_AT_decl_column(0x05)
    1418              
    1419              $C$DW$109       .dwtag  DW_TAG_enumerator
    1420                      .dwattr $C$DW$109, DW_AT_name("SPI_FIFO_RX8")
    1421                      .dwattr $C$DW$109, DW_AT_const_value(0x08)
    1422                      .dwattr $C$DW$109, DW_AT_decl_file("/home/jose/ti/c2000/C2000Ware_26_01_00_00/driverlib/f2837xd/drive
    1423                      .dwattr $C$DW$109, DW_AT_decl_line(0x168)
    1424                      .dwattr $C$DW$109, DW_AT_decl_column(0x05)
    1425              
    1426              $C$DW$110       .dwtag  DW_TAG_enumerator
    1427                      .dwattr $C$DW$110, DW_AT_name("SPI_FIFO_RX9")
    1428                      .dwattr $C$DW$110, DW_AT_const_value(0x09)
    1429                      .dwattr $C$DW$110, DW_AT_decl_file("/home/jose/ti/c2000/C2000Ware_26_01_00_00/driverlib/f2837xd/drive
    1430                      .dwattr $C$DW$110, DW_AT_decl_line(0x169)
    1431                      .dwattr $C$DW$110, DW_AT_decl_column(0x05)
    1432              
    1433              $C$DW$111       .dwtag  DW_TAG_enumerator
    1434                      .dwattr $C$DW$111, DW_AT_name("SPI_FIFO_RX10")
    1435                      .dwattr $C$DW$111, DW_AT_const_value(0x0a)
    1436                      .dwattr $C$DW$111, DW_AT_decl_file("/home/jose/ti/c2000/C2000Ware_26_01_00_00/driverlib/f2837xd/drive
    1437                      .dwattr $C$DW$111, DW_AT_decl_line(0x16a)
    1438                      .dwattr $C$DW$111, DW_AT_decl_column(0x05)
    1439              
    1440              $C$DW$112       .dwtag  DW_TAG_enumerator
    1441                      .dwattr $C$DW$112, DW_AT_name("SPI_FIFO_RX11")
    1442                      .dwattr $C$DW$112, DW_AT_const_value(0x0b)
    1443                      .dwattr $C$DW$112, DW_AT_decl_file("/home/jose/ti/c2000/C2000Ware_26_01_00_00/driverlib/f2837xd/drive
    1444                      .dwattr $C$DW$112, DW_AT_decl_line(0x16b)
    1445                      .dwattr $C$DW$112, DW_AT_decl_column(0x05)
    1446              
    1447              $C$DW$113       .dwtag  DW_TAG_enumerator
    1448                      .dwattr $C$DW$113, DW_AT_name("SPI_FIFO_RX12")
    1449                      .dwattr $C$DW$113, DW_AT_const_value(0x0c)
    1450                      .dwattr $C$DW$113, DW_AT_decl_file("/home/jose/ti/c2000/C2000Ware_26_01_00_00/driverlib/f2837xd/drive
    1451                      .dwattr $C$DW$113, DW_AT_decl_line(0x16c)
    1452                      .dwattr $C$DW$113, DW_AT_decl_column(0x05)
    1453              
    1454              $C$DW$114       .dwtag  DW_TAG_enumerator
    1455                      .dwattr $C$DW$114, DW_AT_name("SPI_FIFO_RX13")
    1456                      .dwattr $C$DW$114, DW_AT_const_value(0x0d)
    1457                      .dwattr $C$DW$114, DW_AT_decl_file("/home/jose/ti/c2000/C2000Ware_26_01_00_00/driverlib/f2837xd/drive
    1458                      .dwattr $C$DW$114, DW_AT_decl_line(0x16d)
TMS320C2000 Assembler Unix v25.11.0 Sat May 30 20:22:51 2026

Copyright (c) 1996-2018 Texas Instruments Incorporated
inverter_drv8305.asm                                                 PAGE   29

    1459                      .dwattr $C$DW$114, DW_AT_decl_column(0x05)
    1460              
    1461              $C$DW$115       .dwtag  DW_TAG_enumerator
    1462                      .dwattr $C$DW$115, DW_AT_name("SPI_FIFO_RX14")
    1463                      .dwattr $C$DW$115, DW_AT_const_value(0x0e)
    1464                      .dwattr $C$DW$115, DW_AT_decl_file("/home/jose/ti/c2000/C2000Ware_26_01_00_00/driverlib/f2837xd/drive
    1465                      .dwattr $C$DW$115, DW_AT_decl_line(0x16e)
    1466                      .dwattr $C$DW$115, DW_AT_decl_column(0x05)
    1467              
    1468              $C$DW$116       .dwtag  DW_TAG_enumerator
    1469                      .dwattr $C$DW$116, DW_AT_name("SPI_FIFO_RX15")
    1470                      .dwattr $C$DW$116, DW_AT_const_value(0x0f)
    1471                      .dwattr $C$DW$116, DW_AT_decl_file("/home/jose/ti/c2000/C2000Ware_26_01_00_00/driverlib/f2837xd/drive
    1472                      .dwattr $C$DW$116, DW_AT_decl_line(0x16f)
    1473                      .dwattr $C$DW$116, DW_AT_decl_column(0x05)
    1474              
    1475              $C$DW$117       .dwtag  DW_TAG_enumerator
    1476                      .dwattr $C$DW$117, DW_AT_name("SPI_FIFO_RX16")
    1477                      .dwattr $C$DW$117, DW_AT_const_value(0x10)
    1478                      .dwattr $C$DW$117, DW_AT_decl_file("/home/jose/ti/c2000/C2000Ware_26_01_00_00/driverlib/f2837xd/drive
    1479                      .dwattr $C$DW$117, DW_AT_decl_line(0x170)
    1480                      .dwattr $C$DW$117, DW_AT_decl_column(0x05)
    1481              
    1482              $C$DW$118       .dwtag  DW_TAG_enumerator
    1483                      .dwattr $C$DW$118, DW_AT_name("SPI_FIFO_RXFULL")
    1484                      .dwattr $C$DW$118, DW_AT_const_value(0x10)
    1485                      .dwattr $C$DW$118, DW_AT_decl_file("/home/jose/ti/c2000/C2000Ware_26_01_00_00/driverlib/f2837xd/drive
    1486                      .dwattr $C$DW$118, DW_AT_decl_line(0x171)
    1487                      .dwattr $C$DW$118, DW_AT_decl_column(0x05)
    1488              
    1489              $C$DW$119       .dwtag  DW_TAG_enumerator
    1490                      .dwattr $C$DW$119, DW_AT_name("SPI_FIFO_RXDEFAULT")
    1491                      .dwattr $C$DW$119, DW_AT_const_value(0x1f)
    1492                      .dwattr $C$DW$119, DW_AT_decl_file("/home/jose/ti/c2000/C2000Ware_26_01_00_00/driverlib/f2837xd/drive
    1493                      .dwattr $C$DW$119, DW_AT_decl_line(0x172)
    1494                      .dwattr $C$DW$119, DW_AT_decl_column(0x05)
    1495              
    1496                      .dwattr $C$DW$T$26, DW_AT_decl_file("/home/jose/ti/c2000/C2000Ware_26_01_00_00/driverlib/f2837xd/driv
    1497                      .dwattr $C$DW$T$26, DW_AT_decl_line(0x15e)
    1498                      .dwattr $C$DW$T$26, DW_AT_decl_column(0x01)
    1499                      .dwendtag $C$DW$T$26
    1500              
    1501                      .dwendtag $C$DW$TU$26
    1502              
    1503              
    1504              $C$DW$TU$27     .dwtag  DW_TAG_type_unit
    1505                      .dwmtype  $C$DW$T$27
    1506              $C$DW$T$27      .dwtag  DW_TAG_typedef
    1507                      .dwattr $C$DW$T$27, DW_AT_name("SPI_RxFIFOLevel")
    1508                      .dwattr $C$DW$T$27, DW_AT_type(*$C$DW$T$26)
    1509                      .dwattr $C$DW$T$27, DW_AT_decl_file("/home/jose/ti/c2000/C2000Ware_26_01_00_00/driverlib/f2837xd/driv
    1510                      .dwattr $C$DW$T$27, DW_AT_decl_line(0x173)
    1511                      .dwattr $C$DW$T$27, DW_AT_decl_column(0x03)
    1512              
    1513                      .dwendtag $C$DW$TU$27
TMS320C2000 Assembler Unix v25.11.0 Sat May 30 20:22:51 2026

Copyright (c) 1996-2018 Texas Instruments Incorporated
inverter_drv8305.asm                                                 PAGE   30

    1514              
    1515              
    1516              $C$DW$TU$2      .dwtag  DW_TAG_type_unit
    1517                      .dwmtype  $C$DW$T$2
    1518              $C$DW$T$2       .dwtag  DW_TAG_unspecified_type
    1519                      .dwattr $C$DW$T$2, DW_AT_name("void")
    1520              
    1521                      .dwendtag $C$DW$TU$2
    1522              
    1523              
    1524              $C$DW$TU$4      .dwtag  DW_TAG_type_unit
    1525                      .dwmtype  $C$DW$T$4
    1526              $C$DW$T$4       .dwtag  DW_TAG_base_type
    1527                      .dwattr $C$DW$T$4, DW_AT_encoding(DW_ATE_boolean)
    1528                      .dwattr $C$DW$T$4, DW_AT_name("bool")
    1529                      .dwattr $C$DW$T$4, DW_AT_byte_size(0x01)
    1530              
    1531                      .dwendtag $C$DW$TU$4
    1532              
    1533              
    1534              $C$DW$TU$5      .dwtag  DW_TAG_type_unit
    1535                      .dwmtype  $C$DW$T$5
    1536              $C$DW$T$5       .dwtag  DW_TAG_base_type
    1537                      .dwattr $C$DW$T$5, DW_AT_encoding(DW_ATE_signed_char)
    1538                      .dwattr $C$DW$T$5, DW_AT_name("signed char")
    1539                      .dwattr $C$DW$T$5, DW_AT_byte_size(0x01)
    1540              
    1541                      .dwendtag $C$DW$TU$5
    1542              
    1543              
    1544              $C$DW$TU$6      .dwtag  DW_TAG_type_unit
    1545                      .dwmtype  $C$DW$T$6
    1546              $C$DW$T$6       .dwtag  DW_TAG_base_type
    1547                      .dwattr $C$DW$T$6, DW_AT_encoding(DW_ATE_unsigned_char)
    1548                      .dwattr $C$DW$T$6, DW_AT_name("unsigned char")
    1549                      .dwattr $C$DW$T$6, DW_AT_byte_size(0x01)
    1550              
    1551                      .dwendtag $C$DW$TU$6
    1552              
    1553              
    1554              $C$DW$TU$7      .dwtag  DW_TAG_type_unit
    1555                      .dwmtype  $C$DW$T$7
    1556              $C$DW$T$7       .dwtag  DW_TAG_base_type
    1557                      .dwattr $C$DW$T$7, DW_AT_encoding(DW_ATE_signed_char)
    1558                      .dwattr $C$DW$T$7, DW_AT_name("wchar_t")
    1559                      .dwattr $C$DW$T$7, DW_AT_byte_size(0x02)
    1560              
    1561                      .dwendtag $C$DW$TU$7
    1562              
    1563              
    1564              $C$DW$TU$8      .dwtag  DW_TAG_type_unit
    1565                      .dwmtype  $C$DW$T$8
    1566              $C$DW$T$8       .dwtag  DW_TAG_base_type
    1567                      .dwattr $C$DW$T$8, DW_AT_encoding(DW_ATE_signed)
    1568                      .dwattr $C$DW$T$8, DW_AT_name("short")
TMS320C2000 Assembler Unix v25.11.0 Sat May 30 20:22:51 2026

Copyright (c) 1996-2018 Texas Instruments Incorporated
inverter_drv8305.asm                                                 PAGE   31

    1569                      .dwattr $C$DW$T$8, DW_AT_byte_size(0x01)
    1570              
    1571                      .dwendtag $C$DW$TU$8
    1572              
    1573              
    1574              $C$DW$TU$9      .dwtag  DW_TAG_type_unit
    1575                      .dwmtype  $C$DW$T$9
    1576              $C$DW$T$9       .dwtag  DW_TAG_base_type
    1577                      .dwattr $C$DW$T$9, DW_AT_encoding(DW_ATE_unsigned)
    1578                      .dwattr $C$DW$T$9, DW_AT_name("unsigned short")
    1579                      .dwattr $C$DW$T$9, DW_AT_byte_size(0x01)
    1580              
    1581                      .dwendtag $C$DW$TU$9
    1582              
    1583              
    1584              $C$DW$TU$35     .dwtag  DW_TAG_type_unit
    1585                      .dwmtype  $C$DW$T$35
    1586              $C$DW$T$35      .dwtag  DW_TAG_typedef
    1587                      .dwattr $C$DW$T$35, DW_AT_name("__uint16_t")
    1588                      .dwattr $C$DW$T$35, DW_AT_type(*$C$DW$T$9)
    1589                      .dwattr $C$DW$T$35, DW_AT_decl_file("/home/jose/ti/ccs2051/ccs/tools/compiler/ti-cgt-c2000_25.11.0.LT
    1590                      .dwattr $C$DW$T$35, DW_AT_decl_line(0x41)
    1591                      .dwattr $C$DW$T$35, DW_AT_decl_column(0x1c)
    1592              
    1593                      .dwendtag $C$DW$TU$35
    1594              
    1595              
    1596              $C$DW$TU$36     .dwtag  DW_TAG_type_unit
    1597                      .dwmtype  $C$DW$T$36
    1598              $C$DW$T$36      .dwtag  DW_TAG_typedef
    1599                      .dwattr $C$DW$T$36, DW_AT_name("uint16_t")
    1600                      .dwattr $C$DW$T$36, DW_AT_type(*$C$DW$T$35)
    1601                      .dwattr $C$DW$T$36, DW_AT_decl_file("/home/jose/ti/ccs2051/ccs/tools/compiler/ti-cgt-c2000_25.11.0.LT
    1602                      .dwattr $C$DW$T$36, DW_AT_decl_line(0x41)
    1603                      .dwattr $C$DW$T$36, DW_AT_decl_column(0x15)
    1604              
    1605                      .dwendtag $C$DW$TU$36
    1606              
    1607              
    1608              $C$DW$TU$43     .dwtag  DW_TAG_type_unit
    1609                      .dwmtype  $C$DW$T$43
    1610              $C$DW$120       .dwtag  DW_TAG_TI_far_type
    1611                      .dwattr $C$DW$120, DW_AT_type(*$C$DW$T$36)
    1612              
    1613              $C$DW$T$43      .dwtag  DW_TAG_volatile_type
    1614                      .dwattr $C$DW$T$43, DW_AT_type(*$C$DW$120)
    1615              
    1616                      .dwendtag $C$DW$TU$43
    1617              
    1618              
    1619              $C$DW$TU$44     .dwtag  DW_TAG_type_unit
    1620                      .dwmtype  $C$DW$T$44
    1621              $C$DW$121       .dwtag  DW_TAG_TI_far_type
    1622                      .dwattr $C$DW$121, DW_AT_type(*$C$DW$T$36)
    1623              
TMS320C2000 Assembler Unix v25.11.0 Sat May 30 20:22:51 2026

Copyright (c) 1996-2018 Texas Instruments Incorporated
inverter_drv8305.asm                                                 PAGE   32

    1624              $C$DW$T$44      .dwtag  DW_TAG_const_type
    1625                      .dwattr $C$DW$T$44, DW_AT_type(*$C$DW$121)
    1626              
    1627                      .dwendtag $C$DW$TU$44
    1628              
    1629              
    1630              $C$DW$TU$10     .dwtag  DW_TAG_type_unit
    1631                      .dwmtype  $C$DW$T$10
    1632              $C$DW$T$10      .dwtag  DW_TAG_base_type
    1633                      .dwattr $C$DW$T$10, DW_AT_encoding(DW_ATE_signed)
    1634                      .dwattr $C$DW$T$10, DW_AT_name("int")
    1635                      .dwattr $C$DW$T$10, DW_AT_byte_size(0x01)
    1636              
    1637                      .dwendtag $C$DW$TU$10
    1638              
    1639              
    1640              $C$DW$TU$11     .dwtag  DW_TAG_type_unit
    1641                      .dwmtype  $C$DW$T$11
    1642              $C$DW$T$11      .dwtag  DW_TAG_base_type
    1643                      .dwattr $C$DW$T$11, DW_AT_encoding(DW_ATE_unsigned)
    1644                      .dwattr $C$DW$T$11, DW_AT_name("unsigned int")
    1645                      .dwattr $C$DW$T$11, DW_AT_byte_size(0x01)
    1646              
    1647                      .dwendtag $C$DW$TU$11
    1648              
    1649              
    1650              $C$DW$TU$12     .dwtag  DW_TAG_type_unit
    1651                      .dwmtype  $C$DW$T$12
    1652              $C$DW$T$12      .dwtag  DW_TAG_base_type
    1653                      .dwattr $C$DW$T$12, DW_AT_encoding(DW_ATE_signed)
    1654                      .dwattr $C$DW$T$12, DW_AT_name("long")
    1655                      .dwattr $C$DW$T$12, DW_AT_byte_size(0x02)
    1656              
    1657                      .dwendtag $C$DW$TU$12
    1658              
    1659              
    1660              $C$DW$TU$13     .dwtag  DW_TAG_type_unit
    1661                      .dwmtype  $C$DW$T$13
    1662              $C$DW$T$13      .dwtag  DW_TAG_base_type
    1663                      .dwattr $C$DW$T$13, DW_AT_encoding(DW_ATE_unsigned)
    1664                      .dwattr $C$DW$T$13, DW_AT_name("unsigned long")
    1665                      .dwattr $C$DW$T$13, DW_AT_byte_size(0x02)
    1666              
    1667                      .dwendtag $C$DW$TU$13
    1668              
    1669              
    1670              $C$DW$TU$23     .dwtag  DW_TAG_type_unit
    1671                      .dwmtype  $C$DW$T$23
    1672              $C$DW$T$23      .dwtag  DW_TAG_typedef
    1673                      .dwattr $C$DW$T$23, DW_AT_name("__uint32_t")
    1674                      .dwattr $C$DW$T$23, DW_AT_type(*$C$DW$T$13)
    1675                      .dwattr $C$DW$T$23, DW_AT_decl_file("/home/jose/ti/ccs2051/ccs/tools/compiler/ti-cgt-c2000_25.11.0.LT
    1676                      .dwattr $C$DW$T$23, DW_AT_decl_line(0x43)
    1677                      .dwattr $C$DW$T$23, DW_AT_decl_column(0x1c)
    1678              
TMS320C2000 Assembler Unix v25.11.0 Sat May 30 20:22:51 2026

Copyright (c) 1996-2018 Texas Instruments Incorporated
inverter_drv8305.asm                                                 PAGE   33

    1679                      .dwendtag $C$DW$TU$23
    1680              
    1681              
    1682              $C$DW$TU$24     .dwtag  DW_TAG_type_unit
    1683                      .dwmtype  $C$DW$T$24
    1684              $C$DW$T$24      .dwtag  DW_TAG_typedef
    1685                      .dwattr $C$DW$T$24, DW_AT_name("uint32_t")
    1686                      .dwattr $C$DW$T$24, DW_AT_type(*$C$DW$T$23)
    1687                      .dwattr $C$DW$T$24, DW_AT_decl_file("/home/jose/ti/ccs2051/ccs/tools/compiler/ti-cgt-c2000_25.11.0.LT
    1688                      .dwattr $C$DW$T$24, DW_AT_decl_line(0x46)
    1689                      .dwattr $C$DW$T$24, DW_AT_decl_column(0x15)
    1690              
    1691                      .dwendtag $C$DW$TU$24
    1692              
    1693              
    1694              $C$DW$TU$14     .dwtag  DW_TAG_type_unit
    1695                      .dwmtype  $C$DW$T$14
    1696              $C$DW$T$14      .dwtag  DW_TAG_base_type
    1697                      .dwattr $C$DW$T$14, DW_AT_encoding(DW_ATE_signed)
    1698                      .dwattr $C$DW$T$14, DW_AT_name("long long")
    1699                      .dwattr $C$DW$T$14, DW_AT_byte_size(0x04)
    1700              
    1701                      .dwendtag $C$DW$TU$14
    1702              
    1703              
    1704              $C$DW$TU$15     .dwtag  DW_TAG_type_unit
    1705                      .dwmtype  $C$DW$T$15
    1706              $C$DW$T$15      .dwtag  DW_TAG_base_type
    1707                      .dwattr $C$DW$T$15, DW_AT_encoding(DW_ATE_unsigned)
    1708                      .dwattr $C$DW$T$15, DW_AT_name("unsigned long long")
    1709                      .dwattr $C$DW$T$15, DW_AT_byte_size(0x04)
    1710              
    1711                      .dwendtag $C$DW$TU$15
    1712              
    1713              
    1714              $C$DW$TU$16     .dwtag  DW_TAG_type_unit
    1715                      .dwmtype  $C$DW$T$16
    1716              $C$DW$T$16      .dwtag  DW_TAG_base_type
    1717                      .dwattr $C$DW$T$16, DW_AT_encoding(DW_ATE_float)
    1718                      .dwattr $C$DW$T$16, DW_AT_name("float")
    1719                      .dwattr $C$DW$T$16, DW_AT_byte_size(0x02)
    1720              
    1721                      .dwendtag $C$DW$TU$16
    1722              
    1723              
    1724              $C$DW$TU$17     .dwtag  DW_TAG_type_unit
    1725                      .dwmtype  $C$DW$T$17
    1726              $C$DW$T$17      .dwtag  DW_TAG_base_type
    1727                      .dwattr $C$DW$T$17, DW_AT_encoding(DW_ATE_float)
    1728                      .dwattr $C$DW$T$17, DW_AT_name("double")
    1729                      .dwattr $C$DW$T$17, DW_AT_byte_size(0x04)
    1730              
    1731                      .dwendtag $C$DW$TU$17
    1732              
    1733              
TMS320C2000 Assembler Unix v25.11.0 Sat May 30 20:22:51 2026

Copyright (c) 1996-2018 Texas Instruments Incorporated
inverter_drv8305.asm                                                 PAGE   34

    1734              $C$DW$TU$18     .dwtag  DW_TAG_type_unit
    1735                      .dwmtype  $C$DW$T$18
    1736              $C$DW$T$18      .dwtag  DW_TAG_base_type
    1737                      .dwattr $C$DW$T$18, DW_AT_encoding(DW_ATE_float)
    1738                      .dwattr $C$DW$T$18, DW_AT_name("long double")
    1739                      .dwattr $C$DW$T$18, DW_AT_byte_size(0x04)
    1740              
    1741                      .dwendtag $C$DW$TU$18
    1742              
    1743              
    1744              $C$DW$TU$55     .dwtag  DW_TAG_type_unit
    1745                      .dwmtype  $C$DW$T$55
    1746              $C$DW$T$55      .dwtag  DW_TAG_base_type
    1747                      .dwattr $C$DW$T$55, DW_AT_encoding(DW_ATE_unsigned_char)
    1748                      .dwattr $C$DW$T$55, DW_AT_name("unsigned char")
    1749                      .dwattr $C$DW$T$55, DW_AT_byte_size(0x01)
    1750              
    1751                      .dwendtag $C$DW$TU$55
    1752              

No Assembly Errors, No Assembly Warnings
