TMS320C2000 Assembler Unix v25.11.0 Sat May 30 20:22:51 2026

Copyright (c) 1996-2018 Texas Instruments Incorporated
main.asm                                                             PAGE    1

       1              ;***************************************************************
       2              ;* TMS320C2000 G3 C/C++ Codegen                         Unix v25.11.0.LTS *
       3              ;* Date/Time created: Sat May 30 20:22:51 2026                 *
       4              ;***************************************************************
       5                      .compiler_opts --abi=eabi --cla_support=cla1 --diag_wrap=off --float_support=fpu32 --hll_source=on --
       6                      .asg    XAR2, FP
       7              
       8              $C$DW$CU        .dwtag  DW_TAG_compile_unit
       9                      .dwattr $C$DW$CU, DW_AT_name("../imported/app/main.c")
      10                      .dwattr $C$DW$CU, DW_AT_producer("TI TMS320C2000 G3 C/C++ Codegen Unix v25.11.0.LTS Copyright (c) 199
      11                      .dwattr $C$DW$CU, DW_AT_TI_version(0x01)
      12                      .dwattr $C$DW$CU, DW_AT_comp_dir("/home/jose/workspace_ccstheia/foc_f28379d/Debug_BOOSTXL_Teknic_QEP"
      13              
      14              $C$DW$1 .dwtag  DW_TAG_subprogram
      15                      .dwattr $C$DW$1, DW_AT_name("hal_board_init")
      16                      .dwattr $C$DW$1, DW_AT_linkage_name("hal_board_init")
      17                      .dwattr $C$DW$1, DW_AT_declaration
      18                      .dwattr $C$DW$1, DW_AT_external
      19                      .dwattr $C$DW$1, DW_AT_decl_file("/home/jose/workspace_ccstheia/foc_f28379d/imported/hal/hal_board.h"
      20                      .dwattr $C$DW$1, DW_AT_decl_line(0x05)
      21                      .dwattr $C$DW$1, DW_AT_decl_column(0x06)
      22                      .dwendtag $C$DW$1
      23              
      24              
      25              $C$DW$2 .dwtag  DW_TAG_subprogram
      26                      .dwattr $C$DW$2, DW_AT_name("hal_pwm_init")
      27                      .dwattr $C$DW$2, DW_AT_linkage_name("hal_pwm_init")
      28                      .dwattr $C$DW$2, DW_AT_declaration
      29                      .dwattr $C$DW$2, DW_AT_external
      30                      .dwattr $C$DW$2, DW_AT_decl_file("/home/jose/workspace_ccstheia/foc_f28379d/imported/hal/hal_pwm.h")
      31                      .dwattr $C$DW$2, DW_AT_decl_line(0x0a)
      32                      .dwattr $C$DW$2, DW_AT_decl_column(0x06)
      33                      .dwendtag $C$DW$2
      34              
      35              
      36              $C$DW$3 .dwtag  DW_TAG_subprogram
      37                      .dwattr $C$DW$3, DW_AT_name("hal_adc_init")
      38                      .dwattr $C$DW$3, DW_AT_linkage_name("hal_adc_init")
      39                      .dwattr $C$DW$3, DW_AT_declaration
      40                      .dwattr $C$DW$3, DW_AT_external
      41                      .dwattr $C$DW$3, DW_AT_decl_file("/home/jose/workspace_ccstheia/foc_f28379d/imported/hal/hal_adc.h")
      42                      .dwattr $C$DW$3, DW_AT_decl_line(0x07)
      43                      .dwattr $C$DW$3, DW_AT_decl_column(0x06)
      44                      .dwendtag $C$DW$3
      45              
      46              
      47              $C$DW$4 .dwtag  DW_TAG_subprogram
      48                      .dwattr $C$DW$4, DW_AT_name("hal_qep_init")
      49                      .dwattr $C$DW$4, DW_AT_linkage_name("hal_qep_init")
      50                      .dwattr $C$DW$4, DW_AT_declaration
      51                      .dwattr $C$DW$4, DW_AT_external
      52                      .dwattr $C$DW$4, DW_AT_decl_file("/home/jose/workspace_ccstheia/foc_f28379d/imported/hal/hal_qep.h")
      53                      .dwattr $C$DW$4, DW_AT_decl_line(0x07)
      54                      .dwattr $C$DW$4, DW_AT_decl_column(0x0a)
      55                      .dwendtag $C$DW$4
TMS320C2000 Assembler Unix v25.11.0 Sat May 30 20:22:51 2026

Copyright (c) 1996-2018 Texas Instruments Incorporated
main.asm                                                             PAGE    2

      56              
      57              
      58              $C$DW$5 .dwtag  DW_TAG_subprogram
      59                      .dwattr $C$DW$5, DW_AT_name("drv8305_init")
      60                      .dwattr $C$DW$5, DW_AT_linkage_name("drv8305_init")
      61                      .dwattr $C$DW$5, DW_AT_declaration
      62                      .dwattr $C$DW$5, DW_AT_external
      63                      .dwattr $C$DW$5, DW_AT_decl_file("/home/jose/workspace_ccstheia/foc_f28379d/imported/hal/drv8305.h")
      64                      .dwattr $C$DW$5, DW_AT_decl_line(0x20)
      65                      .dwattr $C$DW$5, DW_AT_decl_column(0x0a)
      66                      .dwendtag $C$DW$5
      67              
      68              
      69              $C$DW$6 .dwtag  DW_TAG_subprogram
      70                      .dwattr $C$DW$6, DW_AT_name("motor_ctl_init")
      71                      .dwattr $C$DW$6, DW_AT_linkage_name("motor_ctl_init")
      72                      .dwattr $C$DW$6, DW_AT_declaration
      73                      .dwattr $C$DW$6, DW_AT_external
      74                      .dwattr $C$DW$6, DW_AT_decl_file("/home/jose/workspace_ccstheia/foc_f28379d/imported/app/motor_contro
      75                      .dwattr $C$DW$6, DW_AT_decl_line(0x1a)
      76                      .dwattr $C$DW$6, DW_AT_decl_column(0x06)
      77              $C$DW$7 .dwtag  DW_TAG_formal_parameter
      78                      .dwattr $C$DW$7, DW_AT_type(*$C$DW$T$101)
      79              
      80                      .dwendtag $C$DW$6
      81              
      82              
      83              $C$DW$8 .dwtag  DW_TAG_subprogram
      84                      .dwattr $C$DW$8, DW_AT_name("motor_ctl_set_speed_ref_pu")
      85                      .dwattr $C$DW$8, DW_AT_linkage_name("motor_ctl_set_speed_ref_pu")
      86                      .dwattr $C$DW$8, DW_AT_declaration
      87                      .dwattr $C$DW$8, DW_AT_external
      88                      .dwattr $C$DW$8, DW_AT_decl_file("/home/jose/workspace_ccstheia/foc_f28379d/imported/app/motor_contro
      89                      .dwattr $C$DW$8, DW_AT_decl_line(0x22)
      90                      .dwattr $C$DW$8, DW_AT_decl_column(0x06)
      91              $C$DW$9 .dwtag  DW_TAG_formal_parameter
      92                      .dwattr $C$DW$9, DW_AT_type(*$C$DW$T$101)
      93              
      94              $C$DW$10        .dwtag  DW_TAG_formal_parameter
      95                      .dwattr $C$DW$10, DW_AT_type(*$C$DW$T$16)
      96              
      97                      .dwendtag $C$DW$8
      98              
      99              
     100              $C$DW$11        .dwtag  DW_TAG_subprogram
     101                      .dwattr $C$DW$11, DW_AT_name("motor_ctl_request_run")
     102                      .dwattr $C$DW$11, DW_AT_linkage_name("motor_ctl_request_run")
     103                      .dwattr $C$DW$11, DW_AT_declaration
     104                      .dwattr $C$DW$11, DW_AT_external
     105                      .dwattr $C$DW$11, DW_AT_decl_file("/home/jose/workspace_ccstheia/foc_f28379d/imported/app/motor_contr
     106                      .dwattr $C$DW$11, DW_AT_decl_line(0x20)
     107                      .dwattr $C$DW$11, DW_AT_decl_column(0x06)
     108              $C$DW$12        .dwtag  DW_TAG_formal_parameter
     109                      .dwattr $C$DW$12, DW_AT_type(*$C$DW$T$101)
     110              
TMS320C2000 Assembler Unix v25.11.0 Sat May 30 20:22:51 2026

Copyright (c) 1996-2018 Texas Instruments Incorporated
main.asm                                                             PAGE    3

     111                      .dwendtag $C$DW$11
     112              
     113              
     114              $C$DW$13        .dwtag  DW_TAG_subprogram
     115                      .dwattr $C$DW$13, DW_AT_name("motor_ctl_step")
     116                      .dwattr $C$DW$13, DW_AT_linkage_name("motor_ctl_step")
     117                      .dwattr $C$DW$13, DW_AT_declaration
     118                      .dwattr $C$DW$13, DW_AT_external
     119                      .dwattr $C$DW$13, DW_AT_decl_file("/home/jose/workspace_ccstheia/foc_f28379d/imported/app/motor_contr
     120                      .dwattr $C$DW$13, DW_AT_decl_line(0x1d)
     121                      .dwattr $C$DW$13, DW_AT_decl_column(0x06)
     122              $C$DW$14        .dwtag  DW_TAG_formal_parameter
     123                      .dwattr $C$DW$14, DW_AT_type(*$C$DW$T$101)
     124              
     125                      .dwendtag $C$DW$13
     126              
     127              
     128              $C$DW$15        .dwtag  DW_TAG_subprogram
     129                      .dwattr $C$DW$15, DW_AT_name("hal_adc_clear_eoc_flag")
     130                      .dwattr $C$DW$15, DW_AT_linkage_name("hal_adc_clear_eoc_flag")
     131                      .dwattr $C$DW$15, DW_AT_declaration
     132                      .dwattr $C$DW$15, DW_AT_external
     133                      .dwattr $C$DW$15, DW_AT_decl_file("/home/jose/workspace_ccstheia/foc_f28379d/imported/hal/hal_adc.h")
     134                      .dwattr $C$DW$15, DW_AT_decl_line(0x1b)
     135                      .dwattr $C$DW$15, DW_AT_decl_column(0x06)
     136                      .dwendtag $C$DW$15
     137              
     138              $C$DW$16        .dwtag  DW_TAG_variable
     139                      .dwattr $C$DW$16, DW_AT_name("PieCtrlRegs")
     140                      .dwattr $C$DW$16, DW_AT_linkage_name("PieCtrlRegs")
     141                      .dwattr $C$DW$16, DW_AT_type(*$C$DW$T$104)
     142                      .dwattr $C$DW$16, DW_AT_declaration
     143                      .dwattr $C$DW$16, DW_AT_external
     144                      .dwattr $C$DW$16, DW_AT_decl_file("/home/jose/ti/c2000/C2000Ware_26_01_00_00/device_support/f2837xd/h
     145                      .dwattr $C$DW$16, DW_AT_decl_line(0x2b6)
     146                      .dwattr $C$DW$16, DW_AT_decl_column(0x26)
     147              
     148 00000000               .bss    ||g_motor||,114,0,1
     149              $C$DW$17        .dwtag  DW_TAG_variable
     150                      .dwattr $C$DW$17, DW_AT_name("g_motor")
     151                      .dwattr $C$DW$17, DW_AT_linkage_name("g_motor")
     152                      .dwattr $C$DW$17, DW_AT_type(*$C$DW$T$100)
     153                      .dwattr $C$DW$17, DW_AT_location[DW_OP_addr ||g_motor||]
     154                      .dwattr $C$DW$17, DW_AT_decl_file("../imported/app/main.c")
     155                      .dwattr $C$DW$17, DW_AT_decl_line(0x0a)
     156                      .dwattr $C$DW$17, DW_AT_decl_column(0x14)
     157              
     158              $C$DW$18        .dwtag  DW_TAG_variable
     159                      .dwattr $C$DW$18, DW_AT_name("PieVectTable")
     160                      .dwattr $C$DW$18, DW_AT_linkage_name("PieVectTable")
     161                      .dwattr $C$DW$18, DW_AT_type(*$C$DW$T$106)
     162                      .dwattr $C$DW$18, DW_AT_declaration
     163                      .dwattr $C$DW$18, DW_AT_external
     164                      .dwattr $C$DW$18, DW_AT_decl_file("/home/jose/ti/c2000/C2000Ware_26_01_00_00/device_support/f2837xd/h
     165                      .dwattr $C$DW$18, DW_AT_decl_line(0x128)
TMS320C2000 Assembler Unix v25.11.0 Sat May 30 20:22:51 2026

Copyright (c) 1996-2018 Texas Instruments Incorporated
main.asm                                                             PAGE    4

     166                      .dwattr $C$DW$18, DW_AT_decl_column(0x27)
     167              
     168                      .sblock ".bss"
     169              ;       /home/jose/ti/ccs2051/ccs/tools/compiler/ti-cgt-c2000_25.11.0.LTS/bin/opt2000 /tmp/TI6WKo6QjQz /tmp/T
     170              ;       /home/jose/ti/ccs2051/ccs/tools/compiler/ti-cgt-c2000_25.11.0.LTS/bin/acia2000 -@/tmp/TI6WKn6mgMJ 
     171 00000000               .sect   ".text:main"
     172                      .clink
     173                      .global ||main||
     174              
     175              $C$DW$19        .dwtag  DW_TAG_subprogram
     176                      .dwattr $C$DW$19, DW_AT_name("main")
     177                      .dwattr $C$DW$19, DW_AT_low_pc(||main||)
     178                      .dwattr $C$DW$19, DW_AT_high_pc(0x00)
     179                      .dwattr $C$DW$19, DW_AT_linkage_name("main")
     180                      .dwattr $C$DW$19, DW_AT_external
     181                      .dwattr $C$DW$19, DW_AT_type(*$C$DW$T$10)
     182                      .dwattr $C$DW$19, DW_AT_decl_file("../imported/app/main.c")
     183                      .dwattr $C$DW$19, DW_AT_decl_line(0x0e)
     184                      .dwattr $C$DW$19, DW_AT_decl_column(0x05)
     185                      .dwattr $C$DW$19, DW_AT_TI_max_frame_size(-4)
     186                      .dwpsn  file "../imported/app/main.c",line 15,column 1,is_stmt,address ||main||,isa 0
     187              
     188                      .dwfde $C$DW$CIE, ||main||
     189              
     190              ;***************************************************************
     191              ;* FNAME: main                          FR SIZE:   2           *
     192              ;*                                                             *
     193              ;* FUNCTION ENVIRONMENT                                        *
     194              ;*                                                             *
     195              ;* FUNCTION PROPERTIES                                         *
     196              ;*                            0 Parameter,  0 Auto,  2 SOE     *
     197              ;***************************************************************
     198              
     199 00000000       ||main||:
     200              ;* AR1   assigned to $O$C1
     201                      .dwcfi  cfa_offset, -2
     202                      .dwcfi  save_reg_to_mem, 26, 0
     203 00000000 B2BD          MOVL      *SP++,XAR1            ; [CPU_ALU] 
     204                      .dwcfi  save_reg_to_mem, 7, 2
     205                      .dwcfi  cfa_offset, -4
     206                      .dwpsn  file "../imported/app/main.c",line 16,column 5,is_stmt,isa 0
     207              $C$DW$20        .dwtag  DW_TAG_TI_branch
     208                      .dwattr $C$DW$20, DW_AT_low_pc(0x00)
     209                      .dwattr $C$DW$20, DW_AT_name("hal_board_init")
     210                      .dwattr $C$DW$20, DW_AT_TI_call
     211              
     212 00000001 7640!         LCR       #||hal_board_init||   ; [CPU_ALU] |16| 
         00000002 0000 
     213                      ; call occurs [#||hal_board_init||] ; [] |16| 
     214                      .dwpsn  file "../imported/app/main.c",line 17,column 5,is_stmt,isa 0
     215              $C$DW$21        .dwtag  DW_TAG_TI_branch
     216                      .dwattr $C$DW$21, DW_AT_low_pc(0x00)
     217                      .dwattr $C$DW$21, DW_AT_name("hal_pwm_init")
     218                      .dwattr $C$DW$21, DW_AT_TI_call
     219              
TMS320C2000 Assembler Unix v25.11.0 Sat May 30 20:22:51 2026

Copyright (c) 1996-2018 Texas Instruments Incorporated
main.asm                                                             PAGE    5

     220 00000003 7640!         LCR       #||hal_pwm_init||     ; [CPU_ALU] |17| 
         00000004 0000 
     221                      ; call occurs [#||hal_pwm_init||] ; [] |17| 
     222                      .dwpsn  file "../imported/app/main.c",line 18,column 5,is_stmt,isa 0
     223              $C$DW$22        .dwtag  DW_TAG_TI_branch
     224                      .dwattr $C$DW$22, DW_AT_low_pc(0x00)
     225                      .dwattr $C$DW$22, DW_AT_name("hal_adc_init")
     226                      .dwattr $C$DW$22, DW_AT_TI_call
     227              
     228 00000005 7640!         LCR       #||hal_adc_init||     ; [CPU_ALU] |18| 
         00000006 0000 
     229                      ; call occurs [#||hal_adc_init||] ; [] |18| 
     230                      .dwpsn  file "../imported/app/main.c",line 19,column 5,is_stmt,isa 0
     231              $C$DW$23        .dwtag  DW_TAG_TI_branch
     232                      .dwattr $C$DW$23, DW_AT_low_pc(0x00)
     233                      .dwattr $C$DW$23, DW_AT_name("hal_qep_init")
     234                      .dwattr $C$DW$23, DW_AT_TI_call
     235              
     236 00000007 7640!         LCR       #||hal_qep_init||     ; [CPU_ALU] |19| 
         00000008 0000 
     237                      ; call occurs [#||hal_qep_init||] ; [] |19| 
     238                      .dwpsn  file "../imported/app/main.c",line 20,column 5,is_stmt,isa 0
     239              $C$DW$24        .dwtag  DW_TAG_TI_branch
     240                      .dwattr $C$DW$24, DW_AT_low_pc(0x00)
     241                      .dwattr $C$DW$24, DW_AT_name("drv8305_init")
     242                      .dwattr $C$DW$24, DW_AT_TI_call
     243              
     244 00000009 7640!         LCR       #||drv8305_init||     ; [CPU_ALU] |20| 
         0000000a 0000 
     245                      ; call occurs [#||drv8305_init||] ; [] |20| 
     246                      .dwpsn  file "../imported/app/main.c",line 22,column 5,is_stmt,isa 0
     247 0000000b 8D40!         MOVL      XAR1,#||g_motor||     ; [CPU_ARAU] |22| 
         0000000c 0000 
     248 0000000d 8AA1          MOVL      XAR4,XAR1             ; [CPU_ALU] |22| 
     249              $C$DW$25        .dwtag  DW_TAG_TI_branch
     250                      .dwattr $C$DW$25, DW_AT_low_pc(0x00)
     251                      .dwattr $C$DW$25, DW_AT_name("motor_ctl_init")
     252                      .dwattr $C$DW$25, DW_AT_TI_call
     253              
     254 0000000e 7640!         LCR       #||motor_ctl_init||   ; [CPU_ALU] |22| 
         0000000f 0000 
     255                      ; call occurs [#||motor_ctl_init||] ; [] |22| 
     256 00000010 7622   EALLOW
     257 00000011 761F!         MOVW      DP,#||PieVectTable||+66 ; [CPU_ARAU] 
         00000012 0001 
     258                      .dwpsn  file "../imported/app/main.c",line 25,column 5,is_stmt,isa 0
     259 00000013 8F00!         MOVL      XAR4,#||foc_isr||     ; [CPU_ARAU] |25| 
         00000014 0000 
     260 00000015 A802!         MOVL      @$BLOCKED(||PieVectTable||)+66,XAR4 ; [CPU_ALU] |25| 
     261 00000016 761A   EDIS
     262 00000017 761F!         MOVW      DP,#||PieCtrlRegs||+2 ; [CPU_ARAU] 
         00000018 0000 
     263                      .dwpsn  file "../imported/app/main.c",line 27,column 5,is_stmt,isa 0
     264 00000019 1A02!         OR        @$BLOCKED(||PieCtrlRegs||)+2,#0x0002 ; [CPU_ALU] |27| 
         0000001a 0002 
TMS320C2000 Assembler Unix v25.11.0 Sat May 30 20:22:51 2026

Copyright (c) 1996-2018 Texas Instruments Incorporated
main.asm                                                             PAGE    6

     265                      .dwpsn  file "../imported/app/main.c",line 28,column 5,is_stmt,isa 0
     266 0000001b 7623          OR        IER,#0x0001           ; [CPU_ALU] |28| 
         0000001c 0001 
     267 0000001d 2910   clrc INTM
     268 0000001e 2920   clrc DBGM
     269                      .dwpsn  file "../imported/app/main.c",line 32,column 5,is_stmt,isa 0
     270 0000001f E801          MOVIZ     R0H,#16128            ; [CPU_FPU] |32| 
         00000020 F800 
     271 00000021 FF69          SPM       #0                    ; [CPU_ALU] 
     272 00000022 8AA1          MOVL      XAR4,XAR1             ; [CPU_ALU] |32| 
     273              $C$DW$26        .dwtag  DW_TAG_TI_branch
     274                      .dwattr $C$DW$26, DW_AT_low_pc(0x00)
     275                      .dwattr $C$DW$26, DW_AT_name("motor_ctl_set_speed_ref_pu")
     276                      .dwattr $C$DW$26, DW_AT_TI_call
     277              
     278 00000023 7640!         LCR       #||motor_ctl_set_speed_ref_pu|| ; [CPU_ALU] |32| 
         00000024 0000 
     279                      ; call occurs [#||motor_ctl_set_speed_ref_pu||] ; [] |32| 
     280                      .dwpsn  file "../imported/app/main.c",line 33,column 5,is_stmt,isa 0
     281 00000025 8AA1          MOVL      XAR4,XAR1             ; [CPU_ALU] |33| 
     282              $C$DW$27        .dwtag  DW_TAG_TI_branch
     283                      .dwattr $C$DW$27, DW_AT_low_pc(0x00)
     284                      .dwattr $C$DW$27, DW_AT_name("motor_ctl_request_run")
     285                      .dwattr $C$DW$27, DW_AT_TI_call
     286              
     287 00000026 7640!         LCR       #||motor_ctl_request_run|| ; [CPU_ALU] |33| 
         00000027 0000 
     288                      ; call occurs [#||motor_ctl_request_run||] ; [] |33| 
     289 00000028       ||$C$L1||:    
     290 00000028 7621    IDLE
     291                      .dwpsn  file "../imported/app/main.c",line 38,column 5,is_stmt,isa 0
     292 00000029 6FFF          B         ||$C$L1||,UNC         ; [CPU_ALU] |38| 
     293                      ; branch occurs ; [] |38| 
     294                      .dwattr $C$DW$19, DW_AT_TI_end_file("../imported/app/main.c")
     295                      .dwattr $C$DW$19, DW_AT_TI_end_line(0x27)
     296                      .dwattr $C$DW$19, DW_AT_TI_end_column(0x01)
     297                      .dwendentry
     298                      .dwendtag $C$DW$19
     299              
     300 00000000               .sect   ".text:foc_isr"
     301                      .retain
     302                      .retainrefs
     303                      .global ||foc_isr||
     304              
     305              $C$DW$28        .dwtag  DW_TAG_subprogram
     306                      .dwattr $C$DW$28, DW_AT_name("foc_isr")
     307                      .dwattr $C$DW$28, DW_AT_low_pc(||foc_isr||)
     308                      .dwattr $C$DW$28, DW_AT_high_pc(0x00)
     309                      .dwattr $C$DW$28, DW_AT_linkage_name("foc_isr")
     310                      .dwattr $C$DW$28, DW_AT_external
     311                      .dwattr $C$DW$28, DW_AT_decl_file("../imported/app/main.c")
     312                      .dwattr $C$DW$28, DW_AT_decl_line(0x29)
     313                      .dwattr $C$DW$28, DW_AT_decl_column(0x10)
     314                      .dwattr $C$DW$28, DW_AT_TI_interrupt
     315                      .dwattr $C$DW$28, DW_AT_TI_max_frame_size(-26)
TMS320C2000 Assembler Unix v25.11.0 Sat May 30 20:22:51 2026

Copyright (c) 1996-2018 Texas Instruments Incorporated
main.asm                                                             PAGE    7

     316                      .dwpsn  file "../imported/app/main.c",line 42,column 1,is_stmt,address ||foc_isr||,isa 0
     317              
     318                      .dwfde $C$DW$CIE, ||foc_isr||
     319              
     320              ;***************************************************************
     321              ;* FNAME: foc_isr                       FR SIZE:  24           *
     322              ;*                                                             *
     323              ;* FUNCTION ENVIRONMENT                                        *
     324              ;*                                                             *
     325              ;* FUNCTION PROPERTIES                                         *
     326              ;*                            0 Parameter,  0 Auto, 24 SOE     *
     327              ;***************************************************************
     328              
     329 00000000       ||foc_isr||:
     330                      .dwcfi  cfa_offset, -2
     331                      .dwcfi  save_reg_to_mem, 26, 0
     332 00000000 761B          ASP       ; [CPU_ALU] 
     333 00000001 FFF0          PUSH      RB                    ; [CPU_FPU] 
     334                      .dwcfi  save_reg_to_mem, 74, 4
     335                      .dwcfi  cfa_offset, -4
     336 00000002 0005          PUSH      AR1H:AR0H             ; [CPU_ALU] 
     337                      .dwcfi  save_reg_to_mem, 5, 4
     338                      .dwcfi  save_reg_to_mem, 7, 5
     339                      .dwcfi  cfa_offset, -6
     340 00000003 ABBD          MOVL      *SP++,XT              ; [CPU_ALU] 
     341                      .dwcfi  save_reg_to_mem, 21, 6
     342                      .dwcfi  save_reg_to_mem, 22, 7
     343                      .dwcfi  cfa_offset, -8
     344 00000004 A8BD          MOVL      *SP++,XAR4            ; [CPU_ALU] 
     345                      .dwcfi  save_reg_to_mem, 12, 8
     346                      .dwcfi  save_reg_to_mem, 13, 9
     347                      .dwcfi  cfa_offset, -10
     348 00000005 A0BD          MOVL      *SP++,XAR5            ; [CPU_ALU] 
     349                      .dwcfi  save_reg_to_mem, 14, 10
     350                      .dwcfi  save_reg_to_mem, 15, 11
     351                      .dwcfi  cfa_offset, -12
     352 00000006 C2BD          MOVL      *SP++,XAR6            ; [CPU_ALU] 
     353                      .dwcfi  save_reg_to_mem, 16, 12
     354                      .dwcfi  save_reg_to_mem, 17, 13
     355                      .dwcfi  cfa_offset, -14
     356 00000007 C3BD          MOVL      *SP++,XAR7            ; [CPU_ALU] 
     357                      .dwcfi  save_reg_to_mem, 18, 14
     358                      .dwcfi  save_reg_to_mem, 19, 15
     359                      .dwcfi  cfa_offset, -16
     360 00000008 E200          MOV32     *SP++,STF             ; [CPU_FPU] 
         00000009 00BD 
     361                      .dwcfi  save_reg_to_mem, 40, 18
     362                      .dwcfi  cfa_offset, -18
     363 0000000a E203          MOV32     *SP++,R0H             ; [CPU_FPU] 
         0000000b 00BD 
     364                      .dwcfi  save_reg_to_mem, 43, 20
     365                      .dwcfi  cfa_offset, -20
     366 0000000c E203          MOV32     *SP++,R1H             ; [CPU_FPU] 
         0000000d 01BD 
     367                      .dwcfi  save_reg_to_mem, 47, 22
TMS320C2000 Assembler Unix v25.11.0 Sat May 30 20:22:51 2026

Copyright (c) 1996-2018 Texas Instruments Incorporated
main.asm                                                             PAGE    8

     368                      .dwcfi  cfa_offset, -22
     369 0000000e E203          MOV32     *SP++,R2H             ; [CPU_FPU] 
         0000000f 02BD 
     370                      .dwcfi  save_reg_to_mem, 51, 24
     371                      .dwcfi  cfa_offset, -24
     372 00000010 E203          MOV32     *SP++,R3H             ; [CPU_FPU] 
         00000011 03BD 
     373                      .dwcfi  save_reg_to_mem, 55, 26
     374                      .dwcfi  cfa_offset, -26
     375 00000012 E630          SETFLG    RNDF32=1, RNDF64=1    ; [CPU_FPU] 
         00000013 0600 
     376 00000014 FF69          SPM       0                     ; [CPU_ALU] 
     377 00000015 2942          CLRC      PAGE0,OVM             ; [CPU_ALU] 
     378 00000016 5616          CLRC      AMODE                 ; [CPU_ALU] 
     379                      .dwpsn  file "../imported/app/main.c",line 43,column 5,is_stmt,isa 0
     380 00000017 8F00!         MOVL      XAR4,#||g_motor||     ; [CPU_ARAU] |43| 
         00000018 0000 
     381              $C$DW$29        .dwtag  DW_TAG_TI_branch
     382                      .dwattr $C$DW$29, DW_AT_low_pc(0x00)
     383                      .dwattr $C$DW$29, DW_AT_name("motor_ctl_step")
     384                      .dwattr $C$DW$29, DW_AT_TI_call
     385              
     386 00000019 7640!         LCR       #||motor_ctl_step||   ; [CPU_ALU] |43| 
         0000001a 0000 
     387                      ; call occurs [#||motor_ctl_step||] ; [] |43| 
     388                      .dwpsn  file "../imported/app/main.c",line 44,column 5,is_stmt,isa 0
     389              $C$DW$30        .dwtag  DW_TAG_TI_branch
     390                      .dwattr $C$DW$30, DW_AT_low_pc(0x00)
     391                      .dwattr $C$DW$30, DW_AT_name("hal_adc_clear_eoc_flag")
     392                      .dwattr $C$DW$30, DW_AT_TI_call
     393              
     394 0000001b 7640!         LCR       #||hal_adc_clear_eoc_flag|| ; [CPU_ALU] |44| 
         0000001c 0000 
     395                      ; call occurs [#||hal_adc_clear_eoc_flag||] ; [] |44| 
     396 0000001d E2AF          MOV32     R3H,*--SP             ; [CPU_FPU] 
         0000001e 03BE 
     397                      .dwcfi  cfa_offset, -24
     398                      .dwcfi  restore_reg, 55
     399 0000001f E2AF          MOV32     R2H,*--SP             ; [CPU_FPU] 
         00000020 02BE 
     400                      .dwcfi  cfa_offset, -22
     401                      .dwcfi  restore_reg, 51
     402 00000021 E2AF          MOV32     R1H,*--SP             ; [CPU_FPU] 
         00000022 01BE 
     403                      .dwcfi  cfa_offset, -20
     404                      .dwcfi  restore_reg, 47
     405 00000023 E2AF          MOV32     R0H,*--SP             ; [CPU_FPU] 
         00000024 00BE 
     406                      .dwcfi  cfa_offset, -18
     407                      .dwcfi  restore_reg, 43
     408 00000025 E280          MOV32     STF,*--SP             ; [CPU_FPU] 
         00000026 00BE 
     409                      .dwcfi  cfa_offset, -16
     410                      .dwcfi  restore_reg, 40
     411 00000027 C5BE          MOVL      XAR7,*--SP            ; [CPU_ALU] 
TMS320C2000 Assembler Unix v25.11.0 Sat May 30 20:22:51 2026

Copyright (c) 1996-2018 Texas Instruments Incorporated
main.asm                                                             PAGE    9

     412                      .dwcfi  cfa_offset, -14
     413                      .dwcfi  restore_reg, 18
     414 00000028 C4BE          MOVL      XAR6,*--SP            ; [CPU_ALU] 
     415                      .dwcfi  cfa_offset, -12
     416                      .dwcfi  restore_reg, 16
     417 00000029 83BE          MOVL      XAR5,*--SP            ; [CPU_ALU] 
     418                      .dwcfi  cfa_offset, -10
     419                      .dwcfi  restore_reg, 14
     420 0000002a 8ABE          MOVL      XAR4,*--SP            ; [CPU_ALU] 
     421                      .dwcfi  cfa_offset, -8
     422                      .dwcfi  restore_reg, 12
     423 0000002b 87BE          MOVL      XT,*--SP              ; [CPU_ALU] 
     424                      .dwcfi  cfa_offset, -6
     425                      .dwcfi  restore_reg, 22
     426                      .dwcfi  restore_reg, 21
     427 0000002c 0003          POP       AR1H:AR0H             ; [CPU_ALU] 
     428                      .dwcfi  cfa_offset, -4
     429                      .dwcfi  restore_reg, 5
     430                      .dwcfi  restore_reg, 7
     431 0000002d 3B30          SETC      INTM, DBGM            ; [CPU_ALU] 
     432 0000002e FFF1          POP       RB                    ; [CPU_FPU] 
     433                      .dwcfi  cfa_offset, -2
     434                      .dwcfi  restore_reg, 74
     435 0000002f 7617          NASP      ; [CPU_ALU] 
     436              $C$DW$31        .dwtag  DW_TAG_TI_branch
     437                      .dwattr $C$DW$31, DW_AT_low_pc(0x00)
     438                      .dwattr $C$DW$31, DW_AT_TI_return
     439              
     440 00000030 7602          IRET      ; [CPU_ALU] 
     441                      ; return occurs ; [] 
     442                      .dwattr $C$DW$28, DW_AT_TI_end_file("../imported/app/main.c")
     443                      .dwattr $C$DW$28, DW_AT_TI_end_line(0x2d)
     444                      .dwattr $C$DW$28, DW_AT_TI_end_column(0x01)
     445                      .dwendentry
     446                      .dwendtag $C$DW$28
     447              
     448              ;**************************************************************
     449              ;* UNDEFINED EXTERNAL REFERENCES                              *
     450              ;**************************************************************
     451                      .global ||hal_board_init||
     452                      .global ||hal_pwm_init||
     453                      .global ||hal_adc_init||
     454                      .global ||hal_qep_init||
     455                      .global ||drv8305_init||
     456                      .global ||motor_ctl_init||
     457                      .global ||motor_ctl_set_speed_ref_pu||
     458                      .global ||motor_ctl_request_run||
     459                      .global ||motor_ctl_step||
     460                      .global ||hal_adc_clear_eoc_flag||
     461                      .global ||PieCtrlRegs||
     462                      .global ||PieVectTable||
     463              
     464              ;***************************************************************
     465              ;* BUILD ATTRIBUTES                                            *
     466              ;***************************************************************
TMS320C2000 Assembler Unix v25.11.0 Sat May 30 20:22:51 2026

Copyright (c) 1996-2018 Texas Instruments Incorporated
main.asm                                                             PAGE   10

     467                      .battr "c28xabi", Tag_File, 1, Tag_float_args(1)
     468                      .battr "c28xabi", Tag_File, 1, Tag_double_args(0)
     469                      .dwattr $C$DW$CU, DW_AT_language(DW_LANG_C)
     470              
     471              ;***************************************************************
     472              ;* DWARF CIE ENTRIES                                           *
     473              ;***************************************************************
     474              
     475              $C$DW$CIE       .dwcie 26
     476                      .dwcfi  cfa_register, 20
     477                      .dwcfi  cfa_offset, 0
     478                      .dwcfi  same_value, 28
     479                      .dwcfi  same_value, 6
     480                      .dwcfi  same_value, 7
     481                      .dwcfi  same_value, 8
     482                      .dwcfi  same_value, 9
     483                      .dwcfi  same_value, 10
     484                      .dwcfi  same_value, 11
     485                      .dwcfi  same_value, 59
     486                      .dwcfi  same_value, 63
     487                      .dwcfi  same_value, 67
     488                      .dwcfi  same_value, 71
     489                      .dwendentry
     490                      .dwendtag $C$DW$CU
     491              
     492              
     493              ;***************************************************************
     494              ;* TYPE INFORMATION                                            *
     495              ;***************************************************************
     496              
     497              $C$DW$TU$35     .dwtag  DW_TAG_type_unit
     498                      .dwmtype  $C$DW$T$35
     499              
     500              $C$DW$T$35      .dwtag  DW_TAG_enumeration_type
     501                      .dwattr $C$DW$T$35, DW_AT_byte_size(0x01)
     502              $C$DW$32        .dwtag  DW_TAG_enumerator
     503                      .dwattr $C$DW$32, DW_AT_name("MOTOR_STATE_IDLE")
     504                      .dwattr $C$DW$32, DW_AT_const_value(0x00)
     505                      .dwattr $C$DW$32, DW_AT_decl_file("/home/jose/workspace_ccstheia/foc_f28379d/imported/foc/pmsm_types.
     506                      .dwattr $C$DW$32, DW_AT_decl_line(0x0c)
     507                      .dwattr $C$DW$32, DW_AT_decl_column(0x05)
     508              
     509              $C$DW$33        .dwtag  DW_TAG_enumerator
     510                      .dwattr $C$DW$33, DW_AT_name("MOTOR_STATE_CALIBRATING_ADC")
     511                      .dwattr $C$DW$33, DW_AT_const_value(0x01)
     512                      .dwattr $C$DW$33, DW_AT_decl_file("/home/jose/workspace_ccstheia/foc_f28379d/imported/foc/pmsm_types.
     513                      .dwattr $C$DW$33, DW_AT_decl_line(0x0d)
     514                      .dwattr $C$DW$33, DW_AT_decl_column(0x05)
     515              
     516              $C$DW$34        .dwtag  DW_TAG_enumerator
     517                      .dwattr $C$DW$34, DW_AT_name("MOTOR_STATE_ALIGN")
     518                      .dwattr $C$DW$34, DW_AT_const_value(0x02)
     519                      .dwattr $C$DW$34, DW_AT_decl_file("/home/jose/workspace_ccstheia/foc_f28379d/imported/foc/pmsm_types.
     520                      .dwattr $C$DW$34, DW_AT_decl_line(0x0e)
     521                      .dwattr $C$DW$34, DW_AT_decl_column(0x05)
TMS320C2000 Assembler Unix v25.11.0 Sat May 30 20:22:51 2026

Copyright (c) 1996-2018 Texas Instruments Incorporated
main.asm                                                             PAGE   11

     522              
     523              $C$DW$35        .dwtag  DW_TAG_enumerator
     524                      .dwattr $C$DW$35, DW_AT_name("MOTOR_STATE_RUN")
     525                      .dwattr $C$DW$35, DW_AT_const_value(0x03)
     526                      .dwattr $C$DW$35, DW_AT_decl_file("/home/jose/workspace_ccstheia/foc_f28379d/imported/foc/pmsm_types.
     527                      .dwattr $C$DW$35, DW_AT_decl_line(0x0f)
     528                      .dwattr $C$DW$35, DW_AT_decl_column(0x05)
     529              
     530              $C$DW$36        .dwtag  DW_TAG_enumerator
     531                      .dwattr $C$DW$36, DW_AT_name("MOTOR_STATE_FAULT")
     532                      .dwattr $C$DW$36, DW_AT_const_value(0x04)
     533                      .dwattr $C$DW$36, DW_AT_decl_file("/home/jose/workspace_ccstheia/foc_f28379d/imported/foc/pmsm_types.
     534                      .dwattr $C$DW$36, DW_AT_decl_line(0x10)
     535                      .dwattr $C$DW$36, DW_AT_decl_column(0x05)
     536              
     537                      .dwattr $C$DW$T$35, DW_AT_decl_file("/home/jose/workspace_ccstheia/foc_f28379d/imported/foc/pmsm_type
     538                      .dwattr $C$DW$T$35, DW_AT_decl_line(0x0b)
     539                      .dwattr $C$DW$T$35, DW_AT_decl_column(0x0e)
     540                      .dwendtag $C$DW$T$35
     541              
     542                      .dwendtag $C$DW$TU$35
     543              
     544              
     545              $C$DW$TU$36     .dwtag  DW_TAG_type_unit
     546                      .dwmtype  $C$DW$T$36
     547              $C$DW$T$36      .dwtag  DW_TAG_typedef
     548                      .dwattr $C$DW$T$36, DW_AT_name("motor_state_t")
     549                      .dwattr $C$DW$T$36, DW_AT_type(*$C$DW$T$35)
     550                      .dwattr $C$DW$T$36, DW_AT_decl_file("/home/jose/workspace_ccstheia/foc_f28379d/imported/foc/pmsm_type
     551                      .dwattr $C$DW$T$36, DW_AT_decl_line(0x11)
     552                      .dwattr $C$DW$T$36, DW_AT_decl_column(0x03)
     553              
     554                      .dwendtag $C$DW$TU$36
     555              
     556              
     557              $C$DW$TU$19     .dwtag  DW_TAG_type_unit
     558                      .dwmtype  $C$DW$T$19
     559              
     560              $C$DW$T$19      .dwtag  DW_TAG_structure_type
     561                      .dwattr $C$DW$T$19, DW_AT_byte_size(0x06)
     562              $C$DW$37        .dwtag  DW_TAG_member
     563                      .dwattr $C$DW$37, DW_AT_type(*$C$DW$T$16)
     564                      .dwattr $C$DW$37, DW_AT_name("a")
     565                      .dwattr $C$DW$37, DW_AT_accessibility(DW_ACCESS_public)
     566                      .dwattr $C$DW$37, DW_AT_decl_file("/home/jose/workspace_ccstheia/foc_f28379d/imported/foc/pmsm_types.
     567                      .dwattr $C$DW$37, DW_AT_decl_line(0x07)
     568                      .dwattr $C$DW$37, DW_AT_decl_column(0x18)
     569              
     570              $C$DW$38        .dwtag  DW_TAG_member
     571                      .dwattr $C$DW$38, DW_AT_type(*$C$DW$T$16)
     572                      .dwattr $C$DW$38, DW_AT_name("b")
     573                      .dwattr $C$DW$38, DW_AT_data_member_location[DW_OP_plus_uconst 0x2]
     574                      .dwattr $C$DW$38, DW_AT_accessibility(DW_ACCESS_public)
     575                      .dwattr $C$DW$38, DW_AT_decl_file("/home/jose/workspace_ccstheia/foc_f28379d/imported/foc/pmsm_types.
     576                      .dwattr $C$DW$38, DW_AT_decl_line(0x07)
TMS320C2000 Assembler Unix v25.11.0 Sat May 30 20:22:51 2026

Copyright (c) 1996-2018 Texas Instruments Incorporated
main.asm                                                             PAGE   12

     577                      .dwattr $C$DW$38, DW_AT_decl_column(0x1b)
     578              
     579              $C$DW$39        .dwtag  DW_TAG_member
     580                      .dwattr $C$DW$39, DW_AT_type(*$C$DW$T$16)
     581                      .dwattr $C$DW$39, DW_AT_name("c")
     582                      .dwattr $C$DW$39, DW_AT_data_member_location[DW_OP_plus_uconst 0x4]
     583                      .dwattr $C$DW$39, DW_AT_accessibility(DW_ACCESS_public)
     584                      .dwattr $C$DW$39, DW_AT_decl_file("/home/jose/workspace_ccstheia/foc_f28379d/imported/foc/pmsm_types.
     585                      .dwattr $C$DW$39, DW_AT_decl_line(0x07)
     586                      .dwattr $C$DW$39, DW_AT_decl_column(0x1e)
     587              
     588                      .dwattr $C$DW$T$19, DW_AT_decl_file("/home/jose/workspace_ccstheia/foc_f28379d/imported/foc/pmsm_type
     589                      .dwattr $C$DW$T$19, DW_AT_decl_line(0x07)
     590                      .dwattr $C$DW$T$19, DW_AT_decl_column(0x10)
     591                      .dwendtag $C$DW$T$19
     592              
     593                      .dwendtag $C$DW$TU$19
     594              
     595              
     596              $C$DW$TU$23     .dwtag  DW_TAG_type_unit
     597                      .dwmtype  $C$DW$T$23
     598              $C$DW$T$23      .dwtag  DW_TAG_typedef
     599                      .dwattr $C$DW$T$23, DW_AT_name("vec_abc_t")
     600                      .dwattr $C$DW$T$23, DW_AT_type(*$C$DW$T$19)
     601                      .dwattr $C$DW$T$23, DW_AT_decl_file("/home/jose/workspace_ccstheia/foc_f28379d/imported/foc/pmsm_type
     602                      .dwattr $C$DW$T$23, DW_AT_decl_line(0x07)
     603                      .dwattr $C$DW$T$23, DW_AT_decl_column(0x23)
     604              
     605                      .dwendtag $C$DW$TU$23
     606              
     607              
     608              $C$DW$TU$20     .dwtag  DW_TAG_type_unit
     609                      .dwmtype  $C$DW$T$20
     610              
     611              $C$DW$T$20      .dwtag  DW_TAG_structure_type
     612                      .dwattr $C$DW$T$20, DW_AT_byte_size(0x04)
     613              $C$DW$40        .dwtag  DW_TAG_member
     614                      .dwattr $C$DW$40, DW_AT_type(*$C$DW$T$16)
     615                      .dwattr $C$DW$40, DW_AT_name("alpha")
     616                      .dwattr $C$DW$40, DW_AT_accessibility(DW_ACCESS_public)
     617                      .dwattr $C$DW$40, DW_AT_decl_file("/home/jose/workspace_ccstheia/foc_f28379d/imported/foc/pmsm_types.
     618                      .dwattr $C$DW$40, DW_AT_decl_line(0x08)
     619                      .dwattr $C$DW$40, DW_AT_decl_column(0x18)
     620              
     621              $C$DW$41        .dwtag  DW_TAG_member
     622                      .dwattr $C$DW$41, DW_AT_type(*$C$DW$T$16)
     623                      .dwattr $C$DW$41, DW_AT_name("beta")
     624                      .dwattr $C$DW$41, DW_AT_data_member_location[DW_OP_plus_uconst 0x2]
     625                      .dwattr $C$DW$41, DW_AT_accessibility(DW_ACCESS_public)
     626                      .dwattr $C$DW$41, DW_AT_decl_file("/home/jose/workspace_ccstheia/foc_f28379d/imported/foc/pmsm_types.
     627                      .dwattr $C$DW$41, DW_AT_decl_line(0x08)
     628                      .dwattr $C$DW$41, DW_AT_decl_column(0x1f)
     629              
     630                      .dwattr $C$DW$T$20, DW_AT_decl_file("/home/jose/workspace_ccstheia/foc_f28379d/imported/foc/pmsm_type
     631                      .dwattr $C$DW$T$20, DW_AT_decl_line(0x08)
TMS320C2000 Assembler Unix v25.11.0 Sat May 30 20:22:51 2026

Copyright (c) 1996-2018 Texas Instruments Incorporated
main.asm                                                             PAGE   13

     632                      .dwattr $C$DW$T$20, DW_AT_decl_column(0x10)
     633                      .dwendtag $C$DW$T$20
     634              
     635                      .dwendtag $C$DW$TU$20
     636              
     637              
     638              $C$DW$TU$24     .dwtag  DW_TAG_type_unit
     639                      .dwmtype  $C$DW$T$24
     640              $C$DW$T$24      .dwtag  DW_TAG_typedef
     641                      .dwattr $C$DW$T$24, DW_AT_name("vec_ab_t")
     642                      .dwattr $C$DW$T$24, DW_AT_type(*$C$DW$T$20)
     643                      .dwattr $C$DW$T$24, DW_AT_decl_file("/home/jose/workspace_ccstheia/foc_f28379d/imported/foc/pmsm_type
     644                      .dwattr $C$DW$T$24, DW_AT_decl_line(0x08)
     645                      .dwattr $C$DW$T$24, DW_AT_decl_column(0x27)
     646              
     647                      .dwendtag $C$DW$TU$24
     648              
     649              
     650              $C$DW$TU$21     .dwtag  DW_TAG_type_unit
     651                      .dwmtype  $C$DW$T$21
     652              
     653              $C$DW$T$21      .dwtag  DW_TAG_structure_type
     654                      .dwattr $C$DW$T$21, DW_AT_byte_size(0x04)
     655              $C$DW$42        .dwtag  DW_TAG_member
     656                      .dwattr $C$DW$42, DW_AT_type(*$C$DW$T$16)
     657                      .dwattr $C$DW$42, DW_AT_name("d")
     658                      .dwattr $C$DW$42, DW_AT_accessibility(DW_ACCESS_public)
     659                      .dwattr $C$DW$42, DW_AT_decl_file("/home/jose/workspace_ccstheia/foc_f28379d/imported/foc/pmsm_types.
     660                      .dwattr $C$DW$42, DW_AT_decl_line(0x09)
     661                      .dwattr $C$DW$42, DW_AT_decl_column(0x18)
     662              
     663              $C$DW$43        .dwtag  DW_TAG_member
     664                      .dwattr $C$DW$43, DW_AT_type(*$C$DW$T$16)
     665                      .dwattr $C$DW$43, DW_AT_name("q")
     666                      .dwattr $C$DW$43, DW_AT_data_member_location[DW_OP_plus_uconst 0x2]
     667                      .dwattr $C$DW$43, DW_AT_accessibility(DW_ACCESS_public)
     668                      .dwattr $C$DW$43, DW_AT_decl_file("/home/jose/workspace_ccstheia/foc_f28379d/imported/foc/pmsm_types.
     669                      .dwattr $C$DW$43, DW_AT_decl_line(0x09)
     670                      .dwattr $C$DW$43, DW_AT_decl_column(0x1b)
     671              
     672                      .dwattr $C$DW$T$21, DW_AT_decl_file("/home/jose/workspace_ccstheia/foc_f28379d/imported/foc/pmsm_type
     673                      .dwattr $C$DW$T$21, DW_AT_decl_line(0x09)
     674                      .dwattr $C$DW$T$21, DW_AT_decl_column(0x10)
     675                      .dwendtag $C$DW$T$21
     676              
     677                      .dwendtag $C$DW$TU$21
     678              
     679              
     680              $C$DW$TU$25     .dwtag  DW_TAG_type_unit
     681                      .dwmtype  $C$DW$T$25
     682              $C$DW$T$25      .dwtag  DW_TAG_typedef
     683                      .dwattr $C$DW$T$25, DW_AT_name("vec_dq_t")
     684                      .dwattr $C$DW$T$25, DW_AT_type(*$C$DW$T$21)
     685                      .dwattr $C$DW$T$25, DW_AT_decl_file("/home/jose/workspace_ccstheia/foc_f28379d/imported/foc/pmsm_type
     686                      .dwattr $C$DW$T$25, DW_AT_decl_line(0x09)
TMS320C2000 Assembler Unix v25.11.0 Sat May 30 20:22:51 2026

Copyright (c) 1996-2018 Texas Instruments Incorporated
main.asm                                                             PAGE   14

     687                      .dwattr $C$DW$T$25, DW_AT_decl_column(0x20)
     688              
     689                      .dwendtag $C$DW$TU$25
     690              
     691              
     692              $C$DW$TU$22     .dwtag  DW_TAG_type_unit
     693                      .dwmtype  $C$DW$T$22
     694              
     695              $C$DW$T$22      .dwtag  DW_TAG_structure_type
     696                      .dwattr $C$DW$T$22, DW_AT_byte_size(0x0a)
     697              $C$DW$44        .dwtag  DW_TAG_member
     698                      .dwattr $C$DW$44, DW_AT_type(*$C$DW$T$16)
     699                      .dwattr $C$DW$44, DW_AT_name("kp")
     700                      .dwattr $C$DW$44, DW_AT_accessibility(DW_ACCESS_public)
     701                      .dwattr $C$DW$44, DW_AT_decl_file("/home/jose/workspace_ccstheia/foc_f28379d/imported/foc/pi.h")
     702                      .dwattr $C$DW$44, DW_AT_decl_line(0x11)
     703                      .dwattr $C$DW$44, DW_AT_decl_column(0x0b)
     704              
     705              $C$DW$45        .dwtag  DW_TAG_member
     706                      .dwattr $C$DW$45, DW_AT_type(*$C$DW$T$16)
     707                      .dwattr $C$DW$45, DW_AT_name("ki")
     708                      .dwattr $C$DW$45, DW_AT_data_member_location[DW_OP_plus_uconst 0x2]
     709                      .dwattr $C$DW$45, DW_AT_accessibility(DW_ACCESS_public)
     710                      .dwattr $C$DW$45, DW_AT_decl_file("/home/jose/workspace_ccstheia/foc_f28379d/imported/foc/pi.h")
     711                      .dwattr $C$DW$45, DW_AT_decl_line(0x12)
     712                      .dwattr $C$DW$45, DW_AT_decl_column(0x0b)
     713              
     714              $C$DW$46        .dwtag  DW_TAG_member
     715                      .dwattr $C$DW$46, DW_AT_type(*$C$DW$T$16)
     716                      .dwattr $C$DW$46, DW_AT_name("u_min")
     717                      .dwattr $C$DW$46, DW_AT_data_member_location[DW_OP_plus_uconst 0x4]
     718                      .dwattr $C$DW$46, DW_AT_accessibility(DW_ACCESS_public)
     719                      .dwattr $C$DW$46, DW_AT_decl_file("/home/jose/workspace_ccstheia/foc_f28379d/imported/foc/pi.h")
     720                      .dwattr $C$DW$46, DW_AT_decl_line(0x13)
     721                      .dwattr $C$DW$46, DW_AT_decl_column(0x0b)
     722              
     723              $C$DW$47        .dwtag  DW_TAG_member
     724                      .dwattr $C$DW$47, DW_AT_type(*$C$DW$T$16)
     725                      .dwattr $C$DW$47, DW_AT_name("u_max")
     726                      .dwattr $C$DW$47, DW_AT_data_member_location[DW_OP_plus_uconst 0x6]
     727                      .dwattr $C$DW$47, DW_AT_accessibility(DW_ACCESS_public)
     728                      .dwattr $C$DW$47, DW_AT_decl_file("/home/jose/workspace_ccstheia/foc_f28379d/imported/foc/pi.h")
     729                      .dwattr $C$DW$47, DW_AT_decl_line(0x14)
     730                      .dwattr $C$DW$47, DW_AT_decl_column(0x0b)
     731              
     732              $C$DW$48        .dwtag  DW_TAG_member
     733                      .dwattr $C$DW$48, DW_AT_type(*$C$DW$T$16)
     734                      .dwattr $C$DW$48, DW_AT_name("integ")
     735                      .dwattr $C$DW$48, DW_AT_data_member_location[DW_OP_plus_uconst 0x8]
     736                      .dwattr $C$DW$48, DW_AT_accessibility(DW_ACCESS_public)
     737                      .dwattr $C$DW$48, DW_AT_decl_file("/home/jose/workspace_ccstheia/foc_f28379d/imported/foc/pi.h")
     738                      .dwattr $C$DW$48, DW_AT_decl_line(0x15)
     739                      .dwattr $C$DW$48, DW_AT_decl_column(0x0b)
     740              
     741                      .dwattr $C$DW$T$22, DW_AT_decl_file("/home/jose/workspace_ccstheia/foc_f28379d/imported/foc/pi.h")
TMS320C2000 Assembler Unix v25.11.0 Sat May 30 20:22:51 2026

Copyright (c) 1996-2018 Texas Instruments Incorporated
main.asm                                                             PAGE   15

     742                      .dwattr $C$DW$T$22, DW_AT_decl_line(0x10)
     743                      .dwattr $C$DW$T$22, DW_AT_decl_column(0x10)
     744                      .dwendtag $C$DW$T$22
     745              
     746                      .dwendtag $C$DW$TU$22
     747              
     748              
     749              $C$DW$TU$26     .dwtag  DW_TAG_type_unit
     750                      .dwmtype  $C$DW$T$26
     751              $C$DW$T$26      .dwtag  DW_TAG_typedef
     752                      .dwattr $C$DW$T$26, DW_AT_name("pi_ctrl_t")
     753                      .dwattr $C$DW$T$26, DW_AT_type(*$C$DW$T$22)
     754                      .dwattr $C$DW$T$26, DW_AT_decl_file("/home/jose/workspace_ccstheia/foc_f28379d/imported/foc/pi.h")
     755                      .dwattr $C$DW$T$26, DW_AT_decl_line(0x16)
     756                      .dwattr $C$DW$T$26, DW_AT_decl_column(0x03)
     757              
     758                      .dwendtag $C$DW$TU$26
     759              
     760              
     761              $C$DW$TU$28     .dwtag  DW_TAG_type_unit
     762                      .dwmtype  $C$DW$T$28
     763              
     764              $C$DW$T$28      .dwtag  DW_TAG_structure_type
     765                      .dwattr $C$DW$T$28, DW_AT_byte_size(0x46)
     766              $C$DW$49        .dwtag  DW_TAG_member
     767                      .dwattr $C$DW$49, DW_AT_type(*$C$DW$T$16)
     768                      .dwattr $C$DW$49, DW_AT_name("id_ref_pu")
     769                      .dwattr $C$DW$49, DW_AT_accessibility(DW_ACCESS_public)
     770                      .dwattr $C$DW$49, DW_AT_decl_file("/home/jose/workspace_ccstheia/foc_f28379d/imported/foc/foc.h")
     771                      .dwattr $C$DW$49, DW_AT_decl_line(0x09)
     772                      .dwattr $C$DW$49, DW_AT_decl_column(0x0b)
     773              
     774              $C$DW$50        .dwtag  DW_TAG_member
     775                      .dwattr $C$DW$50, DW_AT_type(*$C$DW$T$16)
     776                      .dwattr $C$DW$50, DW_AT_name("iq_ref_pu")
     777                      .dwattr $C$DW$50, DW_AT_data_member_location[DW_OP_plus_uconst 0x2]
     778                      .dwattr $C$DW$50, DW_AT_accessibility(DW_ACCESS_public)
     779                      .dwattr $C$DW$50, DW_AT_decl_file("/home/jose/workspace_ccstheia/foc_f28379d/imported/foc/foc.h")
     780                      .dwattr $C$DW$50, DW_AT_decl_line(0x0a)
     781                      .dwattr $C$DW$50, DW_AT_decl_column(0x0b)
     782              
     783              $C$DW$51        .dwtag  DW_TAG_member
     784                      .dwattr $C$DW$51, DW_AT_type(*$C$DW$T$16)
     785                      .dwattr $C$DW$51, DW_AT_name("v_max_pu")
     786                      .dwattr $C$DW$51, DW_AT_data_member_location[DW_OP_plus_uconst 0x4]
     787                      .dwattr $C$DW$51, DW_AT_accessibility(DW_ACCESS_public)
     788                      .dwattr $C$DW$51, DW_AT_decl_file("/home/jose/workspace_ccstheia/foc_f28379d/imported/foc/foc.h")
     789                      .dwattr $C$DW$51, DW_AT_decl_line(0x0b)
     790                      .dwattr $C$DW$51, DW_AT_decl_column(0x0b)
     791              
     792              $C$DW$52        .dwtag  DW_TAG_member
     793                      .dwattr $C$DW$52, DW_AT_type(*$C$DW$T$23)
     794                      .dwattr $C$DW$52, DW_AT_name("i_abc_pu")
     795                      .dwattr $C$DW$52, DW_AT_data_member_location[DW_OP_plus_uconst 0x6]
     796                      .dwattr $C$DW$52, DW_AT_accessibility(DW_ACCESS_public)
TMS320C2000 Assembler Unix v25.11.0 Sat May 30 20:22:51 2026

Copyright (c) 1996-2018 Texas Instruments Incorporated
main.asm                                                             PAGE   16

     797                      .dwattr $C$DW$52, DW_AT_decl_file("/home/jose/workspace_ccstheia/foc_f28379d/imported/foc/foc.h")
     798                      .dwattr $C$DW$52, DW_AT_decl_line(0x0e)
     799                      .dwattr $C$DW$52, DW_AT_decl_column(0x0f)
     800              
     801              $C$DW$53        .dwtag  DW_TAG_member
     802                      .dwattr $C$DW$53, DW_AT_type(*$C$DW$T$24)
     803                      .dwattr $C$DW$53, DW_AT_name("i_ab_pu")
     804                      .dwattr $C$DW$53, DW_AT_data_member_location[DW_OP_plus_uconst 0xc]
     805                      .dwattr $C$DW$53, DW_AT_accessibility(DW_ACCESS_public)
     806                      .dwattr $C$DW$53, DW_AT_decl_file("/home/jose/workspace_ccstheia/foc_f28379d/imported/foc/foc.h")
     807                      .dwattr $C$DW$53, DW_AT_decl_line(0x0f)
     808                      .dwattr $C$DW$53, DW_AT_decl_column(0x0f)
     809              
     810              $C$DW$54        .dwtag  DW_TAG_member
     811                      .dwattr $C$DW$54, DW_AT_type(*$C$DW$T$25)
     812                      .dwattr $C$DW$54, DW_AT_name("i_dq_pu")
     813                      .dwattr $C$DW$54, DW_AT_data_member_location[DW_OP_plus_uconst 0x10]
     814                      .dwattr $C$DW$54, DW_AT_accessibility(DW_ACCESS_public)
     815                      .dwattr $C$DW$54, DW_AT_decl_file("/home/jose/workspace_ccstheia/foc_f28379d/imported/foc/foc.h")
     816                      .dwattr $C$DW$54, DW_AT_decl_line(0x10)
     817                      .dwattr $C$DW$54, DW_AT_decl_column(0x0f)
     818              
     819              $C$DW$55        .dwtag  DW_TAG_member
     820                      .dwattr $C$DW$55, DW_AT_type(*$C$DW$T$25)
     821                      .dwattr $C$DW$55, DW_AT_name("v_dq_pu")
     822                      .dwattr $C$DW$55, DW_AT_data_member_location[DW_OP_plus_uconst 0x14]
     823                      .dwattr $C$DW$55, DW_AT_accessibility(DW_ACCESS_public)
     824                      .dwattr $C$DW$55, DW_AT_decl_file("/home/jose/workspace_ccstheia/foc_f28379d/imported/foc/foc.h")
     825                      .dwattr $C$DW$55, DW_AT_decl_line(0x11)
     826                      .dwattr $C$DW$55, DW_AT_decl_column(0x0f)
     827              
     828              $C$DW$56        .dwtag  DW_TAG_member
     829                      .dwattr $C$DW$56, DW_AT_type(*$C$DW$T$24)
     830                      .dwattr $C$DW$56, DW_AT_name("v_ab_pu")
     831                      .dwattr $C$DW$56, DW_AT_data_member_location[DW_OP_plus_uconst 0x18]
     832                      .dwattr $C$DW$56, DW_AT_accessibility(DW_ACCESS_public)
     833                      .dwattr $C$DW$56, DW_AT_decl_file("/home/jose/workspace_ccstheia/foc_f28379d/imported/foc/foc.h")
     834                      .dwattr $C$DW$56, DW_AT_decl_line(0x12)
     835                      .dwattr $C$DW$56, DW_AT_decl_column(0x0f)
     836              
     837              $C$DW$57        .dwtag  DW_TAG_member
     838                      .dwattr $C$DW$57, DW_AT_type(*$C$DW$T$23)
     839                      .dwattr $C$DW$57, DW_AT_name("duty")
     840                      .dwattr $C$DW$57, DW_AT_data_member_location[DW_OP_plus_uconst 0x1c]
     841                      .dwattr $C$DW$57, DW_AT_accessibility(DW_ACCESS_public)
     842                      .dwattr $C$DW$57, DW_AT_decl_file("/home/jose/workspace_ccstheia/foc_f28379d/imported/foc/foc.h")
     843                      .dwattr $C$DW$57, DW_AT_decl_line(0x13)
     844                      .dwattr $C$DW$57, DW_AT_decl_column(0x0f)
     845              
     846              $C$DW$58        .dwtag  DW_TAG_member
     847                      .dwattr $C$DW$58, DW_AT_type(*$C$DW$T$16)
     848                      .dwattr $C$DW$58, DW_AT_name("theta_e")
     849                      .dwattr $C$DW$58, DW_AT_data_member_location[DW_OP_plus_uconst 0x22]
     850                      .dwattr $C$DW$58, DW_AT_accessibility(DW_ACCESS_public)
     851                      .dwattr $C$DW$58, DW_AT_decl_file("/home/jose/workspace_ccstheia/foc_f28379d/imported/foc/foc.h")
TMS320C2000 Assembler Unix v25.11.0 Sat May 30 20:22:51 2026

Copyright (c) 1996-2018 Texas Instruments Incorporated
main.asm                                                             PAGE   17

     852                      .dwattr $C$DW$58, DW_AT_decl_line(0x15)
     853                      .dwattr $C$DW$58, DW_AT_decl_column(0x0b)
     854              
     855              $C$DW$59        .dwtag  DW_TAG_member
     856                      .dwattr $C$DW$59, DW_AT_type(*$C$DW$T$16)
     857                      .dwattr $C$DW$59, DW_AT_name("v_mag_pu")
     858                      .dwattr $C$DW$59, DW_AT_data_member_location[DW_OP_plus_uconst 0x24]
     859                      .dwattr $C$DW$59, DW_AT_accessibility(DW_ACCESS_public)
     860                      .dwattr $C$DW$59, DW_AT_decl_file("/home/jose/workspace_ccstheia/foc_f28379d/imported/foc/foc.h")
     861                      .dwattr $C$DW$59, DW_AT_decl_line(0x16)
     862                      .dwattr $C$DW$59, DW_AT_decl_column(0x0b)
     863              
     864              $C$DW$60        .dwtag  DW_TAG_member
     865                      .dwattr $C$DW$60, DW_AT_type(*$C$DW$T$26)
     866                      .dwattr $C$DW$60, DW_AT_name("pi_id")
     867                      .dwattr $C$DW$60, DW_AT_data_member_location[DW_OP_plus_uconst 0x26]
     868                      .dwattr $C$DW$60, DW_AT_accessibility(DW_ACCESS_public)
     869                      .dwattr $C$DW$60, DW_AT_decl_file("/home/jose/workspace_ccstheia/foc_f28379d/imported/foc/foc.h")
     870                      .dwattr $C$DW$60, DW_AT_decl_line(0x19)
     871                      .dwattr $C$DW$60, DW_AT_decl_column(0x0f)
     872              
     873              $C$DW$61        .dwtag  DW_TAG_member
     874                      .dwattr $C$DW$61, DW_AT_type(*$C$DW$T$26)
     875                      .dwattr $C$DW$61, DW_AT_name("pi_iq")
     876                      .dwattr $C$DW$61, DW_AT_data_member_location[DW_OP_plus_uconst 0x30]
     877                      .dwattr $C$DW$61, DW_AT_accessibility(DW_ACCESS_public)
     878                      .dwattr $C$DW$61, DW_AT_decl_file("/home/jose/workspace_ccstheia/foc_f28379d/imported/foc/foc.h")
     879                      .dwattr $C$DW$61, DW_AT_decl_line(0x1a)
     880                      .dwattr $C$DW$61, DW_AT_decl_column(0x0f)
     881              
     882              $C$DW$62        .dwtag  DW_TAG_member
     883                      .dwattr $C$DW$62, DW_AT_type(*$C$DW$T$26)
     884                      .dwattr $C$DW$62, DW_AT_name("pi_fwc")
     885                      .dwattr $C$DW$62, DW_AT_data_member_location[DW_OP_plus_uconst 0x3a]
     886                      .dwattr $C$DW$62, DW_AT_accessibility(DW_ACCESS_public)
     887                      .dwattr $C$DW$62, DW_AT_decl_file("/home/jose/workspace_ccstheia/foc_f28379d/imported/foc/foc.h")
     888                      .dwattr $C$DW$62, DW_AT_decl_line(0x1b)
     889                      .dwattr $C$DW$62, DW_AT_decl_column(0x0f)
     890              
     891              $C$DW$63        .dwtag  DW_TAG_member
     892                      .dwattr $C$DW$63, DW_AT_type(*$C$DW$T$27)
     893                      .dwattr $C$DW$63, DW_AT_name("fwc_enabled")
     894                      .dwattr $C$DW$63, DW_AT_data_member_location[DW_OP_plus_uconst 0x44]
     895                      .dwattr $C$DW$63, DW_AT_accessibility(DW_ACCESS_public)
     896                      .dwattr $C$DW$63, DW_AT_decl_file("/home/jose/workspace_ccstheia/foc_f28379d/imported/foc/foc.h")
     897                      .dwattr $C$DW$63, DW_AT_decl_line(0x1c)
     898                      .dwattr $C$DW$63, DW_AT_decl_column(0x0f)
     899              
     900                      .dwattr $C$DW$T$28, DW_AT_decl_file("/home/jose/workspace_ccstheia/foc_f28379d/imported/foc/foc.h")
     901                      .dwattr $C$DW$T$28, DW_AT_decl_line(0x07)
     902                      .dwattr $C$DW$T$28, DW_AT_decl_column(0x10)
     903                      .dwendtag $C$DW$T$28
     904              
     905                      .dwendtag $C$DW$TU$28
     906              
TMS320C2000 Assembler Unix v25.11.0 Sat May 30 20:22:51 2026

Copyright (c) 1996-2018 Texas Instruments Incorporated
main.asm                                                             PAGE   18

     907              
     908              $C$DW$TU$37     .dwtag  DW_TAG_type_unit
     909                      .dwmtype  $C$DW$T$37
     910              $C$DW$T$37      .dwtag  DW_TAG_typedef
     911                      .dwattr $C$DW$T$37, DW_AT_name("foc_t")
     912                      .dwattr $C$DW$T$37, DW_AT_type(*$C$DW$T$28)
     913                      .dwattr $C$DW$T$37, DW_AT_decl_file("/home/jose/workspace_ccstheia/foc_f28379d/imported/foc/foc.h")
     914                      .dwattr $C$DW$T$37, DW_AT_decl_line(0x1d)
     915                      .dwattr $C$DW$T$37, DW_AT_decl_column(0x03)
     916              
     917                      .dwendtag $C$DW$TU$37
     918              
     919              
     920              $C$DW$TU$29     .dwtag  DW_TAG_type_unit
     921                      .dwmtype  $C$DW$T$29
     922              
     923              $C$DW$T$29      .dwtag  DW_TAG_structure_type
     924                      .dwattr $C$DW$T$29, DW_AT_byte_size(0x0c)
     925              $C$DW$64        .dwtag  DW_TAG_member
     926                      .dwattr $C$DW$64, DW_AT_type(*$C$DW$T$26)
     927                      .dwattr $C$DW$64, DW_AT_name("pi")
     928                      .dwattr $C$DW$64, DW_AT_accessibility(DW_ACCESS_public)
     929                      .dwattr $C$DW$64, DW_AT_decl_file("/home/jose/workspace_ccstheia/foc_f28379d/imported/foc/speed_loop.
     930                      .dwattr $C$DW$64, DW_AT_decl_line(0x08)
     931                      .dwattr $C$DW$64, DW_AT_decl_column(0x0f)
     932              
     933              $C$DW$65        .dwtag  DW_TAG_member
     934                      .dwattr $C$DW$65, DW_AT_type(*$C$DW$T$16)
     935                      .dwattr $C$DW$65, DW_AT_name("iq_ref_pu")
     936                      .dwattr $C$DW$65, DW_AT_data_member_location[DW_OP_plus_uconst 0xa]
     937                      .dwattr $C$DW$65, DW_AT_accessibility(DW_ACCESS_public)
     938                      .dwattr $C$DW$65, DW_AT_decl_file("/home/jose/workspace_ccstheia/foc_f28379d/imported/foc/speed_loop.
     939                      .dwattr $C$DW$65, DW_AT_decl_line(0x09)
     940                      .dwattr $C$DW$65, DW_AT_decl_column(0x0f)
     941              
     942                      .dwattr $C$DW$T$29, DW_AT_decl_file("/home/jose/workspace_ccstheia/foc_f28379d/imported/foc/speed_loo
     943                      .dwattr $C$DW$T$29, DW_AT_decl_line(0x07)
     944                      .dwattr $C$DW$T$29, DW_AT_decl_column(0x10)
     945                      .dwendtag $C$DW$T$29
     946              
     947                      .dwendtag $C$DW$TU$29
     948              
     949              
     950              $C$DW$TU$38     .dwtag  DW_TAG_type_unit
     951                      .dwmtype  $C$DW$T$38
     952              $C$DW$T$38      .dwtag  DW_TAG_typedef
     953                      .dwattr $C$DW$T$38, DW_AT_name("speed_loop_t")
     954                      .dwattr $C$DW$T$38, DW_AT_type(*$C$DW$T$29)
     955                      .dwattr $C$DW$T$38, DW_AT_decl_file("/home/jose/workspace_ccstheia/foc_f28379d/imported/foc/speed_loo
     956                      .dwattr $C$DW$T$38, DW_AT_decl_line(0x0a)
     957                      .dwattr $C$DW$T$38, DW_AT_decl_column(0x03)
     958              
     959                      .dwendtag $C$DW$TU$38
     960              
     961              
TMS320C2000 Assembler Unix v25.11.0 Sat May 30 20:22:51 2026

Copyright (c) 1996-2018 Texas Instruments Incorporated
main.asm                                                             PAGE   19

     962              $C$DW$TU$34     .dwtag  DW_TAG_type_unit
     963                      .dwmtype  $C$DW$T$34
     964              
     965              $C$DW$T$34      .dwtag  DW_TAG_structure_type
     966                      .dwattr $C$DW$T$34, DW_AT_byte_size(0x0e)
     967              $C$DW$66        .dwtag  DW_TAG_member
     968                      .dwattr $C$DW$66, DW_AT_type(*$C$DW$T$31)
     969                      .dwattr $C$DW$66, DW_AT_name("counts_per_mech_rev")
     970                      .dwattr $C$DW$66, DW_AT_accessibility(DW_ACCESS_public)
     971                      .dwattr $C$DW$66, DW_AT_decl_file("/home/jose/workspace_ccstheia/foc_f28379d/imported/foc/encoder.h")
     972                      .dwattr $C$DW$66, DW_AT_decl_line(0x0d)
     973                      .dwattr $C$DW$66, DW_AT_decl_column(0x0e)
     974              
     975              $C$DW$67        .dwtag  DW_TAG_member
     976                      .dwattr $C$DW$67, DW_AT_type(*$C$DW$T$31)
     977                      .dwattr $C$DW$67, DW_AT_name("pole_pairs")
     978                      .dwattr $C$DW$67, DW_AT_data_member_location[DW_OP_plus_uconst 0x2]
     979                      .dwattr $C$DW$67, DW_AT_accessibility(DW_ACCESS_public)
     980                      .dwattr $C$DW$67, DW_AT_decl_file("/home/jose/workspace_ccstheia/foc_f28379d/imported/foc/encoder.h")
     981                      .dwattr $C$DW$67, DW_AT_decl_line(0x0e)
     982                      .dwattr $C$DW$67, DW_AT_decl_column(0x0e)
     983              
     984              $C$DW$68        .dwtag  DW_TAG_member
     985                      .dwattr $C$DW$68, DW_AT_type(*$C$DW$T$16)
     986                      .dwattr $C$DW$68, DW_AT_name("offset_rad")
     987                      .dwattr $C$DW$68, DW_AT_data_member_location[DW_OP_plus_uconst 0x4]
     988                      .dwattr $C$DW$68, DW_AT_accessibility(DW_ACCESS_public)
     989                      .dwattr $C$DW$68, DW_AT_decl_file("/home/jose/workspace_ccstheia/foc_f28379d/imported/foc/encoder.h")
     990                      .dwattr $C$DW$68, DW_AT_decl_line(0x0f)
     991                      .dwattr $C$DW$68, DW_AT_decl_column(0x0e)
     992              
     993              $C$DW$69        .dwtag  DW_TAG_member
     994                      .dwattr $C$DW$69, DW_AT_type(*$C$DW$T$27)
     995                      .dwattr $C$DW$69, DW_AT_name("index_seen")
     996                      .dwattr $C$DW$69, DW_AT_data_member_location[DW_OP_plus_uconst 0x6]
     997                      .dwattr $C$DW$69, DW_AT_accessibility(DW_ACCESS_public)
     998                      .dwattr $C$DW$69, DW_AT_decl_file("/home/jose/workspace_ccstheia/foc_f28379d/imported/foc/encoder.h")
     999                      .dwattr $C$DW$69, DW_AT_decl_line(0x10)
    1000                      .dwattr $C$DW$69, DW_AT_decl_column(0x0e)
    1001              
    1002              $C$DW$70        .dwtag  DW_TAG_member
    1003                      .dwattr $C$DW$70, DW_AT_type(*$C$DW$T$33)
    1004                      .dwattr $C$DW$70, DW_AT_name("last_count")
    1005                      .dwattr $C$DW$70, DW_AT_data_member_location[DW_OP_plus_uconst 0x8]
    1006                      .dwattr $C$DW$70, DW_AT_accessibility(DW_ACCESS_public)
    1007                      .dwattr $C$DW$70, DW_AT_decl_file("/home/jose/workspace_ccstheia/foc_f28379d/imported/foc/encoder.h")
    1008                      .dwattr $C$DW$70, DW_AT_decl_line(0x11)
    1009                      .dwattr $C$DW$70, DW_AT_decl_column(0x0e)
    1010              
    1011              $C$DW$71        .dwtag  DW_TAG_member
    1012                      .dwattr $C$DW$71, DW_AT_type(*$C$DW$T$16)
    1013                      .dwattr $C$DW$71, DW_AT_name("theta_e")
    1014                      .dwattr $C$DW$71, DW_AT_data_member_location[DW_OP_plus_uconst 0xa]
    1015                      .dwattr $C$DW$71, DW_AT_accessibility(DW_ACCESS_public)
    1016                      .dwattr $C$DW$71, DW_AT_decl_file("/home/jose/workspace_ccstheia/foc_f28379d/imported/foc/encoder.h")
TMS320C2000 Assembler Unix v25.11.0 Sat May 30 20:22:51 2026

Copyright (c) 1996-2018 Texas Instruments Incorporated
main.asm                                                             PAGE   20

    1017                      .dwattr $C$DW$71, DW_AT_decl_line(0x12)
    1018                      .dwattr $C$DW$71, DW_AT_decl_column(0x0e)
    1019              
    1020              $C$DW$72        .dwtag  DW_TAG_member
    1021                      .dwattr $C$DW$72, DW_AT_type(*$C$DW$T$16)
    1022                      .dwattr $C$DW$72, DW_AT_name("speed_pu")
    1023                      .dwattr $C$DW$72, DW_AT_data_member_location[DW_OP_plus_uconst 0xc]
    1024                      .dwattr $C$DW$72, DW_AT_accessibility(DW_ACCESS_public)
    1025                      .dwattr $C$DW$72, DW_AT_decl_file("/home/jose/workspace_ccstheia/foc_f28379d/imported/foc/encoder.h")
    1026                      .dwattr $C$DW$72, DW_AT_decl_line(0x13)
    1027                      .dwattr $C$DW$72, DW_AT_decl_column(0x0e)
    1028              
    1029                      .dwattr $C$DW$T$34, DW_AT_decl_file("/home/jose/workspace_ccstheia/foc_f28379d/imported/foc/encoder.h
    1030                      .dwattr $C$DW$T$34, DW_AT_decl_line(0x0c)
    1031                      .dwattr $C$DW$T$34, DW_AT_decl_column(0x10)
    1032                      .dwendtag $C$DW$T$34
    1033              
    1034                      .dwendtag $C$DW$TU$34
    1035              
    1036              
    1037              $C$DW$TU$39     .dwtag  DW_TAG_type_unit
    1038                      .dwmtype  $C$DW$T$39
    1039              $C$DW$T$39      .dwtag  DW_TAG_typedef
    1040                      .dwattr $C$DW$T$39, DW_AT_name("encoder_t")
    1041                      .dwattr $C$DW$T$39, DW_AT_type(*$C$DW$T$34)
    1042                      .dwattr $C$DW$T$39, DW_AT_decl_file("/home/jose/workspace_ccstheia/foc_f28379d/imported/foc/encoder.h
    1043                      .dwattr $C$DW$T$39, DW_AT_decl_line(0x14)
    1044                      .dwattr $C$DW$T$39, DW_AT_decl_column(0x03)
    1045              
    1046                      .dwendtag $C$DW$TU$39
    1047              
    1048              
    1049              $C$DW$TU$40     .dwtag  DW_TAG_type_unit
    1050                      .dwmtype  $C$DW$T$40
    1051              
    1052              $C$DW$T$40      .dwtag  DW_TAG_structure_type
    1053                      .dwattr $C$DW$T$40, DW_AT_byte_size(0x72)
    1054              $C$DW$73        .dwtag  DW_TAG_member
    1055                      .dwattr $C$DW$73, DW_AT_type(*$C$DW$T$36)
    1056                      .dwattr $C$DW$73, DW_AT_name("state")
    1057                      .dwattr $C$DW$73, DW_AT_accessibility(DW_ACCESS_public)
    1058                      .dwattr $C$DW$73, DW_AT_decl_file("/home/jose/workspace_ccstheia/foc_f28379d/imported/app/motor_contr
    1059                      .dwattr $C$DW$73, DW_AT_decl_line(0x0a)
    1060                      .dwattr $C$DW$73, DW_AT_decl_column(0x13)
    1061              
    1062              $C$DW$74        .dwtag  DW_TAG_member
    1063                      .dwattr $C$DW$74, DW_AT_type(*$C$DW$T$31)
    1064                      .dwattr $C$DW$74, DW_AT_name("fault_flags")
    1065                      .dwattr $C$DW$74, DW_AT_data_member_location[DW_OP_plus_uconst 0x2]
    1066                      .dwattr $C$DW$74, DW_AT_accessibility(DW_ACCESS_public)
    1067                      .dwattr $C$DW$74, DW_AT_decl_file("/home/jose/workspace_ccstheia/foc_f28379d/imported/app/motor_contr
    1068                      .dwattr $C$DW$74, DW_AT_decl_line(0x0b)
    1069                      .dwattr $C$DW$74, DW_AT_decl_column(0x13)
    1070              
    1071              $C$DW$75        .dwtag  DW_TAG_member
TMS320C2000 Assembler Unix v25.11.0 Sat May 30 20:22:51 2026

Copyright (c) 1996-2018 Texas Instruments Incorporated
main.asm                                                             PAGE   21

    1072                      .dwattr $C$DW$75, DW_AT_type(*$C$DW$T$31)
    1073                      .dwattr $C$DW$75, DW_AT_name("ticks_in_state")
    1074                      .dwattr $C$DW$75, DW_AT_data_member_location[DW_OP_plus_uconst 0x4]
    1075                      .dwattr $C$DW$75, DW_AT_accessibility(DW_ACCESS_public)
    1076                      .dwattr $C$DW$75, DW_AT_decl_file("/home/jose/workspace_ccstheia/foc_f28379d/imported/app/motor_contr
    1077                      .dwattr $C$DW$75, DW_AT_decl_line(0x0c)
    1078                      .dwattr $C$DW$75, DW_AT_decl_column(0x13)
    1079              
    1080              $C$DW$76        .dwtag  DW_TAG_member
    1081                      .dwattr $C$DW$76, DW_AT_type(*$C$DW$T$31)
    1082                      .dwattr $C$DW$76, DW_AT_name("adc_cal_acc_a")
    1083                      .dwattr $C$DW$76, DW_AT_data_member_location[DW_OP_plus_uconst 0x6]
    1084                      .dwattr $C$DW$76, DW_AT_accessibility(DW_ACCESS_public)
    1085                      .dwattr $C$DW$76, DW_AT_decl_file("/home/jose/workspace_ccstheia/foc_f28379d/imported/app/motor_contr
    1086                      .dwattr $C$DW$76, DW_AT_decl_line(0x0d)
    1087                      .dwattr $C$DW$76, DW_AT_decl_column(0x13)
    1088              
    1089              $C$DW$77        .dwtag  DW_TAG_member
    1090                      .dwattr $C$DW$77, DW_AT_type(*$C$DW$T$31)
    1091                      .dwattr $C$DW$77, DW_AT_name("adc_cal_acc_b")
    1092                      .dwattr $C$DW$77, DW_AT_data_member_location[DW_OP_plus_uconst 0x8]
    1093                      .dwattr $C$DW$77, DW_AT_accessibility(DW_ACCESS_public)
    1094                      .dwattr $C$DW$77, DW_AT_decl_file("/home/jose/workspace_ccstheia/foc_f28379d/imported/app/motor_contr
    1095                      .dwattr $C$DW$77, DW_AT_decl_line(0x0e)
    1096                      .dwattr $C$DW$77, DW_AT_decl_column(0x13)
    1097              
    1098              $C$DW$78        .dwtag  DW_TAG_member
    1099                      .dwattr $C$DW$78, DW_AT_type(*$C$DW$T$31)
    1100                      .dwattr $C$DW$78, DW_AT_name("adc_cal_acc_c")
    1101                      .dwattr $C$DW$78, DW_AT_data_member_location[DW_OP_plus_uconst 0xa]
    1102                      .dwattr $C$DW$78, DW_AT_accessibility(DW_ACCESS_public)
    1103                      .dwattr $C$DW$78, DW_AT_decl_file("/home/jose/workspace_ccstheia/foc_f28379d/imported/app/motor_contr
    1104                      .dwattr $C$DW$78, DW_AT_decl_line(0x0f)
    1105                      .dwattr $C$DW$78, DW_AT_decl_column(0x13)
    1106              
    1107              $C$DW$79        .dwtag  DW_TAG_member
    1108                      .dwattr $C$DW$79, DW_AT_type(*$C$DW$T$31)
    1109                      .dwattr $C$DW$79, DW_AT_name("adc_cal_samples")
    1110                      .dwattr $C$DW$79, DW_AT_data_member_location[DW_OP_plus_uconst 0xc]
    1111                      .dwattr $C$DW$79, DW_AT_accessibility(DW_ACCESS_public)
    1112                      .dwattr $C$DW$79, DW_AT_decl_file("/home/jose/workspace_ccstheia/foc_f28379d/imported/app/motor_contr
    1113                      .dwattr $C$DW$79, DW_AT_decl_line(0x10)
    1114                      .dwattr $C$DW$79, DW_AT_decl_column(0x13)
    1115              
    1116              $C$DW$80        .dwtag  DW_TAG_member
    1117                      .dwattr $C$DW$80, DW_AT_type(*$C$DW$T$16)
    1118                      .dwattr $C$DW$80, DW_AT_name("speed_ref_pu")
    1119                      .dwattr $C$DW$80, DW_AT_data_member_location[DW_OP_plus_uconst 0xe]
    1120                      .dwattr $C$DW$80, DW_AT_accessibility(DW_ACCESS_public)
    1121                      .dwattr $C$DW$80, DW_AT_decl_file("/home/jose/workspace_ccstheia/foc_f28379d/imported/app/motor_contr
    1122                      .dwattr $C$DW$80, DW_AT_decl_line(0x12)
    1123                      .dwattr $C$DW$80, DW_AT_decl_column(0x0e)
    1124              
    1125              $C$DW$81        .dwtag  DW_TAG_member
    1126                      .dwattr $C$DW$81, DW_AT_type(*$C$DW$T$16)
TMS320C2000 Assembler Unix v25.11.0 Sat May 30 20:22:51 2026

Copyright (c) 1996-2018 Texas Instruments Incorporated
main.asm                                                             PAGE   22

    1127                      .dwattr $C$DW$81, DW_AT_name("speed_ramp_pu")
    1128                      .dwattr $C$DW$81, DW_AT_data_member_location[DW_OP_plus_uconst 0x10]
    1129                      .dwattr $C$DW$81, DW_AT_accessibility(DW_ACCESS_public)
    1130                      .dwattr $C$DW$81, DW_AT_decl_file("/home/jose/workspace_ccstheia/foc_f28379d/imported/app/motor_contr
    1131                      .dwattr $C$DW$81, DW_AT_decl_line(0x13)
    1132                      .dwattr $C$DW$81, DW_AT_decl_column(0x0e)
    1133              
    1134              $C$DW$82        .dwtag  DW_TAG_member
    1135                      .dwattr $C$DW$82, DW_AT_type(*$C$DW$T$37)
    1136                      .dwattr $C$DW$82, DW_AT_name("foc")
    1137                      .dwattr $C$DW$82, DW_AT_data_member_location[DW_OP_plus_uconst 0x12]
    1138                      .dwattr $C$DW$82, DW_AT_accessibility(DW_ACCESS_public)
    1139                      .dwattr $C$DW$82, DW_AT_decl_file("/home/jose/workspace_ccstheia/foc_f28379d/imported/app/motor_contr
    1140                      .dwattr $C$DW$82, DW_AT_decl_line(0x15)
    1141                      .dwattr $C$DW$82, DW_AT_decl_column(0x12)
    1142              
    1143              $C$DW$83        .dwtag  DW_TAG_member
    1144                      .dwattr $C$DW$83, DW_AT_type(*$C$DW$T$38)
    1145                      .dwattr $C$DW$83, DW_AT_name("spd")
    1146                      .dwattr $C$DW$83, DW_AT_data_member_location[DW_OP_plus_uconst 0x58]
    1147                      .dwattr $C$DW$83, DW_AT_accessibility(DW_ACCESS_public)
    1148                      .dwattr $C$DW$83, DW_AT_decl_file("/home/jose/workspace_ccstheia/foc_f28379d/imported/app/motor_contr
    1149                      .dwattr $C$DW$83, DW_AT_decl_line(0x16)
    1150                      .dwattr $C$DW$83, DW_AT_decl_column(0x12)
    1151              
    1152              $C$DW$84        .dwtag  DW_TAG_member
    1153                      .dwattr $C$DW$84, DW_AT_type(*$C$DW$T$39)
    1154                      .dwattr $C$DW$84, DW_AT_name("enc")
    1155                      .dwattr $C$DW$84, DW_AT_data_member_location[DW_OP_plus_uconst 0x64]
    1156                      .dwattr $C$DW$84, DW_AT_accessibility(DW_ACCESS_public)
    1157                      .dwattr $C$DW$84, DW_AT_decl_file("/home/jose/workspace_ccstheia/foc_f28379d/imported/app/motor_contr
    1158                      .dwattr $C$DW$84, DW_AT_decl_line(0x17)
    1159                      .dwattr $C$DW$84, DW_AT_decl_column(0x12)
    1160              
    1161                      .dwattr $C$DW$T$40, DW_AT_decl_file("/home/jose/workspace_ccstheia/foc_f28379d/imported/app/motor_con
    1162                      .dwattr $C$DW$T$40, DW_AT_decl_line(0x09)
    1163                      .dwattr $C$DW$T$40, DW_AT_decl_column(0x10)
    1164                      .dwendtag $C$DW$T$40
    1165              
    1166                      .dwendtag $C$DW$TU$40
    1167              
    1168              
    1169              $C$DW$TU$100    .dwtag  DW_TAG_type_unit
    1170                      .dwmtype  $C$DW$T$100
    1171              $C$DW$T$100     .dwtag  DW_TAG_typedef
    1172                      .dwattr $C$DW$T$100, DW_AT_name("motor_ctl_t")
    1173                      .dwattr $C$DW$T$100, DW_AT_type(*$C$DW$T$40)
    1174                      .dwattr $C$DW$T$100, DW_AT_decl_file("/home/jose/workspace_ccstheia/foc_f28379d/imported/app/motor_co
    1175                      .dwattr $C$DW$T$100, DW_AT_decl_line(0x18)
    1176                      .dwattr $C$DW$T$100, DW_AT_decl_column(0x03)
    1177              
    1178                      .dwendtag $C$DW$TU$100
    1179              
    1180              
    1181              $C$DW$TU$101    .dwtag  DW_TAG_type_unit
TMS320C2000 Assembler Unix v25.11.0 Sat May 30 20:22:51 2026

Copyright (c) 1996-2018 Texas Instruments Incorporated
main.asm                                                             PAGE   23

    1182                      .dwmtype  $C$DW$T$101
    1183              $C$DW$T$101     .dwtag  DW_TAG_pointer_type
    1184                      .dwattr $C$DW$T$101, DW_AT_type(*$C$DW$T$100)
    1185                      .dwattr $C$DW$T$101, DW_AT_address_class(0x20)
    1186              
    1187                      .dwendtag $C$DW$TU$101
    1188              
    1189              
    1190              $C$DW$TU$42     .dwtag  DW_TAG_type_unit
    1191                      .dwmtype  $C$DW$T$42
    1192              
    1193              $C$DW$T$42      .dwtag  DW_TAG_structure_type
    1194                      .dwattr $C$DW$T$42, DW_AT_name("PIEACK_BITS")
    1195                      .dwattr $C$DW$T$42, DW_AT_byte_size(0x01)
    1196              $C$DW$85        .dwtag  DW_TAG_member
    1197                      .dwattr $C$DW$85, DW_AT_type(*$C$DW$T$41)
    1198                      .dwattr $C$DW$85, DW_AT_name("ACK1")
    1199                      .dwattr $C$DW$85, DW_AT_bit_offset(0x0f)
    1200                      .dwattr $C$DW$85, DW_AT_bit_size(0x01)
    1201                      .dwattr $C$DW$85, DW_AT_accessibility(DW_ACCESS_public)
    1202                      .dwattr $C$DW$85, DW_AT_decl_file("/home/jose/ti/c2000/C2000Ware_26_01_00_00/device_support/f2837xd/h
    1203                      .dwattr $C$DW$85, DW_AT_decl_line(0x41)
    1204                      .dwattr $C$DW$85, DW_AT_decl_column(0x0c)
    1205              
    1206              $C$DW$86        .dwtag  DW_TAG_member
    1207                      .dwattr $C$DW$86, DW_AT_type(*$C$DW$T$41)
    1208                      .dwattr $C$DW$86, DW_AT_name("ACK2")
    1209                      .dwattr $C$DW$86, DW_AT_bit_offset(0x0e)
    1210                      .dwattr $C$DW$86, DW_AT_bit_size(0x01)
    1211                      .dwattr $C$DW$86, DW_AT_accessibility(DW_ACCESS_public)
    1212                      .dwattr $C$DW$86, DW_AT_decl_file("/home/jose/ti/c2000/C2000Ware_26_01_00_00/device_support/f2837xd/h
    1213                      .dwattr $C$DW$86, DW_AT_decl_line(0x42)
    1214                      .dwattr $C$DW$86, DW_AT_decl_column(0x0c)
    1215              
    1216              $C$DW$87        .dwtag  DW_TAG_member
    1217                      .dwattr $C$DW$87, DW_AT_type(*$C$DW$T$41)
    1218                      .dwattr $C$DW$87, DW_AT_name("ACK3")
    1219                      .dwattr $C$DW$87, DW_AT_bit_offset(0x0d)
    1220                      .dwattr $C$DW$87, DW_AT_bit_size(0x01)
    1221                      .dwattr $C$DW$87, DW_AT_accessibility(DW_ACCESS_public)
    1222                      .dwattr $C$DW$87, DW_AT_decl_file("/home/jose/ti/c2000/C2000Ware_26_01_00_00/device_support/f2837xd/h
    1223                      .dwattr $C$DW$87, DW_AT_decl_line(0x43)
    1224                      .dwattr $C$DW$87, DW_AT_decl_column(0x0c)
    1225              
    1226              $C$DW$88        .dwtag  DW_TAG_member
    1227                      .dwattr $C$DW$88, DW_AT_type(*$C$DW$T$41)
    1228                      .dwattr $C$DW$88, DW_AT_name("ACK4")
    1229                      .dwattr $C$DW$88, DW_AT_bit_offset(0x0c)
    1230                      .dwattr $C$DW$88, DW_AT_bit_size(0x01)
    1231                      .dwattr $C$DW$88, DW_AT_accessibility(DW_ACCESS_public)
    1232                      .dwattr $C$DW$88, DW_AT_decl_file("/home/jose/ti/c2000/C2000Ware_26_01_00_00/device_support/f2837xd/h
    1233                      .dwattr $C$DW$88, DW_AT_decl_line(0x44)
    1234                      .dwattr $C$DW$88, DW_AT_decl_column(0x0c)
    1235              
    1236              $C$DW$89        .dwtag  DW_TAG_member
TMS320C2000 Assembler Unix v25.11.0 Sat May 30 20:22:51 2026

Copyright (c) 1996-2018 Texas Instruments Incorporated
main.asm                                                             PAGE   24

    1237                      .dwattr $C$DW$89, DW_AT_type(*$C$DW$T$41)
    1238                      .dwattr $C$DW$89, DW_AT_name("ACK5")
    1239                      .dwattr $C$DW$89, DW_AT_bit_offset(0x0b)
    1240                      .dwattr $C$DW$89, DW_AT_bit_size(0x01)
    1241                      .dwattr $C$DW$89, DW_AT_accessibility(DW_ACCESS_public)
    1242                      .dwattr $C$DW$89, DW_AT_decl_file("/home/jose/ti/c2000/C2000Ware_26_01_00_00/device_support/f2837xd/h
    1243                      .dwattr $C$DW$89, DW_AT_decl_line(0x45)
    1244                      .dwattr $C$DW$89, DW_AT_decl_column(0x0c)
    1245              
    1246              $C$DW$90        .dwtag  DW_TAG_member
    1247                      .dwattr $C$DW$90, DW_AT_type(*$C$DW$T$41)
    1248                      .dwattr $C$DW$90, DW_AT_name("ACK6")
    1249                      .dwattr $C$DW$90, DW_AT_bit_offset(0x0a)
    1250                      .dwattr $C$DW$90, DW_AT_bit_size(0x01)
    1251                      .dwattr $C$DW$90, DW_AT_accessibility(DW_ACCESS_public)
    1252                      .dwattr $C$DW$90, DW_AT_decl_file("/home/jose/ti/c2000/C2000Ware_26_01_00_00/device_support/f2837xd/h
    1253                      .dwattr $C$DW$90, DW_AT_decl_line(0x46)
    1254                      .dwattr $C$DW$90, DW_AT_decl_column(0x0c)
    1255              
    1256              $C$DW$91        .dwtag  DW_TAG_member
    1257                      .dwattr $C$DW$91, DW_AT_type(*$C$DW$T$41)
    1258                      .dwattr $C$DW$91, DW_AT_name("ACK7")
    1259                      .dwattr $C$DW$91, DW_AT_bit_offset(0x09)
    1260                      .dwattr $C$DW$91, DW_AT_bit_size(0x01)
    1261                      .dwattr $C$DW$91, DW_AT_accessibility(DW_ACCESS_public)
    1262                      .dwattr $C$DW$91, DW_AT_decl_file("/home/jose/ti/c2000/C2000Ware_26_01_00_00/device_support/f2837xd/h
    1263                      .dwattr $C$DW$91, DW_AT_decl_line(0x47)
    1264                      .dwattr $C$DW$91, DW_AT_decl_column(0x0c)
    1265              
    1266              $C$DW$92        .dwtag  DW_TAG_member
    1267                      .dwattr $C$DW$92, DW_AT_type(*$C$DW$T$41)
    1268                      .dwattr $C$DW$92, DW_AT_name("ACK8")
    1269                      .dwattr $C$DW$92, DW_AT_bit_offset(0x08)
    1270                      .dwattr $C$DW$92, DW_AT_bit_size(0x01)
    1271                      .dwattr $C$DW$92, DW_AT_accessibility(DW_ACCESS_public)
    1272                      .dwattr $C$DW$92, DW_AT_decl_file("/home/jose/ti/c2000/C2000Ware_26_01_00_00/device_support/f2837xd/h
    1273                      .dwattr $C$DW$92, DW_AT_decl_line(0x48)
    1274                      .dwattr $C$DW$92, DW_AT_decl_column(0x0c)
    1275              
    1276              $C$DW$93        .dwtag  DW_TAG_member
    1277                      .dwattr $C$DW$93, DW_AT_type(*$C$DW$T$41)
    1278                      .dwattr $C$DW$93, DW_AT_name("ACK9")
    1279                      .dwattr $C$DW$93, DW_AT_bit_offset(0x07)
    1280                      .dwattr $C$DW$93, DW_AT_bit_size(0x01)
    1281                      .dwattr $C$DW$93, DW_AT_accessibility(DW_ACCESS_public)
    1282                      .dwattr $C$DW$93, DW_AT_decl_file("/home/jose/ti/c2000/C2000Ware_26_01_00_00/device_support/f2837xd/h
    1283                      .dwattr $C$DW$93, DW_AT_decl_line(0x49)
    1284                      .dwattr $C$DW$93, DW_AT_decl_column(0x0c)
    1285              
    1286              $C$DW$94        .dwtag  DW_TAG_member
    1287                      .dwattr $C$DW$94, DW_AT_type(*$C$DW$T$41)
    1288                      .dwattr $C$DW$94, DW_AT_name("ACK10")
    1289                      .dwattr $C$DW$94, DW_AT_bit_offset(0x06)
    1290                      .dwattr $C$DW$94, DW_AT_bit_size(0x01)
    1291                      .dwattr $C$DW$94, DW_AT_accessibility(DW_ACCESS_public)
TMS320C2000 Assembler Unix v25.11.0 Sat May 30 20:22:51 2026

Copyright (c) 1996-2018 Texas Instruments Incorporated
main.asm                                                             PAGE   25

    1292                      .dwattr $C$DW$94, DW_AT_decl_file("/home/jose/ti/c2000/C2000Ware_26_01_00_00/device_support/f2837xd/h
    1293                      .dwattr $C$DW$94, DW_AT_decl_line(0x4a)
    1294                      .dwattr $C$DW$94, DW_AT_decl_column(0x0c)
    1295              
    1296              $C$DW$95        .dwtag  DW_TAG_member
    1297                      .dwattr $C$DW$95, DW_AT_type(*$C$DW$T$41)
    1298                      .dwattr $C$DW$95, DW_AT_name("ACK11")
    1299                      .dwattr $C$DW$95, DW_AT_bit_offset(0x05)
    1300                      .dwattr $C$DW$95, DW_AT_bit_size(0x01)
    1301                      .dwattr $C$DW$95, DW_AT_accessibility(DW_ACCESS_public)
    1302                      .dwattr $C$DW$95, DW_AT_decl_file("/home/jose/ti/c2000/C2000Ware_26_01_00_00/device_support/f2837xd/h
    1303                      .dwattr $C$DW$95, DW_AT_decl_line(0x4b)
    1304                      .dwattr $C$DW$95, DW_AT_decl_column(0x0c)
    1305              
    1306              $C$DW$96        .dwtag  DW_TAG_member
    1307                      .dwattr $C$DW$96, DW_AT_type(*$C$DW$T$41)
    1308                      .dwattr $C$DW$96, DW_AT_name("ACK12")
    1309                      .dwattr $C$DW$96, DW_AT_bit_offset(0x04)
    1310                      .dwattr $C$DW$96, DW_AT_bit_size(0x01)
    1311                      .dwattr $C$DW$96, DW_AT_accessibility(DW_ACCESS_public)
    1312                      .dwattr $C$DW$96, DW_AT_decl_file("/home/jose/ti/c2000/C2000Ware_26_01_00_00/device_support/f2837xd/h
    1313                      .dwattr $C$DW$96, DW_AT_decl_line(0x4c)
    1314                      .dwattr $C$DW$96, DW_AT_decl_column(0x0c)
    1315              
    1316              $C$DW$97        .dwtag  DW_TAG_member
    1317                      .dwattr $C$DW$97, DW_AT_type(*$C$DW$T$41)
    1318                      .dwattr $C$DW$97, DW_AT_name("rsvd1")
    1319                      .dwattr $C$DW$97, DW_AT_bit_offset(0x00)
    1320                      .dwattr $C$DW$97, DW_AT_bit_size(0x04)
    1321                      .dwattr $C$DW$97, DW_AT_accessibility(DW_ACCESS_public)
    1322                      .dwattr $C$DW$97, DW_AT_decl_file("/home/jose/ti/c2000/C2000Ware_26_01_00_00/device_support/f2837xd/h
    1323                      .dwattr $C$DW$97, DW_AT_decl_line(0x4d)
    1324                      .dwattr $C$DW$97, DW_AT_decl_column(0x0c)
    1325              
    1326                      .dwattr $C$DW$T$42, DW_AT_decl_file("/home/jose/ti/c2000/C2000Ware_26_01_00_00/device_support/f2837xd
    1327                      .dwattr $C$DW$T$42, DW_AT_decl_line(0x40)
    1328                      .dwattr $C$DW$T$42, DW_AT_decl_column(0x08)
    1329                      .dwendtag $C$DW$T$42
    1330              
    1331                      .dwendtag $C$DW$TU$42
    1332              
    1333              
    1334              $C$DW$TU$43     .dwtag  DW_TAG_type_unit
    1335                      .dwmtype  $C$DW$T$43
    1336              
    1337              $C$DW$T$43      .dwtag  DW_TAG_union_type
    1338                      .dwattr $C$DW$T$43, DW_AT_name("PIEACK_REG")
    1339                      .dwattr $C$DW$T$43, DW_AT_byte_size(0x01)
    1340              $C$DW$98        .dwtag  DW_TAG_member
    1341                      .dwattr $C$DW$98, DW_AT_type(*$C$DW$T$41)
    1342                      .dwattr $C$DW$98, DW_AT_name("all")
    1343                      .dwattr $C$DW$98, DW_AT_accessibility(DW_ACCESS_public)
    1344                      .dwattr $C$DW$98, DW_AT_decl_file("/home/jose/ti/c2000/C2000Ware_26_01_00_00/device_support/f2837xd/h
    1345                      .dwattr $C$DW$98, DW_AT_decl_line(0x51)
    1346                      .dwattr $C$DW$98, DW_AT_decl_column(0x0d)
TMS320C2000 Assembler Unix v25.11.0 Sat May 30 20:22:51 2026

Copyright (c) 1996-2018 Texas Instruments Incorporated
main.asm                                                             PAGE   26

    1347              
    1348              $C$DW$99        .dwtag  DW_TAG_member
    1349                      .dwattr $C$DW$99, DW_AT_type(*$C$DW$T$42)
    1350                      .dwattr $C$DW$99, DW_AT_name("bit")
    1351                      .dwattr $C$DW$99, DW_AT_accessibility(DW_ACCESS_public)
    1352                      .dwattr $C$DW$99, DW_AT_decl_file("/home/jose/ti/c2000/C2000Ware_26_01_00_00/device_support/f2837xd/h
    1353                      .dwattr $C$DW$99, DW_AT_decl_line(0x52)
    1354                      .dwattr $C$DW$99, DW_AT_decl_column(0x1a)
    1355              
    1356                      .dwattr $C$DW$T$43, DW_AT_decl_file("/home/jose/ti/c2000/C2000Ware_26_01_00_00/device_support/f2837xd
    1357                      .dwattr $C$DW$T$43, DW_AT_decl_line(0x50)
    1358                      .dwattr $C$DW$T$43, DW_AT_decl_column(0x07)
    1359                      .dwendtag $C$DW$T$43
    1360              
    1361                      .dwendtag $C$DW$TU$43
    1362              
    1363              
    1364              $C$DW$TU$44     .dwtag  DW_TAG_type_unit
    1365                      .dwmtype  $C$DW$T$44
    1366              
    1367              $C$DW$T$44      .dwtag  DW_TAG_structure_type
    1368                      .dwattr $C$DW$T$44, DW_AT_name("PIECTRL_BITS")
    1369                      .dwattr $C$DW$T$44, DW_AT_byte_size(0x01)
    1370              $C$DW$100       .dwtag  DW_TAG_member
    1371                      .dwattr $C$DW$100, DW_AT_type(*$C$DW$T$41)
    1372                      .dwattr $C$DW$100, DW_AT_name("ENPIE")
    1373                      .dwattr $C$DW$100, DW_AT_bit_offset(0x0f)
    1374                      .dwattr $C$DW$100, DW_AT_bit_size(0x01)
    1375                      .dwattr $C$DW$100, DW_AT_accessibility(DW_ACCESS_public)
    1376                      .dwattr $C$DW$100, DW_AT_decl_file("/home/jose/ti/c2000/C2000Ware_26_01_00_00/device_support/f2837xd/
    1377                      .dwattr $C$DW$100, DW_AT_decl_line(0x37)
    1378                      .dwattr $C$DW$100, DW_AT_decl_column(0x0c)
    1379              
    1380              $C$DW$101       .dwtag  DW_TAG_member
    1381                      .dwattr $C$DW$101, DW_AT_type(*$C$DW$T$41)
    1382                      .dwattr $C$DW$101, DW_AT_name("PIEVECT")
    1383                      .dwattr $C$DW$101, DW_AT_bit_offset(0x00)
    1384                      .dwattr $C$DW$101, DW_AT_bit_size(0x0f)
    1385                      .dwattr $C$DW$101, DW_AT_accessibility(DW_ACCESS_public)
    1386                      .dwattr $C$DW$101, DW_AT_decl_file("/home/jose/ti/c2000/C2000Ware_26_01_00_00/device_support/f2837xd/
    1387                      .dwattr $C$DW$101, DW_AT_decl_line(0x38)
    1388                      .dwattr $C$DW$101, DW_AT_decl_column(0x0c)
    1389              
    1390                      .dwattr $C$DW$T$44, DW_AT_decl_file("/home/jose/ti/c2000/C2000Ware_26_01_00_00/device_support/f2837xd
    1391                      .dwattr $C$DW$T$44, DW_AT_decl_line(0x36)
    1392                      .dwattr $C$DW$T$44, DW_AT_decl_column(0x08)
    1393                      .dwendtag $C$DW$T$44
    1394              
    1395                      .dwendtag $C$DW$TU$44
    1396              
    1397              
    1398              $C$DW$TU$45     .dwtag  DW_TAG_type_unit
    1399                      .dwmtype  $C$DW$T$45
    1400              
    1401              $C$DW$T$45      .dwtag  DW_TAG_union_type
TMS320C2000 Assembler Unix v25.11.0 Sat May 30 20:22:51 2026

Copyright (c) 1996-2018 Texas Instruments Incorporated
main.asm                                                             PAGE   27

    1402                      .dwattr $C$DW$T$45, DW_AT_name("PIECTRL_REG")
    1403                      .dwattr $C$DW$T$45, DW_AT_byte_size(0x01)
    1404              $C$DW$102       .dwtag  DW_TAG_member
    1405                      .dwattr $C$DW$102, DW_AT_type(*$C$DW$T$41)
    1406                      .dwattr $C$DW$102, DW_AT_name("all")
    1407                      .dwattr $C$DW$102, DW_AT_accessibility(DW_ACCESS_public)
    1408                      .dwattr $C$DW$102, DW_AT_decl_file("/home/jose/ti/c2000/C2000Ware_26_01_00_00/device_support/f2837xd/
    1409                      .dwattr $C$DW$102, DW_AT_decl_line(0x3c)
    1410                      .dwattr $C$DW$102, DW_AT_decl_column(0x0d)
    1411              
    1412              $C$DW$103       .dwtag  DW_TAG_member
    1413                      .dwattr $C$DW$103, DW_AT_type(*$C$DW$T$44)
    1414                      .dwattr $C$DW$103, DW_AT_name("bit")
    1415                      .dwattr $C$DW$103, DW_AT_accessibility(DW_ACCESS_public)
    1416                      .dwattr $C$DW$103, DW_AT_decl_file("/home/jose/ti/c2000/C2000Ware_26_01_00_00/device_support/f2837xd/
    1417                      .dwattr $C$DW$103, DW_AT_decl_line(0x3d)
    1418                      .dwattr $C$DW$103, DW_AT_decl_column(0x1b)
    1419              
    1420                      .dwattr $C$DW$T$45, DW_AT_decl_file("/home/jose/ti/c2000/C2000Ware_26_01_00_00/device_support/f2837xd
    1421                      .dwattr $C$DW$T$45, DW_AT_decl_line(0x3b)
    1422                      .dwattr $C$DW$T$45, DW_AT_decl_column(0x07)
    1423                      .dwendtag $C$DW$T$45
    1424              
    1425                      .dwendtag $C$DW$TU$45
    1426              
    1427              
    1428              $C$DW$TU$46     .dwtag  DW_TAG_type_unit
    1429                      .dwmtype  $C$DW$T$46
    1430              
    1431              $C$DW$T$46      .dwtag  DW_TAG_structure_type
    1432                      .dwattr $C$DW$T$46, DW_AT_name("PIEIER10_BITS")
    1433                      .dwattr $C$DW$T$46, DW_AT_byte_size(0x01)
    1434              $C$DW$104       .dwtag  DW_TAG_member
    1435                      .dwattr $C$DW$104, DW_AT_type(*$C$DW$T$41)
    1436                      .dwattr $C$DW$104, DW_AT_name("INTx1")
    1437                      .dwattr $C$DW$104, DW_AT_bit_offset(0x0f)
    1438                      .dwattr $C$DW$104, DW_AT_bit_size(0x01)
    1439                      .dwattr $C$DW$104, DW_AT_accessibility(DW_ACCESS_public)
    1440                      .dwattr $C$DW$104, DW_AT_decl_file("/home/jose/ti/c2000/C2000Ware_26_01_00_00/device_support/f2837xd/
    1441                      .dwattr $C$DW$104, DW_AT_decl_line(0x206)
    1442                      .dwattr $C$DW$104, DW_AT_decl_column(0x0c)
    1443              
    1444              $C$DW$105       .dwtag  DW_TAG_member
    1445                      .dwattr $C$DW$105, DW_AT_type(*$C$DW$T$41)
    1446                      .dwattr $C$DW$105, DW_AT_name("INTx2")
    1447                      .dwattr $C$DW$105, DW_AT_bit_offset(0x0e)
    1448                      .dwattr $C$DW$105, DW_AT_bit_size(0x01)
    1449                      .dwattr $C$DW$105, DW_AT_accessibility(DW_ACCESS_public)
    1450                      .dwattr $C$DW$105, DW_AT_decl_file("/home/jose/ti/c2000/C2000Ware_26_01_00_00/device_support/f2837xd/
    1451                      .dwattr $C$DW$105, DW_AT_decl_line(0x207)
    1452                      .dwattr $C$DW$105, DW_AT_decl_column(0x0c)
    1453              
    1454              $C$DW$106       .dwtag  DW_TAG_member
    1455                      .dwattr $C$DW$106, DW_AT_type(*$C$DW$T$41)
    1456                      .dwattr $C$DW$106, DW_AT_name("INTx3")
TMS320C2000 Assembler Unix v25.11.0 Sat May 30 20:22:51 2026

Copyright (c) 1996-2018 Texas Instruments Incorporated
main.asm                                                             PAGE   28

    1457                      .dwattr $C$DW$106, DW_AT_bit_offset(0x0d)
    1458                      .dwattr $C$DW$106, DW_AT_bit_size(0x01)
    1459                      .dwattr $C$DW$106, DW_AT_accessibility(DW_ACCESS_public)
    1460                      .dwattr $C$DW$106, DW_AT_decl_file("/home/jose/ti/c2000/C2000Ware_26_01_00_00/device_support/f2837xd/
    1461                      .dwattr $C$DW$106, DW_AT_decl_line(0x208)
    1462                      .dwattr $C$DW$106, DW_AT_decl_column(0x0c)
    1463              
    1464              $C$DW$107       .dwtag  DW_TAG_member
    1465                      .dwattr $C$DW$107, DW_AT_type(*$C$DW$T$41)
    1466                      .dwattr $C$DW$107, DW_AT_name("INTx4")
    1467                      .dwattr $C$DW$107, DW_AT_bit_offset(0x0c)
    1468                      .dwattr $C$DW$107, DW_AT_bit_size(0x01)
    1469                      .dwattr $C$DW$107, DW_AT_accessibility(DW_ACCESS_public)
    1470                      .dwattr $C$DW$107, DW_AT_decl_file("/home/jose/ti/c2000/C2000Ware_26_01_00_00/device_support/f2837xd/
    1471                      .dwattr $C$DW$107, DW_AT_decl_line(0x209)
    1472                      .dwattr $C$DW$107, DW_AT_decl_column(0x0c)
    1473              
    1474              $C$DW$108       .dwtag  DW_TAG_member
    1475                      .dwattr $C$DW$108, DW_AT_type(*$C$DW$T$41)
    1476                      .dwattr $C$DW$108, DW_AT_name("INTx5")
    1477                      .dwattr $C$DW$108, DW_AT_bit_offset(0x0b)
    1478                      .dwattr $C$DW$108, DW_AT_bit_size(0x01)
    1479                      .dwattr $C$DW$108, DW_AT_accessibility(DW_ACCESS_public)
    1480                      .dwattr $C$DW$108, DW_AT_decl_file("/home/jose/ti/c2000/C2000Ware_26_01_00_00/device_support/f2837xd/
    1481                      .dwattr $C$DW$108, DW_AT_decl_line(0x20a)
    1482                      .dwattr $C$DW$108, DW_AT_decl_column(0x0c)
    1483              
    1484              $C$DW$109       .dwtag  DW_TAG_member
    1485                      .dwattr $C$DW$109, DW_AT_type(*$C$DW$T$41)
    1486                      .dwattr $C$DW$109, DW_AT_name("INTx6")
    1487                      .dwattr $C$DW$109, DW_AT_bit_offset(0x0a)
    1488                      .dwattr $C$DW$109, DW_AT_bit_size(0x01)
    1489                      .dwattr $C$DW$109, DW_AT_accessibility(DW_ACCESS_public)
    1490                      .dwattr $C$DW$109, DW_AT_decl_file("/home/jose/ti/c2000/C2000Ware_26_01_00_00/device_support/f2837xd/
    1491                      .dwattr $C$DW$109, DW_AT_decl_line(0x20b)
    1492                      .dwattr $C$DW$109, DW_AT_decl_column(0x0c)
    1493              
    1494              $C$DW$110       .dwtag  DW_TAG_member
    1495                      .dwattr $C$DW$110, DW_AT_type(*$C$DW$T$41)
    1496                      .dwattr $C$DW$110, DW_AT_name("INTx7")
    1497                      .dwattr $C$DW$110, DW_AT_bit_offset(0x09)
    1498                      .dwattr $C$DW$110, DW_AT_bit_size(0x01)
    1499                      .dwattr $C$DW$110, DW_AT_accessibility(DW_ACCESS_public)
    1500                      .dwattr $C$DW$110, DW_AT_decl_file("/home/jose/ti/c2000/C2000Ware_26_01_00_00/device_support/f2837xd/
    1501                      .dwattr $C$DW$110, DW_AT_decl_line(0x20c)
    1502                      .dwattr $C$DW$110, DW_AT_decl_column(0x0c)
    1503              
    1504              $C$DW$111       .dwtag  DW_TAG_member
    1505                      .dwattr $C$DW$111, DW_AT_type(*$C$DW$T$41)
    1506                      .dwattr $C$DW$111, DW_AT_name("INTx8")
    1507                      .dwattr $C$DW$111, DW_AT_bit_offset(0x08)
    1508                      .dwattr $C$DW$111, DW_AT_bit_size(0x01)
    1509                      .dwattr $C$DW$111, DW_AT_accessibility(DW_ACCESS_public)
    1510                      .dwattr $C$DW$111, DW_AT_decl_file("/home/jose/ti/c2000/C2000Ware_26_01_00_00/device_support/f2837xd/
    1511                      .dwattr $C$DW$111, DW_AT_decl_line(0x20d)
TMS320C2000 Assembler Unix v25.11.0 Sat May 30 20:22:51 2026

Copyright (c) 1996-2018 Texas Instruments Incorporated
main.asm                                                             PAGE   29

    1512                      .dwattr $C$DW$111, DW_AT_decl_column(0x0c)
    1513              
    1514              $C$DW$112       .dwtag  DW_TAG_member
    1515                      .dwattr $C$DW$112, DW_AT_type(*$C$DW$T$41)
    1516                      .dwattr $C$DW$112, DW_AT_name("INTx9")
    1517                      .dwattr $C$DW$112, DW_AT_bit_offset(0x07)
    1518                      .dwattr $C$DW$112, DW_AT_bit_size(0x01)
    1519                      .dwattr $C$DW$112, DW_AT_accessibility(DW_ACCESS_public)
    1520                      .dwattr $C$DW$112, DW_AT_decl_file("/home/jose/ti/c2000/C2000Ware_26_01_00_00/device_support/f2837xd/
    1521                      .dwattr $C$DW$112, DW_AT_decl_line(0x20e)
    1522                      .dwattr $C$DW$112, DW_AT_decl_column(0x0c)
    1523              
    1524              $C$DW$113       .dwtag  DW_TAG_member
    1525                      .dwattr $C$DW$113, DW_AT_type(*$C$DW$T$41)
    1526                      .dwattr $C$DW$113, DW_AT_name("INTx10")
    1527                      .dwattr $C$DW$113, DW_AT_bit_offset(0x06)
    1528                      .dwattr $C$DW$113, DW_AT_bit_size(0x01)
    1529                      .dwattr $C$DW$113, DW_AT_accessibility(DW_ACCESS_public)
    1530                      .dwattr $C$DW$113, DW_AT_decl_file("/home/jose/ti/c2000/C2000Ware_26_01_00_00/device_support/f2837xd/
    1531                      .dwattr $C$DW$113, DW_AT_decl_line(0x20f)
    1532                      .dwattr $C$DW$113, DW_AT_decl_column(0x0c)
    1533              
    1534              $C$DW$114       .dwtag  DW_TAG_member
    1535                      .dwattr $C$DW$114, DW_AT_type(*$C$DW$T$41)
    1536                      .dwattr $C$DW$114, DW_AT_name("INTx11")
    1537                      .dwattr $C$DW$114, DW_AT_bit_offset(0x05)
    1538                      .dwattr $C$DW$114, DW_AT_bit_size(0x01)
    1539                      .dwattr $C$DW$114, DW_AT_accessibility(DW_ACCESS_public)
    1540                      .dwattr $C$DW$114, DW_AT_decl_file("/home/jose/ti/c2000/C2000Ware_26_01_00_00/device_support/f2837xd/
    1541                      .dwattr $C$DW$114, DW_AT_decl_line(0x210)
    1542                      .dwattr $C$DW$114, DW_AT_decl_column(0x0c)
    1543              
    1544              $C$DW$115       .dwtag  DW_TAG_member
    1545                      .dwattr $C$DW$115, DW_AT_type(*$C$DW$T$41)
    1546                      .dwattr $C$DW$115, DW_AT_name("INTx12")
    1547                      .dwattr $C$DW$115, DW_AT_bit_offset(0x04)
    1548                      .dwattr $C$DW$115, DW_AT_bit_size(0x01)
    1549                      .dwattr $C$DW$115, DW_AT_accessibility(DW_ACCESS_public)
    1550                      .dwattr $C$DW$115, DW_AT_decl_file("/home/jose/ti/c2000/C2000Ware_26_01_00_00/device_support/f2837xd/
    1551                      .dwattr $C$DW$115, DW_AT_decl_line(0x211)
    1552                      .dwattr $C$DW$115, DW_AT_decl_column(0x0c)
    1553              
    1554              $C$DW$116       .dwtag  DW_TAG_member
    1555                      .dwattr $C$DW$116, DW_AT_type(*$C$DW$T$41)
    1556                      .dwattr $C$DW$116, DW_AT_name("INTx13")
    1557                      .dwattr $C$DW$116, DW_AT_bit_offset(0x03)
    1558                      .dwattr $C$DW$116, DW_AT_bit_size(0x01)
    1559                      .dwattr $C$DW$116, DW_AT_accessibility(DW_ACCESS_public)
    1560                      .dwattr $C$DW$116, DW_AT_decl_file("/home/jose/ti/c2000/C2000Ware_26_01_00_00/device_support/f2837xd/
    1561                      .dwattr $C$DW$116, DW_AT_decl_line(0x212)
    1562                      .dwattr $C$DW$116, DW_AT_decl_column(0x0c)
    1563              
    1564              $C$DW$117       .dwtag  DW_TAG_member
    1565                      .dwattr $C$DW$117, DW_AT_type(*$C$DW$T$41)
    1566                      .dwattr $C$DW$117, DW_AT_name("INTx14")
TMS320C2000 Assembler Unix v25.11.0 Sat May 30 20:22:51 2026

Copyright (c) 1996-2018 Texas Instruments Incorporated
main.asm                                                             PAGE   30

    1567                      .dwattr $C$DW$117, DW_AT_bit_offset(0x02)
    1568                      .dwattr $C$DW$117, DW_AT_bit_size(0x01)
    1569                      .dwattr $C$DW$117, DW_AT_accessibility(DW_ACCESS_public)
    1570                      .dwattr $C$DW$117, DW_AT_decl_file("/home/jose/ti/c2000/C2000Ware_26_01_00_00/device_support/f2837xd/
    1571                      .dwattr $C$DW$117, DW_AT_decl_line(0x213)
    1572                      .dwattr $C$DW$117, DW_AT_decl_column(0x0c)
    1573              
    1574              $C$DW$118       .dwtag  DW_TAG_member
    1575                      .dwattr $C$DW$118, DW_AT_type(*$C$DW$T$41)
    1576                      .dwattr $C$DW$118, DW_AT_name("INTx15")
    1577                      .dwattr $C$DW$118, DW_AT_bit_offset(0x01)
    1578                      .dwattr $C$DW$118, DW_AT_bit_size(0x01)
    1579                      .dwattr $C$DW$118, DW_AT_accessibility(DW_ACCESS_public)
    1580                      .dwattr $C$DW$118, DW_AT_decl_file("/home/jose/ti/c2000/C2000Ware_26_01_00_00/device_support/f2837xd/
    1581                      .dwattr $C$DW$118, DW_AT_decl_line(0x214)
    1582                      .dwattr $C$DW$118, DW_AT_decl_column(0x0c)
    1583              
    1584              $C$DW$119       .dwtag  DW_TAG_member
    1585                      .dwattr $C$DW$119, DW_AT_type(*$C$DW$T$41)
    1586                      .dwattr $C$DW$119, DW_AT_name("INTx16")
    1587                      .dwattr $C$DW$119, DW_AT_bit_offset(0x00)
    1588                      .dwattr $C$DW$119, DW_AT_bit_size(0x01)
    1589                      .dwattr $C$DW$119, DW_AT_accessibility(DW_ACCESS_public)
    1590                      .dwattr $C$DW$119, DW_AT_decl_file("/home/jose/ti/c2000/C2000Ware_26_01_00_00/device_support/f2837xd/
    1591                      .dwattr $C$DW$119, DW_AT_decl_line(0x215)
    1592                      .dwattr $C$DW$119, DW_AT_decl_column(0x0c)
    1593              
    1594                      .dwattr $C$DW$T$46, DW_AT_decl_file("/home/jose/ti/c2000/C2000Ware_26_01_00_00/device_support/f2837xd
    1595                      .dwattr $C$DW$T$46, DW_AT_decl_line(0x205)
    1596                      .dwattr $C$DW$T$46, DW_AT_decl_column(0x08)
    1597                      .dwendtag $C$DW$T$46
    1598              
    1599                      .dwendtag $C$DW$TU$46
    1600              
    1601              
    1602              $C$DW$TU$47     .dwtag  DW_TAG_type_unit
    1603                      .dwmtype  $C$DW$T$47
    1604              
    1605              $C$DW$T$47      .dwtag  DW_TAG_union_type
    1606                      .dwattr $C$DW$T$47, DW_AT_name("PIEIER10_REG")
    1607                      .dwattr $C$DW$T$47, DW_AT_byte_size(0x01)
    1608              $C$DW$120       .dwtag  DW_TAG_member
    1609                      .dwattr $C$DW$120, DW_AT_type(*$C$DW$T$41)
    1610                      .dwattr $C$DW$120, DW_AT_name("all")
    1611                      .dwattr $C$DW$120, DW_AT_accessibility(DW_ACCESS_public)
    1612                      .dwattr $C$DW$120, DW_AT_decl_file("/home/jose/ti/c2000/C2000Ware_26_01_00_00/device_support/f2837xd/
    1613                      .dwattr $C$DW$120, DW_AT_decl_line(0x219)
    1614                      .dwattr $C$DW$120, DW_AT_decl_column(0x0d)
    1615              
    1616              $C$DW$121       .dwtag  DW_TAG_member
    1617                      .dwattr $C$DW$121, DW_AT_type(*$C$DW$T$46)
    1618                      .dwattr $C$DW$121, DW_AT_name("bit")
    1619                      .dwattr $C$DW$121, DW_AT_accessibility(DW_ACCESS_public)
    1620                      .dwattr $C$DW$121, DW_AT_decl_file("/home/jose/ti/c2000/C2000Ware_26_01_00_00/device_support/f2837xd/
    1621                      .dwattr $C$DW$121, DW_AT_decl_line(0x21a)
TMS320C2000 Assembler Unix v25.11.0 Sat May 30 20:22:51 2026

Copyright (c) 1996-2018 Texas Instruments Incorporated
main.asm                                                             PAGE   31

    1622                      .dwattr $C$DW$121, DW_AT_decl_column(0x1c)
    1623              
    1624                      .dwattr $C$DW$T$47, DW_AT_decl_file("/home/jose/ti/c2000/C2000Ware_26_01_00_00/device_support/f2837xd
    1625                      .dwattr $C$DW$T$47, DW_AT_decl_line(0x218)
    1626                      .dwattr $C$DW$T$47, DW_AT_decl_column(0x07)
    1627                      .dwendtag $C$DW$T$47
    1628              
    1629                      .dwendtag $C$DW$TU$47
    1630              
    1631              
    1632              $C$DW$TU$48     .dwtag  DW_TAG_type_unit
    1633                      .dwmtype  $C$DW$T$48
    1634              
    1635              $C$DW$T$48      .dwtag  DW_TAG_structure_type
    1636                      .dwattr $C$DW$T$48, DW_AT_name("PIEIER11_BITS")
    1637                      .dwattr $C$DW$T$48, DW_AT_byte_size(0x01)
    1638              $C$DW$122       .dwtag  DW_TAG_member
    1639                      .dwattr $C$DW$122, DW_AT_type(*$C$DW$T$41)
    1640                      .dwattr $C$DW$122, DW_AT_name("INTx1")
    1641                      .dwattr $C$DW$122, DW_AT_bit_offset(0x0f)
    1642                      .dwattr $C$DW$122, DW_AT_bit_size(0x01)
    1643                      .dwattr $C$DW$122, DW_AT_accessibility(DW_ACCESS_public)
    1644                      .dwattr $C$DW$122, DW_AT_decl_file("/home/jose/ti/c2000/C2000Ware_26_01_00_00/device_support/f2837xd/
    1645                      .dwattr $C$DW$122, DW_AT_decl_line(0x236)
    1646                      .dwattr $C$DW$122, DW_AT_decl_column(0x0c)
    1647              
    1648              $C$DW$123       .dwtag  DW_TAG_member
    1649                      .dwattr $C$DW$123, DW_AT_type(*$C$DW$T$41)
    1650                      .dwattr $C$DW$123, DW_AT_name("INTx2")
    1651                      .dwattr $C$DW$123, DW_AT_bit_offset(0x0e)
    1652                      .dwattr $C$DW$123, DW_AT_bit_size(0x01)
    1653                      .dwattr $C$DW$123, DW_AT_accessibility(DW_ACCESS_public)
    1654                      .dwattr $C$DW$123, DW_AT_decl_file("/home/jose/ti/c2000/C2000Ware_26_01_00_00/device_support/f2837xd/
    1655                      .dwattr $C$DW$123, DW_AT_decl_line(0x237)
    1656                      .dwattr $C$DW$123, DW_AT_decl_column(0x0c)
    1657              
    1658              $C$DW$124       .dwtag  DW_TAG_member
    1659                      .dwattr $C$DW$124, DW_AT_type(*$C$DW$T$41)
    1660                      .dwattr $C$DW$124, DW_AT_name("INTx3")
    1661                      .dwattr $C$DW$124, DW_AT_bit_offset(0x0d)
    1662                      .dwattr $C$DW$124, DW_AT_bit_size(0x01)
    1663                      .dwattr $C$DW$124, DW_AT_accessibility(DW_ACCESS_public)
    1664                      .dwattr $C$DW$124, DW_AT_decl_file("/home/jose/ti/c2000/C2000Ware_26_01_00_00/device_support/f2837xd/
    1665                      .dwattr $C$DW$124, DW_AT_decl_line(0x238)
    1666                      .dwattr $C$DW$124, DW_AT_decl_column(0x0c)
    1667              
    1668              $C$DW$125       .dwtag  DW_TAG_member
    1669                      .dwattr $C$DW$125, DW_AT_type(*$C$DW$T$41)
    1670                      .dwattr $C$DW$125, DW_AT_name("INTx4")
    1671                      .dwattr $C$DW$125, DW_AT_bit_offset(0x0c)
    1672                      .dwattr $C$DW$125, DW_AT_bit_size(0x01)
    1673                      .dwattr $C$DW$125, DW_AT_accessibility(DW_ACCESS_public)
    1674                      .dwattr $C$DW$125, DW_AT_decl_file("/home/jose/ti/c2000/C2000Ware_26_01_00_00/device_support/f2837xd/
    1675                      .dwattr $C$DW$125, DW_AT_decl_line(0x239)
    1676                      .dwattr $C$DW$125, DW_AT_decl_column(0x0c)
TMS320C2000 Assembler Unix v25.11.0 Sat May 30 20:22:51 2026

Copyright (c) 1996-2018 Texas Instruments Incorporated
main.asm                                                             PAGE   32

    1677              
    1678              $C$DW$126       .dwtag  DW_TAG_member
    1679                      .dwattr $C$DW$126, DW_AT_type(*$C$DW$T$41)
    1680                      .dwattr $C$DW$126, DW_AT_name("INTx5")
    1681                      .dwattr $C$DW$126, DW_AT_bit_offset(0x0b)
    1682                      .dwattr $C$DW$126, DW_AT_bit_size(0x01)
    1683                      .dwattr $C$DW$126, DW_AT_accessibility(DW_ACCESS_public)
    1684                      .dwattr $C$DW$126, DW_AT_decl_file("/home/jose/ti/c2000/C2000Ware_26_01_00_00/device_support/f2837xd/
    1685                      .dwattr $C$DW$126, DW_AT_decl_line(0x23a)
    1686                      .dwattr $C$DW$126, DW_AT_decl_column(0x0c)
    1687              
    1688              $C$DW$127       .dwtag  DW_TAG_member
    1689                      .dwattr $C$DW$127, DW_AT_type(*$C$DW$T$41)
    1690                      .dwattr $C$DW$127, DW_AT_name("INTx6")
    1691                      .dwattr $C$DW$127, DW_AT_bit_offset(0x0a)
    1692                      .dwattr $C$DW$127, DW_AT_bit_size(0x01)
    1693                      .dwattr $C$DW$127, DW_AT_accessibility(DW_ACCESS_public)
    1694                      .dwattr $C$DW$127, DW_AT_decl_file("/home/jose/ti/c2000/C2000Ware_26_01_00_00/device_support/f2837xd/
    1695                      .dwattr $C$DW$127, DW_AT_decl_line(0x23b)
    1696                      .dwattr $C$DW$127, DW_AT_decl_column(0x0c)
    1697              
    1698              $C$DW$128       .dwtag  DW_TAG_member
    1699                      .dwattr $C$DW$128, DW_AT_type(*$C$DW$T$41)
    1700                      .dwattr $C$DW$128, DW_AT_name("INTx7")
    1701                      .dwattr $C$DW$128, DW_AT_bit_offset(0x09)
    1702                      .dwattr $C$DW$128, DW_AT_bit_size(0x01)
    1703                      .dwattr $C$DW$128, DW_AT_accessibility(DW_ACCESS_public)
    1704                      .dwattr $C$DW$128, DW_AT_decl_file("/home/jose/ti/c2000/C2000Ware_26_01_00_00/device_support/f2837xd/
    1705                      .dwattr $C$DW$128, DW_AT_decl_line(0x23c)
    1706                      .dwattr $C$DW$128, DW_AT_decl_column(0x0c)
    1707              
    1708              $C$DW$129       .dwtag  DW_TAG_member
    1709                      .dwattr $C$DW$129, DW_AT_type(*$C$DW$T$41)
    1710                      .dwattr $C$DW$129, DW_AT_name("INTx8")
    1711                      .dwattr $C$DW$129, DW_AT_bit_offset(0x08)
    1712                      .dwattr $C$DW$129, DW_AT_bit_size(0x01)
    1713                      .dwattr $C$DW$129, DW_AT_accessibility(DW_ACCESS_public)
    1714                      .dwattr $C$DW$129, DW_AT_decl_file("/home/jose/ti/c2000/C2000Ware_26_01_00_00/device_support/f2837xd/
    1715                      .dwattr $C$DW$129, DW_AT_decl_line(0x23d)
    1716                      .dwattr $C$DW$129, DW_AT_decl_column(0x0c)
    1717              
    1718              $C$DW$130       .dwtag  DW_TAG_member
    1719                      .dwattr $C$DW$130, DW_AT_type(*$C$DW$T$41)
    1720                      .dwattr $C$DW$130, DW_AT_name("INTx9")
    1721                      .dwattr $C$DW$130, DW_AT_bit_offset(0x07)
    1722                      .dwattr $C$DW$130, DW_AT_bit_size(0x01)
    1723                      .dwattr $C$DW$130, DW_AT_accessibility(DW_ACCESS_public)
    1724                      .dwattr $C$DW$130, DW_AT_decl_file("/home/jose/ti/c2000/C2000Ware_26_01_00_00/device_support/f2837xd/
    1725                      .dwattr $C$DW$130, DW_AT_decl_line(0x23e)
    1726                      .dwattr $C$DW$130, DW_AT_decl_column(0x0c)
    1727              
    1728              $C$DW$131       .dwtag  DW_TAG_member
    1729                      .dwattr $C$DW$131, DW_AT_type(*$C$DW$T$41)
    1730                      .dwattr $C$DW$131, DW_AT_name("INTx10")
    1731                      .dwattr $C$DW$131, DW_AT_bit_offset(0x06)
TMS320C2000 Assembler Unix v25.11.0 Sat May 30 20:22:51 2026

Copyright (c) 1996-2018 Texas Instruments Incorporated
main.asm                                                             PAGE   33

    1732                      .dwattr $C$DW$131, DW_AT_bit_size(0x01)
    1733                      .dwattr $C$DW$131, DW_AT_accessibility(DW_ACCESS_public)
    1734                      .dwattr $C$DW$131, DW_AT_decl_file("/home/jose/ti/c2000/C2000Ware_26_01_00_00/device_support/f2837xd/
    1735                      .dwattr $C$DW$131, DW_AT_decl_line(0x23f)
    1736                      .dwattr $C$DW$131, DW_AT_decl_column(0x0c)
    1737              
    1738              $C$DW$132       .dwtag  DW_TAG_member
    1739                      .dwattr $C$DW$132, DW_AT_type(*$C$DW$T$41)
    1740                      .dwattr $C$DW$132, DW_AT_name("INTx11")
    1741                      .dwattr $C$DW$132, DW_AT_bit_offset(0x05)
    1742                      .dwattr $C$DW$132, DW_AT_bit_size(0x01)
    1743                      .dwattr $C$DW$132, DW_AT_accessibility(DW_ACCESS_public)
    1744                      .dwattr $C$DW$132, DW_AT_decl_file("/home/jose/ti/c2000/C2000Ware_26_01_00_00/device_support/f2837xd/
    1745                      .dwattr $C$DW$132, DW_AT_decl_line(0x240)
    1746                      .dwattr $C$DW$132, DW_AT_decl_column(0x0c)
    1747              
    1748              $C$DW$133       .dwtag  DW_TAG_member
    1749                      .dwattr $C$DW$133, DW_AT_type(*$C$DW$T$41)
    1750                      .dwattr $C$DW$133, DW_AT_name("INTx12")
    1751                      .dwattr $C$DW$133, DW_AT_bit_offset(0x04)
    1752                      .dwattr $C$DW$133, DW_AT_bit_size(0x01)
    1753                      .dwattr $C$DW$133, DW_AT_accessibility(DW_ACCESS_public)
    1754                      .dwattr $C$DW$133, DW_AT_decl_file("/home/jose/ti/c2000/C2000Ware_26_01_00_00/device_support/f2837xd/
    1755                      .dwattr $C$DW$133, DW_AT_decl_line(0x241)
    1756                      .dwattr $C$DW$133, DW_AT_decl_column(0x0c)
    1757              
    1758              $C$DW$134       .dwtag  DW_TAG_member
    1759                      .dwattr $C$DW$134, DW_AT_type(*$C$DW$T$41)
    1760                      .dwattr $C$DW$134, DW_AT_name("INTx13")
    1761                      .dwattr $C$DW$134, DW_AT_bit_offset(0x03)
    1762                      .dwattr $C$DW$134, DW_AT_bit_size(0x01)
    1763                      .dwattr $C$DW$134, DW_AT_accessibility(DW_ACCESS_public)
    1764                      .dwattr $C$DW$134, DW_AT_decl_file("/home/jose/ti/c2000/C2000Ware_26_01_00_00/device_support/f2837xd/
    1765                      .dwattr $C$DW$134, DW_AT_decl_line(0x242)
    1766                      .dwattr $C$DW$134, DW_AT_decl_column(0x0c)
    1767              
    1768              $C$DW$135       .dwtag  DW_TAG_member
    1769                      .dwattr $C$DW$135, DW_AT_type(*$C$DW$T$41)
    1770                      .dwattr $C$DW$135, DW_AT_name("INTx14")
    1771                      .dwattr $C$DW$135, DW_AT_bit_offset(0x02)
    1772                      .dwattr $C$DW$135, DW_AT_bit_size(0x01)
    1773                      .dwattr $C$DW$135, DW_AT_accessibility(DW_ACCESS_public)
    1774                      .dwattr $C$DW$135, DW_AT_decl_file("/home/jose/ti/c2000/C2000Ware_26_01_00_00/device_support/f2837xd/
    1775                      .dwattr $C$DW$135, DW_AT_decl_line(0x243)
    1776                      .dwattr $C$DW$135, DW_AT_decl_column(0x0c)
    1777              
    1778              $C$DW$136       .dwtag  DW_TAG_member
    1779                      .dwattr $C$DW$136, DW_AT_type(*$C$DW$T$41)
    1780                      .dwattr $C$DW$136, DW_AT_name("INTx15")
    1781                      .dwattr $C$DW$136, DW_AT_bit_offset(0x01)
    1782                      .dwattr $C$DW$136, DW_AT_bit_size(0x01)
    1783                      .dwattr $C$DW$136, DW_AT_accessibility(DW_ACCESS_public)
    1784                      .dwattr $C$DW$136, DW_AT_decl_file("/home/jose/ti/c2000/C2000Ware_26_01_00_00/device_support/f2837xd/
    1785                      .dwattr $C$DW$136, DW_AT_decl_line(0x244)
    1786                      .dwattr $C$DW$136, DW_AT_decl_column(0x0c)
TMS320C2000 Assembler Unix v25.11.0 Sat May 30 20:22:51 2026

Copyright (c) 1996-2018 Texas Instruments Incorporated
main.asm                                                             PAGE   34

    1787              
    1788              $C$DW$137       .dwtag  DW_TAG_member
    1789                      .dwattr $C$DW$137, DW_AT_type(*$C$DW$T$41)
    1790                      .dwattr $C$DW$137, DW_AT_name("INTx16")
    1791                      .dwattr $C$DW$137, DW_AT_bit_offset(0x00)
    1792                      .dwattr $C$DW$137, DW_AT_bit_size(0x01)
    1793                      .dwattr $C$DW$137, DW_AT_accessibility(DW_ACCESS_public)
    1794                      .dwattr $C$DW$137, DW_AT_decl_file("/home/jose/ti/c2000/C2000Ware_26_01_00_00/device_support/f2837xd/
    1795                      .dwattr $C$DW$137, DW_AT_decl_line(0x245)
    1796                      .dwattr $C$DW$137, DW_AT_decl_column(0x0c)
    1797              
    1798                      .dwattr $C$DW$T$48, DW_AT_decl_file("/home/jose/ti/c2000/C2000Ware_26_01_00_00/device_support/f2837xd
    1799                      .dwattr $C$DW$T$48, DW_AT_decl_line(0x235)
    1800                      .dwattr $C$DW$T$48, DW_AT_decl_column(0x08)
    1801                      .dwendtag $C$DW$T$48
    1802              
    1803                      .dwendtag $C$DW$TU$48
    1804              
    1805              
    1806              $C$DW$TU$49     .dwtag  DW_TAG_type_unit
    1807                      .dwmtype  $C$DW$T$49
    1808              
    1809              $C$DW$T$49      .dwtag  DW_TAG_union_type
    1810                      .dwattr $C$DW$T$49, DW_AT_name("PIEIER11_REG")
    1811                      .dwattr $C$DW$T$49, DW_AT_byte_size(0x01)
    1812              $C$DW$138       .dwtag  DW_TAG_member
    1813                      .dwattr $C$DW$138, DW_AT_type(*$C$DW$T$41)
    1814                      .dwattr $C$DW$138, DW_AT_name("all")
    1815                      .dwattr $C$DW$138, DW_AT_accessibility(DW_ACCESS_public)
    1816                      .dwattr $C$DW$138, DW_AT_decl_file("/home/jose/ti/c2000/C2000Ware_26_01_00_00/device_support/f2837xd/
    1817                      .dwattr $C$DW$138, DW_AT_decl_line(0x249)
    1818                      .dwattr $C$DW$138, DW_AT_decl_column(0x0d)
    1819              
    1820              $C$DW$139       .dwtag  DW_TAG_member
    1821                      .dwattr $C$DW$139, DW_AT_type(*$C$DW$T$48)
    1822                      .dwattr $C$DW$139, DW_AT_name("bit")
    1823                      .dwattr $C$DW$139, DW_AT_accessibility(DW_ACCESS_public)
    1824                      .dwattr $C$DW$139, DW_AT_decl_file("/home/jose/ti/c2000/C2000Ware_26_01_00_00/device_support/f2837xd/
    1825                      .dwattr $C$DW$139, DW_AT_decl_line(0x24a)
    1826                      .dwattr $C$DW$139, DW_AT_decl_column(0x1c)
    1827              
    1828                      .dwattr $C$DW$T$49, DW_AT_decl_file("/home/jose/ti/c2000/C2000Ware_26_01_00_00/device_support/f2837xd
    1829                      .dwattr $C$DW$T$49, DW_AT_decl_line(0x248)
    1830                      .dwattr $C$DW$T$49, DW_AT_decl_column(0x07)
    1831                      .dwendtag $C$DW$T$49
    1832              
    1833                      .dwendtag $C$DW$TU$49
    1834              
    1835              
    1836              $C$DW$TU$50     .dwtag  DW_TAG_type_unit
    1837                      .dwmtype  $C$DW$T$50
    1838              
    1839              $C$DW$T$50      .dwtag  DW_TAG_structure_type
    1840                      .dwattr $C$DW$T$50, DW_AT_name("PIEIER12_BITS")
    1841                      .dwattr $C$DW$T$50, DW_AT_byte_size(0x01)
TMS320C2000 Assembler Unix v25.11.0 Sat May 30 20:22:51 2026

Copyright (c) 1996-2018 Texas Instruments Incorporated
main.asm                                                             PAGE   35

    1842              $C$DW$140       .dwtag  DW_TAG_member
    1843                      .dwattr $C$DW$140, DW_AT_type(*$C$DW$T$41)
    1844                      .dwattr $C$DW$140, DW_AT_name("INTx1")
    1845                      .dwattr $C$DW$140, DW_AT_bit_offset(0x0f)
    1846                      .dwattr $C$DW$140, DW_AT_bit_size(0x01)
    1847                      .dwattr $C$DW$140, DW_AT_accessibility(DW_ACCESS_public)
    1848                      .dwattr $C$DW$140, DW_AT_decl_file("/home/jose/ti/c2000/C2000Ware_26_01_00_00/device_support/f2837xd/
    1849                      .dwattr $C$DW$140, DW_AT_decl_line(0x266)
    1850                      .dwattr $C$DW$140, DW_AT_decl_column(0x0c)
    1851              
    1852              $C$DW$141       .dwtag  DW_TAG_member
    1853                      .dwattr $C$DW$141, DW_AT_type(*$C$DW$T$41)
    1854                      .dwattr $C$DW$141, DW_AT_name("INTx2")
    1855                      .dwattr $C$DW$141, DW_AT_bit_offset(0x0e)
    1856                      .dwattr $C$DW$141, DW_AT_bit_size(0x01)
    1857                      .dwattr $C$DW$141, DW_AT_accessibility(DW_ACCESS_public)
    1858                      .dwattr $C$DW$141, DW_AT_decl_file("/home/jose/ti/c2000/C2000Ware_26_01_00_00/device_support/f2837xd/
    1859                      .dwattr $C$DW$141, DW_AT_decl_line(0x267)
    1860                      .dwattr $C$DW$141, DW_AT_decl_column(0x0c)
    1861              
    1862              $C$DW$142       .dwtag  DW_TAG_member
    1863                      .dwattr $C$DW$142, DW_AT_type(*$C$DW$T$41)
    1864                      .dwattr $C$DW$142, DW_AT_name("INTx3")
    1865                      .dwattr $C$DW$142, DW_AT_bit_offset(0x0d)
    1866                      .dwattr $C$DW$142, DW_AT_bit_size(0x01)
    1867                      .dwattr $C$DW$142, DW_AT_accessibility(DW_ACCESS_public)
    1868                      .dwattr $C$DW$142, DW_AT_decl_file("/home/jose/ti/c2000/C2000Ware_26_01_00_00/device_support/f2837xd/
    1869                      .dwattr $C$DW$142, DW_AT_decl_line(0x268)
    1870                      .dwattr $C$DW$142, DW_AT_decl_column(0x0c)
    1871              
    1872              $C$DW$143       .dwtag  DW_TAG_member
    1873                      .dwattr $C$DW$143, DW_AT_type(*$C$DW$T$41)
    1874                      .dwattr $C$DW$143, DW_AT_name("INTx4")
    1875                      .dwattr $C$DW$143, DW_AT_bit_offset(0x0c)
    1876                      .dwattr $C$DW$143, DW_AT_bit_size(0x01)
    1877                      .dwattr $C$DW$143, DW_AT_accessibility(DW_ACCESS_public)
    1878                      .dwattr $C$DW$143, DW_AT_decl_file("/home/jose/ti/c2000/C2000Ware_26_01_00_00/device_support/f2837xd/
    1879                      .dwattr $C$DW$143, DW_AT_decl_line(0x269)
    1880                      .dwattr $C$DW$143, DW_AT_decl_column(0x0c)
    1881              
    1882              $C$DW$144       .dwtag  DW_TAG_member
    1883                      .dwattr $C$DW$144, DW_AT_type(*$C$DW$T$41)
    1884                      .dwattr $C$DW$144, DW_AT_name("INTx5")
    1885                      .dwattr $C$DW$144, DW_AT_bit_offset(0x0b)
    1886                      .dwattr $C$DW$144, DW_AT_bit_size(0x01)
    1887                      .dwattr $C$DW$144, DW_AT_accessibility(DW_ACCESS_public)
    1888                      .dwattr $C$DW$144, DW_AT_decl_file("/home/jose/ti/c2000/C2000Ware_26_01_00_00/device_support/f2837xd/
    1889                      .dwattr $C$DW$144, DW_AT_decl_line(0x26a)
    1890                      .dwattr $C$DW$144, DW_AT_decl_column(0x0c)
    1891              
    1892              $C$DW$145       .dwtag  DW_TAG_member
    1893                      .dwattr $C$DW$145, DW_AT_type(*$C$DW$T$41)
    1894                      .dwattr $C$DW$145, DW_AT_name("INTx6")
    1895                      .dwattr $C$DW$145, DW_AT_bit_offset(0x0a)
    1896                      .dwattr $C$DW$145, DW_AT_bit_size(0x01)
TMS320C2000 Assembler Unix v25.11.0 Sat May 30 20:22:51 2026

Copyright (c) 1996-2018 Texas Instruments Incorporated
main.asm                                                             PAGE   36

    1897                      .dwattr $C$DW$145, DW_AT_accessibility(DW_ACCESS_public)
    1898                      .dwattr $C$DW$145, DW_AT_decl_file("/home/jose/ti/c2000/C2000Ware_26_01_00_00/device_support/f2837xd/
    1899                      .dwattr $C$DW$145, DW_AT_decl_line(0x26b)
    1900                      .dwattr $C$DW$145, DW_AT_decl_column(0x0c)
    1901              
    1902              $C$DW$146       .dwtag  DW_TAG_member
    1903                      .dwattr $C$DW$146, DW_AT_type(*$C$DW$T$41)
    1904                      .dwattr $C$DW$146, DW_AT_name("INTx7")
    1905                      .dwattr $C$DW$146, DW_AT_bit_offset(0x09)
    1906                      .dwattr $C$DW$146, DW_AT_bit_size(0x01)
    1907                      .dwattr $C$DW$146, DW_AT_accessibility(DW_ACCESS_public)
    1908                      .dwattr $C$DW$146, DW_AT_decl_file("/home/jose/ti/c2000/C2000Ware_26_01_00_00/device_support/f2837xd/
    1909                      .dwattr $C$DW$146, DW_AT_decl_line(0x26c)
    1910                      .dwattr $C$DW$146, DW_AT_decl_column(0x0c)
    1911              
    1912              $C$DW$147       .dwtag  DW_TAG_member
    1913                      .dwattr $C$DW$147, DW_AT_type(*$C$DW$T$41)
    1914                      .dwattr $C$DW$147, DW_AT_name("INTx8")
    1915                      .dwattr $C$DW$147, DW_AT_bit_offset(0x08)
    1916                      .dwattr $C$DW$147, DW_AT_bit_size(0x01)
    1917                      .dwattr $C$DW$147, DW_AT_accessibility(DW_ACCESS_public)
    1918                      .dwattr $C$DW$147, DW_AT_decl_file("/home/jose/ti/c2000/C2000Ware_26_01_00_00/device_support/f2837xd/
    1919                      .dwattr $C$DW$147, DW_AT_decl_line(0x26d)
    1920                      .dwattr $C$DW$147, DW_AT_decl_column(0x0c)
    1921              
    1922              $C$DW$148       .dwtag  DW_TAG_member
    1923                      .dwattr $C$DW$148, DW_AT_type(*$C$DW$T$41)
    1924                      .dwattr $C$DW$148, DW_AT_name("INTx9")
    1925                      .dwattr $C$DW$148, DW_AT_bit_offset(0x07)
    1926                      .dwattr $C$DW$148, DW_AT_bit_size(0x01)
    1927                      .dwattr $C$DW$148, DW_AT_accessibility(DW_ACCESS_public)
    1928                      .dwattr $C$DW$148, DW_AT_decl_file("/home/jose/ti/c2000/C2000Ware_26_01_00_00/device_support/f2837xd/
    1929                      .dwattr $C$DW$148, DW_AT_decl_line(0x26e)
    1930                      .dwattr $C$DW$148, DW_AT_decl_column(0x0c)
    1931              
    1932              $C$DW$149       .dwtag  DW_TAG_member
    1933                      .dwattr $C$DW$149, DW_AT_type(*$C$DW$T$41)
    1934                      .dwattr $C$DW$149, DW_AT_name("INTx10")
    1935                      .dwattr $C$DW$149, DW_AT_bit_offset(0x06)
    1936                      .dwattr $C$DW$149, DW_AT_bit_size(0x01)
    1937                      .dwattr $C$DW$149, DW_AT_accessibility(DW_ACCESS_public)
    1938                      .dwattr $C$DW$149, DW_AT_decl_file("/home/jose/ti/c2000/C2000Ware_26_01_00_00/device_support/f2837xd/
    1939                      .dwattr $C$DW$149, DW_AT_decl_line(0x26f)
    1940                      .dwattr $C$DW$149, DW_AT_decl_column(0x0c)
    1941              
    1942              $C$DW$150       .dwtag  DW_TAG_member
    1943                      .dwattr $C$DW$150, DW_AT_type(*$C$DW$T$41)
    1944                      .dwattr $C$DW$150, DW_AT_name("INTx11")
    1945                      .dwattr $C$DW$150, DW_AT_bit_offset(0x05)
    1946                      .dwattr $C$DW$150, DW_AT_bit_size(0x01)
    1947                      .dwattr $C$DW$150, DW_AT_accessibility(DW_ACCESS_public)
    1948                      .dwattr $C$DW$150, DW_AT_decl_file("/home/jose/ti/c2000/C2000Ware_26_01_00_00/device_support/f2837xd/
    1949                      .dwattr $C$DW$150, DW_AT_decl_line(0x270)
    1950                      .dwattr $C$DW$150, DW_AT_decl_column(0x0c)
    1951              
TMS320C2000 Assembler Unix v25.11.0 Sat May 30 20:22:51 2026

Copyright (c) 1996-2018 Texas Instruments Incorporated
main.asm                                                             PAGE   37

    1952              $C$DW$151       .dwtag  DW_TAG_member
    1953                      .dwattr $C$DW$151, DW_AT_type(*$C$DW$T$41)
    1954                      .dwattr $C$DW$151, DW_AT_name("INTx12")
    1955                      .dwattr $C$DW$151, DW_AT_bit_offset(0x04)
    1956                      .dwattr $C$DW$151, DW_AT_bit_size(0x01)
    1957                      .dwattr $C$DW$151, DW_AT_accessibility(DW_ACCESS_public)
    1958                      .dwattr $C$DW$151, DW_AT_decl_file("/home/jose/ti/c2000/C2000Ware_26_01_00_00/device_support/f2837xd/
    1959                      .dwattr $C$DW$151, DW_AT_decl_line(0x271)
    1960                      .dwattr $C$DW$151, DW_AT_decl_column(0x0c)
    1961              
    1962              $C$DW$152       .dwtag  DW_TAG_member
    1963                      .dwattr $C$DW$152, DW_AT_type(*$C$DW$T$41)
    1964                      .dwattr $C$DW$152, DW_AT_name("INTx13")
    1965                      .dwattr $C$DW$152, DW_AT_bit_offset(0x03)
    1966                      .dwattr $C$DW$152, DW_AT_bit_size(0x01)
    1967                      .dwattr $C$DW$152, DW_AT_accessibility(DW_ACCESS_public)
    1968                      .dwattr $C$DW$152, DW_AT_decl_file("/home/jose/ti/c2000/C2000Ware_26_01_00_00/device_support/f2837xd/
    1969                      .dwattr $C$DW$152, DW_AT_decl_line(0x272)
    1970                      .dwattr $C$DW$152, DW_AT_decl_column(0x0c)
    1971              
    1972              $C$DW$153       .dwtag  DW_TAG_member
    1973                      .dwattr $C$DW$153, DW_AT_type(*$C$DW$T$41)
    1974                      .dwattr $C$DW$153, DW_AT_name("INTx14")
    1975                      .dwattr $C$DW$153, DW_AT_bit_offset(0x02)
    1976                      .dwattr $C$DW$153, DW_AT_bit_size(0x01)
    1977                      .dwattr $C$DW$153, DW_AT_accessibility(DW_ACCESS_public)
    1978                      .dwattr $C$DW$153, DW_AT_decl_file("/home/jose/ti/c2000/C2000Ware_26_01_00_00/device_support/f2837xd/
    1979                      .dwattr $C$DW$153, DW_AT_decl_line(0x273)
    1980                      .dwattr $C$DW$153, DW_AT_decl_column(0x0c)
    1981              
    1982              $C$DW$154       .dwtag  DW_TAG_member
    1983                      .dwattr $C$DW$154, DW_AT_type(*$C$DW$T$41)
    1984                      .dwattr $C$DW$154, DW_AT_name("INTx15")
    1985                      .dwattr $C$DW$154, DW_AT_bit_offset(0x01)
    1986                      .dwattr $C$DW$154, DW_AT_bit_size(0x01)
    1987                      .dwattr $C$DW$154, DW_AT_accessibility(DW_ACCESS_public)
    1988                      .dwattr $C$DW$154, DW_AT_decl_file("/home/jose/ti/c2000/C2000Ware_26_01_00_00/device_support/f2837xd/
    1989                      .dwattr $C$DW$154, DW_AT_decl_line(0x274)
    1990                      .dwattr $C$DW$154, DW_AT_decl_column(0x0c)
    1991              
    1992              $C$DW$155       .dwtag  DW_TAG_member
    1993                      .dwattr $C$DW$155, DW_AT_type(*$C$DW$T$41)
    1994                      .dwattr $C$DW$155, DW_AT_name("INTx16")
    1995                      .dwattr $C$DW$155, DW_AT_bit_offset(0x00)
    1996                      .dwattr $C$DW$155, DW_AT_bit_size(0x01)
    1997                      .dwattr $C$DW$155, DW_AT_accessibility(DW_ACCESS_public)
    1998                      .dwattr $C$DW$155, DW_AT_decl_file("/home/jose/ti/c2000/C2000Ware_26_01_00_00/device_support/f2837xd/
    1999                      .dwattr $C$DW$155, DW_AT_decl_line(0x275)
    2000                      .dwattr $C$DW$155, DW_AT_decl_column(0x0c)
    2001              
    2002                      .dwattr $C$DW$T$50, DW_AT_decl_file("/home/jose/ti/c2000/C2000Ware_26_01_00_00/device_support/f2837xd
    2003                      .dwattr $C$DW$T$50, DW_AT_decl_line(0x265)
    2004                      .dwattr $C$DW$T$50, DW_AT_decl_column(0x08)
    2005                      .dwendtag $C$DW$T$50
    2006              
TMS320C2000 Assembler Unix v25.11.0 Sat May 30 20:22:51 2026

Copyright (c) 1996-2018 Texas Instruments Incorporated
main.asm                                                             PAGE   38

    2007                      .dwendtag $C$DW$TU$50
    2008              
    2009              
    2010              $C$DW$TU$51     .dwtag  DW_TAG_type_unit
    2011                      .dwmtype  $C$DW$T$51
    2012              
    2013              $C$DW$T$51      .dwtag  DW_TAG_union_type
    2014                      .dwattr $C$DW$T$51, DW_AT_name("PIEIER12_REG")
    2015                      .dwattr $C$DW$T$51, DW_AT_byte_size(0x01)
    2016              $C$DW$156       .dwtag  DW_TAG_member
    2017                      .dwattr $C$DW$156, DW_AT_type(*$C$DW$T$41)
    2018                      .dwattr $C$DW$156, DW_AT_name("all")
    2019                      .dwattr $C$DW$156, DW_AT_accessibility(DW_ACCESS_public)
    2020                      .dwattr $C$DW$156, DW_AT_decl_file("/home/jose/ti/c2000/C2000Ware_26_01_00_00/device_support/f2837xd/
    2021                      .dwattr $C$DW$156, DW_AT_decl_line(0x279)
    2022                      .dwattr $C$DW$156, DW_AT_decl_column(0x0d)
    2023              
    2024              $C$DW$157       .dwtag  DW_TAG_member
    2025                      .dwattr $C$DW$157, DW_AT_type(*$C$DW$T$50)
    2026                      .dwattr $C$DW$157, DW_AT_name("bit")
    2027                      .dwattr $C$DW$157, DW_AT_accessibility(DW_ACCESS_public)
    2028                      .dwattr $C$DW$157, DW_AT_decl_file("/home/jose/ti/c2000/C2000Ware_26_01_00_00/device_support/f2837xd/
    2029                      .dwattr $C$DW$157, DW_AT_decl_line(0x27a)
    2030                      .dwattr $C$DW$157, DW_AT_decl_column(0x1c)
    2031              
    2032                      .dwattr $C$DW$T$51, DW_AT_decl_file("/home/jose/ti/c2000/C2000Ware_26_01_00_00/device_support/f2837xd
    2033                      .dwattr $C$DW$T$51, DW_AT_decl_line(0x278)
    2034                      .dwattr $C$DW$T$51, DW_AT_decl_column(0x07)
    2035                      .dwendtag $C$DW$T$51
    2036              
    2037                      .dwendtag $C$DW$TU$51
    2038              
    2039              
    2040              $C$DW$TU$52     .dwtag  DW_TAG_type_unit
    2041                      .dwmtype  $C$DW$T$52
    2042              
    2043              $C$DW$T$52      .dwtag  DW_TAG_structure_type
    2044                      .dwattr $C$DW$T$52, DW_AT_name("PIEIER1_BITS")
    2045                      .dwattr $C$DW$T$52, DW_AT_byte_size(0x01)
    2046              $C$DW$158       .dwtag  DW_TAG_member
    2047                      .dwattr $C$DW$158, DW_AT_type(*$C$DW$T$41)
    2048                      .dwattr $C$DW$158, DW_AT_name("INTx1")
    2049                      .dwattr $C$DW$158, DW_AT_bit_offset(0x0f)
    2050                      .dwattr $C$DW$158, DW_AT_bit_size(0x01)
    2051                      .dwattr $C$DW$158, DW_AT_accessibility(DW_ACCESS_public)
    2052                      .dwattr $C$DW$158, DW_AT_decl_file("/home/jose/ti/c2000/C2000Ware_26_01_00_00/device_support/f2837xd/
    2053                      .dwattr $C$DW$158, DW_AT_decl_line(0x56)
    2054                      .dwattr $C$DW$158, DW_AT_decl_column(0x0c)
    2055              
    2056              $C$DW$159       .dwtag  DW_TAG_member
    2057                      .dwattr $C$DW$159, DW_AT_type(*$C$DW$T$41)
    2058                      .dwattr $C$DW$159, DW_AT_name("INTx2")
    2059                      .dwattr $C$DW$159, DW_AT_bit_offset(0x0e)
    2060                      .dwattr $C$DW$159, DW_AT_bit_size(0x01)
    2061                      .dwattr $C$DW$159, DW_AT_accessibility(DW_ACCESS_public)
TMS320C2000 Assembler Unix v25.11.0 Sat May 30 20:22:51 2026

Copyright (c) 1996-2018 Texas Instruments Incorporated
main.asm                                                             PAGE   39

    2062                      .dwattr $C$DW$159, DW_AT_decl_file("/home/jose/ti/c2000/C2000Ware_26_01_00_00/device_support/f2837xd/
    2063                      .dwattr $C$DW$159, DW_AT_decl_line(0x57)
    2064                      .dwattr $C$DW$159, DW_AT_decl_column(0x0c)
    2065              
    2066              $C$DW$160       .dwtag  DW_TAG_member
    2067                      .dwattr $C$DW$160, DW_AT_type(*$C$DW$T$41)
    2068                      .dwattr $C$DW$160, DW_AT_name("INTx3")
    2069                      .dwattr $C$DW$160, DW_AT_bit_offset(0x0d)
    2070                      .dwattr $C$DW$160, DW_AT_bit_size(0x01)
    2071                      .dwattr $C$DW$160, DW_AT_accessibility(DW_ACCESS_public)
    2072                      .dwattr $C$DW$160, DW_AT_decl_file("/home/jose/ti/c2000/C2000Ware_26_01_00_00/device_support/f2837xd/
    2073                      .dwattr $C$DW$160, DW_AT_decl_line(0x58)
    2074                      .dwattr $C$DW$160, DW_AT_decl_column(0x0c)
    2075              
    2076              $C$DW$161       .dwtag  DW_TAG_member
    2077                      .dwattr $C$DW$161, DW_AT_type(*$C$DW$T$41)
    2078                      .dwattr $C$DW$161, DW_AT_name("INTx4")
    2079                      .dwattr $C$DW$161, DW_AT_bit_offset(0x0c)
    2080                      .dwattr $C$DW$161, DW_AT_bit_size(0x01)
    2081                      .dwattr $C$DW$161, DW_AT_accessibility(DW_ACCESS_public)
    2082                      .dwattr $C$DW$161, DW_AT_decl_file("/home/jose/ti/c2000/C2000Ware_26_01_00_00/device_support/f2837xd/
    2083                      .dwattr $C$DW$161, DW_AT_decl_line(0x59)
    2084                      .dwattr $C$DW$161, DW_AT_decl_column(0x0c)
    2085              
    2086              $C$DW$162       .dwtag  DW_TAG_member
    2087                      .dwattr $C$DW$162, DW_AT_type(*$C$DW$T$41)
    2088                      .dwattr $C$DW$162, DW_AT_name("INTx5")
    2089                      .dwattr $C$DW$162, DW_AT_bit_offset(0x0b)
    2090                      .dwattr $C$DW$162, DW_AT_bit_size(0x01)
    2091                      .dwattr $C$DW$162, DW_AT_accessibility(DW_ACCESS_public)
    2092                      .dwattr $C$DW$162, DW_AT_decl_file("/home/jose/ti/c2000/C2000Ware_26_01_00_00/device_support/f2837xd/
    2093                      .dwattr $C$DW$162, DW_AT_decl_line(0x5a)
    2094                      .dwattr $C$DW$162, DW_AT_decl_column(0x0c)
    2095              
    2096              $C$DW$163       .dwtag  DW_TAG_member
    2097                      .dwattr $C$DW$163, DW_AT_type(*$C$DW$T$41)
    2098                      .dwattr $C$DW$163, DW_AT_name("INTx6")
    2099                      .dwattr $C$DW$163, DW_AT_bit_offset(0x0a)
    2100                      .dwattr $C$DW$163, DW_AT_bit_size(0x01)
    2101                      .dwattr $C$DW$163, DW_AT_accessibility(DW_ACCESS_public)
    2102                      .dwattr $C$DW$163, DW_AT_decl_file("/home/jose/ti/c2000/C2000Ware_26_01_00_00/device_support/f2837xd/
    2103                      .dwattr $C$DW$163, DW_AT_decl_line(0x5b)
    2104                      .dwattr $C$DW$163, DW_AT_decl_column(0x0c)
    2105              
    2106              $C$DW$164       .dwtag  DW_TAG_member
    2107                      .dwattr $C$DW$164, DW_AT_type(*$C$DW$T$41)
    2108                      .dwattr $C$DW$164, DW_AT_name("INTx7")
    2109                      .dwattr $C$DW$164, DW_AT_bit_offset(0x09)
    2110                      .dwattr $C$DW$164, DW_AT_bit_size(0x01)
    2111                      .dwattr $C$DW$164, DW_AT_accessibility(DW_ACCESS_public)
    2112                      .dwattr $C$DW$164, DW_AT_decl_file("/home/jose/ti/c2000/C2000Ware_26_01_00_00/device_support/f2837xd/
    2113                      .dwattr $C$DW$164, DW_AT_decl_line(0x5c)
    2114                      .dwattr $C$DW$164, DW_AT_decl_column(0x0c)
    2115              
    2116              $C$DW$165       .dwtag  DW_TAG_member
TMS320C2000 Assembler Unix v25.11.0 Sat May 30 20:22:51 2026

Copyright (c) 1996-2018 Texas Instruments Incorporated
main.asm                                                             PAGE   40

    2117                      .dwattr $C$DW$165, DW_AT_type(*$C$DW$T$41)
    2118                      .dwattr $C$DW$165, DW_AT_name("INTx8")
    2119                      .dwattr $C$DW$165, DW_AT_bit_offset(0x08)
    2120                      .dwattr $C$DW$165, DW_AT_bit_size(0x01)
    2121                      .dwattr $C$DW$165, DW_AT_accessibility(DW_ACCESS_public)
    2122                      .dwattr $C$DW$165, DW_AT_decl_file("/home/jose/ti/c2000/C2000Ware_26_01_00_00/device_support/f2837xd/
    2123                      .dwattr $C$DW$165, DW_AT_decl_line(0x5d)
    2124                      .dwattr $C$DW$165, DW_AT_decl_column(0x0c)
    2125              
    2126              $C$DW$166       .dwtag  DW_TAG_member
    2127                      .dwattr $C$DW$166, DW_AT_type(*$C$DW$T$41)
    2128                      .dwattr $C$DW$166, DW_AT_name("INTx9")
    2129                      .dwattr $C$DW$166, DW_AT_bit_offset(0x07)
    2130                      .dwattr $C$DW$166, DW_AT_bit_size(0x01)
    2131                      .dwattr $C$DW$166, DW_AT_accessibility(DW_ACCESS_public)
    2132                      .dwattr $C$DW$166, DW_AT_decl_file("/home/jose/ti/c2000/C2000Ware_26_01_00_00/device_support/f2837xd/
    2133                      .dwattr $C$DW$166, DW_AT_decl_line(0x5e)
    2134                      .dwattr $C$DW$166, DW_AT_decl_column(0x0c)
    2135              
    2136              $C$DW$167       .dwtag  DW_TAG_member
    2137                      .dwattr $C$DW$167, DW_AT_type(*$C$DW$T$41)
    2138                      .dwattr $C$DW$167, DW_AT_name("INTx10")
    2139                      .dwattr $C$DW$167, DW_AT_bit_offset(0x06)
    2140                      .dwattr $C$DW$167, DW_AT_bit_size(0x01)
    2141                      .dwattr $C$DW$167, DW_AT_accessibility(DW_ACCESS_public)
    2142                      .dwattr $C$DW$167, DW_AT_decl_file("/home/jose/ti/c2000/C2000Ware_26_01_00_00/device_support/f2837xd/
    2143                      .dwattr $C$DW$167, DW_AT_decl_line(0x5f)
    2144                      .dwattr $C$DW$167, DW_AT_decl_column(0x0c)
    2145              
    2146              $C$DW$168       .dwtag  DW_TAG_member
    2147                      .dwattr $C$DW$168, DW_AT_type(*$C$DW$T$41)
    2148                      .dwattr $C$DW$168, DW_AT_name("INTx11")
    2149                      .dwattr $C$DW$168, DW_AT_bit_offset(0x05)
    2150                      .dwattr $C$DW$168, DW_AT_bit_size(0x01)
    2151                      .dwattr $C$DW$168, DW_AT_accessibility(DW_ACCESS_public)
    2152                      .dwattr $C$DW$168, DW_AT_decl_file("/home/jose/ti/c2000/C2000Ware_26_01_00_00/device_support/f2837xd/
    2153                      .dwattr $C$DW$168, DW_AT_decl_line(0x60)
    2154                      .dwattr $C$DW$168, DW_AT_decl_column(0x0c)
    2155              
    2156              $C$DW$169       .dwtag  DW_TAG_member
    2157                      .dwattr $C$DW$169, DW_AT_type(*$C$DW$T$41)
    2158                      .dwattr $C$DW$169, DW_AT_name("INTx12")
    2159                      .dwattr $C$DW$169, DW_AT_bit_offset(0x04)
    2160                      .dwattr $C$DW$169, DW_AT_bit_size(0x01)
    2161                      .dwattr $C$DW$169, DW_AT_accessibility(DW_ACCESS_public)
    2162                      .dwattr $C$DW$169, DW_AT_decl_file("/home/jose/ti/c2000/C2000Ware_26_01_00_00/device_support/f2837xd/
    2163                      .dwattr $C$DW$169, DW_AT_decl_line(0x61)
    2164                      .dwattr $C$DW$169, DW_AT_decl_column(0x0c)
    2165              
    2166              $C$DW$170       .dwtag  DW_TAG_member
    2167                      .dwattr $C$DW$170, DW_AT_type(*$C$DW$T$41)
    2168                      .dwattr $C$DW$170, DW_AT_name("INTx13")
    2169                      .dwattr $C$DW$170, DW_AT_bit_offset(0x03)
    2170                      .dwattr $C$DW$170, DW_AT_bit_size(0x01)
    2171                      .dwattr $C$DW$170, DW_AT_accessibility(DW_ACCESS_public)
TMS320C2000 Assembler Unix v25.11.0 Sat May 30 20:22:51 2026

Copyright (c) 1996-2018 Texas Instruments Incorporated
main.asm                                                             PAGE   41

    2172                      .dwattr $C$DW$170, DW_AT_decl_file("/home/jose/ti/c2000/C2000Ware_26_01_00_00/device_support/f2837xd/
    2173                      .dwattr $C$DW$170, DW_AT_decl_line(0x62)
    2174                      .dwattr $C$DW$170, DW_AT_decl_column(0x0c)
    2175              
    2176              $C$DW$171       .dwtag  DW_TAG_member
    2177                      .dwattr $C$DW$171, DW_AT_type(*$C$DW$T$41)
    2178                      .dwattr $C$DW$171, DW_AT_name("INTx14")
    2179                      .dwattr $C$DW$171, DW_AT_bit_offset(0x02)
    2180                      .dwattr $C$DW$171, DW_AT_bit_size(0x01)
    2181                      .dwattr $C$DW$171, DW_AT_accessibility(DW_ACCESS_public)
    2182                      .dwattr $C$DW$171, DW_AT_decl_file("/home/jose/ti/c2000/C2000Ware_26_01_00_00/device_support/f2837xd/
    2183                      .dwattr $C$DW$171, DW_AT_decl_line(0x63)
    2184                      .dwattr $C$DW$171, DW_AT_decl_column(0x0c)
    2185              
    2186              $C$DW$172       .dwtag  DW_TAG_member
    2187                      .dwattr $C$DW$172, DW_AT_type(*$C$DW$T$41)
    2188                      .dwattr $C$DW$172, DW_AT_name("INTx15")
    2189                      .dwattr $C$DW$172, DW_AT_bit_offset(0x01)
    2190                      .dwattr $C$DW$172, DW_AT_bit_size(0x01)
    2191                      .dwattr $C$DW$172, DW_AT_accessibility(DW_ACCESS_public)
    2192                      .dwattr $C$DW$172, DW_AT_decl_file("/home/jose/ti/c2000/C2000Ware_26_01_00_00/device_support/f2837xd/
    2193                      .dwattr $C$DW$172, DW_AT_decl_line(0x64)
    2194                      .dwattr $C$DW$172, DW_AT_decl_column(0x0c)
    2195              
    2196              $C$DW$173       .dwtag  DW_TAG_member
    2197                      .dwattr $C$DW$173, DW_AT_type(*$C$DW$T$41)
    2198                      .dwattr $C$DW$173, DW_AT_name("INTx16")
    2199                      .dwattr $C$DW$173, DW_AT_bit_offset(0x00)
    2200                      .dwattr $C$DW$173, DW_AT_bit_size(0x01)
    2201                      .dwattr $C$DW$173, DW_AT_accessibility(DW_ACCESS_public)
    2202                      .dwattr $C$DW$173, DW_AT_decl_file("/home/jose/ti/c2000/C2000Ware_26_01_00_00/device_support/f2837xd/
    2203                      .dwattr $C$DW$173, DW_AT_decl_line(0x65)
    2204                      .dwattr $C$DW$173, DW_AT_decl_column(0x0c)
    2205              
    2206                      .dwattr $C$DW$T$52, DW_AT_decl_file("/home/jose/ti/c2000/C2000Ware_26_01_00_00/device_support/f2837xd
    2207                      .dwattr $C$DW$T$52, DW_AT_decl_line(0x55)
    2208                      .dwattr $C$DW$T$52, DW_AT_decl_column(0x08)
    2209                      .dwendtag $C$DW$T$52
    2210              
    2211                      .dwendtag $C$DW$TU$52
    2212              
    2213              
    2214              $C$DW$TU$53     .dwtag  DW_TAG_type_unit
    2215                      .dwmtype  $C$DW$T$53
    2216              
    2217              $C$DW$T$53      .dwtag  DW_TAG_union_type
    2218                      .dwattr $C$DW$T$53, DW_AT_name("PIEIER1_REG")
    2219                      .dwattr $C$DW$T$53, DW_AT_byte_size(0x01)
    2220              $C$DW$174       .dwtag  DW_TAG_member
    2221                      .dwattr $C$DW$174, DW_AT_type(*$C$DW$T$41)
    2222                      .dwattr $C$DW$174, DW_AT_name("all")
    2223                      .dwattr $C$DW$174, DW_AT_accessibility(DW_ACCESS_public)
    2224                      .dwattr $C$DW$174, DW_AT_decl_file("/home/jose/ti/c2000/C2000Ware_26_01_00_00/device_support/f2837xd/
    2225                      .dwattr $C$DW$174, DW_AT_decl_line(0x69)
    2226                      .dwattr $C$DW$174, DW_AT_decl_column(0x0d)
TMS320C2000 Assembler Unix v25.11.0 Sat May 30 20:22:51 2026

Copyright (c) 1996-2018 Texas Instruments Incorporated
main.asm                                                             PAGE   42

    2227              
    2228              $C$DW$175       .dwtag  DW_TAG_member
    2229                      .dwattr $C$DW$175, DW_AT_type(*$C$DW$T$52)
    2230                      .dwattr $C$DW$175, DW_AT_name("bit")
    2231                      .dwattr $C$DW$175, DW_AT_accessibility(DW_ACCESS_public)
    2232                      .dwattr $C$DW$175, DW_AT_decl_file("/home/jose/ti/c2000/C2000Ware_26_01_00_00/device_support/f2837xd/
    2233                      .dwattr $C$DW$175, DW_AT_decl_line(0x6a)
    2234                      .dwattr $C$DW$175, DW_AT_decl_column(0x1b)
    2235              
    2236                      .dwattr $C$DW$T$53, DW_AT_decl_file("/home/jose/ti/c2000/C2000Ware_26_01_00_00/device_support/f2837xd
    2237                      .dwattr $C$DW$T$53, DW_AT_decl_line(0x68)
    2238                      .dwattr $C$DW$T$53, DW_AT_decl_column(0x07)
    2239                      .dwendtag $C$DW$T$53
    2240              
    2241                      .dwendtag $C$DW$TU$53
    2242              
    2243              
    2244              $C$DW$TU$54     .dwtag  DW_TAG_type_unit
    2245                      .dwmtype  $C$DW$T$54
    2246              
    2247              $C$DW$T$54      .dwtag  DW_TAG_structure_type
    2248                      .dwattr $C$DW$T$54, DW_AT_name("PIEIER2_BITS")
    2249                      .dwattr $C$DW$T$54, DW_AT_byte_size(0x01)
    2250              $C$DW$176       .dwtag  DW_TAG_member
    2251                      .dwattr $C$DW$176, DW_AT_type(*$C$DW$T$41)
    2252                      .dwattr $C$DW$176, DW_AT_name("INTx1")
    2253                      .dwattr $C$DW$176, DW_AT_bit_offset(0x0f)
    2254                      .dwattr $C$DW$176, DW_AT_bit_size(0x01)
    2255                      .dwattr $C$DW$176, DW_AT_accessibility(DW_ACCESS_public)
    2256                      .dwattr $C$DW$176, DW_AT_decl_file("/home/jose/ti/c2000/C2000Ware_26_01_00_00/device_support/f2837xd/
    2257                      .dwattr $C$DW$176, DW_AT_decl_line(0x86)
    2258                      .dwattr $C$DW$176, DW_AT_decl_column(0x0c)
    2259              
    2260              $C$DW$177       .dwtag  DW_TAG_member
    2261                      .dwattr $C$DW$177, DW_AT_type(*$C$DW$T$41)
    2262                      .dwattr $C$DW$177, DW_AT_name("INTx2")
    2263                      .dwattr $C$DW$177, DW_AT_bit_offset(0x0e)
    2264                      .dwattr $C$DW$177, DW_AT_bit_size(0x01)
    2265                      .dwattr $C$DW$177, DW_AT_accessibility(DW_ACCESS_public)
    2266                      .dwattr $C$DW$177, DW_AT_decl_file("/home/jose/ti/c2000/C2000Ware_26_01_00_00/device_support/f2837xd/
    2267                      .dwattr $C$DW$177, DW_AT_decl_line(0x87)
    2268                      .dwattr $C$DW$177, DW_AT_decl_column(0x0c)
    2269              
    2270              $C$DW$178       .dwtag  DW_TAG_member
    2271                      .dwattr $C$DW$178, DW_AT_type(*$C$DW$T$41)
    2272                      .dwattr $C$DW$178, DW_AT_name("INTx3")
    2273                      .dwattr $C$DW$178, DW_AT_bit_offset(0x0d)
    2274                      .dwattr $C$DW$178, DW_AT_bit_size(0x01)
    2275                      .dwattr $C$DW$178, DW_AT_accessibility(DW_ACCESS_public)
    2276                      .dwattr $C$DW$178, DW_AT_decl_file("/home/jose/ti/c2000/C2000Ware_26_01_00_00/device_support/f2837xd/
    2277                      .dwattr $C$DW$178, DW_AT_decl_line(0x88)
    2278                      .dwattr $C$DW$178, DW_AT_decl_column(0x0c)
    2279              
    2280              $C$DW$179       .dwtag  DW_TAG_member
    2281                      .dwattr $C$DW$179, DW_AT_type(*$C$DW$T$41)
TMS320C2000 Assembler Unix v25.11.0 Sat May 30 20:22:51 2026

Copyright (c) 1996-2018 Texas Instruments Incorporated
main.asm                                                             PAGE   43

    2282                      .dwattr $C$DW$179, DW_AT_name("INTx4")
    2283                      .dwattr $C$DW$179, DW_AT_bit_offset(0x0c)
    2284                      .dwattr $C$DW$179, DW_AT_bit_size(0x01)
    2285                      .dwattr $C$DW$179, DW_AT_accessibility(DW_ACCESS_public)
    2286                      .dwattr $C$DW$179, DW_AT_decl_file("/home/jose/ti/c2000/C2000Ware_26_01_00_00/device_support/f2837xd/
    2287                      .dwattr $C$DW$179, DW_AT_decl_line(0x89)
    2288                      .dwattr $C$DW$179, DW_AT_decl_column(0x0c)
    2289              
    2290              $C$DW$180       .dwtag  DW_TAG_member
    2291                      .dwattr $C$DW$180, DW_AT_type(*$C$DW$T$41)
    2292                      .dwattr $C$DW$180, DW_AT_name("INTx5")
    2293                      .dwattr $C$DW$180, DW_AT_bit_offset(0x0b)
    2294                      .dwattr $C$DW$180, DW_AT_bit_size(0x01)
    2295                      .dwattr $C$DW$180, DW_AT_accessibility(DW_ACCESS_public)
    2296                      .dwattr $C$DW$180, DW_AT_decl_file("/home/jose/ti/c2000/C2000Ware_26_01_00_00/device_support/f2837xd/
    2297                      .dwattr $C$DW$180, DW_AT_decl_line(0x8a)
    2298                      .dwattr $C$DW$180, DW_AT_decl_column(0x0c)
    2299              
    2300              $C$DW$181       .dwtag  DW_TAG_member
    2301                      .dwattr $C$DW$181, DW_AT_type(*$C$DW$T$41)
    2302                      .dwattr $C$DW$181, DW_AT_name("INTx6")
    2303                      .dwattr $C$DW$181, DW_AT_bit_offset(0x0a)
    2304                      .dwattr $C$DW$181, DW_AT_bit_size(0x01)
    2305                      .dwattr $C$DW$181, DW_AT_accessibility(DW_ACCESS_public)
    2306                      .dwattr $C$DW$181, DW_AT_decl_file("/home/jose/ti/c2000/C2000Ware_26_01_00_00/device_support/f2837xd/
    2307                      .dwattr $C$DW$181, DW_AT_decl_line(0x8b)
    2308                      .dwattr $C$DW$181, DW_AT_decl_column(0x0c)
    2309              
    2310              $C$DW$182       .dwtag  DW_TAG_member
    2311                      .dwattr $C$DW$182, DW_AT_type(*$C$DW$T$41)
    2312                      .dwattr $C$DW$182, DW_AT_name("INTx7")
    2313                      .dwattr $C$DW$182, DW_AT_bit_offset(0x09)
    2314                      .dwattr $C$DW$182, DW_AT_bit_size(0x01)
    2315                      .dwattr $C$DW$182, DW_AT_accessibility(DW_ACCESS_public)
    2316                      .dwattr $C$DW$182, DW_AT_decl_file("/home/jose/ti/c2000/C2000Ware_26_01_00_00/device_support/f2837xd/
    2317                      .dwattr $C$DW$182, DW_AT_decl_line(0x8c)
    2318                      .dwattr $C$DW$182, DW_AT_decl_column(0x0c)
    2319              
    2320              $C$DW$183       .dwtag  DW_TAG_member
    2321                      .dwattr $C$DW$183, DW_AT_type(*$C$DW$T$41)
    2322                      .dwattr $C$DW$183, DW_AT_name("INTx8")
    2323                      .dwattr $C$DW$183, DW_AT_bit_offset(0x08)
    2324                      .dwattr $C$DW$183, DW_AT_bit_size(0x01)
    2325                      .dwattr $C$DW$183, DW_AT_accessibility(DW_ACCESS_public)
    2326                      .dwattr $C$DW$183, DW_AT_decl_file("/home/jose/ti/c2000/C2000Ware_26_01_00_00/device_support/f2837xd/
    2327                      .dwattr $C$DW$183, DW_AT_decl_line(0x8d)
    2328                      .dwattr $C$DW$183, DW_AT_decl_column(0x0c)
    2329              
    2330              $C$DW$184       .dwtag  DW_TAG_member
    2331                      .dwattr $C$DW$184, DW_AT_type(*$C$DW$T$41)
    2332                      .dwattr $C$DW$184, DW_AT_name("INTx9")
    2333                      .dwattr $C$DW$184, DW_AT_bit_offset(0x07)
    2334                      .dwattr $C$DW$184, DW_AT_bit_size(0x01)
    2335                      .dwattr $C$DW$184, DW_AT_accessibility(DW_ACCESS_public)
    2336                      .dwattr $C$DW$184, DW_AT_decl_file("/home/jose/ti/c2000/C2000Ware_26_01_00_00/device_support/f2837xd/
TMS320C2000 Assembler Unix v25.11.0 Sat May 30 20:22:51 2026

Copyright (c) 1996-2018 Texas Instruments Incorporated
main.asm                                                             PAGE   44

    2337                      .dwattr $C$DW$184, DW_AT_decl_line(0x8e)
    2338                      .dwattr $C$DW$184, DW_AT_decl_column(0x0c)
    2339              
    2340              $C$DW$185       .dwtag  DW_TAG_member
    2341                      .dwattr $C$DW$185, DW_AT_type(*$C$DW$T$41)
    2342                      .dwattr $C$DW$185, DW_AT_name("INTx10")
    2343                      .dwattr $C$DW$185, DW_AT_bit_offset(0x06)
    2344                      .dwattr $C$DW$185, DW_AT_bit_size(0x01)
    2345                      .dwattr $C$DW$185, DW_AT_accessibility(DW_ACCESS_public)
    2346                      .dwattr $C$DW$185, DW_AT_decl_file("/home/jose/ti/c2000/C2000Ware_26_01_00_00/device_support/f2837xd/
    2347                      .dwattr $C$DW$185, DW_AT_decl_line(0x8f)
    2348                      .dwattr $C$DW$185, DW_AT_decl_column(0x0c)
    2349              
    2350              $C$DW$186       .dwtag  DW_TAG_member
    2351                      .dwattr $C$DW$186, DW_AT_type(*$C$DW$T$41)
    2352                      .dwattr $C$DW$186, DW_AT_name("INTx11")
    2353                      .dwattr $C$DW$186, DW_AT_bit_offset(0x05)
    2354                      .dwattr $C$DW$186, DW_AT_bit_size(0x01)
    2355                      .dwattr $C$DW$186, DW_AT_accessibility(DW_ACCESS_public)
    2356                      .dwattr $C$DW$186, DW_AT_decl_file("/home/jose/ti/c2000/C2000Ware_26_01_00_00/device_support/f2837xd/
    2357                      .dwattr $C$DW$186, DW_AT_decl_line(0x90)
    2358                      .dwattr $C$DW$186, DW_AT_decl_column(0x0c)
    2359              
    2360              $C$DW$187       .dwtag  DW_TAG_member
    2361                      .dwattr $C$DW$187, DW_AT_type(*$C$DW$T$41)
    2362                      .dwattr $C$DW$187, DW_AT_name("INTx12")
    2363                      .dwattr $C$DW$187, DW_AT_bit_offset(0x04)
    2364                      .dwattr $C$DW$187, DW_AT_bit_size(0x01)
    2365                      .dwattr $C$DW$187, DW_AT_accessibility(DW_ACCESS_public)
    2366                      .dwattr $C$DW$187, DW_AT_decl_file("/home/jose/ti/c2000/C2000Ware_26_01_00_00/device_support/f2837xd/
    2367                      .dwattr $C$DW$187, DW_AT_decl_line(0x91)
    2368                      .dwattr $C$DW$187, DW_AT_decl_column(0x0c)
    2369              
    2370              $C$DW$188       .dwtag  DW_TAG_member
    2371                      .dwattr $C$DW$188, DW_AT_type(*$C$DW$T$41)
    2372                      .dwattr $C$DW$188, DW_AT_name("INTx13")
    2373                      .dwattr $C$DW$188, DW_AT_bit_offset(0x03)
    2374                      .dwattr $C$DW$188, DW_AT_bit_size(0x01)
    2375                      .dwattr $C$DW$188, DW_AT_accessibility(DW_ACCESS_public)
    2376                      .dwattr $C$DW$188, DW_AT_decl_file("/home/jose/ti/c2000/C2000Ware_26_01_00_00/device_support/f2837xd/
    2377                      .dwattr $C$DW$188, DW_AT_decl_line(0x92)
    2378                      .dwattr $C$DW$188, DW_AT_decl_column(0x0c)
    2379              
    2380              $C$DW$189       .dwtag  DW_TAG_member
    2381                      .dwattr $C$DW$189, DW_AT_type(*$C$DW$T$41)
    2382                      .dwattr $C$DW$189, DW_AT_name("INTx14")
    2383                      .dwattr $C$DW$189, DW_AT_bit_offset(0x02)
    2384                      .dwattr $C$DW$189, DW_AT_bit_size(0x01)
    2385                      .dwattr $C$DW$189, DW_AT_accessibility(DW_ACCESS_public)
    2386                      .dwattr $C$DW$189, DW_AT_decl_file("/home/jose/ti/c2000/C2000Ware_26_01_00_00/device_support/f2837xd/
    2387                      .dwattr $C$DW$189, DW_AT_decl_line(0x93)
    2388                      .dwattr $C$DW$189, DW_AT_decl_column(0x0c)
    2389              
    2390              $C$DW$190       .dwtag  DW_TAG_member
    2391                      .dwattr $C$DW$190, DW_AT_type(*$C$DW$T$41)
TMS320C2000 Assembler Unix v25.11.0 Sat May 30 20:22:51 2026

Copyright (c) 1996-2018 Texas Instruments Incorporated
main.asm                                                             PAGE   45

    2392                      .dwattr $C$DW$190, DW_AT_name("INTx15")
    2393                      .dwattr $C$DW$190, DW_AT_bit_offset(0x01)
    2394                      .dwattr $C$DW$190, DW_AT_bit_size(0x01)
    2395                      .dwattr $C$DW$190, DW_AT_accessibility(DW_ACCESS_public)
    2396                      .dwattr $C$DW$190, DW_AT_decl_file("/home/jose/ti/c2000/C2000Ware_26_01_00_00/device_support/f2837xd/
    2397                      .dwattr $C$DW$190, DW_AT_decl_line(0x94)
    2398                      .dwattr $C$DW$190, DW_AT_decl_column(0x0c)
    2399              
    2400              $C$DW$191       .dwtag  DW_TAG_member
    2401                      .dwattr $C$DW$191, DW_AT_type(*$C$DW$T$41)
    2402                      .dwattr $C$DW$191, DW_AT_name("INTx16")
    2403                      .dwattr $C$DW$191, DW_AT_bit_offset(0x00)
    2404                      .dwattr $C$DW$191, DW_AT_bit_size(0x01)
    2405                      .dwattr $C$DW$191, DW_AT_accessibility(DW_ACCESS_public)
    2406                      .dwattr $C$DW$191, DW_AT_decl_file("/home/jose/ti/c2000/C2000Ware_26_01_00_00/device_support/f2837xd/
    2407                      .dwattr $C$DW$191, DW_AT_decl_line(0x95)
    2408                      .dwattr $C$DW$191, DW_AT_decl_column(0x0c)
    2409              
    2410                      .dwattr $C$DW$T$54, DW_AT_decl_file("/home/jose/ti/c2000/C2000Ware_26_01_00_00/device_support/f2837xd
    2411                      .dwattr $C$DW$T$54, DW_AT_decl_line(0x85)
    2412                      .dwattr $C$DW$T$54, DW_AT_decl_column(0x08)
    2413                      .dwendtag $C$DW$T$54
    2414              
    2415                      .dwendtag $C$DW$TU$54
    2416              
    2417              
    2418              $C$DW$TU$55     .dwtag  DW_TAG_type_unit
    2419                      .dwmtype  $C$DW$T$55
    2420              
    2421              $C$DW$T$55      .dwtag  DW_TAG_union_type
    2422                      .dwattr $C$DW$T$55, DW_AT_name("PIEIER2_REG")
    2423                      .dwattr $C$DW$T$55, DW_AT_byte_size(0x01)
    2424              $C$DW$192       .dwtag  DW_TAG_member
    2425                      .dwattr $C$DW$192, DW_AT_type(*$C$DW$T$41)
    2426                      .dwattr $C$DW$192, DW_AT_name("all")
    2427                      .dwattr $C$DW$192, DW_AT_accessibility(DW_ACCESS_public)
    2428                      .dwattr $C$DW$192, DW_AT_decl_file("/home/jose/ti/c2000/C2000Ware_26_01_00_00/device_support/f2837xd/
    2429                      .dwattr $C$DW$192, DW_AT_decl_line(0x99)
    2430                      .dwattr $C$DW$192, DW_AT_decl_column(0x0d)
    2431              
    2432              $C$DW$193       .dwtag  DW_TAG_member
    2433                      .dwattr $C$DW$193, DW_AT_type(*$C$DW$T$54)
    2434                      .dwattr $C$DW$193, DW_AT_name("bit")
    2435                      .dwattr $C$DW$193, DW_AT_accessibility(DW_ACCESS_public)
    2436                      .dwattr $C$DW$193, DW_AT_decl_file("/home/jose/ti/c2000/C2000Ware_26_01_00_00/device_support/f2837xd/
    2437                      .dwattr $C$DW$193, DW_AT_decl_line(0x9a)
    2438                      .dwattr $C$DW$193, DW_AT_decl_column(0x1b)
    2439              
    2440                      .dwattr $C$DW$T$55, DW_AT_decl_file("/home/jose/ti/c2000/C2000Ware_26_01_00_00/device_support/f2837xd
    2441                      .dwattr $C$DW$T$55, DW_AT_decl_line(0x98)
    2442                      .dwattr $C$DW$T$55, DW_AT_decl_column(0x07)
    2443                      .dwendtag $C$DW$T$55
    2444              
    2445                      .dwendtag $C$DW$TU$55
    2446              
TMS320C2000 Assembler Unix v25.11.0 Sat May 30 20:22:51 2026

Copyright (c) 1996-2018 Texas Instruments Incorporated
main.asm                                                             PAGE   46

    2447              
    2448              $C$DW$TU$56     .dwtag  DW_TAG_type_unit
    2449                      .dwmtype  $C$DW$T$56
    2450              
    2451              $C$DW$T$56      .dwtag  DW_TAG_structure_type
    2452                      .dwattr $C$DW$T$56, DW_AT_name("PIEIER3_BITS")
    2453                      .dwattr $C$DW$T$56, DW_AT_byte_size(0x01)
    2454              $C$DW$194       .dwtag  DW_TAG_member
    2455                      .dwattr $C$DW$194, DW_AT_type(*$C$DW$T$41)
    2456                      .dwattr $C$DW$194, DW_AT_name("INTx1")
    2457                      .dwattr $C$DW$194, DW_AT_bit_offset(0x0f)
    2458                      .dwattr $C$DW$194, DW_AT_bit_size(0x01)
    2459                      .dwattr $C$DW$194, DW_AT_accessibility(DW_ACCESS_public)
    2460                      .dwattr $C$DW$194, DW_AT_decl_file("/home/jose/ti/c2000/C2000Ware_26_01_00_00/device_support/f2837xd/
    2461                      .dwattr $C$DW$194, DW_AT_decl_line(0xb6)
    2462                      .dwattr $C$DW$194, DW_AT_decl_column(0x0c)
    2463              
    2464              $C$DW$195       .dwtag  DW_TAG_member
    2465                      .dwattr $C$DW$195, DW_AT_type(*$C$DW$T$41)
    2466                      .dwattr $C$DW$195, DW_AT_name("INTx2")
    2467                      .dwattr $C$DW$195, DW_AT_bit_offset(0x0e)
    2468                      .dwattr $C$DW$195, DW_AT_bit_size(0x01)
    2469                      .dwattr $C$DW$195, DW_AT_accessibility(DW_ACCESS_public)
    2470                      .dwattr $C$DW$195, DW_AT_decl_file("/home/jose/ti/c2000/C2000Ware_26_01_00_00/device_support/f2837xd/
    2471                      .dwattr $C$DW$195, DW_AT_decl_line(0xb7)
    2472                      .dwattr $C$DW$195, DW_AT_decl_column(0x0c)
    2473              
    2474              $C$DW$196       .dwtag  DW_TAG_member
    2475                      .dwattr $C$DW$196, DW_AT_type(*$C$DW$T$41)
    2476                      .dwattr $C$DW$196, DW_AT_name("INTx3")
    2477                      .dwattr $C$DW$196, DW_AT_bit_offset(0x0d)
    2478                      .dwattr $C$DW$196, DW_AT_bit_size(0x01)
    2479                      .dwattr $C$DW$196, DW_AT_accessibility(DW_ACCESS_public)
    2480                      .dwattr $C$DW$196, DW_AT_decl_file("/home/jose/ti/c2000/C2000Ware_26_01_00_00/device_support/f2837xd/
    2481                      .dwattr $C$DW$196, DW_AT_decl_line(0xb8)
    2482                      .dwattr $C$DW$196, DW_AT_decl_column(0x0c)
    2483              
    2484              $C$DW$197       .dwtag  DW_TAG_member
    2485                      .dwattr $C$DW$197, DW_AT_type(*$C$DW$T$41)
    2486                      .dwattr $C$DW$197, DW_AT_name("INTx4")
    2487                      .dwattr $C$DW$197, DW_AT_bit_offset(0x0c)
    2488                      .dwattr $C$DW$197, DW_AT_bit_size(0x01)
    2489                      .dwattr $C$DW$197, DW_AT_accessibility(DW_ACCESS_public)
    2490                      .dwattr $C$DW$197, DW_AT_decl_file("/home/jose/ti/c2000/C2000Ware_26_01_00_00/device_support/f2837xd/
    2491                      .dwattr $C$DW$197, DW_AT_decl_line(0xb9)
    2492                      .dwattr $C$DW$197, DW_AT_decl_column(0x0c)
    2493              
    2494              $C$DW$198       .dwtag  DW_TAG_member
    2495                      .dwattr $C$DW$198, DW_AT_type(*$C$DW$T$41)
    2496                      .dwattr $C$DW$198, DW_AT_name("INTx5")
    2497                      .dwattr $C$DW$198, DW_AT_bit_offset(0x0b)
    2498                      .dwattr $C$DW$198, DW_AT_bit_size(0x01)
    2499                      .dwattr $C$DW$198, DW_AT_accessibility(DW_ACCESS_public)
    2500                      .dwattr $C$DW$198, DW_AT_decl_file("/home/jose/ti/c2000/C2000Ware_26_01_00_00/device_support/f2837xd/
    2501                      .dwattr $C$DW$198, DW_AT_decl_line(0xba)
TMS320C2000 Assembler Unix v25.11.0 Sat May 30 20:22:51 2026

Copyright (c) 1996-2018 Texas Instruments Incorporated
main.asm                                                             PAGE   47

    2502                      .dwattr $C$DW$198, DW_AT_decl_column(0x0c)
    2503              
    2504              $C$DW$199       .dwtag  DW_TAG_member
    2505                      .dwattr $C$DW$199, DW_AT_type(*$C$DW$T$41)
    2506                      .dwattr $C$DW$199, DW_AT_name("INTx6")
    2507                      .dwattr $C$DW$199, DW_AT_bit_offset(0x0a)
    2508                      .dwattr $C$DW$199, DW_AT_bit_size(0x01)
    2509                      .dwattr $C$DW$199, DW_AT_accessibility(DW_ACCESS_public)
    2510                      .dwattr $C$DW$199, DW_AT_decl_file("/home/jose/ti/c2000/C2000Ware_26_01_00_00/device_support/f2837xd/
    2511                      .dwattr $C$DW$199, DW_AT_decl_line(0xbb)
    2512                      .dwattr $C$DW$199, DW_AT_decl_column(0x0c)
    2513              
    2514              $C$DW$200       .dwtag  DW_TAG_member
    2515                      .dwattr $C$DW$200, DW_AT_type(*$C$DW$T$41)
    2516                      .dwattr $C$DW$200, DW_AT_name("INTx7")
    2517                      .dwattr $C$DW$200, DW_AT_bit_offset(0x09)
    2518                      .dwattr $C$DW$200, DW_AT_bit_size(0x01)
    2519                      .dwattr $C$DW$200, DW_AT_accessibility(DW_ACCESS_public)
    2520                      .dwattr $C$DW$200, DW_AT_decl_file("/home/jose/ti/c2000/C2000Ware_26_01_00_00/device_support/f2837xd/
    2521                      .dwattr $C$DW$200, DW_AT_decl_line(0xbc)
    2522                      .dwattr $C$DW$200, DW_AT_decl_column(0x0c)
    2523              
    2524              $C$DW$201       .dwtag  DW_TAG_member
    2525                      .dwattr $C$DW$201, DW_AT_type(*$C$DW$T$41)
    2526                      .dwattr $C$DW$201, DW_AT_name("INTx8")
    2527                      .dwattr $C$DW$201, DW_AT_bit_offset(0x08)
    2528                      .dwattr $C$DW$201, DW_AT_bit_size(0x01)
    2529                      .dwattr $C$DW$201, DW_AT_accessibility(DW_ACCESS_public)
    2530                      .dwattr $C$DW$201, DW_AT_decl_file("/home/jose/ti/c2000/C2000Ware_26_01_00_00/device_support/f2837xd/
    2531                      .dwattr $C$DW$201, DW_AT_decl_line(0xbd)
    2532                      .dwattr $C$DW$201, DW_AT_decl_column(0x0c)
    2533              
    2534              $C$DW$202       .dwtag  DW_TAG_member
    2535                      .dwattr $C$DW$202, DW_AT_type(*$C$DW$T$41)
    2536                      .dwattr $C$DW$202, DW_AT_name("INTx9")
    2537                      .dwattr $C$DW$202, DW_AT_bit_offset(0x07)
    2538                      .dwattr $C$DW$202, DW_AT_bit_size(0x01)
    2539                      .dwattr $C$DW$202, DW_AT_accessibility(DW_ACCESS_public)
    2540                      .dwattr $C$DW$202, DW_AT_decl_file("/home/jose/ti/c2000/C2000Ware_26_01_00_00/device_support/f2837xd/
    2541                      .dwattr $C$DW$202, DW_AT_decl_line(0xbe)
    2542                      .dwattr $C$DW$202, DW_AT_decl_column(0x0c)
    2543              
    2544              $C$DW$203       .dwtag  DW_TAG_member
    2545                      .dwattr $C$DW$203, DW_AT_type(*$C$DW$T$41)
    2546                      .dwattr $C$DW$203, DW_AT_name("INTx10")
    2547                      .dwattr $C$DW$203, DW_AT_bit_offset(0x06)
    2548                      .dwattr $C$DW$203, DW_AT_bit_size(0x01)
    2549                      .dwattr $C$DW$203, DW_AT_accessibility(DW_ACCESS_public)
    2550                      .dwattr $C$DW$203, DW_AT_decl_file("/home/jose/ti/c2000/C2000Ware_26_01_00_00/device_support/f2837xd/
    2551                      .dwattr $C$DW$203, DW_AT_decl_line(0xbf)
    2552                      .dwattr $C$DW$203, DW_AT_decl_column(0x0c)
    2553              
    2554              $C$DW$204       .dwtag  DW_TAG_member
    2555                      .dwattr $C$DW$204, DW_AT_type(*$C$DW$T$41)
    2556                      .dwattr $C$DW$204, DW_AT_name("INTx11")
TMS320C2000 Assembler Unix v25.11.0 Sat May 30 20:22:51 2026

Copyright (c) 1996-2018 Texas Instruments Incorporated
main.asm                                                             PAGE   48

    2557                      .dwattr $C$DW$204, DW_AT_bit_offset(0x05)
    2558                      .dwattr $C$DW$204, DW_AT_bit_size(0x01)
    2559                      .dwattr $C$DW$204, DW_AT_accessibility(DW_ACCESS_public)
    2560                      .dwattr $C$DW$204, DW_AT_decl_file("/home/jose/ti/c2000/C2000Ware_26_01_00_00/device_support/f2837xd/
    2561                      .dwattr $C$DW$204, DW_AT_decl_line(0xc0)
    2562                      .dwattr $C$DW$204, DW_AT_decl_column(0x0c)
    2563              
    2564              $C$DW$205       .dwtag  DW_TAG_member
    2565                      .dwattr $C$DW$205, DW_AT_type(*$C$DW$T$41)
    2566                      .dwattr $C$DW$205, DW_AT_name("INTx12")
    2567                      .dwattr $C$DW$205, DW_AT_bit_offset(0x04)
    2568                      .dwattr $C$DW$205, DW_AT_bit_size(0x01)
    2569                      .dwattr $C$DW$205, DW_AT_accessibility(DW_ACCESS_public)
    2570                      .dwattr $C$DW$205, DW_AT_decl_file("/home/jose/ti/c2000/C2000Ware_26_01_00_00/device_support/f2837xd/
    2571                      .dwattr $C$DW$205, DW_AT_decl_line(0xc1)
    2572                      .dwattr $C$DW$205, DW_AT_decl_column(0x0c)
    2573              
    2574              $C$DW$206       .dwtag  DW_TAG_member
    2575                      .dwattr $C$DW$206, DW_AT_type(*$C$DW$T$41)
    2576                      .dwattr $C$DW$206, DW_AT_name("INTx13")
    2577                      .dwattr $C$DW$206, DW_AT_bit_offset(0x03)
    2578                      .dwattr $C$DW$206, DW_AT_bit_size(0x01)
    2579                      .dwattr $C$DW$206, DW_AT_accessibility(DW_ACCESS_public)
    2580                      .dwattr $C$DW$206, DW_AT_decl_file("/home/jose/ti/c2000/C2000Ware_26_01_00_00/device_support/f2837xd/
    2581                      .dwattr $C$DW$206, DW_AT_decl_line(0xc2)
    2582                      .dwattr $C$DW$206, DW_AT_decl_column(0x0c)
    2583              
    2584              $C$DW$207       .dwtag  DW_TAG_member
    2585                      .dwattr $C$DW$207, DW_AT_type(*$C$DW$T$41)
    2586                      .dwattr $C$DW$207, DW_AT_name("INTx14")
    2587                      .dwattr $C$DW$207, DW_AT_bit_offset(0x02)
    2588                      .dwattr $C$DW$207, DW_AT_bit_size(0x01)
    2589                      .dwattr $C$DW$207, DW_AT_accessibility(DW_ACCESS_public)
    2590                      .dwattr $C$DW$207, DW_AT_decl_file("/home/jose/ti/c2000/C2000Ware_26_01_00_00/device_support/f2837xd/
    2591                      .dwattr $C$DW$207, DW_AT_decl_line(0xc3)
    2592                      .dwattr $C$DW$207, DW_AT_decl_column(0x0c)
    2593              
    2594              $C$DW$208       .dwtag  DW_TAG_member
    2595                      .dwattr $C$DW$208, DW_AT_type(*$C$DW$T$41)
    2596                      .dwattr $C$DW$208, DW_AT_name("INTx15")
    2597                      .dwattr $C$DW$208, DW_AT_bit_offset(0x01)
    2598                      .dwattr $C$DW$208, DW_AT_bit_size(0x01)
    2599                      .dwattr $C$DW$208, DW_AT_accessibility(DW_ACCESS_public)
    2600                      .dwattr $C$DW$208, DW_AT_decl_file("/home/jose/ti/c2000/C2000Ware_26_01_00_00/device_support/f2837xd/
    2601                      .dwattr $C$DW$208, DW_AT_decl_line(0xc4)
    2602                      .dwattr $C$DW$208, DW_AT_decl_column(0x0c)
    2603              
    2604              $C$DW$209       .dwtag  DW_TAG_member
    2605                      .dwattr $C$DW$209, DW_AT_type(*$C$DW$T$41)
    2606                      .dwattr $C$DW$209, DW_AT_name("INTx16")
    2607                      .dwattr $C$DW$209, DW_AT_bit_offset(0x00)
    2608                      .dwattr $C$DW$209, DW_AT_bit_size(0x01)
    2609                      .dwattr $C$DW$209, DW_AT_accessibility(DW_ACCESS_public)
    2610                      .dwattr $C$DW$209, DW_AT_decl_file("/home/jose/ti/c2000/C2000Ware_26_01_00_00/device_support/f2837xd/
    2611                      .dwattr $C$DW$209, DW_AT_decl_line(0xc5)
TMS320C2000 Assembler Unix v25.11.0 Sat May 30 20:22:51 2026

Copyright (c) 1996-2018 Texas Instruments Incorporated
main.asm                                                             PAGE   49

    2612                      .dwattr $C$DW$209, DW_AT_decl_column(0x0c)
    2613              
    2614                      .dwattr $C$DW$T$56, DW_AT_decl_file("/home/jose/ti/c2000/C2000Ware_26_01_00_00/device_support/f2837xd
    2615                      .dwattr $C$DW$T$56, DW_AT_decl_line(0xb5)
    2616                      .dwattr $C$DW$T$56, DW_AT_decl_column(0x08)
    2617                      .dwendtag $C$DW$T$56
    2618              
    2619                      .dwendtag $C$DW$TU$56
    2620              
    2621              
    2622              $C$DW$TU$57     .dwtag  DW_TAG_type_unit
    2623                      .dwmtype  $C$DW$T$57
    2624              
    2625              $C$DW$T$57      .dwtag  DW_TAG_union_type
    2626                      .dwattr $C$DW$T$57, DW_AT_name("PIEIER3_REG")
    2627                      .dwattr $C$DW$T$57, DW_AT_byte_size(0x01)
    2628              $C$DW$210       .dwtag  DW_TAG_member
    2629                      .dwattr $C$DW$210, DW_AT_type(*$C$DW$T$41)
    2630                      .dwattr $C$DW$210, DW_AT_name("all")
    2631                      .dwattr $C$DW$210, DW_AT_accessibility(DW_ACCESS_public)
    2632                      .dwattr $C$DW$210, DW_AT_decl_file("/home/jose/ti/c2000/C2000Ware_26_01_00_00/device_support/f2837xd/
    2633                      .dwattr $C$DW$210, DW_AT_decl_line(0xc9)
    2634                      .dwattr $C$DW$210, DW_AT_decl_column(0x0d)
    2635              
    2636              $C$DW$211       .dwtag  DW_TAG_member
    2637                      .dwattr $C$DW$211, DW_AT_type(*$C$DW$T$56)
    2638                      .dwattr $C$DW$211, DW_AT_name("bit")
    2639                      .dwattr $C$DW$211, DW_AT_accessibility(DW_ACCESS_public)
    2640                      .dwattr $C$DW$211, DW_AT_decl_file("/home/jose/ti/c2000/C2000Ware_26_01_00_00/device_support/f2837xd/
    2641                      .dwattr $C$DW$211, DW_AT_decl_line(0xca)
    2642                      .dwattr $C$DW$211, DW_AT_decl_column(0x1b)
    2643              
    2644                      .dwattr $C$DW$T$57, DW_AT_decl_file("/home/jose/ti/c2000/C2000Ware_26_01_00_00/device_support/f2837xd
    2645                      .dwattr $C$DW$T$57, DW_AT_decl_line(0xc8)
    2646                      .dwattr $C$DW$T$57, DW_AT_decl_column(0x07)
    2647                      .dwendtag $C$DW$T$57
    2648              
    2649                      .dwendtag $C$DW$TU$57
    2650              
    2651              
    2652              $C$DW$TU$58     .dwtag  DW_TAG_type_unit
    2653                      .dwmtype  $C$DW$T$58
    2654              
    2655              $C$DW$T$58      .dwtag  DW_TAG_structure_type
    2656                      .dwattr $C$DW$T$58, DW_AT_name("PIEIER4_BITS")
    2657                      .dwattr $C$DW$T$58, DW_AT_byte_size(0x01)
    2658              $C$DW$212       .dwtag  DW_TAG_member
    2659                      .dwattr $C$DW$212, DW_AT_type(*$C$DW$T$41)
    2660                      .dwattr $C$DW$212, DW_AT_name("INTx1")
    2661                      .dwattr $C$DW$212, DW_AT_bit_offset(0x0f)
    2662                      .dwattr $C$DW$212, DW_AT_bit_size(0x01)
    2663                      .dwattr $C$DW$212, DW_AT_accessibility(DW_ACCESS_public)
    2664                      .dwattr $C$DW$212, DW_AT_decl_file("/home/jose/ti/c2000/C2000Ware_26_01_00_00/device_support/f2837xd/
    2665                      .dwattr $C$DW$212, DW_AT_decl_line(0xe6)
    2666                      .dwattr $C$DW$212, DW_AT_decl_column(0x0c)
TMS320C2000 Assembler Unix v25.11.0 Sat May 30 20:22:51 2026

Copyright (c) 1996-2018 Texas Instruments Incorporated
main.asm                                                             PAGE   50

    2667              
    2668              $C$DW$213       .dwtag  DW_TAG_member
    2669                      .dwattr $C$DW$213, DW_AT_type(*$C$DW$T$41)
    2670                      .dwattr $C$DW$213, DW_AT_name("INTx2")
    2671                      .dwattr $C$DW$213, DW_AT_bit_offset(0x0e)
    2672                      .dwattr $C$DW$213, DW_AT_bit_size(0x01)
    2673                      .dwattr $C$DW$213, DW_AT_accessibility(DW_ACCESS_public)
    2674                      .dwattr $C$DW$213, DW_AT_decl_file("/home/jose/ti/c2000/C2000Ware_26_01_00_00/device_support/f2837xd/
    2675                      .dwattr $C$DW$213, DW_AT_decl_line(0xe7)
    2676                      .dwattr $C$DW$213, DW_AT_decl_column(0x0c)
    2677              
    2678              $C$DW$214       .dwtag  DW_TAG_member
    2679                      .dwattr $C$DW$214, DW_AT_type(*$C$DW$T$41)
    2680                      .dwattr $C$DW$214, DW_AT_name("INTx3")
    2681                      .dwattr $C$DW$214, DW_AT_bit_offset(0x0d)
    2682                      .dwattr $C$DW$214, DW_AT_bit_size(0x01)
    2683                      .dwattr $C$DW$214, DW_AT_accessibility(DW_ACCESS_public)
    2684                      .dwattr $C$DW$214, DW_AT_decl_file("/home/jose/ti/c2000/C2000Ware_26_01_00_00/device_support/f2837xd/
    2685                      .dwattr $C$DW$214, DW_AT_decl_line(0xe8)
    2686                      .dwattr $C$DW$214, DW_AT_decl_column(0x0c)
    2687              
    2688              $C$DW$215       .dwtag  DW_TAG_member
    2689                      .dwattr $C$DW$215, DW_AT_type(*$C$DW$T$41)
    2690                      .dwattr $C$DW$215, DW_AT_name("INTx4")
    2691                      .dwattr $C$DW$215, DW_AT_bit_offset(0x0c)
    2692                      .dwattr $C$DW$215, DW_AT_bit_size(0x01)
    2693                      .dwattr $C$DW$215, DW_AT_accessibility(DW_ACCESS_public)
    2694                      .dwattr $C$DW$215, DW_AT_decl_file("/home/jose/ti/c2000/C2000Ware_26_01_00_00/device_support/f2837xd/
    2695                      .dwattr $C$DW$215, DW_AT_decl_line(0xe9)
    2696                      .dwattr $C$DW$215, DW_AT_decl_column(0x0c)
    2697              
    2698              $C$DW$216       .dwtag  DW_TAG_member
    2699                      .dwattr $C$DW$216, DW_AT_type(*$C$DW$T$41)
    2700                      .dwattr $C$DW$216, DW_AT_name("INTx5")
    2701                      .dwattr $C$DW$216, DW_AT_bit_offset(0x0b)
    2702                      .dwattr $C$DW$216, DW_AT_bit_size(0x01)
    2703                      .dwattr $C$DW$216, DW_AT_accessibility(DW_ACCESS_public)
    2704                      .dwattr $C$DW$216, DW_AT_decl_file("/home/jose/ti/c2000/C2000Ware_26_01_00_00/device_support/f2837xd/
    2705                      .dwattr $C$DW$216, DW_AT_decl_line(0xea)
    2706                      .dwattr $C$DW$216, DW_AT_decl_column(0x0c)
    2707              
    2708              $C$DW$217       .dwtag  DW_TAG_member
    2709                      .dwattr $C$DW$217, DW_AT_type(*$C$DW$T$41)
    2710                      .dwattr $C$DW$217, DW_AT_name("INTx6")
    2711                      .dwattr $C$DW$217, DW_AT_bit_offset(0x0a)
    2712                      .dwattr $C$DW$217, DW_AT_bit_size(0x01)
    2713                      .dwattr $C$DW$217, DW_AT_accessibility(DW_ACCESS_public)
    2714                      .dwattr $C$DW$217, DW_AT_decl_file("/home/jose/ti/c2000/C2000Ware_26_01_00_00/device_support/f2837xd/
    2715                      .dwattr $C$DW$217, DW_AT_decl_line(0xeb)
    2716                      .dwattr $C$DW$217, DW_AT_decl_column(0x0c)
    2717              
    2718              $C$DW$218       .dwtag  DW_TAG_member
    2719                      .dwattr $C$DW$218, DW_AT_type(*$C$DW$T$41)
    2720                      .dwattr $C$DW$218, DW_AT_name("INTx7")
    2721                      .dwattr $C$DW$218, DW_AT_bit_offset(0x09)
TMS320C2000 Assembler Unix v25.11.0 Sat May 30 20:22:51 2026

Copyright (c) 1996-2018 Texas Instruments Incorporated
main.asm                                                             PAGE   51

    2722                      .dwattr $C$DW$218, DW_AT_bit_size(0x01)
    2723                      .dwattr $C$DW$218, DW_AT_accessibility(DW_ACCESS_public)
    2724                      .dwattr $C$DW$218, DW_AT_decl_file("/home/jose/ti/c2000/C2000Ware_26_01_00_00/device_support/f2837xd/
    2725                      .dwattr $C$DW$218, DW_AT_decl_line(0xec)
    2726                      .dwattr $C$DW$218, DW_AT_decl_column(0x0c)
    2727              
    2728              $C$DW$219       .dwtag  DW_TAG_member
    2729                      .dwattr $C$DW$219, DW_AT_type(*$C$DW$T$41)
    2730                      .dwattr $C$DW$219, DW_AT_name("INTx8")
    2731                      .dwattr $C$DW$219, DW_AT_bit_offset(0x08)
    2732                      .dwattr $C$DW$219, DW_AT_bit_size(0x01)
    2733                      .dwattr $C$DW$219, DW_AT_accessibility(DW_ACCESS_public)
    2734                      .dwattr $C$DW$219, DW_AT_decl_file("/home/jose/ti/c2000/C2000Ware_26_01_00_00/device_support/f2837xd/
    2735                      .dwattr $C$DW$219, DW_AT_decl_line(0xed)
    2736                      .dwattr $C$DW$219, DW_AT_decl_column(0x0c)
    2737              
    2738              $C$DW$220       .dwtag  DW_TAG_member
    2739                      .dwattr $C$DW$220, DW_AT_type(*$C$DW$T$41)
    2740                      .dwattr $C$DW$220, DW_AT_name("INTx9")
    2741                      .dwattr $C$DW$220, DW_AT_bit_offset(0x07)
    2742                      .dwattr $C$DW$220, DW_AT_bit_size(0x01)
    2743                      .dwattr $C$DW$220, DW_AT_accessibility(DW_ACCESS_public)
    2744                      .dwattr $C$DW$220, DW_AT_decl_file("/home/jose/ti/c2000/C2000Ware_26_01_00_00/device_support/f2837xd/
    2745                      .dwattr $C$DW$220, DW_AT_decl_line(0xee)
    2746                      .dwattr $C$DW$220, DW_AT_decl_column(0x0c)
    2747              
    2748              $C$DW$221       .dwtag  DW_TAG_member
    2749                      .dwattr $C$DW$221, DW_AT_type(*$C$DW$T$41)
    2750                      .dwattr $C$DW$221, DW_AT_name("INTx10")
    2751                      .dwattr $C$DW$221, DW_AT_bit_offset(0x06)
    2752                      .dwattr $C$DW$221, DW_AT_bit_size(0x01)
    2753                      .dwattr $C$DW$221, DW_AT_accessibility(DW_ACCESS_public)
    2754                      .dwattr $C$DW$221, DW_AT_decl_file("/home/jose/ti/c2000/C2000Ware_26_01_00_00/device_support/f2837xd/
    2755                      .dwattr $C$DW$221, DW_AT_decl_line(0xef)
    2756                      .dwattr $C$DW$221, DW_AT_decl_column(0x0c)
    2757              
    2758              $C$DW$222       .dwtag  DW_TAG_member
    2759                      .dwattr $C$DW$222, DW_AT_type(*$C$DW$T$41)
    2760                      .dwattr $C$DW$222, DW_AT_name("INTx11")
    2761                      .dwattr $C$DW$222, DW_AT_bit_offset(0x05)
    2762                      .dwattr $C$DW$222, DW_AT_bit_size(0x01)
    2763                      .dwattr $C$DW$222, DW_AT_accessibility(DW_ACCESS_public)
    2764                      .dwattr $C$DW$222, DW_AT_decl_file("/home/jose/ti/c2000/C2000Ware_26_01_00_00/device_support/f2837xd/
    2765                      .dwattr $C$DW$222, DW_AT_decl_line(0xf0)
    2766                      .dwattr $C$DW$222, DW_AT_decl_column(0x0c)
    2767              
    2768              $C$DW$223       .dwtag  DW_TAG_member
    2769                      .dwattr $C$DW$223, DW_AT_type(*$C$DW$T$41)
    2770                      .dwattr $C$DW$223, DW_AT_name("INTx12")
    2771                      .dwattr $C$DW$223, DW_AT_bit_offset(0x04)
    2772                      .dwattr $C$DW$223, DW_AT_bit_size(0x01)
    2773                      .dwattr $C$DW$223, DW_AT_accessibility(DW_ACCESS_public)
    2774                      .dwattr $C$DW$223, DW_AT_decl_file("/home/jose/ti/c2000/C2000Ware_26_01_00_00/device_support/f2837xd/
    2775                      .dwattr $C$DW$223, DW_AT_decl_line(0xf1)
    2776                      .dwattr $C$DW$223, DW_AT_decl_column(0x0c)
TMS320C2000 Assembler Unix v25.11.0 Sat May 30 20:22:51 2026

Copyright (c) 1996-2018 Texas Instruments Incorporated
main.asm                                                             PAGE   52

    2777              
    2778              $C$DW$224       .dwtag  DW_TAG_member
    2779                      .dwattr $C$DW$224, DW_AT_type(*$C$DW$T$41)
    2780                      .dwattr $C$DW$224, DW_AT_name("INTx13")
    2781                      .dwattr $C$DW$224, DW_AT_bit_offset(0x03)
    2782                      .dwattr $C$DW$224, DW_AT_bit_size(0x01)
    2783                      .dwattr $C$DW$224, DW_AT_accessibility(DW_ACCESS_public)
    2784                      .dwattr $C$DW$224, DW_AT_decl_file("/home/jose/ti/c2000/C2000Ware_26_01_00_00/device_support/f2837xd/
    2785                      .dwattr $C$DW$224, DW_AT_decl_line(0xf2)
    2786                      .dwattr $C$DW$224, DW_AT_decl_column(0x0c)
    2787              
    2788              $C$DW$225       .dwtag  DW_TAG_member
    2789                      .dwattr $C$DW$225, DW_AT_type(*$C$DW$T$41)
    2790                      .dwattr $C$DW$225, DW_AT_name("INTx14")
    2791                      .dwattr $C$DW$225, DW_AT_bit_offset(0x02)
    2792                      .dwattr $C$DW$225, DW_AT_bit_size(0x01)
    2793                      .dwattr $C$DW$225, DW_AT_accessibility(DW_ACCESS_public)
    2794                      .dwattr $C$DW$225, DW_AT_decl_file("/home/jose/ti/c2000/C2000Ware_26_01_00_00/device_support/f2837xd/
    2795                      .dwattr $C$DW$225, DW_AT_decl_line(0xf3)
    2796                      .dwattr $C$DW$225, DW_AT_decl_column(0x0c)
    2797              
    2798              $C$DW$226       .dwtag  DW_TAG_member
    2799                      .dwattr $C$DW$226, DW_AT_type(*$C$DW$T$41)
    2800                      .dwattr $C$DW$226, DW_AT_name("INTx15")
    2801                      .dwattr $C$DW$226, DW_AT_bit_offset(0x01)
    2802                      .dwattr $C$DW$226, DW_AT_bit_size(0x01)
    2803                      .dwattr $C$DW$226, DW_AT_accessibility(DW_ACCESS_public)
    2804                      .dwattr $C$DW$226, DW_AT_decl_file("/home/jose/ti/c2000/C2000Ware_26_01_00_00/device_support/f2837xd/
    2805                      .dwattr $C$DW$226, DW_AT_decl_line(0xf4)
    2806                      .dwattr $C$DW$226, DW_AT_decl_column(0x0c)
    2807              
    2808              $C$DW$227       .dwtag  DW_TAG_member
    2809                      .dwattr $C$DW$227, DW_AT_type(*$C$DW$T$41)
    2810                      .dwattr $C$DW$227, DW_AT_name("INTx16")
    2811                      .dwattr $C$DW$227, DW_AT_bit_offset(0x00)
    2812                      .dwattr $C$DW$227, DW_AT_bit_size(0x01)
    2813                      .dwattr $C$DW$227, DW_AT_accessibility(DW_ACCESS_public)
    2814                      .dwattr $C$DW$227, DW_AT_decl_file("/home/jose/ti/c2000/C2000Ware_26_01_00_00/device_support/f2837xd/
    2815                      .dwattr $C$DW$227, DW_AT_decl_line(0xf5)
    2816                      .dwattr $C$DW$227, DW_AT_decl_column(0x0c)
    2817              
    2818                      .dwattr $C$DW$T$58, DW_AT_decl_file("/home/jose/ti/c2000/C2000Ware_26_01_00_00/device_support/f2837xd
    2819                      .dwattr $C$DW$T$58, DW_AT_decl_line(0xe5)
    2820                      .dwattr $C$DW$T$58, DW_AT_decl_column(0x08)
    2821                      .dwendtag $C$DW$T$58
    2822              
    2823                      .dwendtag $C$DW$TU$58
    2824              
    2825              
    2826              $C$DW$TU$59     .dwtag  DW_TAG_type_unit
    2827                      .dwmtype  $C$DW$T$59
    2828              
    2829              $C$DW$T$59      .dwtag  DW_TAG_union_type
    2830                      .dwattr $C$DW$T$59, DW_AT_name("PIEIER4_REG")
    2831                      .dwattr $C$DW$T$59, DW_AT_byte_size(0x01)
TMS320C2000 Assembler Unix v25.11.0 Sat May 30 20:22:51 2026

Copyright (c) 1996-2018 Texas Instruments Incorporated
main.asm                                                             PAGE   53

    2832              $C$DW$228       .dwtag  DW_TAG_member
    2833                      .dwattr $C$DW$228, DW_AT_type(*$C$DW$T$41)
    2834                      .dwattr $C$DW$228, DW_AT_name("all")
    2835                      .dwattr $C$DW$228, DW_AT_accessibility(DW_ACCESS_public)
    2836                      .dwattr $C$DW$228, DW_AT_decl_file("/home/jose/ti/c2000/C2000Ware_26_01_00_00/device_support/f2837xd/
    2837                      .dwattr $C$DW$228, DW_AT_decl_line(0xf9)
    2838                      .dwattr $C$DW$228, DW_AT_decl_column(0x0d)
    2839              
    2840              $C$DW$229       .dwtag  DW_TAG_member
    2841                      .dwattr $C$DW$229, DW_AT_type(*$C$DW$T$58)
    2842                      .dwattr $C$DW$229, DW_AT_name("bit")
    2843                      .dwattr $C$DW$229, DW_AT_accessibility(DW_ACCESS_public)
    2844                      .dwattr $C$DW$229, DW_AT_decl_file("/home/jose/ti/c2000/C2000Ware_26_01_00_00/device_support/f2837xd/
    2845                      .dwattr $C$DW$229, DW_AT_decl_line(0xfa)
    2846                      .dwattr $C$DW$229, DW_AT_decl_column(0x1b)
    2847              
    2848                      .dwattr $C$DW$T$59, DW_AT_decl_file("/home/jose/ti/c2000/C2000Ware_26_01_00_00/device_support/f2837xd
    2849                      .dwattr $C$DW$T$59, DW_AT_decl_line(0xf8)
    2850                      .dwattr $C$DW$T$59, DW_AT_decl_column(0x07)
    2851                      .dwendtag $C$DW$T$59
    2852              
    2853                      .dwendtag $C$DW$TU$59
    2854              
    2855              
    2856              $C$DW$TU$60     .dwtag  DW_TAG_type_unit
    2857                      .dwmtype  $C$DW$T$60
    2858              
    2859              $C$DW$T$60      .dwtag  DW_TAG_structure_type
    2860                      .dwattr $C$DW$T$60, DW_AT_name("PIEIER5_BITS")
    2861                      .dwattr $C$DW$T$60, DW_AT_byte_size(0x01)
    2862              $C$DW$230       .dwtag  DW_TAG_member
    2863                      .dwattr $C$DW$230, DW_AT_type(*$C$DW$T$41)
    2864                      .dwattr $C$DW$230, DW_AT_name("INTx1")
    2865                      .dwattr $C$DW$230, DW_AT_bit_offset(0x0f)
    2866                      .dwattr $C$DW$230, DW_AT_bit_size(0x01)
    2867                      .dwattr $C$DW$230, DW_AT_accessibility(DW_ACCESS_public)
    2868                      .dwattr $C$DW$230, DW_AT_decl_file("/home/jose/ti/c2000/C2000Ware_26_01_00_00/device_support/f2837xd/
    2869                      .dwattr $C$DW$230, DW_AT_decl_line(0x116)
    2870                      .dwattr $C$DW$230, DW_AT_decl_column(0x0c)
    2871              
    2872              $C$DW$231       .dwtag  DW_TAG_member
    2873                      .dwattr $C$DW$231, DW_AT_type(*$C$DW$T$41)
    2874                      .dwattr $C$DW$231, DW_AT_name("INTx2")
    2875                      .dwattr $C$DW$231, DW_AT_bit_offset(0x0e)
    2876                      .dwattr $C$DW$231, DW_AT_bit_size(0x01)
    2877                      .dwattr $C$DW$231, DW_AT_accessibility(DW_ACCESS_public)
    2878                      .dwattr $C$DW$231, DW_AT_decl_file("/home/jose/ti/c2000/C2000Ware_26_01_00_00/device_support/f2837xd/
    2879                      .dwattr $C$DW$231, DW_AT_decl_line(0x117)
    2880                      .dwattr $C$DW$231, DW_AT_decl_column(0x0c)
    2881              
    2882              $C$DW$232       .dwtag  DW_TAG_member
    2883                      .dwattr $C$DW$232, DW_AT_type(*$C$DW$T$41)
    2884                      .dwattr $C$DW$232, DW_AT_name("INTx3")
    2885                      .dwattr $C$DW$232, DW_AT_bit_offset(0x0d)
    2886                      .dwattr $C$DW$232, DW_AT_bit_size(0x01)
TMS320C2000 Assembler Unix v25.11.0 Sat May 30 20:22:51 2026

Copyright (c) 1996-2018 Texas Instruments Incorporated
main.asm                                                             PAGE   54

    2887                      .dwattr $C$DW$232, DW_AT_accessibility(DW_ACCESS_public)
    2888                      .dwattr $C$DW$232, DW_AT_decl_file("/home/jose/ti/c2000/C2000Ware_26_01_00_00/device_support/f2837xd/
    2889                      .dwattr $C$DW$232, DW_AT_decl_line(0x118)
    2890                      .dwattr $C$DW$232, DW_AT_decl_column(0x0c)
    2891              
    2892              $C$DW$233       .dwtag  DW_TAG_member
    2893                      .dwattr $C$DW$233, DW_AT_type(*$C$DW$T$41)
    2894                      .dwattr $C$DW$233, DW_AT_name("INTx4")
    2895                      .dwattr $C$DW$233, DW_AT_bit_offset(0x0c)
    2896                      .dwattr $C$DW$233, DW_AT_bit_size(0x01)
    2897                      .dwattr $C$DW$233, DW_AT_accessibility(DW_ACCESS_public)
    2898                      .dwattr $C$DW$233, DW_AT_decl_file("/home/jose/ti/c2000/C2000Ware_26_01_00_00/device_support/f2837xd/
    2899                      .dwattr $C$DW$233, DW_AT_decl_line(0x119)
    2900                      .dwattr $C$DW$233, DW_AT_decl_column(0x0c)
    2901              
    2902              $C$DW$234       .dwtag  DW_TAG_member
    2903                      .dwattr $C$DW$234, DW_AT_type(*$C$DW$T$41)
    2904                      .dwattr $C$DW$234, DW_AT_name("INTx5")
    2905                      .dwattr $C$DW$234, DW_AT_bit_offset(0x0b)
    2906                      .dwattr $C$DW$234, DW_AT_bit_size(0x01)
    2907                      .dwattr $C$DW$234, DW_AT_accessibility(DW_ACCESS_public)
    2908                      .dwattr $C$DW$234, DW_AT_decl_file("/home/jose/ti/c2000/C2000Ware_26_01_00_00/device_support/f2837xd/
    2909                      .dwattr $C$DW$234, DW_AT_decl_line(0x11a)
    2910                      .dwattr $C$DW$234, DW_AT_decl_column(0x0c)
    2911              
    2912              $C$DW$235       .dwtag  DW_TAG_member
    2913                      .dwattr $C$DW$235, DW_AT_type(*$C$DW$T$41)
    2914                      .dwattr $C$DW$235, DW_AT_name("INTx6")
    2915                      .dwattr $C$DW$235, DW_AT_bit_offset(0x0a)
    2916                      .dwattr $C$DW$235, DW_AT_bit_size(0x01)
    2917                      .dwattr $C$DW$235, DW_AT_accessibility(DW_ACCESS_public)
    2918                      .dwattr $C$DW$235, DW_AT_decl_file("/home/jose/ti/c2000/C2000Ware_26_01_00_00/device_support/f2837xd/
    2919                      .dwattr $C$DW$235, DW_AT_decl_line(0x11b)
    2920                      .dwattr $C$DW$235, DW_AT_decl_column(0x0c)
    2921              
    2922              $C$DW$236       .dwtag  DW_TAG_member
    2923                      .dwattr $C$DW$236, DW_AT_type(*$C$DW$T$41)
    2924                      .dwattr $C$DW$236, DW_AT_name("INTx7")
    2925                      .dwattr $C$DW$236, DW_AT_bit_offset(0x09)
    2926                      .dwattr $C$DW$236, DW_AT_bit_size(0x01)
    2927                      .dwattr $C$DW$236, DW_AT_accessibility(DW_ACCESS_public)
    2928                      .dwattr $C$DW$236, DW_AT_decl_file("/home/jose/ti/c2000/C2000Ware_26_01_00_00/device_support/f2837xd/
    2929                      .dwattr $C$DW$236, DW_AT_decl_line(0x11c)
    2930                      .dwattr $C$DW$236, DW_AT_decl_column(0x0c)
    2931              
    2932              $C$DW$237       .dwtag  DW_TAG_member
    2933                      .dwattr $C$DW$237, DW_AT_type(*$C$DW$T$41)
    2934                      .dwattr $C$DW$237, DW_AT_name("INTx8")
    2935                      .dwattr $C$DW$237, DW_AT_bit_offset(0x08)
    2936                      .dwattr $C$DW$237, DW_AT_bit_size(0x01)
    2937                      .dwattr $C$DW$237, DW_AT_accessibility(DW_ACCESS_public)
    2938                      .dwattr $C$DW$237, DW_AT_decl_file("/home/jose/ti/c2000/C2000Ware_26_01_00_00/device_support/f2837xd/
    2939                      .dwattr $C$DW$237, DW_AT_decl_line(0x11d)
    2940                      .dwattr $C$DW$237, DW_AT_decl_column(0x0c)
    2941              
TMS320C2000 Assembler Unix v25.11.0 Sat May 30 20:22:51 2026

Copyright (c) 1996-2018 Texas Instruments Incorporated
main.asm                                                             PAGE   55

    2942              $C$DW$238       .dwtag  DW_TAG_member
    2943                      .dwattr $C$DW$238, DW_AT_type(*$C$DW$T$41)
    2944                      .dwattr $C$DW$238, DW_AT_name("INTx9")
    2945                      .dwattr $C$DW$238, DW_AT_bit_offset(0x07)
    2946                      .dwattr $C$DW$238, DW_AT_bit_size(0x01)
    2947                      .dwattr $C$DW$238, DW_AT_accessibility(DW_ACCESS_public)
    2948                      .dwattr $C$DW$238, DW_AT_decl_file("/home/jose/ti/c2000/C2000Ware_26_01_00_00/device_support/f2837xd/
    2949                      .dwattr $C$DW$238, DW_AT_decl_line(0x11e)
    2950                      .dwattr $C$DW$238, DW_AT_decl_column(0x0c)
    2951              
    2952              $C$DW$239       .dwtag  DW_TAG_member
    2953                      .dwattr $C$DW$239, DW_AT_type(*$C$DW$T$41)
    2954                      .dwattr $C$DW$239, DW_AT_name("INTx10")
    2955                      .dwattr $C$DW$239, DW_AT_bit_offset(0x06)
    2956                      .dwattr $C$DW$239, DW_AT_bit_size(0x01)
    2957                      .dwattr $C$DW$239, DW_AT_accessibility(DW_ACCESS_public)
    2958                      .dwattr $C$DW$239, DW_AT_decl_file("/home/jose/ti/c2000/C2000Ware_26_01_00_00/device_support/f2837xd/
    2959                      .dwattr $C$DW$239, DW_AT_decl_line(0x11f)
    2960                      .dwattr $C$DW$239, DW_AT_decl_column(0x0c)
    2961              
    2962              $C$DW$240       .dwtag  DW_TAG_member
    2963                      .dwattr $C$DW$240, DW_AT_type(*$C$DW$T$41)
    2964                      .dwattr $C$DW$240, DW_AT_name("INTx11")
    2965                      .dwattr $C$DW$240, DW_AT_bit_offset(0x05)
    2966                      .dwattr $C$DW$240, DW_AT_bit_size(0x01)
    2967                      .dwattr $C$DW$240, DW_AT_accessibility(DW_ACCESS_public)
    2968                      .dwattr $C$DW$240, DW_AT_decl_file("/home/jose/ti/c2000/C2000Ware_26_01_00_00/device_support/f2837xd/
    2969                      .dwattr $C$DW$240, DW_AT_decl_line(0x120)
    2970                      .dwattr $C$DW$240, DW_AT_decl_column(0x0c)
    2971              
    2972              $C$DW$241       .dwtag  DW_TAG_member
    2973                      .dwattr $C$DW$241, DW_AT_type(*$C$DW$T$41)
    2974                      .dwattr $C$DW$241, DW_AT_name("INTx12")
    2975                      .dwattr $C$DW$241, DW_AT_bit_offset(0x04)
    2976                      .dwattr $C$DW$241, DW_AT_bit_size(0x01)
    2977                      .dwattr $C$DW$241, DW_AT_accessibility(DW_ACCESS_public)
    2978                      .dwattr $C$DW$241, DW_AT_decl_file("/home/jose/ti/c2000/C2000Ware_26_01_00_00/device_support/f2837xd/
    2979                      .dwattr $C$DW$241, DW_AT_decl_line(0x121)
    2980                      .dwattr $C$DW$241, DW_AT_decl_column(0x0c)
    2981              
    2982              $C$DW$242       .dwtag  DW_TAG_member
    2983                      .dwattr $C$DW$242, DW_AT_type(*$C$DW$T$41)
    2984                      .dwattr $C$DW$242, DW_AT_name("INTx13")
    2985                      .dwattr $C$DW$242, DW_AT_bit_offset(0x03)
    2986                      .dwattr $C$DW$242, DW_AT_bit_size(0x01)
    2987                      .dwattr $C$DW$242, DW_AT_accessibility(DW_ACCESS_public)
    2988                      .dwattr $C$DW$242, DW_AT_decl_file("/home/jose/ti/c2000/C2000Ware_26_01_00_00/device_support/f2837xd/
    2989                      .dwattr $C$DW$242, DW_AT_decl_line(0x122)
    2990                      .dwattr $C$DW$242, DW_AT_decl_column(0x0c)
    2991              
    2992              $C$DW$243       .dwtag  DW_TAG_member
    2993                      .dwattr $C$DW$243, DW_AT_type(*$C$DW$T$41)
    2994                      .dwattr $C$DW$243, DW_AT_name("INTx14")
    2995                      .dwattr $C$DW$243, DW_AT_bit_offset(0x02)
    2996                      .dwattr $C$DW$243, DW_AT_bit_size(0x01)
TMS320C2000 Assembler Unix v25.11.0 Sat May 30 20:22:51 2026

Copyright (c) 1996-2018 Texas Instruments Incorporated
main.asm                                                             PAGE   56

    2997                      .dwattr $C$DW$243, DW_AT_accessibility(DW_ACCESS_public)
    2998                      .dwattr $C$DW$243, DW_AT_decl_file("/home/jose/ti/c2000/C2000Ware_26_01_00_00/device_support/f2837xd/
    2999                      .dwattr $C$DW$243, DW_AT_decl_line(0x123)
    3000                      .dwattr $C$DW$243, DW_AT_decl_column(0x0c)
    3001              
    3002              $C$DW$244       .dwtag  DW_TAG_member
    3003                      .dwattr $C$DW$244, DW_AT_type(*$C$DW$T$41)
    3004                      .dwattr $C$DW$244, DW_AT_name("INTx15")
    3005                      .dwattr $C$DW$244, DW_AT_bit_offset(0x01)
    3006                      .dwattr $C$DW$244, DW_AT_bit_size(0x01)
    3007                      .dwattr $C$DW$244, DW_AT_accessibility(DW_ACCESS_public)
    3008                      .dwattr $C$DW$244, DW_AT_decl_file("/home/jose/ti/c2000/C2000Ware_26_01_00_00/device_support/f2837xd/
    3009                      .dwattr $C$DW$244, DW_AT_decl_line(0x124)
    3010                      .dwattr $C$DW$244, DW_AT_decl_column(0x0c)
    3011              
    3012              $C$DW$245       .dwtag  DW_TAG_member
    3013                      .dwattr $C$DW$245, DW_AT_type(*$C$DW$T$41)
    3014                      .dwattr $C$DW$245, DW_AT_name("INTx16")
    3015                      .dwattr $C$DW$245, DW_AT_bit_offset(0x00)
    3016                      .dwattr $C$DW$245, DW_AT_bit_size(0x01)
    3017                      .dwattr $C$DW$245, DW_AT_accessibility(DW_ACCESS_public)
    3018                      .dwattr $C$DW$245, DW_AT_decl_file("/home/jose/ti/c2000/C2000Ware_26_01_00_00/device_support/f2837xd/
    3019                      .dwattr $C$DW$245, DW_AT_decl_line(0x125)
    3020                      .dwattr $C$DW$245, DW_AT_decl_column(0x0c)
    3021              
    3022                      .dwattr $C$DW$T$60, DW_AT_decl_file("/home/jose/ti/c2000/C2000Ware_26_01_00_00/device_support/f2837xd
    3023                      .dwattr $C$DW$T$60, DW_AT_decl_line(0x115)
    3024                      .dwattr $C$DW$T$60, DW_AT_decl_column(0x08)
    3025                      .dwendtag $C$DW$T$60
    3026              
    3027                      .dwendtag $C$DW$TU$60
    3028              
    3029              
    3030              $C$DW$TU$61     .dwtag  DW_TAG_type_unit
    3031                      .dwmtype  $C$DW$T$61
    3032              
    3033              $C$DW$T$61      .dwtag  DW_TAG_union_type
    3034                      .dwattr $C$DW$T$61, DW_AT_name("PIEIER5_REG")
    3035                      .dwattr $C$DW$T$61, DW_AT_byte_size(0x01)
    3036              $C$DW$246       .dwtag  DW_TAG_member
    3037                      .dwattr $C$DW$246, DW_AT_type(*$C$DW$T$41)
    3038                      .dwattr $C$DW$246, DW_AT_name("all")
    3039                      .dwattr $C$DW$246, DW_AT_accessibility(DW_ACCESS_public)
    3040                      .dwattr $C$DW$246, DW_AT_decl_file("/home/jose/ti/c2000/C2000Ware_26_01_00_00/device_support/f2837xd/
    3041                      .dwattr $C$DW$246, DW_AT_decl_line(0x129)
    3042                      .dwattr $C$DW$246, DW_AT_decl_column(0x0d)
    3043              
    3044              $C$DW$247       .dwtag  DW_TAG_member
    3045                      .dwattr $C$DW$247, DW_AT_type(*$C$DW$T$60)
    3046                      .dwattr $C$DW$247, DW_AT_name("bit")
    3047                      .dwattr $C$DW$247, DW_AT_accessibility(DW_ACCESS_public)
    3048                      .dwattr $C$DW$247, DW_AT_decl_file("/home/jose/ti/c2000/C2000Ware_26_01_00_00/device_support/f2837xd/
    3049                      .dwattr $C$DW$247, DW_AT_decl_line(0x12a)
    3050                      .dwattr $C$DW$247, DW_AT_decl_column(0x1b)
    3051              
TMS320C2000 Assembler Unix v25.11.0 Sat May 30 20:22:51 2026

Copyright (c) 1996-2018 Texas Instruments Incorporated
main.asm                                                             PAGE   57

    3052                      .dwattr $C$DW$T$61, DW_AT_decl_file("/home/jose/ti/c2000/C2000Ware_26_01_00_00/device_support/f2837xd
    3053                      .dwattr $C$DW$T$61, DW_AT_decl_line(0x128)
    3054                      .dwattr $C$DW$T$61, DW_AT_decl_column(0x07)
    3055                      .dwendtag $C$DW$T$61
    3056              
    3057                      .dwendtag $C$DW$TU$61
    3058              
    3059              
    3060              $C$DW$TU$62     .dwtag  DW_TAG_type_unit
    3061                      .dwmtype  $C$DW$T$62
    3062              
    3063              $C$DW$T$62      .dwtag  DW_TAG_structure_type
    3064                      .dwattr $C$DW$T$62, DW_AT_name("PIEIER6_BITS")
    3065                      .dwattr $C$DW$T$62, DW_AT_byte_size(0x01)
    3066              $C$DW$248       .dwtag  DW_TAG_member
    3067                      .dwattr $C$DW$248, DW_AT_type(*$C$DW$T$41)
    3068                      .dwattr $C$DW$248, DW_AT_name("INTx1")
    3069                      .dwattr $C$DW$248, DW_AT_bit_offset(0x0f)
    3070                      .dwattr $C$DW$248, DW_AT_bit_size(0x01)
    3071                      .dwattr $C$DW$248, DW_AT_accessibility(DW_ACCESS_public)
    3072                      .dwattr $C$DW$248, DW_AT_decl_file("/home/jose/ti/c2000/C2000Ware_26_01_00_00/device_support/f2837xd/
    3073                      .dwattr $C$DW$248, DW_AT_decl_line(0x146)
    3074                      .dwattr $C$DW$248, DW_AT_decl_column(0x0c)
    3075              
    3076              $C$DW$249       .dwtag  DW_TAG_member
    3077                      .dwattr $C$DW$249, DW_AT_type(*$C$DW$T$41)
    3078                      .dwattr $C$DW$249, DW_AT_name("INTx2")
    3079                      .dwattr $C$DW$249, DW_AT_bit_offset(0x0e)
    3080                      .dwattr $C$DW$249, DW_AT_bit_size(0x01)
    3081                      .dwattr $C$DW$249, DW_AT_accessibility(DW_ACCESS_public)
    3082                      .dwattr $C$DW$249, DW_AT_decl_file("/home/jose/ti/c2000/C2000Ware_26_01_00_00/device_support/f2837xd/
    3083                      .dwattr $C$DW$249, DW_AT_decl_line(0x147)
    3084                      .dwattr $C$DW$249, DW_AT_decl_column(0x0c)
    3085              
    3086              $C$DW$250       .dwtag  DW_TAG_member
    3087                      .dwattr $C$DW$250, DW_AT_type(*$C$DW$T$41)
    3088                      .dwattr $C$DW$250, DW_AT_name("INTx3")
    3089                      .dwattr $C$DW$250, DW_AT_bit_offset(0x0d)
    3090                      .dwattr $C$DW$250, DW_AT_bit_size(0x01)
    3091                      .dwattr $C$DW$250, DW_AT_accessibility(DW_ACCESS_public)
    3092                      .dwattr $C$DW$250, DW_AT_decl_file("/home/jose/ti/c2000/C2000Ware_26_01_00_00/device_support/f2837xd/
    3093                      .dwattr $C$DW$250, DW_AT_decl_line(0x148)
    3094                      .dwattr $C$DW$250, DW_AT_decl_column(0x0c)
    3095              
    3096              $C$DW$251       .dwtag  DW_TAG_member
    3097                      .dwattr $C$DW$251, DW_AT_type(*$C$DW$T$41)
    3098                      .dwattr $C$DW$251, DW_AT_name("INTx4")
    3099                      .dwattr $C$DW$251, DW_AT_bit_offset(0x0c)
    3100                      .dwattr $C$DW$251, DW_AT_bit_size(0x01)
    3101                      .dwattr $C$DW$251, DW_AT_accessibility(DW_ACCESS_public)
    3102                      .dwattr $C$DW$251, DW_AT_decl_file("/home/jose/ti/c2000/C2000Ware_26_01_00_00/device_support/f2837xd/
    3103                      .dwattr $C$DW$251, DW_AT_decl_line(0x149)
    3104                      .dwattr $C$DW$251, DW_AT_decl_column(0x0c)
    3105              
    3106              $C$DW$252       .dwtag  DW_TAG_member
TMS320C2000 Assembler Unix v25.11.0 Sat May 30 20:22:51 2026

Copyright (c) 1996-2018 Texas Instruments Incorporated
main.asm                                                             PAGE   58

    3107                      .dwattr $C$DW$252, DW_AT_type(*$C$DW$T$41)
    3108                      .dwattr $C$DW$252, DW_AT_name("INTx5")
    3109                      .dwattr $C$DW$252, DW_AT_bit_offset(0x0b)
    3110                      .dwattr $C$DW$252, DW_AT_bit_size(0x01)
    3111                      .dwattr $C$DW$252, DW_AT_accessibility(DW_ACCESS_public)
    3112                      .dwattr $C$DW$252, DW_AT_decl_file("/home/jose/ti/c2000/C2000Ware_26_01_00_00/device_support/f2837xd/
    3113                      .dwattr $C$DW$252, DW_AT_decl_line(0x14a)
    3114                      .dwattr $C$DW$252, DW_AT_decl_column(0x0c)
    3115              
    3116              $C$DW$253       .dwtag  DW_TAG_member
    3117                      .dwattr $C$DW$253, DW_AT_type(*$C$DW$T$41)
    3118                      .dwattr $C$DW$253, DW_AT_name("INTx6")
    3119                      .dwattr $C$DW$253, DW_AT_bit_offset(0x0a)
    3120                      .dwattr $C$DW$253, DW_AT_bit_size(0x01)
    3121                      .dwattr $C$DW$253, DW_AT_accessibility(DW_ACCESS_public)
    3122                      .dwattr $C$DW$253, DW_AT_decl_file("/home/jose/ti/c2000/C2000Ware_26_01_00_00/device_support/f2837xd/
    3123                      .dwattr $C$DW$253, DW_AT_decl_line(0x14b)
    3124                      .dwattr $C$DW$253, DW_AT_decl_column(0x0c)
    3125              
    3126              $C$DW$254       .dwtag  DW_TAG_member
    3127                      .dwattr $C$DW$254, DW_AT_type(*$C$DW$T$41)
    3128                      .dwattr $C$DW$254, DW_AT_name("INTx7")
    3129                      .dwattr $C$DW$254, DW_AT_bit_offset(0x09)
    3130                      .dwattr $C$DW$254, DW_AT_bit_size(0x01)
    3131                      .dwattr $C$DW$254, DW_AT_accessibility(DW_ACCESS_public)
    3132                      .dwattr $C$DW$254, DW_AT_decl_file("/home/jose/ti/c2000/C2000Ware_26_01_00_00/device_support/f2837xd/
    3133                      .dwattr $C$DW$254, DW_AT_decl_line(0x14c)
    3134                      .dwattr $C$DW$254, DW_AT_decl_column(0x0c)
    3135              
    3136              $C$DW$255       .dwtag  DW_TAG_member
    3137                      .dwattr $C$DW$255, DW_AT_type(*$C$DW$T$41)
    3138                      .dwattr $C$DW$255, DW_AT_name("INTx8")
    3139                      .dwattr $C$DW$255, DW_AT_bit_offset(0x08)
    3140                      .dwattr $C$DW$255, DW_AT_bit_size(0x01)
    3141                      .dwattr $C$DW$255, DW_AT_accessibility(DW_ACCESS_public)
    3142                      .dwattr $C$DW$255, DW_AT_decl_file("/home/jose/ti/c2000/C2000Ware_26_01_00_00/device_support/f2837xd/
    3143                      .dwattr $C$DW$255, DW_AT_decl_line(0x14d)
    3144                      .dwattr $C$DW$255, DW_AT_decl_column(0x0c)
    3145              
    3146              $C$DW$256       .dwtag  DW_TAG_member
    3147                      .dwattr $C$DW$256, DW_AT_type(*$C$DW$T$41)
    3148                      .dwattr $C$DW$256, DW_AT_name("INTx9")
    3149                      .dwattr $C$DW$256, DW_AT_bit_offset(0x07)
    3150                      .dwattr $C$DW$256, DW_AT_bit_size(0x01)
    3151                      .dwattr $C$DW$256, DW_AT_accessibility(DW_ACCESS_public)
    3152                      .dwattr $C$DW$256, DW_AT_decl_file("/home/jose/ti/c2000/C2000Ware_26_01_00_00/device_support/f2837xd/
    3153                      .dwattr $C$DW$256, DW_AT_decl_line(0x14e)
    3154                      .dwattr $C$DW$256, DW_AT_decl_column(0x0c)
    3155              
    3156              $C$DW$257       .dwtag  DW_TAG_member
    3157                      .dwattr $C$DW$257, DW_AT_type(*$C$DW$T$41)
    3158                      .dwattr $C$DW$257, DW_AT_name("INTx10")
    3159                      .dwattr $C$DW$257, DW_AT_bit_offset(0x06)
    3160                      .dwattr $C$DW$257, DW_AT_bit_size(0x01)
    3161                      .dwattr $C$DW$257, DW_AT_accessibility(DW_ACCESS_public)
TMS320C2000 Assembler Unix v25.11.0 Sat May 30 20:22:51 2026

Copyright (c) 1996-2018 Texas Instruments Incorporated
main.asm                                                             PAGE   59

    3162                      .dwattr $C$DW$257, DW_AT_decl_file("/home/jose/ti/c2000/C2000Ware_26_01_00_00/device_support/f2837xd/
    3163                      .dwattr $C$DW$257, DW_AT_decl_line(0x14f)
    3164                      .dwattr $C$DW$257, DW_AT_decl_column(0x0c)
    3165              
    3166              $C$DW$258       .dwtag  DW_TAG_member
    3167                      .dwattr $C$DW$258, DW_AT_type(*$C$DW$T$41)
    3168                      .dwattr $C$DW$258, DW_AT_name("INTx11")
    3169                      .dwattr $C$DW$258, DW_AT_bit_offset(0x05)
    3170                      .dwattr $C$DW$258, DW_AT_bit_size(0x01)
    3171                      .dwattr $C$DW$258, DW_AT_accessibility(DW_ACCESS_public)
    3172                      .dwattr $C$DW$258, DW_AT_decl_file("/home/jose/ti/c2000/C2000Ware_26_01_00_00/device_support/f2837xd/
    3173                      .dwattr $C$DW$258, DW_AT_decl_line(0x150)
    3174                      .dwattr $C$DW$258, DW_AT_decl_column(0x0c)
    3175              
    3176              $C$DW$259       .dwtag  DW_TAG_member
    3177                      .dwattr $C$DW$259, DW_AT_type(*$C$DW$T$41)
    3178                      .dwattr $C$DW$259, DW_AT_name("INTx12")
    3179                      .dwattr $C$DW$259, DW_AT_bit_offset(0x04)
    3180                      .dwattr $C$DW$259, DW_AT_bit_size(0x01)
    3181                      .dwattr $C$DW$259, DW_AT_accessibility(DW_ACCESS_public)
    3182                      .dwattr $C$DW$259, DW_AT_decl_file("/home/jose/ti/c2000/C2000Ware_26_01_00_00/device_support/f2837xd/
    3183                      .dwattr $C$DW$259, DW_AT_decl_line(0x151)
    3184                      .dwattr $C$DW$259, DW_AT_decl_column(0x0c)
    3185              
    3186              $C$DW$260       .dwtag  DW_TAG_member
    3187                      .dwattr $C$DW$260, DW_AT_type(*$C$DW$T$41)
    3188                      .dwattr $C$DW$260, DW_AT_name("INTx13")
    3189                      .dwattr $C$DW$260, DW_AT_bit_offset(0x03)
    3190                      .dwattr $C$DW$260, DW_AT_bit_size(0x01)
    3191                      .dwattr $C$DW$260, DW_AT_accessibility(DW_ACCESS_public)
    3192                      .dwattr $C$DW$260, DW_AT_decl_file("/home/jose/ti/c2000/C2000Ware_26_01_00_00/device_support/f2837xd/
    3193                      .dwattr $C$DW$260, DW_AT_decl_line(0x152)
    3194                      .dwattr $C$DW$260, DW_AT_decl_column(0x0c)
    3195              
    3196              $C$DW$261       .dwtag  DW_TAG_member
    3197                      .dwattr $C$DW$261, DW_AT_type(*$C$DW$T$41)
    3198                      .dwattr $C$DW$261, DW_AT_name("INTx14")
    3199                      .dwattr $C$DW$261, DW_AT_bit_offset(0x02)
    3200                      .dwattr $C$DW$261, DW_AT_bit_size(0x01)
    3201                      .dwattr $C$DW$261, DW_AT_accessibility(DW_ACCESS_public)
    3202                      .dwattr $C$DW$261, DW_AT_decl_file("/home/jose/ti/c2000/C2000Ware_26_01_00_00/device_support/f2837xd/
    3203                      .dwattr $C$DW$261, DW_AT_decl_line(0x153)
    3204                      .dwattr $C$DW$261, DW_AT_decl_column(0x0c)
    3205              
    3206              $C$DW$262       .dwtag  DW_TAG_member
    3207                      .dwattr $C$DW$262, DW_AT_type(*$C$DW$T$41)
    3208                      .dwattr $C$DW$262, DW_AT_name("INTx15")
    3209                      .dwattr $C$DW$262, DW_AT_bit_offset(0x01)
    3210                      .dwattr $C$DW$262, DW_AT_bit_size(0x01)
    3211                      .dwattr $C$DW$262, DW_AT_accessibility(DW_ACCESS_public)
    3212                      .dwattr $C$DW$262, DW_AT_decl_file("/home/jose/ti/c2000/C2000Ware_26_01_00_00/device_support/f2837xd/
    3213                      .dwattr $C$DW$262, DW_AT_decl_line(0x154)
    3214                      .dwattr $C$DW$262, DW_AT_decl_column(0x0c)
    3215              
    3216              $C$DW$263       .dwtag  DW_TAG_member
TMS320C2000 Assembler Unix v25.11.0 Sat May 30 20:22:51 2026

Copyright (c) 1996-2018 Texas Instruments Incorporated
main.asm                                                             PAGE   60

    3217                      .dwattr $C$DW$263, DW_AT_type(*$C$DW$T$41)
    3218                      .dwattr $C$DW$263, DW_AT_name("INTx16")
    3219                      .dwattr $C$DW$263, DW_AT_bit_offset(0x00)
    3220                      .dwattr $C$DW$263, DW_AT_bit_size(0x01)
    3221                      .dwattr $C$DW$263, DW_AT_accessibility(DW_ACCESS_public)
    3222                      .dwattr $C$DW$263, DW_AT_decl_file("/home/jose/ti/c2000/C2000Ware_26_01_00_00/device_support/f2837xd/
    3223                      .dwattr $C$DW$263, DW_AT_decl_line(0x155)
    3224                      .dwattr $C$DW$263, DW_AT_decl_column(0x0c)
    3225              
    3226                      .dwattr $C$DW$T$62, DW_AT_decl_file("/home/jose/ti/c2000/C2000Ware_26_01_00_00/device_support/f2837xd
    3227                      .dwattr $C$DW$T$62, DW_AT_decl_line(0x145)
    3228                      .dwattr $C$DW$T$62, DW_AT_decl_column(0x08)
    3229                      .dwendtag $C$DW$T$62
    3230              
    3231                      .dwendtag $C$DW$TU$62
    3232              
    3233              
    3234              $C$DW$TU$63     .dwtag  DW_TAG_type_unit
    3235                      .dwmtype  $C$DW$T$63
    3236              
    3237              $C$DW$T$63      .dwtag  DW_TAG_union_type
    3238                      .dwattr $C$DW$T$63, DW_AT_name("PIEIER6_REG")
    3239                      .dwattr $C$DW$T$63, DW_AT_byte_size(0x01)
    3240              $C$DW$264       .dwtag  DW_TAG_member
    3241                      .dwattr $C$DW$264, DW_AT_type(*$C$DW$T$41)
    3242                      .dwattr $C$DW$264, DW_AT_name("all")
    3243                      .dwattr $C$DW$264, DW_AT_accessibility(DW_ACCESS_public)
    3244                      .dwattr $C$DW$264, DW_AT_decl_file("/home/jose/ti/c2000/C2000Ware_26_01_00_00/device_support/f2837xd/
    3245                      .dwattr $C$DW$264, DW_AT_decl_line(0x159)
    3246                      .dwattr $C$DW$264, DW_AT_decl_column(0x0d)
    3247              
    3248              $C$DW$265       .dwtag  DW_TAG_member
    3249                      .dwattr $C$DW$265, DW_AT_type(*$C$DW$T$62)
    3250                      .dwattr $C$DW$265, DW_AT_name("bit")
    3251                      .dwattr $C$DW$265, DW_AT_accessibility(DW_ACCESS_public)
    3252                      .dwattr $C$DW$265, DW_AT_decl_file("/home/jose/ti/c2000/C2000Ware_26_01_00_00/device_support/f2837xd/
    3253                      .dwattr $C$DW$265, DW_AT_decl_line(0x15a)
    3254                      .dwattr $C$DW$265, DW_AT_decl_column(0x1b)
    3255              
    3256                      .dwattr $C$DW$T$63, DW_AT_decl_file("/home/jose/ti/c2000/C2000Ware_26_01_00_00/device_support/f2837xd
    3257                      .dwattr $C$DW$T$63, DW_AT_decl_line(0x158)
    3258                      .dwattr $C$DW$T$63, DW_AT_decl_column(0x07)
    3259                      .dwendtag $C$DW$T$63
    3260              
    3261                      .dwendtag $C$DW$TU$63
    3262              
    3263              
    3264              $C$DW$TU$64     .dwtag  DW_TAG_type_unit
    3265                      .dwmtype  $C$DW$T$64
    3266              
    3267              $C$DW$T$64      .dwtag  DW_TAG_structure_type
    3268                      .dwattr $C$DW$T$64, DW_AT_name("PIEIER7_BITS")
    3269                      .dwattr $C$DW$T$64, DW_AT_byte_size(0x01)
    3270              $C$DW$266       .dwtag  DW_TAG_member
    3271                      .dwattr $C$DW$266, DW_AT_type(*$C$DW$T$41)
TMS320C2000 Assembler Unix v25.11.0 Sat May 30 20:22:51 2026

Copyright (c) 1996-2018 Texas Instruments Incorporated
main.asm                                                             PAGE   61

    3272                      .dwattr $C$DW$266, DW_AT_name("INTx1")
    3273                      .dwattr $C$DW$266, DW_AT_bit_offset(0x0f)
    3274                      .dwattr $C$DW$266, DW_AT_bit_size(0x01)
    3275                      .dwattr $C$DW$266, DW_AT_accessibility(DW_ACCESS_public)
    3276                      .dwattr $C$DW$266, DW_AT_decl_file("/home/jose/ti/c2000/C2000Ware_26_01_00_00/device_support/f2837xd/
    3277                      .dwattr $C$DW$266, DW_AT_decl_line(0x176)
    3278                      .dwattr $C$DW$266, DW_AT_decl_column(0x0c)
    3279              
    3280              $C$DW$267       .dwtag  DW_TAG_member
    3281                      .dwattr $C$DW$267, DW_AT_type(*$C$DW$T$41)
    3282                      .dwattr $C$DW$267, DW_AT_name("INTx2")
    3283                      .dwattr $C$DW$267, DW_AT_bit_offset(0x0e)
    3284                      .dwattr $C$DW$267, DW_AT_bit_size(0x01)
    3285                      .dwattr $C$DW$267, DW_AT_accessibility(DW_ACCESS_public)
    3286                      .dwattr $C$DW$267, DW_AT_decl_file("/home/jose/ti/c2000/C2000Ware_26_01_00_00/device_support/f2837xd/
    3287                      .dwattr $C$DW$267, DW_AT_decl_line(0x177)
    3288                      .dwattr $C$DW$267, DW_AT_decl_column(0x0c)
    3289              
    3290              $C$DW$268       .dwtag  DW_TAG_member
    3291                      .dwattr $C$DW$268, DW_AT_type(*$C$DW$T$41)
    3292                      .dwattr $C$DW$268, DW_AT_name("INTx3")
    3293                      .dwattr $C$DW$268, DW_AT_bit_offset(0x0d)
    3294                      .dwattr $C$DW$268, DW_AT_bit_size(0x01)
    3295                      .dwattr $C$DW$268, DW_AT_accessibility(DW_ACCESS_public)
    3296                      .dwattr $C$DW$268, DW_AT_decl_file("/home/jose/ti/c2000/C2000Ware_26_01_00_00/device_support/f2837xd/
    3297                      .dwattr $C$DW$268, DW_AT_decl_line(0x178)
    3298                      .dwattr $C$DW$268, DW_AT_decl_column(0x0c)
    3299              
    3300              $C$DW$269       .dwtag  DW_TAG_member
    3301                      .dwattr $C$DW$269, DW_AT_type(*$C$DW$T$41)
    3302                      .dwattr $C$DW$269, DW_AT_name("INTx4")
    3303                      .dwattr $C$DW$269, DW_AT_bit_offset(0x0c)
    3304                      .dwattr $C$DW$269, DW_AT_bit_size(0x01)
    3305                      .dwattr $C$DW$269, DW_AT_accessibility(DW_ACCESS_public)
    3306                      .dwattr $C$DW$269, DW_AT_decl_file("/home/jose/ti/c2000/C2000Ware_26_01_00_00/device_support/f2837xd/
    3307                      .dwattr $C$DW$269, DW_AT_decl_line(0x179)
    3308                      .dwattr $C$DW$269, DW_AT_decl_column(0x0c)
    3309              
    3310              $C$DW$270       .dwtag  DW_TAG_member
    3311                      .dwattr $C$DW$270, DW_AT_type(*$C$DW$T$41)
    3312                      .dwattr $C$DW$270, DW_AT_name("INTx5")
    3313                      .dwattr $C$DW$270, DW_AT_bit_offset(0x0b)
    3314                      .dwattr $C$DW$270, DW_AT_bit_size(0x01)
    3315                      .dwattr $C$DW$270, DW_AT_accessibility(DW_ACCESS_public)
    3316                      .dwattr $C$DW$270, DW_AT_decl_file("/home/jose/ti/c2000/C2000Ware_26_01_00_00/device_support/f2837xd/
    3317                      .dwattr $C$DW$270, DW_AT_decl_line(0x17a)
    3318                      .dwattr $C$DW$270, DW_AT_decl_column(0x0c)
    3319              
    3320              $C$DW$271       .dwtag  DW_TAG_member
    3321                      .dwattr $C$DW$271, DW_AT_type(*$C$DW$T$41)
    3322                      .dwattr $C$DW$271, DW_AT_name("INTx6")
    3323                      .dwattr $C$DW$271, DW_AT_bit_offset(0x0a)
    3324                      .dwattr $C$DW$271, DW_AT_bit_size(0x01)
    3325                      .dwattr $C$DW$271, DW_AT_accessibility(DW_ACCESS_public)
    3326                      .dwattr $C$DW$271, DW_AT_decl_file("/home/jose/ti/c2000/C2000Ware_26_01_00_00/device_support/f2837xd/
TMS320C2000 Assembler Unix v25.11.0 Sat May 30 20:22:51 2026

Copyright (c) 1996-2018 Texas Instruments Incorporated
main.asm                                                             PAGE   62

    3327                      .dwattr $C$DW$271, DW_AT_decl_line(0x17b)
    3328                      .dwattr $C$DW$271, DW_AT_decl_column(0x0c)
    3329              
    3330              $C$DW$272       .dwtag  DW_TAG_member
    3331                      .dwattr $C$DW$272, DW_AT_type(*$C$DW$T$41)
    3332                      .dwattr $C$DW$272, DW_AT_name("INTx7")
    3333                      .dwattr $C$DW$272, DW_AT_bit_offset(0x09)
    3334                      .dwattr $C$DW$272, DW_AT_bit_size(0x01)
    3335                      .dwattr $C$DW$272, DW_AT_accessibility(DW_ACCESS_public)
    3336                      .dwattr $C$DW$272, DW_AT_decl_file("/home/jose/ti/c2000/C2000Ware_26_01_00_00/device_support/f2837xd/
    3337                      .dwattr $C$DW$272, DW_AT_decl_line(0x17c)
    3338                      .dwattr $C$DW$272, DW_AT_decl_column(0x0c)
    3339              
    3340              $C$DW$273       .dwtag  DW_TAG_member
    3341                      .dwattr $C$DW$273, DW_AT_type(*$C$DW$T$41)
    3342                      .dwattr $C$DW$273, DW_AT_name("INTx8")
    3343                      .dwattr $C$DW$273, DW_AT_bit_offset(0x08)
    3344                      .dwattr $C$DW$273, DW_AT_bit_size(0x01)
    3345                      .dwattr $C$DW$273, DW_AT_accessibility(DW_ACCESS_public)
    3346                      .dwattr $C$DW$273, DW_AT_decl_file("/home/jose/ti/c2000/C2000Ware_26_01_00_00/device_support/f2837xd/
    3347                      .dwattr $C$DW$273, DW_AT_decl_line(0x17d)
    3348                      .dwattr $C$DW$273, DW_AT_decl_column(0x0c)
    3349              
    3350              $C$DW$274       .dwtag  DW_TAG_member
    3351                      .dwattr $C$DW$274, DW_AT_type(*$C$DW$T$41)
    3352                      .dwattr $C$DW$274, DW_AT_name("INTx9")
    3353                      .dwattr $C$DW$274, DW_AT_bit_offset(0x07)
    3354                      .dwattr $C$DW$274, DW_AT_bit_size(0x01)
    3355                      .dwattr $C$DW$274, DW_AT_accessibility(DW_ACCESS_public)
    3356                      .dwattr $C$DW$274, DW_AT_decl_file("/home/jose/ti/c2000/C2000Ware_26_01_00_00/device_support/f2837xd/
    3357                      .dwattr $C$DW$274, DW_AT_decl_line(0x17e)
    3358                      .dwattr $C$DW$274, DW_AT_decl_column(0x0c)
    3359              
    3360              $C$DW$275       .dwtag  DW_TAG_member
    3361                      .dwattr $C$DW$275, DW_AT_type(*$C$DW$T$41)
    3362                      .dwattr $C$DW$275, DW_AT_name("INTx10")
    3363                      .dwattr $C$DW$275, DW_AT_bit_offset(0x06)
    3364                      .dwattr $C$DW$275, DW_AT_bit_size(0x01)
    3365                      .dwattr $C$DW$275, DW_AT_accessibility(DW_ACCESS_public)
    3366                      .dwattr $C$DW$275, DW_AT_decl_file("/home/jose/ti/c2000/C2000Ware_26_01_00_00/device_support/f2837xd/
    3367                      .dwattr $C$DW$275, DW_AT_decl_line(0x17f)
    3368                      .dwattr $C$DW$275, DW_AT_decl_column(0x0c)
    3369              
    3370              $C$DW$276       .dwtag  DW_TAG_member
    3371                      .dwattr $C$DW$276, DW_AT_type(*$C$DW$T$41)
    3372                      .dwattr $C$DW$276, DW_AT_name("INTx11")
    3373                      .dwattr $C$DW$276, DW_AT_bit_offset(0x05)
    3374                      .dwattr $C$DW$276, DW_AT_bit_size(0x01)
    3375                      .dwattr $C$DW$276, DW_AT_accessibility(DW_ACCESS_public)
    3376                      .dwattr $C$DW$276, DW_AT_decl_file("/home/jose/ti/c2000/C2000Ware_26_01_00_00/device_support/f2837xd/
    3377                      .dwattr $C$DW$276, DW_AT_decl_line(0x180)
    3378                      .dwattr $C$DW$276, DW_AT_decl_column(0x0c)
    3379              
    3380              $C$DW$277       .dwtag  DW_TAG_member
    3381                      .dwattr $C$DW$277, DW_AT_type(*$C$DW$T$41)
TMS320C2000 Assembler Unix v25.11.0 Sat May 30 20:22:51 2026

Copyright (c) 1996-2018 Texas Instruments Incorporated
main.asm                                                             PAGE   63

    3382                      .dwattr $C$DW$277, DW_AT_name("INTx12")
    3383                      .dwattr $C$DW$277, DW_AT_bit_offset(0x04)
    3384                      .dwattr $C$DW$277, DW_AT_bit_size(0x01)
    3385                      .dwattr $C$DW$277, DW_AT_accessibility(DW_ACCESS_public)
    3386                      .dwattr $C$DW$277, DW_AT_decl_file("/home/jose/ti/c2000/C2000Ware_26_01_00_00/device_support/f2837xd/
    3387                      .dwattr $C$DW$277, DW_AT_decl_line(0x181)
    3388                      .dwattr $C$DW$277, DW_AT_decl_column(0x0c)
    3389              
    3390              $C$DW$278       .dwtag  DW_TAG_member
    3391                      .dwattr $C$DW$278, DW_AT_type(*$C$DW$T$41)
    3392                      .dwattr $C$DW$278, DW_AT_name("INTx13")
    3393                      .dwattr $C$DW$278, DW_AT_bit_offset(0x03)
    3394                      .dwattr $C$DW$278, DW_AT_bit_size(0x01)
    3395                      .dwattr $C$DW$278, DW_AT_accessibility(DW_ACCESS_public)
    3396                      .dwattr $C$DW$278, DW_AT_decl_file("/home/jose/ti/c2000/C2000Ware_26_01_00_00/device_support/f2837xd/
    3397                      .dwattr $C$DW$278, DW_AT_decl_line(0x182)
    3398                      .dwattr $C$DW$278, DW_AT_decl_column(0x0c)
    3399              
    3400              $C$DW$279       .dwtag  DW_TAG_member
    3401                      .dwattr $C$DW$279, DW_AT_type(*$C$DW$T$41)
    3402                      .dwattr $C$DW$279, DW_AT_name("INTx14")
    3403                      .dwattr $C$DW$279, DW_AT_bit_offset(0x02)
    3404                      .dwattr $C$DW$279, DW_AT_bit_size(0x01)
    3405                      .dwattr $C$DW$279, DW_AT_accessibility(DW_ACCESS_public)
    3406                      .dwattr $C$DW$279, DW_AT_decl_file("/home/jose/ti/c2000/C2000Ware_26_01_00_00/device_support/f2837xd/
    3407                      .dwattr $C$DW$279, DW_AT_decl_line(0x183)
    3408                      .dwattr $C$DW$279, DW_AT_decl_column(0x0c)
    3409              
    3410              $C$DW$280       .dwtag  DW_TAG_member
    3411                      .dwattr $C$DW$280, DW_AT_type(*$C$DW$T$41)
    3412                      .dwattr $C$DW$280, DW_AT_name("INTx15")
    3413                      .dwattr $C$DW$280, DW_AT_bit_offset(0x01)
    3414                      .dwattr $C$DW$280, DW_AT_bit_size(0x01)
    3415                      .dwattr $C$DW$280, DW_AT_accessibility(DW_ACCESS_public)
    3416                      .dwattr $C$DW$280, DW_AT_decl_file("/home/jose/ti/c2000/C2000Ware_26_01_00_00/device_support/f2837xd/
    3417                      .dwattr $C$DW$280, DW_AT_decl_line(0x184)
    3418                      .dwattr $C$DW$280, DW_AT_decl_column(0x0c)
    3419              
    3420              $C$DW$281       .dwtag  DW_TAG_member
    3421                      .dwattr $C$DW$281, DW_AT_type(*$C$DW$T$41)
    3422                      .dwattr $C$DW$281, DW_AT_name("INTx16")
    3423                      .dwattr $C$DW$281, DW_AT_bit_offset(0x00)
    3424                      .dwattr $C$DW$281, DW_AT_bit_size(0x01)
    3425                      .dwattr $C$DW$281, DW_AT_accessibility(DW_ACCESS_public)
    3426                      .dwattr $C$DW$281, DW_AT_decl_file("/home/jose/ti/c2000/C2000Ware_26_01_00_00/device_support/f2837xd/
    3427                      .dwattr $C$DW$281, DW_AT_decl_line(0x185)
    3428                      .dwattr $C$DW$281, DW_AT_decl_column(0x0c)
    3429              
    3430                      .dwattr $C$DW$T$64, DW_AT_decl_file("/home/jose/ti/c2000/C2000Ware_26_01_00_00/device_support/f2837xd
    3431                      .dwattr $C$DW$T$64, DW_AT_decl_line(0x175)
    3432                      .dwattr $C$DW$T$64, DW_AT_decl_column(0x08)
    3433                      .dwendtag $C$DW$T$64
    3434              
    3435                      .dwendtag $C$DW$TU$64
    3436              
TMS320C2000 Assembler Unix v25.11.0 Sat May 30 20:22:51 2026

Copyright (c) 1996-2018 Texas Instruments Incorporated
main.asm                                                             PAGE   64

    3437              
    3438              $C$DW$TU$65     .dwtag  DW_TAG_type_unit
    3439                      .dwmtype  $C$DW$T$65
    3440              
    3441              $C$DW$T$65      .dwtag  DW_TAG_union_type
    3442                      .dwattr $C$DW$T$65, DW_AT_name("PIEIER7_REG")
    3443                      .dwattr $C$DW$T$65, DW_AT_byte_size(0x01)
    3444              $C$DW$282       .dwtag  DW_TAG_member
    3445                      .dwattr $C$DW$282, DW_AT_type(*$C$DW$T$41)
    3446                      .dwattr $C$DW$282, DW_AT_name("all")
    3447                      .dwattr $C$DW$282, DW_AT_accessibility(DW_ACCESS_public)
    3448                      .dwattr $C$DW$282, DW_AT_decl_file("/home/jose/ti/c2000/C2000Ware_26_01_00_00/device_support/f2837xd/
    3449                      .dwattr $C$DW$282, DW_AT_decl_line(0x189)
    3450                      .dwattr $C$DW$282, DW_AT_decl_column(0x0d)
    3451              
    3452              $C$DW$283       .dwtag  DW_TAG_member
    3453                      .dwattr $C$DW$283, DW_AT_type(*$C$DW$T$64)
    3454                      .dwattr $C$DW$283, DW_AT_name("bit")
    3455                      .dwattr $C$DW$283, DW_AT_accessibility(DW_ACCESS_public)
    3456                      .dwattr $C$DW$283, DW_AT_decl_file("/home/jose/ti/c2000/C2000Ware_26_01_00_00/device_support/f2837xd/
    3457                      .dwattr $C$DW$283, DW_AT_decl_line(0x18a)
    3458                      .dwattr $C$DW$283, DW_AT_decl_column(0x1b)
    3459              
    3460                      .dwattr $C$DW$T$65, DW_AT_decl_file("/home/jose/ti/c2000/C2000Ware_26_01_00_00/device_support/f2837xd
    3461                      .dwattr $C$DW$T$65, DW_AT_decl_line(0x188)
    3462                      .dwattr $C$DW$T$65, DW_AT_decl_column(0x07)
    3463                      .dwendtag $C$DW$T$65
    3464              
    3465                      .dwendtag $C$DW$TU$65
    3466              
    3467              
    3468              $C$DW$TU$66     .dwtag  DW_TAG_type_unit
    3469                      .dwmtype  $C$DW$T$66
    3470              
    3471              $C$DW$T$66      .dwtag  DW_TAG_structure_type
    3472                      .dwattr $C$DW$T$66, DW_AT_name("PIEIER8_BITS")
    3473                      .dwattr $C$DW$T$66, DW_AT_byte_size(0x01)
    3474              $C$DW$284       .dwtag  DW_TAG_member
    3475                      .dwattr $C$DW$284, DW_AT_type(*$C$DW$T$41)
    3476                      .dwattr $C$DW$284, DW_AT_name("INTx1")
    3477                      .dwattr $C$DW$284, DW_AT_bit_offset(0x0f)
    3478                      .dwattr $C$DW$284, DW_AT_bit_size(0x01)
    3479                      .dwattr $C$DW$284, DW_AT_accessibility(DW_ACCESS_public)
    3480                      .dwattr $C$DW$284, DW_AT_decl_file("/home/jose/ti/c2000/C2000Ware_26_01_00_00/device_support/f2837xd/
    3481                      .dwattr $C$DW$284, DW_AT_decl_line(0x1a6)
    3482                      .dwattr $C$DW$284, DW_AT_decl_column(0x0c)
    3483              
    3484              $C$DW$285       .dwtag  DW_TAG_member
    3485                      .dwattr $C$DW$285, DW_AT_type(*$C$DW$T$41)
    3486                      .dwattr $C$DW$285, DW_AT_name("INTx2")
    3487                      .dwattr $C$DW$285, DW_AT_bit_offset(0x0e)
    3488                      .dwattr $C$DW$285, DW_AT_bit_size(0x01)
    3489                      .dwattr $C$DW$285, DW_AT_accessibility(DW_ACCESS_public)
    3490                      .dwattr $C$DW$285, DW_AT_decl_file("/home/jose/ti/c2000/C2000Ware_26_01_00_00/device_support/f2837xd/
    3491                      .dwattr $C$DW$285, DW_AT_decl_line(0x1a7)
TMS320C2000 Assembler Unix v25.11.0 Sat May 30 20:22:51 2026

Copyright (c) 1996-2018 Texas Instruments Incorporated
main.asm                                                             PAGE   65

    3492                      .dwattr $C$DW$285, DW_AT_decl_column(0x0c)
    3493              
    3494              $C$DW$286       .dwtag  DW_TAG_member
    3495                      .dwattr $C$DW$286, DW_AT_type(*$C$DW$T$41)
    3496                      .dwattr $C$DW$286, DW_AT_name("INTx3")
    3497                      .dwattr $C$DW$286, DW_AT_bit_offset(0x0d)
    3498                      .dwattr $C$DW$286, DW_AT_bit_size(0x01)
    3499                      .dwattr $C$DW$286, DW_AT_accessibility(DW_ACCESS_public)
    3500                      .dwattr $C$DW$286, DW_AT_decl_file("/home/jose/ti/c2000/C2000Ware_26_01_00_00/device_support/f2837xd/
    3501                      .dwattr $C$DW$286, DW_AT_decl_line(0x1a8)
    3502                      .dwattr $C$DW$286, DW_AT_decl_column(0x0c)
    3503              
    3504              $C$DW$287       .dwtag  DW_TAG_member
    3505                      .dwattr $C$DW$287, DW_AT_type(*$C$DW$T$41)
    3506                      .dwattr $C$DW$287, DW_AT_name("INTx4")
    3507                      .dwattr $C$DW$287, DW_AT_bit_offset(0x0c)
    3508                      .dwattr $C$DW$287, DW_AT_bit_size(0x01)
    3509                      .dwattr $C$DW$287, DW_AT_accessibility(DW_ACCESS_public)
    3510                      .dwattr $C$DW$287, DW_AT_decl_file("/home/jose/ti/c2000/C2000Ware_26_01_00_00/device_support/f2837xd/
    3511                      .dwattr $C$DW$287, DW_AT_decl_line(0x1a9)
    3512                      .dwattr $C$DW$287, DW_AT_decl_column(0x0c)
    3513              
    3514              $C$DW$288       .dwtag  DW_TAG_member
    3515                      .dwattr $C$DW$288, DW_AT_type(*$C$DW$T$41)
    3516                      .dwattr $C$DW$288, DW_AT_name("INTx5")
    3517                      .dwattr $C$DW$288, DW_AT_bit_offset(0x0b)
    3518                      .dwattr $C$DW$288, DW_AT_bit_size(0x01)
    3519                      .dwattr $C$DW$288, DW_AT_accessibility(DW_ACCESS_public)
    3520                      .dwattr $C$DW$288, DW_AT_decl_file("/home/jose/ti/c2000/C2000Ware_26_01_00_00/device_support/f2837xd/
    3521                      .dwattr $C$DW$288, DW_AT_decl_line(0x1aa)
    3522                      .dwattr $C$DW$288, DW_AT_decl_column(0x0c)
    3523              
    3524              $C$DW$289       .dwtag  DW_TAG_member
    3525                      .dwattr $C$DW$289, DW_AT_type(*$C$DW$T$41)
    3526                      .dwattr $C$DW$289, DW_AT_name("INTx6")
    3527                      .dwattr $C$DW$289, DW_AT_bit_offset(0x0a)
    3528                      .dwattr $C$DW$289, DW_AT_bit_size(0x01)
    3529                      .dwattr $C$DW$289, DW_AT_accessibility(DW_ACCESS_public)
    3530                      .dwattr $C$DW$289, DW_AT_decl_file("/home/jose/ti/c2000/C2000Ware_26_01_00_00/device_support/f2837xd/
    3531                      .dwattr $C$DW$289, DW_AT_decl_line(0x1ab)
    3532                      .dwattr $C$DW$289, DW_AT_decl_column(0x0c)
    3533              
    3534              $C$DW$290       .dwtag  DW_TAG_member
    3535                      .dwattr $C$DW$290, DW_AT_type(*$C$DW$T$41)
    3536                      .dwattr $C$DW$290, DW_AT_name("INTx7")
    3537                      .dwattr $C$DW$290, DW_AT_bit_offset(0x09)
    3538                      .dwattr $C$DW$290, DW_AT_bit_size(0x01)
    3539                      .dwattr $C$DW$290, DW_AT_accessibility(DW_ACCESS_public)
    3540                      .dwattr $C$DW$290, DW_AT_decl_file("/home/jose/ti/c2000/C2000Ware_26_01_00_00/device_support/f2837xd/
    3541                      .dwattr $C$DW$290, DW_AT_decl_line(0x1ac)
    3542                      .dwattr $C$DW$290, DW_AT_decl_column(0x0c)
    3543              
    3544              $C$DW$291       .dwtag  DW_TAG_member
    3545                      .dwattr $C$DW$291, DW_AT_type(*$C$DW$T$41)
    3546                      .dwattr $C$DW$291, DW_AT_name("INTx8")
TMS320C2000 Assembler Unix v25.11.0 Sat May 30 20:22:51 2026

Copyright (c) 1996-2018 Texas Instruments Incorporated
main.asm                                                             PAGE   66

    3547                      .dwattr $C$DW$291, DW_AT_bit_offset(0x08)
    3548                      .dwattr $C$DW$291, DW_AT_bit_size(0x01)
    3549                      .dwattr $C$DW$291, DW_AT_accessibility(DW_ACCESS_public)
    3550                      .dwattr $C$DW$291, DW_AT_decl_file("/home/jose/ti/c2000/C2000Ware_26_01_00_00/device_support/f2837xd/
    3551                      .dwattr $C$DW$291, DW_AT_decl_line(0x1ad)
    3552                      .dwattr $C$DW$291, DW_AT_decl_column(0x0c)
    3553              
    3554              $C$DW$292       .dwtag  DW_TAG_member
    3555                      .dwattr $C$DW$292, DW_AT_type(*$C$DW$T$41)
    3556                      .dwattr $C$DW$292, DW_AT_name("INTx9")
    3557                      .dwattr $C$DW$292, DW_AT_bit_offset(0x07)
    3558                      .dwattr $C$DW$292, DW_AT_bit_size(0x01)
    3559                      .dwattr $C$DW$292, DW_AT_accessibility(DW_ACCESS_public)
    3560                      .dwattr $C$DW$292, DW_AT_decl_file("/home/jose/ti/c2000/C2000Ware_26_01_00_00/device_support/f2837xd/
    3561                      .dwattr $C$DW$292, DW_AT_decl_line(0x1ae)
    3562                      .dwattr $C$DW$292, DW_AT_decl_column(0x0c)
    3563              
    3564              $C$DW$293       .dwtag  DW_TAG_member
    3565                      .dwattr $C$DW$293, DW_AT_type(*$C$DW$T$41)
    3566                      .dwattr $C$DW$293, DW_AT_name("INTx10")
    3567                      .dwattr $C$DW$293, DW_AT_bit_offset(0x06)
    3568                      .dwattr $C$DW$293, DW_AT_bit_size(0x01)
    3569                      .dwattr $C$DW$293, DW_AT_accessibility(DW_ACCESS_public)
    3570                      .dwattr $C$DW$293, DW_AT_decl_file("/home/jose/ti/c2000/C2000Ware_26_01_00_00/device_support/f2837xd/
    3571                      .dwattr $C$DW$293, DW_AT_decl_line(0x1af)
    3572                      .dwattr $C$DW$293, DW_AT_decl_column(0x0c)
    3573              
    3574              $C$DW$294       .dwtag  DW_TAG_member
    3575                      .dwattr $C$DW$294, DW_AT_type(*$C$DW$T$41)
    3576                      .dwattr $C$DW$294, DW_AT_name("INTx11")
    3577                      .dwattr $C$DW$294, DW_AT_bit_offset(0x05)
    3578                      .dwattr $C$DW$294, DW_AT_bit_size(0x01)
    3579                      .dwattr $C$DW$294, DW_AT_accessibility(DW_ACCESS_public)
    3580                      .dwattr $C$DW$294, DW_AT_decl_file("/home/jose/ti/c2000/C2000Ware_26_01_00_00/device_support/f2837xd/
    3581                      .dwattr $C$DW$294, DW_AT_decl_line(0x1b0)
    3582                      .dwattr $C$DW$294, DW_AT_decl_column(0x0c)
    3583              
    3584              $C$DW$295       .dwtag  DW_TAG_member
    3585                      .dwattr $C$DW$295, DW_AT_type(*$C$DW$T$41)
    3586                      .dwattr $C$DW$295, DW_AT_name("INTx12")
    3587                      .dwattr $C$DW$295, DW_AT_bit_offset(0x04)
    3588                      .dwattr $C$DW$295, DW_AT_bit_size(0x01)
    3589                      .dwattr $C$DW$295, DW_AT_accessibility(DW_ACCESS_public)
    3590                      .dwattr $C$DW$295, DW_AT_decl_file("/home/jose/ti/c2000/C2000Ware_26_01_00_00/device_support/f2837xd/
    3591                      .dwattr $C$DW$295, DW_AT_decl_line(0x1b1)
    3592                      .dwattr $C$DW$295, DW_AT_decl_column(0x0c)
    3593              
    3594              $C$DW$296       .dwtag  DW_TAG_member
    3595                      .dwattr $C$DW$296, DW_AT_type(*$C$DW$T$41)
    3596                      .dwattr $C$DW$296, DW_AT_name("INTx13")
    3597                      .dwattr $C$DW$296, DW_AT_bit_offset(0x03)
    3598                      .dwattr $C$DW$296, DW_AT_bit_size(0x01)
    3599                      .dwattr $C$DW$296, DW_AT_accessibility(DW_ACCESS_public)
    3600                      .dwattr $C$DW$296, DW_AT_decl_file("/home/jose/ti/c2000/C2000Ware_26_01_00_00/device_support/f2837xd/
    3601                      .dwattr $C$DW$296, DW_AT_decl_line(0x1b2)
TMS320C2000 Assembler Unix v25.11.0 Sat May 30 20:22:51 2026

Copyright (c) 1996-2018 Texas Instruments Incorporated
main.asm                                                             PAGE   67

    3602                      .dwattr $C$DW$296, DW_AT_decl_column(0x0c)
    3603              
    3604              $C$DW$297       .dwtag  DW_TAG_member
    3605                      .dwattr $C$DW$297, DW_AT_type(*$C$DW$T$41)
    3606                      .dwattr $C$DW$297, DW_AT_name("INTx14")
    3607                      .dwattr $C$DW$297, DW_AT_bit_offset(0x02)
    3608                      .dwattr $C$DW$297, DW_AT_bit_size(0x01)
    3609                      .dwattr $C$DW$297, DW_AT_accessibility(DW_ACCESS_public)
    3610                      .dwattr $C$DW$297, DW_AT_decl_file("/home/jose/ti/c2000/C2000Ware_26_01_00_00/device_support/f2837xd/
    3611                      .dwattr $C$DW$297, DW_AT_decl_line(0x1b3)
    3612                      .dwattr $C$DW$297, DW_AT_decl_column(0x0c)
    3613              
    3614              $C$DW$298       .dwtag  DW_TAG_member
    3615                      .dwattr $C$DW$298, DW_AT_type(*$C$DW$T$41)
    3616                      .dwattr $C$DW$298, DW_AT_name("INTx15")
    3617                      .dwattr $C$DW$298, DW_AT_bit_offset(0x01)
    3618                      .dwattr $C$DW$298, DW_AT_bit_size(0x01)
    3619                      .dwattr $C$DW$298, DW_AT_accessibility(DW_ACCESS_public)
    3620                      .dwattr $C$DW$298, DW_AT_decl_file("/home/jose/ti/c2000/C2000Ware_26_01_00_00/device_support/f2837xd/
    3621                      .dwattr $C$DW$298, DW_AT_decl_line(0x1b4)
    3622                      .dwattr $C$DW$298, DW_AT_decl_column(0x0c)
    3623              
    3624              $C$DW$299       .dwtag  DW_TAG_member
    3625                      .dwattr $C$DW$299, DW_AT_type(*$C$DW$T$41)
    3626                      .dwattr $C$DW$299, DW_AT_name("INTx16")
    3627                      .dwattr $C$DW$299, DW_AT_bit_offset(0x00)
    3628                      .dwattr $C$DW$299, DW_AT_bit_size(0x01)
    3629                      .dwattr $C$DW$299, DW_AT_accessibility(DW_ACCESS_public)
    3630                      .dwattr $C$DW$299, DW_AT_decl_file("/home/jose/ti/c2000/C2000Ware_26_01_00_00/device_support/f2837xd/
    3631                      .dwattr $C$DW$299, DW_AT_decl_line(0x1b5)
    3632                      .dwattr $C$DW$299, DW_AT_decl_column(0x0c)
    3633              
    3634                      .dwattr $C$DW$T$66, DW_AT_decl_file("/home/jose/ti/c2000/C2000Ware_26_01_00_00/device_support/f2837xd
    3635                      .dwattr $C$DW$T$66, DW_AT_decl_line(0x1a5)
    3636                      .dwattr $C$DW$T$66, DW_AT_decl_column(0x08)
    3637                      .dwendtag $C$DW$T$66
    3638              
    3639                      .dwendtag $C$DW$TU$66
    3640              
    3641              
    3642              $C$DW$TU$67     .dwtag  DW_TAG_type_unit
    3643                      .dwmtype  $C$DW$T$67
    3644              
    3645              $C$DW$T$67      .dwtag  DW_TAG_union_type
    3646                      .dwattr $C$DW$T$67, DW_AT_name("PIEIER8_REG")
    3647                      .dwattr $C$DW$T$67, DW_AT_byte_size(0x01)
    3648              $C$DW$300       .dwtag  DW_TAG_member
    3649                      .dwattr $C$DW$300, DW_AT_type(*$C$DW$T$41)
    3650                      .dwattr $C$DW$300, DW_AT_name("all")
    3651                      .dwattr $C$DW$300, DW_AT_accessibility(DW_ACCESS_public)
    3652                      .dwattr $C$DW$300, DW_AT_decl_file("/home/jose/ti/c2000/C2000Ware_26_01_00_00/device_support/f2837xd/
    3653                      .dwattr $C$DW$300, DW_AT_decl_line(0x1b9)
    3654                      .dwattr $C$DW$300, DW_AT_decl_column(0x0d)
    3655              
    3656              $C$DW$301       .dwtag  DW_TAG_member
TMS320C2000 Assembler Unix v25.11.0 Sat May 30 20:22:51 2026

Copyright (c) 1996-2018 Texas Instruments Incorporated
main.asm                                                             PAGE   68

    3657                      .dwattr $C$DW$301, DW_AT_type(*$C$DW$T$66)
    3658                      .dwattr $C$DW$301, DW_AT_name("bit")
    3659                      .dwattr $C$DW$301, DW_AT_accessibility(DW_ACCESS_public)
    3660                      .dwattr $C$DW$301, DW_AT_decl_file("/home/jose/ti/c2000/C2000Ware_26_01_00_00/device_support/f2837xd/
    3661                      .dwattr $C$DW$301, DW_AT_decl_line(0x1ba)
    3662                      .dwattr $C$DW$301, DW_AT_decl_column(0x1b)
    3663              
    3664                      .dwattr $C$DW$T$67, DW_AT_decl_file("/home/jose/ti/c2000/C2000Ware_26_01_00_00/device_support/f2837xd
    3665                      .dwattr $C$DW$T$67, DW_AT_decl_line(0x1b8)
    3666                      .dwattr $C$DW$T$67, DW_AT_decl_column(0x07)
    3667                      .dwendtag $C$DW$T$67
    3668              
    3669                      .dwendtag $C$DW$TU$67
    3670              
    3671              
    3672              $C$DW$TU$68     .dwtag  DW_TAG_type_unit
    3673                      .dwmtype  $C$DW$T$68
    3674              
    3675              $C$DW$T$68      .dwtag  DW_TAG_structure_type
    3676                      .dwattr $C$DW$T$68, DW_AT_name("PIEIER9_BITS")
    3677                      .dwattr $C$DW$T$68, DW_AT_byte_size(0x01)
    3678              $C$DW$302       .dwtag  DW_TAG_member
    3679                      .dwattr $C$DW$302, DW_AT_type(*$C$DW$T$41)
    3680                      .dwattr $C$DW$302, DW_AT_name("INTx1")
    3681                      .dwattr $C$DW$302, DW_AT_bit_offset(0x0f)
    3682                      .dwattr $C$DW$302, DW_AT_bit_size(0x01)
    3683                      .dwattr $C$DW$302, DW_AT_accessibility(DW_ACCESS_public)
    3684                      .dwattr $C$DW$302, DW_AT_decl_file("/home/jose/ti/c2000/C2000Ware_26_01_00_00/device_support/f2837xd/
    3685                      .dwattr $C$DW$302, DW_AT_decl_line(0x1d6)
    3686                      .dwattr $C$DW$302, DW_AT_decl_column(0x0c)
    3687              
    3688              $C$DW$303       .dwtag  DW_TAG_member
    3689                      .dwattr $C$DW$303, DW_AT_type(*$C$DW$T$41)
    3690                      .dwattr $C$DW$303, DW_AT_name("INTx2")
    3691                      .dwattr $C$DW$303, DW_AT_bit_offset(0x0e)
    3692                      .dwattr $C$DW$303, DW_AT_bit_size(0x01)
    3693                      .dwattr $C$DW$303, DW_AT_accessibility(DW_ACCESS_public)
    3694                      .dwattr $C$DW$303, DW_AT_decl_file("/home/jose/ti/c2000/C2000Ware_26_01_00_00/device_support/f2837xd/
    3695                      .dwattr $C$DW$303, DW_AT_decl_line(0x1d7)
    3696                      .dwattr $C$DW$303, DW_AT_decl_column(0x0c)
    3697              
    3698              $C$DW$304       .dwtag  DW_TAG_member
    3699                      .dwattr $C$DW$304, DW_AT_type(*$C$DW$T$41)
    3700                      .dwattr $C$DW$304, DW_AT_name("INTx3")
    3701                      .dwattr $C$DW$304, DW_AT_bit_offset(0x0d)
    3702                      .dwattr $C$DW$304, DW_AT_bit_size(0x01)
    3703                      .dwattr $C$DW$304, DW_AT_accessibility(DW_ACCESS_public)
    3704                      .dwattr $C$DW$304, DW_AT_decl_file("/home/jose/ti/c2000/C2000Ware_26_01_00_00/device_support/f2837xd/
    3705                      .dwattr $C$DW$304, DW_AT_decl_line(0x1d8)
    3706                      .dwattr $C$DW$304, DW_AT_decl_column(0x0c)
    3707              
    3708              $C$DW$305       .dwtag  DW_TAG_member
    3709                      .dwattr $C$DW$305, DW_AT_type(*$C$DW$T$41)
    3710                      .dwattr $C$DW$305, DW_AT_name("INTx4")
    3711                      .dwattr $C$DW$305, DW_AT_bit_offset(0x0c)
TMS320C2000 Assembler Unix v25.11.0 Sat May 30 20:22:51 2026

Copyright (c) 1996-2018 Texas Instruments Incorporated
main.asm                                                             PAGE   69

    3712                      .dwattr $C$DW$305, DW_AT_bit_size(0x01)
    3713                      .dwattr $C$DW$305, DW_AT_accessibility(DW_ACCESS_public)
    3714                      .dwattr $C$DW$305, DW_AT_decl_file("/home/jose/ti/c2000/C2000Ware_26_01_00_00/device_support/f2837xd/
    3715                      .dwattr $C$DW$305, DW_AT_decl_line(0x1d9)
    3716                      .dwattr $C$DW$305, DW_AT_decl_column(0x0c)
    3717              
    3718              $C$DW$306       .dwtag  DW_TAG_member
    3719                      .dwattr $C$DW$306, DW_AT_type(*$C$DW$T$41)
    3720                      .dwattr $C$DW$306, DW_AT_name("INTx5")
    3721                      .dwattr $C$DW$306, DW_AT_bit_offset(0x0b)
    3722                      .dwattr $C$DW$306, DW_AT_bit_size(0x01)
    3723                      .dwattr $C$DW$306, DW_AT_accessibility(DW_ACCESS_public)
    3724                      .dwattr $C$DW$306, DW_AT_decl_file("/home/jose/ti/c2000/C2000Ware_26_01_00_00/device_support/f2837xd/
    3725                      .dwattr $C$DW$306, DW_AT_decl_line(0x1da)
    3726                      .dwattr $C$DW$306, DW_AT_decl_column(0x0c)
    3727              
    3728              $C$DW$307       .dwtag  DW_TAG_member
    3729                      .dwattr $C$DW$307, DW_AT_type(*$C$DW$T$41)
    3730                      .dwattr $C$DW$307, DW_AT_name("INTx6")
    3731                      .dwattr $C$DW$307, DW_AT_bit_offset(0x0a)
    3732                      .dwattr $C$DW$307, DW_AT_bit_size(0x01)
    3733                      .dwattr $C$DW$307, DW_AT_accessibility(DW_ACCESS_public)
    3734                      .dwattr $C$DW$307, DW_AT_decl_file("/home/jose/ti/c2000/C2000Ware_26_01_00_00/device_support/f2837xd/
    3735                      .dwattr $C$DW$307, DW_AT_decl_line(0x1db)
    3736                      .dwattr $C$DW$307, DW_AT_decl_column(0x0c)
    3737              
    3738              $C$DW$308       .dwtag  DW_TAG_member
    3739                      .dwattr $C$DW$308, DW_AT_type(*$C$DW$T$41)
    3740                      .dwattr $C$DW$308, DW_AT_name("INTx7")
    3741                      .dwattr $C$DW$308, DW_AT_bit_offset(0x09)
    3742                      .dwattr $C$DW$308, DW_AT_bit_size(0x01)
    3743                      .dwattr $C$DW$308, DW_AT_accessibility(DW_ACCESS_public)
    3744                      .dwattr $C$DW$308, DW_AT_decl_file("/home/jose/ti/c2000/C2000Ware_26_01_00_00/device_support/f2837xd/
    3745                      .dwattr $C$DW$308, DW_AT_decl_line(0x1dc)
    3746                      .dwattr $C$DW$308, DW_AT_decl_column(0x0c)
    3747              
    3748              $C$DW$309       .dwtag  DW_TAG_member
    3749                      .dwattr $C$DW$309, DW_AT_type(*$C$DW$T$41)
    3750                      .dwattr $C$DW$309, DW_AT_name("INTx8")
    3751                      .dwattr $C$DW$309, DW_AT_bit_offset(0x08)
    3752                      .dwattr $C$DW$309, DW_AT_bit_size(0x01)
    3753                      .dwattr $C$DW$309, DW_AT_accessibility(DW_ACCESS_public)
    3754                      .dwattr $C$DW$309, DW_AT_decl_file("/home/jose/ti/c2000/C2000Ware_26_01_00_00/device_support/f2837xd/
    3755                      .dwattr $C$DW$309, DW_AT_decl_line(0x1dd)
    3756                      .dwattr $C$DW$309, DW_AT_decl_column(0x0c)
    3757              
    3758              $C$DW$310       .dwtag  DW_TAG_member
    3759                      .dwattr $C$DW$310, DW_AT_type(*$C$DW$T$41)
    3760                      .dwattr $C$DW$310, DW_AT_name("INTx9")
    3761                      .dwattr $C$DW$310, DW_AT_bit_offset(0x07)
    3762                      .dwattr $C$DW$310, DW_AT_bit_size(0x01)
    3763                      .dwattr $C$DW$310, DW_AT_accessibility(DW_ACCESS_public)
    3764                      .dwattr $C$DW$310, DW_AT_decl_file("/home/jose/ti/c2000/C2000Ware_26_01_00_00/device_support/f2837xd/
    3765                      .dwattr $C$DW$310, DW_AT_decl_line(0x1de)
    3766                      .dwattr $C$DW$310, DW_AT_decl_column(0x0c)
TMS320C2000 Assembler Unix v25.11.0 Sat May 30 20:22:51 2026

Copyright (c) 1996-2018 Texas Instruments Incorporated
main.asm                                                             PAGE   70

    3767              
    3768              $C$DW$311       .dwtag  DW_TAG_member
    3769                      .dwattr $C$DW$311, DW_AT_type(*$C$DW$T$41)
    3770                      .dwattr $C$DW$311, DW_AT_name("INTx10")
    3771                      .dwattr $C$DW$311, DW_AT_bit_offset(0x06)
    3772                      .dwattr $C$DW$311, DW_AT_bit_size(0x01)
    3773                      .dwattr $C$DW$311, DW_AT_accessibility(DW_ACCESS_public)
    3774                      .dwattr $C$DW$311, DW_AT_decl_file("/home/jose/ti/c2000/C2000Ware_26_01_00_00/device_support/f2837xd/
    3775                      .dwattr $C$DW$311, DW_AT_decl_line(0x1df)
    3776                      .dwattr $C$DW$311, DW_AT_decl_column(0x0c)
    3777              
    3778              $C$DW$312       .dwtag  DW_TAG_member
    3779                      .dwattr $C$DW$312, DW_AT_type(*$C$DW$T$41)
    3780                      .dwattr $C$DW$312, DW_AT_name("INTx11")
    3781                      .dwattr $C$DW$312, DW_AT_bit_offset(0x05)
    3782                      .dwattr $C$DW$312, DW_AT_bit_size(0x01)
    3783                      .dwattr $C$DW$312, DW_AT_accessibility(DW_ACCESS_public)
    3784                      .dwattr $C$DW$312, DW_AT_decl_file("/home/jose/ti/c2000/C2000Ware_26_01_00_00/device_support/f2837xd/
    3785                      .dwattr $C$DW$312, DW_AT_decl_line(0x1e0)
    3786                      .dwattr $C$DW$312, DW_AT_decl_column(0x0c)
    3787              
    3788              $C$DW$313       .dwtag  DW_TAG_member
    3789                      .dwattr $C$DW$313, DW_AT_type(*$C$DW$T$41)
    3790                      .dwattr $C$DW$313, DW_AT_name("INTx12")
    3791                      .dwattr $C$DW$313, DW_AT_bit_offset(0x04)
    3792                      .dwattr $C$DW$313, DW_AT_bit_size(0x01)
    3793                      .dwattr $C$DW$313, DW_AT_accessibility(DW_ACCESS_public)
    3794                      .dwattr $C$DW$313, DW_AT_decl_file("/home/jose/ti/c2000/C2000Ware_26_01_00_00/device_support/f2837xd/
    3795                      .dwattr $C$DW$313, DW_AT_decl_line(0x1e1)
    3796                      .dwattr $C$DW$313, DW_AT_decl_column(0x0c)
    3797              
    3798              $C$DW$314       .dwtag  DW_TAG_member
    3799                      .dwattr $C$DW$314, DW_AT_type(*$C$DW$T$41)
    3800                      .dwattr $C$DW$314, DW_AT_name("INTx13")
    3801                      .dwattr $C$DW$314, DW_AT_bit_offset(0x03)
    3802                      .dwattr $C$DW$314, DW_AT_bit_size(0x01)
    3803                      .dwattr $C$DW$314, DW_AT_accessibility(DW_ACCESS_public)
    3804                      .dwattr $C$DW$314, DW_AT_decl_file("/home/jose/ti/c2000/C2000Ware_26_01_00_00/device_support/f2837xd/
    3805                      .dwattr $C$DW$314, DW_AT_decl_line(0x1e2)
    3806                      .dwattr $C$DW$314, DW_AT_decl_column(0x0c)
    3807              
    3808              $C$DW$315       .dwtag  DW_TAG_member
    3809                      .dwattr $C$DW$315, DW_AT_type(*$C$DW$T$41)
    3810                      .dwattr $C$DW$315, DW_AT_name("INTx14")
    3811                      .dwattr $C$DW$315, DW_AT_bit_offset(0x02)
    3812                      .dwattr $C$DW$315, DW_AT_bit_size(0x01)
    3813                      .dwattr $C$DW$315, DW_AT_accessibility(DW_ACCESS_public)
    3814                      .dwattr $C$DW$315, DW_AT_decl_file("/home/jose/ti/c2000/C2000Ware_26_01_00_00/device_support/f2837xd/
    3815                      .dwattr $C$DW$315, DW_AT_decl_line(0x1e3)
    3816                      .dwattr $C$DW$315, DW_AT_decl_column(0x0c)
    3817              
    3818              $C$DW$316       .dwtag  DW_TAG_member
    3819                      .dwattr $C$DW$316, DW_AT_type(*$C$DW$T$41)
    3820                      .dwattr $C$DW$316, DW_AT_name("INTx15")
    3821                      .dwattr $C$DW$316, DW_AT_bit_offset(0x01)
TMS320C2000 Assembler Unix v25.11.0 Sat May 30 20:22:51 2026

Copyright (c) 1996-2018 Texas Instruments Incorporated
main.asm                                                             PAGE   71

    3822                      .dwattr $C$DW$316, DW_AT_bit_size(0x01)
    3823                      .dwattr $C$DW$316, DW_AT_accessibility(DW_ACCESS_public)
    3824                      .dwattr $C$DW$316, DW_AT_decl_file("/home/jose/ti/c2000/C2000Ware_26_01_00_00/device_support/f2837xd/
    3825                      .dwattr $C$DW$316, DW_AT_decl_line(0x1e4)
    3826                      .dwattr $C$DW$316, DW_AT_decl_column(0x0c)
    3827              
    3828              $C$DW$317       .dwtag  DW_TAG_member
    3829                      .dwattr $C$DW$317, DW_AT_type(*$C$DW$T$41)
    3830                      .dwattr $C$DW$317, DW_AT_name("INTx16")
    3831                      .dwattr $C$DW$317, DW_AT_bit_offset(0x00)
    3832                      .dwattr $C$DW$317, DW_AT_bit_size(0x01)
    3833                      .dwattr $C$DW$317, DW_AT_accessibility(DW_ACCESS_public)
    3834                      .dwattr $C$DW$317, DW_AT_decl_file("/home/jose/ti/c2000/C2000Ware_26_01_00_00/device_support/f2837xd/
    3835                      .dwattr $C$DW$317, DW_AT_decl_line(0x1e5)
    3836                      .dwattr $C$DW$317, DW_AT_decl_column(0x0c)
    3837              
    3838                      .dwattr $C$DW$T$68, DW_AT_decl_file("/home/jose/ti/c2000/C2000Ware_26_01_00_00/device_support/f2837xd
    3839                      .dwattr $C$DW$T$68, DW_AT_decl_line(0x1d5)
    3840                      .dwattr $C$DW$T$68, DW_AT_decl_column(0x08)
    3841                      .dwendtag $C$DW$T$68
    3842              
    3843                      .dwendtag $C$DW$TU$68
    3844              
    3845              
    3846              $C$DW$TU$69     .dwtag  DW_TAG_type_unit
    3847                      .dwmtype  $C$DW$T$69
    3848              
    3849              $C$DW$T$69      .dwtag  DW_TAG_union_type
    3850                      .dwattr $C$DW$T$69, DW_AT_name("PIEIER9_REG")
    3851                      .dwattr $C$DW$T$69, DW_AT_byte_size(0x01)
    3852              $C$DW$318       .dwtag  DW_TAG_member
    3853                      .dwattr $C$DW$318, DW_AT_type(*$C$DW$T$41)
    3854                      .dwattr $C$DW$318, DW_AT_name("all")
    3855                      .dwattr $C$DW$318, DW_AT_accessibility(DW_ACCESS_public)
    3856                      .dwattr $C$DW$318, DW_AT_decl_file("/home/jose/ti/c2000/C2000Ware_26_01_00_00/device_support/f2837xd/
    3857                      .dwattr $C$DW$318, DW_AT_decl_line(0x1e9)
    3858                      .dwattr $C$DW$318, DW_AT_decl_column(0x0d)
    3859              
    3860              $C$DW$319       .dwtag  DW_TAG_member
    3861                      .dwattr $C$DW$319, DW_AT_type(*$C$DW$T$68)
    3862                      .dwattr $C$DW$319, DW_AT_name("bit")
    3863                      .dwattr $C$DW$319, DW_AT_accessibility(DW_ACCESS_public)
    3864                      .dwattr $C$DW$319, DW_AT_decl_file("/home/jose/ti/c2000/C2000Ware_26_01_00_00/device_support/f2837xd/
    3865                      .dwattr $C$DW$319, DW_AT_decl_line(0x1ea)
    3866                      .dwattr $C$DW$319, DW_AT_decl_column(0x1b)
    3867              
    3868                      .dwattr $C$DW$T$69, DW_AT_decl_file("/home/jose/ti/c2000/C2000Ware_26_01_00_00/device_support/f2837xd
    3869                      .dwattr $C$DW$T$69, DW_AT_decl_line(0x1e8)
    3870                      .dwattr $C$DW$T$69, DW_AT_decl_column(0x07)
    3871                      .dwendtag $C$DW$T$69
    3872              
    3873                      .dwendtag $C$DW$TU$69
    3874              
    3875              
    3876              $C$DW$TU$70     .dwtag  DW_TAG_type_unit
TMS320C2000 Assembler Unix v25.11.0 Sat May 30 20:22:51 2026

Copyright (c) 1996-2018 Texas Instruments Incorporated
main.asm                                                             PAGE   72

    3877                      .dwmtype  $C$DW$T$70
    3878              
    3879              $C$DW$T$70      .dwtag  DW_TAG_structure_type
    3880                      .dwattr $C$DW$T$70, DW_AT_name("PIEIFR10_BITS")
    3881                      .dwattr $C$DW$T$70, DW_AT_byte_size(0x01)
    3882              $C$DW$320       .dwtag  DW_TAG_member
    3883                      .dwattr $C$DW$320, DW_AT_type(*$C$DW$T$41)
    3884                      .dwattr $C$DW$320, DW_AT_name("INTx1")
    3885                      .dwattr $C$DW$320, DW_AT_bit_offset(0x0f)
    3886                      .dwattr $C$DW$320, DW_AT_bit_size(0x01)
    3887                      .dwattr $C$DW$320, DW_AT_accessibility(DW_ACCESS_public)
    3888                      .dwattr $C$DW$320, DW_AT_decl_file("/home/jose/ti/c2000/C2000Ware_26_01_00_00/device_support/f2837xd/
    3889                      .dwattr $C$DW$320, DW_AT_decl_line(0x21e)
    3890                      .dwattr $C$DW$320, DW_AT_decl_column(0x0c)
    3891              
    3892              $C$DW$321       .dwtag  DW_TAG_member
    3893                      .dwattr $C$DW$321, DW_AT_type(*$C$DW$T$41)
    3894                      .dwattr $C$DW$321, DW_AT_name("INTx2")
    3895                      .dwattr $C$DW$321, DW_AT_bit_offset(0x0e)
    3896                      .dwattr $C$DW$321, DW_AT_bit_size(0x01)
    3897                      .dwattr $C$DW$321, DW_AT_accessibility(DW_ACCESS_public)
    3898                      .dwattr $C$DW$321, DW_AT_decl_file("/home/jose/ti/c2000/C2000Ware_26_01_00_00/device_support/f2837xd/
    3899                      .dwattr $C$DW$321, DW_AT_decl_line(0x21f)
    3900                      .dwattr $C$DW$321, DW_AT_decl_column(0x0c)
    3901              
    3902              $C$DW$322       .dwtag  DW_TAG_member
    3903                      .dwattr $C$DW$322, DW_AT_type(*$C$DW$T$41)
    3904                      .dwattr $C$DW$322, DW_AT_name("INTx3")
    3905                      .dwattr $C$DW$322, DW_AT_bit_offset(0x0d)
    3906                      .dwattr $C$DW$322, DW_AT_bit_size(0x01)
    3907                      .dwattr $C$DW$322, DW_AT_accessibility(DW_ACCESS_public)
    3908                      .dwattr $C$DW$322, DW_AT_decl_file("/home/jose/ti/c2000/C2000Ware_26_01_00_00/device_support/f2837xd/
    3909                      .dwattr $C$DW$322, DW_AT_decl_line(0x220)
    3910                      .dwattr $C$DW$322, DW_AT_decl_column(0x0c)
    3911              
    3912              $C$DW$323       .dwtag  DW_TAG_member
    3913                      .dwattr $C$DW$323, DW_AT_type(*$C$DW$T$41)
    3914                      .dwattr $C$DW$323, DW_AT_name("INTx4")
    3915                      .dwattr $C$DW$323, DW_AT_bit_offset(0x0c)
    3916                      .dwattr $C$DW$323, DW_AT_bit_size(0x01)
    3917                      .dwattr $C$DW$323, DW_AT_accessibility(DW_ACCESS_public)
    3918                      .dwattr $C$DW$323, DW_AT_decl_file("/home/jose/ti/c2000/C2000Ware_26_01_00_00/device_support/f2837xd/
    3919                      .dwattr $C$DW$323, DW_AT_decl_line(0x221)
    3920                      .dwattr $C$DW$323, DW_AT_decl_column(0x0c)
    3921              
    3922              $C$DW$324       .dwtag  DW_TAG_member
    3923                      .dwattr $C$DW$324, DW_AT_type(*$C$DW$T$41)
    3924                      .dwattr $C$DW$324, DW_AT_name("INTx5")
    3925                      .dwattr $C$DW$324, DW_AT_bit_offset(0x0b)
    3926                      .dwattr $C$DW$324, DW_AT_bit_size(0x01)
    3927                      .dwattr $C$DW$324, DW_AT_accessibility(DW_ACCESS_public)
    3928                      .dwattr $C$DW$324, DW_AT_decl_file("/home/jose/ti/c2000/C2000Ware_26_01_00_00/device_support/f2837xd/
    3929                      .dwattr $C$DW$324, DW_AT_decl_line(0x222)
    3930                      .dwattr $C$DW$324, DW_AT_decl_column(0x0c)
    3931              
TMS320C2000 Assembler Unix v25.11.0 Sat May 30 20:22:51 2026

Copyright (c) 1996-2018 Texas Instruments Incorporated
main.asm                                                             PAGE   73

    3932              $C$DW$325       .dwtag  DW_TAG_member
    3933                      .dwattr $C$DW$325, DW_AT_type(*$C$DW$T$41)
    3934                      .dwattr $C$DW$325, DW_AT_name("INTx6")
    3935                      .dwattr $C$DW$325, DW_AT_bit_offset(0x0a)
    3936                      .dwattr $C$DW$325, DW_AT_bit_size(0x01)
    3937                      .dwattr $C$DW$325, DW_AT_accessibility(DW_ACCESS_public)
    3938                      .dwattr $C$DW$325, DW_AT_decl_file("/home/jose/ti/c2000/C2000Ware_26_01_00_00/device_support/f2837xd/
    3939                      .dwattr $C$DW$325, DW_AT_decl_line(0x223)
    3940                      .dwattr $C$DW$325, DW_AT_decl_column(0x0c)
    3941              
    3942              $C$DW$326       .dwtag  DW_TAG_member
    3943                      .dwattr $C$DW$326, DW_AT_type(*$C$DW$T$41)
    3944                      .dwattr $C$DW$326, DW_AT_name("INTx7")
    3945                      .dwattr $C$DW$326, DW_AT_bit_offset(0x09)
    3946                      .dwattr $C$DW$326, DW_AT_bit_size(0x01)
    3947                      .dwattr $C$DW$326, DW_AT_accessibility(DW_ACCESS_public)
    3948                      .dwattr $C$DW$326, DW_AT_decl_file("/home/jose/ti/c2000/C2000Ware_26_01_00_00/device_support/f2837xd/
    3949                      .dwattr $C$DW$326, DW_AT_decl_line(0x224)
    3950                      .dwattr $C$DW$326, DW_AT_decl_column(0x0c)
    3951              
    3952              $C$DW$327       .dwtag  DW_TAG_member
    3953                      .dwattr $C$DW$327, DW_AT_type(*$C$DW$T$41)
    3954                      .dwattr $C$DW$327, DW_AT_name("INTx8")
    3955                      .dwattr $C$DW$327, DW_AT_bit_offset(0x08)
    3956                      .dwattr $C$DW$327, DW_AT_bit_size(0x01)
    3957                      .dwattr $C$DW$327, DW_AT_accessibility(DW_ACCESS_public)
    3958                      .dwattr $C$DW$327, DW_AT_decl_file("/home/jose/ti/c2000/C2000Ware_26_01_00_00/device_support/f2837xd/
    3959                      .dwattr $C$DW$327, DW_AT_decl_line(0x225)
    3960                      .dwattr $C$DW$327, DW_AT_decl_column(0x0c)
    3961              
    3962              $C$DW$328       .dwtag  DW_TAG_member
    3963                      .dwattr $C$DW$328, DW_AT_type(*$C$DW$T$41)
    3964                      .dwattr $C$DW$328, DW_AT_name("INTx9")
    3965                      .dwattr $C$DW$328, DW_AT_bit_offset(0x07)
    3966                      .dwattr $C$DW$328, DW_AT_bit_size(0x01)
    3967                      .dwattr $C$DW$328, DW_AT_accessibility(DW_ACCESS_public)
    3968                      .dwattr $C$DW$328, DW_AT_decl_file("/home/jose/ti/c2000/C2000Ware_26_01_00_00/device_support/f2837xd/
    3969                      .dwattr $C$DW$328, DW_AT_decl_line(0x226)
    3970                      .dwattr $C$DW$328, DW_AT_decl_column(0x0c)
    3971              
    3972              $C$DW$329       .dwtag  DW_TAG_member
    3973                      .dwattr $C$DW$329, DW_AT_type(*$C$DW$T$41)
    3974                      .dwattr $C$DW$329, DW_AT_name("INTx10")
    3975                      .dwattr $C$DW$329, DW_AT_bit_offset(0x06)
    3976                      .dwattr $C$DW$329, DW_AT_bit_size(0x01)
    3977                      .dwattr $C$DW$329, DW_AT_accessibility(DW_ACCESS_public)
    3978                      .dwattr $C$DW$329, DW_AT_decl_file("/home/jose/ti/c2000/C2000Ware_26_01_00_00/device_support/f2837xd/
    3979                      .dwattr $C$DW$329, DW_AT_decl_line(0x227)
    3980                      .dwattr $C$DW$329, DW_AT_decl_column(0x0c)
    3981              
    3982              $C$DW$330       .dwtag  DW_TAG_member
    3983                      .dwattr $C$DW$330, DW_AT_type(*$C$DW$T$41)
    3984                      .dwattr $C$DW$330, DW_AT_name("INTx11")
    3985                      .dwattr $C$DW$330, DW_AT_bit_offset(0x05)
    3986                      .dwattr $C$DW$330, DW_AT_bit_size(0x01)
TMS320C2000 Assembler Unix v25.11.0 Sat May 30 20:22:51 2026

Copyright (c) 1996-2018 Texas Instruments Incorporated
main.asm                                                             PAGE   74

    3987                      .dwattr $C$DW$330, DW_AT_accessibility(DW_ACCESS_public)
    3988                      .dwattr $C$DW$330, DW_AT_decl_file("/home/jose/ti/c2000/C2000Ware_26_01_00_00/device_support/f2837xd/
    3989                      .dwattr $C$DW$330, DW_AT_decl_line(0x228)
    3990                      .dwattr $C$DW$330, DW_AT_decl_column(0x0c)
    3991              
    3992              $C$DW$331       .dwtag  DW_TAG_member
    3993                      .dwattr $C$DW$331, DW_AT_type(*$C$DW$T$41)
    3994                      .dwattr $C$DW$331, DW_AT_name("INTx12")
    3995                      .dwattr $C$DW$331, DW_AT_bit_offset(0x04)
    3996                      .dwattr $C$DW$331, DW_AT_bit_size(0x01)
    3997                      .dwattr $C$DW$331, DW_AT_accessibility(DW_ACCESS_public)
    3998                      .dwattr $C$DW$331, DW_AT_decl_file("/home/jose/ti/c2000/C2000Ware_26_01_00_00/device_support/f2837xd/
    3999                      .dwattr $C$DW$331, DW_AT_decl_line(0x229)
    4000                      .dwattr $C$DW$331, DW_AT_decl_column(0x0c)
    4001              
    4002              $C$DW$332       .dwtag  DW_TAG_member
    4003                      .dwattr $C$DW$332, DW_AT_type(*$C$DW$T$41)
    4004                      .dwattr $C$DW$332, DW_AT_name("INTx13")
    4005                      .dwattr $C$DW$332, DW_AT_bit_offset(0x03)
    4006                      .dwattr $C$DW$332, DW_AT_bit_size(0x01)
    4007                      .dwattr $C$DW$332, DW_AT_accessibility(DW_ACCESS_public)
    4008                      .dwattr $C$DW$332, DW_AT_decl_file("/home/jose/ti/c2000/C2000Ware_26_01_00_00/device_support/f2837xd/
    4009                      .dwattr $C$DW$332, DW_AT_decl_line(0x22a)
    4010                      .dwattr $C$DW$332, DW_AT_decl_column(0x0c)
    4011              
    4012              $C$DW$333       .dwtag  DW_TAG_member
    4013                      .dwattr $C$DW$333, DW_AT_type(*$C$DW$T$41)
    4014                      .dwattr $C$DW$333, DW_AT_name("INTx14")
    4015                      .dwattr $C$DW$333, DW_AT_bit_offset(0x02)
    4016                      .dwattr $C$DW$333, DW_AT_bit_size(0x01)
    4017                      .dwattr $C$DW$333, DW_AT_accessibility(DW_ACCESS_public)
    4018                      .dwattr $C$DW$333, DW_AT_decl_file("/home/jose/ti/c2000/C2000Ware_26_01_00_00/device_support/f2837xd/
    4019                      .dwattr $C$DW$333, DW_AT_decl_line(0x22b)
    4020                      .dwattr $C$DW$333, DW_AT_decl_column(0x0c)
    4021              
    4022              $C$DW$334       .dwtag  DW_TAG_member
    4023                      .dwattr $C$DW$334, DW_AT_type(*$C$DW$T$41)
    4024                      .dwattr $C$DW$334, DW_AT_name("INTx15")
    4025                      .dwattr $C$DW$334, DW_AT_bit_offset(0x01)
    4026                      .dwattr $C$DW$334, DW_AT_bit_size(0x01)
    4027                      .dwattr $C$DW$334, DW_AT_accessibility(DW_ACCESS_public)
    4028                      .dwattr $C$DW$334, DW_AT_decl_file("/home/jose/ti/c2000/C2000Ware_26_01_00_00/device_support/f2837xd/
    4029                      .dwattr $C$DW$334, DW_AT_decl_line(0x22c)
    4030                      .dwattr $C$DW$334, DW_AT_decl_column(0x0c)
    4031              
    4032              $C$DW$335       .dwtag  DW_TAG_member
    4033                      .dwattr $C$DW$335, DW_AT_type(*$C$DW$T$41)
    4034                      .dwattr $C$DW$335, DW_AT_name("INTx16")
    4035                      .dwattr $C$DW$335, DW_AT_bit_offset(0x00)
    4036                      .dwattr $C$DW$335, DW_AT_bit_size(0x01)
    4037                      .dwattr $C$DW$335, DW_AT_accessibility(DW_ACCESS_public)
    4038                      .dwattr $C$DW$335, DW_AT_decl_file("/home/jose/ti/c2000/C2000Ware_26_01_00_00/device_support/f2837xd/
    4039                      .dwattr $C$DW$335, DW_AT_decl_line(0x22d)
    4040                      .dwattr $C$DW$335, DW_AT_decl_column(0x0c)
    4041              
TMS320C2000 Assembler Unix v25.11.0 Sat May 30 20:22:51 2026

Copyright (c) 1996-2018 Texas Instruments Incorporated
main.asm                                                             PAGE   75

    4042                      .dwattr $C$DW$T$70, DW_AT_decl_file("/home/jose/ti/c2000/C2000Ware_26_01_00_00/device_support/f2837xd
    4043                      .dwattr $C$DW$T$70, DW_AT_decl_line(0x21d)
    4044                      .dwattr $C$DW$T$70, DW_AT_decl_column(0x08)
    4045                      .dwendtag $C$DW$T$70
    4046              
    4047                      .dwendtag $C$DW$TU$70
    4048              
    4049              
    4050              $C$DW$TU$71     .dwtag  DW_TAG_type_unit
    4051                      .dwmtype  $C$DW$T$71
    4052              
    4053              $C$DW$T$71      .dwtag  DW_TAG_union_type
    4054                      .dwattr $C$DW$T$71, DW_AT_name("PIEIFR10_REG")
    4055                      .dwattr $C$DW$T$71, DW_AT_byte_size(0x01)
    4056              $C$DW$336       .dwtag  DW_TAG_member
    4057                      .dwattr $C$DW$336, DW_AT_type(*$C$DW$T$41)
    4058                      .dwattr $C$DW$336, DW_AT_name("all")
    4059                      .dwattr $C$DW$336, DW_AT_accessibility(DW_ACCESS_public)
    4060                      .dwattr $C$DW$336, DW_AT_decl_file("/home/jose/ti/c2000/C2000Ware_26_01_00_00/device_support/f2837xd/
    4061                      .dwattr $C$DW$336, DW_AT_decl_line(0x231)
    4062                      .dwattr $C$DW$336, DW_AT_decl_column(0x0d)
    4063              
    4064              $C$DW$337       .dwtag  DW_TAG_member
    4065                      .dwattr $C$DW$337, DW_AT_type(*$C$DW$T$70)
    4066                      .dwattr $C$DW$337, DW_AT_name("bit")
    4067                      .dwattr $C$DW$337, DW_AT_accessibility(DW_ACCESS_public)
    4068                      .dwattr $C$DW$337, DW_AT_decl_file("/home/jose/ti/c2000/C2000Ware_26_01_00_00/device_support/f2837xd/
    4069                      .dwattr $C$DW$337, DW_AT_decl_line(0x232)
    4070                      .dwattr $C$DW$337, DW_AT_decl_column(0x1c)
    4071              
    4072                      .dwattr $C$DW$T$71, DW_AT_decl_file("/home/jose/ti/c2000/C2000Ware_26_01_00_00/device_support/f2837xd
    4073                      .dwattr $C$DW$T$71, DW_AT_decl_line(0x230)
    4074                      .dwattr $C$DW$T$71, DW_AT_decl_column(0x07)
    4075                      .dwendtag $C$DW$T$71
    4076              
    4077                      .dwendtag $C$DW$TU$71
    4078              
    4079              
    4080              $C$DW$TU$72     .dwtag  DW_TAG_type_unit
    4081                      .dwmtype  $C$DW$T$72
    4082              
    4083              $C$DW$T$72      .dwtag  DW_TAG_structure_type
    4084                      .dwattr $C$DW$T$72, DW_AT_name("PIEIFR11_BITS")
    4085                      .dwattr $C$DW$T$72, DW_AT_byte_size(0x01)
    4086              $C$DW$338       .dwtag  DW_TAG_member
    4087                      .dwattr $C$DW$338, DW_AT_type(*$C$DW$T$41)
    4088                      .dwattr $C$DW$338, DW_AT_name("INTx1")
    4089                      .dwattr $C$DW$338, DW_AT_bit_offset(0x0f)
    4090                      .dwattr $C$DW$338, DW_AT_bit_size(0x01)
    4091                      .dwattr $C$DW$338, DW_AT_accessibility(DW_ACCESS_public)
    4092                      .dwattr $C$DW$338, DW_AT_decl_file("/home/jose/ti/c2000/C2000Ware_26_01_00_00/device_support/f2837xd/
    4093                      .dwattr $C$DW$338, DW_AT_decl_line(0x24e)
    4094                      .dwattr $C$DW$338, DW_AT_decl_column(0x0c)
    4095              
    4096              $C$DW$339       .dwtag  DW_TAG_member
TMS320C2000 Assembler Unix v25.11.0 Sat May 30 20:22:51 2026

Copyright (c) 1996-2018 Texas Instruments Incorporated
main.asm                                                             PAGE   76

    4097                      .dwattr $C$DW$339, DW_AT_type(*$C$DW$T$41)
    4098                      .dwattr $C$DW$339, DW_AT_name("INTx2")
    4099                      .dwattr $C$DW$339, DW_AT_bit_offset(0x0e)
    4100                      .dwattr $C$DW$339, DW_AT_bit_size(0x01)
    4101                      .dwattr $C$DW$339, DW_AT_accessibility(DW_ACCESS_public)
    4102                      .dwattr $C$DW$339, DW_AT_decl_file("/home/jose/ti/c2000/C2000Ware_26_01_00_00/device_support/f2837xd/
    4103                      .dwattr $C$DW$339, DW_AT_decl_line(0x24f)
    4104                      .dwattr $C$DW$339, DW_AT_decl_column(0x0c)
    4105              
    4106              $C$DW$340       .dwtag  DW_TAG_member
    4107                      .dwattr $C$DW$340, DW_AT_type(*$C$DW$T$41)
    4108                      .dwattr $C$DW$340, DW_AT_name("INTx3")
    4109                      .dwattr $C$DW$340, DW_AT_bit_offset(0x0d)
    4110                      .dwattr $C$DW$340, DW_AT_bit_size(0x01)
    4111                      .dwattr $C$DW$340, DW_AT_accessibility(DW_ACCESS_public)
    4112                      .dwattr $C$DW$340, DW_AT_decl_file("/home/jose/ti/c2000/C2000Ware_26_01_00_00/device_support/f2837xd/
    4113                      .dwattr $C$DW$340, DW_AT_decl_line(0x250)
    4114                      .dwattr $C$DW$340, DW_AT_decl_column(0x0c)
    4115              
    4116              $C$DW$341       .dwtag  DW_TAG_member
    4117                      .dwattr $C$DW$341, DW_AT_type(*$C$DW$T$41)
    4118                      .dwattr $C$DW$341, DW_AT_name("INTx4")
    4119                      .dwattr $C$DW$341, DW_AT_bit_offset(0x0c)
    4120                      .dwattr $C$DW$341, DW_AT_bit_size(0x01)
    4121                      .dwattr $C$DW$341, DW_AT_accessibility(DW_ACCESS_public)
    4122                      .dwattr $C$DW$341, DW_AT_decl_file("/home/jose/ti/c2000/C2000Ware_26_01_00_00/device_support/f2837xd/
    4123                      .dwattr $C$DW$341, DW_AT_decl_line(0x251)
    4124                      .dwattr $C$DW$341, DW_AT_decl_column(0x0c)
    4125              
    4126              $C$DW$342       .dwtag  DW_TAG_member
    4127                      .dwattr $C$DW$342, DW_AT_type(*$C$DW$T$41)
    4128                      .dwattr $C$DW$342, DW_AT_name("INTx5")
    4129                      .dwattr $C$DW$342, DW_AT_bit_offset(0x0b)
    4130                      .dwattr $C$DW$342, DW_AT_bit_size(0x01)
    4131                      .dwattr $C$DW$342, DW_AT_accessibility(DW_ACCESS_public)
    4132                      .dwattr $C$DW$342, DW_AT_decl_file("/home/jose/ti/c2000/C2000Ware_26_01_00_00/device_support/f2837xd/
    4133                      .dwattr $C$DW$342, DW_AT_decl_line(0x252)
    4134                      .dwattr $C$DW$342, DW_AT_decl_column(0x0c)
    4135              
    4136              $C$DW$343       .dwtag  DW_TAG_member
    4137                      .dwattr $C$DW$343, DW_AT_type(*$C$DW$T$41)
    4138                      .dwattr $C$DW$343, DW_AT_name("INTx6")
    4139                      .dwattr $C$DW$343, DW_AT_bit_offset(0x0a)
    4140                      .dwattr $C$DW$343, DW_AT_bit_size(0x01)
    4141                      .dwattr $C$DW$343, DW_AT_accessibility(DW_ACCESS_public)
    4142                      .dwattr $C$DW$343, DW_AT_decl_file("/home/jose/ti/c2000/C2000Ware_26_01_00_00/device_support/f2837xd/
    4143                      .dwattr $C$DW$343, DW_AT_decl_line(0x253)
    4144                      .dwattr $C$DW$343, DW_AT_decl_column(0x0c)
    4145              
    4146              $C$DW$344       .dwtag  DW_TAG_member
    4147                      .dwattr $C$DW$344, DW_AT_type(*$C$DW$T$41)
    4148                      .dwattr $C$DW$344, DW_AT_name("INTx7")
    4149                      .dwattr $C$DW$344, DW_AT_bit_offset(0x09)
    4150                      .dwattr $C$DW$344, DW_AT_bit_size(0x01)
    4151                      .dwattr $C$DW$344, DW_AT_accessibility(DW_ACCESS_public)
TMS320C2000 Assembler Unix v25.11.0 Sat May 30 20:22:51 2026

Copyright (c) 1996-2018 Texas Instruments Incorporated
main.asm                                                             PAGE   77

    4152                      .dwattr $C$DW$344, DW_AT_decl_file("/home/jose/ti/c2000/C2000Ware_26_01_00_00/device_support/f2837xd/
    4153                      .dwattr $C$DW$344, DW_AT_decl_line(0x254)
    4154                      .dwattr $C$DW$344, DW_AT_decl_column(0x0c)
    4155              
    4156              $C$DW$345       .dwtag  DW_TAG_member
    4157                      .dwattr $C$DW$345, DW_AT_type(*$C$DW$T$41)
    4158                      .dwattr $C$DW$345, DW_AT_name("INTx8")
    4159                      .dwattr $C$DW$345, DW_AT_bit_offset(0x08)
    4160                      .dwattr $C$DW$345, DW_AT_bit_size(0x01)
    4161                      .dwattr $C$DW$345, DW_AT_accessibility(DW_ACCESS_public)
    4162                      .dwattr $C$DW$345, DW_AT_decl_file("/home/jose/ti/c2000/C2000Ware_26_01_00_00/device_support/f2837xd/
    4163                      .dwattr $C$DW$345, DW_AT_decl_line(0x255)
    4164                      .dwattr $C$DW$345, DW_AT_decl_column(0x0c)
    4165              
    4166              $C$DW$346       .dwtag  DW_TAG_member
    4167                      .dwattr $C$DW$346, DW_AT_type(*$C$DW$T$41)
    4168                      .dwattr $C$DW$346, DW_AT_name("INTx9")
    4169                      .dwattr $C$DW$346, DW_AT_bit_offset(0x07)
    4170                      .dwattr $C$DW$346, DW_AT_bit_size(0x01)
    4171                      .dwattr $C$DW$346, DW_AT_accessibility(DW_ACCESS_public)
    4172                      .dwattr $C$DW$346, DW_AT_decl_file("/home/jose/ti/c2000/C2000Ware_26_01_00_00/device_support/f2837xd/
    4173                      .dwattr $C$DW$346, DW_AT_decl_line(0x256)
    4174                      .dwattr $C$DW$346, DW_AT_decl_column(0x0c)
    4175              
    4176              $C$DW$347       .dwtag  DW_TAG_member
    4177                      .dwattr $C$DW$347, DW_AT_type(*$C$DW$T$41)
    4178                      .dwattr $C$DW$347, DW_AT_name("INTx10")
    4179                      .dwattr $C$DW$347, DW_AT_bit_offset(0x06)
    4180                      .dwattr $C$DW$347, DW_AT_bit_size(0x01)
    4181                      .dwattr $C$DW$347, DW_AT_accessibility(DW_ACCESS_public)
    4182                      .dwattr $C$DW$347, DW_AT_decl_file("/home/jose/ti/c2000/C2000Ware_26_01_00_00/device_support/f2837xd/
    4183                      .dwattr $C$DW$347, DW_AT_decl_line(0x257)
    4184                      .dwattr $C$DW$347, DW_AT_decl_column(0x0c)
    4185              
    4186              $C$DW$348       .dwtag  DW_TAG_member
    4187                      .dwattr $C$DW$348, DW_AT_type(*$C$DW$T$41)
    4188                      .dwattr $C$DW$348, DW_AT_name("INTx11")
    4189                      .dwattr $C$DW$348, DW_AT_bit_offset(0x05)
    4190                      .dwattr $C$DW$348, DW_AT_bit_size(0x01)
    4191                      .dwattr $C$DW$348, DW_AT_accessibility(DW_ACCESS_public)
    4192                      .dwattr $C$DW$348, DW_AT_decl_file("/home/jose/ti/c2000/C2000Ware_26_01_00_00/device_support/f2837xd/
    4193                      .dwattr $C$DW$348, DW_AT_decl_line(0x258)
    4194                      .dwattr $C$DW$348, DW_AT_decl_column(0x0c)
    4195              
    4196              $C$DW$349       .dwtag  DW_TAG_member
    4197                      .dwattr $C$DW$349, DW_AT_type(*$C$DW$T$41)
    4198                      .dwattr $C$DW$349, DW_AT_name("INTx12")
    4199                      .dwattr $C$DW$349, DW_AT_bit_offset(0x04)
    4200                      .dwattr $C$DW$349, DW_AT_bit_size(0x01)
    4201                      .dwattr $C$DW$349, DW_AT_accessibility(DW_ACCESS_public)
    4202                      .dwattr $C$DW$349, DW_AT_decl_file("/home/jose/ti/c2000/C2000Ware_26_01_00_00/device_support/f2837xd/
    4203                      .dwattr $C$DW$349, DW_AT_decl_line(0x259)
    4204                      .dwattr $C$DW$349, DW_AT_decl_column(0x0c)
    4205              
    4206              $C$DW$350       .dwtag  DW_TAG_member
TMS320C2000 Assembler Unix v25.11.0 Sat May 30 20:22:51 2026

Copyright (c) 1996-2018 Texas Instruments Incorporated
main.asm                                                             PAGE   78

    4207                      .dwattr $C$DW$350, DW_AT_type(*$C$DW$T$41)
    4208                      .dwattr $C$DW$350, DW_AT_name("INTx13")
    4209                      .dwattr $C$DW$350, DW_AT_bit_offset(0x03)
    4210                      .dwattr $C$DW$350, DW_AT_bit_size(0x01)
    4211                      .dwattr $C$DW$350, DW_AT_accessibility(DW_ACCESS_public)
    4212                      .dwattr $C$DW$350, DW_AT_decl_file("/home/jose/ti/c2000/C2000Ware_26_01_00_00/device_support/f2837xd/
    4213                      .dwattr $C$DW$350, DW_AT_decl_line(0x25a)
    4214                      .dwattr $C$DW$350, DW_AT_decl_column(0x0c)
    4215              
    4216              $C$DW$351       .dwtag  DW_TAG_member
    4217                      .dwattr $C$DW$351, DW_AT_type(*$C$DW$T$41)
    4218                      .dwattr $C$DW$351, DW_AT_name("INTx14")
    4219                      .dwattr $C$DW$351, DW_AT_bit_offset(0x02)
    4220                      .dwattr $C$DW$351, DW_AT_bit_size(0x01)
    4221                      .dwattr $C$DW$351, DW_AT_accessibility(DW_ACCESS_public)
    4222                      .dwattr $C$DW$351, DW_AT_decl_file("/home/jose/ti/c2000/C2000Ware_26_01_00_00/device_support/f2837xd/
    4223                      .dwattr $C$DW$351, DW_AT_decl_line(0x25b)
    4224                      .dwattr $C$DW$351, DW_AT_decl_column(0x0c)
    4225              
    4226              $C$DW$352       .dwtag  DW_TAG_member
    4227                      .dwattr $C$DW$352, DW_AT_type(*$C$DW$T$41)
    4228                      .dwattr $C$DW$352, DW_AT_name("INTx15")
    4229                      .dwattr $C$DW$352, DW_AT_bit_offset(0x01)
    4230                      .dwattr $C$DW$352, DW_AT_bit_size(0x01)
    4231                      .dwattr $C$DW$352, DW_AT_accessibility(DW_ACCESS_public)
    4232                      .dwattr $C$DW$352, DW_AT_decl_file("/home/jose/ti/c2000/C2000Ware_26_01_00_00/device_support/f2837xd/
    4233                      .dwattr $C$DW$352, DW_AT_decl_line(0x25c)
    4234                      .dwattr $C$DW$352, DW_AT_decl_column(0x0c)
    4235              
    4236              $C$DW$353       .dwtag  DW_TAG_member
    4237                      .dwattr $C$DW$353, DW_AT_type(*$C$DW$T$41)
    4238                      .dwattr $C$DW$353, DW_AT_name("INTx16")
    4239                      .dwattr $C$DW$353, DW_AT_bit_offset(0x00)
    4240                      .dwattr $C$DW$353, DW_AT_bit_size(0x01)
    4241                      .dwattr $C$DW$353, DW_AT_accessibility(DW_ACCESS_public)
    4242                      .dwattr $C$DW$353, DW_AT_decl_file("/home/jose/ti/c2000/C2000Ware_26_01_00_00/device_support/f2837xd/
    4243                      .dwattr $C$DW$353, DW_AT_decl_line(0x25d)
    4244                      .dwattr $C$DW$353, DW_AT_decl_column(0x0c)
    4245              
    4246                      .dwattr $C$DW$T$72, DW_AT_decl_file("/home/jose/ti/c2000/C2000Ware_26_01_00_00/device_support/f2837xd
    4247                      .dwattr $C$DW$T$72, DW_AT_decl_line(0x24d)
    4248                      .dwattr $C$DW$T$72, DW_AT_decl_column(0x08)
    4249                      .dwendtag $C$DW$T$72
    4250              
    4251                      .dwendtag $C$DW$TU$72
    4252              
    4253              
    4254              $C$DW$TU$73     .dwtag  DW_TAG_type_unit
    4255                      .dwmtype  $C$DW$T$73
    4256              
    4257              $C$DW$T$73      .dwtag  DW_TAG_union_type
    4258                      .dwattr $C$DW$T$73, DW_AT_name("PIEIFR11_REG")
    4259                      .dwattr $C$DW$T$73, DW_AT_byte_size(0x01)
    4260              $C$DW$354       .dwtag  DW_TAG_member
    4261                      .dwattr $C$DW$354, DW_AT_type(*$C$DW$T$41)
TMS320C2000 Assembler Unix v25.11.0 Sat May 30 20:22:51 2026

Copyright (c) 1996-2018 Texas Instruments Incorporated
main.asm                                                             PAGE   79

    4262                      .dwattr $C$DW$354, DW_AT_name("all")
    4263                      .dwattr $C$DW$354, DW_AT_accessibility(DW_ACCESS_public)
    4264                      .dwattr $C$DW$354, DW_AT_decl_file("/home/jose/ti/c2000/C2000Ware_26_01_00_00/device_support/f2837xd/
    4265                      .dwattr $C$DW$354, DW_AT_decl_line(0x261)
    4266                      .dwattr $C$DW$354, DW_AT_decl_column(0x0d)
    4267              
    4268              $C$DW$355       .dwtag  DW_TAG_member
    4269                      .dwattr $C$DW$355, DW_AT_type(*$C$DW$T$72)
    4270                      .dwattr $C$DW$355, DW_AT_name("bit")
    4271                      .dwattr $C$DW$355, DW_AT_accessibility(DW_ACCESS_public)
    4272                      .dwattr $C$DW$355, DW_AT_decl_file("/home/jose/ti/c2000/C2000Ware_26_01_00_00/device_support/f2837xd/
    4273                      .dwattr $C$DW$355, DW_AT_decl_line(0x262)
    4274                      .dwattr $C$DW$355, DW_AT_decl_column(0x1c)
    4275              
    4276                      .dwattr $C$DW$T$73, DW_AT_decl_file("/home/jose/ti/c2000/C2000Ware_26_01_00_00/device_support/f2837xd
    4277                      .dwattr $C$DW$T$73, DW_AT_decl_line(0x260)
    4278                      .dwattr $C$DW$T$73, DW_AT_decl_column(0x07)
    4279                      .dwendtag $C$DW$T$73
    4280              
    4281                      .dwendtag $C$DW$TU$73
    4282              
    4283              
    4284              $C$DW$TU$74     .dwtag  DW_TAG_type_unit
    4285                      .dwmtype  $C$DW$T$74
    4286              
    4287              $C$DW$T$74      .dwtag  DW_TAG_structure_type
    4288                      .dwattr $C$DW$T$74, DW_AT_name("PIEIFR12_BITS")
    4289                      .dwattr $C$DW$T$74, DW_AT_byte_size(0x01)
    4290              $C$DW$356       .dwtag  DW_TAG_member
    4291                      .dwattr $C$DW$356, DW_AT_type(*$C$DW$T$41)
    4292                      .dwattr $C$DW$356, DW_AT_name("INTx1")
    4293                      .dwattr $C$DW$356, DW_AT_bit_offset(0x0f)
    4294                      .dwattr $C$DW$356, DW_AT_bit_size(0x01)
    4295                      .dwattr $C$DW$356, DW_AT_accessibility(DW_ACCESS_public)
    4296                      .dwattr $C$DW$356, DW_AT_decl_file("/home/jose/ti/c2000/C2000Ware_26_01_00_00/device_support/f2837xd/
    4297                      .dwattr $C$DW$356, DW_AT_decl_line(0x27e)
    4298                      .dwattr $C$DW$356, DW_AT_decl_column(0x0c)
    4299              
    4300              $C$DW$357       .dwtag  DW_TAG_member
    4301                      .dwattr $C$DW$357, DW_AT_type(*$C$DW$T$41)
    4302                      .dwattr $C$DW$357, DW_AT_name("INTx2")
    4303                      .dwattr $C$DW$357, DW_AT_bit_offset(0x0e)
    4304                      .dwattr $C$DW$357, DW_AT_bit_size(0x01)
    4305                      .dwattr $C$DW$357, DW_AT_accessibility(DW_ACCESS_public)
    4306                      .dwattr $C$DW$357, DW_AT_decl_file("/home/jose/ti/c2000/C2000Ware_26_01_00_00/device_support/f2837xd/
    4307                      .dwattr $C$DW$357, DW_AT_decl_line(0x27f)
    4308                      .dwattr $C$DW$357, DW_AT_decl_column(0x0c)
    4309              
    4310              $C$DW$358       .dwtag  DW_TAG_member
    4311                      .dwattr $C$DW$358, DW_AT_type(*$C$DW$T$41)
    4312                      .dwattr $C$DW$358, DW_AT_name("INTx3")
    4313                      .dwattr $C$DW$358, DW_AT_bit_offset(0x0d)
    4314                      .dwattr $C$DW$358, DW_AT_bit_size(0x01)
    4315                      .dwattr $C$DW$358, DW_AT_accessibility(DW_ACCESS_public)
    4316                      .dwattr $C$DW$358, DW_AT_decl_file("/home/jose/ti/c2000/C2000Ware_26_01_00_00/device_support/f2837xd/
TMS320C2000 Assembler Unix v25.11.0 Sat May 30 20:22:51 2026

Copyright (c) 1996-2018 Texas Instruments Incorporated
main.asm                                                             PAGE   80

    4317                      .dwattr $C$DW$358, DW_AT_decl_line(0x280)
    4318                      .dwattr $C$DW$358, DW_AT_decl_column(0x0c)
    4319              
    4320              $C$DW$359       .dwtag  DW_TAG_member
    4321                      .dwattr $C$DW$359, DW_AT_type(*$C$DW$T$41)
    4322                      .dwattr $C$DW$359, DW_AT_name("INTx4")
    4323                      .dwattr $C$DW$359, DW_AT_bit_offset(0x0c)
    4324                      .dwattr $C$DW$359, DW_AT_bit_size(0x01)
    4325                      .dwattr $C$DW$359, DW_AT_accessibility(DW_ACCESS_public)
    4326                      .dwattr $C$DW$359, DW_AT_decl_file("/home/jose/ti/c2000/C2000Ware_26_01_00_00/device_support/f2837xd/
    4327                      .dwattr $C$DW$359, DW_AT_decl_line(0x281)
    4328                      .dwattr $C$DW$359, DW_AT_decl_column(0x0c)
    4329              
    4330              $C$DW$360       .dwtag  DW_TAG_member
    4331                      .dwattr $C$DW$360, DW_AT_type(*$C$DW$T$41)
    4332                      .dwattr $C$DW$360, DW_AT_name("INTx5")
    4333                      .dwattr $C$DW$360, DW_AT_bit_offset(0x0b)
    4334                      .dwattr $C$DW$360, DW_AT_bit_size(0x01)
    4335                      .dwattr $C$DW$360, DW_AT_accessibility(DW_ACCESS_public)
    4336                      .dwattr $C$DW$360, DW_AT_decl_file("/home/jose/ti/c2000/C2000Ware_26_01_00_00/device_support/f2837xd/
    4337                      .dwattr $C$DW$360, DW_AT_decl_line(0x282)
    4338                      .dwattr $C$DW$360, DW_AT_decl_column(0x0c)
    4339              
    4340              $C$DW$361       .dwtag  DW_TAG_member
    4341                      .dwattr $C$DW$361, DW_AT_type(*$C$DW$T$41)
    4342                      .dwattr $C$DW$361, DW_AT_name("INTx6")
    4343                      .dwattr $C$DW$361, DW_AT_bit_offset(0x0a)
    4344                      .dwattr $C$DW$361, DW_AT_bit_size(0x01)
    4345                      .dwattr $C$DW$361, DW_AT_accessibility(DW_ACCESS_public)
    4346                      .dwattr $C$DW$361, DW_AT_decl_file("/home/jose/ti/c2000/C2000Ware_26_01_00_00/device_support/f2837xd/
    4347                      .dwattr $C$DW$361, DW_AT_decl_line(0x283)
    4348                      .dwattr $C$DW$361, DW_AT_decl_column(0x0c)
    4349              
    4350              $C$DW$362       .dwtag  DW_TAG_member
    4351                      .dwattr $C$DW$362, DW_AT_type(*$C$DW$T$41)
    4352                      .dwattr $C$DW$362, DW_AT_name("INTx7")
    4353                      .dwattr $C$DW$362, DW_AT_bit_offset(0x09)
    4354                      .dwattr $C$DW$362, DW_AT_bit_size(0x01)
    4355                      .dwattr $C$DW$362, DW_AT_accessibility(DW_ACCESS_public)
    4356                      .dwattr $C$DW$362, DW_AT_decl_file("/home/jose/ti/c2000/C2000Ware_26_01_00_00/device_support/f2837xd/
    4357                      .dwattr $C$DW$362, DW_AT_decl_line(0x284)
    4358                      .dwattr $C$DW$362, DW_AT_decl_column(0x0c)
    4359              
    4360              $C$DW$363       .dwtag  DW_TAG_member
    4361                      .dwattr $C$DW$363, DW_AT_type(*$C$DW$T$41)
    4362                      .dwattr $C$DW$363, DW_AT_name("INTx8")
    4363                      .dwattr $C$DW$363, DW_AT_bit_offset(0x08)
    4364                      .dwattr $C$DW$363, DW_AT_bit_size(0x01)
    4365                      .dwattr $C$DW$363, DW_AT_accessibility(DW_ACCESS_public)
    4366                      .dwattr $C$DW$363, DW_AT_decl_file("/home/jose/ti/c2000/C2000Ware_26_01_00_00/device_support/f2837xd/
    4367                      .dwattr $C$DW$363, DW_AT_decl_line(0x285)
    4368                      .dwattr $C$DW$363, DW_AT_decl_column(0x0c)
    4369              
    4370              $C$DW$364       .dwtag  DW_TAG_member
    4371                      .dwattr $C$DW$364, DW_AT_type(*$C$DW$T$41)
TMS320C2000 Assembler Unix v25.11.0 Sat May 30 20:22:51 2026

Copyright (c) 1996-2018 Texas Instruments Incorporated
main.asm                                                             PAGE   81

    4372                      .dwattr $C$DW$364, DW_AT_name("INTx9")
    4373                      .dwattr $C$DW$364, DW_AT_bit_offset(0x07)
    4374                      .dwattr $C$DW$364, DW_AT_bit_size(0x01)
    4375                      .dwattr $C$DW$364, DW_AT_accessibility(DW_ACCESS_public)
    4376                      .dwattr $C$DW$364, DW_AT_decl_file("/home/jose/ti/c2000/C2000Ware_26_01_00_00/device_support/f2837xd/
    4377                      .dwattr $C$DW$364, DW_AT_decl_line(0x286)
    4378                      .dwattr $C$DW$364, DW_AT_decl_column(0x0c)
    4379              
    4380              $C$DW$365       .dwtag  DW_TAG_member
    4381                      .dwattr $C$DW$365, DW_AT_type(*$C$DW$T$41)
    4382                      .dwattr $C$DW$365, DW_AT_name("INTx10")
    4383                      .dwattr $C$DW$365, DW_AT_bit_offset(0x06)
    4384                      .dwattr $C$DW$365, DW_AT_bit_size(0x01)
    4385                      .dwattr $C$DW$365, DW_AT_accessibility(DW_ACCESS_public)
    4386                      .dwattr $C$DW$365, DW_AT_decl_file("/home/jose/ti/c2000/C2000Ware_26_01_00_00/device_support/f2837xd/
    4387                      .dwattr $C$DW$365, DW_AT_decl_line(0x287)
    4388                      .dwattr $C$DW$365, DW_AT_decl_column(0x0c)
    4389              
    4390              $C$DW$366       .dwtag  DW_TAG_member
    4391                      .dwattr $C$DW$366, DW_AT_type(*$C$DW$T$41)
    4392                      .dwattr $C$DW$366, DW_AT_name("INTx11")
    4393                      .dwattr $C$DW$366, DW_AT_bit_offset(0x05)
    4394                      .dwattr $C$DW$366, DW_AT_bit_size(0x01)
    4395                      .dwattr $C$DW$366, DW_AT_accessibility(DW_ACCESS_public)
    4396                      .dwattr $C$DW$366, DW_AT_decl_file("/home/jose/ti/c2000/C2000Ware_26_01_00_00/device_support/f2837xd/
    4397                      .dwattr $C$DW$366, DW_AT_decl_line(0x288)
    4398                      .dwattr $C$DW$366, DW_AT_decl_column(0x0c)
    4399              
    4400              $C$DW$367       .dwtag  DW_TAG_member
    4401                      .dwattr $C$DW$367, DW_AT_type(*$C$DW$T$41)
    4402                      .dwattr $C$DW$367, DW_AT_name("INTx12")
    4403                      .dwattr $C$DW$367, DW_AT_bit_offset(0x04)
    4404                      .dwattr $C$DW$367, DW_AT_bit_size(0x01)
    4405                      .dwattr $C$DW$367, DW_AT_accessibility(DW_ACCESS_public)
    4406                      .dwattr $C$DW$367, DW_AT_decl_file("/home/jose/ti/c2000/C2000Ware_26_01_00_00/device_support/f2837xd/
    4407                      .dwattr $C$DW$367, DW_AT_decl_line(0x289)
    4408                      .dwattr $C$DW$367, DW_AT_decl_column(0x0c)
    4409              
    4410              $C$DW$368       .dwtag  DW_TAG_member
    4411                      .dwattr $C$DW$368, DW_AT_type(*$C$DW$T$41)
    4412                      .dwattr $C$DW$368, DW_AT_name("INTx13")
    4413                      .dwattr $C$DW$368, DW_AT_bit_offset(0x03)
    4414                      .dwattr $C$DW$368, DW_AT_bit_size(0x01)
    4415                      .dwattr $C$DW$368, DW_AT_accessibility(DW_ACCESS_public)
    4416                      .dwattr $C$DW$368, DW_AT_decl_file("/home/jose/ti/c2000/C2000Ware_26_01_00_00/device_support/f2837xd/
    4417                      .dwattr $C$DW$368, DW_AT_decl_line(0x28a)
    4418                      .dwattr $C$DW$368, DW_AT_decl_column(0x0c)
    4419              
    4420              $C$DW$369       .dwtag  DW_TAG_member
    4421                      .dwattr $C$DW$369, DW_AT_type(*$C$DW$T$41)
    4422                      .dwattr $C$DW$369, DW_AT_name("INTx14")
    4423                      .dwattr $C$DW$369, DW_AT_bit_offset(0x02)
    4424                      .dwattr $C$DW$369, DW_AT_bit_size(0x01)
    4425                      .dwattr $C$DW$369, DW_AT_accessibility(DW_ACCESS_public)
    4426                      .dwattr $C$DW$369, DW_AT_decl_file("/home/jose/ti/c2000/C2000Ware_26_01_00_00/device_support/f2837xd/
TMS320C2000 Assembler Unix v25.11.0 Sat May 30 20:22:51 2026

Copyright (c) 1996-2018 Texas Instruments Incorporated
main.asm                                                             PAGE   82

    4427                      .dwattr $C$DW$369, DW_AT_decl_line(0x28b)
    4428                      .dwattr $C$DW$369, DW_AT_decl_column(0x0c)
    4429              
    4430              $C$DW$370       .dwtag  DW_TAG_member
    4431                      .dwattr $C$DW$370, DW_AT_type(*$C$DW$T$41)
    4432                      .dwattr $C$DW$370, DW_AT_name("INTx15")
    4433                      .dwattr $C$DW$370, DW_AT_bit_offset(0x01)
    4434                      .dwattr $C$DW$370, DW_AT_bit_size(0x01)
    4435                      .dwattr $C$DW$370, DW_AT_accessibility(DW_ACCESS_public)
    4436                      .dwattr $C$DW$370, DW_AT_decl_file("/home/jose/ti/c2000/C2000Ware_26_01_00_00/device_support/f2837xd/
    4437                      .dwattr $C$DW$370, DW_AT_decl_line(0x28c)
    4438                      .dwattr $C$DW$370, DW_AT_decl_column(0x0c)
    4439              
    4440              $C$DW$371       .dwtag  DW_TAG_member
    4441                      .dwattr $C$DW$371, DW_AT_type(*$C$DW$T$41)
    4442                      .dwattr $C$DW$371, DW_AT_name("INTx16")
    4443                      .dwattr $C$DW$371, DW_AT_bit_offset(0x00)
    4444                      .dwattr $C$DW$371, DW_AT_bit_size(0x01)
    4445                      .dwattr $C$DW$371, DW_AT_accessibility(DW_ACCESS_public)
    4446                      .dwattr $C$DW$371, DW_AT_decl_file("/home/jose/ti/c2000/C2000Ware_26_01_00_00/device_support/f2837xd/
    4447                      .dwattr $C$DW$371, DW_AT_decl_line(0x28d)
    4448                      .dwattr $C$DW$371, DW_AT_decl_column(0x0c)
    4449              
    4450                      .dwattr $C$DW$T$74, DW_AT_decl_file("/home/jose/ti/c2000/C2000Ware_26_01_00_00/device_support/f2837xd
    4451                      .dwattr $C$DW$T$74, DW_AT_decl_line(0x27d)
    4452                      .dwattr $C$DW$T$74, DW_AT_decl_column(0x08)
    4453                      .dwendtag $C$DW$T$74
    4454              
    4455                      .dwendtag $C$DW$TU$74
    4456              
    4457              
    4458              $C$DW$TU$75     .dwtag  DW_TAG_type_unit
    4459                      .dwmtype  $C$DW$T$75
    4460              
    4461              $C$DW$T$75      .dwtag  DW_TAG_union_type
    4462                      .dwattr $C$DW$T$75, DW_AT_name("PIEIFR12_REG")
    4463                      .dwattr $C$DW$T$75, DW_AT_byte_size(0x01)
    4464              $C$DW$372       .dwtag  DW_TAG_member
    4465                      .dwattr $C$DW$372, DW_AT_type(*$C$DW$T$41)
    4466                      .dwattr $C$DW$372, DW_AT_name("all")
    4467                      .dwattr $C$DW$372, DW_AT_accessibility(DW_ACCESS_public)
    4468                      .dwattr $C$DW$372, DW_AT_decl_file("/home/jose/ti/c2000/C2000Ware_26_01_00_00/device_support/f2837xd/
    4469                      .dwattr $C$DW$372, DW_AT_decl_line(0x291)
    4470                      .dwattr $C$DW$372, DW_AT_decl_column(0x0d)
    4471              
    4472              $C$DW$373       .dwtag  DW_TAG_member
    4473                      .dwattr $C$DW$373, DW_AT_type(*$C$DW$T$74)
    4474                      .dwattr $C$DW$373, DW_AT_name("bit")
    4475                      .dwattr $C$DW$373, DW_AT_accessibility(DW_ACCESS_public)
    4476                      .dwattr $C$DW$373, DW_AT_decl_file("/home/jose/ti/c2000/C2000Ware_26_01_00_00/device_support/f2837xd/
    4477                      .dwattr $C$DW$373, DW_AT_decl_line(0x292)
    4478                      .dwattr $C$DW$373, DW_AT_decl_column(0x1c)
    4479              
    4480                      .dwattr $C$DW$T$75, DW_AT_decl_file("/home/jose/ti/c2000/C2000Ware_26_01_00_00/device_support/f2837xd
    4481                      .dwattr $C$DW$T$75, DW_AT_decl_line(0x290)
TMS320C2000 Assembler Unix v25.11.0 Sat May 30 20:22:51 2026

Copyright (c) 1996-2018 Texas Instruments Incorporated
main.asm                                                             PAGE   83

    4482                      .dwattr $C$DW$T$75, DW_AT_decl_column(0x07)
    4483                      .dwendtag $C$DW$T$75
    4484              
    4485                      .dwendtag $C$DW$TU$75
    4486              
    4487              
    4488              $C$DW$TU$76     .dwtag  DW_TAG_type_unit
    4489                      .dwmtype  $C$DW$T$76
    4490              
    4491              $C$DW$T$76      .dwtag  DW_TAG_structure_type
    4492                      .dwattr $C$DW$T$76, DW_AT_name("PIEIFR1_BITS")
    4493                      .dwattr $C$DW$T$76, DW_AT_byte_size(0x01)
    4494              $C$DW$374       .dwtag  DW_TAG_member
    4495                      .dwattr $C$DW$374, DW_AT_type(*$C$DW$T$41)
    4496                      .dwattr $C$DW$374, DW_AT_name("INTx1")
    4497                      .dwattr $C$DW$374, DW_AT_bit_offset(0x0f)
    4498                      .dwattr $C$DW$374, DW_AT_bit_size(0x01)
    4499                      .dwattr $C$DW$374, DW_AT_accessibility(DW_ACCESS_public)
    4500                      .dwattr $C$DW$374, DW_AT_decl_file("/home/jose/ti/c2000/C2000Ware_26_01_00_00/device_support/f2837xd/
    4501                      .dwattr $C$DW$374, DW_AT_decl_line(0x6e)
    4502                      .dwattr $C$DW$374, DW_AT_decl_column(0x0c)
    4503              
    4504              $C$DW$375       .dwtag  DW_TAG_member
    4505                      .dwattr $C$DW$375, DW_AT_type(*$C$DW$T$41)
    4506                      .dwattr $C$DW$375, DW_AT_name("INTx2")
    4507                      .dwattr $C$DW$375, DW_AT_bit_offset(0x0e)
    4508                      .dwattr $C$DW$375, DW_AT_bit_size(0x01)
    4509                      .dwattr $C$DW$375, DW_AT_accessibility(DW_ACCESS_public)
    4510                      .dwattr $C$DW$375, DW_AT_decl_file("/home/jose/ti/c2000/C2000Ware_26_01_00_00/device_support/f2837xd/
    4511                      .dwattr $C$DW$375, DW_AT_decl_line(0x6f)
    4512                      .dwattr $C$DW$375, DW_AT_decl_column(0x0c)
    4513              
    4514              $C$DW$376       .dwtag  DW_TAG_member
    4515                      .dwattr $C$DW$376, DW_AT_type(*$C$DW$T$41)
    4516                      .dwattr $C$DW$376, DW_AT_name("INTx3")
    4517                      .dwattr $C$DW$376, DW_AT_bit_offset(0x0d)
    4518                      .dwattr $C$DW$376, DW_AT_bit_size(0x01)
    4519                      .dwattr $C$DW$376, DW_AT_accessibility(DW_ACCESS_public)
    4520                      .dwattr $C$DW$376, DW_AT_decl_file("/home/jose/ti/c2000/C2000Ware_26_01_00_00/device_support/f2837xd/
    4521                      .dwattr $C$DW$376, DW_AT_decl_line(0x70)
    4522                      .dwattr $C$DW$376, DW_AT_decl_column(0x0c)
    4523              
    4524              $C$DW$377       .dwtag  DW_TAG_member
    4525                      .dwattr $C$DW$377, DW_AT_type(*$C$DW$T$41)
    4526                      .dwattr $C$DW$377, DW_AT_name("INTx4")
    4527                      .dwattr $C$DW$377, DW_AT_bit_offset(0x0c)
    4528                      .dwattr $C$DW$377, DW_AT_bit_size(0x01)
    4529                      .dwattr $C$DW$377, DW_AT_accessibility(DW_ACCESS_public)
    4530                      .dwattr $C$DW$377, DW_AT_decl_file("/home/jose/ti/c2000/C2000Ware_26_01_00_00/device_support/f2837xd/
    4531                      .dwattr $C$DW$377, DW_AT_decl_line(0x71)
    4532                      .dwattr $C$DW$377, DW_AT_decl_column(0x0c)
    4533              
    4534              $C$DW$378       .dwtag  DW_TAG_member
    4535                      .dwattr $C$DW$378, DW_AT_type(*$C$DW$T$41)
    4536                      .dwattr $C$DW$378, DW_AT_name("INTx5")
TMS320C2000 Assembler Unix v25.11.0 Sat May 30 20:22:51 2026

Copyright (c) 1996-2018 Texas Instruments Incorporated
main.asm                                                             PAGE   84

    4537                      .dwattr $C$DW$378, DW_AT_bit_offset(0x0b)
    4538                      .dwattr $C$DW$378, DW_AT_bit_size(0x01)
    4539                      .dwattr $C$DW$378, DW_AT_accessibility(DW_ACCESS_public)
    4540                      .dwattr $C$DW$378, DW_AT_decl_file("/home/jose/ti/c2000/C2000Ware_26_01_00_00/device_support/f2837xd/
    4541                      .dwattr $C$DW$378, DW_AT_decl_line(0x72)
    4542                      .dwattr $C$DW$378, DW_AT_decl_column(0x0c)
    4543              
    4544              $C$DW$379       .dwtag  DW_TAG_member
    4545                      .dwattr $C$DW$379, DW_AT_type(*$C$DW$T$41)
    4546                      .dwattr $C$DW$379, DW_AT_name("INTx6")
    4547                      .dwattr $C$DW$379, DW_AT_bit_offset(0x0a)
    4548                      .dwattr $C$DW$379, DW_AT_bit_size(0x01)
    4549                      .dwattr $C$DW$379, DW_AT_accessibility(DW_ACCESS_public)
    4550                      .dwattr $C$DW$379, DW_AT_decl_file("/home/jose/ti/c2000/C2000Ware_26_01_00_00/device_support/f2837xd/
    4551                      .dwattr $C$DW$379, DW_AT_decl_line(0x73)
    4552                      .dwattr $C$DW$379, DW_AT_decl_column(0x0c)
    4553              
    4554              $C$DW$380       .dwtag  DW_TAG_member
    4555                      .dwattr $C$DW$380, DW_AT_type(*$C$DW$T$41)
    4556                      .dwattr $C$DW$380, DW_AT_name("INTx7")
    4557                      .dwattr $C$DW$380, DW_AT_bit_offset(0x09)
    4558                      .dwattr $C$DW$380, DW_AT_bit_size(0x01)
    4559                      .dwattr $C$DW$380, DW_AT_accessibility(DW_ACCESS_public)
    4560                      .dwattr $C$DW$380, DW_AT_decl_file("/home/jose/ti/c2000/C2000Ware_26_01_00_00/device_support/f2837xd/
    4561                      .dwattr $C$DW$380, DW_AT_decl_line(0x74)
    4562                      .dwattr $C$DW$380, DW_AT_decl_column(0x0c)
    4563              
    4564              $C$DW$381       .dwtag  DW_TAG_member
    4565                      .dwattr $C$DW$381, DW_AT_type(*$C$DW$T$41)
    4566                      .dwattr $C$DW$381, DW_AT_name("INTx8")
    4567                      .dwattr $C$DW$381, DW_AT_bit_offset(0x08)
    4568                      .dwattr $C$DW$381, DW_AT_bit_size(0x01)
    4569                      .dwattr $C$DW$381, DW_AT_accessibility(DW_ACCESS_public)
    4570                      .dwattr $C$DW$381, DW_AT_decl_file("/home/jose/ti/c2000/C2000Ware_26_01_00_00/device_support/f2837xd/
    4571                      .dwattr $C$DW$381, DW_AT_decl_line(0x75)
    4572                      .dwattr $C$DW$381, DW_AT_decl_column(0x0c)
    4573              
    4574              $C$DW$382       .dwtag  DW_TAG_member
    4575                      .dwattr $C$DW$382, DW_AT_type(*$C$DW$T$41)
    4576                      .dwattr $C$DW$382, DW_AT_name("INTx9")
    4577                      .dwattr $C$DW$382, DW_AT_bit_offset(0x07)
    4578                      .dwattr $C$DW$382, DW_AT_bit_size(0x01)
    4579                      .dwattr $C$DW$382, DW_AT_accessibility(DW_ACCESS_public)
    4580                      .dwattr $C$DW$382, DW_AT_decl_file("/home/jose/ti/c2000/C2000Ware_26_01_00_00/device_support/f2837xd/
    4581                      .dwattr $C$DW$382, DW_AT_decl_line(0x76)
    4582                      .dwattr $C$DW$382, DW_AT_decl_column(0x0c)
    4583              
    4584              $C$DW$383       .dwtag  DW_TAG_member
    4585                      .dwattr $C$DW$383, DW_AT_type(*$C$DW$T$41)
    4586                      .dwattr $C$DW$383, DW_AT_name("INTx10")
    4587                      .dwattr $C$DW$383, DW_AT_bit_offset(0x06)
    4588                      .dwattr $C$DW$383, DW_AT_bit_size(0x01)
    4589                      .dwattr $C$DW$383, DW_AT_accessibility(DW_ACCESS_public)
    4590                      .dwattr $C$DW$383, DW_AT_decl_file("/home/jose/ti/c2000/C2000Ware_26_01_00_00/device_support/f2837xd/
    4591                      .dwattr $C$DW$383, DW_AT_decl_line(0x77)
TMS320C2000 Assembler Unix v25.11.0 Sat May 30 20:22:51 2026

Copyright (c) 1996-2018 Texas Instruments Incorporated
main.asm                                                             PAGE   85

    4592                      .dwattr $C$DW$383, DW_AT_decl_column(0x0c)
    4593              
    4594              $C$DW$384       .dwtag  DW_TAG_member
    4595                      .dwattr $C$DW$384, DW_AT_type(*$C$DW$T$41)
    4596                      .dwattr $C$DW$384, DW_AT_name("INTx11")
    4597                      .dwattr $C$DW$384, DW_AT_bit_offset(0x05)
    4598                      .dwattr $C$DW$384, DW_AT_bit_size(0x01)
    4599                      .dwattr $C$DW$384, DW_AT_accessibility(DW_ACCESS_public)
    4600                      .dwattr $C$DW$384, DW_AT_decl_file("/home/jose/ti/c2000/C2000Ware_26_01_00_00/device_support/f2837xd/
    4601                      .dwattr $C$DW$384, DW_AT_decl_line(0x78)
    4602                      .dwattr $C$DW$384, DW_AT_decl_column(0x0c)
    4603              
    4604              $C$DW$385       .dwtag  DW_TAG_member
    4605                      .dwattr $C$DW$385, DW_AT_type(*$C$DW$T$41)
    4606                      .dwattr $C$DW$385, DW_AT_name("INTx12")
    4607                      .dwattr $C$DW$385, DW_AT_bit_offset(0x04)
    4608                      .dwattr $C$DW$385, DW_AT_bit_size(0x01)
    4609                      .dwattr $C$DW$385, DW_AT_accessibility(DW_ACCESS_public)
    4610                      .dwattr $C$DW$385, DW_AT_decl_file("/home/jose/ti/c2000/C2000Ware_26_01_00_00/device_support/f2837xd/
    4611                      .dwattr $C$DW$385, DW_AT_decl_line(0x79)
    4612                      .dwattr $C$DW$385, DW_AT_decl_column(0x0c)
    4613              
    4614              $C$DW$386       .dwtag  DW_TAG_member
    4615                      .dwattr $C$DW$386, DW_AT_type(*$C$DW$T$41)
    4616                      .dwattr $C$DW$386, DW_AT_name("INTx13")
    4617                      .dwattr $C$DW$386, DW_AT_bit_offset(0x03)
    4618                      .dwattr $C$DW$386, DW_AT_bit_size(0x01)
    4619                      .dwattr $C$DW$386, DW_AT_accessibility(DW_ACCESS_public)
    4620                      .dwattr $C$DW$386, DW_AT_decl_file("/home/jose/ti/c2000/C2000Ware_26_01_00_00/device_support/f2837xd/
    4621                      .dwattr $C$DW$386, DW_AT_decl_line(0x7a)
    4622                      .dwattr $C$DW$386, DW_AT_decl_column(0x0c)
    4623              
    4624              $C$DW$387       .dwtag  DW_TAG_member
    4625                      .dwattr $C$DW$387, DW_AT_type(*$C$DW$T$41)
    4626                      .dwattr $C$DW$387, DW_AT_name("INTx14")
    4627                      .dwattr $C$DW$387, DW_AT_bit_offset(0x02)
    4628                      .dwattr $C$DW$387, DW_AT_bit_size(0x01)
    4629                      .dwattr $C$DW$387, DW_AT_accessibility(DW_ACCESS_public)
    4630                      .dwattr $C$DW$387, DW_AT_decl_file("/home/jose/ti/c2000/C2000Ware_26_01_00_00/device_support/f2837xd/
    4631                      .dwattr $C$DW$387, DW_AT_decl_line(0x7b)
    4632                      .dwattr $C$DW$387, DW_AT_decl_column(0x0c)
    4633              
    4634              $C$DW$388       .dwtag  DW_TAG_member
    4635                      .dwattr $C$DW$388, DW_AT_type(*$C$DW$T$41)
    4636                      .dwattr $C$DW$388, DW_AT_name("INTx15")
    4637                      .dwattr $C$DW$388, DW_AT_bit_offset(0x01)
    4638                      .dwattr $C$DW$388, DW_AT_bit_size(0x01)
    4639                      .dwattr $C$DW$388, DW_AT_accessibility(DW_ACCESS_public)
    4640                      .dwattr $C$DW$388, DW_AT_decl_file("/home/jose/ti/c2000/C2000Ware_26_01_00_00/device_support/f2837xd/
    4641                      .dwattr $C$DW$388, DW_AT_decl_line(0x7c)
    4642                      .dwattr $C$DW$388, DW_AT_decl_column(0x0c)
    4643              
    4644              $C$DW$389       .dwtag  DW_TAG_member
    4645                      .dwattr $C$DW$389, DW_AT_type(*$C$DW$T$41)
    4646                      .dwattr $C$DW$389, DW_AT_name("INTx16")
TMS320C2000 Assembler Unix v25.11.0 Sat May 30 20:22:51 2026

Copyright (c) 1996-2018 Texas Instruments Incorporated
main.asm                                                             PAGE   86

    4647                      .dwattr $C$DW$389, DW_AT_bit_offset(0x00)
    4648                      .dwattr $C$DW$389, DW_AT_bit_size(0x01)
    4649                      .dwattr $C$DW$389, DW_AT_accessibility(DW_ACCESS_public)
    4650                      .dwattr $C$DW$389, DW_AT_decl_file("/home/jose/ti/c2000/C2000Ware_26_01_00_00/device_support/f2837xd/
    4651                      .dwattr $C$DW$389, DW_AT_decl_line(0x7d)
    4652                      .dwattr $C$DW$389, DW_AT_decl_column(0x0c)
    4653              
    4654                      .dwattr $C$DW$T$76, DW_AT_decl_file("/home/jose/ti/c2000/C2000Ware_26_01_00_00/device_support/f2837xd
    4655                      .dwattr $C$DW$T$76, DW_AT_decl_line(0x6d)
    4656                      .dwattr $C$DW$T$76, DW_AT_decl_column(0x08)
    4657                      .dwendtag $C$DW$T$76
    4658              
    4659                      .dwendtag $C$DW$TU$76
    4660              
    4661              
    4662              $C$DW$TU$77     .dwtag  DW_TAG_type_unit
    4663                      .dwmtype  $C$DW$T$77
    4664              
    4665              $C$DW$T$77      .dwtag  DW_TAG_union_type
    4666                      .dwattr $C$DW$T$77, DW_AT_name("PIEIFR1_REG")
    4667                      .dwattr $C$DW$T$77, DW_AT_byte_size(0x01)
    4668              $C$DW$390       .dwtag  DW_TAG_member
    4669                      .dwattr $C$DW$390, DW_AT_type(*$C$DW$T$41)
    4670                      .dwattr $C$DW$390, DW_AT_name("all")
    4671                      .dwattr $C$DW$390, DW_AT_accessibility(DW_ACCESS_public)
    4672                      .dwattr $C$DW$390, DW_AT_decl_file("/home/jose/ti/c2000/C2000Ware_26_01_00_00/device_support/f2837xd/
    4673                      .dwattr $C$DW$390, DW_AT_decl_line(0x81)
    4674                      .dwattr $C$DW$390, DW_AT_decl_column(0x0d)
    4675              
    4676              $C$DW$391       .dwtag  DW_TAG_member
    4677                      .dwattr $C$DW$391, DW_AT_type(*$C$DW$T$76)
    4678                      .dwattr $C$DW$391, DW_AT_name("bit")
    4679                      .dwattr $C$DW$391, DW_AT_accessibility(DW_ACCESS_public)
    4680                      .dwattr $C$DW$391, DW_AT_decl_file("/home/jose/ti/c2000/C2000Ware_26_01_00_00/device_support/f2837xd/
    4681                      .dwattr $C$DW$391, DW_AT_decl_line(0x82)
    4682                      .dwattr $C$DW$391, DW_AT_decl_column(0x1b)
    4683              
    4684                      .dwattr $C$DW$T$77, DW_AT_decl_file("/home/jose/ti/c2000/C2000Ware_26_01_00_00/device_support/f2837xd
    4685                      .dwattr $C$DW$T$77, DW_AT_decl_line(0x80)
    4686                      .dwattr $C$DW$T$77, DW_AT_decl_column(0x07)
    4687                      .dwendtag $C$DW$T$77
    4688              
    4689                      .dwendtag $C$DW$TU$77
    4690              
    4691              
    4692              $C$DW$TU$78     .dwtag  DW_TAG_type_unit
    4693                      .dwmtype  $C$DW$T$78
    4694              
    4695              $C$DW$T$78      .dwtag  DW_TAG_structure_type
    4696                      .dwattr $C$DW$T$78, DW_AT_name("PIEIFR2_BITS")
    4697                      .dwattr $C$DW$T$78, DW_AT_byte_size(0x01)
    4698              $C$DW$392       .dwtag  DW_TAG_member
    4699                      .dwattr $C$DW$392, DW_AT_type(*$C$DW$T$41)
    4700                      .dwattr $C$DW$392, DW_AT_name("INTx1")
    4701                      .dwattr $C$DW$392, DW_AT_bit_offset(0x0f)
TMS320C2000 Assembler Unix v25.11.0 Sat May 30 20:22:51 2026

Copyright (c) 1996-2018 Texas Instruments Incorporated
main.asm                                                             PAGE   87

    4702                      .dwattr $C$DW$392, DW_AT_bit_size(0x01)
    4703                      .dwattr $C$DW$392, DW_AT_accessibility(DW_ACCESS_public)
    4704                      .dwattr $C$DW$392, DW_AT_decl_file("/home/jose/ti/c2000/C2000Ware_26_01_00_00/device_support/f2837xd/
    4705                      .dwattr $C$DW$392, DW_AT_decl_line(0x9e)
    4706                      .dwattr $C$DW$392, DW_AT_decl_column(0x0c)
    4707              
    4708              $C$DW$393       .dwtag  DW_TAG_member
    4709                      .dwattr $C$DW$393, DW_AT_type(*$C$DW$T$41)
    4710                      .dwattr $C$DW$393, DW_AT_name("INTx2")
    4711                      .dwattr $C$DW$393, DW_AT_bit_offset(0x0e)
    4712                      .dwattr $C$DW$393, DW_AT_bit_size(0x01)
    4713                      .dwattr $C$DW$393, DW_AT_accessibility(DW_ACCESS_public)
    4714                      .dwattr $C$DW$393, DW_AT_decl_file("/home/jose/ti/c2000/C2000Ware_26_01_00_00/device_support/f2837xd/
    4715                      .dwattr $C$DW$393, DW_AT_decl_line(0x9f)
    4716                      .dwattr $C$DW$393, DW_AT_decl_column(0x0c)
    4717              
    4718              $C$DW$394       .dwtag  DW_TAG_member
    4719                      .dwattr $C$DW$394, DW_AT_type(*$C$DW$T$41)
    4720                      .dwattr $C$DW$394, DW_AT_name("INTx3")
    4721                      .dwattr $C$DW$394, DW_AT_bit_offset(0x0d)
    4722                      .dwattr $C$DW$394, DW_AT_bit_size(0x01)
    4723                      .dwattr $C$DW$394, DW_AT_accessibility(DW_ACCESS_public)
    4724                      .dwattr $C$DW$394, DW_AT_decl_file("/home/jose/ti/c2000/C2000Ware_26_01_00_00/device_support/f2837xd/
    4725                      .dwattr $C$DW$394, DW_AT_decl_line(0xa0)
    4726                      .dwattr $C$DW$394, DW_AT_decl_column(0x0c)
    4727              
    4728              $C$DW$395       .dwtag  DW_TAG_member
    4729                      .dwattr $C$DW$395, DW_AT_type(*$C$DW$T$41)
    4730                      .dwattr $C$DW$395, DW_AT_name("INTx4")
    4731                      .dwattr $C$DW$395, DW_AT_bit_offset(0x0c)
    4732                      .dwattr $C$DW$395, DW_AT_bit_size(0x01)
    4733                      .dwattr $C$DW$395, DW_AT_accessibility(DW_ACCESS_public)
    4734                      .dwattr $C$DW$395, DW_AT_decl_file("/home/jose/ti/c2000/C2000Ware_26_01_00_00/device_support/f2837xd/
    4735                      .dwattr $C$DW$395, DW_AT_decl_line(0xa1)
    4736                      .dwattr $C$DW$395, DW_AT_decl_column(0x0c)
    4737              
    4738              $C$DW$396       .dwtag  DW_TAG_member
    4739                      .dwattr $C$DW$396, DW_AT_type(*$C$DW$T$41)
    4740                      .dwattr $C$DW$396, DW_AT_name("INTx5")
    4741                      .dwattr $C$DW$396, DW_AT_bit_offset(0x0b)
    4742                      .dwattr $C$DW$396, DW_AT_bit_size(0x01)
    4743                      .dwattr $C$DW$396, DW_AT_accessibility(DW_ACCESS_public)
    4744                      .dwattr $C$DW$396, DW_AT_decl_file("/home/jose/ti/c2000/C2000Ware_26_01_00_00/device_support/f2837xd/
    4745                      .dwattr $C$DW$396, DW_AT_decl_line(0xa2)
    4746                      .dwattr $C$DW$396, DW_AT_decl_column(0x0c)
    4747              
    4748              $C$DW$397       .dwtag  DW_TAG_member
    4749                      .dwattr $C$DW$397, DW_AT_type(*$C$DW$T$41)
    4750                      .dwattr $C$DW$397, DW_AT_name("INTx6")
    4751                      .dwattr $C$DW$397, DW_AT_bit_offset(0x0a)
    4752                      .dwattr $C$DW$397, DW_AT_bit_size(0x01)
    4753                      .dwattr $C$DW$397, DW_AT_accessibility(DW_ACCESS_public)
    4754                      .dwattr $C$DW$397, DW_AT_decl_file("/home/jose/ti/c2000/C2000Ware_26_01_00_00/device_support/f2837xd/
    4755                      .dwattr $C$DW$397, DW_AT_decl_line(0xa3)
    4756                      .dwattr $C$DW$397, DW_AT_decl_column(0x0c)
TMS320C2000 Assembler Unix v25.11.0 Sat May 30 20:22:51 2026

Copyright (c) 1996-2018 Texas Instruments Incorporated
main.asm                                                             PAGE   88

    4757              
    4758              $C$DW$398       .dwtag  DW_TAG_member
    4759                      .dwattr $C$DW$398, DW_AT_type(*$C$DW$T$41)
    4760                      .dwattr $C$DW$398, DW_AT_name("INTx7")
    4761                      .dwattr $C$DW$398, DW_AT_bit_offset(0x09)
    4762                      .dwattr $C$DW$398, DW_AT_bit_size(0x01)
    4763                      .dwattr $C$DW$398, DW_AT_accessibility(DW_ACCESS_public)
    4764                      .dwattr $C$DW$398, DW_AT_decl_file("/home/jose/ti/c2000/C2000Ware_26_01_00_00/device_support/f2837xd/
    4765                      .dwattr $C$DW$398, DW_AT_decl_line(0xa4)
    4766                      .dwattr $C$DW$398, DW_AT_decl_column(0x0c)
    4767              
    4768              $C$DW$399       .dwtag  DW_TAG_member
    4769                      .dwattr $C$DW$399, DW_AT_type(*$C$DW$T$41)
    4770                      .dwattr $C$DW$399, DW_AT_name("INTx8")
    4771                      .dwattr $C$DW$399, DW_AT_bit_offset(0x08)
    4772                      .dwattr $C$DW$399, DW_AT_bit_size(0x01)
    4773                      .dwattr $C$DW$399, DW_AT_accessibility(DW_ACCESS_public)
    4774                      .dwattr $C$DW$399, DW_AT_decl_file("/home/jose/ti/c2000/C2000Ware_26_01_00_00/device_support/f2837xd/
    4775                      .dwattr $C$DW$399, DW_AT_decl_line(0xa5)
    4776                      .dwattr $C$DW$399, DW_AT_decl_column(0x0c)
    4777              
    4778              $C$DW$400       .dwtag  DW_TAG_member
    4779                      .dwattr $C$DW$400, DW_AT_type(*$C$DW$T$41)
    4780                      .dwattr $C$DW$400, DW_AT_name("INTx9")
    4781                      .dwattr $C$DW$400, DW_AT_bit_offset(0x07)
    4782                      .dwattr $C$DW$400, DW_AT_bit_size(0x01)
    4783                      .dwattr $C$DW$400, DW_AT_accessibility(DW_ACCESS_public)
    4784                      .dwattr $C$DW$400, DW_AT_decl_file("/home/jose/ti/c2000/C2000Ware_26_01_00_00/device_support/f2837xd/
    4785                      .dwattr $C$DW$400, DW_AT_decl_line(0xa6)
    4786                      .dwattr $C$DW$400, DW_AT_decl_column(0x0c)
    4787              
    4788              $C$DW$401       .dwtag  DW_TAG_member
    4789                      .dwattr $C$DW$401, DW_AT_type(*$C$DW$T$41)
    4790                      .dwattr $C$DW$401, DW_AT_name("INTx10")
    4791                      .dwattr $C$DW$401, DW_AT_bit_offset(0x06)
    4792                      .dwattr $C$DW$401, DW_AT_bit_size(0x01)
    4793                      .dwattr $C$DW$401, DW_AT_accessibility(DW_ACCESS_public)
    4794                      .dwattr $C$DW$401, DW_AT_decl_file("/home/jose/ti/c2000/C2000Ware_26_01_00_00/device_support/f2837xd/
    4795                      .dwattr $C$DW$401, DW_AT_decl_line(0xa7)
    4796                      .dwattr $C$DW$401, DW_AT_decl_column(0x0c)
    4797              
    4798              $C$DW$402       .dwtag  DW_TAG_member
    4799                      .dwattr $C$DW$402, DW_AT_type(*$C$DW$T$41)
    4800                      .dwattr $C$DW$402, DW_AT_name("INTx11")
    4801                      .dwattr $C$DW$402, DW_AT_bit_offset(0x05)
    4802                      .dwattr $C$DW$402, DW_AT_bit_size(0x01)
    4803                      .dwattr $C$DW$402, DW_AT_accessibility(DW_ACCESS_public)
    4804                      .dwattr $C$DW$402, DW_AT_decl_file("/home/jose/ti/c2000/C2000Ware_26_01_00_00/device_support/f2837xd/
    4805                      .dwattr $C$DW$402, DW_AT_decl_line(0xa8)
    4806                      .dwattr $C$DW$402, DW_AT_decl_column(0x0c)
    4807              
    4808              $C$DW$403       .dwtag  DW_TAG_member
    4809                      .dwattr $C$DW$403, DW_AT_type(*$C$DW$T$41)
    4810                      .dwattr $C$DW$403, DW_AT_name("INTx12")
    4811                      .dwattr $C$DW$403, DW_AT_bit_offset(0x04)
TMS320C2000 Assembler Unix v25.11.0 Sat May 30 20:22:51 2026

Copyright (c) 1996-2018 Texas Instruments Incorporated
main.asm                                                             PAGE   89

    4812                      .dwattr $C$DW$403, DW_AT_bit_size(0x01)
    4813                      .dwattr $C$DW$403, DW_AT_accessibility(DW_ACCESS_public)
    4814                      .dwattr $C$DW$403, DW_AT_decl_file("/home/jose/ti/c2000/C2000Ware_26_01_00_00/device_support/f2837xd/
    4815                      .dwattr $C$DW$403, DW_AT_decl_line(0xa9)
    4816                      .dwattr $C$DW$403, DW_AT_decl_column(0x0c)
    4817              
    4818              $C$DW$404       .dwtag  DW_TAG_member
    4819                      .dwattr $C$DW$404, DW_AT_type(*$C$DW$T$41)
    4820                      .dwattr $C$DW$404, DW_AT_name("INTx13")
    4821                      .dwattr $C$DW$404, DW_AT_bit_offset(0x03)
    4822                      .dwattr $C$DW$404, DW_AT_bit_size(0x01)
    4823                      .dwattr $C$DW$404, DW_AT_accessibility(DW_ACCESS_public)
    4824                      .dwattr $C$DW$404, DW_AT_decl_file("/home/jose/ti/c2000/C2000Ware_26_01_00_00/device_support/f2837xd/
    4825                      .dwattr $C$DW$404, DW_AT_decl_line(0xaa)
    4826                      .dwattr $C$DW$404, DW_AT_decl_column(0x0c)
    4827              
    4828              $C$DW$405       .dwtag  DW_TAG_member
    4829                      .dwattr $C$DW$405, DW_AT_type(*$C$DW$T$41)
    4830                      .dwattr $C$DW$405, DW_AT_name("INTx14")
    4831                      .dwattr $C$DW$405, DW_AT_bit_offset(0x02)
    4832                      .dwattr $C$DW$405, DW_AT_bit_size(0x01)
    4833                      .dwattr $C$DW$405, DW_AT_accessibility(DW_ACCESS_public)
    4834                      .dwattr $C$DW$405, DW_AT_decl_file("/home/jose/ti/c2000/C2000Ware_26_01_00_00/device_support/f2837xd/
    4835                      .dwattr $C$DW$405, DW_AT_decl_line(0xab)
    4836                      .dwattr $C$DW$405, DW_AT_decl_column(0x0c)
    4837              
    4838              $C$DW$406       .dwtag  DW_TAG_member
    4839                      .dwattr $C$DW$406, DW_AT_type(*$C$DW$T$41)
    4840                      .dwattr $C$DW$406, DW_AT_name("INTx15")
    4841                      .dwattr $C$DW$406, DW_AT_bit_offset(0x01)
    4842                      .dwattr $C$DW$406, DW_AT_bit_size(0x01)
    4843                      .dwattr $C$DW$406, DW_AT_accessibility(DW_ACCESS_public)
    4844                      .dwattr $C$DW$406, DW_AT_decl_file("/home/jose/ti/c2000/C2000Ware_26_01_00_00/device_support/f2837xd/
    4845                      .dwattr $C$DW$406, DW_AT_decl_line(0xac)
    4846                      .dwattr $C$DW$406, DW_AT_decl_column(0x0c)
    4847              
    4848              $C$DW$407       .dwtag  DW_TAG_member
    4849                      .dwattr $C$DW$407, DW_AT_type(*$C$DW$T$41)
    4850                      .dwattr $C$DW$407, DW_AT_name("INTx16")
    4851                      .dwattr $C$DW$407, DW_AT_bit_offset(0x00)
    4852                      .dwattr $C$DW$407, DW_AT_bit_size(0x01)
    4853                      .dwattr $C$DW$407, DW_AT_accessibility(DW_ACCESS_public)
    4854                      .dwattr $C$DW$407, DW_AT_decl_file("/home/jose/ti/c2000/C2000Ware_26_01_00_00/device_support/f2837xd/
    4855                      .dwattr $C$DW$407, DW_AT_decl_line(0xad)
    4856                      .dwattr $C$DW$407, DW_AT_decl_column(0x0c)
    4857              
    4858                      .dwattr $C$DW$T$78, DW_AT_decl_file("/home/jose/ti/c2000/C2000Ware_26_01_00_00/device_support/f2837xd
    4859                      .dwattr $C$DW$T$78, DW_AT_decl_line(0x9d)
    4860                      .dwattr $C$DW$T$78, DW_AT_decl_column(0x08)
    4861                      .dwendtag $C$DW$T$78
    4862              
    4863                      .dwendtag $C$DW$TU$78
    4864              
    4865              
    4866              $C$DW$TU$79     .dwtag  DW_TAG_type_unit
TMS320C2000 Assembler Unix v25.11.0 Sat May 30 20:22:51 2026

Copyright (c) 1996-2018 Texas Instruments Incorporated
main.asm                                                             PAGE   90

    4867                      .dwmtype  $C$DW$T$79
    4868              
    4869              $C$DW$T$79      .dwtag  DW_TAG_union_type
    4870                      .dwattr $C$DW$T$79, DW_AT_name("PIEIFR2_REG")
    4871                      .dwattr $C$DW$T$79, DW_AT_byte_size(0x01)
    4872              $C$DW$408       .dwtag  DW_TAG_member
    4873                      .dwattr $C$DW$408, DW_AT_type(*$C$DW$T$41)
    4874                      .dwattr $C$DW$408, DW_AT_name("all")
    4875                      .dwattr $C$DW$408, DW_AT_accessibility(DW_ACCESS_public)
    4876                      .dwattr $C$DW$408, DW_AT_decl_file("/home/jose/ti/c2000/C2000Ware_26_01_00_00/device_support/f2837xd/
    4877                      .dwattr $C$DW$408, DW_AT_decl_line(0xb1)
    4878                      .dwattr $C$DW$408, DW_AT_decl_column(0x0d)
    4879              
    4880              $C$DW$409       .dwtag  DW_TAG_member
    4881                      .dwattr $C$DW$409, DW_AT_type(*$C$DW$T$78)
    4882                      .dwattr $C$DW$409, DW_AT_name("bit")
    4883                      .dwattr $C$DW$409, DW_AT_accessibility(DW_ACCESS_public)
    4884                      .dwattr $C$DW$409, DW_AT_decl_file("/home/jose/ti/c2000/C2000Ware_26_01_00_00/device_support/f2837xd/
    4885                      .dwattr $C$DW$409, DW_AT_decl_line(0xb2)
    4886                      .dwattr $C$DW$409, DW_AT_decl_column(0x1b)
    4887              
    4888                      .dwattr $C$DW$T$79, DW_AT_decl_file("/home/jose/ti/c2000/C2000Ware_26_01_00_00/device_support/f2837xd
    4889                      .dwattr $C$DW$T$79, DW_AT_decl_line(0xb0)
    4890                      .dwattr $C$DW$T$79, DW_AT_decl_column(0x07)
    4891                      .dwendtag $C$DW$T$79
    4892              
    4893                      .dwendtag $C$DW$TU$79
    4894              
    4895              
    4896              $C$DW$TU$80     .dwtag  DW_TAG_type_unit
    4897                      .dwmtype  $C$DW$T$80
    4898              
    4899              $C$DW$T$80      .dwtag  DW_TAG_structure_type
    4900                      .dwattr $C$DW$T$80, DW_AT_name("PIEIFR3_BITS")
    4901                      .dwattr $C$DW$T$80, DW_AT_byte_size(0x01)
    4902              $C$DW$410       .dwtag  DW_TAG_member
    4903                      .dwattr $C$DW$410, DW_AT_type(*$C$DW$T$41)
    4904                      .dwattr $C$DW$410, DW_AT_name("INTx1")
    4905                      .dwattr $C$DW$410, DW_AT_bit_offset(0x0f)
    4906                      .dwattr $C$DW$410, DW_AT_bit_size(0x01)
    4907                      .dwattr $C$DW$410, DW_AT_accessibility(DW_ACCESS_public)
    4908                      .dwattr $C$DW$410, DW_AT_decl_file("/home/jose/ti/c2000/C2000Ware_26_01_00_00/device_support/f2837xd/
    4909                      .dwattr $C$DW$410, DW_AT_decl_line(0xce)
    4910                      .dwattr $C$DW$410, DW_AT_decl_column(0x0c)
    4911              
    4912              $C$DW$411       .dwtag  DW_TAG_member
    4913                      .dwattr $C$DW$411, DW_AT_type(*$C$DW$T$41)
    4914                      .dwattr $C$DW$411, DW_AT_name("INTx2")
    4915                      .dwattr $C$DW$411, DW_AT_bit_offset(0x0e)
    4916                      .dwattr $C$DW$411, DW_AT_bit_size(0x01)
    4917                      .dwattr $C$DW$411, DW_AT_accessibility(DW_ACCESS_public)
    4918                      .dwattr $C$DW$411, DW_AT_decl_file("/home/jose/ti/c2000/C2000Ware_26_01_00_00/device_support/f2837xd/
    4919                      .dwattr $C$DW$411, DW_AT_decl_line(0xcf)
    4920                      .dwattr $C$DW$411, DW_AT_decl_column(0x0c)
    4921              
TMS320C2000 Assembler Unix v25.11.0 Sat May 30 20:22:51 2026

Copyright (c) 1996-2018 Texas Instruments Incorporated
main.asm                                                             PAGE   91

    4922              $C$DW$412       .dwtag  DW_TAG_member
    4923                      .dwattr $C$DW$412, DW_AT_type(*$C$DW$T$41)
    4924                      .dwattr $C$DW$412, DW_AT_name("INTx3")
    4925                      .dwattr $C$DW$412, DW_AT_bit_offset(0x0d)
    4926                      .dwattr $C$DW$412, DW_AT_bit_size(0x01)
    4927                      .dwattr $C$DW$412, DW_AT_accessibility(DW_ACCESS_public)
    4928                      .dwattr $C$DW$412, DW_AT_decl_file("/home/jose/ti/c2000/C2000Ware_26_01_00_00/device_support/f2837xd/
    4929                      .dwattr $C$DW$412, DW_AT_decl_line(0xd0)
    4930                      .dwattr $C$DW$412, DW_AT_decl_column(0x0c)
    4931              
    4932              $C$DW$413       .dwtag  DW_TAG_member
    4933                      .dwattr $C$DW$413, DW_AT_type(*$C$DW$T$41)
    4934                      .dwattr $C$DW$413, DW_AT_name("INTx4")
    4935                      .dwattr $C$DW$413, DW_AT_bit_offset(0x0c)
    4936                      .dwattr $C$DW$413, DW_AT_bit_size(0x01)
    4937                      .dwattr $C$DW$413, DW_AT_accessibility(DW_ACCESS_public)
    4938                      .dwattr $C$DW$413, DW_AT_decl_file("/home/jose/ti/c2000/C2000Ware_26_01_00_00/device_support/f2837xd/
    4939                      .dwattr $C$DW$413, DW_AT_decl_line(0xd1)
    4940                      .dwattr $C$DW$413, DW_AT_decl_column(0x0c)
    4941              
    4942              $C$DW$414       .dwtag  DW_TAG_member
    4943                      .dwattr $C$DW$414, DW_AT_type(*$C$DW$T$41)
    4944                      .dwattr $C$DW$414, DW_AT_name("INTx5")
    4945                      .dwattr $C$DW$414, DW_AT_bit_offset(0x0b)
    4946                      .dwattr $C$DW$414, DW_AT_bit_size(0x01)
    4947                      .dwattr $C$DW$414, DW_AT_accessibility(DW_ACCESS_public)
    4948                      .dwattr $C$DW$414, DW_AT_decl_file("/home/jose/ti/c2000/C2000Ware_26_01_00_00/device_support/f2837xd/
    4949                      .dwattr $C$DW$414, DW_AT_decl_line(0xd2)
    4950                      .dwattr $C$DW$414, DW_AT_decl_column(0x0c)
    4951              
    4952              $C$DW$415       .dwtag  DW_TAG_member
    4953                      .dwattr $C$DW$415, DW_AT_type(*$C$DW$T$41)
    4954                      .dwattr $C$DW$415, DW_AT_name("INTx6")
    4955                      .dwattr $C$DW$415, DW_AT_bit_offset(0x0a)
    4956                      .dwattr $C$DW$415, DW_AT_bit_size(0x01)
    4957                      .dwattr $C$DW$415, DW_AT_accessibility(DW_ACCESS_public)
    4958                      .dwattr $C$DW$415, DW_AT_decl_file("/home/jose/ti/c2000/C2000Ware_26_01_00_00/device_support/f2837xd/
    4959                      .dwattr $C$DW$415, DW_AT_decl_line(0xd3)
    4960                      .dwattr $C$DW$415, DW_AT_decl_column(0x0c)
    4961              
    4962              $C$DW$416       .dwtag  DW_TAG_member
    4963                      .dwattr $C$DW$416, DW_AT_type(*$C$DW$T$41)
    4964                      .dwattr $C$DW$416, DW_AT_name("INTx7")
    4965                      .dwattr $C$DW$416, DW_AT_bit_offset(0x09)
    4966                      .dwattr $C$DW$416, DW_AT_bit_size(0x01)
    4967                      .dwattr $C$DW$416, DW_AT_accessibility(DW_ACCESS_public)
    4968                      .dwattr $C$DW$416, DW_AT_decl_file("/home/jose/ti/c2000/C2000Ware_26_01_00_00/device_support/f2837xd/
    4969                      .dwattr $C$DW$416, DW_AT_decl_line(0xd4)
    4970                      .dwattr $C$DW$416, DW_AT_decl_column(0x0c)
    4971              
    4972              $C$DW$417       .dwtag  DW_TAG_member
    4973                      .dwattr $C$DW$417, DW_AT_type(*$C$DW$T$41)
    4974                      .dwattr $C$DW$417, DW_AT_name("INTx8")
    4975                      .dwattr $C$DW$417, DW_AT_bit_offset(0x08)
    4976                      .dwattr $C$DW$417, DW_AT_bit_size(0x01)
TMS320C2000 Assembler Unix v25.11.0 Sat May 30 20:22:51 2026

Copyright (c) 1996-2018 Texas Instruments Incorporated
main.asm                                                             PAGE   92

    4977                      .dwattr $C$DW$417, DW_AT_accessibility(DW_ACCESS_public)
    4978                      .dwattr $C$DW$417, DW_AT_decl_file("/home/jose/ti/c2000/C2000Ware_26_01_00_00/device_support/f2837xd/
    4979                      .dwattr $C$DW$417, DW_AT_decl_line(0xd5)
    4980                      .dwattr $C$DW$417, DW_AT_decl_column(0x0c)
    4981              
    4982              $C$DW$418       .dwtag  DW_TAG_member
    4983                      .dwattr $C$DW$418, DW_AT_type(*$C$DW$T$41)
    4984                      .dwattr $C$DW$418, DW_AT_name("INTx9")
    4985                      .dwattr $C$DW$418, DW_AT_bit_offset(0x07)
    4986                      .dwattr $C$DW$418, DW_AT_bit_size(0x01)
    4987                      .dwattr $C$DW$418, DW_AT_accessibility(DW_ACCESS_public)
    4988                      .dwattr $C$DW$418, DW_AT_decl_file("/home/jose/ti/c2000/C2000Ware_26_01_00_00/device_support/f2837xd/
    4989                      .dwattr $C$DW$418, DW_AT_decl_line(0xd6)
    4990                      .dwattr $C$DW$418, DW_AT_decl_column(0x0c)
    4991              
    4992              $C$DW$419       .dwtag  DW_TAG_member
    4993                      .dwattr $C$DW$419, DW_AT_type(*$C$DW$T$41)
    4994                      .dwattr $C$DW$419, DW_AT_name("INTx10")
    4995                      .dwattr $C$DW$419, DW_AT_bit_offset(0x06)
    4996                      .dwattr $C$DW$419, DW_AT_bit_size(0x01)
    4997                      .dwattr $C$DW$419, DW_AT_accessibility(DW_ACCESS_public)
    4998                      .dwattr $C$DW$419, DW_AT_decl_file("/home/jose/ti/c2000/C2000Ware_26_01_00_00/device_support/f2837xd/
    4999                      .dwattr $C$DW$419, DW_AT_decl_line(0xd7)
    5000                      .dwattr $C$DW$419, DW_AT_decl_column(0x0c)
    5001              
    5002              $C$DW$420       .dwtag  DW_TAG_member
    5003                      .dwattr $C$DW$420, DW_AT_type(*$C$DW$T$41)
    5004                      .dwattr $C$DW$420, DW_AT_name("INTx11")
    5005                      .dwattr $C$DW$420, DW_AT_bit_offset(0x05)
    5006                      .dwattr $C$DW$420, DW_AT_bit_size(0x01)
    5007                      .dwattr $C$DW$420, DW_AT_accessibility(DW_ACCESS_public)
    5008                      .dwattr $C$DW$420, DW_AT_decl_file("/home/jose/ti/c2000/C2000Ware_26_01_00_00/device_support/f2837xd/
    5009                      .dwattr $C$DW$420, DW_AT_decl_line(0xd8)
    5010                      .dwattr $C$DW$420, DW_AT_decl_column(0x0c)
    5011              
    5012              $C$DW$421       .dwtag  DW_TAG_member
    5013                      .dwattr $C$DW$421, DW_AT_type(*$C$DW$T$41)
    5014                      .dwattr $C$DW$421, DW_AT_name("INTx12")
    5015                      .dwattr $C$DW$421, DW_AT_bit_offset(0x04)
    5016                      .dwattr $C$DW$421, DW_AT_bit_size(0x01)
    5017                      .dwattr $C$DW$421, DW_AT_accessibility(DW_ACCESS_public)
    5018                      .dwattr $C$DW$421, DW_AT_decl_file("/home/jose/ti/c2000/C2000Ware_26_01_00_00/device_support/f2837xd/
    5019                      .dwattr $C$DW$421, DW_AT_decl_line(0xd9)
    5020                      .dwattr $C$DW$421, DW_AT_decl_column(0x0c)
    5021              
    5022              $C$DW$422       .dwtag  DW_TAG_member
    5023                      .dwattr $C$DW$422, DW_AT_type(*$C$DW$T$41)
    5024                      .dwattr $C$DW$422, DW_AT_name("INTx13")
    5025                      .dwattr $C$DW$422, DW_AT_bit_offset(0x03)
    5026                      .dwattr $C$DW$422, DW_AT_bit_size(0x01)
    5027                      .dwattr $C$DW$422, DW_AT_accessibility(DW_ACCESS_public)
    5028                      .dwattr $C$DW$422, DW_AT_decl_file("/home/jose/ti/c2000/C2000Ware_26_01_00_00/device_support/f2837xd/
    5029                      .dwattr $C$DW$422, DW_AT_decl_line(0xda)
    5030                      .dwattr $C$DW$422, DW_AT_decl_column(0x0c)
    5031              
TMS320C2000 Assembler Unix v25.11.0 Sat May 30 20:22:51 2026

Copyright (c) 1996-2018 Texas Instruments Incorporated
main.asm                                                             PAGE   93

    5032              $C$DW$423       .dwtag  DW_TAG_member
    5033                      .dwattr $C$DW$423, DW_AT_type(*$C$DW$T$41)
    5034                      .dwattr $C$DW$423, DW_AT_name("INTx14")
    5035                      .dwattr $C$DW$423, DW_AT_bit_offset(0x02)
    5036                      .dwattr $C$DW$423, DW_AT_bit_size(0x01)
    5037                      .dwattr $C$DW$423, DW_AT_accessibility(DW_ACCESS_public)
    5038                      .dwattr $C$DW$423, DW_AT_decl_file("/home/jose/ti/c2000/C2000Ware_26_01_00_00/device_support/f2837xd/
    5039                      .dwattr $C$DW$423, DW_AT_decl_line(0xdb)
    5040                      .dwattr $C$DW$423, DW_AT_decl_column(0x0c)
    5041              
    5042              $C$DW$424       .dwtag  DW_TAG_member
    5043                      .dwattr $C$DW$424, DW_AT_type(*$C$DW$T$41)
    5044                      .dwattr $C$DW$424, DW_AT_name("INTx15")
    5045                      .dwattr $C$DW$424, DW_AT_bit_offset(0x01)
    5046                      .dwattr $C$DW$424, DW_AT_bit_size(0x01)
    5047                      .dwattr $C$DW$424, DW_AT_accessibility(DW_ACCESS_public)
    5048                      .dwattr $C$DW$424, DW_AT_decl_file("/home/jose/ti/c2000/C2000Ware_26_01_00_00/device_support/f2837xd/
    5049                      .dwattr $C$DW$424, DW_AT_decl_line(0xdc)
    5050                      .dwattr $C$DW$424, DW_AT_decl_column(0x0c)
    5051              
    5052              $C$DW$425       .dwtag  DW_TAG_member
    5053                      .dwattr $C$DW$425, DW_AT_type(*$C$DW$T$41)
    5054                      .dwattr $C$DW$425, DW_AT_name("INTx16")
    5055                      .dwattr $C$DW$425, DW_AT_bit_offset(0x00)
    5056                      .dwattr $C$DW$425, DW_AT_bit_size(0x01)
    5057                      .dwattr $C$DW$425, DW_AT_accessibility(DW_ACCESS_public)
    5058                      .dwattr $C$DW$425, DW_AT_decl_file("/home/jose/ti/c2000/C2000Ware_26_01_00_00/device_support/f2837xd/
    5059                      .dwattr $C$DW$425, DW_AT_decl_line(0xdd)
    5060                      .dwattr $C$DW$425, DW_AT_decl_column(0x0c)
    5061              
    5062                      .dwattr $C$DW$T$80, DW_AT_decl_file("/home/jose/ti/c2000/C2000Ware_26_01_00_00/device_support/f2837xd
    5063                      .dwattr $C$DW$T$80, DW_AT_decl_line(0xcd)
    5064                      .dwattr $C$DW$T$80, DW_AT_decl_column(0x08)
    5065                      .dwendtag $C$DW$T$80
    5066              
    5067                      .dwendtag $C$DW$TU$80
    5068              
    5069              
    5070              $C$DW$TU$81     .dwtag  DW_TAG_type_unit
    5071                      .dwmtype  $C$DW$T$81
    5072              
    5073              $C$DW$T$81      .dwtag  DW_TAG_union_type
    5074                      .dwattr $C$DW$T$81, DW_AT_name("PIEIFR3_REG")
    5075                      .dwattr $C$DW$T$81, DW_AT_byte_size(0x01)
    5076              $C$DW$426       .dwtag  DW_TAG_member
    5077                      .dwattr $C$DW$426, DW_AT_type(*$C$DW$T$41)
    5078                      .dwattr $C$DW$426, DW_AT_name("all")
    5079                      .dwattr $C$DW$426, DW_AT_accessibility(DW_ACCESS_public)
    5080                      .dwattr $C$DW$426, DW_AT_decl_file("/home/jose/ti/c2000/C2000Ware_26_01_00_00/device_support/f2837xd/
    5081                      .dwattr $C$DW$426, DW_AT_decl_line(0xe1)
    5082                      .dwattr $C$DW$426, DW_AT_decl_column(0x0d)
    5083              
    5084              $C$DW$427       .dwtag  DW_TAG_member
    5085                      .dwattr $C$DW$427, DW_AT_type(*$C$DW$T$80)
    5086                      .dwattr $C$DW$427, DW_AT_name("bit")
TMS320C2000 Assembler Unix v25.11.0 Sat May 30 20:22:51 2026

Copyright (c) 1996-2018 Texas Instruments Incorporated
main.asm                                                             PAGE   94

    5087                      .dwattr $C$DW$427, DW_AT_accessibility(DW_ACCESS_public)
    5088                      .dwattr $C$DW$427, DW_AT_decl_file("/home/jose/ti/c2000/C2000Ware_26_01_00_00/device_support/f2837xd/
    5089                      .dwattr $C$DW$427, DW_AT_decl_line(0xe2)
    5090                      .dwattr $C$DW$427, DW_AT_decl_column(0x1b)
    5091              
    5092                      .dwattr $C$DW$T$81, DW_AT_decl_file("/home/jose/ti/c2000/C2000Ware_26_01_00_00/device_support/f2837xd
    5093                      .dwattr $C$DW$T$81, DW_AT_decl_line(0xe0)
    5094                      .dwattr $C$DW$T$81, DW_AT_decl_column(0x07)
    5095                      .dwendtag $C$DW$T$81
    5096              
    5097                      .dwendtag $C$DW$TU$81
    5098              
    5099              
    5100              $C$DW$TU$82     .dwtag  DW_TAG_type_unit
    5101                      .dwmtype  $C$DW$T$82
    5102              
    5103              $C$DW$T$82      .dwtag  DW_TAG_structure_type
    5104                      .dwattr $C$DW$T$82, DW_AT_name("PIEIFR4_BITS")
    5105                      .dwattr $C$DW$T$82, DW_AT_byte_size(0x01)
    5106              $C$DW$428       .dwtag  DW_TAG_member
    5107                      .dwattr $C$DW$428, DW_AT_type(*$C$DW$T$41)
    5108                      .dwattr $C$DW$428, DW_AT_name("INTx1")
    5109                      .dwattr $C$DW$428, DW_AT_bit_offset(0x0f)
    5110                      .dwattr $C$DW$428, DW_AT_bit_size(0x01)
    5111                      .dwattr $C$DW$428, DW_AT_accessibility(DW_ACCESS_public)
    5112                      .dwattr $C$DW$428, DW_AT_decl_file("/home/jose/ti/c2000/C2000Ware_26_01_00_00/device_support/f2837xd/
    5113                      .dwattr $C$DW$428, DW_AT_decl_line(0xfe)
    5114                      .dwattr $C$DW$428, DW_AT_decl_column(0x0c)
    5115              
    5116              $C$DW$429       .dwtag  DW_TAG_member
    5117                      .dwattr $C$DW$429, DW_AT_type(*$C$DW$T$41)
    5118                      .dwattr $C$DW$429, DW_AT_name("INTx2")
    5119                      .dwattr $C$DW$429, DW_AT_bit_offset(0x0e)
    5120                      .dwattr $C$DW$429, DW_AT_bit_size(0x01)
    5121                      .dwattr $C$DW$429, DW_AT_accessibility(DW_ACCESS_public)
    5122                      .dwattr $C$DW$429, DW_AT_decl_file("/home/jose/ti/c2000/C2000Ware_26_01_00_00/device_support/f2837xd/
    5123                      .dwattr $C$DW$429, DW_AT_decl_line(0xff)
    5124                      .dwattr $C$DW$429, DW_AT_decl_column(0x0c)
    5125              
    5126              $C$DW$430       .dwtag  DW_TAG_member
    5127                      .dwattr $C$DW$430, DW_AT_type(*$C$DW$T$41)
    5128                      .dwattr $C$DW$430, DW_AT_name("INTx3")
    5129                      .dwattr $C$DW$430, DW_AT_bit_offset(0x0d)
    5130                      .dwattr $C$DW$430, DW_AT_bit_size(0x01)
    5131                      .dwattr $C$DW$430, DW_AT_accessibility(DW_ACCESS_public)
    5132                      .dwattr $C$DW$430, DW_AT_decl_file("/home/jose/ti/c2000/C2000Ware_26_01_00_00/device_support/f2837xd/
    5133                      .dwattr $C$DW$430, DW_AT_decl_line(0x100)
    5134                      .dwattr $C$DW$430, DW_AT_decl_column(0x0c)
    5135              
    5136              $C$DW$431       .dwtag  DW_TAG_member
    5137                      .dwattr $C$DW$431, DW_AT_type(*$C$DW$T$41)
    5138                      .dwattr $C$DW$431, DW_AT_name("INTx4")
    5139                      .dwattr $C$DW$431, DW_AT_bit_offset(0x0c)
    5140                      .dwattr $C$DW$431, DW_AT_bit_size(0x01)
    5141                      .dwattr $C$DW$431, DW_AT_accessibility(DW_ACCESS_public)
TMS320C2000 Assembler Unix v25.11.0 Sat May 30 20:22:51 2026

Copyright (c) 1996-2018 Texas Instruments Incorporated
main.asm                                                             PAGE   95

    5142                      .dwattr $C$DW$431, DW_AT_decl_file("/home/jose/ti/c2000/C2000Ware_26_01_00_00/device_support/f2837xd/
    5143                      .dwattr $C$DW$431, DW_AT_decl_line(0x101)
    5144                      .dwattr $C$DW$431, DW_AT_decl_column(0x0c)
    5145              
    5146              $C$DW$432       .dwtag  DW_TAG_member
    5147                      .dwattr $C$DW$432, DW_AT_type(*$C$DW$T$41)
    5148                      .dwattr $C$DW$432, DW_AT_name("INTx5")
    5149                      .dwattr $C$DW$432, DW_AT_bit_offset(0x0b)
    5150                      .dwattr $C$DW$432, DW_AT_bit_size(0x01)
    5151                      .dwattr $C$DW$432, DW_AT_accessibility(DW_ACCESS_public)
    5152                      .dwattr $C$DW$432, DW_AT_decl_file("/home/jose/ti/c2000/C2000Ware_26_01_00_00/device_support/f2837xd/
    5153                      .dwattr $C$DW$432, DW_AT_decl_line(0x102)
    5154                      .dwattr $C$DW$432, DW_AT_decl_column(0x0c)
    5155              
    5156              $C$DW$433       .dwtag  DW_TAG_member
    5157                      .dwattr $C$DW$433, DW_AT_type(*$C$DW$T$41)
    5158                      .dwattr $C$DW$433, DW_AT_name("INTx6")
    5159                      .dwattr $C$DW$433, DW_AT_bit_offset(0x0a)
    5160                      .dwattr $C$DW$433, DW_AT_bit_size(0x01)
    5161                      .dwattr $C$DW$433, DW_AT_accessibility(DW_ACCESS_public)
    5162                      .dwattr $C$DW$433, DW_AT_decl_file("/home/jose/ti/c2000/C2000Ware_26_01_00_00/device_support/f2837xd/
    5163                      .dwattr $C$DW$433, DW_AT_decl_line(0x103)
    5164                      .dwattr $C$DW$433, DW_AT_decl_column(0x0c)
    5165              
    5166              $C$DW$434       .dwtag  DW_TAG_member
    5167                      .dwattr $C$DW$434, DW_AT_type(*$C$DW$T$41)
    5168                      .dwattr $C$DW$434, DW_AT_name("INTx7")
    5169                      .dwattr $C$DW$434, DW_AT_bit_offset(0x09)
    5170                      .dwattr $C$DW$434, DW_AT_bit_size(0x01)
    5171                      .dwattr $C$DW$434, DW_AT_accessibility(DW_ACCESS_public)
    5172                      .dwattr $C$DW$434, DW_AT_decl_file("/home/jose/ti/c2000/C2000Ware_26_01_00_00/device_support/f2837xd/
    5173                      .dwattr $C$DW$434, DW_AT_decl_line(0x104)
    5174                      .dwattr $C$DW$434, DW_AT_decl_column(0x0c)
    5175              
    5176              $C$DW$435       .dwtag  DW_TAG_member
    5177                      .dwattr $C$DW$435, DW_AT_type(*$C$DW$T$41)
    5178                      .dwattr $C$DW$435, DW_AT_name("INTx8")
    5179                      .dwattr $C$DW$435, DW_AT_bit_offset(0x08)
    5180                      .dwattr $C$DW$435, DW_AT_bit_size(0x01)
    5181                      .dwattr $C$DW$435, DW_AT_accessibility(DW_ACCESS_public)
    5182                      .dwattr $C$DW$435, DW_AT_decl_file("/home/jose/ti/c2000/C2000Ware_26_01_00_00/device_support/f2837xd/
    5183                      .dwattr $C$DW$435, DW_AT_decl_line(0x105)
    5184                      .dwattr $C$DW$435, DW_AT_decl_column(0x0c)
    5185              
    5186              $C$DW$436       .dwtag  DW_TAG_member
    5187                      .dwattr $C$DW$436, DW_AT_type(*$C$DW$T$41)
    5188                      .dwattr $C$DW$436, DW_AT_name("INTx9")
    5189                      .dwattr $C$DW$436, DW_AT_bit_offset(0x07)
    5190                      .dwattr $C$DW$436, DW_AT_bit_size(0x01)
    5191                      .dwattr $C$DW$436, DW_AT_accessibility(DW_ACCESS_public)
    5192                      .dwattr $C$DW$436, DW_AT_decl_file("/home/jose/ti/c2000/C2000Ware_26_01_00_00/device_support/f2837xd/
    5193                      .dwattr $C$DW$436, DW_AT_decl_line(0x106)
    5194                      .dwattr $C$DW$436, DW_AT_decl_column(0x0c)
    5195              
    5196              $C$DW$437       .dwtag  DW_TAG_member
TMS320C2000 Assembler Unix v25.11.0 Sat May 30 20:22:51 2026

Copyright (c) 1996-2018 Texas Instruments Incorporated
main.asm                                                             PAGE   96

    5197                      .dwattr $C$DW$437, DW_AT_type(*$C$DW$T$41)
    5198                      .dwattr $C$DW$437, DW_AT_name("INTx10")
    5199                      .dwattr $C$DW$437, DW_AT_bit_offset(0x06)
    5200                      .dwattr $C$DW$437, DW_AT_bit_size(0x01)
    5201                      .dwattr $C$DW$437, DW_AT_accessibility(DW_ACCESS_public)
    5202                      .dwattr $C$DW$437, DW_AT_decl_file("/home/jose/ti/c2000/C2000Ware_26_01_00_00/device_support/f2837xd/
    5203                      .dwattr $C$DW$437, DW_AT_decl_line(0x107)
    5204                      .dwattr $C$DW$437, DW_AT_decl_column(0x0c)
    5205              
    5206              $C$DW$438       .dwtag  DW_TAG_member
    5207                      .dwattr $C$DW$438, DW_AT_type(*$C$DW$T$41)
    5208                      .dwattr $C$DW$438, DW_AT_name("INTx11")
    5209                      .dwattr $C$DW$438, DW_AT_bit_offset(0x05)
    5210                      .dwattr $C$DW$438, DW_AT_bit_size(0x01)
    5211                      .dwattr $C$DW$438, DW_AT_accessibility(DW_ACCESS_public)
    5212                      .dwattr $C$DW$438, DW_AT_decl_file("/home/jose/ti/c2000/C2000Ware_26_01_00_00/device_support/f2837xd/
    5213                      .dwattr $C$DW$438, DW_AT_decl_line(0x108)
    5214                      .dwattr $C$DW$438, DW_AT_decl_column(0x0c)
    5215              
    5216              $C$DW$439       .dwtag  DW_TAG_member
    5217                      .dwattr $C$DW$439, DW_AT_type(*$C$DW$T$41)
    5218                      .dwattr $C$DW$439, DW_AT_name("INTx12")
    5219                      .dwattr $C$DW$439, DW_AT_bit_offset(0x04)
    5220                      .dwattr $C$DW$439, DW_AT_bit_size(0x01)
    5221                      .dwattr $C$DW$439, DW_AT_accessibility(DW_ACCESS_public)
    5222                      .dwattr $C$DW$439, DW_AT_decl_file("/home/jose/ti/c2000/C2000Ware_26_01_00_00/device_support/f2837xd/
    5223                      .dwattr $C$DW$439, DW_AT_decl_line(0x109)
    5224                      .dwattr $C$DW$439, DW_AT_decl_column(0x0c)
    5225              
    5226              $C$DW$440       .dwtag  DW_TAG_member
    5227                      .dwattr $C$DW$440, DW_AT_type(*$C$DW$T$41)
    5228                      .dwattr $C$DW$440, DW_AT_name("INTx13")
    5229                      .dwattr $C$DW$440, DW_AT_bit_offset(0x03)
    5230                      .dwattr $C$DW$440, DW_AT_bit_size(0x01)
    5231                      .dwattr $C$DW$440, DW_AT_accessibility(DW_ACCESS_public)
    5232                      .dwattr $C$DW$440, DW_AT_decl_file("/home/jose/ti/c2000/C2000Ware_26_01_00_00/device_support/f2837xd/
    5233                      .dwattr $C$DW$440, DW_AT_decl_line(0x10a)
    5234                      .dwattr $C$DW$440, DW_AT_decl_column(0x0c)
    5235              
    5236              $C$DW$441       .dwtag  DW_TAG_member
    5237                      .dwattr $C$DW$441, DW_AT_type(*$C$DW$T$41)
    5238                      .dwattr $C$DW$441, DW_AT_name("INTx14")
    5239                      .dwattr $C$DW$441, DW_AT_bit_offset(0x02)
    5240                      .dwattr $C$DW$441, DW_AT_bit_size(0x01)
    5241                      .dwattr $C$DW$441, DW_AT_accessibility(DW_ACCESS_public)
    5242                      .dwattr $C$DW$441, DW_AT_decl_file("/home/jose/ti/c2000/C2000Ware_26_01_00_00/device_support/f2837xd/
    5243                      .dwattr $C$DW$441, DW_AT_decl_line(0x10b)
    5244                      .dwattr $C$DW$441, DW_AT_decl_column(0x0c)
    5245              
    5246              $C$DW$442       .dwtag  DW_TAG_member
    5247                      .dwattr $C$DW$442, DW_AT_type(*$C$DW$T$41)
    5248                      .dwattr $C$DW$442, DW_AT_name("INTx15")
    5249                      .dwattr $C$DW$442, DW_AT_bit_offset(0x01)
    5250                      .dwattr $C$DW$442, DW_AT_bit_size(0x01)
    5251                      .dwattr $C$DW$442, DW_AT_accessibility(DW_ACCESS_public)
TMS320C2000 Assembler Unix v25.11.0 Sat May 30 20:22:51 2026

Copyright (c) 1996-2018 Texas Instruments Incorporated
main.asm                                                             PAGE   97

    5252                      .dwattr $C$DW$442, DW_AT_decl_file("/home/jose/ti/c2000/C2000Ware_26_01_00_00/device_support/f2837xd/
    5253                      .dwattr $C$DW$442, DW_AT_decl_line(0x10c)
    5254                      .dwattr $C$DW$442, DW_AT_decl_column(0x0c)
    5255              
    5256              $C$DW$443       .dwtag  DW_TAG_member
    5257                      .dwattr $C$DW$443, DW_AT_type(*$C$DW$T$41)
    5258                      .dwattr $C$DW$443, DW_AT_name("INTx16")
    5259                      .dwattr $C$DW$443, DW_AT_bit_offset(0x00)
    5260                      .dwattr $C$DW$443, DW_AT_bit_size(0x01)
    5261                      .dwattr $C$DW$443, DW_AT_accessibility(DW_ACCESS_public)
    5262                      .dwattr $C$DW$443, DW_AT_decl_file("/home/jose/ti/c2000/C2000Ware_26_01_00_00/device_support/f2837xd/
    5263                      .dwattr $C$DW$443, DW_AT_decl_line(0x10d)
    5264                      .dwattr $C$DW$443, DW_AT_decl_column(0x0c)
    5265              
    5266                      .dwattr $C$DW$T$82, DW_AT_decl_file("/home/jose/ti/c2000/C2000Ware_26_01_00_00/device_support/f2837xd
    5267                      .dwattr $C$DW$T$82, DW_AT_decl_line(0xfd)
    5268                      .dwattr $C$DW$T$82, DW_AT_decl_column(0x08)
    5269                      .dwendtag $C$DW$T$82
    5270              
    5271                      .dwendtag $C$DW$TU$82
    5272              
    5273              
    5274              $C$DW$TU$83     .dwtag  DW_TAG_type_unit
    5275                      .dwmtype  $C$DW$T$83
    5276              
    5277              $C$DW$T$83      .dwtag  DW_TAG_union_type
    5278                      .dwattr $C$DW$T$83, DW_AT_name("PIEIFR4_REG")
    5279                      .dwattr $C$DW$T$83, DW_AT_byte_size(0x01)
    5280              $C$DW$444       .dwtag  DW_TAG_member
    5281                      .dwattr $C$DW$444, DW_AT_type(*$C$DW$T$41)
    5282                      .dwattr $C$DW$444, DW_AT_name("all")
    5283                      .dwattr $C$DW$444, DW_AT_accessibility(DW_ACCESS_public)
    5284                      .dwattr $C$DW$444, DW_AT_decl_file("/home/jose/ti/c2000/C2000Ware_26_01_00_00/device_support/f2837xd/
    5285                      .dwattr $C$DW$444, DW_AT_decl_line(0x111)
    5286                      .dwattr $C$DW$444, DW_AT_decl_column(0x0d)
    5287              
    5288              $C$DW$445       .dwtag  DW_TAG_member
    5289                      .dwattr $C$DW$445, DW_AT_type(*$C$DW$T$82)
    5290                      .dwattr $C$DW$445, DW_AT_name("bit")
    5291                      .dwattr $C$DW$445, DW_AT_accessibility(DW_ACCESS_public)
    5292                      .dwattr $C$DW$445, DW_AT_decl_file("/home/jose/ti/c2000/C2000Ware_26_01_00_00/device_support/f2837xd/
    5293                      .dwattr $C$DW$445, DW_AT_decl_line(0x112)
    5294                      .dwattr $C$DW$445, DW_AT_decl_column(0x1b)
    5295              
    5296                      .dwattr $C$DW$T$83, DW_AT_decl_file("/home/jose/ti/c2000/C2000Ware_26_01_00_00/device_support/f2837xd
    5297                      .dwattr $C$DW$T$83, DW_AT_decl_line(0x110)
    5298                      .dwattr $C$DW$T$83, DW_AT_decl_column(0x07)
    5299                      .dwendtag $C$DW$T$83
    5300              
    5301                      .dwendtag $C$DW$TU$83
    5302              
    5303              
    5304              $C$DW$TU$84     .dwtag  DW_TAG_type_unit
    5305                      .dwmtype  $C$DW$T$84
    5306              
TMS320C2000 Assembler Unix v25.11.0 Sat May 30 20:22:51 2026

Copyright (c) 1996-2018 Texas Instruments Incorporated
main.asm                                                             PAGE   98

    5307              $C$DW$T$84      .dwtag  DW_TAG_structure_type
    5308                      .dwattr $C$DW$T$84, DW_AT_name("PIEIFR5_BITS")
    5309                      .dwattr $C$DW$T$84, DW_AT_byte_size(0x01)
    5310              $C$DW$446       .dwtag  DW_TAG_member
    5311                      .dwattr $C$DW$446, DW_AT_type(*$C$DW$T$41)
    5312                      .dwattr $C$DW$446, DW_AT_name("INTx1")
    5313                      .dwattr $C$DW$446, DW_AT_bit_offset(0x0f)
    5314                      .dwattr $C$DW$446, DW_AT_bit_size(0x01)
    5315                      .dwattr $C$DW$446, DW_AT_accessibility(DW_ACCESS_public)
    5316                      .dwattr $C$DW$446, DW_AT_decl_file("/home/jose/ti/c2000/C2000Ware_26_01_00_00/device_support/f2837xd/
    5317                      .dwattr $C$DW$446, DW_AT_decl_line(0x12e)
    5318                      .dwattr $C$DW$446, DW_AT_decl_column(0x0c)
    5319              
    5320              $C$DW$447       .dwtag  DW_TAG_member
    5321                      .dwattr $C$DW$447, DW_AT_type(*$C$DW$T$41)
    5322                      .dwattr $C$DW$447, DW_AT_name("INTx2")
    5323                      .dwattr $C$DW$447, DW_AT_bit_offset(0x0e)
    5324                      .dwattr $C$DW$447, DW_AT_bit_size(0x01)
    5325                      .dwattr $C$DW$447, DW_AT_accessibility(DW_ACCESS_public)
    5326                      .dwattr $C$DW$447, DW_AT_decl_file("/home/jose/ti/c2000/C2000Ware_26_01_00_00/device_support/f2837xd/
    5327                      .dwattr $C$DW$447, DW_AT_decl_line(0x12f)
    5328                      .dwattr $C$DW$447, DW_AT_decl_column(0x0c)
    5329              
    5330              $C$DW$448       .dwtag  DW_TAG_member
    5331                      .dwattr $C$DW$448, DW_AT_type(*$C$DW$T$41)
    5332                      .dwattr $C$DW$448, DW_AT_name("INTx3")
    5333                      .dwattr $C$DW$448, DW_AT_bit_offset(0x0d)
    5334                      .dwattr $C$DW$448, DW_AT_bit_size(0x01)
    5335                      .dwattr $C$DW$448, DW_AT_accessibility(DW_ACCESS_public)
    5336                      .dwattr $C$DW$448, DW_AT_decl_file("/home/jose/ti/c2000/C2000Ware_26_01_00_00/device_support/f2837xd/
    5337                      .dwattr $C$DW$448, DW_AT_decl_line(0x130)
    5338                      .dwattr $C$DW$448, DW_AT_decl_column(0x0c)
    5339              
    5340              $C$DW$449       .dwtag  DW_TAG_member
    5341                      .dwattr $C$DW$449, DW_AT_type(*$C$DW$T$41)
    5342                      .dwattr $C$DW$449, DW_AT_name("INTx4")
    5343                      .dwattr $C$DW$449, DW_AT_bit_offset(0x0c)
    5344                      .dwattr $C$DW$449, DW_AT_bit_size(0x01)
    5345                      .dwattr $C$DW$449, DW_AT_accessibility(DW_ACCESS_public)
    5346                      .dwattr $C$DW$449, DW_AT_decl_file("/home/jose/ti/c2000/C2000Ware_26_01_00_00/device_support/f2837xd/
    5347                      .dwattr $C$DW$449, DW_AT_decl_line(0x131)
    5348                      .dwattr $C$DW$449, DW_AT_decl_column(0x0c)
    5349              
    5350              $C$DW$450       .dwtag  DW_TAG_member
    5351                      .dwattr $C$DW$450, DW_AT_type(*$C$DW$T$41)
    5352                      .dwattr $C$DW$450, DW_AT_name("INTx5")
    5353                      .dwattr $C$DW$450, DW_AT_bit_offset(0x0b)
    5354                      .dwattr $C$DW$450, DW_AT_bit_size(0x01)
    5355                      .dwattr $C$DW$450, DW_AT_accessibility(DW_ACCESS_public)
    5356                      .dwattr $C$DW$450, DW_AT_decl_file("/home/jose/ti/c2000/C2000Ware_26_01_00_00/device_support/f2837xd/
    5357                      .dwattr $C$DW$450, DW_AT_decl_line(0x132)
    5358                      .dwattr $C$DW$450, DW_AT_decl_column(0x0c)
    5359              
    5360              $C$DW$451       .dwtag  DW_TAG_member
    5361                      .dwattr $C$DW$451, DW_AT_type(*$C$DW$T$41)
TMS320C2000 Assembler Unix v25.11.0 Sat May 30 20:22:51 2026

Copyright (c) 1996-2018 Texas Instruments Incorporated
main.asm                                                             PAGE   99

    5362                      .dwattr $C$DW$451, DW_AT_name("INTx6")
    5363                      .dwattr $C$DW$451, DW_AT_bit_offset(0x0a)
    5364                      .dwattr $C$DW$451, DW_AT_bit_size(0x01)
    5365                      .dwattr $C$DW$451, DW_AT_accessibility(DW_ACCESS_public)
    5366                      .dwattr $C$DW$451, DW_AT_decl_file("/home/jose/ti/c2000/C2000Ware_26_01_00_00/device_support/f2837xd/
    5367                      .dwattr $C$DW$451, DW_AT_decl_line(0x133)
    5368                      .dwattr $C$DW$451, DW_AT_decl_column(0x0c)
    5369              
    5370              $C$DW$452       .dwtag  DW_TAG_member
    5371                      .dwattr $C$DW$452, DW_AT_type(*$C$DW$T$41)
    5372                      .dwattr $C$DW$452, DW_AT_name("INTx7")
    5373                      .dwattr $C$DW$452, DW_AT_bit_offset(0x09)
    5374                      .dwattr $C$DW$452, DW_AT_bit_size(0x01)
    5375                      .dwattr $C$DW$452, DW_AT_accessibility(DW_ACCESS_public)
    5376                      .dwattr $C$DW$452, DW_AT_decl_file("/home/jose/ti/c2000/C2000Ware_26_01_00_00/device_support/f2837xd/
    5377                      .dwattr $C$DW$452, DW_AT_decl_line(0x134)
    5378                      .dwattr $C$DW$452, DW_AT_decl_column(0x0c)
    5379              
    5380              $C$DW$453       .dwtag  DW_TAG_member
    5381                      .dwattr $C$DW$453, DW_AT_type(*$C$DW$T$41)
    5382                      .dwattr $C$DW$453, DW_AT_name("INTx8")
    5383                      .dwattr $C$DW$453, DW_AT_bit_offset(0x08)
    5384                      .dwattr $C$DW$453, DW_AT_bit_size(0x01)
    5385                      .dwattr $C$DW$453, DW_AT_accessibility(DW_ACCESS_public)
    5386                      .dwattr $C$DW$453, DW_AT_decl_file("/home/jose/ti/c2000/C2000Ware_26_01_00_00/device_support/f2837xd/
    5387                      .dwattr $C$DW$453, DW_AT_decl_line(0x135)
    5388                      .dwattr $C$DW$453, DW_AT_decl_column(0x0c)
    5389              
    5390              $C$DW$454       .dwtag  DW_TAG_member
    5391                      .dwattr $C$DW$454, DW_AT_type(*$C$DW$T$41)
    5392                      .dwattr $C$DW$454, DW_AT_name("INTx9")
    5393                      .dwattr $C$DW$454, DW_AT_bit_offset(0x07)
    5394                      .dwattr $C$DW$454, DW_AT_bit_size(0x01)
    5395                      .dwattr $C$DW$454, DW_AT_accessibility(DW_ACCESS_public)
    5396                      .dwattr $C$DW$454, DW_AT_decl_file("/home/jose/ti/c2000/C2000Ware_26_01_00_00/device_support/f2837xd/
    5397                      .dwattr $C$DW$454, DW_AT_decl_line(0x136)
    5398                      .dwattr $C$DW$454, DW_AT_decl_column(0x0c)
    5399              
    5400              $C$DW$455       .dwtag  DW_TAG_member
    5401                      .dwattr $C$DW$455, DW_AT_type(*$C$DW$T$41)
    5402                      .dwattr $C$DW$455, DW_AT_name("INTx10")
    5403                      .dwattr $C$DW$455, DW_AT_bit_offset(0x06)
    5404                      .dwattr $C$DW$455, DW_AT_bit_size(0x01)
    5405                      .dwattr $C$DW$455, DW_AT_accessibility(DW_ACCESS_public)
    5406                      .dwattr $C$DW$455, DW_AT_decl_file("/home/jose/ti/c2000/C2000Ware_26_01_00_00/device_support/f2837xd/
    5407                      .dwattr $C$DW$455, DW_AT_decl_line(0x137)
    5408                      .dwattr $C$DW$455, DW_AT_decl_column(0x0c)
    5409              
    5410              $C$DW$456       .dwtag  DW_TAG_member
    5411                      .dwattr $C$DW$456, DW_AT_type(*$C$DW$T$41)
    5412                      .dwattr $C$DW$456, DW_AT_name("INTx11")
    5413                      .dwattr $C$DW$456, DW_AT_bit_offset(0x05)
    5414                      .dwattr $C$DW$456, DW_AT_bit_size(0x01)
    5415                      .dwattr $C$DW$456, DW_AT_accessibility(DW_ACCESS_public)
    5416                      .dwattr $C$DW$456, DW_AT_decl_file("/home/jose/ti/c2000/C2000Ware_26_01_00_00/device_support/f2837xd/
TMS320C2000 Assembler Unix v25.11.0 Sat May 30 20:22:51 2026

Copyright (c) 1996-2018 Texas Instruments Incorporated
main.asm                                                             PAGE  100

    5417                      .dwattr $C$DW$456, DW_AT_decl_line(0x138)
    5418                      .dwattr $C$DW$456, DW_AT_decl_column(0x0c)
    5419              
    5420              $C$DW$457       .dwtag  DW_TAG_member
    5421                      .dwattr $C$DW$457, DW_AT_type(*$C$DW$T$41)
    5422                      .dwattr $C$DW$457, DW_AT_name("INTx12")
    5423                      .dwattr $C$DW$457, DW_AT_bit_offset(0x04)
    5424                      .dwattr $C$DW$457, DW_AT_bit_size(0x01)
    5425                      .dwattr $C$DW$457, DW_AT_accessibility(DW_ACCESS_public)
    5426                      .dwattr $C$DW$457, DW_AT_decl_file("/home/jose/ti/c2000/C2000Ware_26_01_00_00/device_support/f2837xd/
    5427                      .dwattr $C$DW$457, DW_AT_decl_line(0x139)
    5428                      .dwattr $C$DW$457, DW_AT_decl_column(0x0c)
    5429              
    5430              $C$DW$458       .dwtag  DW_TAG_member
    5431                      .dwattr $C$DW$458, DW_AT_type(*$C$DW$T$41)
    5432                      .dwattr $C$DW$458, DW_AT_name("INTx13")
    5433                      .dwattr $C$DW$458, DW_AT_bit_offset(0x03)
    5434                      .dwattr $C$DW$458, DW_AT_bit_size(0x01)
    5435                      .dwattr $C$DW$458, DW_AT_accessibility(DW_ACCESS_public)
    5436                      .dwattr $C$DW$458, DW_AT_decl_file("/home/jose/ti/c2000/C2000Ware_26_01_00_00/device_support/f2837xd/
    5437                      .dwattr $C$DW$458, DW_AT_decl_line(0x13a)
    5438                      .dwattr $C$DW$458, DW_AT_decl_column(0x0c)
    5439              
    5440              $C$DW$459       .dwtag  DW_TAG_member
    5441                      .dwattr $C$DW$459, DW_AT_type(*$C$DW$T$41)
    5442                      .dwattr $C$DW$459, DW_AT_name("INTx14")
    5443                      .dwattr $C$DW$459, DW_AT_bit_offset(0x02)
    5444                      .dwattr $C$DW$459, DW_AT_bit_size(0x01)
    5445                      .dwattr $C$DW$459, DW_AT_accessibility(DW_ACCESS_public)
    5446                      .dwattr $C$DW$459, DW_AT_decl_file("/home/jose/ti/c2000/C2000Ware_26_01_00_00/device_support/f2837xd/
    5447                      .dwattr $C$DW$459, DW_AT_decl_line(0x13b)
    5448                      .dwattr $C$DW$459, DW_AT_decl_column(0x0c)
    5449              
    5450              $C$DW$460       .dwtag  DW_TAG_member
    5451                      .dwattr $C$DW$460, DW_AT_type(*$C$DW$T$41)
    5452                      .dwattr $C$DW$460, DW_AT_name("INTx15")
    5453                      .dwattr $C$DW$460, DW_AT_bit_offset(0x01)
    5454                      .dwattr $C$DW$460, DW_AT_bit_size(0x01)
    5455                      .dwattr $C$DW$460, DW_AT_accessibility(DW_ACCESS_public)
    5456                      .dwattr $C$DW$460, DW_AT_decl_file("/home/jose/ti/c2000/C2000Ware_26_01_00_00/device_support/f2837xd/
    5457                      .dwattr $C$DW$460, DW_AT_decl_line(0x13c)
    5458                      .dwattr $C$DW$460, DW_AT_decl_column(0x0c)
    5459              
    5460              $C$DW$461       .dwtag  DW_TAG_member
    5461                      .dwattr $C$DW$461, DW_AT_type(*$C$DW$T$41)
    5462                      .dwattr $C$DW$461, DW_AT_name("INTx16")
    5463                      .dwattr $C$DW$461, DW_AT_bit_offset(0x00)
    5464                      .dwattr $C$DW$461, DW_AT_bit_size(0x01)
    5465                      .dwattr $C$DW$461, DW_AT_accessibility(DW_ACCESS_public)
    5466                      .dwattr $C$DW$461, DW_AT_decl_file("/home/jose/ti/c2000/C2000Ware_26_01_00_00/device_support/f2837xd/
    5467                      .dwattr $C$DW$461, DW_AT_decl_line(0x13d)
    5468                      .dwattr $C$DW$461, DW_AT_decl_column(0x0c)
    5469              
    5470                      .dwattr $C$DW$T$84, DW_AT_decl_file("/home/jose/ti/c2000/C2000Ware_26_01_00_00/device_support/f2837xd
    5471                      .dwattr $C$DW$T$84, DW_AT_decl_line(0x12d)
TMS320C2000 Assembler Unix v25.11.0 Sat May 30 20:22:51 2026

Copyright (c) 1996-2018 Texas Instruments Incorporated
main.asm                                                             PAGE  101

    5472                      .dwattr $C$DW$T$84, DW_AT_decl_column(0x08)
    5473                      .dwendtag $C$DW$T$84
    5474              
    5475                      .dwendtag $C$DW$TU$84
    5476              
    5477              
    5478              $C$DW$TU$85     .dwtag  DW_TAG_type_unit
    5479                      .dwmtype  $C$DW$T$85
    5480              
    5481              $C$DW$T$85      .dwtag  DW_TAG_union_type
    5482                      .dwattr $C$DW$T$85, DW_AT_name("PIEIFR5_REG")
    5483                      .dwattr $C$DW$T$85, DW_AT_byte_size(0x01)
    5484              $C$DW$462       .dwtag  DW_TAG_member
    5485                      .dwattr $C$DW$462, DW_AT_type(*$C$DW$T$41)
    5486                      .dwattr $C$DW$462, DW_AT_name("all")
    5487                      .dwattr $C$DW$462, DW_AT_accessibility(DW_ACCESS_public)
    5488                      .dwattr $C$DW$462, DW_AT_decl_file("/home/jose/ti/c2000/C2000Ware_26_01_00_00/device_support/f2837xd/
    5489                      .dwattr $C$DW$462, DW_AT_decl_line(0x141)
    5490                      .dwattr $C$DW$462, DW_AT_decl_column(0x0d)
    5491              
    5492              $C$DW$463       .dwtag  DW_TAG_member
    5493                      .dwattr $C$DW$463, DW_AT_type(*$C$DW$T$84)
    5494                      .dwattr $C$DW$463, DW_AT_name("bit")
    5495                      .dwattr $C$DW$463, DW_AT_accessibility(DW_ACCESS_public)
    5496                      .dwattr $C$DW$463, DW_AT_decl_file("/home/jose/ti/c2000/C2000Ware_26_01_00_00/device_support/f2837xd/
    5497                      .dwattr $C$DW$463, DW_AT_decl_line(0x142)
    5498                      .dwattr $C$DW$463, DW_AT_decl_column(0x1b)
    5499              
    5500                      .dwattr $C$DW$T$85, DW_AT_decl_file("/home/jose/ti/c2000/C2000Ware_26_01_00_00/device_support/f2837xd
    5501                      .dwattr $C$DW$T$85, DW_AT_decl_line(0x140)
    5502                      .dwattr $C$DW$T$85, DW_AT_decl_column(0x07)
    5503                      .dwendtag $C$DW$T$85
    5504              
    5505                      .dwendtag $C$DW$TU$85
    5506              
    5507              
    5508              $C$DW$TU$86     .dwtag  DW_TAG_type_unit
    5509                      .dwmtype  $C$DW$T$86
    5510              
    5511              $C$DW$T$86      .dwtag  DW_TAG_structure_type
    5512                      .dwattr $C$DW$T$86, DW_AT_name("PIEIFR6_BITS")
    5513                      .dwattr $C$DW$T$86, DW_AT_byte_size(0x01)
    5514              $C$DW$464       .dwtag  DW_TAG_member
    5515                      .dwattr $C$DW$464, DW_AT_type(*$C$DW$T$41)
    5516                      .dwattr $C$DW$464, DW_AT_name("INTx1")
    5517                      .dwattr $C$DW$464, DW_AT_bit_offset(0x0f)
    5518                      .dwattr $C$DW$464, DW_AT_bit_size(0x01)
    5519                      .dwattr $C$DW$464, DW_AT_accessibility(DW_ACCESS_public)
    5520                      .dwattr $C$DW$464, DW_AT_decl_file("/home/jose/ti/c2000/C2000Ware_26_01_00_00/device_support/f2837xd/
    5521                      .dwattr $C$DW$464, DW_AT_decl_line(0x15e)
    5522                      .dwattr $C$DW$464, DW_AT_decl_column(0x0c)
    5523              
    5524              $C$DW$465       .dwtag  DW_TAG_member
    5525                      .dwattr $C$DW$465, DW_AT_type(*$C$DW$T$41)
    5526                      .dwattr $C$DW$465, DW_AT_name("INTx2")
TMS320C2000 Assembler Unix v25.11.0 Sat May 30 20:22:51 2026

Copyright (c) 1996-2018 Texas Instruments Incorporated
main.asm                                                             PAGE  102

    5527                      .dwattr $C$DW$465, DW_AT_bit_offset(0x0e)
    5528                      .dwattr $C$DW$465, DW_AT_bit_size(0x01)
    5529                      .dwattr $C$DW$465, DW_AT_accessibility(DW_ACCESS_public)
    5530                      .dwattr $C$DW$465, DW_AT_decl_file("/home/jose/ti/c2000/C2000Ware_26_01_00_00/device_support/f2837xd/
    5531                      .dwattr $C$DW$465, DW_AT_decl_line(0x15f)
    5532                      .dwattr $C$DW$465, DW_AT_decl_column(0x0c)
    5533              
    5534              $C$DW$466       .dwtag  DW_TAG_member
    5535                      .dwattr $C$DW$466, DW_AT_type(*$C$DW$T$41)
    5536                      .dwattr $C$DW$466, DW_AT_name("INTx3")
    5537                      .dwattr $C$DW$466, DW_AT_bit_offset(0x0d)
    5538                      .dwattr $C$DW$466, DW_AT_bit_size(0x01)
    5539                      .dwattr $C$DW$466, DW_AT_accessibility(DW_ACCESS_public)
    5540                      .dwattr $C$DW$466, DW_AT_decl_file("/home/jose/ti/c2000/C2000Ware_26_01_00_00/device_support/f2837xd/
    5541                      .dwattr $C$DW$466, DW_AT_decl_line(0x160)
    5542                      .dwattr $C$DW$466, DW_AT_decl_column(0x0c)
    5543              
    5544              $C$DW$467       .dwtag  DW_TAG_member
    5545                      .dwattr $C$DW$467, DW_AT_type(*$C$DW$T$41)
    5546                      .dwattr $C$DW$467, DW_AT_name("INTx4")
    5547                      .dwattr $C$DW$467, DW_AT_bit_offset(0x0c)
    5548                      .dwattr $C$DW$467, DW_AT_bit_size(0x01)
    5549                      .dwattr $C$DW$467, DW_AT_accessibility(DW_ACCESS_public)
    5550                      .dwattr $C$DW$467, DW_AT_decl_file("/home/jose/ti/c2000/C2000Ware_26_01_00_00/device_support/f2837xd/
    5551                      .dwattr $C$DW$467, DW_AT_decl_line(0x161)
    5552                      .dwattr $C$DW$467, DW_AT_decl_column(0x0c)
    5553              
    5554              $C$DW$468       .dwtag  DW_TAG_member
    5555                      .dwattr $C$DW$468, DW_AT_type(*$C$DW$T$41)
    5556                      .dwattr $C$DW$468, DW_AT_name("INTx5")
    5557                      .dwattr $C$DW$468, DW_AT_bit_offset(0x0b)
    5558                      .dwattr $C$DW$468, DW_AT_bit_size(0x01)
    5559                      .dwattr $C$DW$468, DW_AT_accessibility(DW_ACCESS_public)
    5560                      .dwattr $C$DW$468, DW_AT_decl_file("/home/jose/ti/c2000/C2000Ware_26_01_00_00/device_support/f2837xd/
    5561                      .dwattr $C$DW$468, DW_AT_decl_line(0x162)
    5562                      .dwattr $C$DW$468, DW_AT_decl_column(0x0c)
    5563              
    5564              $C$DW$469       .dwtag  DW_TAG_member
    5565                      .dwattr $C$DW$469, DW_AT_type(*$C$DW$T$41)
    5566                      .dwattr $C$DW$469, DW_AT_name("INTx6")
    5567                      .dwattr $C$DW$469, DW_AT_bit_offset(0x0a)
    5568                      .dwattr $C$DW$469, DW_AT_bit_size(0x01)
    5569                      .dwattr $C$DW$469, DW_AT_accessibility(DW_ACCESS_public)
    5570                      .dwattr $C$DW$469, DW_AT_decl_file("/home/jose/ti/c2000/C2000Ware_26_01_00_00/device_support/f2837xd/
    5571                      .dwattr $C$DW$469, DW_AT_decl_line(0x163)
    5572                      .dwattr $C$DW$469, DW_AT_decl_column(0x0c)
    5573              
    5574              $C$DW$470       .dwtag  DW_TAG_member
    5575                      .dwattr $C$DW$470, DW_AT_type(*$C$DW$T$41)
    5576                      .dwattr $C$DW$470, DW_AT_name("INTx7")
    5577                      .dwattr $C$DW$470, DW_AT_bit_offset(0x09)
    5578                      .dwattr $C$DW$470, DW_AT_bit_size(0x01)
    5579                      .dwattr $C$DW$470, DW_AT_accessibility(DW_ACCESS_public)
    5580                      .dwattr $C$DW$470, DW_AT_decl_file("/home/jose/ti/c2000/C2000Ware_26_01_00_00/device_support/f2837xd/
    5581                      .dwattr $C$DW$470, DW_AT_decl_line(0x164)
TMS320C2000 Assembler Unix v25.11.0 Sat May 30 20:22:51 2026

Copyright (c) 1996-2018 Texas Instruments Incorporated
main.asm                                                             PAGE  103

    5582                      .dwattr $C$DW$470, DW_AT_decl_column(0x0c)
    5583              
    5584              $C$DW$471       .dwtag  DW_TAG_member
    5585                      .dwattr $C$DW$471, DW_AT_type(*$C$DW$T$41)
    5586                      .dwattr $C$DW$471, DW_AT_name("INTx8")
    5587                      .dwattr $C$DW$471, DW_AT_bit_offset(0x08)
    5588                      .dwattr $C$DW$471, DW_AT_bit_size(0x01)
    5589                      .dwattr $C$DW$471, DW_AT_accessibility(DW_ACCESS_public)
    5590                      .dwattr $C$DW$471, DW_AT_decl_file("/home/jose/ti/c2000/C2000Ware_26_01_00_00/device_support/f2837xd/
    5591                      .dwattr $C$DW$471, DW_AT_decl_line(0x165)
    5592                      .dwattr $C$DW$471, DW_AT_decl_column(0x0c)
    5593              
    5594              $C$DW$472       .dwtag  DW_TAG_member
    5595                      .dwattr $C$DW$472, DW_AT_type(*$C$DW$T$41)
    5596                      .dwattr $C$DW$472, DW_AT_name("INTx9")
    5597                      .dwattr $C$DW$472, DW_AT_bit_offset(0x07)
    5598                      .dwattr $C$DW$472, DW_AT_bit_size(0x01)
    5599                      .dwattr $C$DW$472, DW_AT_accessibility(DW_ACCESS_public)
    5600                      .dwattr $C$DW$472, DW_AT_decl_file("/home/jose/ti/c2000/C2000Ware_26_01_00_00/device_support/f2837xd/
    5601                      .dwattr $C$DW$472, DW_AT_decl_line(0x166)
    5602                      .dwattr $C$DW$472, DW_AT_decl_column(0x0c)
    5603              
    5604              $C$DW$473       .dwtag  DW_TAG_member
    5605                      .dwattr $C$DW$473, DW_AT_type(*$C$DW$T$41)
    5606                      .dwattr $C$DW$473, DW_AT_name("INTx10")
    5607                      .dwattr $C$DW$473, DW_AT_bit_offset(0x06)
    5608                      .dwattr $C$DW$473, DW_AT_bit_size(0x01)
    5609                      .dwattr $C$DW$473, DW_AT_accessibility(DW_ACCESS_public)
    5610                      .dwattr $C$DW$473, DW_AT_decl_file("/home/jose/ti/c2000/C2000Ware_26_01_00_00/device_support/f2837xd/
    5611                      .dwattr $C$DW$473, DW_AT_decl_line(0x167)
    5612                      .dwattr $C$DW$473, DW_AT_decl_column(0x0c)
    5613              
    5614              $C$DW$474       .dwtag  DW_TAG_member
    5615                      .dwattr $C$DW$474, DW_AT_type(*$C$DW$T$41)
    5616                      .dwattr $C$DW$474, DW_AT_name("INTx11")
    5617                      .dwattr $C$DW$474, DW_AT_bit_offset(0x05)
    5618                      .dwattr $C$DW$474, DW_AT_bit_size(0x01)
    5619                      .dwattr $C$DW$474, DW_AT_accessibility(DW_ACCESS_public)
    5620                      .dwattr $C$DW$474, DW_AT_decl_file("/home/jose/ti/c2000/C2000Ware_26_01_00_00/device_support/f2837xd/
    5621                      .dwattr $C$DW$474, DW_AT_decl_line(0x168)
    5622                      .dwattr $C$DW$474, DW_AT_decl_column(0x0c)
    5623              
    5624              $C$DW$475       .dwtag  DW_TAG_member
    5625                      .dwattr $C$DW$475, DW_AT_type(*$C$DW$T$41)
    5626                      .dwattr $C$DW$475, DW_AT_name("INTx12")
    5627                      .dwattr $C$DW$475, DW_AT_bit_offset(0x04)
    5628                      .dwattr $C$DW$475, DW_AT_bit_size(0x01)
    5629                      .dwattr $C$DW$475, DW_AT_accessibility(DW_ACCESS_public)
    5630                      .dwattr $C$DW$475, DW_AT_decl_file("/home/jose/ti/c2000/C2000Ware_26_01_00_00/device_support/f2837xd/
    5631                      .dwattr $C$DW$475, DW_AT_decl_line(0x169)
    5632                      .dwattr $C$DW$475, DW_AT_decl_column(0x0c)
    5633              
    5634              $C$DW$476       .dwtag  DW_TAG_member
    5635                      .dwattr $C$DW$476, DW_AT_type(*$C$DW$T$41)
    5636                      .dwattr $C$DW$476, DW_AT_name("INTx13")
TMS320C2000 Assembler Unix v25.11.0 Sat May 30 20:22:51 2026

Copyright (c) 1996-2018 Texas Instruments Incorporated
main.asm                                                             PAGE  104

    5637                      .dwattr $C$DW$476, DW_AT_bit_offset(0x03)
    5638                      .dwattr $C$DW$476, DW_AT_bit_size(0x01)
    5639                      .dwattr $C$DW$476, DW_AT_accessibility(DW_ACCESS_public)
    5640                      .dwattr $C$DW$476, DW_AT_decl_file("/home/jose/ti/c2000/C2000Ware_26_01_00_00/device_support/f2837xd/
    5641                      .dwattr $C$DW$476, DW_AT_decl_line(0x16a)
    5642                      .dwattr $C$DW$476, DW_AT_decl_column(0x0c)
    5643              
    5644              $C$DW$477       .dwtag  DW_TAG_member
    5645                      .dwattr $C$DW$477, DW_AT_type(*$C$DW$T$41)
    5646                      .dwattr $C$DW$477, DW_AT_name("INTx14")
    5647                      .dwattr $C$DW$477, DW_AT_bit_offset(0x02)
    5648                      .dwattr $C$DW$477, DW_AT_bit_size(0x01)
    5649                      .dwattr $C$DW$477, DW_AT_accessibility(DW_ACCESS_public)
    5650                      .dwattr $C$DW$477, DW_AT_decl_file("/home/jose/ti/c2000/C2000Ware_26_01_00_00/device_support/f2837xd/
    5651                      .dwattr $C$DW$477, DW_AT_decl_line(0x16b)
    5652                      .dwattr $C$DW$477, DW_AT_decl_column(0x0c)
    5653              
    5654              $C$DW$478       .dwtag  DW_TAG_member
    5655                      .dwattr $C$DW$478, DW_AT_type(*$C$DW$T$41)
    5656                      .dwattr $C$DW$478, DW_AT_name("INTx15")
    5657                      .dwattr $C$DW$478, DW_AT_bit_offset(0x01)
    5658                      .dwattr $C$DW$478, DW_AT_bit_size(0x01)
    5659                      .dwattr $C$DW$478, DW_AT_accessibility(DW_ACCESS_public)
    5660                      .dwattr $C$DW$478, DW_AT_decl_file("/home/jose/ti/c2000/C2000Ware_26_01_00_00/device_support/f2837xd/
    5661                      .dwattr $C$DW$478, DW_AT_decl_line(0x16c)
    5662                      .dwattr $C$DW$478, DW_AT_decl_column(0x0c)
    5663              
    5664              $C$DW$479       .dwtag  DW_TAG_member
    5665                      .dwattr $C$DW$479, DW_AT_type(*$C$DW$T$41)
    5666                      .dwattr $C$DW$479, DW_AT_name("INTx16")
    5667                      .dwattr $C$DW$479, DW_AT_bit_offset(0x00)
    5668                      .dwattr $C$DW$479, DW_AT_bit_size(0x01)
    5669                      .dwattr $C$DW$479, DW_AT_accessibility(DW_ACCESS_public)
    5670                      .dwattr $C$DW$479, DW_AT_decl_file("/home/jose/ti/c2000/C2000Ware_26_01_00_00/device_support/f2837xd/
    5671                      .dwattr $C$DW$479, DW_AT_decl_line(0x16d)
    5672                      .dwattr $C$DW$479, DW_AT_decl_column(0x0c)
    5673              
    5674                      .dwattr $C$DW$T$86, DW_AT_decl_file("/home/jose/ti/c2000/C2000Ware_26_01_00_00/device_support/f2837xd
    5675                      .dwattr $C$DW$T$86, DW_AT_decl_line(0x15d)
    5676                      .dwattr $C$DW$T$86, DW_AT_decl_column(0x08)
    5677                      .dwendtag $C$DW$T$86
    5678              
    5679                      .dwendtag $C$DW$TU$86
    5680              
    5681              
    5682              $C$DW$TU$87     .dwtag  DW_TAG_type_unit
    5683                      .dwmtype  $C$DW$T$87
    5684              
    5685              $C$DW$T$87      .dwtag  DW_TAG_union_type
    5686                      .dwattr $C$DW$T$87, DW_AT_name("PIEIFR6_REG")
    5687                      .dwattr $C$DW$T$87, DW_AT_byte_size(0x01)
    5688              $C$DW$480       .dwtag  DW_TAG_member
    5689                      .dwattr $C$DW$480, DW_AT_type(*$C$DW$T$41)
    5690                      .dwattr $C$DW$480, DW_AT_name("all")
    5691                      .dwattr $C$DW$480, DW_AT_accessibility(DW_ACCESS_public)
TMS320C2000 Assembler Unix v25.11.0 Sat May 30 20:22:51 2026

Copyright (c) 1996-2018 Texas Instruments Incorporated
main.asm                                                             PAGE  105

    5692                      .dwattr $C$DW$480, DW_AT_decl_file("/home/jose/ti/c2000/C2000Ware_26_01_00_00/device_support/f2837xd/
    5693                      .dwattr $C$DW$480, DW_AT_decl_line(0x171)
    5694                      .dwattr $C$DW$480, DW_AT_decl_column(0x0d)
    5695              
    5696              $C$DW$481       .dwtag  DW_TAG_member
    5697                      .dwattr $C$DW$481, DW_AT_type(*$C$DW$T$86)
    5698                      .dwattr $C$DW$481, DW_AT_name("bit")
    5699                      .dwattr $C$DW$481, DW_AT_accessibility(DW_ACCESS_public)
    5700                      .dwattr $C$DW$481, DW_AT_decl_file("/home/jose/ti/c2000/C2000Ware_26_01_00_00/device_support/f2837xd/
    5701                      .dwattr $C$DW$481, DW_AT_decl_line(0x172)
    5702                      .dwattr $C$DW$481, DW_AT_decl_column(0x1b)
    5703              
    5704                      .dwattr $C$DW$T$87, DW_AT_decl_file("/home/jose/ti/c2000/C2000Ware_26_01_00_00/device_support/f2837xd
    5705                      .dwattr $C$DW$T$87, DW_AT_decl_line(0x170)
    5706                      .dwattr $C$DW$T$87, DW_AT_decl_column(0x07)
    5707                      .dwendtag $C$DW$T$87
    5708              
    5709                      .dwendtag $C$DW$TU$87
    5710              
    5711              
    5712              $C$DW$TU$88     .dwtag  DW_TAG_type_unit
    5713                      .dwmtype  $C$DW$T$88
    5714              
    5715              $C$DW$T$88      .dwtag  DW_TAG_structure_type
    5716                      .dwattr $C$DW$T$88, DW_AT_name("PIEIFR7_BITS")
    5717                      .dwattr $C$DW$T$88, DW_AT_byte_size(0x01)
    5718              $C$DW$482       .dwtag  DW_TAG_member
    5719                      .dwattr $C$DW$482, DW_AT_type(*$C$DW$T$41)
    5720                      .dwattr $C$DW$482, DW_AT_name("INTx1")
    5721                      .dwattr $C$DW$482, DW_AT_bit_offset(0x0f)
    5722                      .dwattr $C$DW$482, DW_AT_bit_size(0x01)
    5723                      .dwattr $C$DW$482, DW_AT_accessibility(DW_ACCESS_public)
    5724                      .dwattr $C$DW$482, DW_AT_decl_file("/home/jose/ti/c2000/C2000Ware_26_01_00_00/device_support/f2837xd/
    5725                      .dwattr $C$DW$482, DW_AT_decl_line(0x18e)
    5726                      .dwattr $C$DW$482, DW_AT_decl_column(0x0c)
    5727              
    5728              $C$DW$483       .dwtag  DW_TAG_member
    5729                      .dwattr $C$DW$483, DW_AT_type(*$C$DW$T$41)
    5730                      .dwattr $C$DW$483, DW_AT_name("INTx2")
    5731                      .dwattr $C$DW$483, DW_AT_bit_offset(0x0e)
    5732                      .dwattr $C$DW$483, DW_AT_bit_size(0x01)
    5733                      .dwattr $C$DW$483, DW_AT_accessibility(DW_ACCESS_public)
    5734                      .dwattr $C$DW$483, DW_AT_decl_file("/home/jose/ti/c2000/C2000Ware_26_01_00_00/device_support/f2837xd/
    5735                      .dwattr $C$DW$483, DW_AT_decl_line(0x18f)
    5736                      .dwattr $C$DW$483, DW_AT_decl_column(0x0c)
    5737              
    5738              $C$DW$484       .dwtag  DW_TAG_member
    5739                      .dwattr $C$DW$484, DW_AT_type(*$C$DW$T$41)
    5740                      .dwattr $C$DW$484, DW_AT_name("INTx3")
    5741                      .dwattr $C$DW$484, DW_AT_bit_offset(0x0d)
    5742                      .dwattr $C$DW$484, DW_AT_bit_size(0x01)
    5743                      .dwattr $C$DW$484, DW_AT_accessibility(DW_ACCESS_public)
    5744                      .dwattr $C$DW$484, DW_AT_decl_file("/home/jose/ti/c2000/C2000Ware_26_01_00_00/device_support/f2837xd/
    5745                      .dwattr $C$DW$484, DW_AT_decl_line(0x190)
    5746                      .dwattr $C$DW$484, DW_AT_decl_column(0x0c)
TMS320C2000 Assembler Unix v25.11.0 Sat May 30 20:22:51 2026

Copyright (c) 1996-2018 Texas Instruments Incorporated
main.asm                                                             PAGE  106

    5747              
    5748              $C$DW$485       .dwtag  DW_TAG_member
    5749                      .dwattr $C$DW$485, DW_AT_type(*$C$DW$T$41)
    5750                      .dwattr $C$DW$485, DW_AT_name("INTx4")
    5751                      .dwattr $C$DW$485, DW_AT_bit_offset(0x0c)
    5752                      .dwattr $C$DW$485, DW_AT_bit_size(0x01)
    5753                      .dwattr $C$DW$485, DW_AT_accessibility(DW_ACCESS_public)
    5754                      .dwattr $C$DW$485, DW_AT_decl_file("/home/jose/ti/c2000/C2000Ware_26_01_00_00/device_support/f2837xd/
    5755                      .dwattr $C$DW$485, DW_AT_decl_line(0x191)
    5756                      .dwattr $C$DW$485, DW_AT_decl_column(0x0c)
    5757              
    5758              $C$DW$486       .dwtag  DW_TAG_member
    5759                      .dwattr $C$DW$486, DW_AT_type(*$C$DW$T$41)
    5760                      .dwattr $C$DW$486, DW_AT_name("INTx5")
    5761                      .dwattr $C$DW$486, DW_AT_bit_offset(0x0b)
    5762                      .dwattr $C$DW$486, DW_AT_bit_size(0x01)
    5763                      .dwattr $C$DW$486, DW_AT_accessibility(DW_ACCESS_public)
    5764                      .dwattr $C$DW$486, DW_AT_decl_file("/home/jose/ti/c2000/C2000Ware_26_01_00_00/device_support/f2837xd/
    5765                      .dwattr $C$DW$486, DW_AT_decl_line(0x192)
    5766                      .dwattr $C$DW$486, DW_AT_decl_column(0x0c)
    5767              
    5768              $C$DW$487       .dwtag  DW_TAG_member
    5769                      .dwattr $C$DW$487, DW_AT_type(*$C$DW$T$41)
    5770                      .dwattr $C$DW$487, DW_AT_name("INTx6")
    5771                      .dwattr $C$DW$487, DW_AT_bit_offset(0x0a)
    5772                      .dwattr $C$DW$487, DW_AT_bit_size(0x01)
    5773                      .dwattr $C$DW$487, DW_AT_accessibility(DW_ACCESS_public)
    5774                      .dwattr $C$DW$487, DW_AT_decl_file("/home/jose/ti/c2000/C2000Ware_26_01_00_00/device_support/f2837xd/
    5775                      .dwattr $C$DW$487, DW_AT_decl_line(0x193)
    5776                      .dwattr $C$DW$487, DW_AT_decl_column(0x0c)
    5777              
    5778              $C$DW$488       .dwtag  DW_TAG_member
    5779                      .dwattr $C$DW$488, DW_AT_type(*$C$DW$T$41)
    5780                      .dwattr $C$DW$488, DW_AT_name("INTx7")
    5781                      .dwattr $C$DW$488, DW_AT_bit_offset(0x09)
    5782                      .dwattr $C$DW$488, DW_AT_bit_size(0x01)
    5783                      .dwattr $C$DW$488, DW_AT_accessibility(DW_ACCESS_public)
    5784                      .dwattr $C$DW$488, DW_AT_decl_file("/home/jose/ti/c2000/C2000Ware_26_01_00_00/device_support/f2837xd/
    5785                      .dwattr $C$DW$488, DW_AT_decl_line(0x194)
    5786                      .dwattr $C$DW$488, DW_AT_decl_column(0x0c)
    5787              
    5788              $C$DW$489       .dwtag  DW_TAG_member
    5789                      .dwattr $C$DW$489, DW_AT_type(*$C$DW$T$41)
    5790                      .dwattr $C$DW$489, DW_AT_name("INTx8")
    5791                      .dwattr $C$DW$489, DW_AT_bit_offset(0x08)
    5792                      .dwattr $C$DW$489, DW_AT_bit_size(0x01)
    5793                      .dwattr $C$DW$489, DW_AT_accessibility(DW_ACCESS_public)
    5794                      .dwattr $C$DW$489, DW_AT_decl_file("/home/jose/ti/c2000/C2000Ware_26_01_00_00/device_support/f2837xd/
    5795                      .dwattr $C$DW$489, DW_AT_decl_line(0x195)
    5796                      .dwattr $C$DW$489, DW_AT_decl_column(0x0c)
    5797              
    5798              $C$DW$490       .dwtag  DW_TAG_member
    5799                      .dwattr $C$DW$490, DW_AT_type(*$C$DW$T$41)
    5800                      .dwattr $C$DW$490, DW_AT_name("INTx9")
    5801                      .dwattr $C$DW$490, DW_AT_bit_offset(0x07)
TMS320C2000 Assembler Unix v25.11.0 Sat May 30 20:22:51 2026

Copyright (c) 1996-2018 Texas Instruments Incorporated
main.asm                                                             PAGE  107

    5802                      .dwattr $C$DW$490, DW_AT_bit_size(0x01)
    5803                      .dwattr $C$DW$490, DW_AT_accessibility(DW_ACCESS_public)
    5804                      .dwattr $C$DW$490, DW_AT_decl_file("/home/jose/ti/c2000/C2000Ware_26_01_00_00/device_support/f2837xd/
    5805                      .dwattr $C$DW$490, DW_AT_decl_line(0x196)
    5806                      .dwattr $C$DW$490, DW_AT_decl_column(0x0c)
    5807              
    5808              $C$DW$491       .dwtag  DW_TAG_member
    5809                      .dwattr $C$DW$491, DW_AT_type(*$C$DW$T$41)
    5810                      .dwattr $C$DW$491, DW_AT_name("INTx10")
    5811                      .dwattr $C$DW$491, DW_AT_bit_offset(0x06)
    5812                      .dwattr $C$DW$491, DW_AT_bit_size(0x01)
    5813                      .dwattr $C$DW$491, DW_AT_accessibility(DW_ACCESS_public)
    5814                      .dwattr $C$DW$491, DW_AT_decl_file("/home/jose/ti/c2000/C2000Ware_26_01_00_00/device_support/f2837xd/
    5815                      .dwattr $C$DW$491, DW_AT_decl_line(0x197)
    5816                      .dwattr $C$DW$491, DW_AT_decl_column(0x0c)
    5817              
    5818              $C$DW$492       .dwtag  DW_TAG_member
    5819                      .dwattr $C$DW$492, DW_AT_type(*$C$DW$T$41)
    5820                      .dwattr $C$DW$492, DW_AT_name("INTx11")
    5821                      .dwattr $C$DW$492, DW_AT_bit_offset(0x05)
    5822                      .dwattr $C$DW$492, DW_AT_bit_size(0x01)
    5823                      .dwattr $C$DW$492, DW_AT_accessibility(DW_ACCESS_public)
    5824                      .dwattr $C$DW$492, DW_AT_decl_file("/home/jose/ti/c2000/C2000Ware_26_01_00_00/device_support/f2837xd/
    5825                      .dwattr $C$DW$492, DW_AT_decl_line(0x198)
    5826                      .dwattr $C$DW$492, DW_AT_decl_column(0x0c)
    5827              
    5828              $C$DW$493       .dwtag  DW_TAG_member
    5829                      .dwattr $C$DW$493, DW_AT_type(*$C$DW$T$41)
    5830                      .dwattr $C$DW$493, DW_AT_name("INTx12")
    5831                      .dwattr $C$DW$493, DW_AT_bit_offset(0x04)
    5832                      .dwattr $C$DW$493, DW_AT_bit_size(0x01)
    5833                      .dwattr $C$DW$493, DW_AT_accessibility(DW_ACCESS_public)
    5834                      .dwattr $C$DW$493, DW_AT_decl_file("/home/jose/ti/c2000/C2000Ware_26_01_00_00/device_support/f2837xd/
    5835                      .dwattr $C$DW$493, DW_AT_decl_line(0x199)
    5836                      .dwattr $C$DW$493, DW_AT_decl_column(0x0c)
    5837              
    5838              $C$DW$494       .dwtag  DW_TAG_member
    5839                      .dwattr $C$DW$494, DW_AT_type(*$C$DW$T$41)
    5840                      .dwattr $C$DW$494, DW_AT_name("INTx13")
    5841                      .dwattr $C$DW$494, DW_AT_bit_offset(0x03)
    5842                      .dwattr $C$DW$494, DW_AT_bit_size(0x01)
    5843                      .dwattr $C$DW$494, DW_AT_accessibility(DW_ACCESS_public)
    5844                      .dwattr $C$DW$494, DW_AT_decl_file("/home/jose/ti/c2000/C2000Ware_26_01_00_00/device_support/f2837xd/
    5845                      .dwattr $C$DW$494, DW_AT_decl_line(0x19a)
    5846                      .dwattr $C$DW$494, DW_AT_decl_column(0x0c)
    5847              
    5848              $C$DW$495       .dwtag  DW_TAG_member
    5849                      .dwattr $C$DW$495, DW_AT_type(*$C$DW$T$41)
    5850                      .dwattr $C$DW$495, DW_AT_name("INTx14")
    5851                      .dwattr $C$DW$495, DW_AT_bit_offset(0x02)
    5852                      .dwattr $C$DW$495, DW_AT_bit_size(0x01)
    5853                      .dwattr $C$DW$495, DW_AT_accessibility(DW_ACCESS_public)
    5854                      .dwattr $C$DW$495, DW_AT_decl_file("/home/jose/ti/c2000/C2000Ware_26_01_00_00/device_support/f2837xd/
    5855                      .dwattr $C$DW$495, DW_AT_decl_line(0x19b)
    5856                      .dwattr $C$DW$495, DW_AT_decl_column(0x0c)
TMS320C2000 Assembler Unix v25.11.0 Sat May 30 20:22:51 2026

Copyright (c) 1996-2018 Texas Instruments Incorporated
main.asm                                                             PAGE  108

    5857              
    5858              $C$DW$496       .dwtag  DW_TAG_member
    5859                      .dwattr $C$DW$496, DW_AT_type(*$C$DW$T$41)
    5860                      .dwattr $C$DW$496, DW_AT_name("INTx15")
    5861                      .dwattr $C$DW$496, DW_AT_bit_offset(0x01)
    5862                      .dwattr $C$DW$496, DW_AT_bit_size(0x01)
    5863                      .dwattr $C$DW$496, DW_AT_accessibility(DW_ACCESS_public)
    5864                      .dwattr $C$DW$496, DW_AT_decl_file("/home/jose/ti/c2000/C2000Ware_26_01_00_00/device_support/f2837xd/
    5865                      .dwattr $C$DW$496, DW_AT_decl_line(0x19c)
    5866                      .dwattr $C$DW$496, DW_AT_decl_column(0x0c)
    5867              
    5868              $C$DW$497       .dwtag  DW_TAG_member
    5869                      .dwattr $C$DW$497, DW_AT_type(*$C$DW$T$41)
    5870                      .dwattr $C$DW$497, DW_AT_name("INTx16")
    5871                      .dwattr $C$DW$497, DW_AT_bit_offset(0x00)
    5872                      .dwattr $C$DW$497, DW_AT_bit_size(0x01)
    5873                      .dwattr $C$DW$497, DW_AT_accessibility(DW_ACCESS_public)
    5874                      .dwattr $C$DW$497, DW_AT_decl_file("/home/jose/ti/c2000/C2000Ware_26_01_00_00/device_support/f2837xd/
    5875                      .dwattr $C$DW$497, DW_AT_decl_line(0x19d)
    5876                      .dwattr $C$DW$497, DW_AT_decl_column(0x0c)
    5877              
    5878                      .dwattr $C$DW$T$88, DW_AT_decl_file("/home/jose/ti/c2000/C2000Ware_26_01_00_00/device_support/f2837xd
    5879                      .dwattr $C$DW$T$88, DW_AT_decl_line(0x18d)
    5880                      .dwattr $C$DW$T$88, DW_AT_decl_column(0x08)
    5881                      .dwendtag $C$DW$T$88
    5882              
    5883                      .dwendtag $C$DW$TU$88
    5884              
    5885              
    5886              $C$DW$TU$89     .dwtag  DW_TAG_type_unit
    5887                      .dwmtype  $C$DW$T$89
    5888              
    5889              $C$DW$T$89      .dwtag  DW_TAG_union_type
    5890                      .dwattr $C$DW$T$89, DW_AT_name("PIEIFR7_REG")
    5891                      .dwattr $C$DW$T$89, DW_AT_byte_size(0x01)
    5892              $C$DW$498       .dwtag  DW_TAG_member
    5893                      .dwattr $C$DW$498, DW_AT_type(*$C$DW$T$41)
    5894                      .dwattr $C$DW$498, DW_AT_name("all")
    5895                      .dwattr $C$DW$498, DW_AT_accessibility(DW_ACCESS_public)
    5896                      .dwattr $C$DW$498, DW_AT_decl_file("/home/jose/ti/c2000/C2000Ware_26_01_00_00/device_support/f2837xd/
    5897                      .dwattr $C$DW$498, DW_AT_decl_line(0x1a1)
    5898                      .dwattr $C$DW$498, DW_AT_decl_column(0x0d)
    5899              
    5900              $C$DW$499       .dwtag  DW_TAG_member
    5901                      .dwattr $C$DW$499, DW_AT_type(*$C$DW$T$88)
    5902                      .dwattr $C$DW$499, DW_AT_name("bit")
    5903                      .dwattr $C$DW$499, DW_AT_accessibility(DW_ACCESS_public)
    5904                      .dwattr $C$DW$499, DW_AT_decl_file("/home/jose/ti/c2000/C2000Ware_26_01_00_00/device_support/f2837xd/
    5905                      .dwattr $C$DW$499, DW_AT_decl_line(0x1a2)
    5906                      .dwattr $C$DW$499, DW_AT_decl_column(0x1b)
    5907              
    5908                      .dwattr $C$DW$T$89, DW_AT_decl_file("/home/jose/ti/c2000/C2000Ware_26_01_00_00/device_support/f2837xd
    5909                      .dwattr $C$DW$T$89, DW_AT_decl_line(0x1a0)
    5910                      .dwattr $C$DW$T$89, DW_AT_decl_column(0x07)
    5911                      .dwendtag $C$DW$T$89
TMS320C2000 Assembler Unix v25.11.0 Sat May 30 20:22:51 2026

Copyright (c) 1996-2018 Texas Instruments Incorporated
main.asm                                                             PAGE  109

    5912              
    5913                      .dwendtag $C$DW$TU$89
    5914              
    5915              
    5916              $C$DW$TU$90     .dwtag  DW_TAG_type_unit
    5917                      .dwmtype  $C$DW$T$90
    5918              
    5919              $C$DW$T$90      .dwtag  DW_TAG_structure_type
    5920                      .dwattr $C$DW$T$90, DW_AT_name("PIEIFR8_BITS")
    5921                      .dwattr $C$DW$T$90, DW_AT_byte_size(0x01)
    5922              $C$DW$500       .dwtag  DW_TAG_member
    5923                      .dwattr $C$DW$500, DW_AT_type(*$C$DW$T$41)
    5924                      .dwattr $C$DW$500, DW_AT_name("INTx1")
    5925                      .dwattr $C$DW$500, DW_AT_bit_offset(0x0f)
    5926                      .dwattr $C$DW$500, DW_AT_bit_size(0x01)
    5927                      .dwattr $C$DW$500, DW_AT_accessibility(DW_ACCESS_public)
    5928                      .dwattr $C$DW$500, DW_AT_decl_file("/home/jose/ti/c2000/C2000Ware_26_01_00_00/device_support/f2837xd/
    5929                      .dwattr $C$DW$500, DW_AT_decl_line(0x1be)
    5930                      .dwattr $C$DW$500, DW_AT_decl_column(0x0c)
    5931              
    5932              $C$DW$501       .dwtag  DW_TAG_member
    5933                      .dwattr $C$DW$501, DW_AT_type(*$C$DW$T$41)
    5934                      .dwattr $C$DW$501, DW_AT_name("INTx2")
    5935                      .dwattr $C$DW$501, DW_AT_bit_offset(0x0e)
    5936                      .dwattr $C$DW$501, DW_AT_bit_size(0x01)
    5937                      .dwattr $C$DW$501, DW_AT_accessibility(DW_ACCESS_public)
    5938                      .dwattr $C$DW$501, DW_AT_decl_file("/home/jose/ti/c2000/C2000Ware_26_01_00_00/device_support/f2837xd/
    5939                      .dwattr $C$DW$501, DW_AT_decl_line(0x1bf)
    5940                      .dwattr $C$DW$501, DW_AT_decl_column(0x0c)
    5941              
    5942              $C$DW$502       .dwtag  DW_TAG_member
    5943                      .dwattr $C$DW$502, DW_AT_type(*$C$DW$T$41)
    5944                      .dwattr $C$DW$502, DW_AT_name("INTx3")
    5945                      .dwattr $C$DW$502, DW_AT_bit_offset(0x0d)
    5946                      .dwattr $C$DW$502, DW_AT_bit_size(0x01)
    5947                      .dwattr $C$DW$502, DW_AT_accessibility(DW_ACCESS_public)
    5948                      .dwattr $C$DW$502, DW_AT_decl_file("/home/jose/ti/c2000/C2000Ware_26_01_00_00/device_support/f2837xd/
    5949                      .dwattr $C$DW$502, DW_AT_decl_line(0x1c0)
    5950                      .dwattr $C$DW$502, DW_AT_decl_column(0x0c)
    5951              
    5952              $C$DW$503       .dwtag  DW_TAG_member
    5953                      .dwattr $C$DW$503, DW_AT_type(*$C$DW$T$41)
    5954                      .dwattr $C$DW$503, DW_AT_name("INTx4")
    5955                      .dwattr $C$DW$503, DW_AT_bit_offset(0x0c)
    5956                      .dwattr $C$DW$503, DW_AT_bit_size(0x01)
    5957                      .dwattr $C$DW$503, DW_AT_accessibility(DW_ACCESS_public)
    5958                      .dwattr $C$DW$503, DW_AT_decl_file("/home/jose/ti/c2000/C2000Ware_26_01_00_00/device_support/f2837xd/
    5959                      .dwattr $C$DW$503, DW_AT_decl_line(0x1c1)
    5960                      .dwattr $C$DW$503, DW_AT_decl_column(0x0c)
    5961              
    5962              $C$DW$504       .dwtag  DW_TAG_member
    5963                      .dwattr $C$DW$504, DW_AT_type(*$C$DW$T$41)
    5964                      .dwattr $C$DW$504, DW_AT_name("INTx5")
    5965                      .dwattr $C$DW$504, DW_AT_bit_offset(0x0b)
    5966                      .dwattr $C$DW$504, DW_AT_bit_size(0x01)
TMS320C2000 Assembler Unix v25.11.0 Sat May 30 20:22:51 2026

Copyright (c) 1996-2018 Texas Instruments Incorporated
main.asm                                                             PAGE  110

    5967                      .dwattr $C$DW$504, DW_AT_accessibility(DW_ACCESS_public)
    5968                      .dwattr $C$DW$504, DW_AT_decl_file("/home/jose/ti/c2000/C2000Ware_26_01_00_00/device_support/f2837xd/
    5969                      .dwattr $C$DW$504, DW_AT_decl_line(0x1c2)
    5970                      .dwattr $C$DW$504, DW_AT_decl_column(0x0c)
    5971              
    5972              $C$DW$505       .dwtag  DW_TAG_member
    5973                      .dwattr $C$DW$505, DW_AT_type(*$C$DW$T$41)
    5974                      .dwattr $C$DW$505, DW_AT_name("INTx6")
    5975                      .dwattr $C$DW$505, DW_AT_bit_offset(0x0a)
    5976                      .dwattr $C$DW$505, DW_AT_bit_size(0x01)
    5977                      .dwattr $C$DW$505, DW_AT_accessibility(DW_ACCESS_public)
    5978                      .dwattr $C$DW$505, DW_AT_decl_file("/home/jose/ti/c2000/C2000Ware_26_01_00_00/device_support/f2837xd/
    5979                      .dwattr $C$DW$505, DW_AT_decl_line(0x1c3)
    5980                      .dwattr $C$DW$505, DW_AT_decl_column(0x0c)
    5981              
    5982              $C$DW$506       .dwtag  DW_TAG_member
    5983                      .dwattr $C$DW$506, DW_AT_type(*$C$DW$T$41)
    5984                      .dwattr $C$DW$506, DW_AT_name("INTx7")
    5985                      .dwattr $C$DW$506, DW_AT_bit_offset(0x09)
    5986                      .dwattr $C$DW$506, DW_AT_bit_size(0x01)
    5987                      .dwattr $C$DW$506, DW_AT_accessibility(DW_ACCESS_public)
    5988                      .dwattr $C$DW$506, DW_AT_decl_file("/home/jose/ti/c2000/C2000Ware_26_01_00_00/device_support/f2837xd/
    5989                      .dwattr $C$DW$506, DW_AT_decl_line(0x1c4)
    5990                      .dwattr $C$DW$506, DW_AT_decl_column(0x0c)
    5991              
    5992              $C$DW$507       .dwtag  DW_TAG_member
    5993                      .dwattr $C$DW$507, DW_AT_type(*$C$DW$T$41)
    5994                      .dwattr $C$DW$507, DW_AT_name("INTx8")
    5995                      .dwattr $C$DW$507, DW_AT_bit_offset(0x08)
    5996                      .dwattr $C$DW$507, DW_AT_bit_size(0x01)
    5997                      .dwattr $C$DW$507, DW_AT_accessibility(DW_ACCESS_public)
    5998                      .dwattr $C$DW$507, DW_AT_decl_file("/home/jose/ti/c2000/C2000Ware_26_01_00_00/device_support/f2837xd/
    5999                      .dwattr $C$DW$507, DW_AT_decl_line(0x1c5)
    6000                      .dwattr $C$DW$507, DW_AT_decl_column(0x0c)
    6001              
    6002              $C$DW$508       .dwtag  DW_TAG_member
    6003                      .dwattr $C$DW$508, DW_AT_type(*$C$DW$T$41)
    6004                      .dwattr $C$DW$508, DW_AT_name("INTx9")
    6005                      .dwattr $C$DW$508, DW_AT_bit_offset(0x07)
    6006                      .dwattr $C$DW$508, DW_AT_bit_size(0x01)
    6007                      .dwattr $C$DW$508, DW_AT_accessibility(DW_ACCESS_public)
    6008                      .dwattr $C$DW$508, DW_AT_decl_file("/home/jose/ti/c2000/C2000Ware_26_01_00_00/device_support/f2837xd/
    6009                      .dwattr $C$DW$508, DW_AT_decl_line(0x1c6)
    6010                      .dwattr $C$DW$508, DW_AT_decl_column(0x0c)
    6011              
    6012              $C$DW$509       .dwtag  DW_TAG_member
    6013                      .dwattr $C$DW$509, DW_AT_type(*$C$DW$T$41)
    6014                      .dwattr $C$DW$509, DW_AT_name("INTx10")
    6015                      .dwattr $C$DW$509, DW_AT_bit_offset(0x06)
    6016                      .dwattr $C$DW$509, DW_AT_bit_size(0x01)
    6017                      .dwattr $C$DW$509, DW_AT_accessibility(DW_ACCESS_public)
    6018                      .dwattr $C$DW$509, DW_AT_decl_file("/home/jose/ti/c2000/C2000Ware_26_01_00_00/device_support/f2837xd/
    6019                      .dwattr $C$DW$509, DW_AT_decl_line(0x1c7)
    6020                      .dwattr $C$DW$509, DW_AT_decl_column(0x0c)
    6021              
TMS320C2000 Assembler Unix v25.11.0 Sat May 30 20:22:51 2026

Copyright (c) 1996-2018 Texas Instruments Incorporated
main.asm                                                             PAGE  111

    6022              $C$DW$510       .dwtag  DW_TAG_member
    6023                      .dwattr $C$DW$510, DW_AT_type(*$C$DW$T$41)
    6024                      .dwattr $C$DW$510, DW_AT_name("INTx11")
    6025                      .dwattr $C$DW$510, DW_AT_bit_offset(0x05)
    6026                      .dwattr $C$DW$510, DW_AT_bit_size(0x01)
    6027                      .dwattr $C$DW$510, DW_AT_accessibility(DW_ACCESS_public)
    6028                      .dwattr $C$DW$510, DW_AT_decl_file("/home/jose/ti/c2000/C2000Ware_26_01_00_00/device_support/f2837xd/
    6029                      .dwattr $C$DW$510, DW_AT_decl_line(0x1c8)
    6030                      .dwattr $C$DW$510, DW_AT_decl_column(0x0c)
    6031              
    6032              $C$DW$511       .dwtag  DW_TAG_member
    6033                      .dwattr $C$DW$511, DW_AT_type(*$C$DW$T$41)
    6034                      .dwattr $C$DW$511, DW_AT_name("INTx12")
    6035                      .dwattr $C$DW$511, DW_AT_bit_offset(0x04)
    6036                      .dwattr $C$DW$511, DW_AT_bit_size(0x01)
    6037                      .dwattr $C$DW$511, DW_AT_accessibility(DW_ACCESS_public)
    6038                      .dwattr $C$DW$511, DW_AT_decl_file("/home/jose/ti/c2000/C2000Ware_26_01_00_00/device_support/f2837xd/
    6039                      .dwattr $C$DW$511, DW_AT_decl_line(0x1c9)
    6040                      .dwattr $C$DW$511, DW_AT_decl_column(0x0c)
    6041              
    6042              $C$DW$512       .dwtag  DW_TAG_member
    6043                      .dwattr $C$DW$512, DW_AT_type(*$C$DW$T$41)
    6044                      .dwattr $C$DW$512, DW_AT_name("INTx13")
    6045                      .dwattr $C$DW$512, DW_AT_bit_offset(0x03)
    6046                      .dwattr $C$DW$512, DW_AT_bit_size(0x01)
    6047                      .dwattr $C$DW$512, DW_AT_accessibility(DW_ACCESS_public)
    6048                      .dwattr $C$DW$512, DW_AT_decl_file("/home/jose/ti/c2000/C2000Ware_26_01_00_00/device_support/f2837xd/
    6049                      .dwattr $C$DW$512, DW_AT_decl_line(0x1ca)
    6050                      .dwattr $C$DW$512, DW_AT_decl_column(0x0c)
    6051              
    6052              $C$DW$513       .dwtag  DW_TAG_member
    6053                      .dwattr $C$DW$513, DW_AT_type(*$C$DW$T$41)
    6054                      .dwattr $C$DW$513, DW_AT_name("INTx14")
    6055                      .dwattr $C$DW$513, DW_AT_bit_offset(0x02)
    6056                      .dwattr $C$DW$513, DW_AT_bit_size(0x01)
    6057                      .dwattr $C$DW$513, DW_AT_accessibility(DW_ACCESS_public)
    6058                      .dwattr $C$DW$513, DW_AT_decl_file("/home/jose/ti/c2000/C2000Ware_26_01_00_00/device_support/f2837xd/
    6059                      .dwattr $C$DW$513, DW_AT_decl_line(0x1cb)
    6060                      .dwattr $C$DW$513, DW_AT_decl_column(0x0c)
    6061              
    6062              $C$DW$514       .dwtag  DW_TAG_member
    6063                      .dwattr $C$DW$514, DW_AT_type(*$C$DW$T$41)
    6064                      .dwattr $C$DW$514, DW_AT_name("INTx15")
    6065                      .dwattr $C$DW$514, DW_AT_bit_offset(0x01)
    6066                      .dwattr $C$DW$514, DW_AT_bit_size(0x01)
    6067                      .dwattr $C$DW$514, DW_AT_accessibility(DW_ACCESS_public)
    6068                      .dwattr $C$DW$514, DW_AT_decl_file("/home/jose/ti/c2000/C2000Ware_26_01_00_00/device_support/f2837xd/
    6069                      .dwattr $C$DW$514, DW_AT_decl_line(0x1cc)
    6070                      .dwattr $C$DW$514, DW_AT_decl_column(0x0c)
    6071              
    6072              $C$DW$515       .dwtag  DW_TAG_member
    6073                      .dwattr $C$DW$515, DW_AT_type(*$C$DW$T$41)
    6074                      .dwattr $C$DW$515, DW_AT_name("INTx16")
    6075                      .dwattr $C$DW$515, DW_AT_bit_offset(0x00)
    6076                      .dwattr $C$DW$515, DW_AT_bit_size(0x01)
TMS320C2000 Assembler Unix v25.11.0 Sat May 30 20:22:51 2026

Copyright (c) 1996-2018 Texas Instruments Incorporated
main.asm                                                             PAGE  112

    6077                      .dwattr $C$DW$515, DW_AT_accessibility(DW_ACCESS_public)
    6078                      .dwattr $C$DW$515, DW_AT_decl_file("/home/jose/ti/c2000/C2000Ware_26_01_00_00/device_support/f2837xd/
    6079                      .dwattr $C$DW$515, DW_AT_decl_line(0x1cd)
    6080                      .dwattr $C$DW$515, DW_AT_decl_column(0x0c)
    6081              
    6082                      .dwattr $C$DW$T$90, DW_AT_decl_file("/home/jose/ti/c2000/C2000Ware_26_01_00_00/device_support/f2837xd
    6083                      .dwattr $C$DW$T$90, DW_AT_decl_line(0x1bd)
    6084                      .dwattr $C$DW$T$90, DW_AT_decl_column(0x08)
    6085                      .dwendtag $C$DW$T$90
    6086              
    6087                      .dwendtag $C$DW$TU$90
    6088              
    6089              
    6090              $C$DW$TU$91     .dwtag  DW_TAG_type_unit
    6091                      .dwmtype  $C$DW$T$91
    6092              
    6093              $C$DW$T$91      .dwtag  DW_TAG_union_type
    6094                      .dwattr $C$DW$T$91, DW_AT_name("PIEIFR8_REG")
    6095                      .dwattr $C$DW$T$91, DW_AT_byte_size(0x01)
    6096              $C$DW$516       .dwtag  DW_TAG_member
    6097                      .dwattr $C$DW$516, DW_AT_type(*$C$DW$T$41)
    6098                      .dwattr $C$DW$516, DW_AT_name("all")
    6099                      .dwattr $C$DW$516, DW_AT_accessibility(DW_ACCESS_public)
    6100                      .dwattr $C$DW$516, DW_AT_decl_file("/home/jose/ti/c2000/C2000Ware_26_01_00_00/device_support/f2837xd/
    6101                      .dwattr $C$DW$516, DW_AT_decl_line(0x1d1)
    6102                      .dwattr $C$DW$516, DW_AT_decl_column(0x0d)
    6103              
    6104              $C$DW$517       .dwtag  DW_TAG_member
    6105                      .dwattr $C$DW$517, DW_AT_type(*$C$DW$T$90)
    6106                      .dwattr $C$DW$517, DW_AT_name("bit")
    6107                      .dwattr $C$DW$517, DW_AT_accessibility(DW_ACCESS_public)
    6108                      .dwattr $C$DW$517, DW_AT_decl_file("/home/jose/ti/c2000/C2000Ware_26_01_00_00/device_support/f2837xd/
    6109                      .dwattr $C$DW$517, DW_AT_decl_line(0x1d2)
    6110                      .dwattr $C$DW$517, DW_AT_decl_column(0x1b)
    6111              
    6112                      .dwattr $C$DW$T$91, DW_AT_decl_file("/home/jose/ti/c2000/C2000Ware_26_01_00_00/device_support/f2837xd
    6113                      .dwattr $C$DW$T$91, DW_AT_decl_line(0x1d0)
    6114                      .dwattr $C$DW$T$91, DW_AT_decl_column(0x07)
    6115                      .dwendtag $C$DW$T$91
    6116              
    6117                      .dwendtag $C$DW$TU$91
    6118              
    6119              
    6120              $C$DW$TU$92     .dwtag  DW_TAG_type_unit
    6121                      .dwmtype  $C$DW$T$92
    6122              
    6123              $C$DW$T$92      .dwtag  DW_TAG_structure_type
    6124                      .dwattr $C$DW$T$92, DW_AT_name("PIEIFR9_BITS")
    6125                      .dwattr $C$DW$T$92, DW_AT_byte_size(0x01)
    6126              $C$DW$518       .dwtag  DW_TAG_member
    6127                      .dwattr $C$DW$518, DW_AT_type(*$C$DW$T$41)
    6128                      .dwattr $C$DW$518, DW_AT_name("INTx1")
    6129                      .dwattr $C$DW$518, DW_AT_bit_offset(0x0f)
    6130                      .dwattr $C$DW$518, DW_AT_bit_size(0x01)
    6131                      .dwattr $C$DW$518, DW_AT_accessibility(DW_ACCESS_public)
TMS320C2000 Assembler Unix v25.11.0 Sat May 30 20:22:51 2026

Copyright (c) 1996-2018 Texas Instruments Incorporated
main.asm                                                             PAGE  113

    6132                      .dwattr $C$DW$518, DW_AT_decl_file("/home/jose/ti/c2000/C2000Ware_26_01_00_00/device_support/f2837xd/
    6133                      .dwattr $C$DW$518, DW_AT_decl_line(0x1ee)
    6134                      .dwattr $C$DW$518, DW_AT_decl_column(0x0c)
    6135              
    6136              $C$DW$519       .dwtag  DW_TAG_member
    6137                      .dwattr $C$DW$519, DW_AT_type(*$C$DW$T$41)
    6138                      .dwattr $C$DW$519, DW_AT_name("INTx2")
    6139                      .dwattr $C$DW$519, DW_AT_bit_offset(0x0e)
    6140                      .dwattr $C$DW$519, DW_AT_bit_size(0x01)
    6141                      .dwattr $C$DW$519, DW_AT_accessibility(DW_ACCESS_public)
    6142                      .dwattr $C$DW$519, DW_AT_decl_file("/home/jose/ti/c2000/C2000Ware_26_01_00_00/device_support/f2837xd/
    6143                      .dwattr $C$DW$519, DW_AT_decl_line(0x1ef)
    6144                      .dwattr $C$DW$519, DW_AT_decl_column(0x0c)
    6145              
    6146              $C$DW$520       .dwtag  DW_TAG_member
    6147                      .dwattr $C$DW$520, DW_AT_type(*$C$DW$T$41)
    6148                      .dwattr $C$DW$520, DW_AT_name("INTx3")
    6149                      .dwattr $C$DW$520, DW_AT_bit_offset(0x0d)
    6150                      .dwattr $C$DW$520, DW_AT_bit_size(0x01)
    6151                      .dwattr $C$DW$520, DW_AT_accessibility(DW_ACCESS_public)
    6152                      .dwattr $C$DW$520, DW_AT_decl_file("/home/jose/ti/c2000/C2000Ware_26_01_00_00/device_support/f2837xd/
    6153                      .dwattr $C$DW$520, DW_AT_decl_line(0x1f0)
    6154                      .dwattr $C$DW$520, DW_AT_decl_column(0x0c)
    6155              
    6156              $C$DW$521       .dwtag  DW_TAG_member
    6157                      .dwattr $C$DW$521, DW_AT_type(*$C$DW$T$41)
    6158                      .dwattr $C$DW$521, DW_AT_name("INTx4")
    6159                      .dwattr $C$DW$521, DW_AT_bit_offset(0x0c)
    6160                      .dwattr $C$DW$521, DW_AT_bit_size(0x01)
    6161                      .dwattr $C$DW$521, DW_AT_accessibility(DW_ACCESS_public)
    6162                      .dwattr $C$DW$521, DW_AT_decl_file("/home/jose/ti/c2000/C2000Ware_26_01_00_00/device_support/f2837xd/
    6163                      .dwattr $C$DW$521, DW_AT_decl_line(0x1f1)
    6164                      .dwattr $C$DW$521, DW_AT_decl_column(0x0c)
    6165              
    6166              $C$DW$522       .dwtag  DW_TAG_member
    6167                      .dwattr $C$DW$522, DW_AT_type(*$C$DW$T$41)
    6168                      .dwattr $C$DW$522, DW_AT_name("INTx5")
    6169                      .dwattr $C$DW$522, DW_AT_bit_offset(0x0b)
    6170                      .dwattr $C$DW$522, DW_AT_bit_size(0x01)
    6171                      .dwattr $C$DW$522, DW_AT_accessibility(DW_ACCESS_public)
    6172                      .dwattr $C$DW$522, DW_AT_decl_file("/home/jose/ti/c2000/C2000Ware_26_01_00_00/device_support/f2837xd/
    6173                      .dwattr $C$DW$522, DW_AT_decl_line(0x1f2)
    6174                      .dwattr $C$DW$522, DW_AT_decl_column(0x0c)
    6175              
    6176              $C$DW$523       .dwtag  DW_TAG_member
    6177                      .dwattr $C$DW$523, DW_AT_type(*$C$DW$T$41)
    6178                      .dwattr $C$DW$523, DW_AT_name("INTx6")
    6179                      .dwattr $C$DW$523, DW_AT_bit_offset(0x0a)
    6180                      .dwattr $C$DW$523, DW_AT_bit_size(0x01)
    6181                      .dwattr $C$DW$523, DW_AT_accessibility(DW_ACCESS_public)
    6182                      .dwattr $C$DW$523, DW_AT_decl_file("/home/jose/ti/c2000/C2000Ware_26_01_00_00/device_support/f2837xd/
    6183                      .dwattr $C$DW$523, DW_AT_decl_line(0x1f3)
    6184                      .dwattr $C$DW$523, DW_AT_decl_column(0x0c)
    6185              
    6186              $C$DW$524       .dwtag  DW_TAG_member
TMS320C2000 Assembler Unix v25.11.0 Sat May 30 20:22:51 2026

Copyright (c) 1996-2018 Texas Instruments Incorporated
main.asm                                                             PAGE  114

    6187                      .dwattr $C$DW$524, DW_AT_type(*$C$DW$T$41)
    6188                      .dwattr $C$DW$524, DW_AT_name("INTx7")
    6189                      .dwattr $C$DW$524, DW_AT_bit_offset(0x09)
    6190                      .dwattr $C$DW$524, DW_AT_bit_size(0x01)
    6191                      .dwattr $C$DW$524, DW_AT_accessibility(DW_ACCESS_public)
    6192                      .dwattr $C$DW$524, DW_AT_decl_file("/home/jose/ti/c2000/C2000Ware_26_01_00_00/device_support/f2837xd/
    6193                      .dwattr $C$DW$524, DW_AT_decl_line(0x1f4)
    6194                      .dwattr $C$DW$524, DW_AT_decl_column(0x0c)
    6195              
    6196              $C$DW$525       .dwtag  DW_TAG_member
    6197                      .dwattr $C$DW$525, DW_AT_type(*$C$DW$T$41)
    6198                      .dwattr $C$DW$525, DW_AT_name("INTx8")
    6199                      .dwattr $C$DW$525, DW_AT_bit_offset(0x08)
    6200                      .dwattr $C$DW$525, DW_AT_bit_size(0x01)
    6201                      .dwattr $C$DW$525, DW_AT_accessibility(DW_ACCESS_public)
    6202                      .dwattr $C$DW$525, DW_AT_decl_file("/home/jose/ti/c2000/C2000Ware_26_01_00_00/device_support/f2837xd/
    6203                      .dwattr $C$DW$525, DW_AT_decl_line(0x1f5)
    6204                      .dwattr $C$DW$525, DW_AT_decl_column(0x0c)
    6205              
    6206              $C$DW$526       .dwtag  DW_TAG_member
    6207                      .dwattr $C$DW$526, DW_AT_type(*$C$DW$T$41)
    6208                      .dwattr $C$DW$526, DW_AT_name("INTx9")
    6209                      .dwattr $C$DW$526, DW_AT_bit_offset(0x07)
    6210                      .dwattr $C$DW$526, DW_AT_bit_size(0x01)
    6211                      .dwattr $C$DW$526, DW_AT_accessibility(DW_ACCESS_public)
    6212                      .dwattr $C$DW$526, DW_AT_decl_file("/home/jose/ti/c2000/C2000Ware_26_01_00_00/device_support/f2837xd/
    6213                      .dwattr $C$DW$526, DW_AT_decl_line(0x1f6)
    6214                      .dwattr $C$DW$526, DW_AT_decl_column(0x0c)
    6215              
    6216              $C$DW$527       .dwtag  DW_TAG_member
    6217                      .dwattr $C$DW$527, DW_AT_type(*$C$DW$T$41)
    6218                      .dwattr $C$DW$527, DW_AT_name("INTx10")
    6219                      .dwattr $C$DW$527, DW_AT_bit_offset(0x06)
    6220                      .dwattr $C$DW$527, DW_AT_bit_size(0x01)
    6221                      .dwattr $C$DW$527, DW_AT_accessibility(DW_ACCESS_public)
    6222                      .dwattr $C$DW$527, DW_AT_decl_file("/home/jose/ti/c2000/C2000Ware_26_01_00_00/device_support/f2837xd/
    6223                      .dwattr $C$DW$527, DW_AT_decl_line(0x1f7)
    6224                      .dwattr $C$DW$527, DW_AT_decl_column(0x0c)
    6225              
    6226              $C$DW$528       .dwtag  DW_TAG_member
    6227                      .dwattr $C$DW$528, DW_AT_type(*$C$DW$T$41)
    6228                      .dwattr $C$DW$528, DW_AT_name("INTx11")
    6229                      .dwattr $C$DW$528, DW_AT_bit_offset(0x05)
    6230                      .dwattr $C$DW$528, DW_AT_bit_size(0x01)
    6231                      .dwattr $C$DW$528, DW_AT_accessibility(DW_ACCESS_public)
    6232                      .dwattr $C$DW$528, DW_AT_decl_file("/home/jose/ti/c2000/C2000Ware_26_01_00_00/device_support/f2837xd/
    6233                      .dwattr $C$DW$528, DW_AT_decl_line(0x1f8)
    6234                      .dwattr $C$DW$528, DW_AT_decl_column(0x0c)
    6235              
    6236              $C$DW$529       .dwtag  DW_TAG_member
    6237                      .dwattr $C$DW$529, DW_AT_type(*$C$DW$T$41)
    6238                      .dwattr $C$DW$529, DW_AT_name("INTx12")
    6239                      .dwattr $C$DW$529, DW_AT_bit_offset(0x04)
    6240                      .dwattr $C$DW$529, DW_AT_bit_size(0x01)
    6241                      .dwattr $C$DW$529, DW_AT_accessibility(DW_ACCESS_public)
TMS320C2000 Assembler Unix v25.11.0 Sat May 30 20:22:51 2026

Copyright (c) 1996-2018 Texas Instruments Incorporated
main.asm                                                             PAGE  115

    6242                      .dwattr $C$DW$529, DW_AT_decl_file("/home/jose/ti/c2000/C2000Ware_26_01_00_00/device_support/f2837xd/
    6243                      .dwattr $C$DW$529, DW_AT_decl_line(0x1f9)
    6244                      .dwattr $C$DW$529, DW_AT_decl_column(0x0c)
    6245              
    6246              $C$DW$530       .dwtag  DW_TAG_member
    6247                      .dwattr $C$DW$530, DW_AT_type(*$C$DW$T$41)
    6248                      .dwattr $C$DW$530, DW_AT_name("INTx13")
    6249                      .dwattr $C$DW$530, DW_AT_bit_offset(0x03)
    6250                      .dwattr $C$DW$530, DW_AT_bit_size(0x01)
    6251                      .dwattr $C$DW$530, DW_AT_accessibility(DW_ACCESS_public)
    6252                      .dwattr $C$DW$530, DW_AT_decl_file("/home/jose/ti/c2000/C2000Ware_26_01_00_00/device_support/f2837xd/
    6253                      .dwattr $C$DW$530, DW_AT_decl_line(0x1fa)
    6254                      .dwattr $C$DW$530, DW_AT_decl_column(0x0c)
    6255              
    6256              $C$DW$531       .dwtag  DW_TAG_member
    6257                      .dwattr $C$DW$531, DW_AT_type(*$C$DW$T$41)
    6258                      .dwattr $C$DW$531, DW_AT_name("INTx14")
    6259                      .dwattr $C$DW$531, DW_AT_bit_offset(0x02)
    6260                      .dwattr $C$DW$531, DW_AT_bit_size(0x01)
    6261                      .dwattr $C$DW$531, DW_AT_accessibility(DW_ACCESS_public)
    6262                      .dwattr $C$DW$531, DW_AT_decl_file("/home/jose/ti/c2000/C2000Ware_26_01_00_00/device_support/f2837xd/
    6263                      .dwattr $C$DW$531, DW_AT_decl_line(0x1fb)
    6264                      .dwattr $C$DW$531, DW_AT_decl_column(0x0c)
    6265              
    6266              $C$DW$532       .dwtag  DW_TAG_member
    6267                      .dwattr $C$DW$532, DW_AT_type(*$C$DW$T$41)
    6268                      .dwattr $C$DW$532, DW_AT_name("INTx15")
    6269                      .dwattr $C$DW$532, DW_AT_bit_offset(0x01)
    6270                      .dwattr $C$DW$532, DW_AT_bit_size(0x01)
    6271                      .dwattr $C$DW$532, DW_AT_accessibility(DW_ACCESS_public)
    6272                      .dwattr $C$DW$532, DW_AT_decl_file("/home/jose/ti/c2000/C2000Ware_26_01_00_00/device_support/f2837xd/
    6273                      .dwattr $C$DW$532, DW_AT_decl_line(0x1fc)
    6274                      .dwattr $C$DW$532, DW_AT_decl_column(0x0c)
    6275              
    6276              $C$DW$533       .dwtag  DW_TAG_member
    6277                      .dwattr $C$DW$533, DW_AT_type(*$C$DW$T$41)
    6278                      .dwattr $C$DW$533, DW_AT_name("INTx16")
    6279                      .dwattr $C$DW$533, DW_AT_bit_offset(0x00)
    6280                      .dwattr $C$DW$533, DW_AT_bit_size(0x01)
    6281                      .dwattr $C$DW$533, DW_AT_accessibility(DW_ACCESS_public)
    6282                      .dwattr $C$DW$533, DW_AT_decl_file("/home/jose/ti/c2000/C2000Ware_26_01_00_00/device_support/f2837xd/
    6283                      .dwattr $C$DW$533, DW_AT_decl_line(0x1fd)
    6284                      .dwattr $C$DW$533, DW_AT_decl_column(0x0c)
    6285              
    6286                      .dwattr $C$DW$T$92, DW_AT_decl_file("/home/jose/ti/c2000/C2000Ware_26_01_00_00/device_support/f2837xd
    6287                      .dwattr $C$DW$T$92, DW_AT_decl_line(0x1ed)
    6288                      .dwattr $C$DW$T$92, DW_AT_decl_column(0x08)
    6289                      .dwendtag $C$DW$T$92
    6290              
    6291                      .dwendtag $C$DW$TU$92
    6292              
    6293              
    6294              $C$DW$TU$93     .dwtag  DW_TAG_type_unit
    6295                      .dwmtype  $C$DW$T$93
    6296              
TMS320C2000 Assembler Unix v25.11.0 Sat May 30 20:22:51 2026

Copyright (c) 1996-2018 Texas Instruments Incorporated
main.asm                                                             PAGE  116

    6297              $C$DW$T$93      .dwtag  DW_TAG_union_type
    6298                      .dwattr $C$DW$T$93, DW_AT_name("PIEIFR9_REG")
    6299                      .dwattr $C$DW$T$93, DW_AT_byte_size(0x01)
    6300              $C$DW$534       .dwtag  DW_TAG_member
    6301                      .dwattr $C$DW$534, DW_AT_type(*$C$DW$T$41)
    6302                      .dwattr $C$DW$534, DW_AT_name("all")
    6303                      .dwattr $C$DW$534, DW_AT_accessibility(DW_ACCESS_public)
    6304                      .dwattr $C$DW$534, DW_AT_decl_file("/home/jose/ti/c2000/C2000Ware_26_01_00_00/device_support/f2837xd/
    6305                      .dwattr $C$DW$534, DW_AT_decl_line(0x201)
    6306                      .dwattr $C$DW$534, DW_AT_decl_column(0x0d)
    6307              
    6308              $C$DW$535       .dwtag  DW_TAG_member
    6309                      .dwattr $C$DW$535, DW_AT_type(*$C$DW$T$92)
    6310                      .dwattr $C$DW$535, DW_AT_name("bit")
    6311                      .dwattr $C$DW$535, DW_AT_accessibility(DW_ACCESS_public)
    6312                      .dwattr $C$DW$535, DW_AT_decl_file("/home/jose/ti/c2000/C2000Ware_26_01_00_00/device_support/f2837xd/
    6313                      .dwattr $C$DW$535, DW_AT_decl_line(0x202)
    6314                      .dwattr $C$DW$535, DW_AT_decl_column(0x1b)
    6315              
    6316                      .dwattr $C$DW$T$93, DW_AT_decl_file("/home/jose/ti/c2000/C2000Ware_26_01_00_00/device_support/f2837xd
    6317                      .dwattr $C$DW$T$93, DW_AT_decl_line(0x200)
    6318                      .dwattr $C$DW$T$93, DW_AT_decl_column(0x07)
    6319                      .dwendtag $C$DW$T$93
    6320              
    6321                      .dwendtag $C$DW$TU$93
    6322              
    6323              
    6324              $C$DW$TU$94     .dwtag  DW_TAG_type_unit
    6325                      .dwmtype  $C$DW$T$94
    6326              
    6327              $C$DW$T$94      .dwtag  DW_TAG_structure_type
    6328                      .dwattr $C$DW$T$94, DW_AT_name("PIE_CTRL_REGS")
    6329                      .dwattr $C$DW$T$94, DW_AT_byte_size(0x1a)
    6330              $C$DW$536       .dwtag  DW_TAG_member
    6331                      .dwattr $C$DW$536, DW_AT_type(*$C$DW$T$45)
    6332                      .dwattr $C$DW$536, DW_AT_name("PIECTRL")
    6333                      .dwattr $C$DW$536, DW_AT_accessibility(DW_ACCESS_public)
    6334                      .dwattr $C$DW$536, DW_AT_decl_file("/home/jose/ti/c2000/C2000Ware_26_01_00_00/device_support/f2837xd/
    6335                      .dwattr $C$DW$536, DW_AT_decl_line(0x296)
    6336                      .dwattr $C$DW$536, DW_AT_decl_column(0x2e)
    6337              
    6338              $C$DW$537       .dwtag  DW_TAG_member
    6339                      .dwattr $C$DW$537, DW_AT_type(*$C$DW$T$43)
    6340                      .dwattr $C$DW$537, DW_AT_name("PIEACK")
    6341                      .dwattr $C$DW$537, DW_AT_data_member_location[DW_OP_plus_uconst 0x1]
    6342                      .dwattr $C$DW$537, DW_AT_accessibility(DW_ACCESS_public)
    6343                      .dwattr $C$DW$537, DW_AT_decl_file("/home/jose/ti/c2000/C2000Ware_26_01_00_00/device_support/f2837xd/
    6344                      .dwattr $C$DW$537, DW_AT_decl_line(0x297)
    6345                      .dwattr $C$DW$537, DW_AT_decl_column(0x2e)
    6346              
    6347              $C$DW$538       .dwtag  DW_TAG_member
    6348                      .dwattr $C$DW$538, DW_AT_type(*$C$DW$T$53)
    6349                      .dwattr $C$DW$538, DW_AT_name("PIEIER1")
    6350                      .dwattr $C$DW$538, DW_AT_data_member_location[DW_OP_plus_uconst 0x2]
    6351                      .dwattr $C$DW$538, DW_AT_accessibility(DW_ACCESS_public)
TMS320C2000 Assembler Unix v25.11.0 Sat May 30 20:22:51 2026

Copyright (c) 1996-2018 Texas Instruments Incorporated
main.asm                                                             PAGE  117

    6352                      .dwattr $C$DW$538, DW_AT_decl_file("/home/jose/ti/c2000/C2000Ware_26_01_00_00/device_support/f2837xd/
    6353                      .dwattr $C$DW$538, DW_AT_decl_line(0x298)
    6354                      .dwattr $C$DW$538, DW_AT_decl_column(0x2e)
    6355              
    6356              $C$DW$539       .dwtag  DW_TAG_member
    6357                      .dwattr $C$DW$539, DW_AT_type(*$C$DW$T$77)
    6358                      .dwattr $C$DW$539, DW_AT_name("PIEIFR1")
    6359                      .dwattr $C$DW$539, DW_AT_data_member_location[DW_OP_plus_uconst 0x3]
    6360                      .dwattr $C$DW$539, DW_AT_accessibility(DW_ACCESS_public)
    6361                      .dwattr $C$DW$539, DW_AT_decl_file("/home/jose/ti/c2000/C2000Ware_26_01_00_00/device_support/f2837xd/
    6362                      .dwattr $C$DW$539, DW_AT_decl_line(0x299)
    6363                      .dwattr $C$DW$539, DW_AT_decl_column(0x2e)
    6364              
    6365              $C$DW$540       .dwtag  DW_TAG_member
    6366                      .dwattr $C$DW$540, DW_AT_type(*$C$DW$T$55)
    6367                      .dwattr $C$DW$540, DW_AT_name("PIEIER2")
    6368                      .dwattr $C$DW$540, DW_AT_data_member_location[DW_OP_plus_uconst 0x4]
    6369                      .dwattr $C$DW$540, DW_AT_accessibility(DW_ACCESS_public)
    6370                      .dwattr $C$DW$540, DW_AT_decl_file("/home/jose/ti/c2000/C2000Ware_26_01_00_00/device_support/f2837xd/
    6371                      .dwattr $C$DW$540, DW_AT_decl_line(0x29a)
    6372                      .dwattr $C$DW$540, DW_AT_decl_column(0x2e)
    6373              
    6374              $C$DW$541       .dwtag  DW_TAG_member
    6375                      .dwattr $C$DW$541, DW_AT_type(*$C$DW$T$79)
    6376                      .dwattr $C$DW$541, DW_AT_name("PIEIFR2")
    6377                      .dwattr $C$DW$541, DW_AT_data_member_location[DW_OP_plus_uconst 0x5]
    6378                      .dwattr $C$DW$541, DW_AT_accessibility(DW_ACCESS_public)
    6379                      .dwattr $C$DW$541, DW_AT_decl_file("/home/jose/ti/c2000/C2000Ware_26_01_00_00/device_support/f2837xd/
    6380                      .dwattr $C$DW$541, DW_AT_decl_line(0x29b)
    6381                      .dwattr $C$DW$541, DW_AT_decl_column(0x2e)
    6382              
    6383              $C$DW$542       .dwtag  DW_TAG_member
    6384                      .dwattr $C$DW$542, DW_AT_type(*$C$DW$T$57)
    6385                      .dwattr $C$DW$542, DW_AT_name("PIEIER3")
    6386                      .dwattr $C$DW$542, DW_AT_data_member_location[DW_OP_plus_uconst 0x6]
    6387                      .dwattr $C$DW$542, DW_AT_accessibility(DW_ACCESS_public)
    6388                      .dwattr $C$DW$542, DW_AT_decl_file("/home/jose/ti/c2000/C2000Ware_26_01_00_00/device_support/f2837xd/
    6389                      .dwattr $C$DW$542, DW_AT_decl_line(0x29c)
    6390                      .dwattr $C$DW$542, DW_AT_decl_column(0x2e)
    6391              
    6392              $C$DW$543       .dwtag  DW_TAG_member
    6393                      .dwattr $C$DW$543, DW_AT_type(*$C$DW$T$81)
    6394                      .dwattr $C$DW$543, DW_AT_name("PIEIFR3")
    6395                      .dwattr $C$DW$543, DW_AT_data_member_location[DW_OP_plus_uconst 0x7]
    6396                      .dwattr $C$DW$543, DW_AT_accessibility(DW_ACCESS_public)
    6397                      .dwattr $C$DW$543, DW_AT_decl_file("/home/jose/ti/c2000/C2000Ware_26_01_00_00/device_support/f2837xd/
    6398                      .dwattr $C$DW$543, DW_AT_decl_line(0x29d)
    6399                      .dwattr $C$DW$543, DW_AT_decl_column(0x2e)
    6400              
    6401              $C$DW$544       .dwtag  DW_TAG_member
    6402                      .dwattr $C$DW$544, DW_AT_type(*$C$DW$T$59)
    6403                      .dwattr $C$DW$544, DW_AT_name("PIEIER4")
    6404                      .dwattr $C$DW$544, DW_AT_data_member_location[DW_OP_plus_uconst 0x8]
    6405                      .dwattr $C$DW$544, DW_AT_accessibility(DW_ACCESS_public)
    6406                      .dwattr $C$DW$544, DW_AT_decl_file("/home/jose/ti/c2000/C2000Ware_26_01_00_00/device_support/f2837xd/
TMS320C2000 Assembler Unix v25.11.0 Sat May 30 20:22:51 2026

Copyright (c) 1996-2018 Texas Instruments Incorporated
main.asm                                                             PAGE  118

    6407                      .dwattr $C$DW$544, DW_AT_decl_line(0x29e)
    6408                      .dwattr $C$DW$544, DW_AT_decl_column(0x2e)
    6409              
    6410              $C$DW$545       .dwtag  DW_TAG_member
    6411                      .dwattr $C$DW$545, DW_AT_type(*$C$DW$T$83)
    6412                      .dwattr $C$DW$545, DW_AT_name("PIEIFR4")
    6413                      .dwattr $C$DW$545, DW_AT_data_member_location[DW_OP_plus_uconst 0x9]
    6414                      .dwattr $C$DW$545, DW_AT_accessibility(DW_ACCESS_public)
    6415                      .dwattr $C$DW$545, DW_AT_decl_file("/home/jose/ti/c2000/C2000Ware_26_01_00_00/device_support/f2837xd/
    6416                      .dwattr $C$DW$545, DW_AT_decl_line(0x29f)
    6417                      .dwattr $C$DW$545, DW_AT_decl_column(0x2e)
    6418              
    6419              $C$DW$546       .dwtag  DW_TAG_member
    6420                      .dwattr $C$DW$546, DW_AT_type(*$C$DW$T$61)
    6421                      .dwattr $C$DW$546, DW_AT_name("PIEIER5")
    6422                      .dwattr $C$DW$546, DW_AT_data_member_location[DW_OP_plus_uconst 0xa]
    6423                      .dwattr $C$DW$546, DW_AT_accessibility(DW_ACCESS_public)
    6424                      .dwattr $C$DW$546, DW_AT_decl_file("/home/jose/ti/c2000/C2000Ware_26_01_00_00/device_support/f2837xd/
    6425                      .dwattr $C$DW$546, DW_AT_decl_line(0x2a0)
    6426                      .dwattr $C$DW$546, DW_AT_decl_column(0x2e)
    6427              
    6428              $C$DW$547       .dwtag  DW_TAG_member
    6429                      .dwattr $C$DW$547, DW_AT_type(*$C$DW$T$85)
    6430                      .dwattr $C$DW$547, DW_AT_name("PIEIFR5")
    6431                      .dwattr $C$DW$547, DW_AT_data_member_location[DW_OP_plus_uconst 0xb]
    6432                      .dwattr $C$DW$547, DW_AT_accessibility(DW_ACCESS_public)
    6433                      .dwattr $C$DW$547, DW_AT_decl_file("/home/jose/ti/c2000/C2000Ware_26_01_00_00/device_support/f2837xd/
    6434                      .dwattr $C$DW$547, DW_AT_decl_line(0x2a1)
    6435                      .dwattr $C$DW$547, DW_AT_decl_column(0x2e)
    6436              
    6437              $C$DW$548       .dwtag  DW_TAG_member
    6438                      .dwattr $C$DW$548, DW_AT_type(*$C$DW$T$63)
    6439                      .dwattr $C$DW$548, DW_AT_name("PIEIER6")
    6440                      .dwattr $C$DW$548, DW_AT_data_member_location[DW_OP_plus_uconst 0xc]
    6441                      .dwattr $C$DW$548, DW_AT_accessibility(DW_ACCESS_public)
    6442                      .dwattr $C$DW$548, DW_AT_decl_file("/home/jose/ti/c2000/C2000Ware_26_01_00_00/device_support/f2837xd/
    6443                      .dwattr $C$DW$548, DW_AT_decl_line(0x2a2)
    6444                      .dwattr $C$DW$548, DW_AT_decl_column(0x2e)
    6445              
    6446              $C$DW$549       .dwtag  DW_TAG_member
    6447                      .dwattr $C$DW$549, DW_AT_type(*$C$DW$T$87)
    6448                      .dwattr $C$DW$549, DW_AT_name("PIEIFR6")
    6449                      .dwattr $C$DW$549, DW_AT_data_member_location[DW_OP_plus_uconst 0xd]
    6450                      .dwattr $C$DW$549, DW_AT_accessibility(DW_ACCESS_public)
    6451                      .dwattr $C$DW$549, DW_AT_decl_file("/home/jose/ti/c2000/C2000Ware_26_01_00_00/device_support/f2837xd/
    6452                      .dwattr $C$DW$549, DW_AT_decl_line(0x2a3)
    6453                      .dwattr $C$DW$549, DW_AT_decl_column(0x2e)
    6454              
    6455              $C$DW$550       .dwtag  DW_TAG_member
    6456                      .dwattr $C$DW$550, DW_AT_type(*$C$DW$T$65)
    6457                      .dwattr $C$DW$550, DW_AT_name("PIEIER7")
    6458                      .dwattr $C$DW$550, DW_AT_data_member_location[DW_OP_plus_uconst 0xe]
    6459                      .dwattr $C$DW$550, DW_AT_accessibility(DW_ACCESS_public)
    6460                      .dwattr $C$DW$550, DW_AT_decl_file("/home/jose/ti/c2000/C2000Ware_26_01_00_00/device_support/f2837xd/
    6461                      .dwattr $C$DW$550, DW_AT_decl_line(0x2a4)
TMS320C2000 Assembler Unix v25.11.0 Sat May 30 20:22:51 2026

Copyright (c) 1996-2018 Texas Instruments Incorporated
main.asm                                                             PAGE  119

    6462                      .dwattr $C$DW$550, DW_AT_decl_column(0x2e)
    6463              
    6464              $C$DW$551       .dwtag  DW_TAG_member
    6465                      .dwattr $C$DW$551, DW_AT_type(*$C$DW$T$89)
    6466                      .dwattr $C$DW$551, DW_AT_name("PIEIFR7")
    6467                      .dwattr $C$DW$551, DW_AT_data_member_location[DW_OP_plus_uconst 0xf]
    6468                      .dwattr $C$DW$551, DW_AT_accessibility(DW_ACCESS_public)
    6469                      .dwattr $C$DW$551, DW_AT_decl_file("/home/jose/ti/c2000/C2000Ware_26_01_00_00/device_support/f2837xd/
    6470                      .dwattr $C$DW$551, DW_AT_decl_line(0x2a5)
    6471                      .dwattr $C$DW$551, DW_AT_decl_column(0x2e)
    6472              
    6473              $C$DW$552       .dwtag  DW_TAG_member
    6474                      .dwattr $C$DW$552, DW_AT_type(*$C$DW$T$67)
    6475                      .dwattr $C$DW$552, DW_AT_name("PIEIER8")
    6476                      .dwattr $C$DW$552, DW_AT_data_member_location[DW_OP_plus_uconst 0x10]
    6477                      .dwattr $C$DW$552, DW_AT_accessibility(DW_ACCESS_public)
    6478                      .dwattr $C$DW$552, DW_AT_decl_file("/home/jose/ti/c2000/C2000Ware_26_01_00_00/device_support/f2837xd/
    6479                      .dwattr $C$DW$552, DW_AT_decl_line(0x2a6)
    6480                      .dwattr $C$DW$552, DW_AT_decl_column(0x2e)
    6481              
    6482              $C$DW$553       .dwtag  DW_TAG_member
    6483                      .dwattr $C$DW$553, DW_AT_type(*$C$DW$T$91)
    6484                      .dwattr $C$DW$553, DW_AT_name("PIEIFR8")
    6485                      .dwattr $C$DW$553, DW_AT_data_member_location[DW_OP_plus_uconst 0x11]
    6486                      .dwattr $C$DW$553, DW_AT_accessibility(DW_ACCESS_public)
    6487                      .dwattr $C$DW$553, DW_AT_decl_file("/home/jose/ti/c2000/C2000Ware_26_01_00_00/device_support/f2837xd/
    6488                      .dwattr $C$DW$553, DW_AT_decl_line(0x2a7)
    6489                      .dwattr $C$DW$553, DW_AT_decl_column(0x2e)
    6490              
    6491              $C$DW$554       .dwtag  DW_TAG_member
    6492                      .dwattr $C$DW$554, DW_AT_type(*$C$DW$T$69)
    6493                      .dwattr $C$DW$554, DW_AT_name("PIEIER9")
    6494                      .dwattr $C$DW$554, DW_AT_data_member_location[DW_OP_plus_uconst 0x12]
    6495                      .dwattr $C$DW$554, DW_AT_accessibility(DW_ACCESS_public)
    6496                      .dwattr $C$DW$554, DW_AT_decl_file("/home/jose/ti/c2000/C2000Ware_26_01_00_00/device_support/f2837xd/
    6497                      .dwattr $C$DW$554, DW_AT_decl_line(0x2a8)
    6498                      .dwattr $C$DW$554, DW_AT_decl_column(0x2e)
    6499              
    6500              $C$DW$555       .dwtag  DW_TAG_member
    6501                      .dwattr $C$DW$555, DW_AT_type(*$C$DW$T$93)
    6502                      .dwattr $C$DW$555, DW_AT_name("PIEIFR9")
    6503                      .dwattr $C$DW$555, DW_AT_data_member_location[DW_OP_plus_uconst 0x13]
    6504                      .dwattr $C$DW$555, DW_AT_accessibility(DW_ACCESS_public)
    6505                      .dwattr $C$DW$555, DW_AT_decl_file("/home/jose/ti/c2000/C2000Ware_26_01_00_00/device_support/f2837xd/
    6506                      .dwattr $C$DW$555, DW_AT_decl_line(0x2a9)
    6507                      .dwattr $C$DW$555, DW_AT_decl_column(0x2e)
    6508              
    6509              $C$DW$556       .dwtag  DW_TAG_member
    6510                      .dwattr $C$DW$556, DW_AT_type(*$C$DW$T$47)
    6511                      .dwattr $C$DW$556, DW_AT_name("PIEIER10")
    6512                      .dwattr $C$DW$556, DW_AT_data_member_location[DW_OP_plus_uconst 0x14]
    6513                      .dwattr $C$DW$556, DW_AT_accessibility(DW_ACCESS_public)
    6514                      .dwattr $C$DW$556, DW_AT_decl_file("/home/jose/ti/c2000/C2000Ware_26_01_00_00/device_support/f2837xd/
    6515                      .dwattr $C$DW$556, DW_AT_decl_line(0x2aa)
    6516                      .dwattr $C$DW$556, DW_AT_decl_column(0x2e)
TMS320C2000 Assembler Unix v25.11.0 Sat May 30 20:22:51 2026

Copyright (c) 1996-2018 Texas Instruments Incorporated
main.asm                                                             PAGE  120

    6517              
    6518              $C$DW$557       .dwtag  DW_TAG_member
    6519                      .dwattr $C$DW$557, DW_AT_type(*$C$DW$T$71)
    6520                      .dwattr $C$DW$557, DW_AT_name("PIEIFR10")
    6521                      .dwattr $C$DW$557, DW_AT_data_member_location[DW_OP_plus_uconst 0x15]
    6522                      .dwattr $C$DW$557, DW_AT_accessibility(DW_ACCESS_public)
    6523                      .dwattr $C$DW$557, DW_AT_decl_file("/home/jose/ti/c2000/C2000Ware_26_01_00_00/device_support/f2837xd/
    6524                      .dwattr $C$DW$557, DW_AT_decl_line(0x2ab)
    6525                      .dwattr $C$DW$557, DW_AT_decl_column(0x2e)
    6526              
    6527              $C$DW$558       .dwtag  DW_TAG_member
    6528                      .dwattr $C$DW$558, DW_AT_type(*$C$DW$T$49)
    6529                      .dwattr $C$DW$558, DW_AT_name("PIEIER11")
    6530                      .dwattr $C$DW$558, DW_AT_data_member_location[DW_OP_plus_uconst 0x16]
    6531                      .dwattr $C$DW$558, DW_AT_accessibility(DW_ACCESS_public)
    6532                      .dwattr $C$DW$558, DW_AT_decl_file("/home/jose/ti/c2000/C2000Ware_26_01_00_00/device_support/f2837xd/
    6533                      .dwattr $C$DW$558, DW_AT_decl_line(0x2ac)
    6534                      .dwattr $C$DW$558, DW_AT_decl_column(0x2e)
    6535              
    6536              $C$DW$559       .dwtag  DW_TAG_member
    6537                      .dwattr $C$DW$559, DW_AT_type(*$C$DW$T$73)
    6538                      .dwattr $C$DW$559, DW_AT_name("PIEIFR11")
    6539                      .dwattr $C$DW$559, DW_AT_data_member_location[DW_OP_plus_uconst 0x17]
    6540                      .dwattr $C$DW$559, DW_AT_accessibility(DW_ACCESS_public)
    6541                      .dwattr $C$DW$559, DW_AT_decl_file("/home/jose/ti/c2000/C2000Ware_26_01_00_00/device_support/f2837xd/
    6542                      .dwattr $C$DW$559, DW_AT_decl_line(0x2ad)
    6543                      .dwattr $C$DW$559, DW_AT_decl_column(0x2e)
    6544              
    6545              $C$DW$560       .dwtag  DW_TAG_member
    6546                      .dwattr $C$DW$560, DW_AT_type(*$C$DW$T$51)
    6547                      .dwattr $C$DW$560, DW_AT_name("PIEIER12")
    6548                      .dwattr $C$DW$560, DW_AT_data_member_location[DW_OP_plus_uconst 0x18]
    6549                      .dwattr $C$DW$560, DW_AT_accessibility(DW_ACCESS_public)
    6550                      .dwattr $C$DW$560, DW_AT_decl_file("/home/jose/ti/c2000/C2000Ware_26_01_00_00/device_support/f2837xd/
    6551                      .dwattr $C$DW$560, DW_AT_decl_line(0x2ae)
    6552                      .dwattr $C$DW$560, DW_AT_decl_column(0x2e)
    6553              
    6554              $C$DW$561       .dwtag  DW_TAG_member
    6555                      .dwattr $C$DW$561, DW_AT_type(*$C$DW$T$75)
    6556                      .dwattr $C$DW$561, DW_AT_name("PIEIFR12")
    6557                      .dwattr $C$DW$561, DW_AT_data_member_location[DW_OP_plus_uconst 0x19]
    6558                      .dwattr $C$DW$561, DW_AT_accessibility(DW_ACCESS_public)
    6559                      .dwattr $C$DW$561, DW_AT_decl_file("/home/jose/ti/c2000/C2000Ware_26_01_00_00/device_support/f2837xd/
    6560                      .dwattr $C$DW$561, DW_AT_decl_line(0x2af)
    6561                      .dwattr $C$DW$561, DW_AT_decl_column(0x2e)
    6562              
    6563                      .dwattr $C$DW$T$94, DW_AT_decl_file("/home/jose/ti/c2000/C2000Ware_26_01_00_00/device_support/f2837xd
    6564                      .dwattr $C$DW$T$94, DW_AT_decl_line(0x295)
    6565                      .dwattr $C$DW$T$94, DW_AT_decl_column(0x08)
    6566                      .dwendtag $C$DW$T$94
    6567              
    6568                      .dwendtag $C$DW$TU$94
    6569              
    6570              
    6571              $C$DW$TU$104    .dwtag  DW_TAG_type_unit
TMS320C2000 Assembler Unix v25.11.0 Sat May 30 20:22:51 2026

Copyright (c) 1996-2018 Texas Instruments Incorporated
main.asm                                                             PAGE  121

    6572                      .dwmtype  $C$DW$T$104
    6573              $C$DW$562       .dwtag  DW_TAG_TI_far_type
    6574                      .dwattr $C$DW$562, DW_AT_type(*$C$DW$T$94)
    6575              
    6576              $C$DW$T$104     .dwtag  DW_TAG_volatile_type
    6577                      .dwattr $C$DW$T$104, DW_AT_type(*$C$DW$562)
    6578              
    6579                      .dwendtag $C$DW$TU$104
    6580              
    6581              
    6582              $C$DW$TU$98     .dwtag  DW_TAG_type_unit
    6583                      .dwmtype  $C$DW$T$98
    6584              
    6585              $C$DW$T$98      .dwtag  DW_TAG_structure_type
    6586                      .dwattr $C$DW$T$98, DW_AT_name("PIE_VECT_TABLE")
    6587                      .dwattr $C$DW$T$98, DW_AT_byte_size(0x1c0)
    6588              $C$DW$563       .dwtag  DW_TAG_member
    6589                      .dwattr $C$DW$563, DW_AT_type(*$C$DW$T$97)
    6590                      .dwattr $C$DW$563, DW_AT_name("PIE1_RESERVED_INT")
    6591                      .dwattr $C$DW$563, DW_AT_accessibility(DW_ACCESS_public)
    6592                      .dwattr $C$DW$563, DW_AT_decl_file("/home/jose/ti/c2000/C2000Ware_26_01_00_00/device_support/f2837xd/
    6593                      .dwattr $C$DW$563, DW_AT_decl_line(0x39)
    6594                      .dwattr $C$DW$563, DW_AT_decl_column(0x0b)
    6595              
    6596              $C$DW$564       .dwtag  DW_TAG_member
    6597                      .dwattr $C$DW$564, DW_AT_type(*$C$DW$T$97)
    6598                      .dwattr $C$DW$564, DW_AT_name("PIE2_RESERVED_INT")
    6599                      .dwattr $C$DW$564, DW_AT_data_member_location[DW_OP_plus_uconst 0x2]
    6600                      .dwattr $C$DW$564, DW_AT_accessibility(DW_ACCESS_public)
    6601                      .dwattr $C$DW$564, DW_AT_decl_file("/home/jose/ti/c2000/C2000Ware_26_01_00_00/device_support/f2837xd/
    6602                      .dwattr $C$DW$564, DW_AT_decl_line(0x3a)
    6603                      .dwattr $C$DW$564, DW_AT_decl_column(0x0b)
    6604              
    6605              $C$DW$565       .dwtag  DW_TAG_member
    6606                      .dwattr $C$DW$565, DW_AT_type(*$C$DW$T$97)
    6607                      .dwattr $C$DW$565, DW_AT_name("PIE3_RESERVED_INT")
    6608                      .dwattr $C$DW$565, DW_AT_data_member_location[DW_OP_plus_uconst 0x4]
    6609                      .dwattr $C$DW$565, DW_AT_accessibility(DW_ACCESS_public)
    6610                      .dwattr $C$DW$565, DW_AT_decl_file("/home/jose/ti/c2000/C2000Ware_26_01_00_00/device_support/f2837xd/
    6611                      .dwattr $C$DW$565, DW_AT_decl_line(0x3b)
    6612                      .dwattr $C$DW$565, DW_AT_decl_column(0x0b)
    6613              
    6614              $C$DW$566       .dwtag  DW_TAG_member
    6615                      .dwattr $C$DW$566, DW_AT_type(*$C$DW$T$97)
    6616                      .dwattr $C$DW$566, DW_AT_name("PIE4_RESERVED_INT")
    6617                      .dwattr $C$DW$566, DW_AT_data_member_location[DW_OP_plus_uconst 0x6]
    6618                      .dwattr $C$DW$566, DW_AT_accessibility(DW_ACCESS_public)
    6619                      .dwattr $C$DW$566, DW_AT_decl_file("/home/jose/ti/c2000/C2000Ware_26_01_00_00/device_support/f2837xd/
    6620                      .dwattr $C$DW$566, DW_AT_decl_line(0x3c)
    6621                      .dwattr $C$DW$566, DW_AT_decl_column(0x0b)
    6622              
    6623              $C$DW$567       .dwtag  DW_TAG_member
    6624                      .dwattr $C$DW$567, DW_AT_type(*$C$DW$T$97)
    6625                      .dwattr $C$DW$567, DW_AT_name("PIE5_RESERVED_INT")
    6626                      .dwattr $C$DW$567, DW_AT_data_member_location[DW_OP_plus_uconst 0x8]
TMS320C2000 Assembler Unix v25.11.0 Sat May 30 20:22:51 2026

Copyright (c) 1996-2018 Texas Instruments Incorporated
main.asm                                                             PAGE  122

    6627                      .dwattr $C$DW$567, DW_AT_accessibility(DW_ACCESS_public)
    6628                      .dwattr $C$DW$567, DW_AT_decl_file("/home/jose/ti/c2000/C2000Ware_26_01_00_00/device_support/f2837xd/
    6629                      .dwattr $C$DW$567, DW_AT_decl_line(0x3d)
    6630                      .dwattr $C$DW$567, DW_AT_decl_column(0x0b)
    6631              
    6632              $C$DW$568       .dwtag  DW_TAG_member
    6633                      .dwattr $C$DW$568, DW_AT_type(*$C$DW$T$97)
    6634                      .dwattr $C$DW$568, DW_AT_name("PIE6_RESERVED_INT")
    6635                      .dwattr $C$DW$568, DW_AT_data_member_location[DW_OP_plus_uconst 0xa]
    6636                      .dwattr $C$DW$568, DW_AT_accessibility(DW_ACCESS_public)
    6637                      .dwattr $C$DW$568, DW_AT_decl_file("/home/jose/ti/c2000/C2000Ware_26_01_00_00/device_support/f2837xd/
    6638                      .dwattr $C$DW$568, DW_AT_decl_line(0x3e)
    6639                      .dwattr $C$DW$568, DW_AT_decl_column(0x0b)
    6640              
    6641              $C$DW$569       .dwtag  DW_TAG_member
    6642                      .dwattr $C$DW$569, DW_AT_type(*$C$DW$T$97)
    6643                      .dwattr $C$DW$569, DW_AT_name("PIE7_RESERVED_INT")
    6644                      .dwattr $C$DW$569, DW_AT_data_member_location[DW_OP_plus_uconst 0xc]
    6645                      .dwattr $C$DW$569, DW_AT_accessibility(DW_ACCESS_public)
    6646                      .dwattr $C$DW$569, DW_AT_decl_file("/home/jose/ti/c2000/C2000Ware_26_01_00_00/device_support/f2837xd/
    6647                      .dwattr $C$DW$569, DW_AT_decl_line(0x3f)
    6648                      .dwattr $C$DW$569, DW_AT_decl_column(0x0b)
    6649              
    6650              $C$DW$570       .dwtag  DW_TAG_member
    6651                      .dwattr $C$DW$570, DW_AT_type(*$C$DW$T$97)
    6652                      .dwattr $C$DW$570, DW_AT_name("PIE8_RESERVED_INT")
    6653                      .dwattr $C$DW$570, DW_AT_data_member_location[DW_OP_plus_uconst 0xe]
    6654                      .dwattr $C$DW$570, DW_AT_accessibility(DW_ACCESS_public)
    6655                      .dwattr $C$DW$570, DW_AT_decl_file("/home/jose/ti/c2000/C2000Ware_26_01_00_00/device_support/f2837xd/
    6656                      .dwattr $C$DW$570, DW_AT_decl_line(0x40)
    6657                      .dwattr $C$DW$570, DW_AT_decl_column(0x0b)
    6658              
    6659              $C$DW$571       .dwtag  DW_TAG_member
    6660                      .dwattr $C$DW$571, DW_AT_type(*$C$DW$T$97)
    6661                      .dwattr $C$DW$571, DW_AT_name("PIE9_RESERVED_INT")
    6662                      .dwattr $C$DW$571, DW_AT_data_member_location[DW_OP_plus_uconst 0x10]
    6663                      .dwattr $C$DW$571, DW_AT_accessibility(DW_ACCESS_public)
    6664                      .dwattr $C$DW$571, DW_AT_decl_file("/home/jose/ti/c2000/C2000Ware_26_01_00_00/device_support/f2837xd/
    6665                      .dwattr $C$DW$571, DW_AT_decl_line(0x41)
    6666                      .dwattr $C$DW$571, DW_AT_decl_column(0x0b)
    6667              
    6668              $C$DW$572       .dwtag  DW_TAG_member
    6669                      .dwattr $C$DW$572, DW_AT_type(*$C$DW$T$97)
    6670                      .dwattr $C$DW$572, DW_AT_name("PIE10_RESERVED_INT")
    6671                      .dwattr $C$DW$572, DW_AT_data_member_location[DW_OP_plus_uconst 0x12]
    6672                      .dwattr $C$DW$572, DW_AT_accessibility(DW_ACCESS_public)
    6673                      .dwattr $C$DW$572, DW_AT_decl_file("/home/jose/ti/c2000/C2000Ware_26_01_00_00/device_support/f2837xd/
    6674                      .dwattr $C$DW$572, DW_AT_decl_line(0x42)
    6675                      .dwattr $C$DW$572, DW_AT_decl_column(0x0b)
    6676              
    6677              $C$DW$573       .dwtag  DW_TAG_member
    6678                      .dwattr $C$DW$573, DW_AT_type(*$C$DW$T$97)
    6679                      .dwattr $C$DW$573, DW_AT_name("PIE11_RESERVED_INT")
    6680                      .dwattr $C$DW$573, DW_AT_data_member_location[DW_OP_plus_uconst 0x14]
    6681                      .dwattr $C$DW$573, DW_AT_accessibility(DW_ACCESS_public)
TMS320C2000 Assembler Unix v25.11.0 Sat May 30 20:22:51 2026

Copyright (c) 1996-2018 Texas Instruments Incorporated
main.asm                                                             PAGE  123

    6682                      .dwattr $C$DW$573, DW_AT_decl_file("/home/jose/ti/c2000/C2000Ware_26_01_00_00/device_support/f2837xd/
    6683                      .dwattr $C$DW$573, DW_AT_decl_line(0x43)
    6684                      .dwattr $C$DW$573, DW_AT_decl_column(0x0b)
    6685              
    6686              $C$DW$574       .dwtag  DW_TAG_member
    6687                      .dwattr $C$DW$574, DW_AT_type(*$C$DW$T$97)
    6688                      .dwattr $C$DW$574, DW_AT_name("PIE12_RESERVED_INT")
    6689                      .dwattr $C$DW$574, DW_AT_data_member_location[DW_OP_plus_uconst 0x16]
    6690                      .dwattr $C$DW$574, DW_AT_accessibility(DW_ACCESS_public)
    6691                      .dwattr $C$DW$574, DW_AT_decl_file("/home/jose/ti/c2000/C2000Ware_26_01_00_00/device_support/f2837xd/
    6692                      .dwattr $C$DW$574, DW_AT_decl_line(0x44)
    6693                      .dwattr $C$DW$574, DW_AT_decl_column(0x0b)
    6694              
    6695              $C$DW$575       .dwtag  DW_TAG_member
    6696                      .dwattr $C$DW$575, DW_AT_type(*$C$DW$T$97)
    6697                      .dwattr $C$DW$575, DW_AT_name("PIE13_RESERVED_INT")
    6698                      .dwattr $C$DW$575, DW_AT_data_member_location[DW_OP_plus_uconst 0x18]
    6699                      .dwattr $C$DW$575, DW_AT_accessibility(DW_ACCESS_public)
    6700                      .dwattr $C$DW$575, DW_AT_decl_file("/home/jose/ti/c2000/C2000Ware_26_01_00_00/device_support/f2837xd/
    6701                      .dwattr $C$DW$575, DW_AT_decl_line(0x45)
    6702                      .dwattr $C$DW$575, DW_AT_decl_column(0x0b)
    6703              
    6704              $C$DW$576       .dwtag  DW_TAG_member
    6705                      .dwattr $C$DW$576, DW_AT_type(*$C$DW$T$97)
    6706                      .dwattr $C$DW$576, DW_AT_name("TIMER1_INT")
    6707                      .dwattr $C$DW$576, DW_AT_data_member_location[DW_OP_plus_uconst 0x1a]
    6708                      .dwattr $C$DW$576, DW_AT_accessibility(DW_ACCESS_public)
    6709                      .dwattr $C$DW$576, DW_AT_decl_file("/home/jose/ti/c2000/C2000Ware_26_01_00_00/device_support/f2837xd/
    6710                      .dwattr $C$DW$576, DW_AT_decl_line(0x46)
    6711                      .dwattr $C$DW$576, DW_AT_decl_column(0x0b)
    6712              
    6713              $C$DW$577       .dwtag  DW_TAG_member
    6714                      .dwattr $C$DW$577, DW_AT_type(*$C$DW$T$97)
    6715                      .dwattr $C$DW$577, DW_AT_name("TIMER2_INT")
    6716                      .dwattr $C$DW$577, DW_AT_data_member_location[DW_OP_plus_uconst 0x1c]
    6717                      .dwattr $C$DW$577, DW_AT_accessibility(DW_ACCESS_public)
    6718                      .dwattr $C$DW$577, DW_AT_decl_file("/home/jose/ti/c2000/C2000Ware_26_01_00_00/device_support/f2837xd/
    6719                      .dwattr $C$DW$577, DW_AT_decl_line(0x47)
    6720                      .dwattr $C$DW$577, DW_AT_decl_column(0x0b)
    6721              
    6722              $C$DW$578       .dwtag  DW_TAG_member
    6723                      .dwattr $C$DW$578, DW_AT_type(*$C$DW$T$97)
    6724                      .dwattr $C$DW$578, DW_AT_name("DATALOG_INT")
    6725                      .dwattr $C$DW$578, DW_AT_data_member_location[DW_OP_plus_uconst 0x1e]
    6726                      .dwattr $C$DW$578, DW_AT_accessibility(DW_ACCESS_public)
    6727                      .dwattr $C$DW$578, DW_AT_decl_file("/home/jose/ti/c2000/C2000Ware_26_01_00_00/device_support/f2837xd/
    6728                      .dwattr $C$DW$578, DW_AT_decl_line(0x48)
    6729                      .dwattr $C$DW$578, DW_AT_decl_column(0x0b)
    6730              
    6731              $C$DW$579       .dwtag  DW_TAG_member
    6732                      .dwattr $C$DW$579, DW_AT_type(*$C$DW$T$97)
    6733                      .dwattr $C$DW$579, DW_AT_name("RTOS_INT")
    6734                      .dwattr $C$DW$579, DW_AT_data_member_location[DW_OP_plus_uconst 0x20]
    6735                      .dwattr $C$DW$579, DW_AT_accessibility(DW_ACCESS_public)
    6736                      .dwattr $C$DW$579, DW_AT_decl_file("/home/jose/ti/c2000/C2000Ware_26_01_00_00/device_support/f2837xd/
TMS320C2000 Assembler Unix v25.11.0 Sat May 30 20:22:51 2026

Copyright (c) 1996-2018 Texas Instruments Incorporated
main.asm                                                             PAGE  124

    6737                      .dwattr $C$DW$579, DW_AT_decl_line(0x49)
    6738                      .dwattr $C$DW$579, DW_AT_decl_column(0x0b)
    6739              
    6740              $C$DW$580       .dwtag  DW_TAG_member
    6741                      .dwattr $C$DW$580, DW_AT_type(*$C$DW$T$97)
    6742                      .dwattr $C$DW$580, DW_AT_name("EMU_INT")
    6743                      .dwattr $C$DW$580, DW_AT_data_member_location[DW_OP_plus_uconst 0x22]
    6744                      .dwattr $C$DW$580, DW_AT_accessibility(DW_ACCESS_public)
    6745                      .dwattr $C$DW$580, DW_AT_decl_file("/home/jose/ti/c2000/C2000Ware_26_01_00_00/device_support/f2837xd/
    6746                      .dwattr $C$DW$580, DW_AT_decl_line(0x4a)
    6747                      .dwattr $C$DW$580, DW_AT_decl_column(0x0b)
    6748              
    6749              $C$DW$581       .dwtag  DW_TAG_member
    6750                      .dwattr $C$DW$581, DW_AT_type(*$C$DW$T$97)
    6751                      .dwattr $C$DW$581, DW_AT_name("NMI_INT")
    6752                      .dwattr $C$DW$581, DW_AT_data_member_location[DW_OP_plus_uconst 0x24]
    6753                      .dwattr $C$DW$581, DW_AT_accessibility(DW_ACCESS_public)
    6754                      .dwattr $C$DW$581, DW_AT_decl_file("/home/jose/ti/c2000/C2000Ware_26_01_00_00/device_support/f2837xd/
    6755                      .dwattr $C$DW$581, DW_AT_decl_line(0x4b)
    6756                      .dwattr $C$DW$581, DW_AT_decl_column(0x0b)
    6757              
    6758              $C$DW$582       .dwtag  DW_TAG_member
    6759                      .dwattr $C$DW$582, DW_AT_type(*$C$DW$T$97)
    6760                      .dwattr $C$DW$582, DW_AT_name("ILLEGAL_INT")
    6761                      .dwattr $C$DW$582, DW_AT_data_member_location[DW_OP_plus_uconst 0x26]
    6762                      .dwattr $C$DW$582, DW_AT_accessibility(DW_ACCESS_public)
    6763                      .dwattr $C$DW$582, DW_AT_decl_file("/home/jose/ti/c2000/C2000Ware_26_01_00_00/device_support/f2837xd/
    6764                      .dwattr $C$DW$582, DW_AT_decl_line(0x4c)
    6765                      .dwattr $C$DW$582, DW_AT_decl_column(0x0b)
    6766              
    6767              $C$DW$583       .dwtag  DW_TAG_member
    6768                      .dwattr $C$DW$583, DW_AT_type(*$C$DW$T$97)
    6769                      .dwattr $C$DW$583, DW_AT_name("USER1_INT")
    6770                      .dwattr $C$DW$583, DW_AT_data_member_location[DW_OP_plus_uconst 0x28]
    6771                      .dwattr $C$DW$583, DW_AT_accessibility(DW_ACCESS_public)
    6772                      .dwattr $C$DW$583, DW_AT_decl_file("/home/jose/ti/c2000/C2000Ware_26_01_00_00/device_support/f2837xd/
    6773                      .dwattr $C$DW$583, DW_AT_decl_line(0x4d)
    6774                      .dwattr $C$DW$583, DW_AT_decl_column(0x0b)
    6775              
    6776              $C$DW$584       .dwtag  DW_TAG_member
    6777                      .dwattr $C$DW$584, DW_AT_type(*$C$DW$T$97)
    6778                      .dwattr $C$DW$584, DW_AT_name("USER2_INT")
    6779                      .dwattr $C$DW$584, DW_AT_data_member_location[DW_OP_plus_uconst 0x2a]
    6780                      .dwattr $C$DW$584, DW_AT_accessibility(DW_ACCESS_public)
    6781                      .dwattr $C$DW$584, DW_AT_decl_file("/home/jose/ti/c2000/C2000Ware_26_01_00_00/device_support/f2837xd/
    6782                      .dwattr $C$DW$584, DW_AT_decl_line(0x4e)
    6783                      .dwattr $C$DW$584, DW_AT_decl_column(0x0b)
    6784              
    6785              $C$DW$585       .dwtag  DW_TAG_member
    6786                      .dwattr $C$DW$585, DW_AT_type(*$C$DW$T$97)
    6787                      .dwattr $C$DW$585, DW_AT_name("USER3_INT")
    6788                      .dwattr $C$DW$585, DW_AT_data_member_location[DW_OP_plus_uconst 0x2c]
    6789                      .dwattr $C$DW$585, DW_AT_accessibility(DW_ACCESS_public)
    6790                      .dwattr $C$DW$585, DW_AT_decl_file("/home/jose/ti/c2000/C2000Ware_26_01_00_00/device_support/f2837xd/
    6791                      .dwattr $C$DW$585, DW_AT_decl_line(0x4f)
TMS320C2000 Assembler Unix v25.11.0 Sat May 30 20:22:51 2026

Copyright (c) 1996-2018 Texas Instruments Incorporated
main.asm                                                             PAGE  125

    6792                      .dwattr $C$DW$585, DW_AT_decl_column(0x0b)
    6793              
    6794              $C$DW$586       .dwtag  DW_TAG_member
    6795                      .dwattr $C$DW$586, DW_AT_type(*$C$DW$T$97)
    6796                      .dwattr $C$DW$586, DW_AT_name("USER4_INT")
    6797                      .dwattr $C$DW$586, DW_AT_data_member_location[DW_OP_plus_uconst 0x2e]
    6798                      .dwattr $C$DW$586, DW_AT_accessibility(DW_ACCESS_public)
    6799                      .dwattr $C$DW$586, DW_AT_decl_file("/home/jose/ti/c2000/C2000Ware_26_01_00_00/device_support/f2837xd/
    6800                      .dwattr $C$DW$586, DW_AT_decl_line(0x50)
    6801                      .dwattr $C$DW$586, DW_AT_decl_column(0x0b)
    6802              
    6803              $C$DW$587       .dwtag  DW_TAG_member
    6804                      .dwattr $C$DW$587, DW_AT_type(*$C$DW$T$97)
    6805                      .dwattr $C$DW$587, DW_AT_name("USER5_INT")
    6806                      .dwattr $C$DW$587, DW_AT_data_member_location[DW_OP_plus_uconst 0x30]
    6807                      .dwattr $C$DW$587, DW_AT_accessibility(DW_ACCESS_public)
    6808                      .dwattr $C$DW$587, DW_AT_decl_file("/home/jose/ti/c2000/C2000Ware_26_01_00_00/device_support/f2837xd/
    6809                      .dwattr $C$DW$587, DW_AT_decl_line(0x51)
    6810                      .dwattr $C$DW$587, DW_AT_decl_column(0x0b)
    6811              
    6812              $C$DW$588       .dwtag  DW_TAG_member
    6813                      .dwattr $C$DW$588, DW_AT_type(*$C$DW$T$97)
    6814                      .dwattr $C$DW$588, DW_AT_name("USER6_INT")
    6815                      .dwattr $C$DW$588, DW_AT_data_member_location[DW_OP_plus_uconst 0x32]
    6816                      .dwattr $C$DW$588, DW_AT_accessibility(DW_ACCESS_public)
    6817                      .dwattr $C$DW$588, DW_AT_decl_file("/home/jose/ti/c2000/C2000Ware_26_01_00_00/device_support/f2837xd/
    6818                      .dwattr $C$DW$588, DW_AT_decl_line(0x52)
    6819                      .dwattr $C$DW$588, DW_AT_decl_column(0x0b)
    6820              
    6821              $C$DW$589       .dwtag  DW_TAG_member
    6822                      .dwattr $C$DW$589, DW_AT_type(*$C$DW$T$97)
    6823                      .dwattr $C$DW$589, DW_AT_name("USER7_INT")
    6824                      .dwattr $C$DW$589, DW_AT_data_member_location[DW_OP_plus_uconst 0x34]
    6825                      .dwattr $C$DW$589, DW_AT_accessibility(DW_ACCESS_public)
    6826                      .dwattr $C$DW$589, DW_AT_decl_file("/home/jose/ti/c2000/C2000Ware_26_01_00_00/device_support/f2837xd/
    6827                      .dwattr $C$DW$589, DW_AT_decl_line(0x53)
    6828                      .dwattr $C$DW$589, DW_AT_decl_column(0x0b)
    6829              
    6830              $C$DW$590       .dwtag  DW_TAG_member
    6831                      .dwattr $C$DW$590, DW_AT_type(*$C$DW$T$97)
    6832                      .dwattr $C$DW$590, DW_AT_name("USER8_INT")
    6833                      .dwattr $C$DW$590, DW_AT_data_member_location[DW_OP_plus_uconst 0x36]
    6834                      .dwattr $C$DW$590, DW_AT_accessibility(DW_ACCESS_public)
    6835                      .dwattr $C$DW$590, DW_AT_decl_file("/home/jose/ti/c2000/C2000Ware_26_01_00_00/device_support/f2837xd/
    6836                      .dwattr $C$DW$590, DW_AT_decl_line(0x54)
    6837                      .dwattr $C$DW$590, DW_AT_decl_column(0x0b)
    6838              
    6839              $C$DW$591       .dwtag  DW_TAG_member
    6840                      .dwattr $C$DW$591, DW_AT_type(*$C$DW$T$97)
    6841                      .dwattr $C$DW$591, DW_AT_name("USER9_INT")
    6842                      .dwattr $C$DW$591, DW_AT_data_member_location[DW_OP_plus_uconst 0x38]
    6843                      .dwattr $C$DW$591, DW_AT_accessibility(DW_ACCESS_public)
    6844                      .dwattr $C$DW$591, DW_AT_decl_file("/home/jose/ti/c2000/C2000Ware_26_01_00_00/device_support/f2837xd/
    6845                      .dwattr $C$DW$591, DW_AT_decl_line(0x55)
    6846                      .dwattr $C$DW$591, DW_AT_decl_column(0x0b)
TMS320C2000 Assembler Unix v25.11.0 Sat May 30 20:22:51 2026

Copyright (c) 1996-2018 Texas Instruments Incorporated
main.asm                                                             PAGE  126

    6847              
    6848              $C$DW$592       .dwtag  DW_TAG_member
    6849                      .dwattr $C$DW$592, DW_AT_type(*$C$DW$T$97)
    6850                      .dwattr $C$DW$592, DW_AT_name("USER10_INT")
    6851                      .dwattr $C$DW$592, DW_AT_data_member_location[DW_OP_plus_uconst 0x3a]
    6852                      .dwattr $C$DW$592, DW_AT_accessibility(DW_ACCESS_public)
    6853                      .dwattr $C$DW$592, DW_AT_decl_file("/home/jose/ti/c2000/C2000Ware_26_01_00_00/device_support/f2837xd/
    6854                      .dwattr $C$DW$592, DW_AT_decl_line(0x56)
    6855                      .dwattr $C$DW$592, DW_AT_decl_column(0x0b)
    6856              
    6857              $C$DW$593       .dwtag  DW_TAG_member
    6858                      .dwattr $C$DW$593, DW_AT_type(*$C$DW$T$97)
    6859                      .dwattr $C$DW$593, DW_AT_name("USER11_INT")
    6860                      .dwattr $C$DW$593, DW_AT_data_member_location[DW_OP_plus_uconst 0x3c]
    6861                      .dwattr $C$DW$593, DW_AT_accessibility(DW_ACCESS_public)
    6862                      .dwattr $C$DW$593, DW_AT_decl_file("/home/jose/ti/c2000/C2000Ware_26_01_00_00/device_support/f2837xd/
    6863                      .dwattr $C$DW$593, DW_AT_decl_line(0x57)
    6864                      .dwattr $C$DW$593, DW_AT_decl_column(0x0b)
    6865              
    6866              $C$DW$594       .dwtag  DW_TAG_member
    6867                      .dwattr $C$DW$594, DW_AT_type(*$C$DW$T$97)
    6868                      .dwattr $C$DW$594, DW_AT_name("USER12_INT")
    6869                      .dwattr $C$DW$594, DW_AT_data_member_location[DW_OP_plus_uconst 0x3e]
    6870                      .dwattr $C$DW$594, DW_AT_accessibility(DW_ACCESS_public)
    6871                      .dwattr $C$DW$594, DW_AT_decl_file("/home/jose/ti/c2000/C2000Ware_26_01_00_00/device_support/f2837xd/
    6872                      .dwattr $C$DW$594, DW_AT_decl_line(0x58)
    6873                      .dwattr $C$DW$594, DW_AT_decl_column(0x0b)
    6874              
    6875              $C$DW$595       .dwtag  DW_TAG_member
    6876                      .dwattr $C$DW$595, DW_AT_type(*$C$DW$T$97)
    6877                      .dwattr $C$DW$595, DW_AT_name("ADCA1_INT")
    6878                      .dwattr $C$DW$595, DW_AT_data_member_location[DW_OP_plus_uconst 0x40]
    6879                      .dwattr $C$DW$595, DW_AT_accessibility(DW_ACCESS_public)
    6880                      .dwattr $C$DW$595, DW_AT_decl_file("/home/jose/ti/c2000/C2000Ware_26_01_00_00/device_support/f2837xd/
    6881                      .dwattr $C$DW$595, DW_AT_decl_line(0x59)
    6882                      .dwattr $C$DW$595, DW_AT_decl_column(0x0b)
    6883              
    6884              $C$DW$596       .dwtag  DW_TAG_member
    6885                      .dwattr $C$DW$596, DW_AT_type(*$C$DW$T$97)
    6886                      .dwattr $C$DW$596, DW_AT_name("ADCB1_INT")
    6887                      .dwattr $C$DW$596, DW_AT_data_member_location[DW_OP_plus_uconst 0x42]
    6888                      .dwattr $C$DW$596, DW_AT_accessibility(DW_ACCESS_public)
    6889                      .dwattr $C$DW$596, DW_AT_decl_file("/home/jose/ti/c2000/C2000Ware_26_01_00_00/device_support/f2837xd/
    6890                      .dwattr $C$DW$596, DW_AT_decl_line(0x5a)
    6891                      .dwattr $C$DW$596, DW_AT_decl_column(0x0b)
    6892              
    6893              $C$DW$597       .dwtag  DW_TAG_member
    6894                      .dwattr $C$DW$597, DW_AT_type(*$C$DW$T$97)
    6895                      .dwattr $C$DW$597, DW_AT_name("ADCC1_INT")
    6896                      .dwattr $C$DW$597, DW_AT_data_member_location[DW_OP_plus_uconst 0x44]
    6897                      .dwattr $C$DW$597, DW_AT_accessibility(DW_ACCESS_public)
    6898                      .dwattr $C$DW$597, DW_AT_decl_file("/home/jose/ti/c2000/C2000Ware_26_01_00_00/device_support/f2837xd/
    6899                      .dwattr $C$DW$597, DW_AT_decl_line(0x5b)
    6900                      .dwattr $C$DW$597, DW_AT_decl_column(0x0b)
    6901              
TMS320C2000 Assembler Unix v25.11.0 Sat May 30 20:22:51 2026

Copyright (c) 1996-2018 Texas Instruments Incorporated
main.asm                                                             PAGE  127

    6902              $C$DW$598       .dwtag  DW_TAG_member
    6903                      .dwattr $C$DW$598, DW_AT_type(*$C$DW$T$97)
    6904                      .dwattr $C$DW$598, DW_AT_name("XINT1_INT")
    6905                      .dwattr $C$DW$598, DW_AT_data_member_location[DW_OP_plus_uconst 0x46]
    6906                      .dwattr $C$DW$598, DW_AT_accessibility(DW_ACCESS_public)
    6907                      .dwattr $C$DW$598, DW_AT_decl_file("/home/jose/ti/c2000/C2000Ware_26_01_00_00/device_support/f2837xd/
    6908                      .dwattr $C$DW$598, DW_AT_decl_line(0x5c)
    6909                      .dwattr $C$DW$598, DW_AT_decl_column(0x0b)
    6910              
    6911              $C$DW$599       .dwtag  DW_TAG_member
    6912                      .dwattr $C$DW$599, DW_AT_type(*$C$DW$T$97)
    6913                      .dwattr $C$DW$599, DW_AT_name("XINT2_INT")
    6914                      .dwattr $C$DW$599, DW_AT_data_member_location[DW_OP_plus_uconst 0x48]
    6915                      .dwattr $C$DW$599, DW_AT_accessibility(DW_ACCESS_public)
    6916                      .dwattr $C$DW$599, DW_AT_decl_file("/home/jose/ti/c2000/C2000Ware_26_01_00_00/device_support/f2837xd/
    6917                      .dwattr $C$DW$599, DW_AT_decl_line(0x5d)
    6918                      .dwattr $C$DW$599, DW_AT_decl_column(0x0b)
    6919              
    6920              $C$DW$600       .dwtag  DW_TAG_member
    6921                      .dwattr $C$DW$600, DW_AT_type(*$C$DW$T$97)
    6922                      .dwattr $C$DW$600, DW_AT_name("ADCD1_INT")
    6923                      .dwattr $C$DW$600, DW_AT_data_member_location[DW_OP_plus_uconst 0x4a]
    6924                      .dwattr $C$DW$600, DW_AT_accessibility(DW_ACCESS_public)
    6925                      .dwattr $C$DW$600, DW_AT_decl_file("/home/jose/ti/c2000/C2000Ware_26_01_00_00/device_support/f2837xd/
    6926                      .dwattr $C$DW$600, DW_AT_decl_line(0x5e)
    6927                      .dwattr $C$DW$600, DW_AT_decl_column(0x0b)
    6928              
    6929              $C$DW$601       .dwtag  DW_TAG_member
    6930                      .dwattr $C$DW$601, DW_AT_type(*$C$DW$T$97)
    6931                      .dwattr $C$DW$601, DW_AT_name("TIMER0_INT")
    6932                      .dwattr $C$DW$601, DW_AT_data_member_location[DW_OP_plus_uconst 0x4c]
    6933                      .dwattr $C$DW$601, DW_AT_accessibility(DW_ACCESS_public)
    6934                      .dwattr $C$DW$601, DW_AT_decl_file("/home/jose/ti/c2000/C2000Ware_26_01_00_00/device_support/f2837xd/
    6935                      .dwattr $C$DW$601, DW_AT_decl_line(0x5f)
    6936                      .dwattr $C$DW$601, DW_AT_decl_column(0x0b)
    6937              
    6938              $C$DW$602       .dwtag  DW_TAG_member
    6939                      .dwattr $C$DW$602, DW_AT_type(*$C$DW$T$97)
    6940                      .dwattr $C$DW$602, DW_AT_name("WAKE_INT")
    6941                      .dwattr $C$DW$602, DW_AT_data_member_location[DW_OP_plus_uconst 0x4e]
    6942                      .dwattr $C$DW$602, DW_AT_accessibility(DW_ACCESS_public)
    6943                      .dwattr $C$DW$602, DW_AT_decl_file("/home/jose/ti/c2000/C2000Ware_26_01_00_00/device_support/f2837xd/
    6944                      .dwattr $C$DW$602, DW_AT_decl_line(0x60)
    6945                      .dwattr $C$DW$602, DW_AT_decl_column(0x0b)
    6946              
    6947              $C$DW$603       .dwtag  DW_TAG_member
    6948                      .dwattr $C$DW$603, DW_AT_type(*$C$DW$T$97)
    6949                      .dwattr $C$DW$603, DW_AT_name("EPWM1_TZ_INT")
    6950                      .dwattr $C$DW$603, DW_AT_data_member_location[DW_OP_plus_uconst 0x50]
    6951                      .dwattr $C$DW$603, DW_AT_accessibility(DW_ACCESS_public)
    6952                      .dwattr $C$DW$603, DW_AT_decl_file("/home/jose/ti/c2000/C2000Ware_26_01_00_00/device_support/f2837xd/
    6953                      .dwattr $C$DW$603, DW_AT_decl_line(0x61)
    6954                      .dwattr $C$DW$603, DW_AT_decl_column(0x0b)
    6955              
    6956              $C$DW$604       .dwtag  DW_TAG_member
TMS320C2000 Assembler Unix v25.11.0 Sat May 30 20:22:51 2026

Copyright (c) 1996-2018 Texas Instruments Incorporated
main.asm                                                             PAGE  128

    6957                      .dwattr $C$DW$604, DW_AT_type(*$C$DW$T$97)
    6958                      .dwattr $C$DW$604, DW_AT_name("EPWM2_TZ_INT")
    6959                      .dwattr $C$DW$604, DW_AT_data_member_location[DW_OP_plus_uconst 0x52]
    6960                      .dwattr $C$DW$604, DW_AT_accessibility(DW_ACCESS_public)
    6961                      .dwattr $C$DW$604, DW_AT_decl_file("/home/jose/ti/c2000/C2000Ware_26_01_00_00/device_support/f2837xd/
    6962                      .dwattr $C$DW$604, DW_AT_decl_line(0x62)
    6963                      .dwattr $C$DW$604, DW_AT_decl_column(0x0b)
    6964              
    6965              $C$DW$605       .dwtag  DW_TAG_member
    6966                      .dwattr $C$DW$605, DW_AT_type(*$C$DW$T$97)
    6967                      .dwattr $C$DW$605, DW_AT_name("EPWM3_TZ_INT")
    6968                      .dwattr $C$DW$605, DW_AT_data_member_location[DW_OP_plus_uconst 0x54]
    6969                      .dwattr $C$DW$605, DW_AT_accessibility(DW_ACCESS_public)
    6970                      .dwattr $C$DW$605, DW_AT_decl_file("/home/jose/ti/c2000/C2000Ware_26_01_00_00/device_support/f2837xd/
    6971                      .dwattr $C$DW$605, DW_AT_decl_line(0x63)
    6972                      .dwattr $C$DW$605, DW_AT_decl_column(0x0b)
    6973              
    6974              $C$DW$606       .dwtag  DW_TAG_member
    6975                      .dwattr $C$DW$606, DW_AT_type(*$C$DW$T$97)
    6976                      .dwattr $C$DW$606, DW_AT_name("EPWM4_TZ_INT")
    6977                      .dwattr $C$DW$606, DW_AT_data_member_location[DW_OP_plus_uconst 0x56]
    6978                      .dwattr $C$DW$606, DW_AT_accessibility(DW_ACCESS_public)
    6979                      .dwattr $C$DW$606, DW_AT_decl_file("/home/jose/ti/c2000/C2000Ware_26_01_00_00/device_support/f2837xd/
    6980                      .dwattr $C$DW$606, DW_AT_decl_line(0x64)
    6981                      .dwattr $C$DW$606, DW_AT_decl_column(0x0b)
    6982              
    6983              $C$DW$607       .dwtag  DW_TAG_member
    6984                      .dwattr $C$DW$607, DW_AT_type(*$C$DW$T$97)
    6985                      .dwattr $C$DW$607, DW_AT_name("EPWM5_TZ_INT")
    6986                      .dwattr $C$DW$607, DW_AT_data_member_location[DW_OP_plus_uconst 0x58]
    6987                      .dwattr $C$DW$607, DW_AT_accessibility(DW_ACCESS_public)
    6988                      .dwattr $C$DW$607, DW_AT_decl_file("/home/jose/ti/c2000/C2000Ware_26_01_00_00/device_support/f2837xd/
    6989                      .dwattr $C$DW$607, DW_AT_decl_line(0x65)
    6990                      .dwattr $C$DW$607, DW_AT_decl_column(0x0b)
    6991              
    6992              $C$DW$608       .dwtag  DW_TAG_member
    6993                      .dwattr $C$DW$608, DW_AT_type(*$C$DW$T$97)
    6994                      .dwattr $C$DW$608, DW_AT_name("EPWM6_TZ_INT")
    6995                      .dwattr $C$DW$608, DW_AT_data_member_location[DW_OP_plus_uconst 0x5a]
    6996                      .dwattr $C$DW$608, DW_AT_accessibility(DW_ACCESS_public)
    6997                      .dwattr $C$DW$608, DW_AT_decl_file("/home/jose/ti/c2000/C2000Ware_26_01_00_00/device_support/f2837xd/
    6998                      .dwattr $C$DW$608, DW_AT_decl_line(0x66)
    6999                      .dwattr $C$DW$608, DW_AT_decl_column(0x0b)
    7000              
    7001              $C$DW$609       .dwtag  DW_TAG_member
    7002                      .dwattr $C$DW$609, DW_AT_type(*$C$DW$T$97)
    7003                      .dwattr $C$DW$609, DW_AT_name("EPWM7_TZ_INT")
    7004                      .dwattr $C$DW$609, DW_AT_data_member_location[DW_OP_plus_uconst 0x5c]
    7005                      .dwattr $C$DW$609, DW_AT_accessibility(DW_ACCESS_public)
    7006                      .dwattr $C$DW$609, DW_AT_decl_file("/home/jose/ti/c2000/C2000Ware_26_01_00_00/device_support/f2837xd/
    7007                      .dwattr $C$DW$609, DW_AT_decl_line(0x67)
    7008                      .dwattr $C$DW$609, DW_AT_decl_column(0x0b)
    7009              
    7010              $C$DW$610       .dwtag  DW_TAG_member
    7011                      .dwattr $C$DW$610, DW_AT_type(*$C$DW$T$97)
TMS320C2000 Assembler Unix v25.11.0 Sat May 30 20:22:51 2026

Copyright (c) 1996-2018 Texas Instruments Incorporated
main.asm                                                             PAGE  129

    7012                      .dwattr $C$DW$610, DW_AT_name("EPWM8_TZ_INT")
    7013                      .dwattr $C$DW$610, DW_AT_data_member_location[DW_OP_plus_uconst 0x5e]
    7014                      .dwattr $C$DW$610, DW_AT_accessibility(DW_ACCESS_public)
    7015                      .dwattr $C$DW$610, DW_AT_decl_file("/home/jose/ti/c2000/C2000Ware_26_01_00_00/device_support/f2837xd/
    7016                      .dwattr $C$DW$610, DW_AT_decl_line(0x68)
    7017                      .dwattr $C$DW$610, DW_AT_decl_column(0x0b)
    7018              
    7019              $C$DW$611       .dwtag  DW_TAG_member
    7020                      .dwattr $C$DW$611, DW_AT_type(*$C$DW$T$97)
    7021                      .dwattr $C$DW$611, DW_AT_name("EPWM1_INT")
    7022                      .dwattr $C$DW$611, DW_AT_data_member_location[DW_OP_plus_uconst 0x60]
    7023                      .dwattr $C$DW$611, DW_AT_accessibility(DW_ACCESS_public)
    7024                      .dwattr $C$DW$611, DW_AT_decl_file("/home/jose/ti/c2000/C2000Ware_26_01_00_00/device_support/f2837xd/
    7025                      .dwattr $C$DW$611, DW_AT_decl_line(0x69)
    7026                      .dwattr $C$DW$611, DW_AT_decl_column(0x0b)
    7027              
    7028              $C$DW$612       .dwtag  DW_TAG_member
    7029                      .dwattr $C$DW$612, DW_AT_type(*$C$DW$T$97)
    7030                      .dwattr $C$DW$612, DW_AT_name("EPWM2_INT")
    7031                      .dwattr $C$DW$612, DW_AT_data_member_location[DW_OP_plus_uconst 0x62]
    7032                      .dwattr $C$DW$612, DW_AT_accessibility(DW_ACCESS_public)
    7033                      .dwattr $C$DW$612, DW_AT_decl_file("/home/jose/ti/c2000/C2000Ware_26_01_00_00/device_support/f2837xd/
    7034                      .dwattr $C$DW$612, DW_AT_decl_line(0x6a)
    7035                      .dwattr $C$DW$612, DW_AT_decl_column(0x0b)
    7036              
    7037              $C$DW$613       .dwtag  DW_TAG_member
    7038                      .dwattr $C$DW$613, DW_AT_type(*$C$DW$T$97)
    7039                      .dwattr $C$DW$613, DW_AT_name("EPWM3_INT")
    7040                      .dwattr $C$DW$613, DW_AT_data_member_location[DW_OP_plus_uconst 0x64]
    7041                      .dwattr $C$DW$613, DW_AT_accessibility(DW_ACCESS_public)
    7042                      .dwattr $C$DW$613, DW_AT_decl_file("/home/jose/ti/c2000/C2000Ware_26_01_00_00/device_support/f2837xd/
    7043                      .dwattr $C$DW$613, DW_AT_decl_line(0x6b)
    7044                      .dwattr $C$DW$613, DW_AT_decl_column(0x0b)
    7045              
    7046              $C$DW$614       .dwtag  DW_TAG_member
    7047                      .dwattr $C$DW$614, DW_AT_type(*$C$DW$T$97)
    7048                      .dwattr $C$DW$614, DW_AT_name("EPWM4_INT")
    7049                      .dwattr $C$DW$614, DW_AT_data_member_location[DW_OP_plus_uconst 0x66]
    7050                      .dwattr $C$DW$614, DW_AT_accessibility(DW_ACCESS_public)
    7051                      .dwattr $C$DW$614, DW_AT_decl_file("/home/jose/ti/c2000/C2000Ware_26_01_00_00/device_support/f2837xd/
    7052                      .dwattr $C$DW$614, DW_AT_decl_line(0x6c)
    7053                      .dwattr $C$DW$614, DW_AT_decl_column(0x0b)
    7054              
    7055              $C$DW$615       .dwtag  DW_TAG_member
    7056                      .dwattr $C$DW$615, DW_AT_type(*$C$DW$T$97)
    7057                      .dwattr $C$DW$615, DW_AT_name("EPWM5_INT")
    7058                      .dwattr $C$DW$615, DW_AT_data_member_location[DW_OP_plus_uconst 0x68]
    7059                      .dwattr $C$DW$615, DW_AT_accessibility(DW_ACCESS_public)
    7060                      .dwattr $C$DW$615, DW_AT_decl_file("/home/jose/ti/c2000/C2000Ware_26_01_00_00/device_support/f2837xd/
    7061                      .dwattr $C$DW$615, DW_AT_decl_line(0x6d)
    7062                      .dwattr $C$DW$615, DW_AT_decl_column(0x0b)
    7063              
    7064              $C$DW$616       .dwtag  DW_TAG_member
    7065                      .dwattr $C$DW$616, DW_AT_type(*$C$DW$T$97)
    7066                      .dwattr $C$DW$616, DW_AT_name("EPWM6_INT")
TMS320C2000 Assembler Unix v25.11.0 Sat May 30 20:22:51 2026

Copyright (c) 1996-2018 Texas Instruments Incorporated
main.asm                                                             PAGE  130

    7067                      .dwattr $C$DW$616, DW_AT_data_member_location[DW_OP_plus_uconst 0x6a]
    7068                      .dwattr $C$DW$616, DW_AT_accessibility(DW_ACCESS_public)
    7069                      .dwattr $C$DW$616, DW_AT_decl_file("/home/jose/ti/c2000/C2000Ware_26_01_00_00/device_support/f2837xd/
    7070                      .dwattr $C$DW$616, DW_AT_decl_line(0x6e)
    7071                      .dwattr $C$DW$616, DW_AT_decl_column(0x0b)
    7072              
    7073              $C$DW$617       .dwtag  DW_TAG_member
    7074                      .dwattr $C$DW$617, DW_AT_type(*$C$DW$T$97)
    7075                      .dwattr $C$DW$617, DW_AT_name("EPWM7_INT")
    7076                      .dwattr $C$DW$617, DW_AT_data_member_location[DW_OP_plus_uconst 0x6c]
    7077                      .dwattr $C$DW$617, DW_AT_accessibility(DW_ACCESS_public)
    7078                      .dwattr $C$DW$617, DW_AT_decl_file("/home/jose/ti/c2000/C2000Ware_26_01_00_00/device_support/f2837xd/
    7079                      .dwattr $C$DW$617, DW_AT_decl_line(0x6f)
    7080                      .dwattr $C$DW$617, DW_AT_decl_column(0x0b)
    7081              
    7082              $C$DW$618       .dwtag  DW_TAG_member
    7083                      .dwattr $C$DW$618, DW_AT_type(*$C$DW$T$97)
    7084                      .dwattr $C$DW$618, DW_AT_name("EPWM8_INT")
    7085                      .dwattr $C$DW$618, DW_AT_data_member_location[DW_OP_plus_uconst 0x6e]
    7086                      .dwattr $C$DW$618, DW_AT_accessibility(DW_ACCESS_public)
    7087                      .dwattr $C$DW$618, DW_AT_decl_file("/home/jose/ti/c2000/C2000Ware_26_01_00_00/device_support/f2837xd/
    7088                      .dwattr $C$DW$618, DW_AT_decl_line(0x70)
    7089                      .dwattr $C$DW$618, DW_AT_decl_column(0x0b)
    7090              
    7091              $C$DW$619       .dwtag  DW_TAG_member
    7092                      .dwattr $C$DW$619, DW_AT_type(*$C$DW$T$97)
    7093                      .dwattr $C$DW$619, DW_AT_name("ECAP1_INT")
    7094                      .dwattr $C$DW$619, DW_AT_data_member_location[DW_OP_plus_uconst 0x70]
    7095                      .dwattr $C$DW$619, DW_AT_accessibility(DW_ACCESS_public)
    7096                      .dwattr $C$DW$619, DW_AT_decl_file("/home/jose/ti/c2000/C2000Ware_26_01_00_00/device_support/f2837xd/
    7097                      .dwattr $C$DW$619, DW_AT_decl_line(0x71)
    7098                      .dwattr $C$DW$619, DW_AT_decl_column(0x0b)
    7099              
    7100              $C$DW$620       .dwtag  DW_TAG_member
    7101                      .dwattr $C$DW$620, DW_AT_type(*$C$DW$T$97)
    7102                      .dwattr $C$DW$620, DW_AT_name("ECAP2_INT")
    7103                      .dwattr $C$DW$620, DW_AT_data_member_location[DW_OP_plus_uconst 0x72]
    7104                      .dwattr $C$DW$620, DW_AT_accessibility(DW_ACCESS_public)
    7105                      .dwattr $C$DW$620, DW_AT_decl_file("/home/jose/ti/c2000/C2000Ware_26_01_00_00/device_support/f2837xd/
    7106                      .dwattr $C$DW$620, DW_AT_decl_line(0x72)
    7107                      .dwattr $C$DW$620, DW_AT_decl_column(0x0b)
    7108              
    7109              $C$DW$621       .dwtag  DW_TAG_member
    7110                      .dwattr $C$DW$621, DW_AT_type(*$C$DW$T$97)
    7111                      .dwattr $C$DW$621, DW_AT_name("ECAP3_INT")
    7112                      .dwattr $C$DW$621, DW_AT_data_member_location[DW_OP_plus_uconst 0x74]
    7113                      .dwattr $C$DW$621, DW_AT_accessibility(DW_ACCESS_public)
    7114                      .dwattr $C$DW$621, DW_AT_decl_file("/home/jose/ti/c2000/C2000Ware_26_01_00_00/device_support/f2837xd/
    7115                      .dwattr $C$DW$621, DW_AT_decl_line(0x73)
    7116                      .dwattr $C$DW$621, DW_AT_decl_column(0x0b)
    7117              
    7118              $C$DW$622       .dwtag  DW_TAG_member
    7119                      .dwattr $C$DW$622, DW_AT_type(*$C$DW$T$97)
    7120                      .dwattr $C$DW$622, DW_AT_name("ECAP4_INT")
    7121                      .dwattr $C$DW$622, DW_AT_data_member_location[DW_OP_plus_uconst 0x76]
TMS320C2000 Assembler Unix v25.11.0 Sat May 30 20:22:51 2026

Copyright (c) 1996-2018 Texas Instruments Incorporated
main.asm                                                             PAGE  131

    7122                      .dwattr $C$DW$622, DW_AT_accessibility(DW_ACCESS_public)
    7123                      .dwattr $C$DW$622, DW_AT_decl_file("/home/jose/ti/c2000/C2000Ware_26_01_00_00/device_support/f2837xd/
    7124                      .dwattr $C$DW$622, DW_AT_decl_line(0x74)
    7125                      .dwattr $C$DW$622, DW_AT_decl_column(0x0b)
    7126              
    7127              $C$DW$623       .dwtag  DW_TAG_member
    7128                      .dwattr $C$DW$623, DW_AT_type(*$C$DW$T$97)
    7129                      .dwattr $C$DW$623, DW_AT_name("ECAP5_INT")
    7130                      .dwattr $C$DW$623, DW_AT_data_member_location[DW_OP_plus_uconst 0x78]
    7131                      .dwattr $C$DW$623, DW_AT_accessibility(DW_ACCESS_public)
    7132                      .dwattr $C$DW$623, DW_AT_decl_file("/home/jose/ti/c2000/C2000Ware_26_01_00_00/device_support/f2837xd/
    7133                      .dwattr $C$DW$623, DW_AT_decl_line(0x75)
    7134                      .dwattr $C$DW$623, DW_AT_decl_column(0x0b)
    7135              
    7136              $C$DW$624       .dwtag  DW_TAG_member
    7137                      .dwattr $C$DW$624, DW_AT_type(*$C$DW$T$97)
    7138                      .dwattr $C$DW$624, DW_AT_name("ECAP6_INT")
    7139                      .dwattr $C$DW$624, DW_AT_data_member_location[DW_OP_plus_uconst 0x7a]
    7140                      .dwattr $C$DW$624, DW_AT_accessibility(DW_ACCESS_public)
    7141                      .dwattr $C$DW$624, DW_AT_decl_file("/home/jose/ti/c2000/C2000Ware_26_01_00_00/device_support/f2837xd/
    7142                      .dwattr $C$DW$624, DW_AT_decl_line(0x76)
    7143                      .dwattr $C$DW$624, DW_AT_decl_column(0x0b)
    7144              
    7145              $C$DW$625       .dwtag  DW_TAG_member
    7146                      .dwattr $C$DW$625, DW_AT_type(*$C$DW$T$97)
    7147                      .dwattr $C$DW$625, DW_AT_name("PIE14_RESERVED_INT")
    7148                      .dwattr $C$DW$625, DW_AT_data_member_location[DW_OP_plus_uconst 0x7c]
    7149                      .dwattr $C$DW$625, DW_AT_accessibility(DW_ACCESS_public)
    7150                      .dwattr $C$DW$625, DW_AT_decl_file("/home/jose/ti/c2000/C2000Ware_26_01_00_00/device_support/f2837xd/
    7151                      .dwattr $C$DW$625, DW_AT_decl_line(0x77)
    7152                      .dwattr $C$DW$625, DW_AT_decl_column(0x0b)
    7153              
    7154              $C$DW$626       .dwtag  DW_TAG_member
    7155                      .dwattr $C$DW$626, DW_AT_type(*$C$DW$T$97)
    7156                      .dwattr $C$DW$626, DW_AT_name("PIE15_RESERVED_INT")
    7157                      .dwattr $C$DW$626, DW_AT_data_member_location[DW_OP_plus_uconst 0x7e]
    7158                      .dwattr $C$DW$626, DW_AT_accessibility(DW_ACCESS_public)
    7159                      .dwattr $C$DW$626, DW_AT_decl_file("/home/jose/ti/c2000/C2000Ware_26_01_00_00/device_support/f2837xd/
    7160                      .dwattr $C$DW$626, DW_AT_decl_line(0x78)
    7161                      .dwattr $C$DW$626, DW_AT_decl_column(0x0b)
    7162              
    7163              $C$DW$627       .dwtag  DW_TAG_member
    7164                      .dwattr $C$DW$627, DW_AT_type(*$C$DW$T$97)
    7165                      .dwattr $C$DW$627, DW_AT_name("EQEP1_INT")
    7166                      .dwattr $C$DW$627, DW_AT_data_member_location[DW_OP_plus_uconst 0x80]
    7167                      .dwattr $C$DW$627, DW_AT_accessibility(DW_ACCESS_public)
    7168                      .dwattr $C$DW$627, DW_AT_decl_file("/home/jose/ti/c2000/C2000Ware_26_01_00_00/device_support/f2837xd/
    7169                      .dwattr $C$DW$627, DW_AT_decl_line(0x79)
    7170                      .dwattr $C$DW$627, DW_AT_decl_column(0x0b)
    7171              
    7172              $C$DW$628       .dwtag  DW_TAG_member
    7173                      .dwattr $C$DW$628, DW_AT_type(*$C$DW$T$97)
    7174                      .dwattr $C$DW$628, DW_AT_name("EQEP2_INT")
    7175                      .dwattr $C$DW$628, DW_AT_data_member_location[DW_OP_plus_uconst 0x82]
    7176                      .dwattr $C$DW$628, DW_AT_accessibility(DW_ACCESS_public)
TMS320C2000 Assembler Unix v25.11.0 Sat May 30 20:22:51 2026

Copyright (c) 1996-2018 Texas Instruments Incorporated
main.asm                                                             PAGE  132

    7177                      .dwattr $C$DW$628, DW_AT_decl_file("/home/jose/ti/c2000/C2000Ware_26_01_00_00/device_support/f2837xd/
    7178                      .dwattr $C$DW$628, DW_AT_decl_line(0x7a)
    7179                      .dwattr $C$DW$628, DW_AT_decl_column(0x0b)
    7180              
    7181              $C$DW$629       .dwtag  DW_TAG_member
    7182                      .dwattr $C$DW$629, DW_AT_type(*$C$DW$T$97)
    7183                      .dwattr $C$DW$629, DW_AT_name("EQEP3_INT")
    7184                      .dwattr $C$DW$629, DW_AT_data_member_location[DW_OP_plus_uconst 0x84]
    7185                      .dwattr $C$DW$629, DW_AT_accessibility(DW_ACCESS_public)
    7186                      .dwattr $C$DW$629, DW_AT_decl_file("/home/jose/ti/c2000/C2000Ware_26_01_00_00/device_support/f2837xd/
    7187                      .dwattr $C$DW$629, DW_AT_decl_line(0x7b)
    7188                      .dwattr $C$DW$629, DW_AT_decl_column(0x0b)
    7189              
    7190              $C$DW$630       .dwtag  DW_TAG_member
    7191                      .dwattr $C$DW$630, DW_AT_type(*$C$DW$T$97)
    7192                      .dwattr $C$DW$630, DW_AT_name("PIE16_RESERVED_INT")
    7193                      .dwattr $C$DW$630, DW_AT_data_member_location[DW_OP_plus_uconst 0x86]
    7194                      .dwattr $C$DW$630, DW_AT_accessibility(DW_ACCESS_public)
    7195                      .dwattr $C$DW$630, DW_AT_decl_file("/home/jose/ti/c2000/C2000Ware_26_01_00_00/device_support/f2837xd/
    7196                      .dwattr $C$DW$630, DW_AT_decl_line(0x7c)
    7197                      .dwattr $C$DW$630, DW_AT_decl_column(0x0b)
    7198              
    7199              $C$DW$631       .dwtag  DW_TAG_member
    7200                      .dwattr $C$DW$631, DW_AT_type(*$C$DW$T$97)
    7201                      .dwattr $C$DW$631, DW_AT_name("PIE17_RESERVED_INT")
    7202                      .dwattr $C$DW$631, DW_AT_data_member_location[DW_OP_plus_uconst 0x88]
    7203                      .dwattr $C$DW$631, DW_AT_accessibility(DW_ACCESS_public)
    7204                      .dwattr $C$DW$631, DW_AT_decl_file("/home/jose/ti/c2000/C2000Ware_26_01_00_00/device_support/f2837xd/
    7205                      .dwattr $C$DW$631, DW_AT_decl_line(0x7d)
    7206                      .dwattr $C$DW$631, DW_AT_decl_column(0x0b)
    7207              
    7208              $C$DW$632       .dwtag  DW_TAG_member
    7209                      .dwattr $C$DW$632, DW_AT_type(*$C$DW$T$97)
    7210                      .dwattr $C$DW$632, DW_AT_name("PIE18_RESERVED_INT")
    7211                      .dwattr $C$DW$632, DW_AT_data_member_location[DW_OP_plus_uconst 0x8a]
    7212                      .dwattr $C$DW$632, DW_AT_accessibility(DW_ACCESS_public)
    7213                      .dwattr $C$DW$632, DW_AT_decl_file("/home/jose/ti/c2000/C2000Ware_26_01_00_00/device_support/f2837xd/
    7214                      .dwattr $C$DW$632, DW_AT_decl_line(0x7e)
    7215                      .dwattr $C$DW$632, DW_AT_decl_column(0x0b)
    7216              
    7217              $C$DW$633       .dwtag  DW_TAG_member
    7218                      .dwattr $C$DW$633, DW_AT_type(*$C$DW$T$97)
    7219                      .dwattr $C$DW$633, DW_AT_name("PIE19_RESERVED_INT")
    7220                      .dwattr $C$DW$633, DW_AT_data_member_location[DW_OP_plus_uconst 0x8c]
    7221                      .dwattr $C$DW$633, DW_AT_accessibility(DW_ACCESS_public)
    7222                      .dwattr $C$DW$633, DW_AT_decl_file("/home/jose/ti/c2000/C2000Ware_26_01_00_00/device_support/f2837xd/
    7223                      .dwattr $C$DW$633, DW_AT_decl_line(0x7f)
    7224                      .dwattr $C$DW$633, DW_AT_decl_column(0x0b)
    7225              
    7226              $C$DW$634       .dwtag  DW_TAG_member
    7227                      .dwattr $C$DW$634, DW_AT_type(*$C$DW$T$97)
    7228                      .dwattr $C$DW$634, DW_AT_name("PIE20_RESERVED_INT")
    7229                      .dwattr $C$DW$634, DW_AT_data_member_location[DW_OP_plus_uconst 0x8e]
    7230                      .dwattr $C$DW$634, DW_AT_accessibility(DW_ACCESS_public)
    7231                      .dwattr $C$DW$634, DW_AT_decl_file("/home/jose/ti/c2000/C2000Ware_26_01_00_00/device_support/f2837xd/
TMS320C2000 Assembler Unix v25.11.0 Sat May 30 20:22:51 2026

Copyright (c) 1996-2018 Texas Instruments Incorporated
main.asm                                                             PAGE  133

    7232                      .dwattr $C$DW$634, DW_AT_decl_line(0x80)
    7233                      .dwattr $C$DW$634, DW_AT_decl_column(0x0b)
    7234              
    7235              $C$DW$635       .dwtag  DW_TAG_member
    7236                      .dwattr $C$DW$635, DW_AT_type(*$C$DW$T$97)
    7237                      .dwattr $C$DW$635, DW_AT_name("SPIA_RX_INT")
    7238                      .dwattr $C$DW$635, DW_AT_data_member_location[DW_OP_plus_uconst 0x90]
    7239                      .dwattr $C$DW$635, DW_AT_accessibility(DW_ACCESS_public)
    7240                      .dwattr $C$DW$635, DW_AT_decl_file("/home/jose/ti/c2000/C2000Ware_26_01_00_00/device_support/f2837xd/
    7241                      .dwattr $C$DW$635, DW_AT_decl_line(0x81)
    7242                      .dwattr $C$DW$635, DW_AT_decl_column(0x0b)
    7243              
    7244              $C$DW$636       .dwtag  DW_TAG_member
    7245                      .dwattr $C$DW$636, DW_AT_type(*$C$DW$T$97)
    7246                      .dwattr $C$DW$636, DW_AT_name("SPIA_TX_INT")
    7247                      .dwattr $C$DW$636, DW_AT_data_member_location[DW_OP_plus_uconst 0x92]
    7248                      .dwattr $C$DW$636, DW_AT_accessibility(DW_ACCESS_public)
    7249                      .dwattr $C$DW$636, DW_AT_decl_file("/home/jose/ti/c2000/C2000Ware_26_01_00_00/device_support/f2837xd/
    7250                      .dwattr $C$DW$636, DW_AT_decl_line(0x82)
    7251                      .dwattr $C$DW$636, DW_AT_decl_column(0x0b)
    7252              
    7253              $C$DW$637       .dwtag  DW_TAG_member
    7254                      .dwattr $C$DW$637, DW_AT_type(*$C$DW$T$97)
    7255                      .dwattr $C$DW$637, DW_AT_name("SPIB_RX_INT")
    7256                      .dwattr $C$DW$637, DW_AT_data_member_location[DW_OP_plus_uconst 0x94]
    7257                      .dwattr $C$DW$637, DW_AT_accessibility(DW_ACCESS_public)
    7258                      .dwattr $C$DW$637, DW_AT_decl_file("/home/jose/ti/c2000/C2000Ware_26_01_00_00/device_support/f2837xd/
    7259                      .dwattr $C$DW$637, DW_AT_decl_line(0x83)
    7260                      .dwattr $C$DW$637, DW_AT_decl_column(0x0b)
    7261              
    7262              $C$DW$638       .dwtag  DW_TAG_member
    7263                      .dwattr $C$DW$638, DW_AT_type(*$C$DW$T$97)
    7264                      .dwattr $C$DW$638, DW_AT_name("SPIB_TX_INT")
    7265                      .dwattr $C$DW$638, DW_AT_data_member_location[DW_OP_plus_uconst 0x96]
    7266                      .dwattr $C$DW$638, DW_AT_accessibility(DW_ACCESS_public)
    7267                      .dwattr $C$DW$638, DW_AT_decl_file("/home/jose/ti/c2000/C2000Ware_26_01_00_00/device_support/f2837xd/
    7268                      .dwattr $C$DW$638, DW_AT_decl_line(0x84)
    7269                      .dwattr $C$DW$638, DW_AT_decl_column(0x0b)
    7270              
    7271              $C$DW$639       .dwtag  DW_TAG_member
    7272                      .dwattr $C$DW$639, DW_AT_type(*$C$DW$T$97)
    7273                      .dwattr $C$DW$639, DW_AT_name("MCBSPA_RX_INT")
    7274                      .dwattr $C$DW$639, DW_AT_data_member_location[DW_OP_plus_uconst 0x98]
    7275                      .dwattr $C$DW$639, DW_AT_accessibility(DW_ACCESS_public)
    7276                      .dwattr $C$DW$639, DW_AT_decl_file("/home/jose/ti/c2000/C2000Ware_26_01_00_00/device_support/f2837xd/
    7277                      .dwattr $C$DW$639, DW_AT_decl_line(0x85)
    7278                      .dwattr $C$DW$639, DW_AT_decl_column(0x0b)
    7279              
    7280              $C$DW$640       .dwtag  DW_TAG_member
    7281                      .dwattr $C$DW$640, DW_AT_type(*$C$DW$T$97)
    7282                      .dwattr $C$DW$640, DW_AT_name("MCBSPA_TX_INT")
    7283                      .dwattr $C$DW$640, DW_AT_data_member_location[DW_OP_plus_uconst 0x9a]
    7284                      .dwattr $C$DW$640, DW_AT_accessibility(DW_ACCESS_public)
    7285                      .dwattr $C$DW$640, DW_AT_decl_file("/home/jose/ti/c2000/C2000Ware_26_01_00_00/device_support/f2837xd/
    7286                      .dwattr $C$DW$640, DW_AT_decl_line(0x86)
TMS320C2000 Assembler Unix v25.11.0 Sat May 30 20:22:51 2026

Copyright (c) 1996-2018 Texas Instruments Incorporated
main.asm                                                             PAGE  134

    7287                      .dwattr $C$DW$640, DW_AT_decl_column(0x0b)
    7288              
    7289              $C$DW$641       .dwtag  DW_TAG_member
    7290                      .dwattr $C$DW$641, DW_AT_type(*$C$DW$T$97)
    7291                      .dwattr $C$DW$641, DW_AT_name("MCBSPB_RX_INT")
    7292                      .dwattr $C$DW$641, DW_AT_data_member_location[DW_OP_plus_uconst 0x9c]
    7293                      .dwattr $C$DW$641, DW_AT_accessibility(DW_ACCESS_public)
    7294                      .dwattr $C$DW$641, DW_AT_decl_file("/home/jose/ti/c2000/C2000Ware_26_01_00_00/device_support/f2837xd/
    7295                      .dwattr $C$DW$641, DW_AT_decl_line(0x87)
    7296                      .dwattr $C$DW$641, DW_AT_decl_column(0x0b)
    7297              
    7298              $C$DW$642       .dwtag  DW_TAG_member
    7299                      .dwattr $C$DW$642, DW_AT_type(*$C$DW$T$97)
    7300                      .dwattr $C$DW$642, DW_AT_name("MCBSPB_TX_INT")
    7301                      .dwattr $C$DW$642, DW_AT_data_member_location[DW_OP_plus_uconst 0x9e]
    7302                      .dwattr $C$DW$642, DW_AT_accessibility(DW_ACCESS_public)
    7303                      .dwattr $C$DW$642, DW_AT_decl_file("/home/jose/ti/c2000/C2000Ware_26_01_00_00/device_support/f2837xd/
    7304                      .dwattr $C$DW$642, DW_AT_decl_line(0x88)
    7305                      .dwattr $C$DW$642, DW_AT_decl_column(0x0b)
    7306              
    7307              $C$DW$643       .dwtag  DW_TAG_member
    7308                      .dwattr $C$DW$643, DW_AT_type(*$C$DW$T$97)
    7309                      .dwattr $C$DW$643, DW_AT_name("DMA_CH1_INT")
    7310                      .dwattr $C$DW$643, DW_AT_data_member_location[DW_OP_plus_uconst 0xa0]
    7311                      .dwattr $C$DW$643, DW_AT_accessibility(DW_ACCESS_public)
    7312                      .dwattr $C$DW$643, DW_AT_decl_file("/home/jose/ti/c2000/C2000Ware_26_01_00_00/device_support/f2837xd/
    7313                      .dwattr $C$DW$643, DW_AT_decl_line(0x89)
    7314                      .dwattr $C$DW$643, DW_AT_decl_column(0x0b)
    7315              
    7316              $C$DW$644       .dwtag  DW_TAG_member
    7317                      .dwattr $C$DW$644, DW_AT_type(*$C$DW$T$97)
    7318                      .dwattr $C$DW$644, DW_AT_name("DMA_CH2_INT")
    7319                      .dwattr $C$DW$644, DW_AT_data_member_location[DW_OP_plus_uconst 0xa2]
    7320                      .dwattr $C$DW$644, DW_AT_accessibility(DW_ACCESS_public)
    7321                      .dwattr $C$DW$644, DW_AT_decl_file("/home/jose/ti/c2000/C2000Ware_26_01_00_00/device_support/f2837xd/
    7322                      .dwattr $C$DW$644, DW_AT_decl_line(0x8a)
    7323                      .dwattr $C$DW$644, DW_AT_decl_column(0x0b)
    7324              
    7325              $C$DW$645       .dwtag  DW_TAG_member
    7326                      .dwattr $C$DW$645, DW_AT_type(*$C$DW$T$97)
    7327                      .dwattr $C$DW$645, DW_AT_name("DMA_CH3_INT")
    7328                      .dwattr $C$DW$645, DW_AT_data_member_location[DW_OP_plus_uconst 0xa4]
    7329                      .dwattr $C$DW$645, DW_AT_accessibility(DW_ACCESS_public)
    7330                      .dwattr $C$DW$645, DW_AT_decl_file("/home/jose/ti/c2000/C2000Ware_26_01_00_00/device_support/f2837xd/
    7331                      .dwattr $C$DW$645, DW_AT_decl_line(0x8b)
    7332                      .dwattr $C$DW$645, DW_AT_decl_column(0x0b)
    7333              
    7334              $C$DW$646       .dwtag  DW_TAG_member
    7335                      .dwattr $C$DW$646, DW_AT_type(*$C$DW$T$97)
    7336                      .dwattr $C$DW$646, DW_AT_name("DMA_CH4_INT")
    7337                      .dwattr $C$DW$646, DW_AT_data_member_location[DW_OP_plus_uconst 0xa6]
    7338                      .dwattr $C$DW$646, DW_AT_accessibility(DW_ACCESS_public)
    7339                      .dwattr $C$DW$646, DW_AT_decl_file("/home/jose/ti/c2000/C2000Ware_26_01_00_00/device_support/f2837xd/
    7340                      .dwattr $C$DW$646, DW_AT_decl_line(0x8c)
    7341                      .dwattr $C$DW$646, DW_AT_decl_column(0x0b)
TMS320C2000 Assembler Unix v25.11.0 Sat May 30 20:22:51 2026

Copyright (c) 1996-2018 Texas Instruments Incorporated
main.asm                                                             PAGE  135

    7342              
    7343              $C$DW$647       .dwtag  DW_TAG_member
    7344                      .dwattr $C$DW$647, DW_AT_type(*$C$DW$T$97)
    7345                      .dwattr $C$DW$647, DW_AT_name("DMA_CH5_INT")
    7346                      .dwattr $C$DW$647, DW_AT_data_member_location[DW_OP_plus_uconst 0xa8]
    7347                      .dwattr $C$DW$647, DW_AT_accessibility(DW_ACCESS_public)
    7348                      .dwattr $C$DW$647, DW_AT_decl_file("/home/jose/ti/c2000/C2000Ware_26_01_00_00/device_support/f2837xd/
    7349                      .dwattr $C$DW$647, DW_AT_decl_line(0x8d)
    7350                      .dwattr $C$DW$647, DW_AT_decl_column(0x0b)
    7351              
    7352              $C$DW$648       .dwtag  DW_TAG_member
    7353                      .dwattr $C$DW$648, DW_AT_type(*$C$DW$T$97)
    7354                      .dwattr $C$DW$648, DW_AT_name("DMA_CH6_INT")
    7355                      .dwattr $C$DW$648, DW_AT_data_member_location[DW_OP_plus_uconst 0xaa]
    7356                      .dwattr $C$DW$648, DW_AT_accessibility(DW_ACCESS_public)
    7357                      .dwattr $C$DW$648, DW_AT_decl_file("/home/jose/ti/c2000/C2000Ware_26_01_00_00/device_support/f2837xd/
    7358                      .dwattr $C$DW$648, DW_AT_decl_line(0x8e)
    7359                      .dwattr $C$DW$648, DW_AT_decl_column(0x0b)
    7360              
    7361              $C$DW$649       .dwtag  DW_TAG_member
    7362                      .dwattr $C$DW$649, DW_AT_type(*$C$DW$T$97)
    7363                      .dwattr $C$DW$649, DW_AT_name("PIE21_RESERVED_INT")
    7364                      .dwattr $C$DW$649, DW_AT_data_member_location[DW_OP_plus_uconst 0xac]
    7365                      .dwattr $C$DW$649, DW_AT_accessibility(DW_ACCESS_public)
    7366                      .dwattr $C$DW$649, DW_AT_decl_file("/home/jose/ti/c2000/C2000Ware_26_01_00_00/device_support/f2837xd/
    7367                      .dwattr $C$DW$649, DW_AT_decl_line(0x8f)
    7368                      .dwattr $C$DW$649, DW_AT_decl_column(0x0b)
    7369              
    7370              $C$DW$650       .dwtag  DW_TAG_member
    7371                      .dwattr $C$DW$650, DW_AT_type(*$C$DW$T$97)
    7372                      .dwattr $C$DW$650, DW_AT_name("PIE22_RESERVED_INT")
    7373                      .dwattr $C$DW$650, DW_AT_data_member_location[DW_OP_plus_uconst 0xae]
    7374                      .dwattr $C$DW$650, DW_AT_accessibility(DW_ACCESS_public)
    7375                      .dwattr $C$DW$650, DW_AT_decl_file("/home/jose/ti/c2000/C2000Ware_26_01_00_00/device_support/f2837xd/
    7376                      .dwattr $C$DW$650, DW_AT_decl_line(0x90)
    7377                      .dwattr $C$DW$650, DW_AT_decl_column(0x0b)
    7378              
    7379              $C$DW$651       .dwtag  DW_TAG_member
    7380                      .dwattr $C$DW$651, DW_AT_type(*$C$DW$T$97)
    7381                      .dwattr $C$DW$651, DW_AT_name("I2CA_INT")
    7382                      .dwattr $C$DW$651, DW_AT_data_member_location[DW_OP_plus_uconst 0xb0]
    7383                      .dwattr $C$DW$651, DW_AT_accessibility(DW_ACCESS_public)
    7384                      .dwattr $C$DW$651, DW_AT_decl_file("/home/jose/ti/c2000/C2000Ware_26_01_00_00/device_support/f2837xd/
    7385                      .dwattr $C$DW$651, DW_AT_decl_line(0x91)
    7386                      .dwattr $C$DW$651, DW_AT_decl_column(0x0b)
    7387              
    7388              $C$DW$652       .dwtag  DW_TAG_member
    7389                      .dwattr $C$DW$652, DW_AT_type(*$C$DW$T$97)
    7390                      .dwattr $C$DW$652, DW_AT_name("I2CA_FIFO_INT")
    7391                      .dwattr $C$DW$652, DW_AT_data_member_location[DW_OP_plus_uconst 0xb2]
    7392                      .dwattr $C$DW$652, DW_AT_accessibility(DW_ACCESS_public)
    7393                      .dwattr $C$DW$652, DW_AT_decl_file("/home/jose/ti/c2000/C2000Ware_26_01_00_00/device_support/f2837xd/
    7394                      .dwattr $C$DW$652, DW_AT_decl_line(0x92)
    7395                      .dwattr $C$DW$652, DW_AT_decl_column(0x0b)
    7396              
TMS320C2000 Assembler Unix v25.11.0 Sat May 30 20:22:51 2026

Copyright (c) 1996-2018 Texas Instruments Incorporated
main.asm                                                             PAGE  136

    7397              $C$DW$653       .dwtag  DW_TAG_member
    7398                      .dwattr $C$DW$653, DW_AT_type(*$C$DW$T$97)
    7399                      .dwattr $C$DW$653, DW_AT_name("I2CB_INT")
    7400                      .dwattr $C$DW$653, DW_AT_data_member_location[DW_OP_plus_uconst 0xb4]
    7401                      .dwattr $C$DW$653, DW_AT_accessibility(DW_ACCESS_public)
    7402                      .dwattr $C$DW$653, DW_AT_decl_file("/home/jose/ti/c2000/C2000Ware_26_01_00_00/device_support/f2837xd/
    7403                      .dwattr $C$DW$653, DW_AT_decl_line(0x93)
    7404                      .dwattr $C$DW$653, DW_AT_decl_column(0x0b)
    7405              
    7406              $C$DW$654       .dwtag  DW_TAG_member
    7407                      .dwattr $C$DW$654, DW_AT_type(*$C$DW$T$97)
    7408                      .dwattr $C$DW$654, DW_AT_name("I2CB_FIFO_INT")
    7409                      .dwattr $C$DW$654, DW_AT_data_member_location[DW_OP_plus_uconst 0xb6]
    7410                      .dwattr $C$DW$654, DW_AT_accessibility(DW_ACCESS_public)
    7411                      .dwattr $C$DW$654, DW_AT_decl_file("/home/jose/ti/c2000/C2000Ware_26_01_00_00/device_support/f2837xd/
    7412                      .dwattr $C$DW$654, DW_AT_decl_line(0x94)
    7413                      .dwattr $C$DW$654, DW_AT_decl_column(0x0b)
    7414              
    7415              $C$DW$655       .dwtag  DW_TAG_member
    7416                      .dwattr $C$DW$655, DW_AT_type(*$C$DW$T$97)
    7417                      .dwattr $C$DW$655, DW_AT_name("SCIC_RX_INT")
    7418                      .dwattr $C$DW$655, DW_AT_data_member_location[DW_OP_plus_uconst 0xb8]
    7419                      .dwattr $C$DW$655, DW_AT_accessibility(DW_ACCESS_public)
    7420                      .dwattr $C$DW$655, DW_AT_decl_file("/home/jose/ti/c2000/C2000Ware_26_01_00_00/device_support/f2837xd/
    7421                      .dwattr $C$DW$655, DW_AT_decl_line(0x95)
    7422                      .dwattr $C$DW$655, DW_AT_decl_column(0x0b)
    7423              
    7424              $C$DW$656       .dwtag  DW_TAG_member
    7425                      .dwattr $C$DW$656, DW_AT_type(*$C$DW$T$97)
    7426                      .dwattr $C$DW$656, DW_AT_name("SCIC_TX_INT")
    7427                      .dwattr $C$DW$656, DW_AT_data_member_location[DW_OP_plus_uconst 0xba]
    7428                      .dwattr $C$DW$656, DW_AT_accessibility(DW_ACCESS_public)
    7429                      .dwattr $C$DW$656, DW_AT_decl_file("/home/jose/ti/c2000/C2000Ware_26_01_00_00/device_support/f2837xd/
    7430                      .dwattr $C$DW$656, DW_AT_decl_line(0x96)
    7431                      .dwattr $C$DW$656, DW_AT_decl_column(0x0b)
    7432              
    7433              $C$DW$657       .dwtag  DW_TAG_member
    7434                      .dwattr $C$DW$657, DW_AT_type(*$C$DW$T$97)
    7435                      .dwattr $C$DW$657, DW_AT_name("SCID_RX_INT")
    7436                      .dwattr $C$DW$657, DW_AT_data_member_location[DW_OP_plus_uconst 0xbc]
    7437                      .dwattr $C$DW$657, DW_AT_accessibility(DW_ACCESS_public)
    7438                      .dwattr $C$DW$657, DW_AT_decl_file("/home/jose/ti/c2000/C2000Ware_26_01_00_00/device_support/f2837xd/
    7439                      .dwattr $C$DW$657, DW_AT_decl_line(0x97)
    7440                      .dwattr $C$DW$657, DW_AT_decl_column(0x0b)
    7441              
    7442              $C$DW$658       .dwtag  DW_TAG_member
    7443                      .dwattr $C$DW$658, DW_AT_type(*$C$DW$T$97)
    7444                      .dwattr $C$DW$658, DW_AT_name("SCID_TX_INT")
    7445                      .dwattr $C$DW$658, DW_AT_data_member_location[DW_OP_plus_uconst 0xbe]
    7446                      .dwattr $C$DW$658, DW_AT_accessibility(DW_ACCESS_public)
    7447                      .dwattr $C$DW$658, DW_AT_decl_file("/home/jose/ti/c2000/C2000Ware_26_01_00_00/device_support/f2837xd/
    7448                      .dwattr $C$DW$658, DW_AT_decl_line(0x98)
    7449                      .dwattr $C$DW$658, DW_AT_decl_column(0x0b)
    7450              
    7451              $C$DW$659       .dwtag  DW_TAG_member
TMS320C2000 Assembler Unix v25.11.0 Sat May 30 20:22:51 2026

Copyright (c) 1996-2018 Texas Instruments Incorporated
main.asm                                                             PAGE  137

    7452                      .dwattr $C$DW$659, DW_AT_type(*$C$DW$T$97)
    7453                      .dwattr $C$DW$659, DW_AT_name("SCIA_RX_INT")
    7454                      .dwattr $C$DW$659, DW_AT_data_member_location[DW_OP_plus_uconst 0xc0]
    7455                      .dwattr $C$DW$659, DW_AT_accessibility(DW_ACCESS_public)
    7456                      .dwattr $C$DW$659, DW_AT_decl_file("/home/jose/ti/c2000/C2000Ware_26_01_00_00/device_support/f2837xd/
    7457                      .dwattr $C$DW$659, DW_AT_decl_line(0x99)
    7458                      .dwattr $C$DW$659, DW_AT_decl_column(0x0b)
    7459              
    7460              $C$DW$660       .dwtag  DW_TAG_member
    7461                      .dwattr $C$DW$660, DW_AT_type(*$C$DW$T$97)
    7462                      .dwattr $C$DW$660, DW_AT_name("SCIA_TX_INT")
    7463                      .dwattr $C$DW$660, DW_AT_data_member_location[DW_OP_plus_uconst 0xc2]
    7464                      .dwattr $C$DW$660, DW_AT_accessibility(DW_ACCESS_public)
    7465                      .dwattr $C$DW$660, DW_AT_decl_file("/home/jose/ti/c2000/C2000Ware_26_01_00_00/device_support/f2837xd/
    7466                      .dwattr $C$DW$660, DW_AT_decl_line(0x9a)
    7467                      .dwattr $C$DW$660, DW_AT_decl_column(0x0b)
    7468              
    7469              $C$DW$661       .dwtag  DW_TAG_member
    7470                      .dwattr $C$DW$661, DW_AT_type(*$C$DW$T$97)
    7471                      .dwattr $C$DW$661, DW_AT_name("SCIB_RX_INT")
    7472                      .dwattr $C$DW$661, DW_AT_data_member_location[DW_OP_plus_uconst 0xc4]
    7473                      .dwattr $C$DW$661, DW_AT_accessibility(DW_ACCESS_public)
    7474                      .dwattr $C$DW$661, DW_AT_decl_file("/home/jose/ti/c2000/C2000Ware_26_01_00_00/device_support/f2837xd/
    7475                      .dwattr $C$DW$661, DW_AT_decl_line(0x9b)
    7476                      .dwattr $C$DW$661, DW_AT_decl_column(0x0b)
    7477              
    7478              $C$DW$662       .dwtag  DW_TAG_member
    7479                      .dwattr $C$DW$662, DW_AT_type(*$C$DW$T$97)
    7480                      .dwattr $C$DW$662, DW_AT_name("SCIB_TX_INT")
    7481                      .dwattr $C$DW$662, DW_AT_data_member_location[DW_OP_plus_uconst 0xc6]
    7482                      .dwattr $C$DW$662, DW_AT_accessibility(DW_ACCESS_public)
    7483                      .dwattr $C$DW$662, DW_AT_decl_file("/home/jose/ti/c2000/C2000Ware_26_01_00_00/device_support/f2837xd/
    7484                      .dwattr $C$DW$662, DW_AT_decl_line(0x9c)
    7485                      .dwattr $C$DW$662, DW_AT_decl_column(0x0b)
    7486              
    7487              $C$DW$663       .dwtag  DW_TAG_member
    7488                      .dwattr $C$DW$663, DW_AT_type(*$C$DW$T$97)
    7489                      .dwattr $C$DW$663, DW_AT_name("CANA0_INT")
    7490                      .dwattr $C$DW$663, DW_AT_data_member_location[DW_OP_plus_uconst 0xc8]
    7491                      .dwattr $C$DW$663, DW_AT_accessibility(DW_ACCESS_public)
    7492                      .dwattr $C$DW$663, DW_AT_decl_file("/home/jose/ti/c2000/C2000Ware_26_01_00_00/device_support/f2837xd/
    7493                      .dwattr $C$DW$663, DW_AT_decl_line(0x9d)
    7494                      .dwattr $C$DW$663, DW_AT_decl_column(0x0b)
    7495              
    7496              $C$DW$664       .dwtag  DW_TAG_member
    7497                      .dwattr $C$DW$664, DW_AT_type(*$C$DW$T$97)
    7498                      .dwattr $C$DW$664, DW_AT_name("CANA1_INT")
    7499                      .dwattr $C$DW$664, DW_AT_data_member_location[DW_OP_plus_uconst 0xca]
    7500                      .dwattr $C$DW$664, DW_AT_accessibility(DW_ACCESS_public)
    7501                      .dwattr $C$DW$664, DW_AT_decl_file("/home/jose/ti/c2000/C2000Ware_26_01_00_00/device_support/f2837xd/
    7502                      .dwattr $C$DW$664, DW_AT_decl_line(0x9e)
    7503                      .dwattr $C$DW$664, DW_AT_decl_column(0x0b)
    7504              
    7505              $C$DW$665       .dwtag  DW_TAG_member
    7506                      .dwattr $C$DW$665, DW_AT_type(*$C$DW$T$97)
TMS320C2000 Assembler Unix v25.11.0 Sat May 30 20:22:51 2026

Copyright (c) 1996-2018 Texas Instruments Incorporated
main.asm                                                             PAGE  138

    7507                      .dwattr $C$DW$665, DW_AT_name("CANB0_INT")
    7508                      .dwattr $C$DW$665, DW_AT_data_member_location[DW_OP_plus_uconst 0xcc]
    7509                      .dwattr $C$DW$665, DW_AT_accessibility(DW_ACCESS_public)
    7510                      .dwattr $C$DW$665, DW_AT_decl_file("/home/jose/ti/c2000/C2000Ware_26_01_00_00/device_support/f2837xd/
    7511                      .dwattr $C$DW$665, DW_AT_decl_line(0x9f)
    7512                      .dwattr $C$DW$665, DW_AT_decl_column(0x0b)
    7513              
    7514              $C$DW$666       .dwtag  DW_TAG_member
    7515                      .dwattr $C$DW$666, DW_AT_type(*$C$DW$T$97)
    7516                      .dwattr $C$DW$666, DW_AT_name("CANB1_INT")
    7517                      .dwattr $C$DW$666, DW_AT_data_member_location[DW_OP_plus_uconst 0xce]
    7518                      .dwattr $C$DW$666, DW_AT_accessibility(DW_ACCESS_public)
    7519                      .dwattr $C$DW$666, DW_AT_decl_file("/home/jose/ti/c2000/C2000Ware_26_01_00_00/device_support/f2837xd/
    7520                      .dwattr $C$DW$666, DW_AT_decl_line(0xa0)
    7521                      .dwattr $C$DW$666, DW_AT_decl_column(0x0b)
    7522              
    7523              $C$DW$667       .dwtag  DW_TAG_member
    7524                      .dwattr $C$DW$667, DW_AT_type(*$C$DW$T$97)
    7525                      .dwattr $C$DW$667, DW_AT_name("ADCA_EVT_INT")
    7526                      .dwattr $C$DW$667, DW_AT_data_member_location[DW_OP_plus_uconst 0xd0]
    7527                      .dwattr $C$DW$667, DW_AT_accessibility(DW_ACCESS_public)
    7528                      .dwattr $C$DW$667, DW_AT_decl_file("/home/jose/ti/c2000/C2000Ware_26_01_00_00/device_support/f2837xd/
    7529                      .dwattr $C$DW$667, DW_AT_decl_line(0xa1)
    7530                      .dwattr $C$DW$667, DW_AT_decl_column(0x0b)
    7531              
    7532              $C$DW$668       .dwtag  DW_TAG_member
    7533                      .dwattr $C$DW$668, DW_AT_type(*$C$DW$T$97)
    7534                      .dwattr $C$DW$668, DW_AT_name("ADCA2_INT")
    7535                      .dwattr $C$DW$668, DW_AT_data_member_location[DW_OP_plus_uconst 0xd2]
    7536                      .dwattr $C$DW$668, DW_AT_accessibility(DW_ACCESS_public)
    7537                      .dwattr $C$DW$668, DW_AT_decl_file("/home/jose/ti/c2000/C2000Ware_26_01_00_00/device_support/f2837xd/
    7538                      .dwattr $C$DW$668, DW_AT_decl_line(0xa2)
    7539                      .dwattr $C$DW$668, DW_AT_decl_column(0x0b)
    7540              
    7541              $C$DW$669       .dwtag  DW_TAG_member
    7542                      .dwattr $C$DW$669, DW_AT_type(*$C$DW$T$97)
    7543                      .dwattr $C$DW$669, DW_AT_name("ADCA3_INT")
    7544                      .dwattr $C$DW$669, DW_AT_data_member_location[DW_OP_plus_uconst 0xd4]
    7545                      .dwattr $C$DW$669, DW_AT_accessibility(DW_ACCESS_public)
    7546                      .dwattr $C$DW$669, DW_AT_decl_file("/home/jose/ti/c2000/C2000Ware_26_01_00_00/device_support/f2837xd/
    7547                      .dwattr $C$DW$669, DW_AT_decl_line(0xa3)
    7548                      .dwattr $C$DW$669, DW_AT_decl_column(0x0b)
    7549              
    7550              $C$DW$670       .dwtag  DW_TAG_member
    7551                      .dwattr $C$DW$670, DW_AT_type(*$C$DW$T$97)
    7552                      .dwattr $C$DW$670, DW_AT_name("ADCA4_INT")
    7553                      .dwattr $C$DW$670, DW_AT_data_member_location[DW_OP_plus_uconst 0xd6]
    7554                      .dwattr $C$DW$670, DW_AT_accessibility(DW_ACCESS_public)
    7555                      .dwattr $C$DW$670, DW_AT_decl_file("/home/jose/ti/c2000/C2000Ware_26_01_00_00/device_support/f2837xd/
    7556                      .dwattr $C$DW$670, DW_AT_decl_line(0xa4)
    7557                      .dwattr $C$DW$670, DW_AT_decl_column(0x0b)
    7558              
    7559              $C$DW$671       .dwtag  DW_TAG_member
    7560                      .dwattr $C$DW$671, DW_AT_type(*$C$DW$T$97)
    7561                      .dwattr $C$DW$671, DW_AT_name("ADCB_EVT_INT")
TMS320C2000 Assembler Unix v25.11.0 Sat May 30 20:22:51 2026

Copyright (c) 1996-2018 Texas Instruments Incorporated
main.asm                                                             PAGE  139

    7562                      .dwattr $C$DW$671, DW_AT_data_member_location[DW_OP_plus_uconst 0xd8]
    7563                      .dwattr $C$DW$671, DW_AT_accessibility(DW_ACCESS_public)
    7564                      .dwattr $C$DW$671, DW_AT_decl_file("/home/jose/ti/c2000/C2000Ware_26_01_00_00/device_support/f2837xd/
    7565                      .dwattr $C$DW$671, DW_AT_decl_line(0xa5)
    7566                      .dwattr $C$DW$671, DW_AT_decl_column(0x0b)
    7567              
    7568              $C$DW$672       .dwtag  DW_TAG_member
    7569                      .dwattr $C$DW$672, DW_AT_type(*$C$DW$T$97)
    7570                      .dwattr $C$DW$672, DW_AT_name("ADCB2_INT")
    7571                      .dwattr $C$DW$672, DW_AT_data_member_location[DW_OP_plus_uconst 0xda]
    7572                      .dwattr $C$DW$672, DW_AT_accessibility(DW_ACCESS_public)
    7573                      .dwattr $C$DW$672, DW_AT_decl_file("/home/jose/ti/c2000/C2000Ware_26_01_00_00/device_support/f2837xd/
    7574                      .dwattr $C$DW$672, DW_AT_decl_line(0xa6)
    7575                      .dwattr $C$DW$672, DW_AT_decl_column(0x0b)
    7576              
    7577              $C$DW$673       .dwtag  DW_TAG_member
    7578                      .dwattr $C$DW$673, DW_AT_type(*$C$DW$T$97)
    7579                      .dwattr $C$DW$673, DW_AT_name("ADCB3_INT")
    7580                      .dwattr $C$DW$673, DW_AT_data_member_location[DW_OP_plus_uconst 0xdc]
    7581                      .dwattr $C$DW$673, DW_AT_accessibility(DW_ACCESS_public)
    7582                      .dwattr $C$DW$673, DW_AT_decl_file("/home/jose/ti/c2000/C2000Ware_26_01_00_00/device_support/f2837xd/
    7583                      .dwattr $C$DW$673, DW_AT_decl_line(0xa7)
    7584                      .dwattr $C$DW$673, DW_AT_decl_column(0x0b)
    7585              
    7586              $C$DW$674       .dwtag  DW_TAG_member
    7587                      .dwattr $C$DW$674, DW_AT_type(*$C$DW$T$97)
    7588                      .dwattr $C$DW$674, DW_AT_name("ADCB4_INT")
    7589                      .dwattr $C$DW$674, DW_AT_data_member_location[DW_OP_plus_uconst 0xde]
    7590                      .dwattr $C$DW$674, DW_AT_accessibility(DW_ACCESS_public)
    7591                      .dwattr $C$DW$674, DW_AT_decl_file("/home/jose/ti/c2000/C2000Ware_26_01_00_00/device_support/f2837xd/
    7592                      .dwattr $C$DW$674, DW_AT_decl_line(0xa8)
    7593                      .dwattr $C$DW$674, DW_AT_decl_column(0x0b)
    7594              
    7595              $C$DW$675       .dwtag  DW_TAG_member
    7596                      .dwattr $C$DW$675, DW_AT_type(*$C$DW$T$97)
    7597                      .dwattr $C$DW$675, DW_AT_name("CLA1_1_INT")
    7598                      .dwattr $C$DW$675, DW_AT_data_member_location[DW_OP_plus_uconst 0xe0]
    7599                      .dwattr $C$DW$675, DW_AT_accessibility(DW_ACCESS_public)
    7600                      .dwattr $C$DW$675, DW_AT_decl_file("/home/jose/ti/c2000/C2000Ware_26_01_00_00/device_support/f2837xd/
    7601                      .dwattr $C$DW$675, DW_AT_decl_line(0xa9)
    7602                      .dwattr $C$DW$675, DW_AT_decl_column(0x0b)
    7603              
    7604              $C$DW$676       .dwtag  DW_TAG_member
    7605                      .dwattr $C$DW$676, DW_AT_type(*$C$DW$T$97)
    7606                      .dwattr $C$DW$676, DW_AT_name("CLA1_2_INT")
    7607                      .dwattr $C$DW$676, DW_AT_data_member_location[DW_OP_plus_uconst 0xe2]
    7608                      .dwattr $C$DW$676, DW_AT_accessibility(DW_ACCESS_public)
    7609                      .dwattr $C$DW$676, DW_AT_decl_file("/home/jose/ti/c2000/C2000Ware_26_01_00_00/device_support/f2837xd/
    7610                      .dwattr $C$DW$676, DW_AT_decl_line(0xaa)
    7611                      .dwattr $C$DW$676, DW_AT_decl_column(0x0b)
    7612              
    7613              $C$DW$677       .dwtag  DW_TAG_member
    7614                      .dwattr $C$DW$677, DW_AT_type(*$C$DW$T$97)
    7615                      .dwattr $C$DW$677, DW_AT_name("CLA1_3_INT")
    7616                      .dwattr $C$DW$677, DW_AT_data_member_location[DW_OP_plus_uconst 0xe4]
TMS320C2000 Assembler Unix v25.11.0 Sat May 30 20:22:51 2026

Copyright (c) 1996-2018 Texas Instruments Incorporated
main.asm                                                             PAGE  140

    7617                      .dwattr $C$DW$677, DW_AT_accessibility(DW_ACCESS_public)
    7618                      .dwattr $C$DW$677, DW_AT_decl_file("/home/jose/ti/c2000/C2000Ware_26_01_00_00/device_support/f2837xd/
    7619                      .dwattr $C$DW$677, DW_AT_decl_line(0xab)
    7620                      .dwattr $C$DW$677, DW_AT_decl_column(0x0b)
    7621              
    7622              $C$DW$678       .dwtag  DW_TAG_member
    7623                      .dwattr $C$DW$678, DW_AT_type(*$C$DW$T$97)
    7624                      .dwattr $C$DW$678, DW_AT_name("CLA1_4_INT")
    7625                      .dwattr $C$DW$678, DW_AT_data_member_location[DW_OP_plus_uconst 0xe6]
    7626                      .dwattr $C$DW$678, DW_AT_accessibility(DW_ACCESS_public)
    7627                      .dwattr $C$DW$678, DW_AT_decl_file("/home/jose/ti/c2000/C2000Ware_26_01_00_00/device_support/f2837xd/
    7628                      .dwattr $C$DW$678, DW_AT_decl_line(0xac)
    7629                      .dwattr $C$DW$678, DW_AT_decl_column(0x0b)
    7630              
    7631              $C$DW$679       .dwtag  DW_TAG_member
    7632                      .dwattr $C$DW$679, DW_AT_type(*$C$DW$T$97)
    7633                      .dwattr $C$DW$679, DW_AT_name("CLA1_5_INT")
    7634                      .dwattr $C$DW$679, DW_AT_data_member_location[DW_OP_plus_uconst 0xe8]
    7635                      .dwattr $C$DW$679, DW_AT_accessibility(DW_ACCESS_public)
    7636                      .dwattr $C$DW$679, DW_AT_decl_file("/home/jose/ti/c2000/C2000Ware_26_01_00_00/device_support/f2837xd/
    7637                      .dwattr $C$DW$679, DW_AT_decl_line(0xad)
    7638                      .dwattr $C$DW$679, DW_AT_decl_column(0x0b)
    7639              
    7640              $C$DW$680       .dwtag  DW_TAG_member
    7641                      .dwattr $C$DW$680, DW_AT_type(*$C$DW$T$97)
    7642                      .dwattr $C$DW$680, DW_AT_name("CLA1_6_INT")
    7643                      .dwattr $C$DW$680, DW_AT_data_member_location[DW_OP_plus_uconst 0xea]
    7644                      .dwattr $C$DW$680, DW_AT_accessibility(DW_ACCESS_public)
    7645                      .dwattr $C$DW$680, DW_AT_decl_file("/home/jose/ti/c2000/C2000Ware_26_01_00_00/device_support/f2837xd/
    7646                      .dwattr $C$DW$680, DW_AT_decl_line(0xae)
    7647                      .dwattr $C$DW$680, DW_AT_decl_column(0x0b)
    7648              
    7649              $C$DW$681       .dwtag  DW_TAG_member
    7650                      .dwattr $C$DW$681, DW_AT_type(*$C$DW$T$97)
    7651                      .dwattr $C$DW$681, DW_AT_name("CLA1_7_INT")
    7652                      .dwattr $C$DW$681, DW_AT_data_member_location[DW_OP_plus_uconst 0xec]
    7653                      .dwattr $C$DW$681, DW_AT_accessibility(DW_ACCESS_public)
    7654                      .dwattr $C$DW$681, DW_AT_decl_file("/home/jose/ti/c2000/C2000Ware_26_01_00_00/device_support/f2837xd/
    7655                      .dwattr $C$DW$681, DW_AT_decl_line(0xaf)
    7656                      .dwattr $C$DW$681, DW_AT_decl_column(0x0b)
    7657              
    7658              $C$DW$682       .dwtag  DW_TAG_member
    7659                      .dwattr $C$DW$682, DW_AT_type(*$C$DW$T$97)
    7660                      .dwattr $C$DW$682, DW_AT_name("CLA1_8_INT")
    7661                      .dwattr $C$DW$682, DW_AT_data_member_location[DW_OP_plus_uconst 0xee]
    7662                      .dwattr $C$DW$682, DW_AT_accessibility(DW_ACCESS_public)
    7663                      .dwattr $C$DW$682, DW_AT_decl_file("/home/jose/ti/c2000/C2000Ware_26_01_00_00/device_support/f2837xd/
    7664                      .dwattr $C$DW$682, DW_AT_decl_line(0xb0)
    7665                      .dwattr $C$DW$682, DW_AT_decl_column(0x0b)
    7666              
    7667              $C$DW$683       .dwtag  DW_TAG_member
    7668                      .dwattr $C$DW$683, DW_AT_type(*$C$DW$T$97)
    7669                      .dwattr $C$DW$683, DW_AT_name("XINT3_INT")
    7670                      .dwattr $C$DW$683, DW_AT_data_member_location[DW_OP_plus_uconst 0xf0]
    7671                      .dwattr $C$DW$683, DW_AT_accessibility(DW_ACCESS_public)
TMS320C2000 Assembler Unix v25.11.0 Sat May 30 20:22:51 2026

Copyright (c) 1996-2018 Texas Instruments Incorporated
main.asm                                                             PAGE  141

    7672                      .dwattr $C$DW$683, DW_AT_decl_file("/home/jose/ti/c2000/C2000Ware_26_01_00_00/device_support/f2837xd/
    7673                      .dwattr $C$DW$683, DW_AT_decl_line(0xb1)
    7674                      .dwattr $C$DW$683, DW_AT_decl_column(0x0b)
    7675              
    7676              $C$DW$684       .dwtag  DW_TAG_member
    7677                      .dwattr $C$DW$684, DW_AT_type(*$C$DW$T$97)
    7678                      .dwattr $C$DW$684, DW_AT_name("XINT4_INT")
    7679                      .dwattr $C$DW$684, DW_AT_data_member_location[DW_OP_plus_uconst 0xf2]
    7680                      .dwattr $C$DW$684, DW_AT_accessibility(DW_ACCESS_public)
    7681                      .dwattr $C$DW$684, DW_AT_decl_file("/home/jose/ti/c2000/C2000Ware_26_01_00_00/device_support/f2837xd/
    7682                      .dwattr $C$DW$684, DW_AT_decl_line(0xb2)
    7683                      .dwattr $C$DW$684, DW_AT_decl_column(0x0b)
    7684              
    7685              $C$DW$685       .dwtag  DW_TAG_member
    7686                      .dwattr $C$DW$685, DW_AT_type(*$C$DW$T$97)
    7687                      .dwattr $C$DW$685, DW_AT_name("XINT5_INT")
    7688                      .dwattr $C$DW$685, DW_AT_data_member_location[DW_OP_plus_uconst 0xf4]
    7689                      .dwattr $C$DW$685, DW_AT_accessibility(DW_ACCESS_public)
    7690                      .dwattr $C$DW$685, DW_AT_decl_file("/home/jose/ti/c2000/C2000Ware_26_01_00_00/device_support/f2837xd/
    7691                      .dwattr $C$DW$685, DW_AT_decl_line(0xb3)
    7692                      .dwattr $C$DW$685, DW_AT_decl_column(0x0b)
    7693              
    7694              $C$DW$686       .dwtag  DW_TAG_member
    7695                      .dwattr $C$DW$686, DW_AT_type(*$C$DW$T$97)
    7696                      .dwattr $C$DW$686, DW_AT_name("PIE23_RESERVED_INT")
    7697                      .dwattr $C$DW$686, DW_AT_data_member_location[DW_OP_plus_uconst 0xf6]
    7698                      .dwattr $C$DW$686, DW_AT_accessibility(DW_ACCESS_public)
    7699                      .dwattr $C$DW$686, DW_AT_decl_file("/home/jose/ti/c2000/C2000Ware_26_01_00_00/device_support/f2837xd/
    7700                      .dwattr $C$DW$686, DW_AT_decl_line(0xb4)
    7701                      .dwattr $C$DW$686, DW_AT_decl_column(0x0b)
    7702              
    7703              $C$DW$687       .dwtag  DW_TAG_member
    7704                      .dwattr $C$DW$687, DW_AT_type(*$C$DW$T$97)
    7705                      .dwattr $C$DW$687, DW_AT_name("PIE24_RESERVED_INT")
    7706                      .dwattr $C$DW$687, DW_AT_data_member_location[DW_OP_plus_uconst 0xf8]
    7707                      .dwattr $C$DW$687, DW_AT_accessibility(DW_ACCESS_public)
    7708                      .dwattr $C$DW$687, DW_AT_decl_file("/home/jose/ti/c2000/C2000Ware_26_01_00_00/device_support/f2837xd/
    7709                      .dwattr $C$DW$687, DW_AT_decl_line(0xb5)
    7710                      .dwattr $C$DW$687, DW_AT_decl_column(0x0b)
    7711              
    7712              $C$DW$688       .dwtag  DW_TAG_member
    7713                      .dwattr $C$DW$688, DW_AT_type(*$C$DW$T$97)
    7714                      .dwattr $C$DW$688, DW_AT_name("VCU_INT")
    7715                      .dwattr $C$DW$688, DW_AT_data_member_location[DW_OP_plus_uconst 0xfa]
    7716                      .dwattr $C$DW$688, DW_AT_accessibility(DW_ACCESS_public)
    7717                      .dwattr $C$DW$688, DW_AT_decl_file("/home/jose/ti/c2000/C2000Ware_26_01_00_00/device_support/f2837xd/
    7718                      .dwattr $C$DW$688, DW_AT_decl_line(0xb6)
    7719                      .dwattr $C$DW$688, DW_AT_decl_column(0x0b)
    7720              
    7721              $C$DW$689       .dwtag  DW_TAG_member
    7722                      .dwattr $C$DW$689, DW_AT_type(*$C$DW$T$97)
    7723                      .dwattr $C$DW$689, DW_AT_name("FPU_OVERFLOW_INT")
    7724                      .dwattr $C$DW$689, DW_AT_data_member_location[DW_OP_plus_uconst 0xfc]
    7725                      .dwattr $C$DW$689, DW_AT_accessibility(DW_ACCESS_public)
    7726                      .dwattr $C$DW$689, DW_AT_decl_file("/home/jose/ti/c2000/C2000Ware_26_01_00_00/device_support/f2837xd/
TMS320C2000 Assembler Unix v25.11.0 Sat May 30 20:22:51 2026

Copyright (c) 1996-2018 Texas Instruments Incorporated
main.asm                                                             PAGE  142

    7727                      .dwattr $C$DW$689, DW_AT_decl_line(0xb7)
    7728                      .dwattr $C$DW$689, DW_AT_decl_column(0x0b)
    7729              
    7730              $C$DW$690       .dwtag  DW_TAG_member
    7731                      .dwattr $C$DW$690, DW_AT_type(*$C$DW$T$97)
    7732                      .dwattr $C$DW$690, DW_AT_name("FPU_UNDERFLOW_INT")
    7733                      .dwattr $C$DW$690, DW_AT_data_member_location[DW_OP_plus_uconst 0xfe]
    7734                      .dwattr $C$DW$690, DW_AT_accessibility(DW_ACCESS_public)
    7735                      .dwattr $C$DW$690, DW_AT_decl_file("/home/jose/ti/c2000/C2000Ware_26_01_00_00/device_support/f2837xd/
    7736                      .dwattr $C$DW$690, DW_AT_decl_line(0xb8)
    7737                      .dwattr $C$DW$690, DW_AT_decl_column(0x0b)
    7738              
    7739              $C$DW$691       .dwtag  DW_TAG_member
    7740                      .dwattr $C$DW$691, DW_AT_type(*$C$DW$T$97)
    7741                      .dwattr $C$DW$691, DW_AT_name("PIE25_RESERVED_INT")
    7742                      .dwattr $C$DW$691, DW_AT_data_member_location[DW_OP_plus_uconst 0x100]
    7743                      .dwattr $C$DW$691, DW_AT_accessibility(DW_ACCESS_public)
    7744                      .dwattr $C$DW$691, DW_AT_decl_file("/home/jose/ti/c2000/C2000Ware_26_01_00_00/device_support/f2837xd/
    7745                      .dwattr $C$DW$691, DW_AT_decl_line(0xb9)
    7746                      .dwattr $C$DW$691, DW_AT_decl_column(0x0b)
    7747              
    7748              $C$DW$692       .dwtag  DW_TAG_member
    7749                      .dwattr $C$DW$692, DW_AT_type(*$C$DW$T$97)
    7750                      .dwattr $C$DW$692, DW_AT_name("PIE26_RESERVED_INT")
    7751                      .dwattr $C$DW$692, DW_AT_data_member_location[DW_OP_plus_uconst 0x102]
    7752                      .dwattr $C$DW$692, DW_AT_accessibility(DW_ACCESS_public)
    7753                      .dwattr $C$DW$692, DW_AT_decl_file("/home/jose/ti/c2000/C2000Ware_26_01_00_00/device_support/f2837xd/
    7754                      .dwattr $C$DW$692, DW_AT_decl_line(0xba)
    7755                      .dwattr $C$DW$692, DW_AT_decl_column(0x0b)
    7756              
    7757              $C$DW$693       .dwtag  DW_TAG_member
    7758                      .dwattr $C$DW$693, DW_AT_type(*$C$DW$T$97)
    7759                      .dwattr $C$DW$693, DW_AT_name("PIE27_RESERVED_INT")
    7760                      .dwattr $C$DW$693, DW_AT_data_member_location[DW_OP_plus_uconst 0x104]
    7761                      .dwattr $C$DW$693, DW_AT_accessibility(DW_ACCESS_public)
    7762                      .dwattr $C$DW$693, DW_AT_decl_file("/home/jose/ti/c2000/C2000Ware_26_01_00_00/device_support/f2837xd/
    7763                      .dwattr $C$DW$693, DW_AT_decl_line(0xbb)
    7764                      .dwattr $C$DW$693, DW_AT_decl_column(0x0b)
    7765              
    7766              $C$DW$694       .dwtag  DW_TAG_member
    7767                      .dwattr $C$DW$694, DW_AT_type(*$C$DW$T$97)
    7768                      .dwattr $C$DW$694, DW_AT_name("PIE28_RESERVED_INT")
    7769                      .dwattr $C$DW$694, DW_AT_data_member_location[DW_OP_plus_uconst 0x106]
    7770                      .dwattr $C$DW$694, DW_AT_accessibility(DW_ACCESS_public)
    7771                      .dwattr $C$DW$694, DW_AT_decl_file("/home/jose/ti/c2000/C2000Ware_26_01_00_00/device_support/f2837xd/
    7772                      .dwattr $C$DW$694, DW_AT_decl_line(0xbc)
    7773                      .dwattr $C$DW$694, DW_AT_decl_column(0x0b)
    7774              
    7775              $C$DW$695       .dwtag  DW_TAG_member
    7776                      .dwattr $C$DW$695, DW_AT_type(*$C$DW$T$97)
    7777                      .dwattr $C$DW$695, DW_AT_name("IPC0_INT")
    7778                      .dwattr $C$DW$695, DW_AT_data_member_location[DW_OP_plus_uconst 0x108]
    7779                      .dwattr $C$DW$695, DW_AT_accessibility(DW_ACCESS_public)
    7780                      .dwattr $C$DW$695, DW_AT_decl_file("/home/jose/ti/c2000/C2000Ware_26_01_00_00/device_support/f2837xd/
    7781                      .dwattr $C$DW$695, DW_AT_decl_line(0xbd)
TMS320C2000 Assembler Unix v25.11.0 Sat May 30 20:22:51 2026

Copyright (c) 1996-2018 Texas Instruments Incorporated
main.asm                                                             PAGE  143

    7782                      .dwattr $C$DW$695, DW_AT_decl_column(0x0b)
    7783              
    7784              $C$DW$696       .dwtag  DW_TAG_member
    7785                      .dwattr $C$DW$696, DW_AT_type(*$C$DW$T$97)
    7786                      .dwattr $C$DW$696, DW_AT_name("IPC1_INT")
    7787                      .dwattr $C$DW$696, DW_AT_data_member_location[DW_OP_plus_uconst 0x10a]
    7788                      .dwattr $C$DW$696, DW_AT_accessibility(DW_ACCESS_public)
    7789                      .dwattr $C$DW$696, DW_AT_decl_file("/home/jose/ti/c2000/C2000Ware_26_01_00_00/device_support/f2837xd/
    7790                      .dwattr $C$DW$696, DW_AT_decl_line(0xbe)
    7791                      .dwattr $C$DW$696, DW_AT_decl_column(0x0b)
    7792              
    7793              $C$DW$697       .dwtag  DW_TAG_member
    7794                      .dwattr $C$DW$697, DW_AT_type(*$C$DW$T$97)
    7795                      .dwattr $C$DW$697, DW_AT_name("IPC2_INT")
    7796                      .dwattr $C$DW$697, DW_AT_data_member_location[DW_OP_plus_uconst 0x10c]
    7797                      .dwattr $C$DW$697, DW_AT_accessibility(DW_ACCESS_public)
    7798                      .dwattr $C$DW$697, DW_AT_decl_file("/home/jose/ti/c2000/C2000Ware_26_01_00_00/device_support/f2837xd/
    7799                      .dwattr $C$DW$697, DW_AT_decl_line(0xbf)
    7800                      .dwattr $C$DW$697, DW_AT_decl_column(0x0b)
    7801              
    7802              $C$DW$698       .dwtag  DW_TAG_member
    7803                      .dwattr $C$DW$698, DW_AT_type(*$C$DW$T$97)
    7804                      .dwattr $C$DW$698, DW_AT_name("IPC3_INT")
    7805                      .dwattr $C$DW$698, DW_AT_data_member_location[DW_OP_plus_uconst 0x10e]
    7806                      .dwattr $C$DW$698, DW_AT_accessibility(DW_ACCESS_public)
    7807                      .dwattr $C$DW$698, DW_AT_decl_file("/home/jose/ti/c2000/C2000Ware_26_01_00_00/device_support/f2837xd/
    7808                      .dwattr $C$DW$698, DW_AT_decl_line(0xc0)
    7809                      .dwattr $C$DW$698, DW_AT_decl_column(0x0b)
    7810              
    7811              $C$DW$699       .dwtag  DW_TAG_member
    7812                      .dwattr $C$DW$699, DW_AT_type(*$C$DW$T$97)
    7813                      .dwattr $C$DW$699, DW_AT_name("EPWM9_TZ_INT")
    7814                      .dwattr $C$DW$699, DW_AT_data_member_location[DW_OP_plus_uconst 0x110]
    7815                      .dwattr $C$DW$699, DW_AT_accessibility(DW_ACCESS_public)
    7816                      .dwattr $C$DW$699, DW_AT_decl_file("/home/jose/ti/c2000/C2000Ware_26_01_00_00/device_support/f2837xd/
    7817                      .dwattr $C$DW$699, DW_AT_decl_line(0xc1)
    7818                      .dwattr $C$DW$699, DW_AT_decl_column(0x0b)
    7819              
    7820              $C$DW$700       .dwtag  DW_TAG_member
    7821                      .dwattr $C$DW$700, DW_AT_type(*$C$DW$T$97)
    7822                      .dwattr $C$DW$700, DW_AT_name("EPWM10_TZ_INT")
    7823                      .dwattr $C$DW$700, DW_AT_data_member_location[DW_OP_plus_uconst 0x112]
    7824                      .dwattr $C$DW$700, DW_AT_accessibility(DW_ACCESS_public)
    7825                      .dwattr $C$DW$700, DW_AT_decl_file("/home/jose/ti/c2000/C2000Ware_26_01_00_00/device_support/f2837xd/
    7826                      .dwattr $C$DW$700, DW_AT_decl_line(0xc2)
    7827                      .dwattr $C$DW$700, DW_AT_decl_column(0x0b)
    7828              
    7829              $C$DW$701       .dwtag  DW_TAG_member
    7830                      .dwattr $C$DW$701, DW_AT_type(*$C$DW$T$97)
    7831                      .dwattr $C$DW$701, DW_AT_name("EPWM11_TZ_INT")
    7832                      .dwattr $C$DW$701, DW_AT_data_member_location[DW_OP_plus_uconst 0x114]
    7833                      .dwattr $C$DW$701, DW_AT_accessibility(DW_ACCESS_public)
    7834                      .dwattr $C$DW$701, DW_AT_decl_file("/home/jose/ti/c2000/C2000Ware_26_01_00_00/device_support/f2837xd/
    7835                      .dwattr $C$DW$701, DW_AT_decl_line(0xc3)
    7836                      .dwattr $C$DW$701, DW_AT_decl_column(0x0b)
TMS320C2000 Assembler Unix v25.11.0 Sat May 30 20:22:51 2026

Copyright (c) 1996-2018 Texas Instruments Incorporated
main.asm                                                             PAGE  144

    7837              
    7838              $C$DW$702       .dwtag  DW_TAG_member
    7839                      .dwattr $C$DW$702, DW_AT_type(*$C$DW$T$97)
    7840                      .dwattr $C$DW$702, DW_AT_name("EPWM12_TZ_INT")
    7841                      .dwattr $C$DW$702, DW_AT_data_member_location[DW_OP_plus_uconst 0x116]
    7842                      .dwattr $C$DW$702, DW_AT_accessibility(DW_ACCESS_public)
    7843                      .dwattr $C$DW$702, DW_AT_decl_file("/home/jose/ti/c2000/C2000Ware_26_01_00_00/device_support/f2837xd/
    7844                      .dwattr $C$DW$702, DW_AT_decl_line(0xc4)
    7845                      .dwattr $C$DW$702, DW_AT_decl_column(0x0b)
    7846              
    7847              $C$DW$703       .dwtag  DW_TAG_member
    7848                      .dwattr $C$DW$703, DW_AT_type(*$C$DW$T$97)
    7849                      .dwattr $C$DW$703, DW_AT_name("PIE29_RESERVED_INT")
    7850                      .dwattr $C$DW$703, DW_AT_data_member_location[DW_OP_plus_uconst 0x118]
    7851                      .dwattr $C$DW$703, DW_AT_accessibility(DW_ACCESS_public)
    7852                      .dwattr $C$DW$703, DW_AT_decl_file("/home/jose/ti/c2000/C2000Ware_26_01_00_00/device_support/f2837xd/
    7853                      .dwattr $C$DW$703, DW_AT_decl_line(0xc5)
    7854                      .dwattr $C$DW$703, DW_AT_decl_column(0x0b)
    7855              
    7856              $C$DW$704       .dwtag  DW_TAG_member
    7857                      .dwattr $C$DW$704, DW_AT_type(*$C$DW$T$97)
    7858                      .dwattr $C$DW$704, DW_AT_name("PIE30_RESERVED_INT")
    7859                      .dwattr $C$DW$704, DW_AT_data_member_location[DW_OP_plus_uconst 0x11a]
    7860                      .dwattr $C$DW$704, DW_AT_accessibility(DW_ACCESS_public)
    7861                      .dwattr $C$DW$704, DW_AT_decl_file("/home/jose/ti/c2000/C2000Ware_26_01_00_00/device_support/f2837xd/
    7862                      .dwattr $C$DW$704, DW_AT_decl_line(0xc6)
    7863                      .dwattr $C$DW$704, DW_AT_decl_column(0x0b)
    7864              
    7865              $C$DW$705       .dwtag  DW_TAG_member
    7866                      .dwattr $C$DW$705, DW_AT_type(*$C$DW$T$97)
    7867                      .dwattr $C$DW$705, DW_AT_name("PIE31_RESERVED_INT")
    7868                      .dwattr $C$DW$705, DW_AT_data_member_location[DW_OP_plus_uconst 0x11c]
    7869                      .dwattr $C$DW$705, DW_AT_accessibility(DW_ACCESS_public)
    7870                      .dwattr $C$DW$705, DW_AT_decl_file("/home/jose/ti/c2000/C2000Ware_26_01_00_00/device_support/f2837xd/
    7871                      .dwattr $C$DW$705, DW_AT_decl_line(0xc7)
    7872                      .dwattr $C$DW$705, DW_AT_decl_column(0x0b)
    7873              
    7874              $C$DW$706       .dwtag  DW_TAG_member
    7875                      .dwattr $C$DW$706, DW_AT_type(*$C$DW$T$97)
    7876                      .dwattr $C$DW$706, DW_AT_name("PIE32_RESERVED_INT")
    7877                      .dwattr $C$DW$706, DW_AT_data_member_location[DW_OP_plus_uconst 0x11e]
    7878                      .dwattr $C$DW$706, DW_AT_accessibility(DW_ACCESS_public)
    7879                      .dwattr $C$DW$706, DW_AT_decl_file("/home/jose/ti/c2000/C2000Ware_26_01_00_00/device_support/f2837xd/
    7880                      .dwattr $C$DW$706, DW_AT_decl_line(0xc8)
    7881                      .dwattr $C$DW$706, DW_AT_decl_column(0x0b)
    7882              
    7883              $C$DW$707       .dwtag  DW_TAG_member
    7884                      .dwattr $C$DW$707, DW_AT_type(*$C$DW$T$97)
    7885                      .dwattr $C$DW$707, DW_AT_name("EPWM9_INT")
    7886                      .dwattr $C$DW$707, DW_AT_data_member_location[DW_OP_plus_uconst 0x120]
    7887                      .dwattr $C$DW$707, DW_AT_accessibility(DW_ACCESS_public)
    7888                      .dwattr $C$DW$707, DW_AT_decl_file("/home/jose/ti/c2000/C2000Ware_26_01_00_00/device_support/f2837xd/
    7889                      .dwattr $C$DW$707, DW_AT_decl_line(0xc9)
    7890                      .dwattr $C$DW$707, DW_AT_decl_column(0x0b)
    7891              
TMS320C2000 Assembler Unix v25.11.0 Sat May 30 20:22:51 2026

Copyright (c) 1996-2018 Texas Instruments Incorporated
main.asm                                                             PAGE  145

    7892              $C$DW$708       .dwtag  DW_TAG_member
    7893                      .dwattr $C$DW$708, DW_AT_type(*$C$DW$T$97)
    7894                      .dwattr $C$DW$708, DW_AT_name("EPWM10_INT")
    7895                      .dwattr $C$DW$708, DW_AT_data_member_location[DW_OP_plus_uconst 0x122]
    7896                      .dwattr $C$DW$708, DW_AT_accessibility(DW_ACCESS_public)
    7897                      .dwattr $C$DW$708, DW_AT_decl_file("/home/jose/ti/c2000/C2000Ware_26_01_00_00/device_support/f2837xd/
    7898                      .dwattr $C$DW$708, DW_AT_decl_line(0xca)
    7899                      .dwattr $C$DW$708, DW_AT_decl_column(0x0b)
    7900              
    7901              $C$DW$709       .dwtag  DW_TAG_member
    7902                      .dwattr $C$DW$709, DW_AT_type(*$C$DW$T$97)
    7903                      .dwattr $C$DW$709, DW_AT_name("EPWM11_INT")
    7904                      .dwattr $C$DW$709, DW_AT_data_member_location[DW_OP_plus_uconst 0x124]
    7905                      .dwattr $C$DW$709, DW_AT_accessibility(DW_ACCESS_public)
    7906                      .dwattr $C$DW$709, DW_AT_decl_file("/home/jose/ti/c2000/C2000Ware_26_01_00_00/device_support/f2837xd/
    7907                      .dwattr $C$DW$709, DW_AT_decl_line(0xcb)
    7908                      .dwattr $C$DW$709, DW_AT_decl_column(0x0b)
    7909              
    7910              $C$DW$710       .dwtag  DW_TAG_member
    7911                      .dwattr $C$DW$710, DW_AT_type(*$C$DW$T$97)
    7912                      .dwattr $C$DW$710, DW_AT_name("EPWM12_INT")
    7913                      .dwattr $C$DW$710, DW_AT_data_member_location[DW_OP_plus_uconst 0x126]
    7914                      .dwattr $C$DW$710, DW_AT_accessibility(DW_ACCESS_public)
    7915                      .dwattr $C$DW$710, DW_AT_decl_file("/home/jose/ti/c2000/C2000Ware_26_01_00_00/device_support/f2837xd/
    7916                      .dwattr $C$DW$710, DW_AT_decl_line(0xcc)
    7917                      .dwattr $C$DW$710, DW_AT_decl_column(0x0b)
    7918              
    7919              $C$DW$711       .dwtag  DW_TAG_member
    7920                      .dwattr $C$DW$711, DW_AT_type(*$C$DW$T$97)
    7921                      .dwattr $C$DW$711, DW_AT_name("PIE33_RESERVED_INT")
    7922                      .dwattr $C$DW$711, DW_AT_data_member_location[DW_OP_plus_uconst 0x128]
    7923                      .dwattr $C$DW$711, DW_AT_accessibility(DW_ACCESS_public)
    7924                      .dwattr $C$DW$711, DW_AT_decl_file("/home/jose/ti/c2000/C2000Ware_26_01_00_00/device_support/f2837xd/
    7925                      .dwattr $C$DW$711, DW_AT_decl_line(0xcd)
    7926                      .dwattr $C$DW$711, DW_AT_decl_column(0x0b)
    7927              
    7928              $C$DW$712       .dwtag  DW_TAG_member
    7929                      .dwattr $C$DW$712, DW_AT_type(*$C$DW$T$97)
    7930                      .dwattr $C$DW$712, DW_AT_name("PIE34_RESERVED_INT")
    7931                      .dwattr $C$DW$712, DW_AT_data_member_location[DW_OP_plus_uconst 0x12a]
    7932                      .dwattr $C$DW$712, DW_AT_accessibility(DW_ACCESS_public)
    7933                      .dwattr $C$DW$712, DW_AT_decl_file("/home/jose/ti/c2000/C2000Ware_26_01_00_00/device_support/f2837xd/
    7934                      .dwattr $C$DW$712, DW_AT_decl_line(0xce)
    7935                      .dwattr $C$DW$712, DW_AT_decl_column(0x0b)
    7936              
    7937              $C$DW$713       .dwtag  DW_TAG_member
    7938                      .dwattr $C$DW$713, DW_AT_type(*$C$DW$T$97)
    7939                      .dwattr $C$DW$713, DW_AT_name("PIE35_RESERVED_INT")
    7940                      .dwattr $C$DW$713, DW_AT_data_member_location[DW_OP_plus_uconst 0x12c]
    7941                      .dwattr $C$DW$713, DW_AT_accessibility(DW_ACCESS_public)
    7942                      .dwattr $C$DW$713, DW_AT_decl_file("/home/jose/ti/c2000/C2000Ware_26_01_00_00/device_support/f2837xd/
    7943                      .dwattr $C$DW$713, DW_AT_decl_line(0xcf)
    7944                      .dwattr $C$DW$713, DW_AT_decl_column(0x0b)
    7945              
    7946              $C$DW$714       .dwtag  DW_TAG_member
TMS320C2000 Assembler Unix v25.11.0 Sat May 30 20:22:51 2026

Copyright (c) 1996-2018 Texas Instruments Incorporated
main.asm                                                             PAGE  146

    7947                      .dwattr $C$DW$714, DW_AT_type(*$C$DW$T$97)
    7948                      .dwattr $C$DW$714, DW_AT_name("PIE36_RESERVED_INT")
    7949                      .dwattr $C$DW$714, DW_AT_data_member_location[DW_OP_plus_uconst 0x12e]
    7950                      .dwattr $C$DW$714, DW_AT_accessibility(DW_ACCESS_public)
    7951                      .dwattr $C$DW$714, DW_AT_decl_file("/home/jose/ti/c2000/C2000Ware_26_01_00_00/device_support/f2837xd/
    7952                      .dwattr $C$DW$714, DW_AT_decl_line(0xd0)
    7953                      .dwattr $C$DW$714, DW_AT_decl_column(0x0b)
    7954              
    7955              $C$DW$715       .dwtag  DW_TAG_member
    7956                      .dwattr $C$DW$715, DW_AT_type(*$C$DW$T$97)
    7957                      .dwattr $C$DW$715, DW_AT_name("PIE37_RESERVED_INT")
    7958                      .dwattr $C$DW$715, DW_AT_data_member_location[DW_OP_plus_uconst 0x130]
    7959                      .dwattr $C$DW$715, DW_AT_accessibility(DW_ACCESS_public)
    7960                      .dwattr $C$DW$715, DW_AT_decl_file("/home/jose/ti/c2000/C2000Ware_26_01_00_00/device_support/f2837xd/
    7961                      .dwattr $C$DW$715, DW_AT_decl_line(0xd1)
    7962                      .dwattr $C$DW$715, DW_AT_decl_column(0x0b)
    7963              
    7964              $C$DW$716       .dwtag  DW_TAG_member
    7965                      .dwattr $C$DW$716, DW_AT_type(*$C$DW$T$97)
    7966                      .dwattr $C$DW$716, DW_AT_name("PIE38_RESERVED_INT")
    7967                      .dwattr $C$DW$716, DW_AT_data_member_location[DW_OP_plus_uconst 0x132]
    7968                      .dwattr $C$DW$716, DW_AT_accessibility(DW_ACCESS_public)
    7969                      .dwattr $C$DW$716, DW_AT_decl_file("/home/jose/ti/c2000/C2000Ware_26_01_00_00/device_support/f2837xd/
    7970                      .dwattr $C$DW$716, DW_AT_decl_line(0xd2)
    7971                      .dwattr $C$DW$716, DW_AT_decl_column(0x0b)
    7972              
    7973              $C$DW$717       .dwtag  DW_TAG_member
    7974                      .dwattr $C$DW$717, DW_AT_type(*$C$DW$T$97)
    7975                      .dwattr $C$DW$717, DW_AT_name("PIE39_RESERVED_INT")
    7976                      .dwattr $C$DW$717, DW_AT_data_member_location[DW_OP_plus_uconst 0x134]
    7977                      .dwattr $C$DW$717, DW_AT_accessibility(DW_ACCESS_public)
    7978                      .dwattr $C$DW$717, DW_AT_decl_file("/home/jose/ti/c2000/C2000Ware_26_01_00_00/device_support/f2837xd/
    7979                      .dwattr $C$DW$717, DW_AT_decl_line(0xd3)
    7980                      .dwattr $C$DW$717, DW_AT_decl_column(0x0b)
    7981              
    7982              $C$DW$718       .dwtag  DW_TAG_member
    7983                      .dwattr $C$DW$718, DW_AT_type(*$C$DW$T$97)
    7984                      .dwattr $C$DW$718, DW_AT_name("PIE40_RESERVED_INT")
    7985                      .dwattr $C$DW$718, DW_AT_data_member_location[DW_OP_plus_uconst 0x136]
    7986                      .dwattr $C$DW$718, DW_AT_accessibility(DW_ACCESS_public)
    7987                      .dwattr $C$DW$718, DW_AT_decl_file("/home/jose/ti/c2000/C2000Ware_26_01_00_00/device_support/f2837xd/
    7988                      .dwattr $C$DW$718, DW_AT_decl_line(0xd4)
    7989                      .dwattr $C$DW$718, DW_AT_decl_column(0x0b)
    7990              
    7991              $C$DW$719       .dwtag  DW_TAG_member
    7992                      .dwattr $C$DW$719, DW_AT_type(*$C$DW$T$97)
    7993                      .dwattr $C$DW$719, DW_AT_name("PIE41_RESERVED_INT")
    7994                      .dwattr $C$DW$719, DW_AT_data_member_location[DW_OP_plus_uconst 0x138]
    7995                      .dwattr $C$DW$719, DW_AT_accessibility(DW_ACCESS_public)
    7996                      .dwattr $C$DW$719, DW_AT_decl_file("/home/jose/ti/c2000/C2000Ware_26_01_00_00/device_support/f2837xd/
    7997                      .dwattr $C$DW$719, DW_AT_decl_line(0xd5)
    7998                      .dwattr $C$DW$719, DW_AT_decl_column(0x0b)
    7999              
    8000              $C$DW$720       .dwtag  DW_TAG_member
    8001                      .dwattr $C$DW$720, DW_AT_type(*$C$DW$T$97)
TMS320C2000 Assembler Unix v25.11.0 Sat May 30 20:22:51 2026

Copyright (c) 1996-2018 Texas Instruments Incorporated
main.asm                                                             PAGE  147

    8002                      .dwattr $C$DW$720, DW_AT_name("PIE42_RESERVED_INT")
    8003                      .dwattr $C$DW$720, DW_AT_data_member_location[DW_OP_plus_uconst 0x13a]
    8004                      .dwattr $C$DW$720, DW_AT_accessibility(DW_ACCESS_public)
    8005                      .dwattr $C$DW$720, DW_AT_decl_file("/home/jose/ti/c2000/C2000Ware_26_01_00_00/device_support/f2837xd/
    8006                      .dwattr $C$DW$720, DW_AT_decl_line(0xd6)
    8007                      .dwattr $C$DW$720, DW_AT_decl_column(0x0b)
    8008              
    8009              $C$DW$721       .dwtag  DW_TAG_member
    8010                      .dwattr $C$DW$721, DW_AT_type(*$C$DW$T$97)
    8011                      .dwattr $C$DW$721, DW_AT_name("PIE43_RESERVED_INT")
    8012                      .dwattr $C$DW$721, DW_AT_data_member_location[DW_OP_plus_uconst 0x13c]
    8013                      .dwattr $C$DW$721, DW_AT_accessibility(DW_ACCESS_public)
    8014                      .dwattr $C$DW$721, DW_AT_decl_file("/home/jose/ti/c2000/C2000Ware_26_01_00_00/device_support/f2837xd/
    8015                      .dwattr $C$DW$721, DW_AT_decl_line(0xd7)
    8016                      .dwattr $C$DW$721, DW_AT_decl_column(0x0b)
    8017              
    8018              $C$DW$722       .dwtag  DW_TAG_member
    8019                      .dwattr $C$DW$722, DW_AT_type(*$C$DW$T$97)
    8020                      .dwattr $C$DW$722, DW_AT_name("PIE44_RESERVED_INT")
    8021                      .dwattr $C$DW$722, DW_AT_data_member_location[DW_OP_plus_uconst 0x13e]
    8022                      .dwattr $C$DW$722, DW_AT_accessibility(DW_ACCESS_public)
    8023                      .dwattr $C$DW$722, DW_AT_decl_file("/home/jose/ti/c2000/C2000Ware_26_01_00_00/device_support/f2837xd/
    8024                      .dwattr $C$DW$722, DW_AT_decl_line(0xd8)
    8025                      .dwattr $C$DW$722, DW_AT_decl_column(0x0b)
    8026              
    8027              $C$DW$723       .dwtag  DW_TAG_member
    8028                      .dwattr $C$DW$723, DW_AT_type(*$C$DW$T$97)
    8029                      .dwattr $C$DW$723, DW_AT_name("SD1_INT")
    8030                      .dwattr $C$DW$723, DW_AT_data_member_location[DW_OP_plus_uconst 0x140]
    8031                      .dwattr $C$DW$723, DW_AT_accessibility(DW_ACCESS_public)
    8032                      .dwattr $C$DW$723, DW_AT_decl_file("/home/jose/ti/c2000/C2000Ware_26_01_00_00/device_support/f2837xd/
    8033                      .dwattr $C$DW$723, DW_AT_decl_line(0xd9)
    8034                      .dwattr $C$DW$723, DW_AT_decl_column(0x0b)
    8035              
    8036              $C$DW$724       .dwtag  DW_TAG_member
    8037                      .dwattr $C$DW$724, DW_AT_type(*$C$DW$T$97)
    8038                      .dwattr $C$DW$724, DW_AT_name("SD2_INT")
    8039                      .dwattr $C$DW$724, DW_AT_data_member_location[DW_OP_plus_uconst 0x142]
    8040                      .dwattr $C$DW$724, DW_AT_accessibility(DW_ACCESS_public)
    8041                      .dwattr $C$DW$724, DW_AT_decl_file("/home/jose/ti/c2000/C2000Ware_26_01_00_00/device_support/f2837xd/
    8042                      .dwattr $C$DW$724, DW_AT_decl_line(0xda)
    8043                      .dwattr $C$DW$724, DW_AT_decl_column(0x0b)
    8044              
    8045              $C$DW$725       .dwtag  DW_TAG_member
    8046                      .dwattr $C$DW$725, DW_AT_type(*$C$DW$T$97)
    8047                      .dwattr $C$DW$725, DW_AT_name("PIE45_RESERVED_INT")
    8048                      .dwattr $C$DW$725, DW_AT_data_member_location[DW_OP_plus_uconst 0x144]
    8049                      .dwattr $C$DW$725, DW_AT_accessibility(DW_ACCESS_public)
    8050                      .dwattr $C$DW$725, DW_AT_decl_file("/home/jose/ti/c2000/C2000Ware_26_01_00_00/device_support/f2837xd/
    8051                      .dwattr $C$DW$725, DW_AT_decl_line(0xdb)
    8052                      .dwattr $C$DW$725, DW_AT_decl_column(0x0b)
    8053              
    8054              $C$DW$726       .dwtag  DW_TAG_member
    8055                      .dwattr $C$DW$726, DW_AT_type(*$C$DW$T$97)
    8056                      .dwattr $C$DW$726, DW_AT_name("PIE46_RESERVED_INT")
TMS320C2000 Assembler Unix v25.11.0 Sat May 30 20:22:51 2026

Copyright (c) 1996-2018 Texas Instruments Incorporated
main.asm                                                             PAGE  148

    8057                      .dwattr $C$DW$726, DW_AT_data_member_location[DW_OP_plus_uconst 0x146]
    8058                      .dwattr $C$DW$726, DW_AT_accessibility(DW_ACCESS_public)
    8059                      .dwattr $C$DW$726, DW_AT_decl_file("/home/jose/ti/c2000/C2000Ware_26_01_00_00/device_support/f2837xd/
    8060                      .dwattr $C$DW$726, DW_AT_decl_line(0xdc)
    8061                      .dwattr $C$DW$726, DW_AT_decl_column(0x0b)
    8062              
    8063              $C$DW$727       .dwtag  DW_TAG_member
    8064                      .dwattr $C$DW$727, DW_AT_type(*$C$DW$T$97)
    8065                      .dwattr $C$DW$727, DW_AT_name("PIE47_RESERVED_INT")
    8066                      .dwattr $C$DW$727, DW_AT_data_member_location[DW_OP_plus_uconst 0x148]
    8067                      .dwattr $C$DW$727, DW_AT_accessibility(DW_ACCESS_public)
    8068                      .dwattr $C$DW$727, DW_AT_decl_file("/home/jose/ti/c2000/C2000Ware_26_01_00_00/device_support/f2837xd/
    8069                      .dwattr $C$DW$727, DW_AT_decl_line(0xdd)
    8070                      .dwattr $C$DW$727, DW_AT_decl_column(0x0b)
    8071              
    8072              $C$DW$728       .dwtag  DW_TAG_member
    8073                      .dwattr $C$DW$728, DW_AT_type(*$C$DW$T$97)
    8074                      .dwattr $C$DW$728, DW_AT_name("PIE48_RESERVED_INT")
    8075                      .dwattr $C$DW$728, DW_AT_data_member_location[DW_OP_plus_uconst 0x14a]
    8076                      .dwattr $C$DW$728, DW_AT_accessibility(DW_ACCESS_public)
    8077                      .dwattr $C$DW$728, DW_AT_decl_file("/home/jose/ti/c2000/C2000Ware_26_01_00_00/device_support/f2837xd/
    8078                      .dwattr $C$DW$728, DW_AT_decl_line(0xde)
    8079                      .dwattr $C$DW$728, DW_AT_decl_column(0x0b)
    8080              
    8081              $C$DW$729       .dwtag  DW_TAG_member
    8082                      .dwattr $C$DW$729, DW_AT_type(*$C$DW$T$97)
    8083                      .dwattr $C$DW$729, DW_AT_name("PIE49_RESERVED_INT")
    8084                      .dwattr $C$DW$729, DW_AT_data_member_location[DW_OP_plus_uconst 0x14c]
    8085                      .dwattr $C$DW$729, DW_AT_accessibility(DW_ACCESS_public)
    8086                      .dwattr $C$DW$729, DW_AT_decl_file("/home/jose/ti/c2000/C2000Ware_26_01_00_00/device_support/f2837xd/
    8087                      .dwattr $C$DW$729, DW_AT_decl_line(0xdf)
    8088                      .dwattr $C$DW$729, DW_AT_decl_column(0x0b)
    8089              
    8090              $C$DW$730       .dwtag  DW_TAG_member
    8091                      .dwattr $C$DW$730, DW_AT_type(*$C$DW$T$97)
    8092                      .dwattr $C$DW$730, DW_AT_name("PIE50_RESERVED_INT")
    8093                      .dwattr $C$DW$730, DW_AT_data_member_location[DW_OP_plus_uconst 0x14e]
    8094                      .dwattr $C$DW$730, DW_AT_accessibility(DW_ACCESS_public)
    8095                      .dwattr $C$DW$730, DW_AT_decl_file("/home/jose/ti/c2000/C2000Ware_26_01_00_00/device_support/f2837xd/
    8096                      .dwattr $C$DW$730, DW_AT_decl_line(0xe0)
    8097                      .dwattr $C$DW$730, DW_AT_decl_column(0x0b)
    8098              
    8099              $C$DW$731       .dwtag  DW_TAG_member
    8100                      .dwattr $C$DW$731, DW_AT_type(*$C$DW$T$97)
    8101                      .dwattr $C$DW$731, DW_AT_name("SPIC_RX_INT")
    8102                      .dwattr $C$DW$731, DW_AT_data_member_location[DW_OP_plus_uconst 0x150]
    8103                      .dwattr $C$DW$731, DW_AT_accessibility(DW_ACCESS_public)
    8104                      .dwattr $C$DW$731, DW_AT_decl_file("/home/jose/ti/c2000/C2000Ware_26_01_00_00/device_support/f2837xd/
    8105                      .dwattr $C$DW$731, DW_AT_decl_line(0xe1)
    8106                      .dwattr $C$DW$731, DW_AT_decl_column(0x0b)
    8107              
    8108              $C$DW$732       .dwtag  DW_TAG_member
    8109                      .dwattr $C$DW$732, DW_AT_type(*$C$DW$T$97)
    8110                      .dwattr $C$DW$732, DW_AT_name("SPIC_TX_INT")
    8111                      .dwattr $C$DW$732, DW_AT_data_member_location[DW_OP_plus_uconst 0x152]
TMS320C2000 Assembler Unix v25.11.0 Sat May 30 20:22:51 2026

Copyright (c) 1996-2018 Texas Instruments Incorporated
main.asm                                                             PAGE  149

    8112                      .dwattr $C$DW$732, DW_AT_accessibility(DW_ACCESS_public)
    8113                      .dwattr $C$DW$732, DW_AT_decl_file("/home/jose/ti/c2000/C2000Ware_26_01_00_00/device_support/f2837xd/
    8114                      .dwattr $C$DW$732, DW_AT_decl_line(0xe2)
    8115                      .dwattr $C$DW$732, DW_AT_decl_column(0x0b)
    8116              
    8117              $C$DW$733       .dwtag  DW_TAG_member
    8118                      .dwattr $C$DW$733, DW_AT_type(*$C$DW$T$97)
    8119                      .dwattr $C$DW$733, DW_AT_name("PIE51_RESERVED_INT")
    8120                      .dwattr $C$DW$733, DW_AT_data_member_location[DW_OP_plus_uconst 0x154]
    8121                      .dwattr $C$DW$733, DW_AT_accessibility(DW_ACCESS_public)
    8122                      .dwattr $C$DW$733, DW_AT_decl_file("/home/jose/ti/c2000/C2000Ware_26_01_00_00/device_support/f2837xd/
    8123                      .dwattr $C$DW$733, DW_AT_decl_line(0xe3)
    8124                      .dwattr $C$DW$733, DW_AT_decl_column(0x0b)
    8125              
    8126              $C$DW$734       .dwtag  DW_TAG_member
    8127                      .dwattr $C$DW$734, DW_AT_type(*$C$DW$T$97)
    8128                      .dwattr $C$DW$734, DW_AT_name("PIE52_RESERVED_INT")
    8129                      .dwattr $C$DW$734, DW_AT_data_member_location[DW_OP_plus_uconst 0x156]
    8130                      .dwattr $C$DW$734, DW_AT_accessibility(DW_ACCESS_public)
    8131                      .dwattr $C$DW$734, DW_AT_decl_file("/home/jose/ti/c2000/C2000Ware_26_01_00_00/device_support/f2837xd/
    8132                      .dwattr $C$DW$734, DW_AT_decl_line(0xe4)
    8133                      .dwattr $C$DW$734, DW_AT_decl_column(0x0b)
    8134              
    8135              $C$DW$735       .dwtag  DW_TAG_member
    8136                      .dwattr $C$DW$735, DW_AT_type(*$C$DW$T$97)
    8137                      .dwattr $C$DW$735, DW_AT_name("PIE53_RESERVED_INT")
    8138                      .dwattr $C$DW$735, DW_AT_data_member_location[DW_OP_plus_uconst 0x158]
    8139                      .dwattr $C$DW$735, DW_AT_accessibility(DW_ACCESS_public)
    8140                      .dwattr $C$DW$735, DW_AT_decl_file("/home/jose/ti/c2000/C2000Ware_26_01_00_00/device_support/f2837xd/
    8141                      .dwattr $C$DW$735, DW_AT_decl_line(0xe5)
    8142                      .dwattr $C$DW$735, DW_AT_decl_column(0x0b)
    8143              
    8144              $C$DW$736       .dwtag  DW_TAG_member
    8145                      .dwattr $C$DW$736, DW_AT_type(*$C$DW$T$97)
    8146                      .dwattr $C$DW$736, DW_AT_name("PIE54_RESERVED_INT")
    8147                      .dwattr $C$DW$736, DW_AT_data_member_location[DW_OP_plus_uconst 0x15a]
    8148                      .dwattr $C$DW$736, DW_AT_accessibility(DW_ACCESS_public)
    8149                      .dwattr $C$DW$736, DW_AT_decl_file("/home/jose/ti/c2000/C2000Ware_26_01_00_00/device_support/f2837xd/
    8150                      .dwattr $C$DW$736, DW_AT_decl_line(0xe6)
    8151                      .dwattr $C$DW$736, DW_AT_decl_column(0x0b)
    8152              
    8153              $C$DW$737       .dwtag  DW_TAG_member
    8154                      .dwattr $C$DW$737, DW_AT_type(*$C$DW$T$97)
    8155                      .dwattr $C$DW$737, DW_AT_name("PIE55_RESERVED_INT")
    8156                      .dwattr $C$DW$737, DW_AT_data_member_location[DW_OP_plus_uconst 0x15c]
    8157                      .dwattr $C$DW$737, DW_AT_accessibility(DW_ACCESS_public)
    8158                      .dwattr $C$DW$737, DW_AT_decl_file("/home/jose/ti/c2000/C2000Ware_26_01_00_00/device_support/f2837xd/
    8159                      .dwattr $C$DW$737, DW_AT_decl_line(0xe7)
    8160                      .dwattr $C$DW$737, DW_AT_decl_column(0x0b)
    8161              
    8162              $C$DW$738       .dwtag  DW_TAG_member
    8163                      .dwattr $C$DW$738, DW_AT_type(*$C$DW$T$97)
    8164                      .dwattr $C$DW$738, DW_AT_name("PIE56_RESERVED_INT")
    8165                      .dwattr $C$DW$738, DW_AT_data_member_location[DW_OP_plus_uconst 0x15e]
    8166                      .dwattr $C$DW$738, DW_AT_accessibility(DW_ACCESS_public)
TMS320C2000 Assembler Unix v25.11.0 Sat May 30 20:22:51 2026

Copyright (c) 1996-2018 Texas Instruments Incorporated
main.asm                                                             PAGE  150

    8167                      .dwattr $C$DW$738, DW_AT_decl_file("/home/jose/ti/c2000/C2000Ware_26_01_00_00/device_support/f2837xd/
    8168                      .dwattr $C$DW$738, DW_AT_decl_line(0xe8)
    8169                      .dwattr $C$DW$738, DW_AT_decl_column(0x0b)
    8170              
    8171              $C$DW$739       .dwtag  DW_TAG_member
    8172                      .dwattr $C$DW$739, DW_AT_type(*$C$DW$T$97)
    8173                      .dwattr $C$DW$739, DW_AT_name("PIE57_RESERVED_INT")
    8174                      .dwattr $C$DW$739, DW_AT_data_member_location[DW_OP_plus_uconst 0x160]
    8175                      .dwattr $C$DW$739, DW_AT_accessibility(DW_ACCESS_public)
    8176                      .dwattr $C$DW$739, DW_AT_decl_file("/home/jose/ti/c2000/C2000Ware_26_01_00_00/device_support/f2837xd/
    8177                      .dwattr $C$DW$739, DW_AT_decl_line(0xe9)
    8178                      .dwattr $C$DW$739, DW_AT_decl_column(0x0b)
    8179              
    8180              $C$DW$740       .dwtag  DW_TAG_member
    8181                      .dwattr $C$DW$740, DW_AT_type(*$C$DW$T$97)
    8182                      .dwattr $C$DW$740, DW_AT_name("PIE58_RESERVED_INT")
    8183                      .dwattr $C$DW$740, DW_AT_data_member_location[DW_OP_plus_uconst 0x162]
    8184                      .dwattr $C$DW$740, DW_AT_accessibility(DW_ACCESS_public)
    8185                      .dwattr $C$DW$740, DW_AT_decl_file("/home/jose/ti/c2000/C2000Ware_26_01_00_00/device_support/f2837xd/
    8186                      .dwattr $C$DW$740, DW_AT_decl_line(0xea)
    8187                      .dwattr $C$DW$740, DW_AT_decl_column(0x0b)
    8188              
    8189              $C$DW$741       .dwtag  DW_TAG_member
    8190                      .dwattr $C$DW$741, DW_AT_type(*$C$DW$T$97)
    8191                      .dwattr $C$DW$741, DW_AT_name("PIE59_RESERVED_INT")
    8192                      .dwattr $C$DW$741, DW_AT_data_member_location[DW_OP_plus_uconst 0x164]
    8193                      .dwattr $C$DW$741, DW_AT_accessibility(DW_ACCESS_public)
    8194                      .dwattr $C$DW$741, DW_AT_decl_file("/home/jose/ti/c2000/C2000Ware_26_01_00_00/device_support/f2837xd/
    8195                      .dwattr $C$DW$741, DW_AT_decl_line(0xeb)
    8196                      .dwattr $C$DW$741, DW_AT_decl_column(0x0b)
    8197              
    8198              $C$DW$742       .dwtag  DW_TAG_member
    8199                      .dwattr $C$DW$742, DW_AT_type(*$C$DW$T$97)
    8200                      .dwattr $C$DW$742, DW_AT_name("PIE60_RESERVED_INT")
    8201                      .dwattr $C$DW$742, DW_AT_data_member_location[DW_OP_plus_uconst 0x166]
    8202                      .dwattr $C$DW$742, DW_AT_accessibility(DW_ACCESS_public)
    8203                      .dwattr $C$DW$742, DW_AT_decl_file("/home/jose/ti/c2000/C2000Ware_26_01_00_00/device_support/f2837xd/
    8204                      .dwattr $C$DW$742, DW_AT_decl_line(0xec)
    8205                      .dwattr $C$DW$742, DW_AT_decl_column(0x0b)
    8206              
    8207              $C$DW$743       .dwtag  DW_TAG_member
    8208                      .dwattr $C$DW$743, DW_AT_type(*$C$DW$T$97)
    8209                      .dwattr $C$DW$743, DW_AT_name("PIE61_RESERVED_INT")
    8210                      .dwattr $C$DW$743, DW_AT_data_member_location[DW_OP_plus_uconst 0x168]
    8211                      .dwattr $C$DW$743, DW_AT_accessibility(DW_ACCESS_public)
    8212                      .dwattr $C$DW$743, DW_AT_decl_file("/home/jose/ti/c2000/C2000Ware_26_01_00_00/device_support/f2837xd/
    8213                      .dwattr $C$DW$743, DW_AT_decl_line(0xed)
    8214                      .dwattr $C$DW$743, DW_AT_decl_column(0x0b)
    8215              
    8216              $C$DW$744       .dwtag  DW_TAG_member
    8217                      .dwattr $C$DW$744, DW_AT_type(*$C$DW$T$97)
    8218                      .dwattr $C$DW$744, DW_AT_name("PIE62_RESERVED_INT")
    8219                      .dwattr $C$DW$744, DW_AT_data_member_location[DW_OP_plus_uconst 0x16a]
    8220                      .dwattr $C$DW$744, DW_AT_accessibility(DW_ACCESS_public)
    8221                      .dwattr $C$DW$744, DW_AT_decl_file("/home/jose/ti/c2000/C2000Ware_26_01_00_00/device_support/f2837xd/
TMS320C2000 Assembler Unix v25.11.0 Sat May 30 20:22:51 2026

Copyright (c) 1996-2018 Texas Instruments Incorporated
main.asm                                                             PAGE  151

    8222                      .dwattr $C$DW$744, DW_AT_decl_line(0xee)
    8223                      .dwattr $C$DW$744, DW_AT_decl_column(0x0b)
    8224              
    8225              $C$DW$745       .dwtag  DW_TAG_member
    8226                      .dwattr $C$DW$745, DW_AT_type(*$C$DW$T$97)
    8227                      .dwattr $C$DW$745, DW_AT_name("PIE63_RESERVED_INT")
    8228                      .dwattr $C$DW$745, DW_AT_data_member_location[DW_OP_plus_uconst 0x16c]
    8229                      .dwattr $C$DW$745, DW_AT_accessibility(DW_ACCESS_public)
    8230                      .dwattr $C$DW$745, DW_AT_decl_file("/home/jose/ti/c2000/C2000Ware_26_01_00_00/device_support/f2837xd/
    8231                      .dwattr $C$DW$745, DW_AT_decl_line(0xef)
    8232                      .dwattr $C$DW$745, DW_AT_decl_column(0x0b)
    8233              
    8234              $C$DW$746       .dwtag  DW_TAG_member
    8235                      .dwattr $C$DW$746, DW_AT_type(*$C$DW$T$97)
    8236                      .dwattr $C$DW$746, DW_AT_name("PIE64_RESERVED_INT")
    8237                      .dwattr $C$DW$746, DW_AT_data_member_location[DW_OP_plus_uconst 0x16e]
    8238                      .dwattr $C$DW$746, DW_AT_accessibility(DW_ACCESS_public)
    8239                      .dwattr $C$DW$746, DW_AT_decl_file("/home/jose/ti/c2000/C2000Ware_26_01_00_00/device_support/f2837xd/
    8240                      .dwattr $C$DW$746, DW_AT_decl_line(0xf0)
    8241                      .dwattr $C$DW$746, DW_AT_decl_column(0x0b)
    8242              
    8243              $C$DW$747       .dwtag  DW_TAG_member
    8244                      .dwattr $C$DW$747, DW_AT_type(*$C$DW$T$97)
    8245                      .dwattr $C$DW$747, DW_AT_name("PIE65_RESERVED_INT")
    8246                      .dwattr $C$DW$747, DW_AT_data_member_location[DW_OP_plus_uconst 0x170]
    8247                      .dwattr $C$DW$747, DW_AT_accessibility(DW_ACCESS_public)
    8248                      .dwattr $C$DW$747, DW_AT_decl_file("/home/jose/ti/c2000/C2000Ware_26_01_00_00/device_support/f2837xd/
    8249                      .dwattr $C$DW$747, DW_AT_decl_line(0xf1)
    8250                      .dwattr $C$DW$747, DW_AT_decl_column(0x0b)
    8251              
    8252              $C$DW$748       .dwtag  DW_TAG_member
    8253                      .dwattr $C$DW$748, DW_AT_type(*$C$DW$T$97)
    8254                      .dwattr $C$DW$748, DW_AT_name("PIE66_RESERVED_INT")
    8255                      .dwattr $C$DW$748, DW_AT_data_member_location[DW_OP_plus_uconst 0x172]
    8256                      .dwattr $C$DW$748, DW_AT_accessibility(DW_ACCESS_public)
    8257                      .dwattr $C$DW$748, DW_AT_decl_file("/home/jose/ti/c2000/C2000Ware_26_01_00_00/device_support/f2837xd/
    8258                      .dwattr $C$DW$748, DW_AT_decl_line(0xf2)
    8259                      .dwattr $C$DW$748, DW_AT_decl_column(0x0b)
    8260              
    8261              $C$DW$749       .dwtag  DW_TAG_member
    8262                      .dwattr $C$DW$749, DW_AT_type(*$C$DW$T$97)
    8263                      .dwattr $C$DW$749, DW_AT_name("PIE67_RESERVED_INT")
    8264                      .dwattr $C$DW$749, DW_AT_data_member_location[DW_OP_plus_uconst 0x174]
    8265                      .dwattr $C$DW$749, DW_AT_accessibility(DW_ACCESS_public)
    8266                      .dwattr $C$DW$749, DW_AT_decl_file("/home/jose/ti/c2000/C2000Ware_26_01_00_00/device_support/f2837xd/
    8267                      .dwattr $C$DW$749, DW_AT_decl_line(0xf3)
    8268                      .dwattr $C$DW$749, DW_AT_decl_column(0x0b)
    8269              
    8270              $C$DW$750       .dwtag  DW_TAG_member
    8271                      .dwattr $C$DW$750, DW_AT_type(*$C$DW$T$97)
    8272                      .dwattr $C$DW$750, DW_AT_name("PIE68_RESERVED_INT")
    8273                      .dwattr $C$DW$750, DW_AT_data_member_location[DW_OP_plus_uconst 0x176]
    8274                      .dwattr $C$DW$750, DW_AT_accessibility(DW_ACCESS_public)
    8275                      .dwattr $C$DW$750, DW_AT_decl_file("/home/jose/ti/c2000/C2000Ware_26_01_00_00/device_support/f2837xd/
    8276                      .dwattr $C$DW$750, DW_AT_decl_line(0xf4)
TMS320C2000 Assembler Unix v25.11.0 Sat May 30 20:22:51 2026

Copyright (c) 1996-2018 Texas Instruments Incorporated
main.asm                                                             PAGE  152

    8277                      .dwattr $C$DW$750, DW_AT_decl_column(0x0b)
    8278              
    8279              $C$DW$751       .dwtag  DW_TAG_member
    8280                      .dwattr $C$DW$751, DW_AT_type(*$C$DW$T$97)
    8281                      .dwattr $C$DW$751, DW_AT_name("PIE69_RESERVED_INT")
    8282                      .dwattr $C$DW$751, DW_AT_data_member_location[DW_OP_plus_uconst 0x178]
    8283                      .dwattr $C$DW$751, DW_AT_accessibility(DW_ACCESS_public)
    8284                      .dwattr $C$DW$751, DW_AT_decl_file("/home/jose/ti/c2000/C2000Ware_26_01_00_00/device_support/f2837xd/
    8285                      .dwattr $C$DW$751, DW_AT_decl_line(0xf5)
    8286                      .dwattr $C$DW$751, DW_AT_decl_column(0x0b)
    8287              
    8288              $C$DW$752       .dwtag  DW_TAG_member
    8289                      .dwattr $C$DW$752, DW_AT_type(*$C$DW$T$97)
    8290                      .dwattr $C$DW$752, DW_AT_name("PIE70_RESERVED_INT")
    8291                      .dwattr $C$DW$752, DW_AT_data_member_location[DW_OP_plus_uconst 0x17a]
    8292                      .dwattr $C$DW$752, DW_AT_accessibility(DW_ACCESS_public)
    8293                      .dwattr $C$DW$752, DW_AT_decl_file("/home/jose/ti/c2000/C2000Ware_26_01_00_00/device_support/f2837xd/
    8294                      .dwattr $C$DW$752, DW_AT_decl_line(0xf6)
    8295                      .dwattr $C$DW$752, DW_AT_decl_column(0x0b)
    8296              
    8297              $C$DW$753       .dwtag  DW_TAG_member
    8298                      .dwattr $C$DW$753, DW_AT_type(*$C$DW$T$97)
    8299                      .dwattr $C$DW$753, DW_AT_name("UPPA_INT")
    8300                      .dwattr $C$DW$753, DW_AT_data_member_location[DW_OP_plus_uconst 0x17c]
    8301                      .dwattr $C$DW$753, DW_AT_accessibility(DW_ACCESS_public)
    8302                      .dwattr $C$DW$753, DW_AT_decl_file("/home/jose/ti/c2000/C2000Ware_26_01_00_00/device_support/f2837xd/
    8303                      .dwattr $C$DW$753, DW_AT_decl_line(0xf8)
    8304                      .dwattr $C$DW$753, DW_AT_decl_column(0x0b)
    8305              
    8306              $C$DW$754       .dwtag  DW_TAG_member
    8307                      .dwattr $C$DW$754, DW_AT_type(*$C$DW$T$97)
    8308                      .dwattr $C$DW$754, DW_AT_name("PIE72_RESERVED_INT")
    8309                      .dwattr $C$DW$754, DW_AT_data_member_location[DW_OP_plus_uconst 0x17e]
    8310                      .dwattr $C$DW$754, DW_AT_accessibility(DW_ACCESS_public)
    8311                      .dwattr $C$DW$754, DW_AT_decl_file("/home/jose/ti/c2000/C2000Ware_26_01_00_00/device_support/f2837xd/
    8312                      .dwattr $C$DW$754, DW_AT_decl_line(0xf9)
    8313                      .dwattr $C$DW$754, DW_AT_decl_column(0x0b)
    8314              
    8315              $C$DW$755       .dwtag  DW_TAG_member
    8316                      .dwattr $C$DW$755, DW_AT_type(*$C$DW$T$97)
    8317                      .dwattr $C$DW$755, DW_AT_name("PIE73_RESERVED_INT")
    8318                      .dwattr $C$DW$755, DW_AT_data_member_location[DW_OP_plus_uconst 0x180]
    8319                      .dwattr $C$DW$755, DW_AT_accessibility(DW_ACCESS_public)
    8320                      .dwattr $C$DW$755, DW_AT_decl_file("/home/jose/ti/c2000/C2000Ware_26_01_00_00/device_support/f2837xd/
    8321                      .dwattr $C$DW$755, DW_AT_decl_line(0xfe)
    8322                      .dwattr $C$DW$755, DW_AT_decl_column(0x0b)
    8323              
    8324              $C$DW$756       .dwtag  DW_TAG_member
    8325                      .dwattr $C$DW$756, DW_AT_type(*$C$DW$T$97)
    8326                      .dwattr $C$DW$756, DW_AT_name("PIE74_RESERVED_INT")
    8327                      .dwattr $C$DW$756, DW_AT_data_member_location[DW_OP_plus_uconst 0x182]
    8328                      .dwattr $C$DW$756, DW_AT_accessibility(DW_ACCESS_public)
    8329                      .dwattr $C$DW$756, DW_AT_decl_file("/home/jose/ti/c2000/C2000Ware_26_01_00_00/device_support/f2837xd/
    8330                      .dwattr $C$DW$756, DW_AT_decl_line(0xff)
    8331                      .dwattr $C$DW$756, DW_AT_decl_column(0x0b)
TMS320C2000 Assembler Unix v25.11.0 Sat May 30 20:22:51 2026

Copyright (c) 1996-2018 Texas Instruments Incorporated
main.asm                                                             PAGE  153

    8332              
    8333              $C$DW$757       .dwtag  DW_TAG_member
    8334                      .dwattr $C$DW$757, DW_AT_type(*$C$DW$T$97)
    8335                      .dwattr $C$DW$757, DW_AT_name("PIE75_RESERVED_INT")
    8336                      .dwattr $C$DW$757, DW_AT_data_member_location[DW_OP_plus_uconst 0x184]
    8337                      .dwattr $C$DW$757, DW_AT_accessibility(DW_ACCESS_public)
    8338                      .dwattr $C$DW$757, DW_AT_decl_file("/home/jose/ti/c2000/C2000Ware_26_01_00_00/device_support/f2837xd/
    8339                      .dwattr $C$DW$757, DW_AT_decl_line(0x100)
    8340                      .dwattr $C$DW$757, DW_AT_decl_column(0x0b)
    8341              
    8342              $C$DW$758       .dwtag  DW_TAG_member
    8343                      .dwattr $C$DW$758, DW_AT_type(*$C$DW$T$97)
    8344                      .dwattr $C$DW$758, DW_AT_name("PIE76_RESERVED_INT")
    8345                      .dwattr $C$DW$758, DW_AT_data_member_location[DW_OP_plus_uconst 0x186]
    8346                      .dwattr $C$DW$758, DW_AT_accessibility(DW_ACCESS_public)
    8347                      .dwattr $C$DW$758, DW_AT_decl_file("/home/jose/ti/c2000/C2000Ware_26_01_00_00/device_support/f2837xd/
    8348                      .dwattr $C$DW$758, DW_AT_decl_line(0x101)
    8349                      .dwattr $C$DW$758, DW_AT_decl_column(0x0b)
    8350              
    8351              $C$DW$759       .dwtag  DW_TAG_member
    8352                      .dwattr $C$DW$759, DW_AT_type(*$C$DW$T$97)
    8353                      .dwattr $C$DW$759, DW_AT_name("PIE77_RESERVED_INT")
    8354                      .dwattr $C$DW$759, DW_AT_data_member_location[DW_OP_plus_uconst 0x188]
    8355                      .dwattr $C$DW$759, DW_AT_accessibility(DW_ACCESS_public)
    8356                      .dwattr $C$DW$759, DW_AT_decl_file("/home/jose/ti/c2000/C2000Ware_26_01_00_00/device_support/f2837xd/
    8357                      .dwattr $C$DW$759, DW_AT_decl_line(0x102)
    8358                      .dwattr $C$DW$759, DW_AT_decl_column(0x0b)
    8359              
    8360              $C$DW$760       .dwtag  DW_TAG_member
    8361                      .dwattr $C$DW$760, DW_AT_type(*$C$DW$T$97)
    8362                      .dwattr $C$DW$760, DW_AT_name("PIE78_RESERVED_INT")
    8363                      .dwattr $C$DW$760, DW_AT_data_member_location[DW_OP_plus_uconst 0x18a]
    8364                      .dwattr $C$DW$760, DW_AT_accessibility(DW_ACCESS_public)
    8365                      .dwattr $C$DW$760, DW_AT_decl_file("/home/jose/ti/c2000/C2000Ware_26_01_00_00/device_support/f2837xd/
    8366                      .dwattr $C$DW$760, DW_AT_decl_line(0x103)
    8367                      .dwattr $C$DW$760, DW_AT_decl_column(0x0b)
    8368              
    8369              $C$DW$761       .dwtag  DW_TAG_member
    8370                      .dwattr $C$DW$761, DW_AT_type(*$C$DW$T$97)
    8371                      .dwattr $C$DW$761, DW_AT_name("USBA_INT")
    8372                      .dwattr $C$DW$761, DW_AT_data_member_location[DW_OP_plus_uconst 0x18c]
    8373                      .dwattr $C$DW$761, DW_AT_accessibility(DW_ACCESS_public)
    8374                      .dwattr $C$DW$761, DW_AT_decl_file("/home/jose/ti/c2000/C2000Ware_26_01_00_00/device_support/f2837xd/
    8375                      .dwattr $C$DW$761, DW_AT_decl_line(0x105)
    8376                      .dwattr $C$DW$761, DW_AT_decl_column(0x0b)
    8377              
    8378              $C$DW$762       .dwtag  DW_TAG_member
    8379                      .dwattr $C$DW$762, DW_AT_type(*$C$DW$T$97)
    8380                      .dwattr $C$DW$762, DW_AT_name("PIE80_RESERVED_INT")
    8381                      .dwattr $C$DW$762, DW_AT_data_member_location[DW_OP_plus_uconst 0x18e]
    8382                      .dwattr $C$DW$762, DW_AT_accessibility(DW_ACCESS_public)
    8383                      .dwattr $C$DW$762, DW_AT_decl_file("/home/jose/ti/c2000/C2000Ware_26_01_00_00/device_support/f2837xd/
    8384                      .dwattr $C$DW$762, DW_AT_decl_line(0x109)
    8385                      .dwattr $C$DW$762, DW_AT_decl_column(0x0b)
    8386              
TMS320C2000 Assembler Unix v25.11.0 Sat May 30 20:22:51 2026

Copyright (c) 1996-2018 Texas Instruments Incorporated
main.asm                                                             PAGE  154

    8387              $C$DW$763       .dwtag  DW_TAG_member
    8388                      .dwattr $C$DW$763, DW_AT_type(*$C$DW$T$97)
    8389                      .dwattr $C$DW$763, DW_AT_name("ADCC_EVT_INT")
    8390                      .dwattr $C$DW$763, DW_AT_data_member_location[DW_OP_plus_uconst 0x190]
    8391                      .dwattr $C$DW$763, DW_AT_accessibility(DW_ACCESS_public)
    8392                      .dwattr $C$DW$763, DW_AT_decl_file("/home/jose/ti/c2000/C2000Ware_26_01_00_00/device_support/f2837xd/
    8393                      .dwattr $C$DW$763, DW_AT_decl_line(0x10a)
    8394                      .dwattr $C$DW$763, DW_AT_decl_column(0x0b)
    8395              
    8396              $C$DW$764       .dwtag  DW_TAG_member
    8397                      .dwattr $C$DW$764, DW_AT_type(*$C$DW$T$97)
    8398                      .dwattr $C$DW$764, DW_AT_name("ADCC2_INT")
    8399                      .dwattr $C$DW$764, DW_AT_data_member_location[DW_OP_plus_uconst 0x192]
    8400                      .dwattr $C$DW$764, DW_AT_accessibility(DW_ACCESS_public)
    8401                      .dwattr $C$DW$764, DW_AT_decl_file("/home/jose/ti/c2000/C2000Ware_26_01_00_00/device_support/f2837xd/
    8402                      .dwattr $C$DW$764, DW_AT_decl_line(0x10b)
    8403                      .dwattr $C$DW$764, DW_AT_decl_column(0x0b)
    8404              
    8405              $C$DW$765       .dwtag  DW_TAG_member
    8406                      .dwattr $C$DW$765, DW_AT_type(*$C$DW$T$97)
    8407                      .dwattr $C$DW$765, DW_AT_name("ADCC3_INT")
    8408                      .dwattr $C$DW$765, DW_AT_data_member_location[DW_OP_plus_uconst 0x194]
    8409                      .dwattr $C$DW$765, DW_AT_accessibility(DW_ACCESS_public)
    8410                      .dwattr $C$DW$765, DW_AT_decl_file("/home/jose/ti/c2000/C2000Ware_26_01_00_00/device_support/f2837xd/
    8411                      .dwattr $C$DW$765, DW_AT_decl_line(0x10c)
    8412                      .dwattr $C$DW$765, DW_AT_decl_column(0x0b)
    8413              
    8414              $C$DW$766       .dwtag  DW_TAG_member
    8415                      .dwattr $C$DW$766, DW_AT_type(*$C$DW$T$97)
    8416                      .dwattr $C$DW$766, DW_AT_name("ADCC4_INT")
    8417                      .dwattr $C$DW$766, DW_AT_data_member_location[DW_OP_plus_uconst 0x196]
    8418                      .dwattr $C$DW$766, DW_AT_accessibility(DW_ACCESS_public)
    8419                      .dwattr $C$DW$766, DW_AT_decl_file("/home/jose/ti/c2000/C2000Ware_26_01_00_00/device_support/f2837xd/
    8420                      .dwattr $C$DW$766, DW_AT_decl_line(0x10d)
    8421                      .dwattr $C$DW$766, DW_AT_decl_column(0x0b)
    8422              
    8423              $C$DW$767       .dwtag  DW_TAG_member
    8424                      .dwattr $C$DW$767, DW_AT_type(*$C$DW$T$97)
    8425                      .dwattr $C$DW$767, DW_AT_name("ADCD_EVT_INT")
    8426                      .dwattr $C$DW$767, DW_AT_data_member_location[DW_OP_plus_uconst 0x198]
    8427                      .dwattr $C$DW$767, DW_AT_accessibility(DW_ACCESS_public)
    8428                      .dwattr $C$DW$767, DW_AT_decl_file("/home/jose/ti/c2000/C2000Ware_26_01_00_00/device_support/f2837xd/
    8429                      .dwattr $C$DW$767, DW_AT_decl_line(0x10e)
    8430                      .dwattr $C$DW$767, DW_AT_decl_column(0x0b)
    8431              
    8432              $C$DW$768       .dwtag  DW_TAG_member
    8433                      .dwattr $C$DW$768, DW_AT_type(*$C$DW$T$97)
    8434                      .dwattr $C$DW$768, DW_AT_name("ADCD2_INT")
    8435                      .dwattr $C$DW$768, DW_AT_data_member_location[DW_OP_plus_uconst 0x19a]
    8436                      .dwattr $C$DW$768, DW_AT_accessibility(DW_ACCESS_public)
    8437                      .dwattr $C$DW$768, DW_AT_decl_file("/home/jose/ti/c2000/C2000Ware_26_01_00_00/device_support/f2837xd/
    8438                      .dwattr $C$DW$768, DW_AT_decl_line(0x10f)
    8439                      .dwattr $C$DW$768, DW_AT_decl_column(0x0b)
    8440              
    8441              $C$DW$769       .dwtag  DW_TAG_member
TMS320C2000 Assembler Unix v25.11.0 Sat May 30 20:22:51 2026

Copyright (c) 1996-2018 Texas Instruments Incorporated
main.asm                                                             PAGE  155

    8442                      .dwattr $C$DW$769, DW_AT_type(*$C$DW$T$97)
    8443                      .dwattr $C$DW$769, DW_AT_name("ADCD3_INT")
    8444                      .dwattr $C$DW$769, DW_AT_data_member_location[DW_OP_plus_uconst 0x19c]
    8445                      .dwattr $C$DW$769, DW_AT_accessibility(DW_ACCESS_public)
    8446                      .dwattr $C$DW$769, DW_AT_decl_file("/home/jose/ti/c2000/C2000Ware_26_01_00_00/device_support/f2837xd/
    8447                      .dwattr $C$DW$769, DW_AT_decl_line(0x110)
    8448                      .dwattr $C$DW$769, DW_AT_decl_column(0x0b)
    8449              
    8450              $C$DW$770       .dwtag  DW_TAG_member
    8451                      .dwattr $C$DW$770, DW_AT_type(*$C$DW$T$97)
    8452                      .dwattr $C$DW$770, DW_AT_name("ADCD4_INT")
    8453                      .dwattr $C$DW$770, DW_AT_data_member_location[DW_OP_plus_uconst 0x19e]
    8454                      .dwattr $C$DW$770, DW_AT_accessibility(DW_ACCESS_public)
    8455                      .dwattr $C$DW$770, DW_AT_decl_file("/home/jose/ti/c2000/C2000Ware_26_01_00_00/device_support/f2837xd/
    8456                      .dwattr $C$DW$770, DW_AT_decl_line(0x111)
    8457                      .dwattr $C$DW$770, DW_AT_decl_column(0x0b)
    8458              
    8459              $C$DW$771       .dwtag  DW_TAG_member
    8460                      .dwattr $C$DW$771, DW_AT_type(*$C$DW$T$97)
    8461                      .dwattr $C$DW$771, DW_AT_name("PIE81_RESERVED_INT")
    8462                      .dwattr $C$DW$771, DW_AT_data_member_location[DW_OP_plus_uconst 0x1a0]
    8463                      .dwattr $C$DW$771, DW_AT_accessibility(DW_ACCESS_public)
    8464                      .dwattr $C$DW$771, DW_AT_decl_file("/home/jose/ti/c2000/C2000Ware_26_01_00_00/device_support/f2837xd/
    8465                      .dwattr $C$DW$771, DW_AT_decl_line(0x112)
    8466                      .dwattr $C$DW$771, DW_AT_decl_column(0x0b)
    8467              
    8468              $C$DW$772       .dwtag  DW_TAG_member
    8469                      .dwattr $C$DW$772, DW_AT_type(*$C$DW$T$97)
    8470                      .dwattr $C$DW$772, DW_AT_name("PIE82_RESERVED_INT")
    8471                      .dwattr $C$DW$772, DW_AT_data_member_location[DW_OP_plus_uconst 0x1a2]
    8472                      .dwattr $C$DW$772, DW_AT_accessibility(DW_ACCESS_public)
    8473                      .dwattr $C$DW$772, DW_AT_decl_file("/home/jose/ti/c2000/C2000Ware_26_01_00_00/device_support/f2837xd/
    8474                      .dwattr $C$DW$772, DW_AT_decl_line(0x113)
    8475                      .dwattr $C$DW$772, DW_AT_decl_column(0x0b)
    8476              
    8477              $C$DW$773       .dwtag  DW_TAG_member
    8478                      .dwattr $C$DW$773, DW_AT_type(*$C$DW$T$97)
    8479                      .dwattr $C$DW$773, DW_AT_name("PIE83_RESERVED_INT")
    8480                      .dwattr $C$DW$773, DW_AT_data_member_location[DW_OP_plus_uconst 0x1a4]
    8481                      .dwattr $C$DW$773, DW_AT_accessibility(DW_ACCESS_public)
    8482                      .dwattr $C$DW$773, DW_AT_decl_file("/home/jose/ti/c2000/C2000Ware_26_01_00_00/device_support/f2837xd/
    8483                      .dwattr $C$DW$773, DW_AT_decl_line(0x114)
    8484                      .dwattr $C$DW$773, DW_AT_decl_column(0x0b)
    8485              
    8486              $C$DW$774       .dwtag  DW_TAG_member
    8487                      .dwattr $C$DW$774, DW_AT_type(*$C$DW$T$97)
    8488                      .dwattr $C$DW$774, DW_AT_name("PIE84_RESERVED_INT")
    8489                      .dwattr $C$DW$774, DW_AT_data_member_location[DW_OP_plus_uconst 0x1a6]
    8490                      .dwattr $C$DW$774, DW_AT_accessibility(DW_ACCESS_public)
    8491                      .dwattr $C$DW$774, DW_AT_decl_file("/home/jose/ti/c2000/C2000Ware_26_01_00_00/device_support/f2837xd/
    8492                      .dwattr $C$DW$774, DW_AT_decl_line(0x115)
    8493                      .dwattr $C$DW$774, DW_AT_decl_column(0x0b)
    8494              
    8495              $C$DW$775       .dwtag  DW_TAG_member
    8496                      .dwattr $C$DW$775, DW_AT_type(*$C$DW$T$97)
TMS320C2000 Assembler Unix v25.11.0 Sat May 30 20:22:51 2026

Copyright (c) 1996-2018 Texas Instruments Incorporated
main.asm                                                             PAGE  156

    8497                      .dwattr $C$DW$775, DW_AT_name("PIE85_RESERVED_INT")
    8498                      .dwattr $C$DW$775, DW_AT_data_member_location[DW_OP_plus_uconst 0x1a8]
    8499                      .dwattr $C$DW$775, DW_AT_accessibility(DW_ACCESS_public)
    8500                      .dwattr $C$DW$775, DW_AT_decl_file("/home/jose/ti/c2000/C2000Ware_26_01_00_00/device_support/f2837xd/
    8501                      .dwattr $C$DW$775, DW_AT_decl_line(0x116)
    8502                      .dwattr $C$DW$775, DW_AT_decl_column(0x0b)
    8503              
    8504              $C$DW$776       .dwtag  DW_TAG_member
    8505                      .dwattr $C$DW$776, DW_AT_type(*$C$DW$T$97)
    8506                      .dwattr $C$DW$776, DW_AT_name("PIE86_RESERVED_INT")
    8507                      .dwattr $C$DW$776, DW_AT_data_member_location[DW_OP_plus_uconst 0x1aa]
    8508                      .dwattr $C$DW$776, DW_AT_accessibility(DW_ACCESS_public)
    8509                      .dwattr $C$DW$776, DW_AT_decl_file("/home/jose/ti/c2000/C2000Ware_26_01_00_00/device_support/f2837xd/
    8510                      .dwattr $C$DW$776, DW_AT_decl_line(0x117)
    8511                      .dwattr $C$DW$776, DW_AT_decl_column(0x0b)
    8512              
    8513              $C$DW$777       .dwtag  DW_TAG_member
    8514                      .dwattr $C$DW$777, DW_AT_type(*$C$DW$T$97)
    8515                      .dwattr $C$DW$777, DW_AT_name("PIE87_RESERVED_INT")
    8516                      .dwattr $C$DW$777, DW_AT_data_member_location[DW_OP_plus_uconst 0x1ac]
    8517                      .dwattr $C$DW$777, DW_AT_accessibility(DW_ACCESS_public)
    8518                      .dwattr $C$DW$777, DW_AT_decl_file("/home/jose/ti/c2000/C2000Ware_26_01_00_00/device_support/f2837xd/
    8519                      .dwattr $C$DW$777, DW_AT_decl_line(0x118)
    8520                      .dwattr $C$DW$777, DW_AT_decl_column(0x0b)
    8521              
    8522              $C$DW$778       .dwtag  DW_TAG_member
    8523                      .dwattr $C$DW$778, DW_AT_type(*$C$DW$T$97)
    8524                      .dwattr $C$DW$778, DW_AT_name("PIE88_RESERVED_INT")
    8525                      .dwattr $C$DW$778, DW_AT_data_member_location[DW_OP_plus_uconst 0x1ae]
    8526                      .dwattr $C$DW$778, DW_AT_accessibility(DW_ACCESS_public)
    8527                      .dwattr $C$DW$778, DW_AT_decl_file("/home/jose/ti/c2000/C2000Ware_26_01_00_00/device_support/f2837xd/
    8528                      .dwattr $C$DW$778, DW_AT_decl_line(0x119)
    8529                      .dwattr $C$DW$778, DW_AT_decl_column(0x0b)
    8530              
    8531              $C$DW$779       .dwtag  DW_TAG_member
    8532                      .dwattr $C$DW$779, DW_AT_type(*$C$DW$T$97)
    8533                      .dwattr $C$DW$779, DW_AT_name("EMIF_ERROR_INT")
    8534                      .dwattr $C$DW$779, DW_AT_data_member_location[DW_OP_plus_uconst 0x1b0]
    8535                      .dwattr $C$DW$779, DW_AT_accessibility(DW_ACCESS_public)
    8536                      .dwattr $C$DW$779, DW_AT_decl_file("/home/jose/ti/c2000/C2000Ware_26_01_00_00/device_support/f2837xd/
    8537                      .dwattr $C$DW$779, DW_AT_decl_line(0x11a)
    8538                      .dwattr $C$DW$779, DW_AT_decl_column(0x0b)
    8539              
    8540              $C$DW$780       .dwtag  DW_TAG_member
    8541                      .dwattr $C$DW$780, DW_AT_type(*$C$DW$T$97)
    8542                      .dwattr $C$DW$780, DW_AT_name("RAM_CORRECTABLE_ERROR_INT")
    8543                      .dwattr $C$DW$780, DW_AT_data_member_location[DW_OP_plus_uconst 0x1b2]
    8544                      .dwattr $C$DW$780, DW_AT_accessibility(DW_ACCESS_public)
    8545                      .dwattr $C$DW$780, DW_AT_decl_file("/home/jose/ti/c2000/C2000Ware_26_01_00_00/device_support/f2837xd/
    8546                      .dwattr $C$DW$780, DW_AT_decl_line(0x11b)
    8547                      .dwattr $C$DW$780, DW_AT_decl_column(0x0b)
    8548              
    8549              $C$DW$781       .dwtag  DW_TAG_member
    8550                      .dwattr $C$DW$781, DW_AT_type(*$C$DW$T$97)
    8551                      .dwattr $C$DW$781, DW_AT_name("FLASH_CORRECTABLE_ERROR_INT")
TMS320C2000 Assembler Unix v25.11.0 Sat May 30 20:22:51 2026

Copyright (c) 1996-2018 Texas Instruments Incorporated
main.asm                                                             PAGE  157

    8552                      .dwattr $C$DW$781, DW_AT_data_member_location[DW_OP_plus_uconst 0x1b4]
    8553                      .dwattr $C$DW$781, DW_AT_accessibility(DW_ACCESS_public)
    8554                      .dwattr $C$DW$781, DW_AT_decl_file("/home/jose/ti/c2000/C2000Ware_26_01_00_00/device_support/f2837xd/
    8555                      .dwattr $C$DW$781, DW_AT_decl_line(0x11c)
    8556                      .dwattr $C$DW$781, DW_AT_decl_column(0x0b)
    8557              
    8558              $C$DW$782       .dwtag  DW_TAG_member
    8559                      .dwattr $C$DW$782, DW_AT_type(*$C$DW$T$97)
    8560                      .dwattr $C$DW$782, DW_AT_name("RAM_ACCESS_VIOLATION_INT")
    8561                      .dwattr $C$DW$782, DW_AT_data_member_location[DW_OP_plus_uconst 0x1b6]
    8562                      .dwattr $C$DW$782, DW_AT_accessibility(DW_ACCESS_public)
    8563                      .dwattr $C$DW$782, DW_AT_decl_file("/home/jose/ti/c2000/C2000Ware_26_01_00_00/device_support/f2837xd/
    8564                      .dwattr $C$DW$782, DW_AT_decl_line(0x11d)
    8565                      .dwattr $C$DW$782, DW_AT_decl_column(0x0b)
    8566              
    8567              $C$DW$783       .dwtag  DW_TAG_member
    8568                      .dwattr $C$DW$783, DW_AT_type(*$C$DW$T$97)
    8569                      .dwattr $C$DW$783, DW_AT_name("SYS_PLL_SLIP_INT")
    8570                      .dwattr $C$DW$783, DW_AT_data_member_location[DW_OP_plus_uconst 0x1b8]
    8571                      .dwattr $C$DW$783, DW_AT_accessibility(DW_ACCESS_public)
    8572                      .dwattr $C$DW$783, DW_AT_decl_file("/home/jose/ti/c2000/C2000Ware_26_01_00_00/device_support/f2837xd/
    8573                      .dwattr $C$DW$783, DW_AT_decl_line(0x11e)
    8574                      .dwattr $C$DW$783, DW_AT_decl_column(0x0b)
    8575              
    8576              $C$DW$784       .dwtag  DW_TAG_member
    8577                      .dwattr $C$DW$784, DW_AT_type(*$C$DW$T$97)
    8578                      .dwattr $C$DW$784, DW_AT_name("AUX_PLL_SLIP_INT")
    8579                      .dwattr $C$DW$784, DW_AT_data_member_location[DW_OP_plus_uconst 0x1ba]
    8580                      .dwattr $C$DW$784, DW_AT_accessibility(DW_ACCESS_public)
    8581                      .dwattr $C$DW$784, DW_AT_decl_file("/home/jose/ti/c2000/C2000Ware_26_01_00_00/device_support/f2837xd/
    8582                      .dwattr $C$DW$784, DW_AT_decl_line(0x11f)
    8583                      .dwattr $C$DW$784, DW_AT_decl_column(0x0b)
    8584              
    8585              $C$DW$785       .dwtag  DW_TAG_member
    8586                      .dwattr $C$DW$785, DW_AT_type(*$C$DW$T$97)
    8587                      .dwattr $C$DW$785, DW_AT_name("CLA_OVERFLOW_INT")
    8588                      .dwattr $C$DW$785, DW_AT_data_member_location[DW_OP_plus_uconst 0x1bc]
    8589                      .dwattr $C$DW$785, DW_AT_accessibility(DW_ACCESS_public)
    8590                      .dwattr $C$DW$785, DW_AT_decl_file("/home/jose/ti/c2000/C2000Ware_26_01_00_00/device_support/f2837xd/
    8591                      .dwattr $C$DW$785, DW_AT_decl_line(0x120)
    8592                      .dwattr $C$DW$785, DW_AT_decl_column(0x0b)
    8593              
    8594              $C$DW$786       .dwtag  DW_TAG_member
    8595                      .dwattr $C$DW$786, DW_AT_type(*$C$DW$T$97)
    8596                      .dwattr $C$DW$786, DW_AT_name("CLA_UNDERFLOW_INT")
    8597                      .dwattr $C$DW$786, DW_AT_data_member_location[DW_OP_plus_uconst 0x1be]
    8598                      .dwattr $C$DW$786, DW_AT_accessibility(DW_ACCESS_public)
    8599                      .dwattr $C$DW$786, DW_AT_decl_file("/home/jose/ti/c2000/C2000Ware_26_01_00_00/device_support/f2837xd/
    8600                      .dwattr $C$DW$786, DW_AT_decl_line(0x121)
    8601                      .dwattr $C$DW$786, DW_AT_decl_column(0x0b)
    8602              
    8603                      .dwattr $C$DW$T$98, DW_AT_decl_file("/home/jose/ti/c2000/C2000Ware_26_01_00_00/device_support/f2837xd
    8604                      .dwattr $C$DW$T$98, DW_AT_decl_line(0x38)
    8605                      .dwattr $C$DW$T$98, DW_AT_decl_column(0x08)
    8606                      .dwendtag $C$DW$T$98
TMS320C2000 Assembler Unix v25.11.0 Sat May 30 20:22:51 2026

Copyright (c) 1996-2018 Texas Instruments Incorporated
main.asm                                                             PAGE  158

    8607              
    8608                      .dwendtag $C$DW$TU$98
    8609              
    8610              
    8611              $C$DW$TU$106    .dwtag  DW_TAG_type_unit
    8612                      .dwmtype  $C$DW$T$106
    8613              $C$DW$787       .dwtag  DW_TAG_TI_far_type
    8614                      .dwattr $C$DW$787, DW_AT_type(*$C$DW$T$98)
    8615              
    8616              $C$DW$T$106     .dwtag  DW_TAG_volatile_type
    8617                      .dwattr $C$DW$T$106, DW_AT_type(*$C$DW$787)
    8618              
    8619                      .dwendtag $C$DW$TU$106
    8620              
    8621              
    8622              $C$DW$TU$2      .dwtag  DW_TAG_type_unit
    8623                      .dwmtype  $C$DW$T$2
    8624              $C$DW$T$2       .dwtag  DW_TAG_unspecified_type
    8625                      .dwattr $C$DW$T$2, DW_AT_name("void")
    8626              
    8627                      .dwendtag $C$DW$TU$2
    8628              
    8629              
    8630              $C$DW$TU$95     .dwtag  DW_TAG_type_unit
    8631                      .dwmtype  $C$DW$T$95
    8632              
    8633              $C$DW$T$95      .dwtag  DW_TAG_subroutine_type
    8634                      .dwendtag $C$DW$T$95
    8635              
    8636                      .dwendtag $C$DW$TU$95
    8637              
    8638              
    8639              $C$DW$TU$96     .dwtag  DW_TAG_type_unit
    8640                      .dwmtype  $C$DW$T$96
    8641              $C$DW$T$96      .dwtag  DW_TAG_pointer_type
    8642                      .dwattr $C$DW$T$96, DW_AT_type(*$C$DW$T$95)
    8643                      .dwattr $C$DW$T$96, DW_AT_address_class(0x20)
    8644              
    8645                      .dwendtag $C$DW$TU$96
    8646              
    8647              
    8648              $C$DW$TU$97     .dwtag  DW_TAG_type_unit
    8649                      .dwmtype  $C$DW$T$97
    8650              $C$DW$T$97      .dwtag  DW_TAG_typedef
    8651                      .dwattr $C$DW$T$97, DW_AT_name("PINT")
    8652                      .dwattr $C$DW$T$97, DW_AT_type(*$C$DW$T$96)
    8653                      .dwattr $C$DW$T$97, DW_AT_decl_file("/home/jose/ti/c2000/C2000Ware_26_01_00_00/device_support/f2837xd
    8654                      .dwattr $C$DW$T$97, DW_AT_decl_line(0x35)
    8655                      .dwattr $C$DW$T$97, DW_AT_decl_column(0x1c)
    8656              
    8657                      .dwendtag $C$DW$TU$97
    8658              
    8659              
    8660              $C$DW$TU$4      .dwtag  DW_TAG_type_unit
    8661                      .dwmtype  $C$DW$T$4
TMS320C2000 Assembler Unix v25.11.0 Sat May 30 20:22:51 2026

Copyright (c) 1996-2018 Texas Instruments Incorporated
main.asm                                                             PAGE  159

    8662              $C$DW$T$4       .dwtag  DW_TAG_base_type
    8663                      .dwattr $C$DW$T$4, DW_AT_encoding(DW_ATE_boolean)
    8664                      .dwattr $C$DW$T$4, DW_AT_name("bool")
    8665                      .dwattr $C$DW$T$4, DW_AT_byte_size(0x01)
    8666              
    8667                      .dwendtag $C$DW$TU$4
    8668              
    8669              
    8670              $C$DW$TU$5      .dwtag  DW_TAG_type_unit
    8671                      .dwmtype  $C$DW$T$5
    8672              $C$DW$T$5       .dwtag  DW_TAG_base_type
    8673                      .dwattr $C$DW$T$5, DW_AT_encoding(DW_ATE_signed_char)
    8674                      .dwattr $C$DW$T$5, DW_AT_name("signed char")
    8675                      .dwattr $C$DW$T$5, DW_AT_byte_size(0x01)
    8676              
    8677                      .dwendtag $C$DW$TU$5
    8678              
    8679              
    8680              $C$DW$TU$6      .dwtag  DW_TAG_type_unit
    8681                      .dwmtype  $C$DW$T$6
    8682              $C$DW$T$6       .dwtag  DW_TAG_base_type
    8683                      .dwattr $C$DW$T$6, DW_AT_encoding(DW_ATE_unsigned_char)
    8684                      .dwattr $C$DW$T$6, DW_AT_name("unsigned char")
    8685                      .dwattr $C$DW$T$6, DW_AT_byte_size(0x01)
    8686              
    8687                      .dwendtag $C$DW$TU$6
    8688              
    8689              
    8690              $C$DW$TU$7      .dwtag  DW_TAG_type_unit
    8691                      .dwmtype  $C$DW$T$7
    8692              $C$DW$T$7       .dwtag  DW_TAG_base_type
    8693                      .dwattr $C$DW$T$7, DW_AT_encoding(DW_ATE_signed_char)
    8694                      .dwattr $C$DW$T$7, DW_AT_name("wchar_t")
    8695                      .dwattr $C$DW$T$7, DW_AT_byte_size(0x02)
    8696              
    8697                      .dwendtag $C$DW$TU$7
    8698              
    8699              
    8700              $C$DW$TU$8      .dwtag  DW_TAG_type_unit
    8701                      .dwmtype  $C$DW$T$8
    8702              $C$DW$T$8       .dwtag  DW_TAG_base_type
    8703                      .dwattr $C$DW$T$8, DW_AT_encoding(DW_ATE_signed)
    8704                      .dwattr $C$DW$T$8, DW_AT_name("short")
    8705                      .dwattr $C$DW$T$8, DW_AT_byte_size(0x01)
    8706              
    8707                      .dwendtag $C$DW$TU$8
    8708              
    8709              
    8710              $C$DW$TU$9      .dwtag  DW_TAG_type_unit
    8711                      .dwmtype  $C$DW$T$9
    8712              $C$DW$T$9       .dwtag  DW_TAG_base_type
    8713                      .dwattr $C$DW$T$9, DW_AT_encoding(DW_ATE_unsigned)
    8714                      .dwattr $C$DW$T$9, DW_AT_name("unsigned short")
    8715                      .dwattr $C$DW$T$9, DW_AT_byte_size(0x01)
    8716              
TMS320C2000 Assembler Unix v25.11.0 Sat May 30 20:22:51 2026

Copyright (c) 1996-2018 Texas Instruments Incorporated
main.asm                                                             PAGE  160

    8717                      .dwendtag $C$DW$TU$9
    8718              
    8719              
    8720              $C$DW$TU$112    .dwtag  DW_TAG_type_unit
    8721                      .dwmtype  $C$DW$T$112
    8722              $C$DW$T$112     .dwtag  DW_TAG_typedef
    8723                      .dwattr $C$DW$T$112, DW_AT_name("__uint16_t")
    8724                      .dwattr $C$DW$T$112, DW_AT_type(*$C$DW$T$9)
    8725                      .dwattr $C$DW$T$112, DW_AT_decl_file("/home/jose/ti/ccs2051/ccs/tools/compiler/ti-cgt-c2000_25.11.0.L
    8726                      .dwattr $C$DW$T$112, DW_AT_decl_line(0x41)
    8727                      .dwattr $C$DW$T$112, DW_AT_decl_column(0x1c)
    8728              
    8729                      .dwendtag $C$DW$TU$112
    8730              
    8731              
    8732              $C$DW$TU$113    .dwtag  DW_TAG_type_unit
    8733                      .dwmtype  $C$DW$T$113
    8734              $C$DW$T$113     .dwtag  DW_TAG_typedef
    8735                      .dwattr $C$DW$T$113, DW_AT_name("uint16_t")
    8736                      .dwattr $C$DW$T$113, DW_AT_type(*$C$DW$T$112)
    8737                      .dwattr $C$DW$T$113, DW_AT_decl_file("/home/jose/ti/ccs2051/ccs/tools/compiler/ti-cgt-c2000_25.11.0.L
    8738                      .dwattr $C$DW$T$113, DW_AT_decl_line(0x41)
    8739                      .dwattr $C$DW$T$113, DW_AT_decl_column(0x15)
    8740              
    8741                      .dwendtag $C$DW$TU$113
    8742              
    8743              
    8744              $C$DW$TU$10     .dwtag  DW_TAG_type_unit
    8745                      .dwmtype  $C$DW$T$10
    8746              $C$DW$T$10      .dwtag  DW_TAG_base_type
    8747                      .dwattr $C$DW$T$10, DW_AT_encoding(DW_ATE_signed)
    8748                      .dwattr $C$DW$T$10, DW_AT_name("int")
    8749                      .dwattr $C$DW$T$10, DW_AT_byte_size(0x01)
    8750              
    8751                      .dwendtag $C$DW$TU$10
    8752              
    8753              
    8754              $C$DW$TU$11     .dwtag  DW_TAG_type_unit
    8755                      .dwmtype  $C$DW$T$11
    8756              $C$DW$T$11      .dwtag  DW_TAG_base_type
    8757                      .dwattr $C$DW$T$11, DW_AT_encoding(DW_ATE_unsigned)
    8758                      .dwattr $C$DW$T$11, DW_AT_name("unsigned int")
    8759                      .dwattr $C$DW$T$11, DW_AT_byte_size(0x01)
    8760              
    8761                      .dwendtag $C$DW$TU$11
    8762              
    8763              
    8764              $C$DW$TU$41     .dwtag  DW_TAG_type_unit
    8765                      .dwmtype  $C$DW$T$41
    8766              $C$DW$T$41      .dwtag  DW_TAG_typedef
    8767                      .dwattr $C$DW$T$41, DW_AT_name("Uint16")
    8768                      .dwattr $C$DW$T$41, DW_AT_type(*$C$DW$T$11)
    8769                      .dwattr $C$DW$T$41, DW_AT_decl_file("/home/jose/ti/c2000/C2000Ware_26_01_00_00/device_support/f2837xd
    8770                      .dwattr $C$DW$T$41, DW_AT_decl_line(0x124)
    8771                      .dwattr $C$DW$T$41, DW_AT_decl_column(0x31)
TMS320C2000 Assembler Unix v25.11.0 Sat May 30 20:22:51 2026

Copyright (c) 1996-2018 Texas Instruments Incorporated
main.asm                                                             PAGE  161

    8772              
    8773                      .dwendtag $C$DW$TU$41
    8774              
    8775              
    8776              $C$DW$TU$12     .dwtag  DW_TAG_type_unit
    8777                      .dwmtype  $C$DW$T$12
    8778              $C$DW$T$12      .dwtag  DW_TAG_base_type
    8779                      .dwattr $C$DW$T$12, DW_AT_encoding(DW_ATE_signed)
    8780                      .dwattr $C$DW$T$12, DW_AT_name("long")
    8781                      .dwattr $C$DW$T$12, DW_AT_byte_size(0x02)
    8782              
    8783                      .dwendtag $C$DW$TU$12
    8784              
    8785              
    8786              $C$DW$TU$32     .dwtag  DW_TAG_type_unit
    8787                      .dwmtype  $C$DW$T$32
    8788              $C$DW$T$32      .dwtag  DW_TAG_typedef
    8789                      .dwattr $C$DW$T$32, DW_AT_name("__int32_t")
    8790                      .dwattr $C$DW$T$32, DW_AT_type(*$C$DW$T$12)
    8791                      .dwattr $C$DW$T$32, DW_AT_decl_file("/home/jose/ti/ccs2051/ccs/tools/compiler/ti-cgt-c2000_25.11.0.LT
    8792                      .dwattr $C$DW$T$32, DW_AT_decl_line(0x42)
    8793                      .dwattr $C$DW$T$32, DW_AT_decl_column(0x1d)
    8794              
    8795                      .dwendtag $C$DW$TU$32
    8796              
    8797              
    8798              $C$DW$TU$33     .dwtag  DW_TAG_type_unit
    8799                      .dwmtype  $C$DW$T$33
    8800              $C$DW$T$33      .dwtag  DW_TAG_typedef
    8801                      .dwattr $C$DW$T$33, DW_AT_name("int32_t")
    8802                      .dwattr $C$DW$T$33, DW_AT_type(*$C$DW$T$32)
    8803                      .dwattr $C$DW$T$33, DW_AT_decl_file("/home/jose/ti/ccs2051/ccs/tools/compiler/ti-cgt-c2000_25.11.0.LT
    8804                      .dwattr $C$DW$T$33, DW_AT_decl_line(0x30)
    8805                      .dwattr $C$DW$T$33, DW_AT_decl_column(0x14)
    8806              
    8807                      .dwendtag $C$DW$TU$33
    8808              
    8809              
    8810              $C$DW$TU$13     .dwtag  DW_TAG_type_unit
    8811                      .dwmtype  $C$DW$T$13
    8812              $C$DW$T$13      .dwtag  DW_TAG_base_type
    8813                      .dwattr $C$DW$T$13, DW_AT_encoding(DW_ATE_unsigned)
    8814                      .dwattr $C$DW$T$13, DW_AT_name("unsigned long")
    8815                      .dwattr $C$DW$T$13, DW_AT_byte_size(0x02)
    8816              
    8817                      .dwendtag $C$DW$TU$13
    8818              
    8819              
    8820              $C$DW$TU$30     .dwtag  DW_TAG_type_unit
    8821                      .dwmtype  $C$DW$T$30
    8822              $C$DW$T$30      .dwtag  DW_TAG_typedef
    8823                      .dwattr $C$DW$T$30, DW_AT_name("__uint32_t")
    8824                      .dwattr $C$DW$T$30, DW_AT_type(*$C$DW$T$13)
    8825                      .dwattr $C$DW$T$30, DW_AT_decl_file("/home/jose/ti/ccs2051/ccs/tools/compiler/ti-cgt-c2000_25.11.0.LT
    8826                      .dwattr $C$DW$T$30, DW_AT_decl_line(0x43)
TMS320C2000 Assembler Unix v25.11.0 Sat May 30 20:22:51 2026

Copyright (c) 1996-2018 Texas Instruments Incorporated
main.asm                                                             PAGE  162

    8827                      .dwattr $C$DW$T$30, DW_AT_decl_column(0x1c)
    8828              
    8829                      .dwendtag $C$DW$TU$30
    8830              
    8831              
    8832              $C$DW$TU$31     .dwtag  DW_TAG_type_unit
    8833                      .dwmtype  $C$DW$T$31
    8834              $C$DW$T$31      .dwtag  DW_TAG_typedef
    8835                      .dwattr $C$DW$T$31, DW_AT_name("uint32_t")
    8836                      .dwattr $C$DW$T$31, DW_AT_type(*$C$DW$T$30)
    8837                      .dwattr $C$DW$T$31, DW_AT_decl_file("/home/jose/ti/ccs2051/ccs/tools/compiler/ti-cgt-c2000_25.11.0.LT
    8838                      .dwattr $C$DW$T$31, DW_AT_decl_line(0x46)
    8839                      .dwattr $C$DW$T$31, DW_AT_decl_column(0x15)
    8840              
    8841                      .dwendtag $C$DW$TU$31
    8842              
    8843              
    8844              $C$DW$TU$14     .dwtag  DW_TAG_type_unit
    8845                      .dwmtype  $C$DW$T$14
    8846              $C$DW$T$14      .dwtag  DW_TAG_base_type
    8847                      .dwattr $C$DW$T$14, DW_AT_encoding(DW_ATE_signed)
    8848                      .dwattr $C$DW$T$14, DW_AT_name("long long")
    8849                      .dwattr $C$DW$T$14, DW_AT_byte_size(0x04)
    8850              
    8851                      .dwendtag $C$DW$TU$14
    8852              
    8853              
    8854              $C$DW$TU$15     .dwtag  DW_TAG_type_unit
    8855                      .dwmtype  $C$DW$T$15
    8856              $C$DW$T$15      .dwtag  DW_TAG_base_type
    8857                      .dwattr $C$DW$T$15, DW_AT_encoding(DW_ATE_unsigned)
    8858                      .dwattr $C$DW$T$15, DW_AT_name("unsigned long long")
    8859                      .dwattr $C$DW$T$15, DW_AT_byte_size(0x04)
    8860              
    8861                      .dwendtag $C$DW$TU$15
    8862              
    8863              
    8864              $C$DW$TU$16     .dwtag  DW_TAG_type_unit
    8865                      .dwmtype  $C$DW$T$16
    8866              $C$DW$T$16      .dwtag  DW_TAG_base_type
    8867                      .dwattr $C$DW$T$16, DW_AT_encoding(DW_ATE_float)
    8868                      .dwattr $C$DW$T$16, DW_AT_name("float")
    8869                      .dwattr $C$DW$T$16, DW_AT_byte_size(0x02)
    8870              
    8871                      .dwendtag $C$DW$TU$16
    8872              
    8873              
    8874              $C$DW$TU$17     .dwtag  DW_TAG_type_unit
    8875                      .dwmtype  $C$DW$T$17
    8876              $C$DW$T$17      .dwtag  DW_TAG_base_type
    8877                      .dwattr $C$DW$T$17, DW_AT_encoding(DW_ATE_float)
    8878                      .dwattr $C$DW$T$17, DW_AT_name("double")
    8879                      .dwattr $C$DW$T$17, DW_AT_byte_size(0x04)
    8880              
    8881                      .dwendtag $C$DW$TU$17
TMS320C2000 Assembler Unix v25.11.0 Sat May 30 20:22:51 2026

Copyright (c) 1996-2018 Texas Instruments Incorporated
main.asm                                                             PAGE  163

    8882              
    8883              
    8884              $C$DW$TU$18     .dwtag  DW_TAG_type_unit
    8885                      .dwmtype  $C$DW$T$18
    8886              $C$DW$T$18      .dwtag  DW_TAG_base_type
    8887                      .dwattr $C$DW$T$18, DW_AT_encoding(DW_ATE_float)
    8888                      .dwattr $C$DW$T$18, DW_AT_name("long double")
    8889                      .dwattr $C$DW$T$18, DW_AT_byte_size(0x04)
    8890              
    8891                      .dwendtag $C$DW$TU$18
    8892              
    8893              
    8894              $C$DW$TU$27     .dwtag  DW_TAG_type_unit
    8895                      .dwmtype  $C$DW$T$27
    8896              $C$DW$T$27      .dwtag  DW_TAG_base_type
    8897                      .dwattr $C$DW$T$27, DW_AT_encoding(DW_ATE_unsigned_char)
    8898                      .dwattr $C$DW$T$27, DW_AT_name("unsigned char")
    8899                      .dwattr $C$DW$T$27, DW_AT_byte_size(0x01)
    8900              
    8901                      .dwendtag $C$DW$TU$27
    8902              

No Assembly Errors, No Assembly Warnings
