TMS320C2000 Assembler Unix v25.11.0 Sat May 30 20:22:51 2026

Copyright (c) 1996-2018 Texas Instruments Incorporated
motor_control.asm                                                    PAGE    1

       1              ;***************************************************************
       2              ;* TMS320C2000 G3 C/C++ Codegen                         Unix v25.11.0.LTS *
       3              ;* Date/Time created: Sat May 30 20:22:51 2026                 *
       4              ;***************************************************************
       5                      .compiler_opts --abi=eabi --cla_support=cla1 --diag_wrap=off --float_support=fpu32 --hll_source=on --
       6                      .asg    XAR2, FP
       7              
       8              $C$DW$CU        .dwtag  DW_TAG_compile_unit
       9                      .dwattr $C$DW$CU, DW_AT_name("../imported/app/motor_control.c")
      10                      .dwattr $C$DW$CU, DW_AT_producer("TI TMS320C2000 G3 C/C++ Codegen Unix v25.11.0.LTS Copyright (c) 199
      11                      .dwattr $C$DW$CU, DW_AT_TI_version(0x01)
      12                      .dwattr $C$DW$CU, DW_AT_comp_dir("/home/jose/workspace_ccstheia/foc_f28379d/Debug_BOOSTXL_Teknic_QEP"
      13              
      14              $C$DW$1 .dwtag  DW_TAG_subprogram
      15                      .dwattr $C$DW$1, DW_AT_name("foc_init")
      16                      .dwattr $C$DW$1, DW_AT_linkage_name("foc_init")
      17                      .dwattr $C$DW$1, DW_AT_declaration
      18                      .dwattr $C$DW$1, DW_AT_external
      19                      .dwattr $C$DW$1, DW_AT_decl_file("/home/jose/workspace_ccstheia/foc_f28379d/imported/foc/foc.h")
      20                      .dwattr $C$DW$1, DW_AT_decl_line(0x1f)
      21                      .dwattr $C$DW$1, DW_AT_decl_column(0x07)
      22              $C$DW$2 .dwtag  DW_TAG_formal_parameter
      23                      .dwattr $C$DW$2, DW_AT_type(*$C$DW$T$51)
      24              
      25                      .dwendtag $C$DW$1
      26              
      27              
      28              $C$DW$3 .dwtag  DW_TAG_subprogram
      29                      .dwattr $C$DW$3, DW_AT_name("hal_pwm_set_duties")
      30                      .dwattr $C$DW$3, DW_AT_linkage_name("hal_pwm_set_duties")
      31                      .dwattr $C$DW$3, DW_AT_declaration
      32                      .dwattr $C$DW$3, DW_AT_external
      33                      .dwattr $C$DW$3, DW_AT_decl_file("/home/jose/workspace_ccstheia/foc_f28379d/imported/hal/hal_pwm.h")
      34                      .dwattr $C$DW$3, DW_AT_decl_line(0x0d)
      35                      .dwattr $C$DW$3, DW_AT_decl_column(0x06)
      36              $C$DW$4 .dwtag  DW_TAG_formal_parameter
      37                      .dwattr $C$DW$4, DW_AT_type(*$C$DW$T$49)
      38              
      39                      .dwendtag $C$DW$3
      40              
      41              
      42              $C$DW$5 .dwtag  DW_TAG_subprogram
      43                      .dwattr $C$DW$5, DW_AT_name("hal_pwm_outputs_disable")
      44                      .dwattr $C$DW$5, DW_AT_linkage_name("hal_pwm_outputs_disable")
      45                      .dwattr $C$DW$5, DW_AT_declaration
      46                      .dwattr $C$DW$5, DW_AT_external
      47                      .dwattr $C$DW$5, DW_AT_decl_file("/home/jose/workspace_ccstheia/foc_f28379d/imported/hal/hal_pwm.h")
      48                      .dwattr $C$DW$5, DW_AT_decl_line(0x10)
      49                      .dwattr $C$DW$5, DW_AT_decl_column(0x06)
      50                      .dwendtag $C$DW$5
      51              
      52              
      53              $C$DW$6 .dwtag  DW_TAG_subprogram
      54                      .dwattr $C$DW$6, DW_AT_name("foc_reset")
      55                      .dwattr $C$DW$6, DW_AT_linkage_name("foc_reset")
TMS320C2000 Assembler Unix v25.11.0 Sat May 30 20:22:51 2026

Copyright (c) 1996-2018 Texas Instruments Incorporated
motor_control.asm                                                    PAGE    2

      56                      .dwattr $C$DW$6, DW_AT_declaration
      57                      .dwattr $C$DW$6, DW_AT_external
      58                      .dwattr $C$DW$6, DW_AT_decl_file("/home/jose/workspace_ccstheia/foc_f28379d/imported/foc/foc.h")
      59                      .dwattr $C$DW$6, DW_AT_decl_line(0x20)
      60                      .dwattr $C$DW$6, DW_AT_decl_column(0x07)
      61              $C$DW$7 .dwtag  DW_TAG_formal_parameter
      62                      .dwattr $C$DW$7, DW_AT_type(*$C$DW$T$51)
      63              
      64                      .dwendtag $C$DW$6
      65              
      66              
      67              $C$DW$8 .dwtag  DW_TAG_subprogram
      68                      .dwattr $C$DW$8, DW_AT_name("drv8305_disable")
      69                      .dwattr $C$DW$8, DW_AT_linkage_name("drv8305_disable")
      70                      .dwattr $C$DW$8, DW_AT_declaration
      71                      .dwattr $C$DW$8, DW_AT_external
      72                      .dwattr $C$DW$8, DW_AT_decl_file("/home/jose/workspace_ccstheia/foc_f28379d/imported/hal/drv8305.h")
      73                      .dwattr $C$DW$8, DW_AT_decl_line(0x26)
      74                      .dwattr $C$DW$8, DW_AT_decl_column(0x0a)
      75                      .dwendtag $C$DW$8
      76              
      77              
      78              $C$DW$9 .dwtag  DW_TAG_subprogram
      79                      .dwattr $C$DW$9, DW_AT_name("hal_adc_set_zero_offsets")
      80                      .dwattr $C$DW$9, DW_AT_linkage_name("hal_adc_set_zero_offsets")
      81                      .dwattr $C$DW$9, DW_AT_declaration
      82                      .dwattr $C$DW$9, DW_AT_external
      83                      .dwattr $C$DW$9, DW_AT_decl_file("/home/jose/workspace_ccstheia/foc_f28379d/imported/hal/hal_adc.h")
      84                      .dwattr $C$DW$9, DW_AT_decl_line(0x18)
      85                      .dwattr $C$DW$9, DW_AT_decl_column(0x06)
      86              $C$DW$10        .dwtag  DW_TAG_formal_parameter
      87                      .dwattr $C$DW$10, DW_AT_type(*$C$DW$T$73)
      88              
      89              $C$DW$11        .dwtag  DW_TAG_formal_parameter
      90                      .dwattr $C$DW$11, DW_AT_type(*$C$DW$T$73)
      91              
      92              $C$DW$12        .dwtag  DW_TAG_formal_parameter
      93                      .dwattr $C$DW$12, DW_AT_type(*$C$DW$T$73)
      94              
      95                      .dwendtag $C$DW$9
      96              
      97              
      98              $C$DW$13        .dwtag  DW_TAG_subprogram
      99                      .dwattr $C$DW$13, DW_AT_name("foc_enable_fwc")
     100                      .dwattr $C$DW$13, DW_AT_linkage_name("foc_enable_fwc")
     101                      .dwattr $C$DW$13, DW_AT_declaration
     102                      .dwattr $C$DW$13, DW_AT_external
     103                      .dwattr $C$DW$13, DW_AT_decl_file("/home/jose/workspace_ccstheia/foc_f28379d/imported/foc/foc.h")
     104                      .dwattr $C$DW$13, DW_AT_decl_line(0x22)
     105                      .dwattr $C$DW$13, DW_AT_decl_column(0x07)
     106              $C$DW$14        .dwtag  DW_TAG_formal_parameter
     107                      .dwattr $C$DW$14, DW_AT_type(*$C$DW$T$51)
     108              
     109              $C$DW$15        .dwtag  DW_TAG_formal_parameter
     110                      .dwattr $C$DW$15, DW_AT_type(*$C$DW$T$27)
TMS320C2000 Assembler Unix v25.11.0 Sat May 30 20:22:51 2026

Copyright (c) 1996-2018 Texas Instruments Incorporated
motor_control.asm                                                    PAGE    3

     111              
     112                      .dwendtag $C$DW$13
     113              
     114              
     115              $C$DW$16        .dwtag  DW_TAG_subprogram
     116                      .dwattr $C$DW$16, DW_AT_name("foc_step")
     117                      .dwattr $C$DW$16, DW_AT_linkage_name("foc_step")
     118                      .dwattr $C$DW$16, DW_AT_declaration
     119                      .dwattr $C$DW$16, DW_AT_external
     120                      .dwattr $C$DW$16, DW_AT_decl_file("/home/jose/workspace_ccstheia/foc_f28379d/imported/foc/foc.h")
     121                      .dwattr $C$DW$16, DW_AT_decl_line(0x2a)
     122                      .dwattr $C$DW$16, DW_AT_decl_column(0x06)
     123              $C$DW$17        .dwtag  DW_TAG_formal_parameter
     124                      .dwattr $C$DW$17, DW_AT_type(*$C$DW$T$51)
     125              
     126              $C$DW$18        .dwtag  DW_TAG_formal_parameter
     127                      .dwattr $C$DW$18, DW_AT_type(*$C$DW$T$23)
     128              
     129              $C$DW$19        .dwtag  DW_TAG_formal_parameter
     130                      .dwattr $C$DW$19, DW_AT_type(*$C$DW$T$16)
     131              
     132                      .dwendtag $C$DW$16
     133              
     134              
     135              $C$DW$20        .dwtag  DW_TAG_subprogram
     136                      .dwattr $C$DW$20, DW_AT_name("hal_pwm_outputs_enable")
     137                      .dwattr $C$DW$20, DW_AT_linkage_name("hal_pwm_outputs_enable")
     138                      .dwattr $C$DW$20, DW_AT_declaration
     139                      .dwattr $C$DW$20, DW_AT_external
     140                      .dwattr $C$DW$20, DW_AT_decl_file("/home/jose/workspace_ccstheia/foc_f28379d/imported/hal/hal_pwm.h")
     141                      .dwattr $C$DW$20, DW_AT_decl_line(0x0f)
     142                      .dwattr $C$DW$20, DW_AT_decl_column(0x06)
     143                      .dwendtag $C$DW$20
     144              
     145              
     146              $C$DW$21        .dwtag  DW_TAG_subprogram
     147                      .dwattr $C$DW$21, DW_AT_name("hal_qep_zero_count")
     148                      .dwattr $C$DW$21, DW_AT_linkage_name("hal_qep_zero_count")
     149                      .dwattr $C$DW$21, DW_AT_declaration
     150                      .dwattr $C$DW$21, DW_AT_external
     151                      .dwattr $C$DW$21, DW_AT_decl_file("/home/jose/workspace_ccstheia/foc_f28379d/imported/hal/hal_qep.h")
     152                      .dwattr $C$DW$21, DW_AT_decl_line(0x0a)
     153                      .dwattr $C$DW$21, DW_AT_decl_column(0x0a)
     154                      .dwendtag $C$DW$21
     155              
     156              
     157              $C$DW$22        .dwtag  DW_TAG_subprogram
     158                      .dwattr $C$DW$22, DW_AT_name("foc_set_iq_ref")
     159                      .dwattr $C$DW$22, DW_AT_linkage_name("foc_set_iq_ref")
     160                      .dwattr $C$DW$22, DW_AT_declaration
     161                      .dwattr $C$DW$22, DW_AT_external
     162                      .dwattr $C$DW$22, DW_AT_decl_file("/home/jose/workspace_ccstheia/foc_f28379d/imported/foc/foc.h")
     163                      .dwattr $C$DW$22, DW_AT_decl_line(0x21)
     164                      .dwattr $C$DW$22, DW_AT_decl_column(0x07)
     165              $C$DW$23        .dwtag  DW_TAG_formal_parameter
TMS320C2000 Assembler Unix v25.11.0 Sat May 30 20:22:51 2026

Copyright (c) 1996-2018 Texas Instruments Incorporated
motor_control.asm                                                    PAGE    4

     166                      .dwattr $C$DW$23, DW_AT_type(*$C$DW$T$51)
     167              
     168              $C$DW$24        .dwtag  DW_TAG_formal_parameter
     169                      .dwattr $C$DW$24, DW_AT_type(*$C$DW$T$16)
     170              
     171                      .dwendtag $C$DW$22
     172              
     173              
     174              $C$DW$25        .dwtag  DW_TAG_subprogram
     175                      .dwattr $C$DW$25, DW_AT_name("hal_board_led_blue")
     176                      .dwattr $C$DW$25, DW_AT_linkage_name("hal_board_led_blue")
     177                      .dwattr $C$DW$25, DW_AT_declaration
     178                      .dwattr $C$DW$25, DW_AT_external
     179                      .dwattr $C$DW$25, DW_AT_decl_file("/home/jose/workspace_ccstheia/foc_f28379d/imported/hal/hal_board.h
     180                      .dwattr $C$DW$25, DW_AT_decl_line(0x07)
     181                      .dwattr $C$DW$25, DW_AT_decl_column(0x06)
     182              $C$DW$26        .dwtag  DW_TAG_formal_parameter
     183                      .dwattr $C$DW$26, DW_AT_type(*$C$DW$T$10)
     184              
     185                      .dwendtag $C$DW$25
     186              
     187              
     188              $C$DW$27        .dwtag  DW_TAG_subprogram
     189                      .dwattr $C$DW$27, DW_AT_name("hal_qep_index_event")
     190                      .dwattr $C$DW$27, DW_AT_linkage_name("hal_qep_index_event")
     191                      .dwattr $C$DW$27, DW_AT_type(*$C$DW$T$27)
     192                      .dwattr $C$DW$27, DW_AT_declaration
     193                      .dwattr $C$DW$27, DW_AT_external
     194                      .dwattr $C$DW$27, DW_AT_decl_file("/home/jose/workspace_ccstheia/foc_f28379d/imported/hal/hal_qep.h")
     195                      .dwattr $C$DW$27, DW_AT_decl_line(0x09)
     196                      .dwattr $C$DW$27, DW_AT_decl_column(0x0a)
     197                      .dwendtag $C$DW$27
     198              
     199              
     200              $C$DW$28        .dwtag  DW_TAG_subprogram
     201                      .dwattr $C$DW$28, DW_AT_name("drv8305_is_faulted")
     202                      .dwattr $C$DW$28, DW_AT_linkage_name("drv8305_is_faulted")
     203                      .dwattr $C$DW$28, DW_AT_type(*$C$DW$T$27)
     204                      .dwattr $C$DW$28, DW_AT_declaration
     205                      .dwattr $C$DW$28, DW_AT_external
     206                      .dwattr $C$DW$28, DW_AT_decl_file("/home/jose/workspace_ccstheia/foc_f28379d/imported/hal/drv8305.h")
     207                      .dwattr $C$DW$28, DW_AT_decl_line(0x27)
     208                      .dwattr $C$DW$28, DW_AT_decl_column(0x0a)
     209                      .dwendtag $C$DW$28
     210              
     211              
     212              $C$DW$29        .dwtag  DW_TAG_subprogram
     213                      .dwattr $C$DW$29, DW_AT_name("hal_adc_read_raw_ia")
     214                      .dwattr $C$DW$29, DW_AT_linkage_name("hal_adc_read_raw_ia")
     215                      .dwattr $C$DW$29, DW_AT_type(*$C$DW$T$73)
     216                      .dwattr $C$DW$29, DW_AT_declaration
     217                      .dwattr $C$DW$29, DW_AT_external
     218                      .dwattr $C$DW$29, DW_AT_decl_file("/home/jose/workspace_ccstheia/foc_f28379d/imported/hal/hal_adc.h")
     219                      .dwattr $C$DW$29, DW_AT_decl_line(0x0a)
     220                      .dwattr $C$DW$29, DW_AT_decl_column(0x0a)
TMS320C2000 Assembler Unix v25.11.0 Sat May 30 20:22:51 2026

Copyright (c) 1996-2018 Texas Instruments Incorporated
motor_control.asm                                                    PAGE    5

     221                      .dwendtag $C$DW$29
     222              
     223              
     224              $C$DW$30        .dwtag  DW_TAG_subprogram
     225                      .dwattr $C$DW$30, DW_AT_name("hal_adc_read_raw_ib")
     226                      .dwattr $C$DW$30, DW_AT_linkage_name("hal_adc_read_raw_ib")
     227                      .dwattr $C$DW$30, DW_AT_type(*$C$DW$T$73)
     228                      .dwattr $C$DW$30, DW_AT_declaration
     229                      .dwattr $C$DW$30, DW_AT_external
     230                      .dwattr $C$DW$30, DW_AT_decl_file("/home/jose/workspace_ccstheia/foc_f28379d/imported/hal/hal_adc.h")
     231                      .dwattr $C$DW$30, DW_AT_decl_line(0x0b)
     232                      .dwattr $C$DW$30, DW_AT_decl_column(0x0a)
     233                      .dwendtag $C$DW$30
     234              
     235              
     236              $C$DW$31        .dwtag  DW_TAG_subprogram
     237                      .dwattr $C$DW$31, DW_AT_name("hal_adc_read_raw_ic")
     238                      .dwattr $C$DW$31, DW_AT_linkage_name("hal_adc_read_raw_ic")
     239                      .dwattr $C$DW$31, DW_AT_type(*$C$DW$T$73)
     240                      .dwattr $C$DW$31, DW_AT_declaration
     241                      .dwattr $C$DW$31, DW_AT_external
     242                      .dwattr $C$DW$31, DW_AT_decl_file("/home/jose/workspace_ccstheia/foc_f28379d/imported/hal/hal_adc.h")
     243                      .dwattr $C$DW$31, DW_AT_decl_line(0x0c)
     244                      .dwattr $C$DW$31, DW_AT_decl_column(0x0a)
     245                      .dwendtag $C$DW$31
     246              
     247 00000000               .bss    ||led$7||,1,1,0
     248 00000000               .sect   ".const"
     249                      .align  2
     250                      .elfsym ||step$2||,SYM_SIZE(2),SYM_BLOCKED(1)
     251 00000000       ||step$2||:
     252 00000000 B717          .xfloat $strtod("0x1.a36e2ep-15")               ; step$2 @ 0
         00000001 3851 
     253              
     254 00000000               .data
     255                      .align  2
     256                      .elfsym ||speed_div$3||,SYM_SIZE(2),SYM_BLOCKED(1)
     257 00000000       ||speed_div$3||:
     258 00000000 0000          .bits           0,32
         00000001 0000 
     259                                      ; speed_div$3 @ 0
     260              
     261 00000002               .data
     262                      .align  2
     263                      .elfsym ||hb$4||,SYM_SIZE(2),SYM_BLOCKED(1)
     264 00000002       ||hb$4||:
     265 00000002 0000          .bits           0,32
         00000003 0000 
     266                                      ; hb$4 @ 0
     267              
     268              
     269              $C$DW$32        .dwtag  DW_TAG_subprogram
     270                      .dwattr $C$DW$32, DW_AT_name("hal_qep_read_count")
     271                      .dwattr $C$DW$32, DW_AT_linkage_name("hal_qep_read_count")
     272                      .dwattr $C$DW$32, DW_AT_type(*$C$DW$T$33)
TMS320C2000 Assembler Unix v25.11.0 Sat May 30 20:22:51 2026

Copyright (c) 1996-2018 Texas Instruments Incorporated
motor_control.asm                                                    PAGE    6

     273                      .dwattr $C$DW$32, DW_AT_declaration
     274                      .dwattr $C$DW$32, DW_AT_external
     275                      .dwattr $C$DW$32, DW_AT_decl_file("/home/jose/workspace_ccstheia/foc_f28379d/imported/hal/hal_qep.h")
     276                      .dwattr $C$DW$32, DW_AT_decl_line(0x08)
     277                      .dwattr $C$DW$32, DW_AT_decl_column(0x0a)
     278                      .dwendtag $C$DW$32
     279              
     280 00000002               .sect   ".const"
     281                      .align  2
     282                      .elfsym ||$P$T1$1||,SYM_SIZE(6)
     283 00000002       ||$P$T1$1||:
     284 00000002 0000          .xfloat $strtod("0x1p-1")               ; $P$T1$1.a @ 0
         00000003 3F00 
     285 00000004 0000          .xfloat $strtod("0x1p-1")               ; $P$T1$1.b @ 32
         00000005 3F00 
     286 00000006 0000          .xfloat $strtod("0x1p-1")               ; $P$T1$1.c @ 64
         00000007 3F00 
     287              
     288              $C$DW$33        .dwtag  DW_TAG_variable
     289                      .dwattr $C$DW$33, DW_AT_name("$P$T1$1")
     290                      .dwattr $C$DW$33, DW_AT_linkage_name("$P$T1$1")
     291                      .dwattr $C$DW$33, DW_AT_type(*$C$DW$T$49)
     292                      .dwattr $C$DW$33, DW_AT_location[DW_OP_addr ||$P$T1$1||]
     293                      .dwattr $C$DW$33, DW_AT_decl_file("../imported/app/motor_control.c")
     294                      .dwattr $C$DW$33, DW_AT_decl_line(0x25)
     295                      .dwattr $C$DW$33, DW_AT_decl_column(0x05)
     296              
     297              
     298              $C$DW$34        .dwtag  DW_TAG_subprogram
     299                      .dwattr $C$DW$34, DW_AT_name("hal_adc_read_currents_pu")
     300                      .dwattr $C$DW$34, DW_AT_linkage_name("hal_adc_read_currents_pu")
     301                      .dwattr $C$DW$34, DW_AT_type(*$C$DW$T$23)
     302                      .dwattr $C$DW$34, DW_AT_declaration
     303                      .dwattr $C$DW$34, DW_AT_external
     304                      .dwattr $C$DW$34, DW_AT_decl_file("/home/jose/workspace_ccstheia/foc_f28379d/imported/hal/hal_adc.h")
     305                      .dwattr $C$DW$34, DW_AT_decl_line(0x13)
     306                      .dwattr $C$DW$34, DW_AT_decl_column(0x0b)
     307                      .dwendtag $C$DW$34
     308              
     309 00000008               .sect   ".const"
     310                      .align  2
     311                      .elfsym ||$P$T4$5||,SYM_SIZE(6)
     312 00000008       ||$P$T4$5||:
     313 00000008 0000          .xfloat $strtod("0x1p-1")               ; $P$T4$5.a @ 0
         00000009 3F00 
     314 0000000a 0000          .xfloat $strtod("0x1p-1")               ; $P$T4$5.b @ 32
         0000000b 3F00 
     315 0000000c 0000          .xfloat $strtod("0x1p-1")               ; $P$T4$5.c @ 64
         0000000d 3F00 
     316              
     317              $C$DW$35        .dwtag  DW_TAG_variable
     318                      .dwattr $C$DW$35, DW_AT_name("$P$T4$5")
     319                      .dwattr $C$DW$35, DW_AT_linkage_name("$P$T4$5")
     320                      .dwattr $C$DW$35, DW_AT_type(*$C$DW$T$49)
     321                      .dwattr $C$DW$35, DW_AT_location[DW_OP_addr ||$P$T4$5||]
TMS320C2000 Assembler Unix v25.11.0 Sat May 30 20:22:51 2026

Copyright (c) 1996-2018 Texas Instruments Incorporated
motor_control.asm                                                    PAGE    7

     322                      .dwattr $C$DW$35, DW_AT_decl_file("../imported/app/motor_control.c")
     323                      .dwattr $C$DW$35, DW_AT_decl_line(0x74)
     324                      .dwattr $C$DW$35, DW_AT_decl_column(0x09)
     325              
     326 0000000e               .sect   ".const"
     327                      .align  2
     328                      .elfsym ||$P$T5$6||,SYM_SIZE(6)
     329 0000000e       ||$P$T5$6||:
     330 0000000e 0000          .xfloat $strtod("0x1p-1")               ; $P$T5$6.a @ 0
         0000000f 3F00 
     331 00000010 0000          .xfloat $strtod("0x1p-1")               ; $P$T5$6.b @ 32
         00000011 3F00 
     332 00000012 0000          .xfloat $strtod("0x1p-1")               ; $P$T5$6.c @ 64
         00000013 3F00 
     333              
     334              $C$DW$36        .dwtag  DW_TAG_variable
     335                      .dwattr $C$DW$36, DW_AT_name("$P$T5$6")
     336                      .dwattr $C$DW$36, DW_AT_linkage_name("$P$T5$6")
     337                      .dwattr $C$DW$36, DW_AT_type(*$C$DW$T$49)
     338                      .dwattr $C$DW$36, DW_AT_location[DW_OP_addr ||$P$T5$6||]
     339                      .dwattr $C$DW$36, DW_AT_decl_file("../imported/app/motor_control.c")
     340                      .dwattr $C$DW$36, DW_AT_decl_line(0x9e)
     341                      .dwattr $C$DW$36, DW_AT_decl_column(0x09)
     342              
     343                      .sblock ".bss"
     344                      .sblock ".const"
     345                      .sblock ".data"
     346              ;       /home/jose/ti/ccs2051/ccs/tools/compiler/ti-cgt-c2000_25.11.0.LTS/bin/opt2000 /tmp/TI6WNLgCChn /tmp/T
     347              ;       /home/jose/ti/ccs2051/ccs/tools/compiler/ti-cgt-c2000_25.11.0.LTS/bin/acia2000 -@/tmp/TI6WNkw3mPx 
     348 00000000               .sect   ".text:enter_state"
     349                      .clink
     350              
     351              $C$DW$37        .dwtag  DW_TAG_subprogram
     352                      .dwattr $C$DW$37, DW_AT_name("enter_state")
     353                      .dwattr $C$DW$37, DW_AT_low_pc(||enter_state||)
     354                      .dwattr $C$DW$37, DW_AT_high_pc(0x00)
     355                      .dwattr $C$DW$37, DW_AT_linkage_name("enter_state")
     356                      .dwattr $C$DW$37, DW_AT_decl_file("../imported/app/motor_control.c")
     357                      .dwattr $C$DW$37, DW_AT_decl_line(0x10)
     358                      .dwattr $C$DW$37, DW_AT_decl_column(0x0d)
     359                      .dwattr $C$DW$37, DW_AT_TI_max_frame_size(-2)
     360                      .dwpsn  file "../imported/app/motor_control.c",line 17,column 1,is_stmt,address ||enter_state||,isa 0
     361              
     362                      .dwfde $C$DW$CIE, ||enter_state||
     363              $C$DW$38        .dwtag  DW_TAG_formal_parameter
     364                      .dwattr $C$DW$38, DW_AT_name("m")
     365                      .dwattr $C$DW$38, DW_AT_type(*$C$DW$T$58)
     366                      .dwattr $C$DW$38, DW_AT_location[DW_OP_reg12]
     367              
     368              $C$DW$39        .dwtag  DW_TAG_formal_parameter
     369                      .dwattr $C$DW$39, DW_AT_name("s")
     370                      .dwattr $C$DW$39, DW_AT_type(*$C$DW$T$36)
     371                      .dwattr $C$DW$39, DW_AT_location[DW_OP_reg0]
     372              
     373              
TMS320C2000 Assembler Unix v25.11.0 Sat May 30 20:22:51 2026

Copyright (c) 1996-2018 Texas Instruments Incorporated
motor_control.asm                                                    PAGE    8

     374              ;***************************************************************
     375              ;* FNAME: enter_state                   FR SIZE:   0           *
     376              ;*                                                             *
     377              ;* FUNCTION ENVIRONMENT                                        *
     378              ;*                                                             *
     379              ;* FUNCTION PROPERTIES                                         *
     380              ;*                            0 Parameter,  0 Auto,  0 SOE     *
     381              ;***************************************************************
     382              
     383              ||enter_state||:
     384              ;* AR4   assigned to m
     385              $C$DW$40        .dwtag  DW_TAG_variable
     386                      .dwattr $C$DW$40, DW_AT_name("m")
     387                      .dwattr $C$DW$40, DW_AT_type(*$C$DW$T$59)
     388                      .dwattr $C$DW$40, DW_AT_location[DW_OP_reg12]
     389              
     390              ;* AL    assigned to s
     391              $C$DW$41        .dwtag  DW_TAG_variable
     392                      .dwattr $C$DW$41, DW_AT_name("s")
     393                      .dwattr $C$DW$41, DW_AT_type(*$C$DW$T$41)
     394                      .dwattr $C$DW$41, DW_AT_location[DW_OP_reg0]
     395              
     396                      .dwcfi  cfa_offset, -2
     397                      .dwcfi  save_reg_to_mem, 26, 0
     398                      .dwpsn  file "../imported/app/motor_control.c",line 19,column 5,is_stmt,isa 0
     399 00000000 BE00          MOVB      XAR6,#0               ; [CPU_ALU] |19| 
     400                      .dwpsn  file "../imported/app/motor_control.c",line 18,column 5,is_stmt,isa 0
     401 00000001 96C4          MOV       *+XAR4[0],AL          ; [CPU_ALU] |18| 
     402                      .dwpsn  file "../imported/app/motor_control.c",line 19,column 5,is_stmt,isa 0
     403 00000002 C2E4          MOVL      *+XAR4[4],XAR6        ; [CPU_ALU] |19| 
     404              $C$DW$42        .dwtag  DW_TAG_TI_branch
     405                      .dwattr $C$DW$42, DW_AT_low_pc(0x00)
     406                      .dwattr $C$DW$42, DW_AT_TI_return
     407              
     408 00000003 0006          LRETR     ; [CPU_ALU] 
     409                      ; return occurs ; [] 
     410                      .dwattr $C$DW$37, DW_AT_TI_end_file("../imported/app/motor_control.c")
     411                      .dwattr $C$DW$37, DW_AT_TI_end_line(0x14)
     412                      .dwattr $C$DW$37, DW_AT_TI_end_column(0x01)
     413                      .dwendentry
     414                      .dwendtag $C$DW$37
     415              
     416 00000000               .sect   ".text:motor_ctl_raise_fault"
     417                      .clink
     418                      .global ||motor_ctl_raise_fault||
     419              
     420              $C$DW$43        .dwtag  DW_TAG_subprogram
     421                      .dwattr $C$DW$43, DW_AT_name("motor_ctl_raise_fault")
     422                      .dwattr $C$DW$43, DW_AT_low_pc(||motor_ctl_raise_fault||)
     423                      .dwattr $C$DW$43, DW_AT_high_pc(0x00)
     424                      .dwattr $C$DW$43, DW_AT_linkage_name("motor_ctl_raise_fault")
     425                      .dwattr $C$DW$43, DW_AT_external
     426                      .dwattr $C$DW$43, DW_AT_decl_file("../imported/app/motor_control.c")
     427                      .dwattr $C$DW$43, DW_AT_decl_line(0x3e)
     428                      .dwattr $C$DW$43, DW_AT_decl_column(0x06)
TMS320C2000 Assembler Unix v25.11.0 Sat May 30 20:22:51 2026

Copyright (c) 1996-2018 Texas Instruments Incorporated
motor_control.asm                                                    PAGE    9

     429                      .dwattr $C$DW$43, DW_AT_TI_max_frame_size(-4)
     430                      .dwpsn  file "../imported/app/motor_control.c",line 63,column 1,is_stmt,address ||motor_ctl_raise_fau
     431              
     432                      .dwfde $C$DW$CIE, ||motor_ctl_raise_fault||
     433              $C$DW$44        .dwtag  DW_TAG_formal_parameter
     434                      .dwattr $C$DW$44, DW_AT_name("m")
     435                      .dwattr $C$DW$44, DW_AT_type(*$C$DW$T$58)
     436                      .dwattr $C$DW$44, DW_AT_location[DW_OP_reg12]
     437              
     438              $C$DW$45        .dwtag  DW_TAG_formal_parameter
     439                      .dwattr $C$DW$45, DW_AT_name("flag")
     440                      .dwattr $C$DW$45, DW_AT_type(*$C$DW$T$31)
     441                      .dwattr $C$DW$45, DW_AT_location[DW_OP_reg0]
     442              
     443              
     444              ;***************************************************************
     445              ;* FNAME: motor_ctl_raise_fault         FR SIZE:   2           *
     446              ;*                                                             *
     447              ;* FUNCTION ENVIRONMENT                                        *
     448              ;*                                                             *
     449              ;* FUNCTION PROPERTIES                                         *
     450              ;*                            0 Parameter,  0 Auto,  2 SOE     *
     451              ;***************************************************************
     452              
     453              ||motor_ctl_raise_fault||:
     454              ;* AR1   assigned to m
     455              $C$DW$46        .dwtag  DW_TAG_variable
     456                      .dwattr $C$DW$46, DW_AT_name("m")
     457                      .dwattr $C$DW$46, DW_AT_type(*$C$DW$T$59)
     458                      .dwattr $C$DW$46, DW_AT_location[DW_OP_reg6]
     459              
     460              ;* AL    assigned to flag
     461              $C$DW$47        .dwtag  DW_TAG_variable
     462                      .dwattr $C$DW$47, DW_AT_name("flag")
     463                      .dwattr $C$DW$47, DW_AT_type(*$C$DW$T$103)
     464                      .dwattr $C$DW$47, DW_AT_location[DW_OP_reg0]
     465              
     466                      .dwcfi  cfa_offset, -2
     467                      .dwcfi  save_reg_to_mem, 26, 0
     468 00000000 B2BD          MOVL      *SP++,XAR1            ; [CPU_ALU] 
     469                      .dwcfi  save_reg_to_mem, 7, 2
     470                      .dwcfi  cfa_offset, -4
     471 00000001 8BA4          MOVL      XAR1,XAR4             ; [CPU_ALU] |63| 
     472                      .dwpsn  file "../imported/app/motor_control.c",line 64,column 5,is_stmt,isa 0
     473 00000002 98D1          OR        *+XAR1[2],AL          ; [CPU_ALU] |64| 
     474 00000003 99D9          OR        *+XAR1[3],AH          ; [CPU_ALU] |64| 
     475                      .dwpsn  file "../imported/app/motor_control.c",line 65,column 5,is_stmt,isa 0
     476              $C$DW$48        .dwtag  DW_TAG_TI_branch
     477                      .dwattr $C$DW$48, DW_AT_low_pc(0x00)
     478                      .dwattr $C$DW$48, DW_AT_name("hal_pwm_outputs_disable")
     479                      .dwattr $C$DW$48, DW_AT_TI_call
     480              
     481 00000004 7640!         LCR       #||hal_pwm_outputs_disable|| ; [CPU_ALU] |65| 
         00000005 0000 
     482                      ; call occurs [#||hal_pwm_outputs_disable||] ; [] |65| 
TMS320C2000 Assembler Unix v25.11.0 Sat May 30 20:22:51 2026

Copyright (c) 1996-2018 Texas Instruments Incorporated
motor_control.asm                                                    PAGE   10

     483                      .dwpsn  file "../imported/app/motor_control.c",line 66,column 5,is_stmt,isa 0
     484              $C$DW$49        .dwtag  DW_TAG_TI_branch
     485                      .dwattr $C$DW$49, DW_AT_low_pc(0x00)
     486                      .dwattr $C$DW$49, DW_AT_name("drv8305_disable")
     487                      .dwattr $C$DW$49, DW_AT_TI_call
     488              
     489 00000006 7640!         LCR       #||drv8305_disable||  ; [CPU_ALU] |66| 
         00000007 0000 
     490                      ; call occurs [#||drv8305_disable||] ; [] |66| 
     491                      .dwpsn  file "../imported/app/motor_control.c",line 67,column 5,is_stmt,isa 0
     492 00000008 9A04          MOVB      AL,#4                 ; [CPU_ALU] |67| 
     493 00000009 8AA1          MOVL      XAR4,XAR1             ; [CPU_ALU] |67| 
     494              $C$DW$50        .dwtag  DW_TAG_TI_branch
     495                      .dwattr $C$DW$50, DW_AT_low_pc(0x00)
     496                      .dwattr $C$DW$50, DW_AT_name("enter_state")
     497                      .dwattr $C$DW$50, DW_AT_TI_call
     498              
     499 0000000a 7640!         LCR       #||enter_state||      ; [CPU_ALU] |67| 
         0000000b 0000 
     500                      ; call occurs [#||enter_state||] ; [] |67| 
     501 0000000c 8BBE          MOVL      XAR1,*--SP            ; [CPU_ALU] 
     502                      .dwcfi  cfa_offset, -2
     503                      .dwcfi  restore_reg, 7
     504              $C$DW$51        .dwtag  DW_TAG_TI_branch
     505                      .dwattr $C$DW$51, DW_AT_low_pc(0x00)
     506                      .dwattr $C$DW$51, DW_AT_TI_return
     507              
     508 0000000d 0006          LRETR     ; [CPU_ALU] 
     509                      ; return occurs ; [] 
     510                      .dwattr $C$DW$43, DW_AT_TI_end_file("../imported/app/motor_control.c")
     511                      .dwattr $C$DW$43, DW_AT_TI_end_line(0x44)
     512                      .dwattr $C$DW$43, DW_AT_TI_end_column(0x01)
     513                      .dwendentry
     514                      .dwendtag $C$DW$43
     515              
     516 00000000               .sect   ".text:slew_speed_ramp"
     517                      .clink
     518              
     519              $C$DW$52        .dwtag  DW_TAG_subprogram
     520                      .dwattr $C$DW$52, DW_AT_name("slew_speed_ramp")
     521                      .dwattr $C$DW$52, DW_AT_low_pc(||slew_speed_ramp||)
     522                      .dwattr $C$DW$52, DW_AT_high_pc(0x00)
     523                      .dwattr $C$DW$52, DW_AT_linkage_name("slew_speed_ramp")
     524                      .dwattr $C$DW$52, DW_AT_decl_file("../imported/app/motor_control.c")
     525                      .dwattr $C$DW$52, DW_AT_decl_line(0x47)
     526                      .dwattr $C$DW$52, DW_AT_decl_column(0x0d)
     527                      .dwattr $C$DW$52, DW_AT_TI_max_frame_size(-6)
     528                      .dwpsn  file "../imported/app/motor_control.c",line 72,column 1,is_stmt,address ||slew_speed_ramp||,i
     529              
     530                      .dwfde $C$DW$CIE, ||slew_speed_ramp||
     531              $C$DW$53        .dwtag  DW_TAG_variable
     532                      .dwattr $C$DW$53, DW_AT_name("step")
     533                      .dwattr $C$DW$53, DW_AT_linkage_name("step$2")
     534                      .dwattr $C$DW$53, DW_AT_type(*$C$DW$T$110)
     535                      .dwattr $C$DW$53, DW_AT_location[DW_OP_addr ||step$2||]
TMS320C2000 Assembler Unix v25.11.0 Sat May 30 20:22:51 2026

Copyright (c) 1996-2018 Texas Instruments Incorporated
motor_control.asm                                                    PAGE   11

     536              
     537              $C$DW$54        .dwtag  DW_TAG_formal_parameter
     538                      .dwattr $C$DW$54, DW_AT_name("m")
     539                      .dwattr $C$DW$54, DW_AT_type(*$C$DW$T$58)
     540                      .dwattr $C$DW$54, DW_AT_location[DW_OP_reg12]
     541              
     542              
     543              ;***************************************************************
     544              ;* FNAME: slew_speed_ramp               FR SIZE:   4           *
     545              ;*                                                             *
     546              ;* FUNCTION ENVIRONMENT                                        *
     547              ;*                                                             *
     548              ;* FUNCTION PROPERTIES                                         *
     549              ;*                            2 Parameter,  0 Auto,  2 SOE     *
     550              ;***************************************************************
     551              
     552              ||slew_speed_ramp||:
     553              ;* R2    assigned to $O$C1
     554              ;* R1    assigned to $O$C2
     555              ;* R3    assigned to $O$v2
     556              ;* AR4   assigned to m
     557              $C$DW$55        .dwtag  DW_TAG_variable
     558                      .dwattr $C$DW$55, DW_AT_name("m")
     559                      .dwattr $C$DW$55, DW_AT_type(*$C$DW$T$59)
     560                      .dwattr $C$DW$55, DW_AT_location[DW_OP_reg12]
     561              
     562                      .dwcfi  cfa_offset, -2
     563                      .dwcfi  save_reg_to_mem, 26, 0
     564 00000000 B2BD          MOVL      *SP++,XAR1            ; [CPU_ALU] 
     565                      .dwcfi  save_reg_to_mem, 7, 2
     566                      .dwcfi  cfa_offset, -4
     567 00000001 FE02          ADDB      SP,#2                 ; [CPU_ARAU] 
     568                      .dwcfi  cfa_offset, -6
     569                      .dwpsn  file "../imported/app/motor_control.c",line 75,column 5,is_stmt,isa 0
     570 00000002 D00E          MOVB      XAR0,#14              ; [CPU_ALU] |75| 
     571                      .dwpsn  file "../imported/app/motor_control.c",line 74,column 17,is_stmt,isa 0
     572 00000003 D110          MOVB      XAR1,#16              ; [CPU_ALU] |74| 
     573                      .dwpsn  file "../imported/app/motor_control.c",line 75,column 5,is_stmt,isa 0
     574 00000004 E801          MOVIZ     R0H,#14417            ; [CPU_FPU] |75| 
         00000005 C288 
     575 00000006 E2AF          MOV32     R2H,*+XAR4[AR0]       ; [CPU_FPU] |75| 
         00000007 0294 
     576                      .dwpsn  file "../imported/app/motor_control.c",line 74,column 17,is_stmt,isa 0
     577 00000008 E2AF          MOV32     R3H,*+XAR4[AR1]       ; [CPU_FPU] |74| 
         00000009 039C 
     578                      .dwpsn  file "../imported/app/motor_control.c",line 75,column 5,is_stmt,isa 0
     579 0000000a E720          SUBF32    R1H,R2H,R3H           ; [CPU_FPU] |75| 
         0000000b 00D1 
     580 0000000c E80D          MOVXI     R0H,#46871            ; [CPU_FPU] |75| 
         0000000d B8B8 
     581 0000000e E694          CMPF32    R1H,R0H               ; [CPU_FPU] |75| 
         0000000f 0001 
     582 00000010 AD14          MOVST0    ZF, NF                ; [CPU_FPU] |75| 
     583 00000011 6214          B         ||$C$L2||,GT          ; [CPU_ALU] |75| 
     584                      ; branchcc occurs ; [] |75| 
TMS320C2000 Assembler Unix v25.11.0 Sat May 30 20:22:51 2026

Copyright (c) 1996-2018 Texas Instruments Incorporated
motor_control.asm                                                    PAGE   12

     585                      .dwpsn  file "../imported/app/motor_control.c",line 76,column 10,is_stmt,isa 0
     586 00000012 E805          MOVIZ     R0H,#47185            ; [CPU_FPU] |76| 
         00000013 C288 
     587 00000014 E80D          MOVXI     R0H,#46871            ; [CPU_FPU] |76| 
         00000015 B8B8 
     588 00000016 E694          CMPF32    R1H,R0H               ; [CPU_FPU] |76| 
         00000017 0001 
     589 00000018 AD14          MOVST0    ZF, NF                ; [CPU_FPU] |76| 
     590 00000019 6405          B         ||$C$L1||,LT          ; [CPU_ALU] |76| 
     591                      ; branchcc occurs ; [] |76| 
     592                      .dwpsn  file "../imported/app/motor_control.c",line 77,column 29,is_stmt,isa 0
     593 0000001a D010          MOVB      XAR0,#16              ; [CPU_ALU] |77| 
     594 0000001b E203          MOV32     *+XAR4[AR0],R2H       ; [CPU_FPU] |77| 
         0000001c 0294 
     595 0000001d 6F12          B         ||$C$L4||,UNC         ; [CPU_ALU] |77| 
     596                      ; branch occurs ; [] |77| 
     597 0000001e       ||$C$L1||:    
     598                      .dwpsn  file "../imported/app/motor_control.c",line 76,column 29,is_stmt,isa 0
     599 0000001e E801          MOVIZ     R0H,#14417            ; [CPU_FPU] |76| 
         0000001f C288 
     600 00000020 E80D          MOVXI     R0H,#46871            ; [CPU_FPU] |76| 
         00000021 B8B8 
     601 00000022 E720          SUBF32    R3H,R3H,R0H           ; [CPU_FPU] |76| 
         00000023 001B 
     602 00000024 6F08          B         ||$C$L3||,UNC         ; [CPU_ALU] 
     603                      ; branch occurs ; [] 
     604 00000025       ||$C$L2||:    
     605                      .dwpsn  file "../imported/app/motor_control.c",line 75,column 29,is_stmt,isa 0
     606 00000025 E801          MOVIZ     R2H,#14417            ; [CPU_FPU] |75| 
         00000026 C28A 
     607 00000027 E80D          MOVXI     R2H,#46871            ; [CPU_FPU] |75| 
         00000028 B8BA 
     608 00000029 E710          ADDF32    R3H,R3H,R2H           ; [CPU_FPU] |75| 
         0000002a 009B 
     609 0000002b 7700          NOP       ; [CPU_ALU] 
     610 0000002c       ||$C$L3||:    
     611 0000002c D010          MOVB      XAR0,#16              ; [CPU_ALU] |75| 
     612 0000002d E203          MOV32     *+XAR4[AR0],R3H       ; [CPU_FPU] |75| 
         0000002e 0394 
     613 0000002f       ||$C$L4||:    
     614 0000002f FE82          SUBB      SP,#2                 ; [CPU_ARAU] 
     615                      .dwcfi  cfa_offset, -4
     616 00000030 8BBE          MOVL      XAR1,*--SP            ; [CPU_ALU] 
     617                      .dwcfi  cfa_offset, -2
     618                      .dwcfi  restore_reg, 7
     619              $C$DW$56        .dwtag  DW_TAG_TI_branch
     620                      .dwattr $C$DW$56, DW_AT_low_pc(0x00)
     621                      .dwattr $C$DW$56, DW_AT_TI_return
     622              
     623 00000031 0006          LRETR     ; [CPU_ALU] 
     624                      ; return occurs ; [] 
     625                      .dwattr $C$DW$52, DW_AT_TI_end_file("../imported/app/motor_control.c")
     626                      .dwattr $C$DW$52, DW_AT_TI_end_line(0x4e)
     627                      .dwattr $C$DW$52, DW_AT_TI_end_column(0x01)
     628                      .dwendentry
TMS320C2000 Assembler Unix v25.11.0 Sat May 30 20:22:51 2026

Copyright (c) 1996-2018 Texas Instruments Incorporated
motor_control.asm                                                    PAGE   13

     629                      .dwendtag $C$DW$52
     630              
     631 00000000               .sect   ".text:motor_ctl_step"
     632                      .clink
     633                      .global ||motor_ctl_step||
     634              
     635              $C$DW$57        .dwtag  DW_TAG_subprogram
     636                      .dwattr $C$DW$57, DW_AT_name("motor_ctl_step")
     637                      .dwattr $C$DW$57, DW_AT_low_pc(||motor_ctl_step||)
     638                      .dwattr $C$DW$57, DW_AT_high_pc(0x00)
     639                      .dwattr $C$DW$57, DW_AT_linkage_name("motor_ctl_step")
     640                      .dwattr $C$DW$57, DW_AT_external
     641                      .dwattr $C$DW$57, DW_AT_decl_file("../imported/app/motor_control.c")
     642                      .dwattr $C$DW$57, DW_AT_decl_line(0x50)
     643                      .dwattr $C$DW$57, DW_AT_decl_column(0x06)
     644                      .dwattr $C$DW$57, DW_AT_TI_max_frame_size(-20)
     645                      .dwpsn  file "../imported/app/motor_control.c",line 81,column 1,is_stmt,address ||motor_ctl_step||,is
     646              
     647                      .dwfde $C$DW$CIE, ||motor_ctl_step||
     648              $C$DW$58        .dwtag  DW_TAG_variable
     649                      .dwattr $C$DW$58, DW_AT_name("led")
     650                      .dwattr $C$DW$58, DW_AT_linkage_name("led$7")
     651                      .dwattr $C$DW$58, DW_AT_type(*$C$DW$T$10)
     652                      .dwattr $C$DW$58, DW_AT_location[DW_OP_addr ||led$7||]
     653              
     654              $C$DW$59        .dwtag  DW_TAG_variable
     655                      .dwattr $C$DW$59, DW_AT_name("speed_div")
     656                      .dwattr $C$DW$59, DW_AT_linkage_name("speed_div$3")
     657                      .dwattr $C$DW$59, DW_AT_type(*$C$DW$T$31)
     658                      .dwattr $C$DW$59, DW_AT_location[DW_OP_addr ||speed_div$3||]
     659              
     660              $C$DW$60        .dwtag  DW_TAG_variable
     661                      .dwattr $C$DW$60, DW_AT_name("hb")
     662                      .dwattr $C$DW$60, DW_AT_linkage_name("hb$4")
     663                      .dwattr $C$DW$60, DW_AT_type(*$C$DW$T$31)
     664                      .dwattr $C$DW$60, DW_AT_location[DW_OP_addr ||hb$4||]
     665              
     666              $C$DW$61        .dwtag  DW_TAG_formal_parameter
     667                      .dwattr $C$DW$61, DW_AT_name("m")
     668                      .dwattr $C$DW$61, DW_AT_type(*$C$DW$T$58)
     669                      .dwattr $C$DW$61, DW_AT_location[DW_OP_reg12]
     670              
     671              
     672              ;***************************************************************
     673              ;* FNAME: motor_ctl_step                FR SIZE:  18           *
     674              ;*                                                             *
     675              ;* FUNCTION ENVIRONMENT                                        *
     676              ;*                                                             *
     677              ;* FUNCTION PROPERTIES                                         *
     678              ;*                            2 Parameter,  2 Auto, 14 SOE     *
     679              ;***************************************************************
     680              
     681              ||motor_ctl_step||:
     682              ;* AR2   assigned to $O$C10
     683              ;* AR1   assigned to $O$C11
TMS320C2000 Assembler Unix v25.11.0 Sat May 30 20:22:51 2026

Copyright (c) 1996-2018 Texas Instruments Incorporated
motor_control.asm                                                    PAGE   14

     684              ;* R1    assigned to $O$C12
     685              ;* R3    assigned to $O$C13
     686              ;* R2    assigned to $O$C14
     687              ;* R2    assigned to $O$C15
     688              ;* R0    assigned to $O$C16
     689              ;* R0    assigned to $O$U21
     690              ;* AR2   assigned to $O$K95
     691              ;* PL    assigned to $O$T9
     692              ;* AR6   assigned to $O$v2
     693              ;* AR3   assigned to m
     694              $C$DW$62        .dwtag  DW_TAG_variable
     695                      .dwattr $C$DW$62, DW_AT_name("m")
     696                      .dwattr $C$DW$62, DW_AT_type(*$C$DW$T$59)
     697                      .dwattr $C$DW$62, DW_AT_location[DW_OP_reg10]
     698              
     699              ;* AL    assigned to idx
     700              $C$DW$63        .dwtag  DW_TAG_variable
     701                      .dwattr $C$DW$63, DW_AT_name("idx")
     702                      .dwattr $C$DW$63, DW_AT_type(*$C$DW$T$27)
     703                      .dwattr $C$DW$63, DW_AT_location[DW_OP_reg0]
     704              
     705              ;* R6    assigned to theta
     706              $C$DW$64        .dwtag  DW_TAG_variable
     707                      .dwattr $C$DW$64, DW_AT_name("theta")
     708                      .dwattr $C$DW$64, DW_AT_type(*$C$DW$T$16)
     709                      .dwattr $C$DW$64, DW_AT_location[DW_OP_regx 0x43]
     710              
     711              ;* AR4   assigned to e
     712              $C$DW$65        .dwtag  DW_TAG_variable
     713                      .dwattr $C$DW$65, DW_AT_name("e")
     714                      .dwattr $C$DW$65, DW_AT_type(*$C$DW$T$54)
     715                      .dwattr $C$DW$65, DW_AT_location[DW_OP_reg12]
     716              
     717              ;* AR1   assigned to qpos
     718              $C$DW$66        .dwtag  DW_TAG_variable
     719                      .dwattr $C$DW$66, DW_AT_name("qpos")
     720                      .dwattr $C$DW$66, DW_AT_type(*$C$DW$T$33)
     721                      .dwattr $C$DW$66, DW_AT_location[DW_OP_reg6]
     722              
     723              ;* AL    assigned to delta
     724              $C$DW$67        .dwtag  DW_TAG_variable
     725                      .dwattr $C$DW$67, DW_AT_name("delta")
     726                      .dwattr $C$DW$67, DW_AT_type(*$C$DW$T$33)
     727                      .dwattr $C$DW$67, DW_AT_location[DW_OP_reg0]
     728              
     729              ;* R3    assigned to a
     730              $C$DW$68        .dwtag  DW_TAG_variable
     731                      .dwattr $C$DW$68, DW_AT_name("a")
     732                      .dwattr $C$DW$68, DW_AT_type(*$C$DW$T$16)
     733                      .dwattr $C$DW$68, DW_AT_location[DW_OP_regx 0x37]
     734              
     735              ;* AR6   assigned to c
     736              $C$DW$69        .dwtag  DW_TAG_variable
     737                      .dwattr $C$DW$69, DW_AT_name("c")
     738                      .dwattr $C$DW$69, DW_AT_type(*$C$DW$T$43)
TMS320C2000 Assembler Unix v25.11.0 Sat May 30 20:22:51 2026

Copyright (c) 1996-2018 Texas Instruments Incorporated
motor_control.asm                                                    PAGE   15

     739                      .dwattr $C$DW$69, DW_AT_location[DW_OP_reg16]
     740              
     741              ;* R1    assigned to error
     742              $C$DW$70        .dwtag  DW_TAG_variable
     743                      .dwattr $C$DW$70, DW_AT_name("error")
     744                      .dwattr $C$DW$70, DW_AT_type(*$C$DW$T$16)
     745                      .dwattr $C$DW$70, DW_AT_location[DW_OP_regx 0x2f]
     746              
     747              ;* R2    assigned to u_raw
     748              $C$DW$71        .dwtag  DW_TAG_variable
     749                      .dwattr $C$DW$71, DW_AT_name("u_raw")
     750                      .dwattr $C$DW$71, DW_AT_type(*$C$DW$T$16)
     751                      .dwattr $C$DW$71, DW_AT_location[DW_OP_regx 0x33]
     752              
     753              ;* R0    assigned to u
     754              $C$DW$72        .dwtag  DW_TAG_variable
     755                      .dwattr $C$DW$72, DW_AT_name("u")
     756                      .dwattr $C$DW$72, DW_AT_type(*$C$DW$T$16)
     757                      .dwattr $C$DW$72, DW_AT_location[DW_OP_regx 0x2b]
     758              
     759              $C$DW$73        .dwtag  DW_TAG_variable
     760                      .dwattr $C$DW$73, DW_AT_name("i_abc")
     761                      .dwattr $C$DW$73, DW_AT_type(*$C$DW$T$23)
     762                      .dwattr $C$DW$73, DW_AT_location[DW_OP_breg20 -4]
     763              
     764              ;* R0    assigned to $P$T2
     765              $C$DW$74        .dwtag  DW_TAG_variable
     766                      .dwattr $C$DW$74, DW_AT_name("$P$T2")
     767                      .dwattr $C$DW$74, DW_AT_type(*$C$DW$T$23)
     768                      .dwattr $C$DW$74, DW_AT_location[DW_OP_regx 0x29]
     769              
     770              ;* R0    assigned to $P$T3
     771              $C$DW$75        .dwtag  DW_TAG_variable
     772                      .dwattr $C$DW$75, DW_AT_name("$P$T3")
     773                      .dwattr $C$DW$75, DW_AT_type(*$C$DW$T$23)
     774                      .dwattr $C$DW$75, DW_AT_location[DW_OP_regx 0x29]
     775              
     776                      .dwcfi  cfa_offset, -2
     777                      .dwcfi  save_reg_to_mem, 26, 0
     778 00000000 B2BD          MOVL      *SP++,XAR1            ; [CPU_ALU] 
     779                      .dwcfi  save_reg_to_mem, 7, 2
     780                      .dwcfi  cfa_offset, -4
     781 00000001 AABD          MOVL      *SP++,XAR2            ; [CPU_ALU] 
     782                      .dwcfi  save_reg_to_mem, 9, 4
     783                      .dwcfi  cfa_offset, -6
     784 00000002 A2BD          MOVL      *SP++,XAR3            ; [CPU_ALU] 
     785                      .dwcfi  save_reg_to_mem, 11, 6
     786                      .dwcfi  cfa_offset, -8
     787 00000003 E203          MOV32     *SP++,R4H             ; [CPU_FPU] 
         00000004 04BD 
     788                      .dwcfi  save_reg_to_mem, 59, 8
     789                      .dwcfi  cfa_offset, -10
     790 00000005 E203          MOV32     *SP++,R5H             ; [CPU_FPU] 
         00000006 05BD 
     791                      .dwcfi  save_reg_to_mem, 63, 10
TMS320C2000 Assembler Unix v25.11.0 Sat May 30 20:22:51 2026

Copyright (c) 1996-2018 Texas Instruments Incorporated
motor_control.asm                                                    PAGE   16

     792                      .dwcfi  cfa_offset, -12
     793 00000007 E203          MOV32     *SP++,R6H             ; [CPU_FPU] 
         00000008 06BD 
     794                      .dwcfi  save_reg_to_mem, 67, 12
     795                      .dwcfi  cfa_offset, -14
     796 00000009 E203          MOV32     *SP++,R7H             ; [CPU_FPU] 
         0000000a 07BD 
     797                      .dwcfi  save_reg_to_mem, 71, 14
     798                      .dwcfi  cfa_offset, -16
     799 0000000b FE04          ADDB      SP,#4                 ; [CPU_ARAU] 
     800                      .dwcfi  cfa_offset, -20
     801 0000000c 82A4          MOVL      XAR3,XAR4             ; [CPU_ALU] |81| 
     802                      .dwpsn  file "../imported/app/motor_control.c",line 86,column 21,is_stmt,isa 0
     803              $C$DW$76        .dwtag  DW_TAG_TI_branch
     804                      .dwattr $C$DW$76, DW_AT_low_pc(0x00)
     805                      .dwattr $C$DW$76, DW_AT_name("hal_adc_read_currents_pu")
     806                      .dwattr $C$DW$76, DW_AT_TI_call
     807              
     808 0000000d 7640!         LCR       #||hal_adc_read_currents_pu|| ; [CPU_ALU] |86| 
         0000000e 0000 
     809                      ; call occurs [#||hal_adc_read_currents_pu||] ; [] |86| 
     810 0000000f E6CF          MOV32     R5H,R1H               ; [CPU_FPU] |86| 
         00000010 000D 
     811 00000011 E6CF          MOV32     R4H,R2H               ; [CPU_FPU] |86| 
         00000012 0014 
     812 00000013 E203          MOV32     *-SP[4],R0H           ; [CPU_FPU] |86| 
         00000014 0044 
     813                      .dwpsn  file "../imported/app/motor_control.c",line 87,column 21,is_stmt,isa 0
     814              $C$DW$77        .dwtag  DW_TAG_TI_branch
     815                      .dwattr $C$DW$77, DW_AT_low_pc(0x00)
     816                      .dwattr $C$DW$77, DW_AT_name("hal_qep_read_count")
     817                      .dwattr $C$DW$77, DW_AT_TI_call
     818              
     819 00000015 7640!         LCR       #||hal_qep_read_count|| ; [CPU_ALU] |87| 
         00000016 0000 
     820                      ; call occurs [#||hal_qep_read_count||] ; [] |87| 
     821 00000017 8BA9          MOVL      XAR1,ACC              ; [CPU_ALU] |87| 
     822                      .dwpsn  file "../imported/app/motor_control.c",line 88,column 21,is_stmt,isa 0
     823              $C$DW$78        .dwtag  DW_TAG_TI_branch
     824                      .dwattr $C$DW$78, DW_AT_low_pc(0x00)
     825                      .dwattr $C$DW$78, DW_AT_name("hal_qep_index_event")
     826                      .dwattr $C$DW$78, DW_AT_TI_call
     827              
     828 00000018 7640!         LCR       #||hal_qep_index_event|| ; [CPU_ALU] |88| 
         00000019 0000 
     829                      ; call occurs [#||hal_qep_index_event||] ; [] |88| 
     830                      .dwpsn  file "/home/jose/workspace_ccstheia/foc_f28379d/imported/foc/encoder.h",line 36,column 12,is_
     831 0000001a E802          MOVIZ     R6H,#16585            ; [CPU_FPU] |36| 
         0000001b 064E 
     832                      .dwpsn  file "/home/jose/workspace_ccstheia/foc_f28379d/imported/foc/encoder.h",line 35,column 1,is_s
     833 0000001c BDA1          MOV32     R1H,XAR1              ; [CPU_FPU] |35| 
         0000001d 0F16 
     834                      .dwpsn  file "/home/jose/workspace_ccstheia/foc_f28379d/imported/foc/encoder.h",line 48,column 5,is_s
     835 0000001e 5200          CMPB      AL,#0                 ; [CPU_ALU] |48| 
     836                      .dwpsn  file "/home/jose/workspace_ccstheia/foc_f28379d/imported/foc/encoder.h",line 48,column 24,is_
TMS320C2000 Assembler Unix v25.11.0 Sat May 30 20:22:51 2026

Copyright (c) 1996-2018 Texas Instruments Incorporated
motor_control.asm                                                    PAGE   17

     837 0000001f 56B0          MOVB      XAR0,#106,NEQ         ; [CPU_ALU] |48| 
         00000020 6AA0 
     838                      .dwpsn  file "/home/jose/workspace_ccstheia/foc_f28379d/imported/foc/encoder.h",line 47,column 1,is_s
     839 00000021 8AA3          MOVL      XAR4,XAR3             ; [CPU_ALU] |47| 
     840                      .dwpsn  file "/home/jose/workspace_ccstheia/foc_f28379d/imported/foc/encoder.h",line 36,column 12,is_
     841 00000022 E808          MOVXI     R6H,#4059             ; [CPU_FPU] |36| 
         00000023 7EDE 
     842                      .dwpsn  file "/home/jose/workspace_ccstheia/foc_f28379d/imported/foc/encoder.h",line 35,column 1,is_s
     843 00000024 E689          I32TOF32  R2H,R1H               ; [CPU_FPU] |35| 
         00000025 000A 
     844                      .dwpsn  file "/home/jose/workspace_ccstheia/foc_f28379d/imported/foc/encoder.h",line 48,column 24,is_
     845 00000026 56B0          MOVB      *+XAR3[AR0],#1,NEQ    ; [CPU_ALU] |48| 
         00000027 0193 
     846                      .dwpsn  file "/home/jose/workspace_ccstheia/foc_f28379d/imported/foc/encoder.h",line 47,column 1,is_s
     847 00000028 DC64          ADDB      XAR4,#100             ; [CPU_ALU] |47| 
     848                      .dwpsn  file "/home/jose/workspace_ccstheia/foc_f28379d/imported/foc/encoder.h",line 50,column 19,is_
     849 00000029 D008          MOVB      XAR0,#8               ; [CPU_ALU] |50| 
     850                      .dwpsn  file "/home/jose/workspace_ccstheia/foc_f28379d/imported/foc/encoder.h",line 35,column 1,is_s
     851 0000002a E284          UI32TOF32 R0H,*+XAR4[0]         ; [CPU_FPU] |35| 
         0000002b 00C4 
     852 0000002c E802          MOVIZ     R1H,#16585            ; [CPU_FPU] |35| 
         0000002d 0649 
     853 0000002e E284          UI32TOF32 R3H,*+XAR4[2]         ; [CPU_FPU] |35| 
         0000002f 03D4 
     854                      .dwpsn  file "/home/jose/workspace_ccstheia/foc_f28379d/imported/foc/encoder.h",line 36,column 12,is_
     855 00000030 E274          DIVF32    R7H,R2H,R0H           ; [CPU_FPU] |36| 
         00000031 0017 
     856                      .dwpsn  file "/home/jose/workspace_ccstheia/foc_f28379d/imported/foc/encoder.h",line 50,column 19,is_
     857 00000032 B2A9          MOVL      ACC,XAR1              ; [CPU_ALU] |50| 
     858                      .dwpsn  file "/home/jose/workspace_ccstheia/foc_f28379d/imported/foc/encoder.h",line 35,column 1,is_s
     859 00000033 E808          MOVXI     R1H,#4059             ; [CPU_FPU] |35| 
         00000034 7ED9 
     860                      .dwpsn  file "/home/jose/workspace_ccstheia/foc_f28379d/imported/foc/encoder.h",line 50,column 19,is_
     861 00000035 0394          SUBL      ACC,*+XAR4[AR0]       ; [CPU_ALU] |50| 
     862                      .dwpsn  file "/home/jose/workspace_ccstheia/foc_f28379d/imported/foc/encoder.h",line 35,column 1,is_s
     863 00000036 E274          DIVF32    R2H,R2H,R0H           ; [CPU_FPU] |35| 
         00000037 0012 
     864                      .dwpsn  file "/home/jose/workspace_ccstheia/foc_f28379d/imported/foc/encoder.h",line 36,column 12,is_
     865 00000038 E700          MPYF32    R6H,R6H,R7H           ; [CPU_FPU] |36| 
         00000039 01F6 
     866                      .dwpsn  file "/home/jose/workspace_ccstheia/foc_f28379d/imported/foc/encoder.h",line 51,column 5,is_s
     867 0000003a D008          MOVB      XAR0,#8               ; [CPU_ALU] |51| 
     868                      .dwpsn  file "/home/jose/workspace_ccstheia/foc_f28379d/imported/foc/encoder.h",line 36,column 12,is_
     869 0000003b E700          MPYF32    R6H,R3H,R6H           ; [CPU_FPU] |36| 
         0000003c 019E 
     870                      .dwpsn  file "/home/jose/workspace_ccstheia/foc_f28379d/imported/foc/encoder.h",line 51,column 5,is_s
     871 0000003d B294          MOVL      *+XAR4[AR0],XAR1      ; [CPU_ALU] |51| 
     872                      .dwpsn  file "/home/jose/workspace_ccstheia/foc_f28379d/imported/foc/encoder.h",line 35,column 1,is_s
     873 0000003e E700          MPYF32    R7H,R1H,R2H           ; [CPU_FPU] |35| 
         0000003f 008F 
     874                      .dwpsn  file "/home/jose/workspace_ccstheia/foc_f28379d/imported/foc/encoder.h",line 36,column 12,is_
     875 00000040 E802          MOVIZ     R1H,#16585            ; [CPU_FPU] |36| 
         00000041 0649 
     876 00000042 E808          MOVXI     R1H,#4059             ; [CPU_FPU] |36| 
         00000043 7ED9 
TMS320C2000 Assembler Unix v25.11.0 Sat May 30 20:22:51 2026

Copyright (c) 1996-2018 Texas Instruments Incorporated
motor_control.asm                                                    PAGE   18

     877                      .dwpsn  file "/home/jose/workspace_ccstheia/foc_f28379d/imported/foc/encoder.h",line 35,column 1,is_s
     878              
     879                      MOV32     R2H,*+XAR4[4]         ; [CPU_FPU] |35| 
     880 00000044 E30E  ||      MPYF32    R3H,R3H,R7H           ; [CPU_FPU] |35| 
         00000045 DAE4 
     881              
     882                      .dwpsn  file "/home/jose/workspace_ccstheia/foc_f28379d/imported/foc/encoder.h",line 36,column 12,is_
     883 00000046 E710          ADDF32    R6H,R6H,R2H           ; [CPU_FPU] |36| 
         00000047 00B6 
     884                      .dwpsn  file "/home/jose/workspace_ccstheia/foc_f28379d/imported/foc/encoder.h",line 35,column 1,is_s
     885 00000048 E710          ADDF32    R3H,R3H,R2H           ; [CPU_FPU] |35| 
         00000049 009B 
     886                      .dwpsn  file "/home/jose/workspace_ccstheia/foc_f28379d/imported/foc/encoder.h",line 36,column 12,is_
     887 0000004a E694          CMPF32    R6H,R1H               ; [CPU_FPU] |36| 
         0000004b 000E 
     888 0000004c AD14          MOVST0    ZF, NF                ; [CPU_FPU] |36| 
     889 0000004d 6471          B         ||$C$L6||,LT          ; [CPU_ALU] |36| 
     890                      ; branchcc occurs ; [] |36| 
     891 0000004e       ||$C$L5||:    
     892 0000004e E802          MOVIZ     R2H,#16585            ; [CPU_FPU] |36| 
         0000004f 064A 
     893 00000050 E802          MOVIZ     R1H,#16585            ; [CPU_FPU] |36| 
         00000051 0649 
     894 00000052 E808          MOVXI     R2H,#4059             ; [CPU_FPU] |36| 
         00000053 7EDA 
     895 00000054 E720          SUBF32    R3H,R3H,R2H           ; [CPU_FPU] |36| 
         00000055 009B 
     896 00000056 E808          MOVXI     R1H,#4059             ; [CPU_FPU] |36| 
         00000057 7ED9 
     897 00000058 E694          CMPF32    R3H,R1H               ; [CPU_FPU] |36| 
         00000059 000B 
     898 0000005a AD14          MOVST0    ZF, NF                ; [CPU_FPU] |36| 
     899 0000005b 6463          B         ||$C$L6||,LT          ; [CPU_ALU] |36| 
     900                      ; branchcc occurs ; [] |36| 
     901 0000005c E802          MOVIZ     R2H,#16585            ; [CPU_FPU] |36| 
         0000005d 064A 
     902 0000005e E802          MOVIZ     R1H,#16585            ; [CPU_FPU] |36| 
         0000005f 0649 
     903 00000060 E808          MOVXI     R2H,#4059             ; [CPU_FPU] |36| 
         00000061 7EDA 
     904 00000062 E720          SUBF32    R3H,R3H,R2H           ; [CPU_FPU] |36| 
         00000063 009B 
     905 00000064 E808          MOVXI     R1H,#4059             ; [CPU_FPU] |36| 
         00000065 7ED9 
     906 00000066 E694          CMPF32    R3H,R1H               ; [CPU_FPU] |36| 
         00000067 000B 
     907 00000068 AD14          MOVST0    ZF, NF                ; [CPU_FPU] |36| 
     908 00000069 6455          B         ||$C$L6||,LT          ; [CPU_ALU] |36| 
     909                      ; branchcc occurs ; [] |36| 
     910 0000006a E802          MOVIZ     R2H,#16585            ; [CPU_FPU] |36| 
         0000006b 064A 
     911 0000006c E802          MOVIZ     R1H,#16585            ; [CPU_FPU] |36| 
         0000006d 0649 
     912 0000006e E808          MOVXI     R2H,#4059             ; [CPU_FPU] |36| 
         0000006f 7EDA 
TMS320C2000 Assembler Unix v25.11.0 Sat May 30 20:22:51 2026

Copyright (c) 1996-2018 Texas Instruments Incorporated
motor_control.asm                                                    PAGE   19

     913 00000070 E720          SUBF32    R3H,R3H,R2H           ; [CPU_FPU] |36| 
         00000071 009B 
     914 00000072 E808          MOVXI     R1H,#4059             ; [CPU_FPU] |36| 
         00000073 7ED9 
     915 00000074 E694          CMPF32    R3H,R1H               ; [CPU_FPU] |36| 
         00000075 000B 
     916 00000076 AD14          MOVST0    ZF, NF                ; [CPU_FPU] |36| 
     917 00000077 6447          B         ||$C$L6||,LT          ; [CPU_ALU] |36| 
     918                      ; branchcc occurs ; [] |36| 
     919 00000078 E802          MOVIZ     R2H,#16585            ; [CPU_FPU] |36| 
         00000079 064A 
     920 0000007a E802          MOVIZ     R1H,#16585            ; [CPU_FPU] |36| 
         0000007b 0649 
     921 0000007c E808          MOVXI     R2H,#4059             ; [CPU_FPU] |36| 
         0000007d 7EDA 
     922 0000007e E720          SUBF32    R3H,R3H,R2H           ; [CPU_FPU] |36| 
         0000007f 009B 
     923 00000080 E808          MOVXI     R1H,#4059             ; [CPU_FPU] |36| 
         00000081 7ED9 
     924 00000082 E694          CMPF32    R3H,R1H               ; [CPU_FPU] |36| 
         00000083 000B 
     925 00000084 AD14          MOVST0    ZF, NF                ; [CPU_FPU] |36| 
     926 00000085 6439          B         ||$C$L6||,LT          ; [CPU_ALU] |36| 
     927                      ; branchcc occurs ; [] |36| 
     928 00000086 E802          MOVIZ     R2H,#16585            ; [CPU_FPU] |36| 
         00000087 064A 
     929 00000088 E802          MOVIZ     R1H,#16585            ; [CPU_FPU] |36| 
         00000089 0649 
     930 0000008a E808          MOVXI     R2H,#4059             ; [CPU_FPU] |36| 
         0000008b 7EDA 
     931 0000008c E720          SUBF32    R3H,R3H,R2H           ; [CPU_FPU] |36| 
         0000008d 009B 
     932 0000008e E808          MOVXI     R1H,#4059             ; [CPU_FPU] |36| 
         0000008f 7ED9 
     933 00000090 E694          CMPF32    R3H,R1H               ; [CPU_FPU] |36| 
         00000091 000B 
     934 00000092 AD14          MOVST0    ZF, NF                ; [CPU_FPU] |36| 
     935 00000093 642B          B         ||$C$L6||,LT          ; [CPU_ALU] |36| 
     936                      ; branchcc occurs ; [] |36| 
     937 00000094 E802          MOVIZ     R2H,#16585            ; [CPU_FPU] |36| 
         00000095 064A 
     938 00000096 E802          MOVIZ     R1H,#16585            ; [CPU_FPU] |36| 
         00000097 0649 
     939 00000098 E808          MOVXI     R2H,#4059             ; [CPU_FPU] |36| 
         00000099 7EDA 
     940 0000009a E720          SUBF32    R3H,R3H,R2H           ; [CPU_FPU] |36| 
         0000009b 009B 
     941 0000009c E808          MOVXI     R1H,#4059             ; [CPU_FPU] |36| 
         0000009d 7ED9 
     942 0000009e E694          CMPF32    R3H,R1H               ; [CPU_FPU] |36| 
         0000009f 000B 
     943 000000a0 AD14          MOVST0    ZF, NF                ; [CPU_FPU] |36| 
     944 000000a1 641D          B         ||$C$L6||,LT          ; [CPU_ALU] |36| 
     945                      ; branchcc occurs ; [] |36| 
     946 000000a2 E802          MOVIZ     R2H,#16585            ; [CPU_FPU] |36| 
TMS320C2000 Assembler Unix v25.11.0 Sat May 30 20:22:51 2026

Copyright (c) 1996-2018 Texas Instruments Incorporated
motor_control.asm                                                    PAGE   20

         000000a3 064A 
     947 000000a4 E802          MOVIZ     R1H,#16585            ; [CPU_FPU] |36| 
         000000a5 0649 
     948 000000a6 E808          MOVXI     R2H,#4059             ; [CPU_FPU] |36| 
         000000a7 7EDA 
     949 000000a8 E720          SUBF32    R3H,R3H,R2H           ; [CPU_FPU] |36| 
         000000a9 009B 
     950 000000aa E808          MOVXI     R1H,#4059             ; [CPU_FPU] |36| 
         000000ab 7ED9 
     951 000000ac E694          CMPF32    R3H,R1H               ; [CPU_FPU] |36| 
         000000ad 000B 
     952 000000ae AD14          MOVST0    ZF, NF                ; [CPU_FPU] |36| 
     953 000000af 640F          B         ||$C$L6||,LT          ; [CPU_ALU] |36| 
     954                      ; branchcc occurs ; [] |36| 
     955 000000b0 E802          MOVIZ     R2H,#16585            ; [CPU_FPU] |36| 
         000000b1 064A 
     956 000000b2 E802          MOVIZ     R1H,#16585            ; [CPU_FPU] |36| 
         000000b3 0649 
     957 000000b4 E808          MOVXI     R2H,#4059             ; [CPU_FPU] |36| 
         000000b5 7EDA 
     958 000000b6 E720          SUBF32    R3H,R3H,R2H           ; [CPU_FPU] |36| 
         000000b7 009B 
     959 000000b8 E808          MOVXI     R1H,#4059             ; [CPU_FPU] |36| 
         000000b9 7ED9 
     960 000000ba E694          CMPF32    R3H,R1H               ; [CPU_FPU] |36| 
         000000bb 000B 
     961 000000bc AD14          MOVST0    ZF, NF                ; [CPU_FPU] |36| 
     962 000000bd 6391          B         ||$C$L5||,GEQ         ; [CPU_ALU] |36| 
     963                      ; branchcc occurs ; [] |36| 
     964 000000be       ||$C$L6||:    
     965                      .dwpsn  file "/home/jose/workspace_ccstheia/foc_f28379d/imported/foc/encoder.h",line 37,column 12,is_
     966 000000be E5A3          CMPF32    R3H,#0                ; [CPU_FPU] |37| 
     967 000000bf AD14          MOVST0    ZF, NF                ; [CPU_FPU] |37| 
     968 000000c0 6351          B         ||$C$L8||,GEQ         ; [CPU_ALU] |37| 
     969                      ; branchcc occurs ; [] |37| 
     970 000000c1       ||$C$L7||:    
     971 000000c1 E802          MOVIZ     R2H,#16585            ; [CPU_FPU] |37| 
         000000c2 064A 
     972 000000c3 E808          MOVXI     R2H,#4059             ; [CPU_FPU] |37| 
         000000c4 7EDA 
     973 000000c5 E710          ADDF32    R3H,R3H,R2H           ; [CPU_FPU] |37| 
         000000c6 009B 
     974 000000c7 7700          NOP       ; [CPU_ALU] 
     975 000000c8 E5A3          CMPF32    R3H,#0                ; [CPU_FPU] |37| 
     976 000000c9 AD14          MOVST0    ZF, NF                ; [CPU_FPU] |37| 
     977 000000ca 6347          B         ||$C$L8||,GEQ         ; [CPU_ALU] |37| 
     978                      ; branchcc occurs ; [] |37| 
     979 000000cb E802          MOVIZ     R2H,#16585            ; [CPU_FPU] |37| 
         000000cc 064A 
     980 000000cd E808          MOVXI     R2H,#4059             ; [CPU_FPU] |37| 
         000000ce 7EDA 
     981 000000cf E710          ADDF32    R3H,R3H,R2H           ; [CPU_FPU] |37| 
         000000d0 009B 
     982 000000d1 7700          NOP       ; [CPU_ALU] 
     983 000000d2 E5A3          CMPF32    R3H,#0                ; [CPU_FPU] |37| 
TMS320C2000 Assembler Unix v25.11.0 Sat May 30 20:22:51 2026

Copyright (c) 1996-2018 Texas Instruments Incorporated
motor_control.asm                                                    PAGE   21

     984 000000d3 AD14          MOVST0    ZF, NF                ; [CPU_FPU] |37| 
     985 000000d4 633D          B         ||$C$L8||,GEQ         ; [CPU_ALU] |37| 
     986                      ; branchcc occurs ; [] |37| 
     987 000000d5 E802          MOVIZ     R2H,#16585            ; [CPU_FPU] |37| 
         000000d6 064A 
     988 000000d7 E808          MOVXI     R2H,#4059             ; [CPU_FPU] |37| 
         000000d8 7EDA 
     989 000000d9 E710          ADDF32    R3H,R3H,R2H           ; [CPU_FPU] |37| 
         000000da 009B 
     990 000000db 7700          NOP       ; [CPU_ALU] 
     991 000000dc E5A3          CMPF32    R3H,#0                ; [CPU_FPU] |37| 
     992 000000dd AD14          MOVST0    ZF, NF                ; [CPU_FPU] |37| 
     993 000000de 6333          B         ||$C$L8||,GEQ         ; [CPU_ALU] |37| 
     994                      ; branchcc occurs ; [] |37| 
     995 000000df E802          MOVIZ     R2H,#16585            ; [CPU_FPU] |37| 
         000000e0 064A 
     996 000000e1 E808          MOVXI     R2H,#4059             ; [CPU_FPU] |37| 
         000000e2 7EDA 
     997 000000e3 E710          ADDF32    R3H,R3H,R2H           ; [CPU_FPU] |37| 
         000000e4 009B 
     998 000000e5 7700          NOP       ; [CPU_ALU] 
     999 000000e6 E5A3          CMPF32    R3H,#0                ; [CPU_FPU] |37| 
    1000 000000e7 AD14          MOVST0    ZF, NF                ; [CPU_FPU] |37| 
    1001 000000e8 6329          B         ||$C$L8||,GEQ         ; [CPU_ALU] |37| 
    1002                      ; branchcc occurs ; [] |37| 
    1003 000000e9 E802          MOVIZ     R2H,#16585            ; [CPU_FPU] |37| 
         000000ea 064A 
    1004 000000eb E808          MOVXI     R2H,#4059             ; [CPU_FPU] |37| 
         000000ec 7EDA 
    1005 000000ed E710          ADDF32    R3H,R3H,R2H           ; [CPU_FPU] |37| 
         000000ee 009B 
    1006 000000ef 7700          NOP       ; [CPU_ALU] 
    1007 000000f0 E5A3          CMPF32    R3H,#0                ; [CPU_FPU] |37| 
    1008 000000f1 AD14          MOVST0    ZF, NF                ; [CPU_FPU] |37| 
    1009 000000f2 631F          B         ||$C$L8||,GEQ         ; [CPU_ALU] |37| 
    1010                      ; branchcc occurs ; [] |37| 
    1011 000000f3 E802          MOVIZ     R2H,#16585            ; [CPU_FPU] |37| 
         000000f4 064A 
    1012 000000f5 E808          MOVXI     R2H,#4059             ; [CPU_FPU] |37| 
         000000f6 7EDA 
    1013 000000f7 E710          ADDF32    R3H,R3H,R2H           ; [CPU_FPU] |37| 
         000000f8 009B 
    1014 000000f9 7700          NOP       ; [CPU_ALU] 
    1015 000000fa E5A3          CMPF32    R3H,#0                ; [CPU_FPU] |37| 
    1016 000000fb AD14          MOVST0    ZF, NF                ; [CPU_FPU] |37| 
    1017 000000fc 6315          B         ||$C$L8||,GEQ         ; [CPU_ALU] |37| 
    1018                      ; branchcc occurs ; [] |37| 
    1019 000000fd E802          MOVIZ     R2H,#16585            ; [CPU_FPU] |37| 
         000000fe 064A 
    1020 000000ff E808          MOVXI     R2H,#4059             ; [CPU_FPU] |37| 
         00000100 7EDA 
    1021 00000101 E710          ADDF32    R3H,R3H,R2H           ; [CPU_FPU] |37| 
         00000102 009B 
    1022 00000103 7700          NOP       ; [CPU_ALU] 
    1023 00000104 E5A3          CMPF32    R3H,#0                ; [CPU_FPU] |37| 
TMS320C2000 Assembler Unix v25.11.0 Sat May 30 20:22:51 2026

Copyright (c) 1996-2018 Texas Instruments Incorporated
motor_control.asm                                                    PAGE   22

    1024 00000105 AD14          MOVST0    ZF, NF                ; [CPU_FPU] |37| 
    1025 00000106 630B          B         ||$C$L8||,GEQ         ; [CPU_ALU] |37| 
    1026                      ; branchcc occurs ; [] |37| 
    1027 00000107 E802          MOVIZ     R2H,#16585            ; [CPU_FPU] |37| 
         00000108 064A 
    1028 00000109 E808          MOVXI     R2H,#4059             ; [CPU_FPU] |37| 
         0000010a 7EDA 
    1029 0000010b E710          ADDF32    R3H,R3H,R2H           ; [CPU_FPU] |37| 
         0000010c 009B 
    1030 0000010d 7700          NOP       ; [CPU_ALU] 
    1031 0000010e E5A3          CMPF32    R3H,#0                ; [CPU_FPU] |37| 
    1032 0000010f AD14          MOVST0    ZF, NF                ; [CPU_FPU] |37| 
    1033 00000110 64B1          B         ||$C$L7||,LT          ; [CPU_ALU] |37| 
    1034                      ; branchcc occurs ; [] |37| 
    1035 00000111       ||$C$L8||:    
    1036                      .dwpsn  file "/home/jose/workspace_ccstheia/foc_f28379d/imported/foc/encoder.h",line 61,column 5,is_s
    1037 00000111 BDA9          MOV32     R1H,ACC               ; [CPU_FPU] |61| 
         00000112 0F16 
    1038 00000113 7700          NOP       ; [CPU_ALU] 
    1039 00000114 7700          NOP       ; [CPU_ALU] 
    1040                      .dwpsn  file "/home/jose/workspace_ccstheia/foc_f28379d/imported/foc/encoder.h",line 56,column 5,is_s
    1041 00000115 D00A          MOVB      XAR0,#10              ; [CPU_ALU] |56| 
    1042                      .dwpsn  file "/home/jose/workspace_ccstheia/foc_f28379d/imported/foc/encoder.h",line 61,column 5,is_s
    1043 00000116 E802          MOVIZ     R7H,#18076            ; [CPU_FPU] |61| 
         00000117 34E7 
    1044 00000118 E689          I32TOF32  R1H,R1H               ; [CPU_FPU] |61| 
         00000119 0009 
    1045                      .dwpsn  file "/home/jose/workspace_ccstheia/foc_f28379d/imported/foc/encoder.h",line 56,column 5,is_s
    1046 0000011a E203          MOV32     *+XAR4[AR0],R3H       ; [CPU_FPU] |56| 
         0000011b 0394 
    1047                      .dwpsn  file "/home/jose/workspace_ccstheia/foc_f28379d/imported/foc/encoder.h",line 61,column 5,is_s
    1048 0000011c E801          MOVIZ     R6H,#14673            ; [CPU_FPU] |61| 
         0000011d CA8E 
    1049 0000011e E274          DIVF32    R1H,R1H,R0H           ; [CPU_FPU] |61| 
         0000011f 0009 
    1050 00000120 E80A          MOVXI     R7H,#16384            ; [CPU_FPU] |61| 
         00000121 0007 
    1051 00000122 D00C          MOVB      XAR0,#12              ; [CPU_ALU] |61| 
    1052 00000123 E801          MOVIZ     R3H,#15019            ; [CPU_FPU] |61| 
         00000124 D55B 
    1053 00000125 D10C          MOVB      XAR1,#12              ; [CPU_ALU] |61| 
    1054 00000126 E700          MPYF32    R0H,R7H,R1H           ; [CPU_FPU] |61| 
         00000127 0078 
    1055 00000128 E80D          MOVXI     R6H,#46871            ; [CPU_FPU] |61| 
         00000129 B8BE 
    1056 0000012a E850          MPYF32    R1H,R0H,#17008        ; [CPU_FPU] |61| 
         0000012b 9C01 
    1057                      .dwpsn  file "../imported/app/motor_control.c",line 91,column 5,is_stmt,isa 0
    1058 0000012c 0201          MOVB      ACC,#1                ; [CPU_ALU] |91| 
    1059                      .dwpsn  file "/home/jose/workspace_ccstheia/foc_f28379d/imported/foc/encoder.h",line 61,column 5,is_s
    1060 0000012d E700          MPYF32    R0H,R6H,R1H           ; [CPU_FPU] |61| 
         0000012e 0070 
    1061 0000012f E2AF          MOV32     R1H,*+XAR4[AR0]       ; [CPU_FPU] |61| 
         00000130 0194 
    1062 00000131 E720          SUBF32    R2H,R0H,R1H           ; [CPU_FPU] |61| 
TMS320C2000 Assembler Unix v25.11.0 Sat May 30 20:22:51 2026

Copyright (c) 1996-2018 Texas Instruments Incorporated
motor_control.asm                                                    PAGE   23

         00000132 0042 
    1063 00000133 E809          MOVXI     R3H,#8363             ; [CPU_FPU] |61| 
         00000134 055B 
    1064 00000135 E700          MPYF32    R0H,R3H,R2H           ; [CPU_FPU] |61| 
         00000136 0098 
    1065                      .dwpsn  file "/home/jose/workspace_ccstheia/foc_f28379d/imported/foc/encoder.h",line 63,column 5,is_s
    1066 00000137 D00A          MOVB      XAR0,#10              ; [CPU_ALU] |63| 
    1067                      .dwpsn  file "/home/jose/workspace_ccstheia/foc_f28379d/imported/foc/encoder.h",line 61,column 5,is_s
    1068 00000138 E710          ADDF32    R0H,R0H,R1H           ; [CPU_FPU] |61| 
         00000139 0040 
    1069                      .dwpsn  file "/home/jose/workspace_ccstheia/foc_f28379d/imported/foc/encoder.h",line 63,column 5,is_s
    1070 0000013a E2AF          MOV32     R6H,*+XAR4[AR0]       ; [CPU_FPU] |63| 
         0000013b 0694 
    1071                      .dwpsn  file "/home/jose/workspace_ccstheia/foc_f28379d/imported/foc/encoder.h",line 61,column 5,is_s
    1072 0000013c E203          MOV32     *+XAR4[AR1],R0H       ; [CPU_FPU] |61| 
         0000013d 009C 
    1073                      .dwpsn  file "../imported/app/motor_control.c",line 91,column 5,is_stmt,isa 0
    1074 0000013e 5601          ADDL      *+XAR3[4],ACC         ; [CPU_ALU] |91| 
         0000013f 00E3 
    1075                      .dwpsn  file "../imported/app/motor_control.c",line 94,column 5,is_stmt,isa 0
    1076              $C$DW$79        .dwtag  DW_TAG_TI_branch
    1077                      .dwattr $C$DW$79, DW_AT_low_pc(0x00)
    1078                      .dwattr $C$DW$79, DW_AT_name("drv8305_is_faulted")
    1079                      .dwattr $C$DW$79, DW_AT_TI_call
    1080              
    1081 00000140 7640!         LCR       #||drv8305_is_faulted|| ; [CPU_ALU] |94| 
         00000141 0000 
    1082                      ; call occurs [#||drv8305_is_faulted||] ; [] |94| 
    1083 00000142 5200          CMPB      AL,#0                 ; [CPU_ALU] |94| 
    1084 00000143 6108          B         ||$C$L9||,EQ          ; [CPU_ALU] |94| 
    1085                      ; branchcc occurs ; [] |94| 
    1086 00000144 92C3          MOV       AL,*+XAR3[0]          ; [CPU_ALU] |94| 
    1087 00000145 5204          CMPB      AL,#4                 ; [CPU_ALU] |94| 
    1088 00000146 6105          B         ||$C$L9||,EQ          ; [CPU_ALU] |94| 
    1089                      ; branchcc occurs ; [] |94| 
    1090                      .dwpsn  file "../imported/app/motor_control.c",line 95,column 9,is_stmt,isa 0
    1091 00000147 8AA3          MOVL      XAR4,XAR3             ; [CPU_ALU] |95| 
    1092 00000148 0208          MOVB      ACC,#8                ; [CPU_ALU] |95| 
    1093              $C$DW$80        .dwtag  DW_TAG_TI_branch
    1094                      .dwattr $C$DW$80, DW_AT_low_pc(0x00)
    1095                      .dwattr $C$DW$80, DW_AT_name("motor_ctl_raise_fault")
    1096                      .dwattr $C$DW$80, DW_AT_TI_call
    1097              
    1098 00000149 7640!         LCR       #||motor_ctl_raise_fault|| ; [CPU_ALU] |95| 
         0000014a 0000 
    1099                      ; call occurs [#||motor_ctl_raise_fault||] ; [] |95| 
    1100 0000014b       ||$C$L9||:    
    1101                      .dwpsn  file "../imported/app/motor_control.c",line 98,column 5,is_stmt,isa 0
    1102 0000014b 92C3          MOV       AL,*+XAR3[0]          ; [CPU_ALU] |98| 
    1103 0000014c 5202          CMPB      AL,#2                 ; [CPU_ALU] |98| 
    1104 0000014d 620B          B         ||$C$L10||,GT         ; [CPU_ALU] |98| 
    1105                      ; branchcc occurs ; [] |98| 
    1106 0000014e 5202          CMPB      AL,#2                 ; [CPU_ALU] |98| 
    1107 0000014f 6179          B         ||$C$L13||,EQ         ; [CPU_ALU] |98| 
    1108                      ; branchcc occurs ; [] |98| 
TMS320C2000 Assembler Unix v25.11.0 Sat May 30 20:22:51 2026

Copyright (c) 1996-2018 Texas Instruments Incorporated
motor_control.asm                                                    PAGE   24

    1109 00000150 5200          CMPB      AL,#0                 ; [CPU_ALU] |98| 
    1110 00000151 FFE1          B         ||$C$L17||,EQ         ; [CPU_ALU] |98| 
         00000152 00E3 
    1111                      ; branchcc occurs ; [] |98| 
    1112 00000153 5201          CMPB      AL,#1                 ; [CPU_ALU] |98| 
    1113 00000154 FFE1          B         ||$C$L14||,EQ         ; [CPU_ALU] |98| 
         00000155 00A5 
    1114                      ; branchcc occurs ; [] |98| 
    1115 00000156 FFEF          B         ||$C$L19||,UNC        ; [CPU_ALU] |98| 
         00000157 00E8 
    1116                      ; branch occurs ; [] |98| 
    1117 00000158       ||$C$L10||:    
    1118 00000158 5203          CMPB      AL,#3                 ; [CPU_ALU] |98| 
    1119 00000159 6106          B         ||$C$L11||,EQ         ; [CPU_ALU] |98| 
    1120                      ; branchcc occurs ; [] |98| 
    1121 0000015a 5204          CMPB      AL,#4                 ; [CPU_ALU] |98| 
    1122 0000015b FFE1          B         ||$C$L16||,EQ         ; [CPU_ALU] |98| 
         0000015c 00D0 
    1123                      ; branchcc occurs ; [] |98| 
    1124 0000015d FFEF          B         ||$C$L19||,UNC        ; [CPU_ALU] |98| 
         0000015e 00E1 
    1125                      ; branch occurs ; [] |98| 
    1126 0000015f       ||$C$L11||:    
    1127                      .dwpsn  file "../imported/app/motor_control.c",line 138,column 9,is_stmt,isa 0
    1128 0000015f 8AA3          MOVL      XAR4,XAR3             ; [CPU_ALU] |138| 
    1129              $C$DW$81        .dwtag  DW_TAG_TI_branch
    1130                      .dwattr $C$DW$81, DW_AT_low_pc(0x00)
    1131                      .dwattr $C$DW$81, DW_AT_name("slew_speed_ramp")
    1132                      .dwattr $C$DW$81, DW_AT_TI_call
    1133              
    1134 00000160 7640!         LCR       #||slew_speed_ramp||  ; [CPU_ALU] |138| 
         00000161 0000 
    1135                      ; call occurs [#||slew_speed_ramp||] ; [] |138| 
    1136                      .dwpsn  file "../imported/app/motor_control.c",line 141,column 9,is_stmt,isa 0
    1137 00000162 0201          MOVB      ACC,#1                ; [CPU_ALU] |141| 
    1138 00000163 761F!         MOVW      DP,#||speed_div$3||   ; [CPU_ARAU] 
         00000164 0000 
    1139 00000165 0700!         ADDL      ACC,@||speed_div$3||  ; [CPU_ALU] |141| 
    1140 00000166 1EA6          MOVL      XAR6,ACC              ; [CPU_ALU] |141| 
    1141 00000167 1E00!         MOVL      @||speed_div$3||,ACC  ; [CPU_ALU] |141| 
    1142 00000168 021E          MOVB      ACC,#30               ; [CPU_ALU] |141| 
    1143 00000169 0FA6          CMPL      ACC,XAR6              ; [CPU_ALU] |141| 
    1144 0000016a 6631          B         ||$C$L12||,HI         ; [CPU_ALU] |141| 
    1145                      ; branchcc occurs ; [] |141| 
    1146                      .dwpsn  file "/home/jose/workspace_ccstheia/foc_f28379d/imported/foc/pi.h",line 36,column 1,is_stmt,i
    1147 0000016b D070          MOVB      XAR0,#112             ; [CPU_ALU] |36| 
    1148 0000016c E2AF          MOV32     R0H,*+XAR3[AR0]       ; [CPU_FPU] |36| 
         0000016d 0093 
    1149                      .dwpsn  file "/home/jose/workspace_ccstheia/foc_f28379d/imported/foc/pi.h",line 37,column 17,is_stmt,
    1150 0000016e D160          MOVB      XAR1,#96              ; [CPU_ALU] |37| 
    1151                      .dwpsn  file "/home/jose/workspace_ccstheia/foc_f28379d/imported/foc/pi.h",line 36,column 1,is_stmt,i
    1152 0000016f C4A3          MOVL      XAR6,XAR3             ; [CPU_ALU] |36| 
    1153 00000170 D010          MOVB      XAR0,#16              ; [CPU_ALU] |36| 
    1154                      .dwpsn  file "../imported/app/motor_control.c",line 142,column 13,is_stmt,isa 0
    1155 00000171 0200          MOVB      ACC,#0                ; [CPU_ALU] |142| 
TMS320C2000 Assembler Unix v25.11.0 Sat May 30 20:22:51 2026

Copyright (c) 1996-2018 Texas Instruments Incorporated
motor_control.asm                                                    PAGE   25

    1156                      .dwpsn  file "/home/jose/workspace_ccstheia/foc_f28379d/imported/foc/pi.h",line 36,column 1,is_stmt,i
    1157 00000172 E2AF          MOV32     R1H,*+XAR3[AR0]       ; [CPU_FPU] |36| 
         00000173 0193 
    1158                      .dwpsn  file "/home/jose/workspace_ccstheia/foc_f28379d/imported/foc/pi.h",line 37,column 17,is_stmt,
    1159 00000174 E2AF          MOV32     R2H,*+XAR3[AR1]       ; [CPU_FPU] |37| 
         00000175 029B 
    1160 00000176 D058          MOVB      XAR0,#88              ; [CPU_ALU] |37| 
    1161                      .dwpsn  file "/home/jose/workspace_ccstheia/foc_f28379d/imported/foc/pi.h",line 36,column 1,is_stmt,i
    1162 00000177 DE58          ADDB      XAR6,#88              ; [CPU_ALU] |36| 
    1163                      .dwpsn  file "../imported/app/motor_control.c",line 144,column 13,is_stmt,isa 0
    1164 00000178 DC12          ADDB      XAR4,#18              ; [CPU_ALU] |144| 
    1165                      .dwpsn  file "/home/jose/workspace_ccstheia/foc_f28379d/imported/foc/pi.h",line 36,column 1,is_stmt,i
    1166              
    1167                      MOV32     R0H,*+XAR3[AR0]       ; [CPU_FPU] |37| 
    1168 00000179 E320  ||      SUBF32    R1H,R1H,R0H           ; [CPU_FPU] |36| 
         0000017a 4893 
    1169              
    1170                      .dwpsn  file "../imported/app/motor_control.c",line 142,column 13,is_stmt,isa 0
    1171 0000017b 1E00!         MOVL      @||speed_div$3||,ACC  ; [CPU_FPU] |142| 
    1172                      .dwpsn  file "/home/jose/workspace_ccstheia/foc_f28379d/imported/foc/pi.h",line 37,column 17,is_stmt,
    1173              
    1174 0000017c E300          MPYF32    R0H,R1H,R0H           ; [CPU_FPU] |37| 
         0000017d 43F6 
    1175              ||      MOV32     R3H,*+XAR6[6]         ; [CPU_FPU] |39| 
    1176              
    1177                      .dwpsn  file "/home/jose/workspace_ccstheia/foc_f28379d/imported/foc/pi.h",line 42,column 5,is_stmt,i
    1178 0000017e 83A6          MOVL      XAR5,XAR6             ; [CPU_FPU] |42| 
    1179                      .dwpsn  file "/home/jose/workspace_ccstheia/foc_f28379d/imported/foc/pi.h",line 37,column 17,is_stmt,
    1180              
    1181 0000017f E310          ADDF32    R2H,R2H,R0H           ; [CPU_FPU] |37| 
         00000180 97E6 
    1182              ||      MOV32     R7H,*+XAR6[4]         ; [CPU_FPU] |40| 
    1183              
    1184                      .dwpsn  file "/home/jose/workspace_ccstheia/foc_f28379d/imported/foc/speed_loop.h",line 27,column 5,i
    1185 00000181 D062          MOVB      XAR0,#98              ; [CPU_FPU] |27| 
    1186                      .dwpsn  file "/home/jose/workspace_ccstheia/foc_f28379d/imported/foc/pi.h",line 38,column 17,is_stmt,
    1187 00000182 E6CF          MOV32     R0H,R2H               ; [CPU_FPU] |38| 
         00000183 0010 
    1188                      .dwpsn  file "/home/jose/workspace_ccstheia/foc_f28379d/imported/foc/pi.h",line 39,column 30,is_stmt,
    1189 00000184 E697          MINF32    R0H,R3H               ; [CPU_FPU] |39| 
         00000185 0018 
    1190                      .dwpsn  file "/home/jose/workspace_ccstheia/foc_f28379d/imported/foc/pi.h",line 42,column 5,is_stmt,i
    1191 00000186 E2AF          MOV32     R3H,*+XAR6[2]         ; [CPU_FPU] |42| 
         00000187 03D6 
    1192                      .dwpsn  file "/home/jose/workspace_ccstheia/foc_f28379d/imported/foc/pi.h",line 40,column 30,is_stmt,
    1193 00000188 E696          MAXF32    R0H,R7H               ; [CPU_FPU] |40| 
         00000189 0038 
    1194                      .dwpsn  file "/home/jose/workspace_ccstheia/foc_f28379d/imported/foc/pi.h",line 42,column 5,is_stmt,i
    1195 0000018a E700          MPYF32    R1H,R1H,R3H           ; [CPU_FPU] |42| 
         0000018b 00C9 
    1196 0000018c E720          SUBF32    R2H,R0H,R2H           ; [CPU_FPU] |42| 
         0000018d 0082 
    1197 0000018e DD08          ADDB      XAR5,#8               ; [CPU_ALU] |42| 
    1198 0000018f E710          ADDF32    R2H,R2H,R1H           ; [CPU_FPU] |42| 
         00000190 0052 
TMS320C2000 Assembler Unix v25.11.0 Sat May 30 20:22:51 2026

Copyright (c) 1996-2018 Texas Instruments Incorporated
motor_control.asm                                                    PAGE   26

    1199 00000191 E2AF          MOV32     R7H,*+XAR5[0]         ; [CPU_FPU] |42| 
         00000192 07C5 
    1200 00000193 E710          ADDF32    R1H,R2H,R7H           ; [CPU_FPU] |42| 
         00000194 01D1 
    1201                      .dwpsn  file "/home/jose/workspace_ccstheia/foc_f28379d/imported/foc/speed_loop.h",line 27,column 5,i
    1202 00000195 E203          MOV32     *+XAR3[AR0],R0H       ; [CPU_FPU] |27| 
         00000196 0093 
    1203                      .dwpsn  file "/home/jose/workspace_ccstheia/foc_f28379d/imported/foc/pi.h",line 42,column 5,is_stmt,i
    1204 00000197 E203          MOV32     *+XAR5[0],R1H         ; [CPU_FPU] |42| 
         00000198 01C5 
    1205                      .dwpsn  file "../imported/app/motor_control.c",line 144,column 13,is_stmt,isa 0
    1206              $C$DW$82        .dwtag  DW_TAG_TI_branch
    1207                      .dwattr $C$DW$82, DW_AT_low_pc(0x00)
    1208                      .dwattr $C$DW$82, DW_AT_name("foc_set_iq_ref")
    1209                      .dwattr $C$DW$82, DW_AT_TI_call
    1210              
    1211 00000199 7640!         LCR       #||foc_set_iq_ref||   ; [CPU_ALU] |144| 
         0000019a 0000 
    1212                      ; call occurs [#||foc_set_iq_ref||] ; [] |144| 
    1213 0000019b       ||$C$L12||:    
    1214                      .dwpsn  file "../imported/app/motor_control.c",line 148,column 9,is_stmt,isa 0
    1215 0000019b D070          MOVB      XAR0,#112             ; [CPU_ALU] |148| 
    1216 0000019c E801          MOVIZ     R0H,#16204            ; [CPU_FPU] |148| 
         0000019d FA60 
    1217 0000019e 8BA3          MOVL      XAR1,XAR3             ; [CPU_ALU] |148| 
    1218 0000019f E2AF          MOV32     R1H,*+XAR3[AR0]       ; [CPU_FPU] |148| 
         000001a0 0193 
    1219 000001a1 9A00          MOVB      AL,#0                 ; [CPU_ALU] |148| 
    1220 000001a2 E80E          MOVXI     R0H,#52429            ; [CPU_FPU] |148| 
         000001a3 6668 
    1221 000001a4 E695          ABSF32    R1H,R1H               ; [CPU_FPU] |148| 
         000001a5 0009 
    1222 000001a6 D912          ADDB      XAR1,#18              ; [CPU_ALU] |148| 
    1223 000001a7 E694          CMPF32    R1H,R0H               ; [CPU_FPU] |148| 
         000001a8 0001 
    1224 000001a9 AD14          MOVST0    ZF, NF                ; [CPU_FPU] |148| 
    1225 000001aa 8AA1          MOVL      XAR4,XAR1             ; [CPU_ALU] |148| 
    1226 000001ab 56B2          MOVB      AL,#1,GT              ; [CPU_ALU] |148| 
         000001ac 01A9 
    1227              $C$DW$83        .dwtag  DW_TAG_TI_branch
    1228                      .dwattr $C$DW$83, DW_AT_low_pc(0x00)
    1229                      .dwattr $C$DW$83, DW_AT_name("foc_enable_fwc")
    1230                      .dwattr $C$DW$83, DW_AT_TI_call
    1231              
    1232 000001ad 7640!         LCR       #||foc_enable_fwc||   ; [CPU_ALU] |148| 
         000001ae 0000 
    1233                      ; call occurs [#||foc_enable_fwc||] ; [] |148| 
    1234                      .dwpsn  file "../imported/app/motor_control.c",line 150,column 9,is_stmt,isa 0
    1235 000001af D012          MOVB      XAR0,#18              ; [CPU_ALU] |150| 
    1236 000001b0 E590          ZERO      R0H                   ; [CPU_FPU] |150| 
    1237 000001b1 E203          MOV32     *+XAR3[AR0],R0H       ; [CPU_FPU] |150| 
         000001b2 0093 
    1238                      .dwpsn  file "../imported/app/motor_control.c",line 151,column 9,is_stmt,isa 0
    1239 000001b3 E6CF          MOV32     R1H,R5H               ; [CPU_FPU] |151| 
         000001b4 0029 
TMS320C2000 Assembler Unix v25.11.0 Sat May 30 20:22:51 2026

Copyright (c) 1996-2018 Texas Instruments Incorporated
motor_control.asm                                                    PAGE   27

    1240 000001b5 E6CF          MOV32     R2H,R4H               ; [CPU_FPU] |151| 
         000001b6 0022 
    1241 000001b7 E6CF          MOV32     R3H,R6H               ; [CPU_FPU] |151| 
         000001b8 0033 
    1242 000001b9 8AA1          MOVL      XAR4,XAR1             ; [CPU_ALU] |151| 
    1243 000001ba E2AF          MOV32     R0H,*-SP[4]           ; [CPU_FPU] |151| 
         000001bb 0044 
    1244              $C$DW$84        .dwtag  DW_TAG_TI_branch
    1245                      .dwattr $C$DW$84, DW_AT_low_pc(0x00)
    1246                      .dwattr $C$DW$84, DW_AT_name("foc_step")
    1247                      .dwattr $C$DW$84, DW_AT_TI_call
    1248              
    1249 000001bc 7640!         LCR       #||foc_step||         ; [CPU_ALU] |151| 
         000001bd 0000 
    1250                      ; call occurs [#||foc_step||] ; [] |151| 
    1251                      .dwpsn  file "../imported/app/motor_control.c",line 152,column 9,is_stmt,isa 0
    1252 000001be D130          MOVB      XAR1,#48              ; [CPU_ALU] |152| 
    1253 000001bf D02E          MOVB      XAR0,#46              ; [CPU_ALU] |152| 
    1254 000001c0 E2AF          MOV32     R0H,*+XAR3[AR0]       ; [CPU_FPU] |152| 
         000001c1 0093 
    1255 000001c2 D032          MOVB      XAR0,#50              ; [CPU_ALU] |152| 
    1256 000001c3 E2AF          MOV32     R1H,*+XAR3[AR1]       ; [CPU_FPU] |152| 
         000001c4 019B 
    1257 000001c5 E2AF          MOV32     R2H,*+XAR3[AR0]       ; [CPU_FPU] |152| 
         000001c6 0293 
    1258                      .dwpsn  file "../imported/app/motor_control.c",line 153,column 9,is_stmt,isa 0
    1259 000001c7 6F75          B         ||$C$L18||,UNC        ; [CPU_ALU] |153| 
    1260                      ; branch occurs ; [] |153| 
    1261 000001c8       ||$C$L13||:    
    1262                      .dwpsn  file "../imported/app/motor_control.c",line 122,column 9,is_stmt,isa 0
    1263 000001c8 D112          MOVB      XAR1,#18              ; [CPU_ALU] |122| 
    1264 000001c9 E801          MOVIZ     R0H,#16000            ; [CPU_FPU] |122| 
         000001ca F400 
    1265                      .dwpsn  file "../imported/app/motor_control.c",line 123,column 9,is_stmt,isa 0
    1266 000001cb D014          MOVB      XAR0,#20              ; [CPU_ALU] |123| 
    1267 000001cc E591          ZERO      R1H                   ; [CPU_FPU] |123| 
    1268                      .dwpsn  file "../imported/app/motor_control.c",line 124,column 9,is_stmt,isa 0
    1269 000001cd 86A3          MOVL      XAR2,XAR3             ; [CPU_ALU] |124| 
    1270 000001ce 9A00          MOVB      AL,#0                 ; [CPU_ALU] |124| 
    1271                      .dwpsn  file "../imported/app/motor_control.c",line 122,column 9,is_stmt,isa 0
    1272 000001cf E203          MOV32     *+XAR3[AR1],R0H       ; [CPU_FPU] |122| 
         000001d0 009B 
    1273                      .dwpsn  file "../imported/app/motor_control.c",line 123,column 9,is_stmt,isa 0
    1274 000001d1 E203          MOV32     *+XAR3[AR0],R1H       ; [CPU_FPU] |123| 
         000001d2 0193 
    1275                      .dwpsn  file "../imported/app/motor_control.c",line 124,column 9,is_stmt,isa 0
    1276 000001d3 DA12          ADDB      XAR2,#18              ; [CPU_ALU] |124| 
    1277 000001d4 8AA2          MOVL      XAR4,XAR2             ; [CPU_ALU] |124| 
    1278              $C$DW$85        .dwtag  DW_TAG_TI_branch
    1279                      .dwattr $C$DW$85, DW_AT_low_pc(0x00)
    1280                      .dwattr $C$DW$85, DW_AT_name("foc_enable_fwc")
    1281                      .dwattr $C$DW$85, DW_AT_TI_call
    1282              
    1283 000001d5 7640!         LCR       #||foc_enable_fwc||   ; [CPU_ALU] |124| 
         000001d6 0000 
TMS320C2000 Assembler Unix v25.11.0 Sat May 30 20:22:51 2026

Copyright (c) 1996-2018 Texas Instruments Incorporated
motor_control.asm                                                    PAGE   28

    1284                      ; call occurs [#||foc_enable_fwc||] ; [] |124| 
    1285                      .dwpsn  file "../imported/app/motor_control.c",line 125,column 9,is_stmt,isa 0
    1286 000001d7 E593          ZERO      R3H                   ; [CPU_FPU] |125| 
    1287 000001d8 E6CF          MOV32     R1H,R5H               ; [CPU_FPU] |125| 
         000001d9 0029 
    1288 000001da E6CF          MOV32     R2H,R4H               ; [CPU_FPU] |125| 
         000001db 0022 
    1289 000001dc E2AF          MOV32     R0H,*-SP[4]           ; [CPU_FPU] |125| 
         000001dd 0044 
    1290 000001de 8AA2          MOVL      XAR4,XAR2             ; [CPU_ALU] |125| 
    1291              $C$DW$86        .dwtag  DW_TAG_TI_branch
    1292                      .dwattr $C$DW$86, DW_AT_low_pc(0x00)
    1293                      .dwattr $C$DW$86, DW_AT_name("foc_step")
    1294                      .dwattr $C$DW$86, DW_AT_TI_call
    1295              
    1296 000001df 7640!         LCR       #||foc_step||         ; [CPU_ALU] |125| 
         000001e0 0000 
    1297                      ; call occurs [#||foc_step||] ; [] |125| 
    1298                      .dwpsn  file "../imported/app/motor_control.c",line 126,column 9,is_stmt,isa 0
    1299 000001e1 D130          MOVB      XAR1,#48              ; [CPU_ALU] |126| 
    1300 000001e2 D02E          MOVB      XAR0,#46              ; [CPU_ALU] |126| 
    1301 000001e3 E2AF          MOV32     R0H,*+XAR3[AR0]       ; [CPU_FPU] |126| 
         000001e4 0093 
    1302 000001e5 D032          MOVB      XAR0,#50              ; [CPU_ALU] |126| 
    1303 000001e6 E2AF          MOV32     R1H,*+XAR3[AR1]       ; [CPU_FPU] |126| 
         000001e7 019B 
    1304 000001e8 E2AF          MOV32     R2H,*+XAR3[AR0]       ; [CPU_FPU] |126| 
         000001e9 0293 
    1305              $C$DW$87        .dwtag  DW_TAG_TI_branch
    1306                      .dwattr $C$DW$87, DW_AT_low_pc(0x00)
    1307                      .dwattr $C$DW$87, DW_AT_name("hal_pwm_set_duties")
    1308                      .dwattr $C$DW$87, DW_AT_TI_call
    1309              
    1310 000001ea 7640!         LCR       #||hal_pwm_set_duties|| ; [CPU_ALU] |126| 
         000001eb 0000 
    1311                      ; call occurs [#||hal_pwm_set_duties||] ; [] |126| 
    1312                      .dwpsn  file "../imported/app/motor_control.c",line 127,column 9,is_stmt,isa 0
    1313              $C$DW$88        .dwtag  DW_TAG_TI_branch
    1314                      .dwattr $C$DW$88, DW_AT_low_pc(0x00)
    1315                      .dwattr $C$DW$88, DW_AT_name("hal_pwm_outputs_enable")
    1316                      .dwattr $C$DW$88, DW_AT_TI_call
    1317              
    1318 000001ec 7640!         LCR       #||hal_pwm_outputs_enable|| ; [CPU_ALU] |127| 
         000001ed 0000 
    1319                      ; call occurs [#||hal_pwm_outputs_enable||] ; [] |127| 
    1320                      .dwpsn  file "../imported/app/motor_control.c",line 129,column 9,is_stmt,isa 0
    1321 000001ee FF20          MOV       ACC,#10000            ; [CPU_ALU] |129| 
         000001ef 2710 
    1322 000001f0 0FE3          CMPL      ACC,*+XAR3[4]         ; [CPU_ALU] |129| 
    1323 000001f1 664D          B         ||$C$L19||,HI         ; [CPU_ALU] |129| 
    1324                      ; branchcc occurs ; [] |129| 
    1325                      .dwpsn  file "../imported/app/motor_control.c",line 130,column 13,is_stmt,isa 0
    1326              $C$DW$89        .dwtag  DW_TAG_TI_branch
    1327                      .dwattr $C$DW$89, DW_AT_low_pc(0x00)
    1328                      .dwattr $C$DW$89, DW_AT_name("hal_qep_zero_count")
TMS320C2000 Assembler Unix v25.11.0 Sat May 30 20:22:51 2026

Copyright (c) 1996-2018 Texas Instruments Incorporated
motor_control.asm                                                    PAGE   29

    1329                      .dwattr $C$DW$89, DW_AT_TI_call
    1330              
    1331 000001f2 7640!         LCR       #||hal_qep_zero_count|| ; [CPU_ALU] |130| 
         000001f3 0000 
    1332                      ; call occurs [#||hal_qep_zero_count||] ; [] |130| 
    1333                      .dwpsn  file "../imported/app/motor_control.c",line 131,column 13,is_stmt,isa 0
    1334 000001f4 8AA2          MOVL      XAR4,XAR2             ; [CPU_ALU] |131| 
    1335              $C$DW$90        .dwtag  DW_TAG_TI_branch
    1336                      .dwattr $C$DW$90, DW_AT_low_pc(0x00)
    1337                      .dwattr $C$DW$90, DW_AT_name("foc_reset")
    1338                      .dwattr $C$DW$90, DW_AT_TI_call
    1339              
    1340 000001f5 7640!         LCR       #||foc_reset||        ; [CPU_ALU] |131| 
         000001f6 0000 
    1341                      ; call occurs [#||foc_reset||] ; [] |131| 
    1342                      .dwpsn  file "../imported/app/motor_control.c",line 132,column 13,is_stmt,isa 0
    1343 000001f7 9A03          MOVB      AL,#3                 ; [CPU_ALU] |132| 
    1344 000001f8 6F2F          B         ||$C$L15||,UNC        ; [CPU_ALU] |132| 
    1345                      ; branch occurs ; [] |132| 
    1346 000001f9       ||$C$L14||:    
    1347                      .dwpsn  file "../imported/app/motor_control.c",line 102,column 9,is_stmt,isa 0
    1348              $C$DW$91        .dwtag  DW_TAG_TI_branch
    1349                      .dwattr $C$DW$91, DW_AT_low_pc(0x00)
    1350                      .dwattr $C$DW$91, DW_AT_name("hal_adc_read_raw_ia")
    1351                      .dwattr $C$DW$91, DW_AT_TI_call
    1352              
    1353 000001f9 7640!         LCR       #||hal_adc_read_raw_ia|| ; [CPU_ALU] |102| 
         000001fa 0000 
    1354                      ; call occurs [#||hal_adc_read_raw_ia||] ; [] |102| 
    1355 000001fb 0EA9          MOVU      ACC,AL                ; [CPU_ALU] |102| 
    1356 000001fc 5601          ADDL      *+XAR3[6],ACC         ; [CPU_ALU] |102| 
         000001fd 00F3 
    1357                      .dwpsn  file "../imported/app/motor_control.c",line 103,column 9,is_stmt,isa 0
    1358              $C$DW$92        .dwtag  DW_TAG_TI_branch
    1359                      .dwattr $C$DW$92, DW_AT_low_pc(0x00)
    1360                      .dwattr $C$DW$92, DW_AT_name("hal_adc_read_raw_ib")
    1361                      .dwattr $C$DW$92, DW_AT_TI_call
    1362              
    1363 000001fe 7640!         LCR       #||hal_adc_read_raw_ib|| ; [CPU_ALU] |103| 
         000001ff 0000 
    1364                      ; call occurs [#||hal_adc_read_raw_ib||] ; [] |103| 
    1365 00000200 8AA3          MOVL      XAR4,XAR3             ; [CPU_ALU] |103| 
    1366 00000201 0EA9          MOVU      ACC,AL                ; [CPU_ALU] |103| 
    1367 00000202 DC08          ADDB      XAR4,#8               ; [CPU_ALU] |103| 
    1368 00000203 5601          ADDL      *+XAR4[0],ACC         ; [CPU_ALU] |103| 
         00000204 00C4 
    1369                      .dwpsn  file "../imported/app/motor_control.c",line 104,column 9,is_stmt,isa 0
    1370              $C$DW$93        .dwtag  DW_TAG_TI_branch
    1371                      .dwattr $C$DW$93, DW_AT_low_pc(0x00)
    1372                      .dwattr $C$DW$93, DW_AT_name("hal_adc_read_raw_ic")
    1373                      .dwattr $C$DW$93, DW_AT_TI_call
    1374              
    1375 00000205 7640!         LCR       #||hal_adc_read_raw_ic|| ; [CPU_ALU] |104| 
         00000206 0000 
    1376                      ; call occurs [#||hal_adc_read_raw_ic||] ; [] |104| 
TMS320C2000 Assembler Unix v25.11.0 Sat May 30 20:22:51 2026

Copyright (c) 1996-2018 Texas Instruments Incorporated
motor_control.asm                                                    PAGE   30

    1377 00000207 D10A          MOVB      XAR1,#10              ; [CPU_ALU] |104| 
    1378 00000208 D00A          MOVB      XAR0,#10              ; [CPU_ALU] |104| 
    1379 00000209 0EA9          MOVU      ACC,AL                ; [CPU_ALU] |104| 
    1380 0000020a 0793          ADDL      ACC,*+XAR3[AR0]       ; [CPU_ALU] |104| 
    1381                      .dwpsn  file "../imported/app/motor_control.c",line 105,column 9,is_stmt,isa 0
    1382 0000020b D00C          MOVB      XAR0,#12              ; [CPU_ALU] |105| 
    1383                      .dwpsn  file "../imported/app/motor_control.c",line 104,column 9,is_stmt,isa 0
    1384 0000020c FF5A          MOVL      P,ACC                 ; [CPU_ALU] |104| 
    1385                      .dwpsn  file "../imported/app/motor_control.c",line 105,column 9,is_stmt,isa 0
    1386 0000020d 0201          MOVB      ACC,#1                ; [CPU_ALU] |105| 
    1387 0000020e 0793          ADDL      ACC,*+XAR3[AR0]       ; [CPU_ALU] |105| 
    1388 0000020f D00C          MOVB      XAR0,#12              ; [CPU_ALU] |105| 
    1389 00000210 1EA6          MOVL      XAR6,ACC              ; [CPU_ALU] |105| 
    1390                      .dwpsn  file "../imported/app/motor_control.c",line 104,column 9,is_stmt,isa 0
    1391 00000211 A99B          MOVL      *+XAR3[AR1],P         ; [CPU_ALU] |104| 
    1392                      .dwpsn  file "../imported/app/motor_control.c",line 105,column 9,is_stmt,isa 0
    1393 00000212 1E93          MOVL      *+XAR3[AR0],ACC       ; [CPU_ALU] |105| 
    1394                      .dwpsn  file "../imported/app/motor_control.c",line 106,column 9,is_stmt,isa 0
    1395 00000213 FF20          MOV       ACC,#1024             ; [CPU_ALU] |106| 
         00000214 0400 
    1396 00000215 0FA6          CMPL      ACC,XAR6              ; [CPU_ALU] |106| 
    1397 00000216 6628          B         ||$C$L19||,HI         ; [CPU_ALU] |106| 
    1398                      ; branchcc occurs ; [] |106| 
    1399                      .dwpsn  file "../imported/app/motor_control.c",line 110,column 13,is_stmt,isa 0
    1400 00000217 06F3          MOVL      ACC,*+XAR3[6]         ; [CPU_ALU] |110| 
    1401 00000218 2901          CLRC      SXM                   ; [CPU_ALU] 
    1402 00000219 D008          MOVB      XAR0,#8               ; [CPU_ALU] |110| 
    1403 0000021a FF49          SFR       ACC,10                ; [CPU_ALU] |110| 
    1404 0000021b 80A9          MOVZ      AR7,AL                ; [CPU_ALU] |110| 
    1405 0000021c 0693          MOVL      ACC,*+XAR3[AR0]       ; [CPU_ALU] |110| 
    1406 0000021d FF49          SFR       ACC,10                ; [CPU_ALU] |110| 
    1407 0000021e 88A9          MOVZ      AR6,AL                ; [CPU_ALU] |110| 
    1408 0000021f A9A9          MOVL      ACC,P                 ; [CPU_ALU] |110| 
    1409 00000220 FF49          SFR       ACC,10                ; [CPU_ALU] |110| 
    1410 00000221 5CA9          MOVZ      AR4,AL                ; [CPU_ALU] |110| 
    1411 00000222 93A6          MOV       AH,AR6                ; [CPU_ALU] |110| 
    1412 00000223 92A7          MOV       AL,AR7                ; [CPU_ALU] |110| 
    1413              $C$DW$94        .dwtag  DW_TAG_TI_branch
    1414                      .dwattr $C$DW$94, DW_AT_low_pc(0x00)
    1415                      .dwattr $C$DW$94, DW_AT_name("hal_adc_set_zero_offsets")
    1416                      .dwattr $C$DW$94, DW_AT_TI_call
    1417              
    1418 00000224 7640!         LCR       #||hal_adc_set_zero_offsets|| ; [CPU_ALU] |110| 
         00000225 0000 
    1419                      ; call occurs [#||hal_adc_set_zero_offsets||] ; [] |110| 
    1420                      .dwpsn  file "../imported/app/motor_control.c",line 111,column 13,is_stmt,isa 0
    1421 00000226 9A00          MOVB      AL,#0                 ; [CPU_ALU] |111| 
    1422 00000227       ||$C$L15||:    
    1423 00000227 8AA3          MOVL      XAR4,XAR3             ; [CPU_ALU] |111| 
    1424              $C$DW$95        .dwtag  DW_TAG_TI_branch
    1425                      .dwattr $C$DW$95, DW_AT_low_pc(0x00)
    1426                      .dwattr $C$DW$95, DW_AT_name("enter_state")
    1427                      .dwattr $C$DW$95, DW_AT_TI_call
    1428              
    1429 00000228 7640!         LCR       #||enter_state||      ; [CPU_ALU] |111| 
TMS320C2000 Assembler Unix v25.11.0 Sat May 30 20:22:51 2026

Copyright (c) 1996-2018 Texas Instruments Incorporated
motor_control.asm                                                    PAGE   31

         00000229 0000 
    1430                      ; call occurs [#||enter_state||] ; [] |111| 
    1431 0000022a 6F14          B         ||$C$L19||,UNC        ; [CPU_ALU] |111| 
    1432                      ; branch occurs ; [] |111| 
    1433 0000022b       ||$C$L16||:    
    1434 0000022b 761F!         MOVW      DP,#||$P$T5$6||       ; [CPU_ARAU] 
         0000022c 0000 
    1435                      .dwpsn  file "../imported/app/motor_control.c",line 158,column 9,is_stmt,isa 0
    1436 0000022d E2AF!         MOV32     R0H,@||$P$T5$6||      ; [CPU_FPU] |158| 
         0000022e 0000 
    1437 0000022f E2AF!         MOV32     R1H,@||$P$T5$6||+2    ; [CPU_FPU] |158| 
         00000230 0102 
    1438 00000231 E2AF!         MOV32     R2H,@||$P$T5$6||+4    ; [CPU_FPU] |158| 
         00000232 0204 
    1439                      .dwpsn  file "../imported/app/motor_control.c",line 159,column 9,is_stmt,isa 0
    1440 00000233 6F09          B         ||$C$L18||,UNC        ; [CPU_ALU] |159| 
    1441                      ; branch occurs ; [] |159| 
    1442 00000234       ||$C$L17||:    
    1443 00000234 761F!         MOVW      DP,#||$P$T4$5||       ; [CPU_ARAU] 
         00000235 0000 
    1444                      .dwpsn  file "../imported/app/motor_control.c",line 116,column 9,is_stmt,isa 0
    1445 00000236 E2AF!         MOV32     R0H,@||$P$T4$5||      ; [CPU_FPU] |116| 
         00000237 0000 
    1446 00000238 E2AF!         MOV32     R1H,@||$P$T4$5||+2    ; [CPU_FPU] |116| 
         00000239 0102 
    1447 0000023a E2AF!         MOV32     R2H,@||$P$T4$5||+4    ; [CPU_FPU] |116| 
         0000023b 0204 
    1448              ||$C$L18||:    
    1449              $C$DW$96        .dwtag  DW_TAG_TI_branch
    1450                      .dwattr $C$DW$96, DW_AT_low_pc(0x00)
    1451                      .dwattr $C$DW$96, DW_AT_name("hal_pwm_set_duties")
    1452                      .dwattr $C$DW$96, DW_AT_TI_call
    1453              
    1454 0000023c 7640!         LCR       #||hal_pwm_set_duties|| ; [CPU_ALU] |116| 
         0000023d 0000 
    1455                      ; call occurs [#||hal_pwm_set_duties||] ; [] |116| 
    1456 0000023e       ||$C$L19||:    
    1457                      .dwpsn  file "../imported/app/motor_control.c",line 163,column 5,is_stmt,isa 0
    1458 0000023e 0201          MOVB      ACC,#1                ; [CPU_ALU] |163| 
    1459 0000023f 761F!         MOVW      DP,#||hb$4||          ; [CPU_ARAU] 
         00000240 0000 
    1460 00000241 0700!         ADDL      ACC,@||hb$4||         ; [CPU_ALU] |163| 
    1461 00000242 1EA6          MOVL      XAR6,ACC              ; [CPU_ALU] |163| 
    1462 00000243 1E00!         MOVL      @||hb$4||,ACC         ; [CPU_ALU] |163| 
    1463 00000244 FF20          MOV       ACC,#10000            ; [CPU_ALU] |163| 
         00000245 2710 
    1464 00000246 0FA6          CMPL      ACC,XAR6              ; [CPU_ALU] |163| 
    1465 00000247 660E          B         ||$C$L20||,HI         ; [CPU_ALU] |163| 
    1466                      ; branchcc occurs ; [] |163| 
    1467 00000248 761F!         MOVW      DP,#||led$7||         ; [CPU_ARAU] 
         00000249 0000 
    1468                      .dwpsn  file "../imported/app/motor_control.c",line 163,column 36,is_stmt,isa 0
    1469 0000024a 0200          MOVB      ACC,#0                ; [CPU_ALU] |163| 
    1470                      .dwpsn  file "../imported/app/motor_control.c",line 163,column 60,is_stmt,isa 0
    1471 0000024b 1C00!         XOR       @||led$7||,#0x0001    ; [CPU_ALU] |163| 
TMS320C2000 Assembler Unix v25.11.0 Sat May 30 20:22:51 2026

Copyright (c) 1996-2018 Texas Instruments Incorporated
motor_control.asm                                                    PAGE   32

         0000024c 0001 
    1472 0000024d 761F!         MOVW      DP,#||hb$4||          ; [CPU_ARAU] 
         0000024e 0000 
    1473                      .dwpsn  file "../imported/app/motor_control.c",line 163,column 36,is_stmt,isa 0
    1474 0000024f 1E00!         MOVL      @||hb$4||,ACC         ; [CPU_ALU] |163| 
    1475 00000250 761F!         MOVW      DP,#||led$7||         ; [CPU_ARAU] 
         00000251 0000 
    1476                      .dwpsn  file "../imported/app/motor_control.c",line 163,column 70,is_stmt,isa 0
    1477 00000252 9200!         MOV       AL,@||led$7||         ; [CPU_ALU] |163| 
    1478              $C$DW$97        .dwtag  DW_TAG_TI_branch
    1479                      .dwattr $C$DW$97, DW_AT_low_pc(0x00)
    1480                      .dwattr $C$DW$97, DW_AT_name("hal_board_led_blue")
    1481                      .dwattr $C$DW$97, DW_AT_TI_call
    1482              
    1483 00000253 7640!         LCR       #||hal_board_led_blue|| ; [CPU_ALU] |163| 
         00000254 0000 
    1484                      ; call occurs [#||hal_board_led_blue||] ; [] |163| 
    1485 00000255       ||$C$L20||:    
    1486 00000255 FE84          SUBB      SP,#4                 ; [CPU_ARAU] 
    1487                      .dwcfi  cfa_offset, -16
    1488 00000256 E2AF          MOV32     R7H,*--SP             ; [CPU_FPU] 
         00000257 07BE 
    1489                      .dwcfi  cfa_offset, -14
    1490                      .dwcfi  restore_reg, 71
    1491 00000258 E2AF          MOV32     R6H,*--SP             ; [CPU_FPU] 
         00000259 06BE 
    1492                      .dwcfi  cfa_offset, -12
    1493                      .dwcfi  restore_reg, 67
    1494 0000025a E2AF          MOV32     R5H,*--SP             ; [CPU_FPU] 
         0000025b 05BE 
    1495                      .dwcfi  cfa_offset, -10
    1496                      .dwcfi  restore_reg, 63
    1497 0000025c E2AF          MOV32     R4H,*--SP             ; [CPU_FPU] 
         0000025d 04BE 
    1498                      .dwcfi  cfa_offset, -8
    1499                      .dwcfi  restore_reg, 59
    1500 0000025e 82BE          MOVL      XAR3,*--SP            ; [CPU_ALU] 
    1501                      .dwcfi  cfa_offset, -6
    1502                      .dwcfi  restore_reg, 11
    1503 0000025f 86BE          MOVL      XAR2,*--SP            ; [CPU_ALU] 
    1504                      .dwcfi  cfa_offset, -4
    1505                      .dwcfi  restore_reg, 9
    1506 00000260 8BBE          MOVL      XAR1,*--SP            ; [CPU_ALU] 
    1507                      .dwcfi  cfa_offset, -2
    1508                      .dwcfi  restore_reg, 7
    1509              $C$DW$98        .dwtag  DW_TAG_TI_branch
    1510                      .dwattr $C$DW$98, DW_AT_low_pc(0x00)
    1511                      .dwattr $C$DW$98, DW_AT_TI_return
    1512              
    1513 00000261 0006          LRETR     ; [CPU_ALU] 
    1514                      ; return occurs ; [] 
    1515                      .dwattr $C$DW$57, DW_AT_TI_end_file("../imported/app/motor_control.c")
    1516                      .dwattr $C$DW$57, DW_AT_TI_end_line(0xa4)
    1517                      .dwattr $C$DW$57, DW_AT_TI_end_column(0x01)
    1518                      .dwendentry
TMS320C2000 Assembler Unix v25.11.0 Sat May 30 20:22:51 2026

Copyright (c) 1996-2018 Texas Instruments Incorporated
motor_control.asm                                                    PAGE   33

    1519                      .dwendtag $C$DW$57
    1520              
    1521 00000000               .sect   ".text:motor_ctl_set_speed_ref_pu"
    1522                      .clink
    1523                      .global ||motor_ctl_set_speed_ref_pu||
    1524              
    1525              $C$DW$99        .dwtag  DW_TAG_subprogram
    1526                      .dwattr $C$DW$99, DW_AT_name("motor_ctl_set_speed_ref_pu")
    1527                      .dwattr $C$DW$99, DW_AT_low_pc(||motor_ctl_set_speed_ref_pu||)
    1528                      .dwattr $C$DW$99, DW_AT_high_pc(0x00)
    1529                      .dwattr $C$DW$99, DW_AT_linkage_name("motor_ctl_set_speed_ref_pu")
    1530                      .dwattr $C$DW$99, DW_AT_external
    1531                      .dwattr $C$DW$99, DW_AT_decl_file("../imported/app/motor_control.c")
    1532                      .dwattr $C$DW$99, DW_AT_decl_line(0x37)
    1533                      .dwattr $C$DW$99, DW_AT_decl_column(0x06)
    1534                      .dwattr $C$DW$99, DW_AT_TI_max_frame_size(-2)
    1535                      .dwpsn  file "../imported/app/motor_control.c",line 56,column 1,is_stmt,address ||motor_ctl_set_speed
    1536              
    1537                      .dwfde $C$DW$CIE, ||motor_ctl_set_speed_ref_pu||
    1538              $C$DW$100       .dwtag  DW_TAG_formal_parameter
    1539                      .dwattr $C$DW$100, DW_AT_name("m")
    1540                      .dwattr $C$DW$100, DW_AT_type(*$C$DW$T$58)
    1541                      .dwattr $C$DW$100, DW_AT_location[DW_OP_reg12]
    1542              
    1543              $C$DW$101       .dwtag  DW_TAG_formal_parameter
    1544                      .dwattr $C$DW$101, DW_AT_name("v")
    1545                      .dwattr $C$DW$101, DW_AT_type(*$C$DW$T$16)
    1546                      .dwattr $C$DW$101, DW_AT_location[DW_OP_regx 0x2b]
    1547              
    1548              
    1549              ;***************************************************************
    1550              ;* FNAME: motor_ctl_set_speed_ref_pu    FR SIZE:   0           *
    1551              ;*                                                             *
    1552              ;* FUNCTION ENVIRONMENT                                        *
    1553              ;*                                                             *
    1554              ;* FUNCTION PROPERTIES                                         *
    1555              ;*                            0 Parameter,  0 Auto,  0 SOE     *
    1556              ;***************************************************************
    1557              
    1558              ||motor_ctl_set_speed_ref_pu||:
    1559              ;* AR4   assigned to m
    1560              $C$DW$102       .dwtag  DW_TAG_variable
    1561                      .dwattr $C$DW$102, DW_AT_name("m")
    1562                      .dwattr $C$DW$102, DW_AT_type(*$C$DW$T$59)
    1563                      .dwattr $C$DW$102, DW_AT_location[DW_OP_reg12]
    1564              
    1565              ;* R0    assigned to v
    1566              $C$DW$103       .dwtag  DW_TAG_variable
    1567                      .dwattr $C$DW$103, DW_AT_name("v")
    1568                      .dwattr $C$DW$103, DW_AT_type(*$C$DW$T$16)
    1569                      .dwattr $C$DW$103, DW_AT_location[DW_OP_regx 0x2b]
    1570              
    1571                      .dwcfi  cfa_offset, -2
    1572                      .dwcfi  save_reg_to_mem, 26, 0
    1573                      .dwpsn  file "../imported/app/motor_control.c",line 57,column 32,is_stmt,isa 0
TMS320C2000 Assembler Unix v25.11.0 Sat May 30 20:22:51 2026

Copyright (c) 1996-2018 Texas Instruments Incorporated
motor_control.asm                                                    PAGE   34

    1574 00000000 E831          MINF32    R0H,#16256            ; [CPU_FPU] |57| 
         00000001 FC00 
    1575                      .dwpsn  file "../imported/app/motor_control.c",line 59,column 5,is_stmt,isa 0
    1576 00000002 D00E          MOVB      XAR0,#14              ; [CPU_ALU] |59| 
    1577                      .dwpsn  file "../imported/app/motor_control.c",line 58,column 32,is_stmt,isa 0
    1578 00000003 E825          MAXF32    R0H,#49024            ; [CPU_FPU] |58| 
         00000004 FC00 
    1579                      .dwpsn  file "../imported/app/motor_control.c",line 59,column 5,is_stmt,isa 0
    1580 00000005 E203          MOV32     *+XAR4[AR0],R0H       ; [CPU_FPU] |59| 
         00000006 0094 
    1581              $C$DW$104       .dwtag  DW_TAG_TI_branch
    1582                      .dwattr $C$DW$104, DW_AT_low_pc(0x00)
    1583                      .dwattr $C$DW$104, DW_AT_TI_return
    1584              
    1585 00000007 0006          LRETR     ; [CPU_ALU] 
    1586                      ; return occurs ; [] 
    1587                      .dwattr $C$DW$99, DW_AT_TI_end_file("../imported/app/motor_control.c")
    1588                      .dwattr $C$DW$99, DW_AT_TI_end_line(0x3c)
    1589                      .dwattr $C$DW$99, DW_AT_TI_end_column(0x01)
    1590                      .dwendentry
    1591                      .dwendtag $C$DW$99
    1592              
    1593 00000000               .sect   ".text:motor_ctl_request_stop"
    1594                      .clink
    1595                      .global ||motor_ctl_request_stop||
    1596              
    1597              $C$DW$105       .dwtag  DW_TAG_subprogram
    1598                      .dwattr $C$DW$105, DW_AT_name("motor_ctl_request_stop")
    1599                      .dwattr $C$DW$105, DW_AT_low_pc(||motor_ctl_request_stop||)
    1600                      .dwattr $C$DW$105, DW_AT_high_pc(0x00)
    1601                      .dwattr $C$DW$105, DW_AT_linkage_name("motor_ctl_request_stop")
    1602                      .dwattr $C$DW$105, DW_AT_external
    1603                      .dwattr $C$DW$105, DW_AT_decl_file("../imported/app/motor_control.c")
    1604                      .dwattr $C$DW$105, DW_AT_decl_line(0x2e)
    1605                      .dwattr $C$DW$105, DW_AT_decl_column(0x06)
    1606                      .dwattr $C$DW$105, DW_AT_TI_max_frame_size(-6)
    1607                      .dwpsn  file "../imported/app/motor_control.c",line 47,column 1,is_stmt,address ||motor_ctl_request_s
    1608              
    1609                      .dwfde $C$DW$CIE, ||motor_ctl_request_stop||
    1610              $C$DW$106       .dwtag  DW_TAG_formal_parameter
    1611                      .dwattr $C$DW$106, DW_AT_name("m")
    1612                      .dwattr $C$DW$106, DW_AT_type(*$C$DW$T$58)
    1613                      .dwattr $C$DW$106, DW_AT_location[DW_OP_reg12]
    1614              
    1615              
    1616              ;***************************************************************
    1617              ;* FNAME: motor_ctl_request_stop        FR SIZE:   4           *
    1618              ;*                                                             *
    1619              ;* FUNCTION ENVIRONMENT                                        *
    1620              ;*                                                             *
    1621              ;* FUNCTION PROPERTIES                                         *
    1622              ;*                            0 Parameter,  0 Auto,  4 SOE     *
    1623              ;***************************************************************
    1624              
    1625              ||motor_ctl_request_stop||:
TMS320C2000 Assembler Unix v25.11.0 Sat May 30 20:22:51 2026

Copyright (c) 1996-2018 Texas Instruments Incorporated
motor_control.asm                                                    PAGE   35

    1626              ;* AR2   assigned to m
    1627              $C$DW$107       .dwtag  DW_TAG_variable
    1628                      .dwattr $C$DW$107, DW_AT_name("m")
    1629                      .dwattr $C$DW$107, DW_AT_type(*$C$DW$T$59)
    1630                      .dwattr $C$DW$107, DW_AT_location[DW_OP_reg8]
    1631              
    1632                      .dwcfi  cfa_offset, -2
    1633                      .dwcfi  save_reg_to_mem, 26, 0
    1634 00000000 B2BD          MOVL      *SP++,XAR1            ; [CPU_ALU] 
    1635                      .dwcfi  save_reg_to_mem, 7, 2
    1636                      .dwcfi  cfa_offset, -4
    1637 00000001 AABD          MOVL      *SP++,XAR2            ; [CPU_ALU] 
    1638                      .dwcfi  save_reg_to_mem, 9, 4
    1639                      .dwcfi  cfa_offset, -6
    1640 00000002 86A4          MOVL      XAR2,XAR4             ; [CPU_ALU] |47| 
    1641                      .dwpsn  file "../imported/app/motor_control.c",line 48,column 5,is_stmt,isa 0
    1642 00000003 DC12          ADDB      XAR4,#18              ; [CPU_ALU] |48| 
    1643              $C$DW$108       .dwtag  DW_TAG_TI_branch
    1644                      .dwattr $C$DW$108, DW_AT_low_pc(0x00)
    1645                      .dwattr $C$DW$108, DW_AT_name("foc_reset")
    1646                      .dwattr $C$DW$108, DW_AT_TI_call
    1647              
    1648 00000004 7640!         LCR       #||foc_reset||        ; [CPU_ALU] |48| 
         00000005 0000 
    1649                      ; call occurs [#||foc_reset||] ; [] |48| 
    1650                      .dwpsn  file "/home/jose/workspace_ccstheia/foc_f28379d/imported/foc/pi.h",line 33,column 45,is_stmt,
    1651 00000006 D160          MOVB      XAR1,#96              ; [CPU_ALU] |33| 
    1652 00000007 E591          ZERO      R1H                   ; [CPU_FPU] |33| 
    1653                      .dwpsn  file "/home/jose/workspace_ccstheia/foc_f28379d/imported/foc/speed_loop.h",line 21,column 5,i
    1654 00000008 D062          MOVB      XAR0,#98              ; [CPU_ALU] |21| 
    1655 00000009 E590          ZERO      R0H                   ; [CPU_FPU] |21| 
    1656                      .dwpsn  file "/home/jose/workspace_ccstheia/foc_f28379d/imported/foc/pi.h",line 33,column 45,is_stmt,
    1657 0000000a E203          MOV32     *+XAR2[AR1],R1H       ; [CPU_FPU] |33| 
         0000000b 019A 
    1658                      .dwpsn  file "/home/jose/workspace_ccstheia/foc_f28379d/imported/foc/speed_loop.h",line 21,column 5,i
    1659 0000000c E203          MOV32     *+XAR2[AR0],R0H       ; [CPU_FPU] |21| 
         0000000d 0092 
    1660                      .dwpsn  file "../imported/app/motor_control.c",line 50,column 5,is_stmt,isa 0
    1661              $C$DW$109       .dwtag  DW_TAG_TI_branch
    1662                      .dwattr $C$DW$109, DW_AT_low_pc(0x00)
    1663                      .dwattr $C$DW$109, DW_AT_name("hal_pwm_outputs_disable")
    1664                      .dwattr $C$DW$109, DW_AT_TI_call
    1665              
    1666 0000000e 7640!         LCR       #||hal_pwm_outputs_disable|| ; [CPU_ALU] |50| 
         0000000f 0000 
    1667                      ; call occurs [#||hal_pwm_outputs_disable||] ; [] |50| 
    1668                      .dwpsn  file "../imported/app/motor_control.c",line 51,column 5,is_stmt,isa 0
    1669 00000010 D010          MOVB      XAR0,#16              ; [CPU_ALU] |51| 
    1670 00000011 E590          ZERO      R0H                   ; [CPU_FPU] |51| 
    1671                      .dwpsn  file "../imported/app/motor_control.c",line 52,column 5,is_stmt,isa 0
    1672 00000012 9A00          MOVB      AL,#0                 ; [CPU_ALU] |52| 
    1673 00000013 8AA2          MOVL      XAR4,XAR2             ; [CPU_ALU] |52| 
    1674                      .dwpsn  file "../imported/app/motor_control.c",line 51,column 5,is_stmt,isa 0
    1675 00000014 E203          MOV32     *+XAR2[AR0],R0H       ; [CPU_FPU] |51| 
         00000015 0092 
TMS320C2000 Assembler Unix v25.11.0 Sat May 30 20:22:51 2026

Copyright (c) 1996-2018 Texas Instruments Incorporated
motor_control.asm                                                    PAGE   36

    1676                      .dwpsn  file "../imported/app/motor_control.c",line 52,column 5,is_stmt,isa 0
    1677              $C$DW$110       .dwtag  DW_TAG_TI_branch
    1678                      .dwattr $C$DW$110, DW_AT_low_pc(0x00)
    1679                      .dwattr $C$DW$110, DW_AT_name("enter_state")
    1680                      .dwattr $C$DW$110, DW_AT_TI_call
    1681              
    1682 00000016 7640!         LCR       #||enter_state||      ; [CPU_ALU] |52| 
         00000017 0000 
    1683                      ; call occurs [#||enter_state||] ; [] |52| 
    1684 00000018 86BE          MOVL      XAR2,*--SP            ; [CPU_ALU] 
    1685                      .dwcfi  cfa_offset, -4
    1686                      .dwcfi  restore_reg, 9
    1687 00000019 8BBE          MOVL      XAR1,*--SP            ; [CPU_ALU] 
    1688                      .dwcfi  cfa_offset, -2
    1689                      .dwcfi  restore_reg, 7
    1690              $C$DW$111       .dwtag  DW_TAG_TI_branch
    1691                      .dwattr $C$DW$111, DW_AT_low_pc(0x00)
    1692                      .dwattr $C$DW$111, DW_AT_TI_return
    1693              
    1694 0000001a 0006          LRETR     ; [CPU_ALU] 
    1695                      ; return occurs ; [] 
    1696                      .dwattr $C$DW$105, DW_AT_TI_end_file("../imported/app/motor_control.c")
    1697                      .dwattr $C$DW$105, DW_AT_TI_end_line(0x35)
    1698                      .dwattr $C$DW$105, DW_AT_TI_end_column(0x01)
    1699                      .dwendentry
    1700                      .dwendtag $C$DW$105
    1701              
    1702 00000000               .sect   ".text:motor_ctl_request_run"
    1703                      .clink
    1704                      .global ||motor_ctl_request_run||
    1705              
    1706              $C$DW$112       .dwtag  DW_TAG_subprogram
    1707                      .dwattr $C$DW$112, DW_AT_name("motor_ctl_request_run")
    1708                      .dwattr $C$DW$112, DW_AT_low_pc(||motor_ctl_request_run||)
    1709                      .dwattr $C$DW$112, DW_AT_high_pc(0x00)
    1710                      .dwattr $C$DW$112, DW_AT_linkage_name("motor_ctl_request_run")
    1711                      .dwattr $C$DW$112, DW_AT_external
    1712                      .dwattr $C$DW$112, DW_AT_decl_file("../imported/app/motor_control.c")
    1713                      .dwattr $C$DW$112, DW_AT_decl_line(0x29)
    1714                      .dwattr $C$DW$112, DW_AT_decl_column(0x06)
    1715                      .dwattr $C$DW$112, DW_AT_TI_max_frame_size(-2)
    1716                      .dwpsn  file "../imported/app/motor_control.c",line 42,column 1,is_stmt,address ||motor_ctl_request_r
    1717              
    1718                      .dwfde $C$DW$CIE, ||motor_ctl_request_run||
    1719              $C$DW$113       .dwtag  DW_TAG_formal_parameter
    1720                      .dwattr $C$DW$113, DW_AT_name("m")
    1721                      .dwattr $C$DW$113, DW_AT_type(*$C$DW$T$58)
    1722                      .dwattr $C$DW$113, DW_AT_location[DW_OP_reg12]
    1723              
    1724              
    1725              ;***************************************************************
    1726              ;* FNAME: motor_ctl_request_run         FR SIZE:   0           *
    1727              ;*                                                             *
    1728              ;* FUNCTION ENVIRONMENT                                        *
    1729              ;*                                                             *
TMS320C2000 Assembler Unix v25.11.0 Sat May 30 20:22:51 2026

Copyright (c) 1996-2018 Texas Instruments Incorporated
motor_control.asm                                                    PAGE   37

    1730              ;* FUNCTION PROPERTIES                                         *
    1731              ;*                            0 Parameter,  0 Auto,  0 SOE     *
    1732              ;***************************************************************
    1733              
    1734              ||motor_ctl_request_run||:
    1735              ;* AR4   assigned to m
    1736              $C$DW$114       .dwtag  DW_TAG_variable
    1737                      .dwattr $C$DW$114, DW_AT_name("m")
    1738                      .dwattr $C$DW$114, DW_AT_type(*$C$DW$T$59)
    1739                      .dwattr $C$DW$114, DW_AT_location[DW_OP_reg12]
    1740              
    1741                      .dwcfi  cfa_offset, -2
    1742                      .dwcfi  save_reg_to_mem, 26, 0
    1743                      .dwpsn  file "../imported/app/motor_control.c",line 43,column 5,is_stmt,isa 0
    1744 00000000 92C4          MOV       AL,*+XAR4[0]          ; [CPU_ALU] |43| 
    1745 00000001 6004          B         ||$C$L21||,NEQ        ; [CPU_ALU] |43| 
    1746                      ; branchcc occurs ; [] |43| 
    1747                      .dwpsn  file "../imported/app/motor_control.c",line 43,column 41,is_stmt,isa 0
    1748 00000002 9A02          MOVB      AL,#2                 ; [CPU_ALU] |43| 
    1749              $C$DW$115       .dwtag  DW_TAG_TI_branch
    1750                      .dwattr $C$DW$115, DW_AT_low_pc(0x00)
    1751                      .dwattr $C$DW$115, DW_AT_name("enter_state")
    1752                      .dwattr $C$DW$115, DW_AT_TI_call
    1753              
    1754 00000003 7640!         LCR       #||enter_state||      ; [CPU_ALU] |43| 
         00000004 0000 
    1755                      ; call occurs [#||enter_state||] ; [] |43| 
    1756              ||$C$L21||:    
    1757              $C$DW$116       .dwtag  DW_TAG_TI_branch
    1758                      .dwattr $C$DW$116, DW_AT_low_pc(0x00)
    1759                      .dwattr $C$DW$116, DW_AT_TI_return
    1760              
    1761 00000005 0006          LRETR     ; [CPU_ALU] 
    1762                      ; return occurs ; [] 
    1763                      .dwattr $C$DW$112, DW_AT_TI_end_file("../imported/app/motor_control.c")
    1764                      .dwattr $C$DW$112, DW_AT_TI_end_line(0x2c)
    1765                      .dwattr $C$DW$112, DW_AT_TI_end_column(0x01)
    1766                      .dwendentry
    1767                      .dwendtag $C$DW$112
    1768              
    1769 00000000               .sect   ".text:motor_ctl_init"
    1770                      .clink
    1771                      .global ||motor_ctl_init||
    1772              
    1773              $C$DW$117       .dwtag  DW_TAG_subprogram
    1774                      .dwattr $C$DW$117, DW_AT_name("motor_ctl_init")
    1775                      .dwattr $C$DW$117, DW_AT_low_pc(||motor_ctl_init||)
    1776                      .dwattr $C$DW$117, DW_AT_high_pc(0x00)
    1777                      .dwattr $C$DW$117, DW_AT_linkage_name("motor_ctl_init")
    1778                      .dwattr $C$DW$117, DW_AT_external
    1779                      .dwattr $C$DW$117, DW_AT_decl_file("../imported/app/motor_control.c")
    1780                      .dwattr $C$DW$117, DW_AT_decl_line(0x16)
    1781                      .dwattr $C$DW$117, DW_AT_decl_column(0x06)
    1782                      .dwattr $C$DW$117, DW_AT_TI_max_frame_size(-6)
    1783                      .dwpsn  file "../imported/app/motor_control.c",line 23,column 1,is_stmt,address ||motor_ctl_init||,is
TMS320C2000 Assembler Unix v25.11.0 Sat May 30 20:22:51 2026

Copyright (c) 1996-2018 Texas Instruments Incorporated
motor_control.asm                                                    PAGE   38

    1784              
    1785                      .dwfde $C$DW$CIE, ||motor_ctl_init||
    1786              $C$DW$118       .dwtag  DW_TAG_formal_parameter
    1787                      .dwattr $C$DW$118, DW_AT_name("m")
    1788                      .dwattr $C$DW$118, DW_AT_type(*$C$DW$T$58)
    1789                      .dwattr $C$DW$118, DW_AT_location[DW_OP_reg12]
    1790              
    1791              
    1792              ;***************************************************************
    1793              ;* FNAME: motor_ctl_init                FR SIZE:   4           *
    1794              ;*                                                             *
    1795              ;* FUNCTION ENVIRONMENT                                        *
    1796              ;*                                                             *
    1797              ;* FUNCTION PROPERTIES                                         *
    1798              ;*                            0 Parameter,  0 Auto,  4 SOE     *
    1799              ;***************************************************************
    1800              
    1801              ||motor_ctl_init||:
    1802              ;* AR2   assigned to m
    1803              $C$DW$119       .dwtag  DW_TAG_variable
    1804                      .dwattr $C$DW$119, DW_AT_name("m")
    1805                      .dwattr $C$DW$119, DW_AT_type(*$C$DW$T$59)
    1806                      .dwattr $C$DW$119, DW_AT_location[DW_OP_reg8]
    1807              
    1808              ;* R0    assigned to $P$T0
    1809              $C$DW$120       .dwtag  DW_TAG_variable
    1810                      .dwattr $C$DW$120, DW_AT_name("$P$T0")
    1811                      .dwattr $C$DW$120, DW_AT_type(*$C$DW$T$23)
    1812                      .dwattr $C$DW$120, DW_AT_location[DW_OP_regx 0x29]
    1813              
    1814                      .dwcfi  cfa_offset, -2
    1815                      .dwcfi  save_reg_to_mem, 26, 0
    1816 00000000 B2BD          MOVL      *SP++,XAR1            ; [CPU_ALU] 
    1817                      .dwcfi  save_reg_to_mem, 7, 2
    1818                      .dwcfi  cfa_offset, -4
    1819 00000001 AABD          MOVL      *SP++,XAR2            ; [CPU_ALU] 
    1820                      .dwcfi  save_reg_to_mem, 9, 4
    1821                      .dwcfi  cfa_offset, -6
    1822 00000002 86A4          MOVL      XAR2,XAR4             ; [CPU_ALU] |23| 
    1823                      .dwpsn  file "../imported/app/motor_control.c",line 24,column 5,is_stmt,isa 0
    1824 00000003 DC12          ADDB      XAR4,#18              ; [CPU_ALU] |24| 
    1825              $C$DW$121       .dwtag  DW_TAG_TI_branch
    1826                      .dwattr $C$DW$121, DW_AT_low_pc(0x00)
    1827                      .dwattr $C$DW$121, DW_AT_name("foc_init")
    1828                      .dwattr $C$DW$121, DW_AT_TI_call
    1829              
    1830 00000004 7640!         LCR       #||foc_init||         ; [CPU_ALU] |24| 
         00000005 0000 
    1831                      ; call occurs [#||foc_init||] ; [] |24| 
    1832                      .dwpsn  file "../imported/app/motor_control.c",line 33,column 5,is_stmt,isa 0
    1833 00000006 D10A          MOVB      XAR1,#10              ; [CPU_ALU] |33| 
    1834                      .dwpsn  file "/home/jose/workspace_ccstheia/foc_f28379d/imported/foc/encoder.h",line 24,column 5,is_s
    1835 00000007 D064          MOVB      XAR0,#100             ; [CPU_ALU] |24| 
    1836                      .dwpsn  file "/home/jose/workspace_ccstheia/foc_f28379d/imported/foc/pi.h",line 26,column 5,is_stmt,i
    1837 00000008 E801          MOVIZ     R0H,#16156            ; [CPU_FPU] |26| 
TMS320C2000 Assembler Unix v25.11.0 Sat May 30 20:22:51 2026

Copyright (c) 1996-2018 Texas Instruments Incorporated
motor_control.asm                                                    PAGE   39

         00000009 F8E0 
    1838                      .dwpsn  file "/home/jose/workspace_ccstheia/foc_f28379d/imported/foc/encoder.h",line 24,column 5,is_s
    1839 0000000a 8F00          MOVL      XAR4,#4000            ; [CPU_ARAU] |24| 
         0000000b 0FA0 
    1840                      .dwpsn  file "/home/jose/workspace_ccstheia/foc_f28379d/imported/foc/encoder.h",line 25,column 5,is_s
    1841 0000000c 0204          MOVB      ACC,#4                ; [CPU_ALU] |25| 
    1842                      .dwpsn  file "../imported/app/motor_control.c",line 33,column 5,is_stmt,isa 0
    1843 0000000d BE00          MOVB      XAR6,#0               ; [CPU_ALU] |33| 
    1844                      .dwpsn  file "/home/jose/workspace_ccstheia/foc_f28379d/imported/foc/encoder.h",line 24,column 5,is_s
    1845 0000000e A892          MOVL      *+XAR2[AR0],XAR4      ; [CPU_ALU] |24| 
    1846                      .dwpsn  file "/home/jose/workspace_ccstheia/foc_f28379d/imported/foc/pi.h",line 26,column 5,is_stmt,i
    1847 0000000f E80C          MOVXI     R0H,#39124            ; [CPU_FPU] |26| 
         00000010 C6A0 
    1848                      .dwpsn  file "/home/jose/workspace_ccstheia/foc_f28379d/imported/foc/encoder.h",line 25,column 5,is_s
    1849 00000011 D066          MOVB      XAR0,#102             ; [CPU_ALU] |25| 
    1850 00000012 1E92          MOVL      *+XAR2[AR0],ACC       ; [CPU_ALU] |25| 
    1851                      .dwpsn  file "/home/jose/workspace_ccstheia/foc_f28379d/imported/foc/encoder.h",line 28,column 5,is_s
    1852 00000013 D06C          MOVB      XAR0,#108             ; [CPU_ALU] |28| 
    1853 00000014 0200          MOVB      ACC,#0                ; [CPU_ALU] |28| 
    1854 00000015 1E92          MOVL      *+XAR2[AR0],ACC       ; [CPU_ALU] |28| 
    1855                      .dwpsn  file "../imported/app/motor_control.c",line 32,column 5,is_stmt,isa 0
    1856 00000016 D008          MOVB      XAR0,#8               ; [CPU_ALU] |32| 
    1857                      .dwpsn  file "../imported/app/motor_control.c",line 33,column 5,is_stmt,isa 0
    1858 00000017 C29A          MOVL      *+XAR2[AR1],XAR6      ; [CPU_ALU] |33| 
    1859                      .dwpsn  file "../imported/app/motor_control.c",line 36,column 5,is_stmt,isa 0
    1860 00000018 8AA2          MOVL      XAR4,XAR2             ; [CPU_ALU] |36| 
    1861                      .dwpsn  file "../imported/app/motor_control.c",line 32,column 5,is_stmt,isa 0
    1862 00000019 1E92          MOVL      *+XAR2[AR0],ACC       ; [CPU_ALU] |32| 
    1863                      .dwpsn  file "/home/jose/workspace_ccstheia/foc_f28379d/imported/foc/pi.h",line 26,column 5,is_stmt,i
    1864 0000001a D058          MOVB      XAR0,#88              ; [CPU_ALU] |26| 
    1865                      .dwpsn  file "../imported/app/motor_control.c",line 28,column 5,is_stmt,isa 0
    1866 0000001b 1ED2          MOVL      *+XAR2[2],ACC         ; [CPU_ALU] |28| 
    1867                      .dwpsn  file "../imported/app/motor_control.c",line 31,column 5,is_stmt,isa 0
    1868 0000001c 1EF2          MOVL      *+XAR2[6],ACC         ; [CPU_ALU] |31| 
    1869                      .dwpsn  file "/home/jose/workspace_ccstheia/foc_f28379d/imported/foc/pi.h",line 26,column 5,is_stmt,i
    1870 0000001d E203          MOV32     *+XAR2[AR0],R0H       ; [CPU_FPU] |26| 
         0000001e 0092 
    1871                      .dwpsn  file "/home/jose/workspace_ccstheia/foc_f28379d/imported/foc/pi.h",line 27,column 5,is_stmt,i
    1872 0000001f D05A          MOVB      XAR0,#90              ; [CPU_ALU] |27| 
    1873 00000020 E801          MOVIZ     R0H,#15692            ; [CPU_FPU] |27| 
         00000021 EA60 
    1874 00000022 E80E          MOVXI     R0H,#52429            ; [CPU_FPU] |27| 
         00000023 6668 
    1875 00000024 E203          MOV32     *+XAR2[AR0],R0H       ; [CPU_FPU] |27| 
         00000025 0092 
    1876                      .dwpsn  file "/home/jose/workspace_ccstheia/foc_f28379d/imported/foc/pi.h",line 28,column 5,is_stmt,i
    1877 00000026 D05C          MOVB      XAR0,#92              ; [CPU_ALU] |28| 
    1878 00000027 E805          MOVIZ     R0H,#49024            ; [CPU_FPU] |28| 
         00000028 FC00 
    1879 00000029 E203          MOV32     *+XAR2[AR0],R0H       ; [CPU_FPU] |28| 
         0000002a 0092 
    1880                      .dwpsn  file "/home/jose/workspace_ccstheia/foc_f28379d/imported/foc/pi.h",line 29,column 5,is_stmt,i
    1881 0000002b D05E          MOVB      XAR0,#94              ; [CPU_ALU] |29| 
    1882 0000002c E801          MOVIZ     R0H,#16256            ; [CPU_FPU] |29| 
         0000002d FC00 
TMS320C2000 Assembler Unix v25.11.0 Sat May 30 20:22:51 2026

Copyright (c) 1996-2018 Texas Instruments Incorporated
motor_control.asm                                                    PAGE   40

    1883 0000002e E203          MOV32     *+XAR2[AR0],R0H       ; [CPU_FPU] |29| 
         0000002f 0092 
    1884                      .dwpsn  file "/home/jose/workspace_ccstheia/foc_f28379d/imported/foc/pi.h",line 30,column 5,is_stmt,i
    1885 00000030 D060          MOVB      XAR0,#96              ; [CPU_ALU] |30| 
    1886 00000031 E590          ZERO      R0H                   ; [CPU_FPU] |30| 
    1887 00000032 E203          MOV32     *+XAR2[AR0],R0H       ; [CPU_FPU] |30| 
         00000033 0092 
    1888                      .dwpsn  file "/home/jose/workspace_ccstheia/foc_f28379d/imported/foc/speed_loop.h",line 15,column 5,i
    1889 00000034 D062          MOVB      XAR0,#98              ; [CPU_ALU] |15| 
    1890 00000035 E203          MOV32     *+XAR2[AR0],R0H       ; [CPU_FPU] |15| 
         00000036 0092 
    1891                      .dwpsn  file "/home/jose/workspace_ccstheia/foc_f28379d/imported/foc/encoder.h",line 26,column 5,is_s
    1892 00000037 D068          MOVB      XAR0,#104             ; [CPU_ALU] |26| 
    1893 00000038 E801          MOVIZ     R0H,#16261            ; [CPU_FPU] |26| 
         00000039 FC28 
    1894 0000003a E808          MOVXI     R0H,#6187             ; [CPU_FPU] |26| 
         0000003b C158 
    1895 0000003c E203          MOV32     *+XAR2[AR0],R0H       ; [CPU_FPU] |26| 
         0000003d 0092 
    1896                      .dwpsn  file "/home/jose/workspace_ccstheia/foc_f28379d/imported/foc/encoder.h",line 29,column 5,is_s
    1897 0000003e D06E          MOVB      XAR0,#110             ; [CPU_ALU] |29| 
    1898 0000003f E590          ZERO      R0H                   ; [CPU_FPU] |29| 
    1899 00000040 E203          MOV32     *+XAR2[AR0],R0H       ; [CPU_FPU] |29| 
         00000041 0092 
    1900                      .dwpsn  file "/home/jose/workspace_ccstheia/foc_f28379d/imported/foc/encoder.h",line 30,column 5,is_s
    1901 00000042 D070          MOVB      XAR0,#112             ; [CPU_ALU] |30| 
    1902 00000043 E203          MOV32     *+XAR2[AR0],R0H       ; [CPU_FPU] |30| 
         00000044 0092 
    1903                      .dwpsn  file "../imported/app/motor_control.c",line 29,column 5,is_stmt,isa 0
    1904 00000045 D00E          MOVB      XAR0,#14              ; [CPU_ALU] |29| 
    1905 00000046 E203          MOV32     *+XAR2[AR0],R0H       ; [CPU_FPU] |29| 
         00000047 0092 
    1906                      .dwpsn  file "../imported/app/motor_control.c",line 30,column 5,is_stmt,isa 0
    1907 00000048 D010          MOVB      XAR0,#16              ; [CPU_ALU] |30| 
    1908 00000049 E203          MOV32     *+XAR2[AR0],R0H       ; [CPU_FPU] |30| 
         0000004a 0092 
    1909                      .dwpsn  file "/home/jose/workspace_ccstheia/foc_f28379d/imported/foc/encoder.h",line 27,column 5,is_s
    1910 0000004b D06A          MOVB      XAR0,#106             ; [CPU_ALU] |27| 
    1911 0000004c 2B92          MOV       *+XAR2[AR0],#0        ; [CPU_ALU] |27| 
    1912                      .dwpsn  file "../imported/app/motor_control.c",line 34,column 5,is_stmt,isa 0
    1913 0000004d D00C          MOVB      XAR0,#12              ; [CPU_ALU] |34| 
    1914 0000004e 1E92          MOVL      *+XAR2[AR0],ACC       ; [CPU_ALU] |34| 
    1915                      .dwpsn  file "../imported/app/motor_control.c",line 36,column 5,is_stmt,isa 0
    1916 0000004f 9A01          MOVB      AL,#1                 ; [CPU_ALU] |36| 
    1917              $C$DW$122       .dwtag  DW_TAG_TI_branch
    1918                      .dwattr $C$DW$122, DW_AT_low_pc(0x00)
    1919                      .dwattr $C$DW$122, DW_AT_name("enter_state")
    1920                      .dwattr $C$DW$122, DW_AT_TI_call
    1921              
    1922 00000050 7640!         LCR       #||enter_state||      ; [CPU_ALU] |36| 
         00000051 0000 
    1923                      ; call occurs [#||enter_state||] ; [] |36| 
    1924 00000052 761F!         MOVW      DP,#||$P$T1$1||       ; [CPU_ARAU] 
         00000053 0000 
    1925                      .dwpsn  file "../imported/app/motor_control.c",line 37,column 5,is_stmt,isa 0
TMS320C2000 Assembler Unix v25.11.0 Sat May 30 20:22:51 2026

Copyright (c) 1996-2018 Texas Instruments Incorporated
motor_control.asm                                                    PAGE   41

    1926 00000054 E2AF!         MOV32     R1H,@||$P$T1$1||+2    ; [CPU_FPU] |37| 
         00000055 0102 
    1927 00000056 E2AF!         MOV32     R2H,@||$P$T1$1||+4    ; [CPU_FPU] |37| 
         00000057 0204 
    1928 00000058 E2AF!         MOV32     R0H,@||$P$T1$1||      ; [CPU_FPU] |37| 
         00000059 0000 
    1929              $C$DW$123       .dwtag  DW_TAG_TI_branch
    1930                      .dwattr $C$DW$123, DW_AT_low_pc(0x00)
    1931                      .dwattr $C$DW$123, DW_AT_name("hal_pwm_set_duties")
    1932                      .dwattr $C$DW$123, DW_AT_TI_call
    1933              
    1934 0000005a 7640!         LCR       #||hal_pwm_set_duties|| ; [CPU_ALU] |37| 
         0000005b 0000 
    1935                      ; call occurs [#||hal_pwm_set_duties||] ; [] |37| 
    1936                      .dwpsn  file "../imported/app/motor_control.c",line 38,column 5,is_stmt,isa 0
    1937              $C$DW$124       .dwtag  DW_TAG_TI_branch
    1938                      .dwattr $C$DW$124, DW_AT_low_pc(0x00)
    1939                      .dwattr $C$DW$124, DW_AT_name("hal_pwm_outputs_disable")
    1940                      .dwattr $C$DW$124, DW_AT_TI_call
    1941              
    1942 0000005c 7640!         LCR       #||hal_pwm_outputs_disable|| ; [CPU_ALU] |38| 
         0000005d 0000 
    1943                      ; call occurs [#||hal_pwm_outputs_disable||] ; [] |38| 
    1944 0000005e 86BE          MOVL      XAR2,*--SP            ; [CPU_ALU] 
    1945                      .dwcfi  cfa_offset, -4
    1946                      .dwcfi  restore_reg, 9
    1947 0000005f 8BBE          MOVL      XAR1,*--SP            ; [CPU_ALU] 
    1948                      .dwcfi  cfa_offset, -2
    1949                      .dwcfi  restore_reg, 7
    1950              $C$DW$125       .dwtag  DW_TAG_TI_branch
    1951                      .dwattr $C$DW$125, DW_AT_low_pc(0x00)
    1952                      .dwattr $C$DW$125, DW_AT_TI_return
    1953              
    1954 00000060 0006          LRETR     ; [CPU_ALU] 
    1955                      ; return occurs ; [] 
    1956                      .dwattr $C$DW$117, DW_AT_TI_end_file("../imported/app/motor_control.c")
    1957                      .dwattr $C$DW$117, DW_AT_TI_end_line(0x27)
    1958                      .dwattr $C$DW$117, DW_AT_TI_end_column(0x01)
    1959                      .dwendentry
    1960                      .dwendtag $C$DW$117
    1961              
    1962              ;**************************************************************
    1963              ;* UNDEFINED EXTERNAL REFERENCES                              *
    1964              ;**************************************************************
    1965                      .global ||foc_init||
    1966                      .global ||hal_pwm_set_duties||
    1967                      .global ||hal_pwm_outputs_disable||
    1968                      .global ||foc_reset||
    1969                      .global ||drv8305_disable||
    1970                      .global ||hal_adc_set_zero_offsets||
    1971                      .global ||foc_enable_fwc||
    1972                      .global ||foc_step||
    1973                      .global ||hal_pwm_outputs_enable||
    1974                      .global ||hal_qep_zero_count||
    1975                      .global ||foc_set_iq_ref||
TMS320C2000 Assembler Unix v25.11.0 Sat May 30 20:22:51 2026

Copyright (c) 1996-2018 Texas Instruments Incorporated
motor_control.asm                                                    PAGE   42

    1976                      .global ||hal_board_led_blue||
    1977                      .global ||hal_qep_index_event||
    1978                      .global ||drv8305_is_faulted||
    1979                      .global ||hal_adc_read_raw_ia||
    1980                      .global ||hal_adc_read_raw_ib||
    1981                      .global ||hal_adc_read_raw_ic||
    1982                      .global ||hal_qep_read_count||
    1983                      .global ||hal_adc_read_currents_pu||
    1984              
    1985              ;***************************************************************
    1986              ;* BUILD ATTRIBUTES                                            *
    1987              ;***************************************************************
    1988                      .battr "c28xabi", Tag_File, 1, Tag_float_args(1)
    1989                      .battr "c28xabi", Tag_File, 1, Tag_double_args(0)
    1990                      .dwattr $C$DW$CU, DW_AT_language(DW_LANG_C)
    1991              
    1992              ;***************************************************************
    1993              ;* DWARF CIE ENTRIES                                           *
    1994              ;***************************************************************
    1995              
    1996              $C$DW$CIE       .dwcie 26
    1997                      .dwcfi  cfa_register, 20
    1998                      .dwcfi  cfa_offset, 0
    1999                      .dwcfi  same_value, 28
    2000                      .dwcfi  same_value, 6
    2001                      .dwcfi  same_value, 7
    2002                      .dwcfi  same_value, 8
    2003                      .dwcfi  same_value, 9
    2004                      .dwcfi  same_value, 10
    2005                      .dwcfi  same_value, 11
    2006                      .dwcfi  same_value, 59
    2007                      .dwcfi  same_value, 63
    2008                      .dwcfi  same_value, 67
    2009                      .dwcfi  same_value, 71
    2010                      .dwendentry
    2011                      .dwendtag $C$DW$CU
    2012              
    2013              
    2014              ;***************************************************************
    2015              ;* TYPE INFORMATION                                            *
    2016              ;***************************************************************
    2017              
    2018              $C$DW$TU$35     .dwtag  DW_TAG_type_unit
    2019                      .dwmtype  $C$DW$T$35
    2020              
    2021              $C$DW$T$35      .dwtag  DW_TAG_enumeration_type
    2022                      .dwattr $C$DW$T$35, DW_AT_byte_size(0x01)
    2023              $C$DW$126       .dwtag  DW_TAG_enumerator
    2024                      .dwattr $C$DW$126, DW_AT_name("MOTOR_STATE_IDLE")
    2025                      .dwattr $C$DW$126, DW_AT_const_value(0x00)
    2026                      .dwattr $C$DW$126, DW_AT_decl_file("/home/jose/workspace_ccstheia/foc_f28379d/imported/foc/pmsm_types
    2027                      .dwattr $C$DW$126, DW_AT_decl_line(0x0c)
    2028                      .dwattr $C$DW$126, DW_AT_decl_column(0x05)
    2029              
    2030              $C$DW$127       .dwtag  DW_TAG_enumerator
TMS320C2000 Assembler Unix v25.11.0 Sat May 30 20:22:51 2026

Copyright (c) 1996-2018 Texas Instruments Incorporated
motor_control.asm                                                    PAGE   43

    2031                      .dwattr $C$DW$127, DW_AT_name("MOTOR_STATE_CALIBRATING_ADC")
    2032                      .dwattr $C$DW$127, DW_AT_const_value(0x01)
    2033                      .dwattr $C$DW$127, DW_AT_decl_file("/home/jose/workspace_ccstheia/foc_f28379d/imported/foc/pmsm_types
    2034                      .dwattr $C$DW$127, DW_AT_decl_line(0x0d)
    2035                      .dwattr $C$DW$127, DW_AT_decl_column(0x05)
    2036              
    2037              $C$DW$128       .dwtag  DW_TAG_enumerator
    2038                      .dwattr $C$DW$128, DW_AT_name("MOTOR_STATE_ALIGN")
    2039                      .dwattr $C$DW$128, DW_AT_const_value(0x02)
    2040                      .dwattr $C$DW$128, DW_AT_decl_file("/home/jose/workspace_ccstheia/foc_f28379d/imported/foc/pmsm_types
    2041                      .dwattr $C$DW$128, DW_AT_decl_line(0x0e)
    2042                      .dwattr $C$DW$128, DW_AT_decl_column(0x05)
    2043              
    2044              $C$DW$129       .dwtag  DW_TAG_enumerator
    2045                      .dwattr $C$DW$129, DW_AT_name("MOTOR_STATE_RUN")
    2046                      .dwattr $C$DW$129, DW_AT_const_value(0x03)
    2047                      .dwattr $C$DW$129, DW_AT_decl_file("/home/jose/workspace_ccstheia/foc_f28379d/imported/foc/pmsm_types
    2048                      .dwattr $C$DW$129, DW_AT_decl_line(0x0f)
    2049                      .dwattr $C$DW$129, DW_AT_decl_column(0x05)
    2050              
    2051              $C$DW$130       .dwtag  DW_TAG_enumerator
    2052                      .dwattr $C$DW$130, DW_AT_name("MOTOR_STATE_FAULT")
    2053                      .dwattr $C$DW$130, DW_AT_const_value(0x04)
    2054                      .dwattr $C$DW$130, DW_AT_decl_file("/home/jose/workspace_ccstheia/foc_f28379d/imported/foc/pmsm_types
    2055                      .dwattr $C$DW$130, DW_AT_decl_line(0x10)
    2056                      .dwattr $C$DW$130, DW_AT_decl_column(0x05)
    2057              
    2058                      .dwattr $C$DW$T$35, DW_AT_decl_file("/home/jose/workspace_ccstheia/foc_f28379d/imported/foc/pmsm_type
    2059                      .dwattr $C$DW$T$35, DW_AT_decl_line(0x0b)
    2060                      .dwattr $C$DW$T$35, DW_AT_decl_column(0x0e)
    2061                      .dwendtag $C$DW$T$35
    2062              
    2063                      .dwendtag $C$DW$TU$35
    2064              
    2065              
    2066              $C$DW$TU$36     .dwtag  DW_TAG_type_unit
    2067                      .dwmtype  $C$DW$T$36
    2068              $C$DW$T$36      .dwtag  DW_TAG_typedef
    2069                      .dwattr $C$DW$T$36, DW_AT_name("motor_state_t")
    2070                      .dwattr $C$DW$T$36, DW_AT_type(*$C$DW$T$35)
    2071                      .dwattr $C$DW$T$36, DW_AT_decl_file("/home/jose/workspace_ccstheia/foc_f28379d/imported/foc/pmsm_type
    2072                      .dwattr $C$DW$T$36, DW_AT_decl_line(0x11)
    2073                      .dwattr $C$DW$T$36, DW_AT_decl_column(0x03)
    2074              
    2075                      .dwendtag $C$DW$TU$36
    2076              
    2077              
    2078              $C$DW$TU$41     .dwtag  DW_TAG_type_unit
    2079                      .dwmtype  $C$DW$T$41
    2080              $C$DW$131       .dwtag  DW_TAG_TI_far_type
    2081                      .dwattr $C$DW$131, DW_AT_type(*$C$DW$T$36)
    2082              
    2083              $C$DW$T$41      .dwtag  DW_TAG_const_type
    2084                      .dwattr $C$DW$T$41, DW_AT_type(*$C$DW$131)
    2085              
TMS320C2000 Assembler Unix v25.11.0 Sat May 30 20:22:51 2026

Copyright (c) 1996-2018 Texas Instruments Incorporated
motor_control.asm                                                    PAGE   44

    2086                      .dwendtag $C$DW$TU$41
    2087              
    2088              
    2089              $C$DW$TU$19     .dwtag  DW_TAG_type_unit
    2090                      .dwmtype  $C$DW$T$19
    2091              
    2092              $C$DW$T$19      .dwtag  DW_TAG_structure_type
    2093                      .dwattr $C$DW$T$19, DW_AT_byte_size(0x0a)
    2094              $C$DW$132       .dwtag  DW_TAG_member
    2095                      .dwattr $C$DW$132, DW_AT_type(*$C$DW$T$16)
    2096                      .dwattr $C$DW$132, DW_AT_name("kp")
    2097                      .dwattr $C$DW$132, DW_AT_accessibility(DW_ACCESS_public)
    2098                      .dwattr $C$DW$132, DW_AT_decl_file("/home/jose/workspace_ccstheia/foc_f28379d/imported/foc/pi.h")
    2099                      .dwattr $C$DW$132, DW_AT_decl_line(0x11)
    2100                      .dwattr $C$DW$132, DW_AT_decl_column(0x0b)
    2101              
    2102              $C$DW$133       .dwtag  DW_TAG_member
    2103                      .dwattr $C$DW$133, DW_AT_type(*$C$DW$T$16)
    2104                      .dwattr $C$DW$133, DW_AT_name("ki")
    2105                      .dwattr $C$DW$133, DW_AT_data_member_location[DW_OP_plus_uconst 0x2]
    2106                      .dwattr $C$DW$133, DW_AT_accessibility(DW_ACCESS_public)
    2107                      .dwattr $C$DW$133, DW_AT_decl_file("/home/jose/workspace_ccstheia/foc_f28379d/imported/foc/pi.h")
    2108                      .dwattr $C$DW$133, DW_AT_decl_line(0x12)
    2109                      .dwattr $C$DW$133, DW_AT_decl_column(0x0b)
    2110              
    2111              $C$DW$134       .dwtag  DW_TAG_member
    2112                      .dwattr $C$DW$134, DW_AT_type(*$C$DW$T$16)
    2113                      .dwattr $C$DW$134, DW_AT_name("u_min")
    2114                      .dwattr $C$DW$134, DW_AT_data_member_location[DW_OP_plus_uconst 0x4]
    2115                      .dwattr $C$DW$134, DW_AT_accessibility(DW_ACCESS_public)
    2116                      .dwattr $C$DW$134, DW_AT_decl_file("/home/jose/workspace_ccstheia/foc_f28379d/imported/foc/pi.h")
    2117                      .dwattr $C$DW$134, DW_AT_decl_line(0x13)
    2118                      .dwattr $C$DW$134, DW_AT_decl_column(0x0b)
    2119              
    2120              $C$DW$135       .dwtag  DW_TAG_member
    2121                      .dwattr $C$DW$135, DW_AT_type(*$C$DW$T$16)
    2122                      .dwattr $C$DW$135, DW_AT_name("u_max")
    2123                      .dwattr $C$DW$135, DW_AT_data_member_location[DW_OP_plus_uconst 0x6]
    2124                      .dwattr $C$DW$135, DW_AT_accessibility(DW_ACCESS_public)
    2125                      .dwattr $C$DW$135, DW_AT_decl_file("/home/jose/workspace_ccstheia/foc_f28379d/imported/foc/pi.h")
    2126                      .dwattr $C$DW$135, DW_AT_decl_line(0x14)
    2127                      .dwattr $C$DW$135, DW_AT_decl_column(0x0b)
    2128              
    2129              $C$DW$136       .dwtag  DW_TAG_member
    2130                      .dwattr $C$DW$136, DW_AT_type(*$C$DW$T$16)
    2131                      .dwattr $C$DW$136, DW_AT_name("integ")
    2132                      .dwattr $C$DW$136, DW_AT_data_member_location[DW_OP_plus_uconst 0x8]
    2133                      .dwattr $C$DW$136, DW_AT_accessibility(DW_ACCESS_public)
    2134                      .dwattr $C$DW$136, DW_AT_decl_file("/home/jose/workspace_ccstheia/foc_f28379d/imported/foc/pi.h")
    2135                      .dwattr $C$DW$136, DW_AT_decl_line(0x15)
    2136                      .dwattr $C$DW$136, DW_AT_decl_column(0x0b)
    2137              
    2138                      .dwattr $C$DW$T$19, DW_AT_decl_file("/home/jose/workspace_ccstheia/foc_f28379d/imported/foc/pi.h")
    2139                      .dwattr $C$DW$T$19, DW_AT_decl_line(0x10)
    2140                      .dwattr $C$DW$T$19, DW_AT_decl_column(0x10)
TMS320C2000 Assembler Unix v25.11.0 Sat May 30 20:22:51 2026

Copyright (c) 1996-2018 Texas Instruments Incorporated
motor_control.asm                                                    PAGE   45

    2141                      .dwendtag $C$DW$T$19
    2142              
    2143                      .dwendtag $C$DW$TU$19
    2144              
    2145              
    2146              $C$DW$TU$26     .dwtag  DW_TAG_type_unit
    2147                      .dwmtype  $C$DW$T$26
    2148              $C$DW$T$26      .dwtag  DW_TAG_typedef
    2149                      .dwattr $C$DW$T$26, DW_AT_name("pi_ctrl_t")
    2150                      .dwattr $C$DW$T$26, DW_AT_type(*$C$DW$T$19)
    2151                      .dwattr $C$DW$T$26, DW_AT_decl_file("/home/jose/workspace_ccstheia/foc_f28379d/imported/foc/pi.h")
    2152                      .dwattr $C$DW$T$26, DW_AT_decl_line(0x16)
    2153                      .dwattr $C$DW$T$26, DW_AT_decl_column(0x03)
    2154              
    2155                      .dwendtag $C$DW$TU$26
    2156              
    2157              
    2158              $C$DW$TU$43     .dwtag  DW_TAG_type_unit
    2159                      .dwmtype  $C$DW$T$43
    2160              $C$DW$T$43      .dwtag  DW_TAG_pointer_type
    2161                      .dwattr $C$DW$T$43, DW_AT_type(*$C$DW$T$26)
    2162                      .dwattr $C$DW$T$43, DW_AT_address_class(0x20)
    2163              
    2164                      .dwendtag $C$DW$TU$43
    2165              
    2166              
    2167              $C$DW$TU$20     .dwtag  DW_TAG_type_unit
    2168                      .dwmtype  $C$DW$T$20
    2169              
    2170              $C$DW$T$20      .dwtag  DW_TAG_structure_type
    2171                      .dwattr $C$DW$T$20, DW_AT_byte_size(0x06)
    2172              $C$DW$137       .dwtag  DW_TAG_member
    2173                      .dwattr $C$DW$137, DW_AT_type(*$C$DW$T$16)
    2174                      .dwattr $C$DW$137, DW_AT_name("a")
    2175                      .dwattr $C$DW$137, DW_AT_accessibility(DW_ACCESS_public)
    2176                      .dwattr $C$DW$137, DW_AT_decl_file("/home/jose/workspace_ccstheia/foc_f28379d/imported/foc/pmsm_types
    2177                      .dwattr $C$DW$137, DW_AT_decl_line(0x07)
    2178                      .dwattr $C$DW$137, DW_AT_decl_column(0x18)
    2179              
    2180              $C$DW$138       .dwtag  DW_TAG_member
    2181                      .dwattr $C$DW$138, DW_AT_type(*$C$DW$T$16)
    2182                      .dwattr $C$DW$138, DW_AT_name("b")
    2183                      .dwattr $C$DW$138, DW_AT_data_member_location[DW_OP_plus_uconst 0x2]
    2184                      .dwattr $C$DW$138, DW_AT_accessibility(DW_ACCESS_public)
    2185                      .dwattr $C$DW$138, DW_AT_decl_file("/home/jose/workspace_ccstheia/foc_f28379d/imported/foc/pmsm_types
    2186                      .dwattr $C$DW$138, DW_AT_decl_line(0x07)
    2187                      .dwattr $C$DW$138, DW_AT_decl_column(0x1b)
    2188              
    2189              $C$DW$139       .dwtag  DW_TAG_member
    2190                      .dwattr $C$DW$139, DW_AT_type(*$C$DW$T$16)
    2191                      .dwattr $C$DW$139, DW_AT_name("c")
    2192                      .dwattr $C$DW$139, DW_AT_data_member_location[DW_OP_plus_uconst 0x4]
    2193                      .dwattr $C$DW$139, DW_AT_accessibility(DW_ACCESS_public)
    2194                      .dwattr $C$DW$139, DW_AT_decl_file("/home/jose/workspace_ccstheia/foc_f28379d/imported/foc/pmsm_types
    2195                      .dwattr $C$DW$139, DW_AT_decl_line(0x07)
TMS320C2000 Assembler Unix v25.11.0 Sat May 30 20:22:51 2026

Copyright (c) 1996-2018 Texas Instruments Incorporated
motor_control.asm                                                    PAGE   46

    2196                      .dwattr $C$DW$139, DW_AT_decl_column(0x1e)
    2197              
    2198                      .dwattr $C$DW$T$20, DW_AT_decl_file("/home/jose/workspace_ccstheia/foc_f28379d/imported/foc/pmsm_type
    2199                      .dwattr $C$DW$T$20, DW_AT_decl_line(0x07)
    2200                      .dwattr $C$DW$T$20, DW_AT_decl_column(0x10)
    2201                      .dwendtag $C$DW$T$20
    2202              
    2203                      .dwendtag $C$DW$TU$20
    2204              
    2205              
    2206              $C$DW$TU$23     .dwtag  DW_TAG_type_unit
    2207                      .dwmtype  $C$DW$T$23
    2208              $C$DW$T$23      .dwtag  DW_TAG_typedef
    2209                      .dwattr $C$DW$T$23, DW_AT_name("vec_abc_t")
    2210                      .dwattr $C$DW$T$23, DW_AT_type(*$C$DW$T$20)
    2211                      .dwattr $C$DW$T$23, DW_AT_decl_file("/home/jose/workspace_ccstheia/foc_f28379d/imported/foc/pmsm_type
    2212                      .dwattr $C$DW$T$23, DW_AT_decl_line(0x07)
    2213                      .dwattr $C$DW$T$23, DW_AT_decl_column(0x23)
    2214              
    2215                      .dwendtag $C$DW$TU$23
    2216              
    2217              
    2218              $C$DW$TU$49     .dwtag  DW_TAG_type_unit
    2219                      .dwmtype  $C$DW$T$49
    2220              $C$DW$140       .dwtag  DW_TAG_TI_far_type
    2221                      .dwattr $C$DW$140, DW_AT_type(*$C$DW$T$23)
    2222              
    2223              $C$DW$T$49      .dwtag  DW_TAG_const_type
    2224                      .dwattr $C$DW$T$49, DW_AT_type(*$C$DW$140)
    2225              
    2226                      .dwendtag $C$DW$TU$49
    2227              
    2228              
    2229              $C$DW$TU$21     .dwtag  DW_TAG_type_unit
    2230                      .dwmtype  $C$DW$T$21
    2231              
    2232              $C$DW$T$21      .dwtag  DW_TAG_structure_type
    2233                      .dwattr $C$DW$T$21, DW_AT_byte_size(0x04)
    2234              $C$DW$141       .dwtag  DW_TAG_member
    2235                      .dwattr $C$DW$141, DW_AT_type(*$C$DW$T$16)
    2236                      .dwattr $C$DW$141, DW_AT_name("alpha")
    2237                      .dwattr $C$DW$141, DW_AT_accessibility(DW_ACCESS_public)
    2238                      .dwattr $C$DW$141, DW_AT_decl_file("/home/jose/workspace_ccstheia/foc_f28379d/imported/foc/pmsm_types
    2239                      .dwattr $C$DW$141, DW_AT_decl_line(0x08)
    2240                      .dwattr $C$DW$141, DW_AT_decl_column(0x18)
    2241              
    2242              $C$DW$142       .dwtag  DW_TAG_member
    2243                      .dwattr $C$DW$142, DW_AT_type(*$C$DW$T$16)
    2244                      .dwattr $C$DW$142, DW_AT_name("beta")
    2245                      .dwattr $C$DW$142, DW_AT_data_member_location[DW_OP_plus_uconst 0x2]
    2246                      .dwattr $C$DW$142, DW_AT_accessibility(DW_ACCESS_public)
    2247                      .dwattr $C$DW$142, DW_AT_decl_file("/home/jose/workspace_ccstheia/foc_f28379d/imported/foc/pmsm_types
    2248                      .dwattr $C$DW$142, DW_AT_decl_line(0x08)
    2249                      .dwattr $C$DW$142, DW_AT_decl_column(0x1f)
    2250              
TMS320C2000 Assembler Unix v25.11.0 Sat May 30 20:22:51 2026

Copyright (c) 1996-2018 Texas Instruments Incorporated
motor_control.asm                                                    PAGE   47

    2251                      .dwattr $C$DW$T$21, DW_AT_decl_file("/home/jose/workspace_ccstheia/foc_f28379d/imported/foc/pmsm_type
    2252                      .dwattr $C$DW$T$21, DW_AT_decl_line(0x08)
    2253                      .dwattr $C$DW$T$21, DW_AT_decl_column(0x10)
    2254                      .dwendtag $C$DW$T$21
    2255              
    2256                      .dwendtag $C$DW$TU$21
    2257              
    2258              
    2259              $C$DW$TU$24     .dwtag  DW_TAG_type_unit
    2260                      .dwmtype  $C$DW$T$24
    2261              $C$DW$T$24      .dwtag  DW_TAG_typedef
    2262                      .dwattr $C$DW$T$24, DW_AT_name("vec_ab_t")
    2263                      .dwattr $C$DW$T$24, DW_AT_type(*$C$DW$T$21)
    2264                      .dwattr $C$DW$T$24, DW_AT_decl_file("/home/jose/workspace_ccstheia/foc_f28379d/imported/foc/pmsm_type
    2265                      .dwattr $C$DW$T$24, DW_AT_decl_line(0x08)
    2266                      .dwattr $C$DW$T$24, DW_AT_decl_column(0x27)
    2267              
    2268                      .dwendtag $C$DW$TU$24
    2269              
    2270              
    2271              $C$DW$TU$22     .dwtag  DW_TAG_type_unit
    2272                      .dwmtype  $C$DW$T$22
    2273              
    2274              $C$DW$T$22      .dwtag  DW_TAG_structure_type
    2275                      .dwattr $C$DW$T$22, DW_AT_byte_size(0x04)
    2276              $C$DW$143       .dwtag  DW_TAG_member
    2277                      .dwattr $C$DW$143, DW_AT_type(*$C$DW$T$16)
    2278                      .dwattr $C$DW$143, DW_AT_name("d")
    2279                      .dwattr $C$DW$143, DW_AT_accessibility(DW_ACCESS_public)
    2280                      .dwattr $C$DW$143, DW_AT_decl_file("/home/jose/workspace_ccstheia/foc_f28379d/imported/foc/pmsm_types
    2281                      .dwattr $C$DW$143, DW_AT_decl_line(0x09)
    2282                      .dwattr $C$DW$143, DW_AT_decl_column(0x18)
    2283              
    2284              $C$DW$144       .dwtag  DW_TAG_member
    2285                      .dwattr $C$DW$144, DW_AT_type(*$C$DW$T$16)
    2286                      .dwattr $C$DW$144, DW_AT_name("q")
    2287                      .dwattr $C$DW$144, DW_AT_data_member_location[DW_OP_plus_uconst 0x2]
    2288                      .dwattr $C$DW$144, DW_AT_accessibility(DW_ACCESS_public)
    2289                      .dwattr $C$DW$144, DW_AT_decl_file("/home/jose/workspace_ccstheia/foc_f28379d/imported/foc/pmsm_types
    2290                      .dwattr $C$DW$144, DW_AT_decl_line(0x09)
    2291                      .dwattr $C$DW$144, DW_AT_decl_column(0x1b)
    2292              
    2293                      .dwattr $C$DW$T$22, DW_AT_decl_file("/home/jose/workspace_ccstheia/foc_f28379d/imported/foc/pmsm_type
    2294                      .dwattr $C$DW$T$22, DW_AT_decl_line(0x09)
    2295                      .dwattr $C$DW$T$22, DW_AT_decl_column(0x10)
    2296                      .dwendtag $C$DW$T$22
    2297              
    2298                      .dwendtag $C$DW$TU$22
    2299              
    2300              
    2301              $C$DW$TU$25     .dwtag  DW_TAG_type_unit
    2302                      .dwmtype  $C$DW$T$25
    2303              $C$DW$T$25      .dwtag  DW_TAG_typedef
    2304                      .dwattr $C$DW$T$25, DW_AT_name("vec_dq_t")
    2305                      .dwattr $C$DW$T$25, DW_AT_type(*$C$DW$T$22)
TMS320C2000 Assembler Unix v25.11.0 Sat May 30 20:22:51 2026

Copyright (c) 1996-2018 Texas Instruments Incorporated
motor_control.asm                                                    PAGE   48

    2306                      .dwattr $C$DW$T$25, DW_AT_decl_file("/home/jose/workspace_ccstheia/foc_f28379d/imported/foc/pmsm_type
    2307                      .dwattr $C$DW$T$25, DW_AT_decl_line(0x09)
    2308                      .dwattr $C$DW$T$25, DW_AT_decl_column(0x20)
    2309              
    2310                      .dwendtag $C$DW$TU$25
    2311              
    2312              
    2313              $C$DW$TU$28     .dwtag  DW_TAG_type_unit
    2314                      .dwmtype  $C$DW$T$28
    2315              
    2316              $C$DW$T$28      .dwtag  DW_TAG_structure_type
    2317                      .dwattr $C$DW$T$28, DW_AT_byte_size(0x46)
    2318              $C$DW$145       .dwtag  DW_TAG_member
    2319                      .dwattr $C$DW$145, DW_AT_type(*$C$DW$T$16)
    2320                      .dwattr $C$DW$145, DW_AT_name("id_ref_pu")
    2321                      .dwattr $C$DW$145, DW_AT_accessibility(DW_ACCESS_public)
    2322                      .dwattr $C$DW$145, DW_AT_decl_file("/home/jose/workspace_ccstheia/foc_f28379d/imported/foc/foc.h")
    2323                      .dwattr $C$DW$145, DW_AT_decl_line(0x09)
    2324                      .dwattr $C$DW$145, DW_AT_decl_column(0x0b)
    2325              
    2326              $C$DW$146       .dwtag  DW_TAG_member
    2327                      .dwattr $C$DW$146, DW_AT_type(*$C$DW$T$16)
    2328                      .dwattr $C$DW$146, DW_AT_name("iq_ref_pu")
    2329                      .dwattr $C$DW$146, DW_AT_data_member_location[DW_OP_plus_uconst 0x2]
    2330                      .dwattr $C$DW$146, DW_AT_accessibility(DW_ACCESS_public)
    2331                      .dwattr $C$DW$146, DW_AT_decl_file("/home/jose/workspace_ccstheia/foc_f28379d/imported/foc/foc.h")
    2332                      .dwattr $C$DW$146, DW_AT_decl_line(0x0a)
    2333                      .dwattr $C$DW$146, DW_AT_decl_column(0x0b)
    2334              
    2335              $C$DW$147       .dwtag  DW_TAG_member
    2336                      .dwattr $C$DW$147, DW_AT_type(*$C$DW$T$16)
    2337                      .dwattr $C$DW$147, DW_AT_name("v_max_pu")
    2338                      .dwattr $C$DW$147, DW_AT_data_member_location[DW_OP_plus_uconst 0x4]
    2339                      .dwattr $C$DW$147, DW_AT_accessibility(DW_ACCESS_public)
    2340                      .dwattr $C$DW$147, DW_AT_decl_file("/home/jose/workspace_ccstheia/foc_f28379d/imported/foc/foc.h")
    2341                      .dwattr $C$DW$147, DW_AT_decl_line(0x0b)
    2342                      .dwattr $C$DW$147, DW_AT_decl_column(0x0b)
    2343              
    2344              $C$DW$148       .dwtag  DW_TAG_member
    2345                      .dwattr $C$DW$148, DW_AT_type(*$C$DW$T$23)
    2346                      .dwattr $C$DW$148, DW_AT_name("i_abc_pu")
    2347                      .dwattr $C$DW$148, DW_AT_data_member_location[DW_OP_plus_uconst 0x6]
    2348                      .dwattr $C$DW$148, DW_AT_accessibility(DW_ACCESS_public)
    2349                      .dwattr $C$DW$148, DW_AT_decl_file("/home/jose/workspace_ccstheia/foc_f28379d/imported/foc/foc.h")
    2350                      .dwattr $C$DW$148, DW_AT_decl_line(0x0e)
    2351                      .dwattr $C$DW$148, DW_AT_decl_column(0x0f)
    2352              
    2353              $C$DW$149       .dwtag  DW_TAG_member
    2354                      .dwattr $C$DW$149, DW_AT_type(*$C$DW$T$24)
    2355                      .dwattr $C$DW$149, DW_AT_name("i_ab_pu")
    2356                      .dwattr $C$DW$149, DW_AT_data_member_location[DW_OP_plus_uconst 0xc]
    2357                      .dwattr $C$DW$149, DW_AT_accessibility(DW_ACCESS_public)
    2358                      .dwattr $C$DW$149, DW_AT_decl_file("/home/jose/workspace_ccstheia/foc_f28379d/imported/foc/foc.h")
    2359                      .dwattr $C$DW$149, DW_AT_decl_line(0x0f)
    2360                      .dwattr $C$DW$149, DW_AT_decl_column(0x0f)
TMS320C2000 Assembler Unix v25.11.0 Sat May 30 20:22:51 2026

Copyright (c) 1996-2018 Texas Instruments Incorporated
motor_control.asm                                                    PAGE   49

    2361              
    2362              $C$DW$150       .dwtag  DW_TAG_member
    2363                      .dwattr $C$DW$150, DW_AT_type(*$C$DW$T$25)
    2364                      .dwattr $C$DW$150, DW_AT_name("i_dq_pu")
    2365                      .dwattr $C$DW$150, DW_AT_data_member_location[DW_OP_plus_uconst 0x10]
    2366                      .dwattr $C$DW$150, DW_AT_accessibility(DW_ACCESS_public)
    2367                      .dwattr $C$DW$150, DW_AT_decl_file("/home/jose/workspace_ccstheia/foc_f28379d/imported/foc/foc.h")
    2368                      .dwattr $C$DW$150, DW_AT_decl_line(0x10)
    2369                      .dwattr $C$DW$150, DW_AT_decl_column(0x0f)
    2370              
    2371              $C$DW$151       .dwtag  DW_TAG_member
    2372                      .dwattr $C$DW$151, DW_AT_type(*$C$DW$T$25)
    2373                      .dwattr $C$DW$151, DW_AT_name("v_dq_pu")
    2374                      .dwattr $C$DW$151, DW_AT_data_member_location[DW_OP_plus_uconst 0x14]
    2375                      .dwattr $C$DW$151, DW_AT_accessibility(DW_ACCESS_public)
    2376                      .dwattr $C$DW$151, DW_AT_decl_file("/home/jose/workspace_ccstheia/foc_f28379d/imported/foc/foc.h")
    2377                      .dwattr $C$DW$151, DW_AT_decl_line(0x11)
    2378                      .dwattr $C$DW$151, DW_AT_decl_column(0x0f)
    2379              
    2380              $C$DW$152       .dwtag  DW_TAG_member
    2381                      .dwattr $C$DW$152, DW_AT_type(*$C$DW$T$24)
    2382                      .dwattr $C$DW$152, DW_AT_name("v_ab_pu")
    2383                      .dwattr $C$DW$152, DW_AT_data_member_location[DW_OP_plus_uconst 0x18]
    2384                      .dwattr $C$DW$152, DW_AT_accessibility(DW_ACCESS_public)
    2385                      .dwattr $C$DW$152, DW_AT_decl_file("/home/jose/workspace_ccstheia/foc_f28379d/imported/foc/foc.h")
    2386                      .dwattr $C$DW$152, DW_AT_decl_line(0x12)
    2387                      .dwattr $C$DW$152, DW_AT_decl_column(0x0f)
    2388              
    2389              $C$DW$153       .dwtag  DW_TAG_member
    2390                      .dwattr $C$DW$153, DW_AT_type(*$C$DW$T$23)
    2391                      .dwattr $C$DW$153, DW_AT_name("duty")
    2392                      .dwattr $C$DW$153, DW_AT_data_member_location[DW_OP_plus_uconst 0x1c]
    2393                      .dwattr $C$DW$153, DW_AT_accessibility(DW_ACCESS_public)
    2394                      .dwattr $C$DW$153, DW_AT_decl_file("/home/jose/workspace_ccstheia/foc_f28379d/imported/foc/foc.h")
    2395                      .dwattr $C$DW$153, DW_AT_decl_line(0x13)
    2396                      .dwattr $C$DW$153, DW_AT_decl_column(0x0f)
    2397              
    2398              $C$DW$154       .dwtag  DW_TAG_member
    2399                      .dwattr $C$DW$154, DW_AT_type(*$C$DW$T$16)
    2400                      .dwattr $C$DW$154, DW_AT_name("theta_e")
    2401                      .dwattr $C$DW$154, DW_AT_data_member_location[DW_OP_plus_uconst 0x22]
    2402                      .dwattr $C$DW$154, DW_AT_accessibility(DW_ACCESS_public)
    2403                      .dwattr $C$DW$154, DW_AT_decl_file("/home/jose/workspace_ccstheia/foc_f28379d/imported/foc/foc.h")
    2404                      .dwattr $C$DW$154, DW_AT_decl_line(0x15)
    2405                      .dwattr $C$DW$154, DW_AT_decl_column(0x0b)
    2406              
    2407              $C$DW$155       .dwtag  DW_TAG_member
    2408                      .dwattr $C$DW$155, DW_AT_type(*$C$DW$T$16)
    2409                      .dwattr $C$DW$155, DW_AT_name("v_mag_pu")
    2410                      .dwattr $C$DW$155, DW_AT_data_member_location[DW_OP_plus_uconst 0x24]
    2411                      .dwattr $C$DW$155, DW_AT_accessibility(DW_ACCESS_public)
    2412                      .dwattr $C$DW$155, DW_AT_decl_file("/home/jose/workspace_ccstheia/foc_f28379d/imported/foc/foc.h")
    2413                      .dwattr $C$DW$155, DW_AT_decl_line(0x16)
    2414                      .dwattr $C$DW$155, DW_AT_decl_column(0x0b)
    2415              
TMS320C2000 Assembler Unix v25.11.0 Sat May 30 20:22:51 2026

Copyright (c) 1996-2018 Texas Instruments Incorporated
motor_control.asm                                                    PAGE   50

    2416              $C$DW$156       .dwtag  DW_TAG_member
    2417                      .dwattr $C$DW$156, DW_AT_type(*$C$DW$T$26)
    2418                      .dwattr $C$DW$156, DW_AT_name("pi_id")
    2419                      .dwattr $C$DW$156, DW_AT_data_member_location[DW_OP_plus_uconst 0x26]
    2420                      .dwattr $C$DW$156, DW_AT_accessibility(DW_ACCESS_public)
    2421                      .dwattr $C$DW$156, DW_AT_decl_file("/home/jose/workspace_ccstheia/foc_f28379d/imported/foc/foc.h")
    2422                      .dwattr $C$DW$156, DW_AT_decl_line(0x19)
    2423                      .dwattr $C$DW$156, DW_AT_decl_column(0x0f)
    2424              
    2425              $C$DW$157       .dwtag  DW_TAG_member
    2426                      .dwattr $C$DW$157, DW_AT_type(*$C$DW$T$26)
    2427                      .dwattr $C$DW$157, DW_AT_name("pi_iq")
    2428                      .dwattr $C$DW$157, DW_AT_data_member_location[DW_OP_plus_uconst 0x30]
    2429                      .dwattr $C$DW$157, DW_AT_accessibility(DW_ACCESS_public)
    2430                      .dwattr $C$DW$157, DW_AT_decl_file("/home/jose/workspace_ccstheia/foc_f28379d/imported/foc/foc.h")
    2431                      .dwattr $C$DW$157, DW_AT_decl_line(0x1a)
    2432                      .dwattr $C$DW$157, DW_AT_decl_column(0x0f)
    2433              
    2434              $C$DW$158       .dwtag  DW_TAG_member
    2435                      .dwattr $C$DW$158, DW_AT_type(*$C$DW$T$26)
    2436                      .dwattr $C$DW$158, DW_AT_name("pi_fwc")
    2437                      .dwattr $C$DW$158, DW_AT_data_member_location[DW_OP_plus_uconst 0x3a]
    2438                      .dwattr $C$DW$158, DW_AT_accessibility(DW_ACCESS_public)
    2439                      .dwattr $C$DW$158, DW_AT_decl_file("/home/jose/workspace_ccstheia/foc_f28379d/imported/foc/foc.h")
    2440                      .dwattr $C$DW$158, DW_AT_decl_line(0x1b)
    2441                      .dwattr $C$DW$158, DW_AT_decl_column(0x0f)
    2442              
    2443              $C$DW$159       .dwtag  DW_TAG_member
    2444                      .dwattr $C$DW$159, DW_AT_type(*$C$DW$T$27)
    2445                      .dwattr $C$DW$159, DW_AT_name("fwc_enabled")
    2446                      .dwattr $C$DW$159, DW_AT_data_member_location[DW_OP_plus_uconst 0x44]
    2447                      .dwattr $C$DW$159, DW_AT_accessibility(DW_ACCESS_public)
    2448                      .dwattr $C$DW$159, DW_AT_decl_file("/home/jose/workspace_ccstheia/foc_f28379d/imported/foc/foc.h")
    2449                      .dwattr $C$DW$159, DW_AT_decl_line(0x1c)
    2450                      .dwattr $C$DW$159, DW_AT_decl_column(0x0f)
    2451              
    2452                      .dwattr $C$DW$T$28, DW_AT_decl_file("/home/jose/workspace_ccstheia/foc_f28379d/imported/foc/foc.h")
    2453                      .dwattr $C$DW$T$28, DW_AT_decl_line(0x07)
    2454                      .dwattr $C$DW$T$28, DW_AT_decl_column(0x10)
    2455                      .dwendtag $C$DW$T$28
    2456              
    2457                      .dwendtag $C$DW$TU$28
    2458              
    2459              
    2460              $C$DW$TU$37     .dwtag  DW_TAG_type_unit
    2461                      .dwmtype  $C$DW$T$37
    2462              $C$DW$T$37      .dwtag  DW_TAG_typedef
    2463                      .dwattr $C$DW$T$37, DW_AT_name("foc_t")
    2464                      .dwattr $C$DW$T$37, DW_AT_type(*$C$DW$T$28)
    2465                      .dwattr $C$DW$T$37, DW_AT_decl_file("/home/jose/workspace_ccstheia/foc_f28379d/imported/foc/foc.h")
    2466                      .dwattr $C$DW$T$37, DW_AT_decl_line(0x1d)
    2467                      .dwattr $C$DW$T$37, DW_AT_decl_column(0x03)
    2468              
    2469                      .dwendtag $C$DW$TU$37
    2470              
TMS320C2000 Assembler Unix v25.11.0 Sat May 30 20:22:51 2026

Copyright (c) 1996-2018 Texas Instruments Incorporated
motor_control.asm                                                    PAGE   51

    2471              
    2472              $C$DW$TU$51     .dwtag  DW_TAG_type_unit
    2473                      .dwmtype  $C$DW$T$51
    2474              $C$DW$T$51      .dwtag  DW_TAG_pointer_type
    2475                      .dwattr $C$DW$T$51, DW_AT_type(*$C$DW$T$37)
    2476                      .dwattr $C$DW$T$51, DW_AT_address_class(0x20)
    2477              
    2478                      .dwendtag $C$DW$TU$51
    2479              
    2480              
    2481              $C$DW$TU$29     .dwtag  DW_TAG_type_unit
    2482                      .dwmtype  $C$DW$T$29
    2483              
    2484              $C$DW$T$29      .dwtag  DW_TAG_structure_type
    2485                      .dwattr $C$DW$T$29, DW_AT_byte_size(0x0c)
    2486              $C$DW$160       .dwtag  DW_TAG_member
    2487                      .dwattr $C$DW$160, DW_AT_type(*$C$DW$T$26)
    2488                      .dwattr $C$DW$160, DW_AT_name("pi")
    2489                      .dwattr $C$DW$160, DW_AT_accessibility(DW_ACCESS_public)
    2490                      .dwattr $C$DW$160, DW_AT_decl_file("/home/jose/workspace_ccstheia/foc_f28379d/imported/foc/speed_loop
    2491                      .dwattr $C$DW$160, DW_AT_decl_line(0x08)
    2492                      .dwattr $C$DW$160, DW_AT_decl_column(0x0f)
    2493              
    2494              $C$DW$161       .dwtag  DW_TAG_member
    2495                      .dwattr $C$DW$161, DW_AT_type(*$C$DW$T$16)
    2496                      .dwattr $C$DW$161, DW_AT_name("iq_ref_pu")
    2497                      .dwattr $C$DW$161, DW_AT_data_member_location[DW_OP_plus_uconst 0xa]
    2498                      .dwattr $C$DW$161, DW_AT_accessibility(DW_ACCESS_public)
    2499                      .dwattr $C$DW$161, DW_AT_decl_file("/home/jose/workspace_ccstheia/foc_f28379d/imported/foc/speed_loop
    2500                      .dwattr $C$DW$161, DW_AT_decl_line(0x09)
    2501                      .dwattr $C$DW$161, DW_AT_decl_column(0x0f)
    2502              
    2503                      .dwattr $C$DW$T$29, DW_AT_decl_file("/home/jose/workspace_ccstheia/foc_f28379d/imported/foc/speed_loo
    2504                      .dwattr $C$DW$T$29, DW_AT_decl_line(0x07)
    2505                      .dwattr $C$DW$T$29, DW_AT_decl_column(0x10)
    2506                      .dwendtag $C$DW$T$29
    2507              
    2508                      .dwendtag $C$DW$TU$29
    2509              
    2510              
    2511              $C$DW$TU$38     .dwtag  DW_TAG_type_unit
    2512                      .dwmtype  $C$DW$T$38
    2513              $C$DW$T$38      .dwtag  DW_TAG_typedef
    2514                      .dwattr $C$DW$T$38, DW_AT_name("speed_loop_t")
    2515                      .dwattr $C$DW$T$38, DW_AT_type(*$C$DW$T$29)
    2516                      .dwattr $C$DW$T$38, DW_AT_decl_file("/home/jose/workspace_ccstheia/foc_f28379d/imported/foc/speed_loo
    2517                      .dwattr $C$DW$T$38, DW_AT_decl_line(0x0a)
    2518                      .dwattr $C$DW$T$38, DW_AT_decl_column(0x03)
    2519              
    2520                      .dwendtag $C$DW$TU$38
    2521              
    2522              
    2523              $C$DW$TU$34     .dwtag  DW_TAG_type_unit
    2524                      .dwmtype  $C$DW$T$34
    2525              
TMS320C2000 Assembler Unix v25.11.0 Sat May 30 20:22:51 2026

Copyright (c) 1996-2018 Texas Instruments Incorporated
motor_control.asm                                                    PAGE   52

    2526              $C$DW$T$34      .dwtag  DW_TAG_structure_type
    2527                      .dwattr $C$DW$T$34, DW_AT_byte_size(0x0e)
    2528              $C$DW$162       .dwtag  DW_TAG_member
    2529                      .dwattr $C$DW$162, DW_AT_type(*$C$DW$T$31)
    2530                      .dwattr $C$DW$162, DW_AT_name("counts_per_mech_rev")
    2531                      .dwattr $C$DW$162, DW_AT_accessibility(DW_ACCESS_public)
    2532                      .dwattr $C$DW$162, DW_AT_decl_file("/home/jose/workspace_ccstheia/foc_f28379d/imported/foc/encoder.h"
    2533                      .dwattr $C$DW$162, DW_AT_decl_line(0x0d)
    2534                      .dwattr $C$DW$162, DW_AT_decl_column(0x0e)
    2535              
    2536              $C$DW$163       .dwtag  DW_TAG_member
    2537                      .dwattr $C$DW$163, DW_AT_type(*$C$DW$T$31)
    2538                      .dwattr $C$DW$163, DW_AT_name("pole_pairs")
    2539                      .dwattr $C$DW$163, DW_AT_data_member_location[DW_OP_plus_uconst 0x2]
    2540                      .dwattr $C$DW$163, DW_AT_accessibility(DW_ACCESS_public)
    2541                      .dwattr $C$DW$163, DW_AT_decl_file("/home/jose/workspace_ccstheia/foc_f28379d/imported/foc/encoder.h"
    2542                      .dwattr $C$DW$163, DW_AT_decl_line(0x0e)
    2543                      .dwattr $C$DW$163, DW_AT_decl_column(0x0e)
    2544              
    2545              $C$DW$164       .dwtag  DW_TAG_member
    2546                      .dwattr $C$DW$164, DW_AT_type(*$C$DW$T$16)
    2547                      .dwattr $C$DW$164, DW_AT_name("offset_rad")
    2548                      .dwattr $C$DW$164, DW_AT_data_member_location[DW_OP_plus_uconst 0x4]
    2549                      .dwattr $C$DW$164, DW_AT_accessibility(DW_ACCESS_public)
    2550                      .dwattr $C$DW$164, DW_AT_decl_file("/home/jose/workspace_ccstheia/foc_f28379d/imported/foc/encoder.h"
    2551                      .dwattr $C$DW$164, DW_AT_decl_line(0x0f)
    2552                      .dwattr $C$DW$164, DW_AT_decl_column(0x0e)
    2553              
    2554              $C$DW$165       .dwtag  DW_TAG_member
    2555                      .dwattr $C$DW$165, DW_AT_type(*$C$DW$T$27)
    2556                      .dwattr $C$DW$165, DW_AT_name("index_seen")
    2557                      .dwattr $C$DW$165, DW_AT_data_member_location[DW_OP_plus_uconst 0x6]
    2558                      .dwattr $C$DW$165, DW_AT_accessibility(DW_ACCESS_public)
    2559                      .dwattr $C$DW$165, DW_AT_decl_file("/home/jose/workspace_ccstheia/foc_f28379d/imported/foc/encoder.h"
    2560                      .dwattr $C$DW$165, DW_AT_decl_line(0x10)
    2561                      .dwattr $C$DW$165, DW_AT_decl_column(0x0e)
    2562              
    2563              $C$DW$166       .dwtag  DW_TAG_member
    2564                      .dwattr $C$DW$166, DW_AT_type(*$C$DW$T$33)
    2565                      .dwattr $C$DW$166, DW_AT_name("last_count")
    2566                      .dwattr $C$DW$166, DW_AT_data_member_location[DW_OP_plus_uconst 0x8]
    2567                      .dwattr $C$DW$166, DW_AT_accessibility(DW_ACCESS_public)
    2568                      .dwattr $C$DW$166, DW_AT_decl_file("/home/jose/workspace_ccstheia/foc_f28379d/imported/foc/encoder.h"
    2569                      .dwattr $C$DW$166, DW_AT_decl_line(0x11)
    2570                      .dwattr $C$DW$166, DW_AT_decl_column(0x0e)
    2571              
    2572              $C$DW$167       .dwtag  DW_TAG_member
    2573                      .dwattr $C$DW$167, DW_AT_type(*$C$DW$T$16)
    2574                      .dwattr $C$DW$167, DW_AT_name("theta_e")
    2575                      .dwattr $C$DW$167, DW_AT_data_member_location[DW_OP_plus_uconst 0xa]
    2576                      .dwattr $C$DW$167, DW_AT_accessibility(DW_ACCESS_public)
    2577                      .dwattr $C$DW$167, DW_AT_decl_file("/home/jose/workspace_ccstheia/foc_f28379d/imported/foc/encoder.h"
    2578                      .dwattr $C$DW$167, DW_AT_decl_line(0x12)
    2579                      .dwattr $C$DW$167, DW_AT_decl_column(0x0e)
    2580              
TMS320C2000 Assembler Unix v25.11.0 Sat May 30 20:22:51 2026

Copyright (c) 1996-2018 Texas Instruments Incorporated
motor_control.asm                                                    PAGE   53

    2581              $C$DW$168       .dwtag  DW_TAG_member
    2582                      .dwattr $C$DW$168, DW_AT_type(*$C$DW$T$16)
    2583                      .dwattr $C$DW$168, DW_AT_name("speed_pu")
    2584                      .dwattr $C$DW$168, DW_AT_data_member_location[DW_OP_plus_uconst 0xc]
    2585                      .dwattr $C$DW$168, DW_AT_accessibility(DW_ACCESS_public)
    2586                      .dwattr $C$DW$168, DW_AT_decl_file("/home/jose/workspace_ccstheia/foc_f28379d/imported/foc/encoder.h"
    2587                      .dwattr $C$DW$168, DW_AT_decl_line(0x13)
    2588                      .dwattr $C$DW$168, DW_AT_decl_column(0x0e)
    2589              
    2590                      .dwattr $C$DW$T$34, DW_AT_decl_file("/home/jose/workspace_ccstheia/foc_f28379d/imported/foc/encoder.h
    2591                      .dwattr $C$DW$T$34, DW_AT_decl_line(0x0c)
    2592                      .dwattr $C$DW$T$34, DW_AT_decl_column(0x10)
    2593                      .dwendtag $C$DW$T$34
    2594              
    2595                      .dwendtag $C$DW$TU$34
    2596              
    2597              
    2598              $C$DW$TU$39     .dwtag  DW_TAG_type_unit
    2599                      .dwmtype  $C$DW$T$39
    2600              $C$DW$T$39      .dwtag  DW_TAG_typedef
    2601                      .dwattr $C$DW$T$39, DW_AT_name("encoder_t")
    2602                      .dwattr $C$DW$T$39, DW_AT_type(*$C$DW$T$34)
    2603                      .dwattr $C$DW$T$39, DW_AT_decl_file("/home/jose/workspace_ccstheia/foc_f28379d/imported/foc/encoder.h
    2604                      .dwattr $C$DW$T$39, DW_AT_decl_line(0x14)
    2605                      .dwattr $C$DW$T$39, DW_AT_decl_column(0x03)
    2606              
    2607                      .dwendtag $C$DW$TU$39
    2608              
    2609              
    2610              $C$DW$TU$54     .dwtag  DW_TAG_type_unit
    2611                      .dwmtype  $C$DW$T$54
    2612              $C$DW$T$54      .dwtag  DW_TAG_pointer_type
    2613                      .dwattr $C$DW$T$54, DW_AT_type(*$C$DW$T$39)
    2614                      .dwattr $C$DW$T$54, DW_AT_address_class(0x20)
    2615              
    2616                      .dwendtag $C$DW$TU$54
    2617              
    2618              
    2619              $C$DW$TU$40     .dwtag  DW_TAG_type_unit
    2620                      .dwmtype  $C$DW$T$40
    2621              
    2622              $C$DW$T$40      .dwtag  DW_TAG_structure_type
    2623                      .dwattr $C$DW$T$40, DW_AT_byte_size(0x72)
    2624              $C$DW$169       .dwtag  DW_TAG_member
    2625                      .dwattr $C$DW$169, DW_AT_type(*$C$DW$T$36)
    2626                      .dwattr $C$DW$169, DW_AT_name("state")
    2627                      .dwattr $C$DW$169, DW_AT_accessibility(DW_ACCESS_public)
    2628                      .dwattr $C$DW$169, DW_AT_decl_file("../imported/app/motor_control.h")
    2629                      .dwattr $C$DW$169, DW_AT_decl_line(0x0a)
    2630                      .dwattr $C$DW$169, DW_AT_decl_column(0x13)
    2631              
    2632              $C$DW$170       .dwtag  DW_TAG_member
    2633                      .dwattr $C$DW$170, DW_AT_type(*$C$DW$T$31)
    2634                      .dwattr $C$DW$170, DW_AT_name("fault_flags")
    2635                      .dwattr $C$DW$170, DW_AT_data_member_location[DW_OP_plus_uconst 0x2]
TMS320C2000 Assembler Unix v25.11.0 Sat May 30 20:22:51 2026

Copyright (c) 1996-2018 Texas Instruments Incorporated
motor_control.asm                                                    PAGE   54

    2636                      .dwattr $C$DW$170, DW_AT_accessibility(DW_ACCESS_public)
    2637                      .dwattr $C$DW$170, DW_AT_decl_file("../imported/app/motor_control.h")
    2638                      .dwattr $C$DW$170, DW_AT_decl_line(0x0b)
    2639                      .dwattr $C$DW$170, DW_AT_decl_column(0x13)
    2640              
    2641              $C$DW$171       .dwtag  DW_TAG_member
    2642                      .dwattr $C$DW$171, DW_AT_type(*$C$DW$T$31)
    2643                      .dwattr $C$DW$171, DW_AT_name("ticks_in_state")
    2644                      .dwattr $C$DW$171, DW_AT_data_member_location[DW_OP_plus_uconst 0x4]
    2645                      .dwattr $C$DW$171, DW_AT_accessibility(DW_ACCESS_public)
    2646                      .dwattr $C$DW$171, DW_AT_decl_file("../imported/app/motor_control.h")
    2647                      .dwattr $C$DW$171, DW_AT_decl_line(0x0c)
    2648                      .dwattr $C$DW$171, DW_AT_decl_column(0x13)
    2649              
    2650              $C$DW$172       .dwtag  DW_TAG_member
    2651                      .dwattr $C$DW$172, DW_AT_type(*$C$DW$T$31)
    2652                      .dwattr $C$DW$172, DW_AT_name("adc_cal_acc_a")
    2653                      .dwattr $C$DW$172, DW_AT_data_member_location[DW_OP_plus_uconst 0x6]
    2654                      .dwattr $C$DW$172, DW_AT_accessibility(DW_ACCESS_public)
    2655                      .dwattr $C$DW$172, DW_AT_decl_file("../imported/app/motor_control.h")
    2656                      .dwattr $C$DW$172, DW_AT_decl_line(0x0d)
    2657                      .dwattr $C$DW$172, DW_AT_decl_column(0x13)
    2658              
    2659              $C$DW$173       .dwtag  DW_TAG_member
    2660                      .dwattr $C$DW$173, DW_AT_type(*$C$DW$T$31)
    2661                      .dwattr $C$DW$173, DW_AT_name("adc_cal_acc_b")
    2662                      .dwattr $C$DW$173, DW_AT_data_member_location[DW_OP_plus_uconst 0x8]
    2663                      .dwattr $C$DW$173, DW_AT_accessibility(DW_ACCESS_public)
    2664                      .dwattr $C$DW$173, DW_AT_decl_file("../imported/app/motor_control.h")
    2665                      .dwattr $C$DW$173, DW_AT_decl_line(0x0e)
    2666                      .dwattr $C$DW$173, DW_AT_decl_column(0x13)
    2667              
    2668              $C$DW$174       .dwtag  DW_TAG_member
    2669                      .dwattr $C$DW$174, DW_AT_type(*$C$DW$T$31)
    2670                      .dwattr $C$DW$174, DW_AT_name("adc_cal_acc_c")
    2671                      .dwattr $C$DW$174, DW_AT_data_member_location[DW_OP_plus_uconst 0xa]
    2672                      .dwattr $C$DW$174, DW_AT_accessibility(DW_ACCESS_public)
    2673                      .dwattr $C$DW$174, DW_AT_decl_file("../imported/app/motor_control.h")
    2674                      .dwattr $C$DW$174, DW_AT_decl_line(0x0f)
    2675                      .dwattr $C$DW$174, DW_AT_decl_column(0x13)
    2676              
    2677              $C$DW$175       .dwtag  DW_TAG_member
    2678                      .dwattr $C$DW$175, DW_AT_type(*$C$DW$T$31)
    2679                      .dwattr $C$DW$175, DW_AT_name("adc_cal_samples")
    2680                      .dwattr $C$DW$175, DW_AT_data_member_location[DW_OP_plus_uconst 0xc]
    2681                      .dwattr $C$DW$175, DW_AT_accessibility(DW_ACCESS_public)
    2682                      .dwattr $C$DW$175, DW_AT_decl_file("../imported/app/motor_control.h")
    2683                      .dwattr $C$DW$175, DW_AT_decl_line(0x10)
    2684                      .dwattr $C$DW$175, DW_AT_decl_column(0x13)
    2685              
    2686              $C$DW$176       .dwtag  DW_TAG_member
    2687                      .dwattr $C$DW$176, DW_AT_type(*$C$DW$T$16)
    2688                      .dwattr $C$DW$176, DW_AT_name("speed_ref_pu")
    2689                      .dwattr $C$DW$176, DW_AT_data_member_location[DW_OP_plus_uconst 0xe]
    2690                      .dwattr $C$DW$176, DW_AT_accessibility(DW_ACCESS_public)
TMS320C2000 Assembler Unix v25.11.0 Sat May 30 20:22:51 2026

Copyright (c) 1996-2018 Texas Instruments Incorporated
motor_control.asm                                                    PAGE   55

    2691                      .dwattr $C$DW$176, DW_AT_decl_file("../imported/app/motor_control.h")
    2692                      .dwattr $C$DW$176, DW_AT_decl_line(0x12)
    2693                      .dwattr $C$DW$176, DW_AT_decl_column(0x0e)
    2694              
    2695              $C$DW$177       .dwtag  DW_TAG_member
    2696                      .dwattr $C$DW$177, DW_AT_type(*$C$DW$T$16)
    2697                      .dwattr $C$DW$177, DW_AT_name("speed_ramp_pu")
    2698                      .dwattr $C$DW$177, DW_AT_data_member_location[DW_OP_plus_uconst 0x10]
    2699                      .dwattr $C$DW$177, DW_AT_accessibility(DW_ACCESS_public)
    2700                      .dwattr $C$DW$177, DW_AT_decl_file("../imported/app/motor_control.h")
    2701                      .dwattr $C$DW$177, DW_AT_decl_line(0x13)
    2702                      .dwattr $C$DW$177, DW_AT_decl_column(0x0e)
    2703              
    2704              $C$DW$178       .dwtag  DW_TAG_member
    2705                      .dwattr $C$DW$178, DW_AT_type(*$C$DW$T$37)
    2706                      .dwattr $C$DW$178, DW_AT_name("foc")
    2707                      .dwattr $C$DW$178, DW_AT_data_member_location[DW_OP_plus_uconst 0x12]
    2708                      .dwattr $C$DW$178, DW_AT_accessibility(DW_ACCESS_public)
    2709                      .dwattr $C$DW$178, DW_AT_decl_file("../imported/app/motor_control.h")
    2710                      .dwattr $C$DW$178, DW_AT_decl_line(0x15)
    2711                      .dwattr $C$DW$178, DW_AT_decl_column(0x12)
    2712              
    2713              $C$DW$179       .dwtag  DW_TAG_member
    2714                      .dwattr $C$DW$179, DW_AT_type(*$C$DW$T$38)
    2715                      .dwattr $C$DW$179, DW_AT_name("spd")
    2716                      .dwattr $C$DW$179, DW_AT_data_member_location[DW_OP_plus_uconst 0x58]
    2717                      .dwattr $C$DW$179, DW_AT_accessibility(DW_ACCESS_public)
    2718                      .dwattr $C$DW$179, DW_AT_decl_file("../imported/app/motor_control.h")
    2719                      .dwattr $C$DW$179, DW_AT_decl_line(0x16)
    2720                      .dwattr $C$DW$179, DW_AT_decl_column(0x12)
    2721              
    2722              $C$DW$180       .dwtag  DW_TAG_member
    2723                      .dwattr $C$DW$180, DW_AT_type(*$C$DW$T$39)
    2724                      .dwattr $C$DW$180, DW_AT_name("enc")
    2725                      .dwattr $C$DW$180, DW_AT_data_member_location[DW_OP_plus_uconst 0x64]
    2726                      .dwattr $C$DW$180, DW_AT_accessibility(DW_ACCESS_public)
    2727                      .dwattr $C$DW$180, DW_AT_decl_file("../imported/app/motor_control.h")
    2728                      .dwattr $C$DW$180, DW_AT_decl_line(0x17)
    2729                      .dwattr $C$DW$180, DW_AT_decl_column(0x12)
    2730              
    2731                      .dwattr $C$DW$T$40, DW_AT_decl_file("../imported/app/motor_control.h")
    2732                      .dwattr $C$DW$T$40, DW_AT_decl_line(0x09)
    2733                      .dwattr $C$DW$T$40, DW_AT_decl_column(0x10)
    2734                      .dwendtag $C$DW$T$40
    2735              
    2736                      .dwendtag $C$DW$TU$40
    2737              
    2738              
    2739              $C$DW$TU$57     .dwtag  DW_TAG_type_unit
    2740                      .dwmtype  $C$DW$T$57
    2741              $C$DW$T$57      .dwtag  DW_TAG_typedef
    2742                      .dwattr $C$DW$T$57, DW_AT_name("motor_ctl_t")
    2743                      .dwattr $C$DW$T$57, DW_AT_type(*$C$DW$T$40)
    2744                      .dwattr $C$DW$T$57, DW_AT_decl_file("../imported/app/motor_control.h")
    2745                      .dwattr $C$DW$T$57, DW_AT_decl_line(0x18)
TMS320C2000 Assembler Unix v25.11.0 Sat May 30 20:22:51 2026

Copyright (c) 1996-2018 Texas Instruments Incorporated
motor_control.asm                                                    PAGE   56

    2746                      .dwattr $C$DW$T$57, DW_AT_decl_column(0x03)
    2747              
    2748                      .dwendtag $C$DW$TU$57
    2749              
    2750              
    2751              $C$DW$TU$58     .dwtag  DW_TAG_type_unit
    2752                      .dwmtype  $C$DW$T$58
    2753              $C$DW$T$58      .dwtag  DW_TAG_pointer_type
    2754                      .dwattr $C$DW$T$58, DW_AT_type(*$C$DW$T$57)
    2755                      .dwattr $C$DW$T$58, DW_AT_address_class(0x20)
    2756              
    2757                      .dwendtag $C$DW$TU$58
    2758              
    2759              
    2760              $C$DW$TU$59     .dwtag  DW_TAG_type_unit
    2761                      .dwmtype  $C$DW$T$59
    2762              $C$DW$181       .dwtag  DW_TAG_TI_far_type
    2763                      .dwattr $C$DW$181, DW_AT_type(*$C$DW$T$58)
    2764              
    2765              $C$DW$T$59      .dwtag  DW_TAG_const_type
    2766                      .dwattr $C$DW$T$59, DW_AT_type(*$C$DW$181)
    2767              
    2768                      .dwendtag $C$DW$TU$59
    2769              
    2770              
    2771              $C$DW$TU$2      .dwtag  DW_TAG_type_unit
    2772                      .dwmtype  $C$DW$T$2
    2773              $C$DW$T$2       .dwtag  DW_TAG_unspecified_type
    2774                      .dwattr $C$DW$T$2, DW_AT_name("void")
    2775              
    2776                      .dwendtag $C$DW$TU$2
    2777              
    2778              
    2779              $C$DW$TU$4      .dwtag  DW_TAG_type_unit
    2780                      .dwmtype  $C$DW$T$4
    2781              $C$DW$T$4       .dwtag  DW_TAG_base_type
    2782                      .dwattr $C$DW$T$4, DW_AT_encoding(DW_ATE_boolean)
    2783                      .dwattr $C$DW$T$4, DW_AT_name("bool")
    2784                      .dwattr $C$DW$T$4, DW_AT_byte_size(0x01)
    2785              
    2786                      .dwendtag $C$DW$TU$4
    2787              
    2788              
    2789              $C$DW$TU$5      .dwtag  DW_TAG_type_unit
    2790                      .dwmtype  $C$DW$T$5
    2791              $C$DW$T$5       .dwtag  DW_TAG_base_type
    2792                      .dwattr $C$DW$T$5, DW_AT_encoding(DW_ATE_signed_char)
    2793                      .dwattr $C$DW$T$5, DW_AT_name("signed char")
    2794                      .dwattr $C$DW$T$5, DW_AT_byte_size(0x01)
    2795              
    2796                      .dwendtag $C$DW$TU$5
    2797              
    2798              
    2799              $C$DW$TU$6      .dwtag  DW_TAG_type_unit
    2800                      .dwmtype  $C$DW$T$6
TMS320C2000 Assembler Unix v25.11.0 Sat May 30 20:22:51 2026

Copyright (c) 1996-2018 Texas Instruments Incorporated
motor_control.asm                                                    PAGE   57

    2801              $C$DW$T$6       .dwtag  DW_TAG_base_type
    2802                      .dwattr $C$DW$T$6, DW_AT_encoding(DW_ATE_unsigned_char)
    2803                      .dwattr $C$DW$T$6, DW_AT_name("unsigned char")
    2804                      .dwattr $C$DW$T$6, DW_AT_byte_size(0x01)
    2805              
    2806                      .dwendtag $C$DW$TU$6
    2807              
    2808              
    2809              $C$DW$TU$7      .dwtag  DW_TAG_type_unit
    2810                      .dwmtype  $C$DW$T$7
    2811              $C$DW$T$7       .dwtag  DW_TAG_base_type
    2812                      .dwattr $C$DW$T$7, DW_AT_encoding(DW_ATE_signed_char)
    2813                      .dwattr $C$DW$T$7, DW_AT_name("wchar_t")
    2814                      .dwattr $C$DW$T$7, DW_AT_byte_size(0x02)
    2815              
    2816                      .dwendtag $C$DW$TU$7
    2817              
    2818              
    2819              $C$DW$TU$8      .dwtag  DW_TAG_type_unit
    2820                      .dwmtype  $C$DW$T$8
    2821              $C$DW$T$8       .dwtag  DW_TAG_base_type
    2822                      .dwattr $C$DW$T$8, DW_AT_encoding(DW_ATE_signed)
    2823                      .dwattr $C$DW$T$8, DW_AT_name("short")
    2824                      .dwattr $C$DW$T$8, DW_AT_byte_size(0x01)
    2825              
    2826                      .dwendtag $C$DW$TU$8
    2827              
    2828              
    2829              $C$DW$TU$9      .dwtag  DW_TAG_type_unit
    2830                      .dwmtype  $C$DW$T$9
    2831              $C$DW$T$9       .dwtag  DW_TAG_base_type
    2832                      .dwattr $C$DW$T$9, DW_AT_encoding(DW_ATE_unsigned)
    2833                      .dwattr $C$DW$T$9, DW_AT_name("unsigned short")
    2834                      .dwattr $C$DW$T$9, DW_AT_byte_size(0x01)
    2835              
    2836                      .dwendtag $C$DW$TU$9
    2837              
    2838              
    2839              $C$DW$TU$72     .dwtag  DW_TAG_type_unit
    2840                      .dwmtype  $C$DW$T$72
    2841              $C$DW$T$72      .dwtag  DW_TAG_typedef
    2842                      .dwattr $C$DW$T$72, DW_AT_name("__uint16_t")
    2843                      .dwattr $C$DW$T$72, DW_AT_type(*$C$DW$T$9)
    2844                      .dwattr $C$DW$T$72, DW_AT_decl_file("/home/jose/ti/ccs2051/ccs/tools/compiler/ti-cgt-c2000_25.11.0.LT
    2845                      .dwattr $C$DW$T$72, DW_AT_decl_line(0x41)
    2846                      .dwattr $C$DW$T$72, DW_AT_decl_column(0x1c)
    2847              
    2848                      .dwendtag $C$DW$TU$72
    2849              
    2850              
    2851              $C$DW$TU$73     .dwtag  DW_TAG_type_unit
    2852                      .dwmtype  $C$DW$T$73
    2853              $C$DW$T$73      .dwtag  DW_TAG_typedef
    2854                      .dwattr $C$DW$T$73, DW_AT_name("uint16_t")
    2855                      .dwattr $C$DW$T$73, DW_AT_type(*$C$DW$T$72)
TMS320C2000 Assembler Unix v25.11.0 Sat May 30 20:22:51 2026

Copyright (c) 1996-2018 Texas Instruments Incorporated
motor_control.asm                                                    PAGE   58

    2856                      .dwattr $C$DW$T$73, DW_AT_decl_file("/home/jose/ti/ccs2051/ccs/tools/compiler/ti-cgt-c2000_25.11.0.LT
    2857                      .dwattr $C$DW$T$73, DW_AT_decl_line(0x41)
    2858                      .dwattr $C$DW$T$73, DW_AT_decl_column(0x15)
    2859              
    2860                      .dwendtag $C$DW$TU$73
    2861              
    2862              
    2863              $C$DW$TU$10     .dwtag  DW_TAG_type_unit
    2864                      .dwmtype  $C$DW$T$10
    2865              $C$DW$T$10      .dwtag  DW_TAG_base_type
    2866                      .dwattr $C$DW$T$10, DW_AT_encoding(DW_ATE_signed)
    2867                      .dwattr $C$DW$T$10, DW_AT_name("int")
    2868                      .dwattr $C$DW$T$10, DW_AT_byte_size(0x01)
    2869              
    2870                      .dwendtag $C$DW$TU$10
    2871              
    2872              
    2873              $C$DW$TU$11     .dwtag  DW_TAG_type_unit
    2874                      .dwmtype  $C$DW$T$11
    2875              $C$DW$T$11      .dwtag  DW_TAG_base_type
    2876                      .dwattr $C$DW$T$11, DW_AT_encoding(DW_ATE_unsigned)
    2877                      .dwattr $C$DW$T$11, DW_AT_name("unsigned int")
    2878                      .dwattr $C$DW$T$11, DW_AT_byte_size(0x01)
    2879              
    2880                      .dwendtag $C$DW$TU$11
    2881              
    2882              
    2883              $C$DW$TU$12     .dwtag  DW_TAG_type_unit
    2884                      .dwmtype  $C$DW$T$12
    2885              $C$DW$T$12      .dwtag  DW_TAG_base_type
    2886                      .dwattr $C$DW$T$12, DW_AT_encoding(DW_ATE_signed)
    2887                      .dwattr $C$DW$T$12, DW_AT_name("long")
    2888                      .dwattr $C$DW$T$12, DW_AT_byte_size(0x02)
    2889              
    2890                      .dwendtag $C$DW$TU$12
    2891              
    2892              
    2893              $C$DW$TU$32     .dwtag  DW_TAG_type_unit
    2894                      .dwmtype  $C$DW$T$32
    2895              $C$DW$T$32      .dwtag  DW_TAG_typedef
    2896                      .dwattr $C$DW$T$32, DW_AT_name("__int32_t")
    2897                      .dwattr $C$DW$T$32, DW_AT_type(*$C$DW$T$12)
    2898                      .dwattr $C$DW$T$32, DW_AT_decl_file("/home/jose/ti/ccs2051/ccs/tools/compiler/ti-cgt-c2000_25.11.0.LT
    2899                      .dwattr $C$DW$T$32, DW_AT_decl_line(0x42)
    2900                      .dwattr $C$DW$T$32, DW_AT_decl_column(0x1d)
    2901              
    2902                      .dwendtag $C$DW$TU$32
    2903              
    2904              
    2905              $C$DW$TU$33     .dwtag  DW_TAG_type_unit
    2906                      .dwmtype  $C$DW$T$33
    2907              $C$DW$T$33      .dwtag  DW_TAG_typedef
    2908                      .dwattr $C$DW$T$33, DW_AT_name("int32_t")
    2909                      .dwattr $C$DW$T$33, DW_AT_type(*$C$DW$T$32)
    2910                      .dwattr $C$DW$T$33, DW_AT_decl_file("/home/jose/ti/ccs2051/ccs/tools/compiler/ti-cgt-c2000_25.11.0.LT
TMS320C2000 Assembler Unix v25.11.0 Sat May 30 20:22:51 2026

Copyright (c) 1996-2018 Texas Instruments Incorporated
motor_control.asm                                                    PAGE   59

    2911                      .dwattr $C$DW$T$33, DW_AT_decl_line(0x30)
    2912                      .dwattr $C$DW$T$33, DW_AT_decl_column(0x14)
    2913              
    2914                      .dwendtag $C$DW$TU$33
    2915              
    2916              
    2917              $C$DW$TU$13     .dwtag  DW_TAG_type_unit
    2918                      .dwmtype  $C$DW$T$13
    2919              $C$DW$T$13      .dwtag  DW_TAG_base_type
    2920                      .dwattr $C$DW$T$13, DW_AT_encoding(DW_ATE_unsigned)
    2921                      .dwattr $C$DW$T$13, DW_AT_name("unsigned long")
    2922                      .dwattr $C$DW$T$13, DW_AT_byte_size(0x02)
    2923              
    2924                      .dwendtag $C$DW$TU$13
    2925              
    2926              
    2927              $C$DW$TU$30     .dwtag  DW_TAG_type_unit
    2928                      .dwmtype  $C$DW$T$30
    2929              $C$DW$T$30      .dwtag  DW_TAG_typedef
    2930                      .dwattr $C$DW$T$30, DW_AT_name("__uint32_t")
    2931                      .dwattr $C$DW$T$30, DW_AT_type(*$C$DW$T$13)
    2932                      .dwattr $C$DW$T$30, DW_AT_decl_file("/home/jose/ti/ccs2051/ccs/tools/compiler/ti-cgt-c2000_25.11.0.LT
    2933                      .dwattr $C$DW$T$30, DW_AT_decl_line(0x43)
    2934                      .dwattr $C$DW$T$30, DW_AT_decl_column(0x1c)
    2935              
    2936                      .dwendtag $C$DW$TU$30
    2937              
    2938              
    2939              $C$DW$TU$31     .dwtag  DW_TAG_type_unit
    2940                      .dwmtype  $C$DW$T$31
    2941              $C$DW$T$31      .dwtag  DW_TAG_typedef
    2942                      .dwattr $C$DW$T$31, DW_AT_name("uint32_t")
    2943                      .dwattr $C$DW$T$31, DW_AT_type(*$C$DW$T$30)
    2944                      .dwattr $C$DW$T$31, DW_AT_decl_file("/home/jose/ti/ccs2051/ccs/tools/compiler/ti-cgt-c2000_25.11.0.LT
    2945                      .dwattr $C$DW$T$31, DW_AT_decl_line(0x46)
    2946                      .dwattr $C$DW$T$31, DW_AT_decl_column(0x15)
    2947              
    2948                      .dwendtag $C$DW$TU$31
    2949              
    2950              
    2951              $C$DW$TU$103    .dwtag  DW_TAG_type_unit
    2952                      .dwmtype  $C$DW$T$103
    2953              $C$DW$182       .dwtag  DW_TAG_TI_far_type
    2954                      .dwattr $C$DW$182, DW_AT_type(*$C$DW$T$31)
    2955              
    2956              $C$DW$T$103     .dwtag  DW_TAG_const_type
    2957                      .dwattr $C$DW$T$103, DW_AT_type(*$C$DW$182)
    2958              
    2959                      .dwendtag $C$DW$TU$103
    2960              
    2961              
    2962              $C$DW$TU$14     .dwtag  DW_TAG_type_unit
    2963                      .dwmtype  $C$DW$T$14
    2964              $C$DW$T$14      .dwtag  DW_TAG_base_type
    2965                      .dwattr $C$DW$T$14, DW_AT_encoding(DW_ATE_signed)
TMS320C2000 Assembler Unix v25.11.0 Sat May 30 20:22:51 2026

Copyright (c) 1996-2018 Texas Instruments Incorporated
motor_control.asm                                                    PAGE   60

    2966                      .dwattr $C$DW$T$14, DW_AT_name("long long")
    2967                      .dwattr $C$DW$T$14, DW_AT_byte_size(0x04)
    2968              
    2969                      .dwendtag $C$DW$TU$14
    2970              
    2971              
    2972              $C$DW$TU$15     .dwtag  DW_TAG_type_unit
    2973                      .dwmtype  $C$DW$T$15
    2974              $C$DW$T$15      .dwtag  DW_TAG_base_type
    2975                      .dwattr $C$DW$T$15, DW_AT_encoding(DW_ATE_unsigned)
    2976                      .dwattr $C$DW$T$15, DW_AT_name("unsigned long long")
    2977                      .dwattr $C$DW$T$15, DW_AT_byte_size(0x04)
    2978              
    2979                      .dwendtag $C$DW$TU$15
    2980              
    2981              
    2982              $C$DW$TU$16     .dwtag  DW_TAG_type_unit
    2983                      .dwmtype  $C$DW$T$16
    2984              $C$DW$T$16      .dwtag  DW_TAG_base_type
    2985                      .dwattr $C$DW$T$16, DW_AT_encoding(DW_ATE_float)
    2986                      .dwattr $C$DW$T$16, DW_AT_name("float")
    2987                      .dwattr $C$DW$T$16, DW_AT_byte_size(0x02)
    2988              
    2989                      .dwendtag $C$DW$TU$16
    2990              
    2991              
    2992              $C$DW$TU$110    .dwtag  DW_TAG_type_unit
    2993                      .dwmtype  $C$DW$T$110
    2994              $C$DW$183       .dwtag  DW_TAG_TI_far_type
    2995                      .dwattr $C$DW$183, DW_AT_type(*$C$DW$T$16)
    2996              
    2997              $C$DW$T$110     .dwtag  DW_TAG_const_type
    2998                      .dwattr $C$DW$T$110, DW_AT_type(*$C$DW$183)
    2999              
    3000                      .dwendtag $C$DW$TU$110
    3001              
    3002              
    3003              $C$DW$TU$17     .dwtag  DW_TAG_type_unit
    3004                      .dwmtype  $C$DW$T$17
    3005              $C$DW$T$17      .dwtag  DW_TAG_base_type
    3006                      .dwattr $C$DW$T$17, DW_AT_encoding(DW_ATE_float)
    3007                      .dwattr $C$DW$T$17, DW_AT_name("double")
    3008                      .dwattr $C$DW$T$17, DW_AT_byte_size(0x04)
    3009              
    3010                      .dwendtag $C$DW$TU$17
    3011              
    3012              
    3013              $C$DW$TU$18     .dwtag  DW_TAG_type_unit
    3014                      .dwmtype  $C$DW$T$18
    3015              $C$DW$T$18      .dwtag  DW_TAG_base_type
    3016                      .dwattr $C$DW$T$18, DW_AT_encoding(DW_ATE_float)
    3017                      .dwattr $C$DW$T$18, DW_AT_name("long double")
    3018                      .dwattr $C$DW$T$18, DW_AT_byte_size(0x04)
    3019              
    3020                      .dwendtag $C$DW$TU$18
TMS320C2000 Assembler Unix v25.11.0 Sat May 30 20:22:51 2026

Copyright (c) 1996-2018 Texas Instruments Incorporated
motor_control.asm                                                    PAGE   61

    3021              
    3022              
    3023              $C$DW$TU$27     .dwtag  DW_TAG_type_unit
    3024                      .dwmtype  $C$DW$T$27
    3025              $C$DW$T$27      .dwtag  DW_TAG_base_type
    3026                      .dwattr $C$DW$T$27, DW_AT_encoding(DW_ATE_unsigned_char)
    3027                      .dwattr $C$DW$T$27, DW_AT_name("unsigned char")
    3028                      .dwattr $C$DW$T$27, DW_AT_byte_size(0x01)
    3029              
    3030                      .dwendtag $C$DW$TU$27
    3031              

No Assembly Errors, No Assembly Warnings
