TMS320C2000 Assembler Unix v25.11.0 Sat May 30 20:22:51 2026

Copyright (c) 1996-2018 Texas Instruments Incorporated
drv8305.asm                                                          PAGE    1

       1              ;***************************************************************
       2              ;* TMS320C2000 G3 C/C++ Codegen                         Unix v25.11.0.LTS *
       3              ;* Date/Time created: Sat May 30 20:22:51 2026                 *
       4              ;***************************************************************
       5                      .compiler_opts --abi=eabi --cla_support=cla1 --diag_wrap=off --float_support=fpu32 --hll_source=on --
       6                      .asg    XAR2, FP
       7              
       8              $C$DW$CU        .dwtag  DW_TAG_compile_unit
       9                      .dwattr $C$DW$CU, DW_AT_name("../imported/hal/drv8305.c")
      10                      .dwattr $C$DW$CU, DW_AT_producer("TI TMS320C2000 G3 C/C++ Codegen Unix v25.11.0.LTS Copyright (c) 199
      11                      .dwattr $C$DW$CU, DW_AT_TI_version(0x01)
      12                      .dwattr $C$DW$CU, DW_AT_comp_dir("/home/jose/workspace_ccstheia/foc_f28379d/Debug_BOOSTXL_Teknic_QEP"
      13              
      14              $C$DW$1 .dwtag  DW_TAG_subprogram
      15                      .dwattr $C$DW$1, DW_AT_name("GPIO_SetupPinMux")
      16                      .dwattr $C$DW$1, DW_AT_linkage_name("GPIO_SetupPinMux")
      17                      .dwattr $C$DW$1, DW_AT_declaration
      18                      .dwattr $C$DW$1, DW_AT_external
      19                      .dwattr $C$DW$1, DW_AT_decl_file("/home/jose/ti/c2000/C2000Ware_26_01_00_00/device_support/f2837xd/co
      20                      .dwattr $C$DW$1, DW_AT_decl_line(0x102)
      21                      .dwattr $C$DW$1, DW_AT_decl_column(0x0d)
      22              $C$DW$2 .dwtag  DW_TAG_formal_parameter
      23                      .dwattr $C$DW$2, DW_AT_type(*$C$DW$T$19)
      24              
      25              $C$DW$3 .dwtag  DW_TAG_formal_parameter
      26                      .dwattr $C$DW$3, DW_AT_type(*$C$DW$T$19)
      27              
      28              $C$DW$4 .dwtag  DW_TAG_formal_parameter
      29                      .dwattr $C$DW$4, DW_AT_type(*$C$DW$T$19)
      30              
      31                      .dwendtag $C$DW$1
      32              
      33              
      34              $C$DW$5 .dwtag  DW_TAG_subprogram
      35                      .dwattr $C$DW$5, DW_AT_name("F28x_usDelay")
      36                      .dwattr $C$DW$5, DW_AT_linkage_name("F28x_usDelay")
      37                      .dwattr $C$DW$5, DW_AT_declaration
      38                      .dwattr $C$DW$5, DW_AT_external
      39                      .dwattr $C$DW$5, DW_AT_decl_file("/home/jose/ti/c2000/C2000Ware_26_01_00_00/device_support/f2837xd/co
      40                      .dwattr $C$DW$5, DW_AT_decl_line(0x176)
      41                      .dwattr $C$DW$5, DW_AT_decl_column(0x0d)
      42              $C$DW$6 .dwtag  DW_TAG_formal_parameter
      43                      .dwattr $C$DW$6, DW_AT_type(*$C$DW$T$12)
      44              
      45                      .dwendtag $C$DW$5
      46              
      47              $C$DW$7 .dwtag  DW_TAG_variable
      48                      .dwattr $C$DW$7, DW_AT_name("SpiaRegs")
      49                      .dwattr $C$DW$7, DW_AT_linkage_name("SpiaRegs")
      50                      .dwattr $C$DW$7, DW_AT_type(*$C$DW$T$105)
      51                      .dwattr $C$DW$7, DW_AT_declaration
      52                      .dwattr $C$DW$7, DW_AT_external
      53                      .dwattr $C$DW$7, DW_AT_decl_file("/home/jose/ti/c2000/C2000Ware_26_01_00_00/device_support/f2837xd/he
      54                      .dwattr $C$DW$7, DW_AT_decl_line(0xb8)
      55                      .dwattr $C$DW$7, DW_AT_decl_column(0x21)
TMS320C2000 Assembler Unix v25.11.0 Sat May 30 20:22:51 2026

Copyright (c) 1996-2018 Texas Instruments Incorporated
drv8305.asm                                                          PAGE    2

      56              
      57              $C$DW$8 .dwtag  DW_TAG_variable
      58                      .dwattr $C$DW$8, DW_AT_name("GpioDataRegs")
      59                      .dwattr $C$DW$8, DW_AT_linkage_name("GpioDataRegs")
      60                      .dwattr $C$DW$8, DW_AT_type(*$C$DW$T$99)
      61                      .dwattr $C$DW$8, DW_AT_declaration
      62                      .dwattr $C$DW$8, DW_AT_external
      63                      .dwattr $C$DW$8, DW_AT_decl_file("/home/jose/ti/c2000/C2000Ware_26_01_00_00/device_support/f2837xd/he
      64                      .dwattr $C$DW$8, DW_AT_decl_line(0xf1d)
      65                      .dwattr $C$DW$8, DW_AT_decl_column(0x27)
      66              
      67              ;       /home/jose/ti/ccs2051/ccs/tools/compiler/ti-cgt-c2000_25.11.0.LTS/bin/opt2000 /tmp/TI6WTKANnMj /tmp/T
      68              ;       /home/jose/ti/ccs2051/ccs/tools/compiler/ti-cgt-c2000_25.11.0.LTS/bin/acia2000 -@/tmp/TI6WT1rxDdJ 
      69 00000000               .sect   ".text:drv8305_write"
      70                      .clink
      71                      .global ||drv8305_write||
      72              
      73              $C$DW$9 .dwtag  DW_TAG_subprogram
      74                      .dwattr $C$DW$9, DW_AT_name("drv8305_write")
      75                      .dwattr $C$DW$9, DW_AT_low_pc(||drv8305_write||)
      76                      .dwattr $C$DW$9, DW_AT_high_pc(0x00)
      77                      .dwattr $C$DW$9, DW_AT_linkage_name("drv8305_write")
      78                      .dwattr $C$DW$9, DW_AT_external
      79                      .dwattr $C$DW$9, DW_AT_decl_file("../imported/hal/drv8305.c")
      80                      .dwattr $C$DW$9, DW_AT_decl_line(0x28)
      81                      .dwattr $C$DW$9, DW_AT_decl_column(0x06)
      82                      .dwattr $C$DW$9, DW_AT_TI_max_frame_size(-2)
      83                      .dwpsn  file "../imported/hal/drv8305.c",line 41,column 1,is_stmt,address ||drv8305_write||,isa 0
      84              
      85                      .dwfde $C$DW$CIE, ||drv8305_write||
      86              $C$DW$10        .dwtag  DW_TAG_formal_parameter
      87                      .dwattr $C$DW$10, DW_AT_name("reg")
      88                      .dwattr $C$DW$10, DW_AT_type(*$C$DW$T$89)
      89                      .dwattr $C$DW$10, DW_AT_location[DW_OP_reg0]
      90              
      91              $C$DW$11        .dwtag  DW_TAG_formal_parameter
      92                      .dwattr $C$DW$11, DW_AT_name("data")
      93                      .dwattr $C$DW$11, DW_AT_type(*$C$DW$T$114)
      94                      .dwattr $C$DW$11, DW_AT_location[DW_OP_reg1]
      95              
      96              
      97              ;***************************************************************
      98              ;* FNAME: drv8305_write                 FR SIZE:   0           *
      99              ;*                                                             *
     100              ;* FUNCTION ENVIRONMENT                                        *
     101              ;*                                                             *
     102              ;* FUNCTION PROPERTIES                                         *
     103              ;*                            0 Parameter,  0 Auto,  0 SOE     *
     104              ;***************************************************************
     105              
     106              ||drv8305_write||:
     107              ;* AL    assigned to reg
     108              $C$DW$12        .dwtag  DW_TAG_variable
     109                      .dwattr $C$DW$12, DW_AT_name("reg")
     110                      .dwattr $C$DW$12, DW_AT_type(*$C$DW$T$90)
TMS320C2000 Assembler Unix v25.11.0 Sat May 30 20:22:51 2026

Copyright (c) 1996-2018 Texas Instruments Incorporated
drv8305.asm                                                          PAGE    3

     111                      .dwattr $C$DW$12, DW_AT_location[DW_OP_reg0]
     112              
     113              ;* AR6   assigned to data
     114              $C$DW$13        .dwtag  DW_TAG_variable
     115                      .dwattr $C$DW$13, DW_AT_name("data")
     116                      .dwattr $C$DW$13, DW_AT_type(*$C$DW$T$120)
     117                      .dwattr $C$DW$13, DW_AT_location[DW_OP_reg16]
     118              
     119                      .dwcfi  cfa_offset, -2
     120                      .dwcfi  save_reg_to_mem, 26, 0
     121 00000000 88A8          MOVZ      AR6,AH                ; [CPU_ALU] |41| 
     122                      .dwpsn  file "../imported/hal/drv8305.c",line 43,column 5,is_stmt,isa 0
     123 00000001 5603          MOV       ACC,AL << #11         ; [CPU_ALU] |43| 
         00000002 0BA9 
     124 00000003 761F!         MOVW      DP,#||SpiaRegs||+8    ; [CPU_ARAU] 
         00000004 0000 
     125 00000005 CDA6          AND       AH,AR6,#0x07ff        ; [CPU_ALU] |43| 
         00000006 07FF 
     126 00000007 CBA9          OR        AH,AL                 ; [CPU_ALU] |43| 
     127 00000008 9708!         MOV       @$BLOCKED(||SpiaRegs||)+8,AH ; [CPU_ALU] |43| 
     128 00000009       ||$C$L1||:    
     129                      .dwpsn  file "../imported/hal/drv8305.c",line 44,column 12,is_stmt,isa 0
     130 00000009 4602!         TBIT      @$BLOCKED(||SpiaRegs||)+2,#6 ; [CPU_ALU] |44| 
     131 0000000a 6CFF          B         ||$C$L1||,NTC         ; [CPU_ALU] |44| 
     132                      ; branchcc occurs ; [] |44| 
     133                      .dwpsn  file "../imported/hal/drv8305.c",line 45,column 5,is_stmt,isa 0
     134 0000000b 9207!         MOV       AL,@$BLOCKED(||SpiaRegs||)+7 ; [CPU_ALU] |45| 
     135              $C$DW$14        .dwtag  DW_TAG_TI_branch
     136                      .dwattr $C$DW$14, DW_AT_low_pc(0x00)
     137                      .dwattr $C$DW$14, DW_AT_TI_return
     138              
     139 0000000c 0006          LRETR     ; [CPU_ALU] 
     140                      ; return occurs ; [] 
     141                      .dwattr $C$DW$9, DW_AT_TI_end_file("../imported/hal/drv8305.c")
     142                      .dwattr $C$DW$9, DW_AT_TI_end_line(0x2e)
     143                      .dwattr $C$DW$9, DW_AT_TI_end_column(0x01)
     144                      .dwendentry
     145                      .dwendtag $C$DW$9
     146              
     147 00000000               .sect   ".text:drv8305_set_sense_gain"
     148                      .clink
     149                      .global ||drv8305_set_sense_gain||
     150              
     151              $C$DW$15        .dwtag  DW_TAG_subprogram
     152                      .dwattr $C$DW$15, DW_AT_name("drv8305_set_sense_gain")
     153                      .dwattr $C$DW$15, DW_AT_low_pc(||drv8305_set_sense_gain||)
     154                      .dwattr $C$DW$15, DW_AT_high_pc(0x00)
     155                      .dwattr $C$DW$15, DW_AT_linkage_name("drv8305_set_sense_gain")
     156                      .dwattr $C$DW$15, DW_AT_external
     157                      .dwattr $C$DW$15, DW_AT_decl_file("../imported/hal/drv8305.c")
     158                      .dwattr $C$DW$15, DW_AT_decl_line(0x3c)
     159                      .dwattr $C$DW$15, DW_AT_decl_column(0x06)
     160                      .dwattr $C$DW$15, DW_AT_TI_max_frame_size(-2)
     161                      .dwpsn  file "../imported/hal/drv8305.c",line 61,column 1,is_stmt,address ||drv8305_set_sense_gain||,
     162              
TMS320C2000 Assembler Unix v25.11.0 Sat May 30 20:22:51 2026

Copyright (c) 1996-2018 Texas Instruments Incorporated
drv8305.asm                                                          PAGE    4

     163                      .dwfde $C$DW$CIE, ||drv8305_set_sense_gain||
     164              $C$DW$16        .dwtag  DW_TAG_formal_parameter
     165                      .dwattr $C$DW$16, DW_AT_name("gain")
     166                      .dwattr $C$DW$16, DW_AT_type(*$C$DW$T$93)
     167                      .dwattr $C$DW$16, DW_AT_location[DW_OP_reg0]
     168              
     169              
     170              ;***************************************************************
     171              ;* FNAME: drv8305_set_sense_gain        FR SIZE:   0           *
     172              ;*                                                             *
     173              ;* FUNCTION ENVIRONMENT                                        *
     174              ;*                                                             *
     175              ;* FUNCTION PROPERTIES                                         *
     176              ;*                            0 Parameter,  0 Auto,  0 SOE     *
     177              ;***************************************************************
     178              
     179              ||drv8305_set_sense_gain||:
     180              ;* AH    assigned to gain
     181              $C$DW$17        .dwtag  DW_TAG_variable
     182                      .dwattr $C$DW$17, DW_AT_name("gain")
     183                      .dwattr $C$DW$17, DW_AT_type(*$C$DW$T$94)
     184                      .dwattr $C$DW$17, DW_AT_location[DW_OP_reg1]
     185              
     186                      .dwcfi  cfa_offset, -2
     187                      .dwcfi  save_reg_to_mem, 26, 0
     188 00000000 93A9          MOV       AH,AL                 ; [CPU_ALU] |61| 
     189                      .dwpsn  file "../imported/hal/drv8305.c",line 62,column 5,is_stmt,isa 0
     190 00000001 9A0C          MOVB      AL,#12                ; [CPU_ALU] |62| 
     191              $C$DW$18        .dwtag  DW_TAG_TI_branch
     192                      .dwattr $C$DW$18, DW_AT_low_pc(0x00)
     193                      .dwattr $C$DW$18, DW_AT_name("drv8305_write")
     194                      .dwattr $C$DW$18, DW_AT_TI_call
     195              
     196 00000002 7640!         LCR       #||drv8305_write||    ; [CPU_ALU] |62| 
         00000003 0000 
     197                      ; call occurs [#||drv8305_write||] ; [] |62| 
     198              $C$DW$19        .dwtag  DW_TAG_TI_branch
     199                      .dwattr $C$DW$19, DW_AT_low_pc(0x00)
     200                      .dwattr $C$DW$19, DW_AT_TI_return
     201              
     202 00000004 0006          LRETR     ; [CPU_ALU] 
     203                      ; return occurs ; [] 
     204                      .dwattr $C$DW$15, DW_AT_TI_end_file("../imported/hal/drv8305.c")
     205                      .dwattr $C$DW$15, DW_AT_TI_end_line(0x3f)
     206                      .dwattr $C$DW$15, DW_AT_TI_end_column(0x01)
     207                      .dwendentry
     208                      .dwendtag $C$DW$15
     209              
     210 00000000               .sect   ".text:drv8305_read"
     211                      .clink
     212                      .global ||drv8305_read||
     213              
     214              $C$DW$20        .dwtag  DW_TAG_subprogram
     215                      .dwattr $C$DW$20, DW_AT_name("drv8305_read")
     216                      .dwattr $C$DW$20, DW_AT_low_pc(||drv8305_read||)
TMS320C2000 Assembler Unix v25.11.0 Sat May 30 20:22:51 2026

Copyright (c) 1996-2018 Texas Instruments Incorporated
drv8305.asm                                                          PAGE    5

     217                      .dwattr $C$DW$20, DW_AT_high_pc(0x00)
     218                      .dwattr $C$DW$20, DW_AT_linkage_name("drv8305_read")
     219                      .dwattr $C$DW$20, DW_AT_external
     220                      .dwattr $C$DW$20, DW_AT_type(*$C$DW$T$114)
     221                      .dwattr $C$DW$20, DW_AT_decl_file("../imported/hal/drv8305.c")
     222                      .dwattr $C$DW$20, DW_AT_decl_line(0x20)
     223                      .dwattr $C$DW$20, DW_AT_decl_column(0x0a)
     224                      .dwattr $C$DW$20, DW_AT_TI_max_frame_size(-2)
     225                      .dwpsn  file "../imported/hal/drv8305.c",line 33,column 1,is_stmt,address ||drv8305_read||,isa 0
     226              
     227                      .dwfde $C$DW$CIE, ||drv8305_read||
     228              $C$DW$21        .dwtag  DW_TAG_formal_parameter
     229                      .dwattr $C$DW$21, DW_AT_name("reg")
     230                      .dwattr $C$DW$21, DW_AT_type(*$C$DW$T$89)
     231                      .dwattr $C$DW$21, DW_AT_location[DW_OP_reg0]
     232              
     233              
     234              ;***************************************************************
     235              ;* FNAME: drv8305_read                  FR SIZE:   0           *
     236              ;*                                                             *
     237              ;* FUNCTION ENVIRONMENT                                        *
     238              ;*                                                             *
     239              ;* FUNCTION PROPERTIES                                         *
     240              ;*                            0 Parameter,  0 Auto,  0 SOE     *
     241              ;***************************************************************
     242              
     243              ||drv8305_read||:
     244              ;* AL    assigned to reg
     245              $C$DW$22        .dwtag  DW_TAG_variable
     246                      .dwattr $C$DW$22, DW_AT_name("reg")
     247                      .dwattr $C$DW$22, DW_AT_type(*$C$DW$T$91)
     248                      .dwattr $C$DW$22, DW_AT_location[DW_OP_reg0]
     249              
     250                      .dwcfi  cfa_offset, -2
     251                      .dwcfi  save_reg_to_mem, 26, 0
     252                      .dwpsn  file "../imported/hal/drv8305.c",line 35,column 5,is_stmt,isa 0
     253 00000000 5603          MOV       ACC,AL << #11         ; [CPU_ALU] |35| 
         00000001 0BA9 
     254 00000002 761F!         MOVW      DP,#||SpiaRegs||+8    ; [CPU_ARAU] 
         00000003 0000 
     255 00000004 1AA9          OR        AL,#0x8000            ; [CPU_ALU] |35| 
         00000005 8000 
     256 00000006 9608!         MOV       @$BLOCKED(||SpiaRegs||)+8,AL ; [CPU_ALU] |35| 
     257 00000007       ||$C$L2||:    
     258                      .dwpsn  file "../imported/hal/drv8305.c",line 36,column 12,is_stmt,isa 0
     259 00000007 4602!         TBIT      @$BLOCKED(||SpiaRegs||)+2,#6 ; [CPU_ALU] |36| 
     260 00000008 6CFF          B         ||$C$L2||,NTC         ; [CPU_ALU] |36| 
     261                      ; branchcc occurs ; [] |36| 
     262                      .dwpsn  file "../imported/hal/drv8305.c",line 37,column 5,is_stmt,isa 0
     263 00000009 CC07!         AND       AL,@$BLOCKED(||SpiaRegs||)+7,#0x07ff ; [CPU_ALU] |37| 
         0000000a 07FF 
     264              $C$DW$23        .dwtag  DW_TAG_TI_branch
     265                      .dwattr $C$DW$23, DW_AT_low_pc(0x00)
     266                      .dwattr $C$DW$23, DW_AT_TI_return
     267              
TMS320C2000 Assembler Unix v25.11.0 Sat May 30 20:22:51 2026

Copyright (c) 1996-2018 Texas Instruments Incorporated
drv8305.asm                                                          PAGE    6

     268 0000000b 0006          LRETR     ; [CPU_ALU] 
     269                      ; return occurs ; [] 
     270                      .dwattr $C$DW$20, DW_AT_TI_end_file("../imported/hal/drv8305.c")
     271                      .dwattr $C$DW$20, DW_AT_TI_end_line(0x26)
     272                      .dwattr $C$DW$20, DW_AT_TI_end_column(0x01)
     273                      .dwendentry
     274                      .dwendtag $C$DW$20
     275              
     276 00000000               .sect   ".text:drv8305_is_faulted"
     277                      .clink
     278                      .global ||drv8305_is_faulted||
     279              
     280              $C$DW$24        .dwtag  DW_TAG_subprogram
     281                      .dwattr $C$DW$24, DW_AT_name("drv8305_is_faulted")
     282                      .dwattr $C$DW$24, DW_AT_low_pc(||drv8305_is_faulted||)
     283                      .dwattr $C$DW$24, DW_AT_high_pc(0x00)
     284                      .dwattr $C$DW$24, DW_AT_linkage_name("drv8305_is_faulted")
     285                      .dwattr $C$DW$24, DW_AT_external
     286                      .dwattr $C$DW$24, DW_AT_type(*$C$DW$T$126)
     287                      .dwattr $C$DW$24, DW_AT_decl_file("../imported/hal/drv8305.c")
     288                      .dwattr $C$DW$24, DW_AT_decl_line(0x44)
     289                      .dwattr $C$DW$24, DW_AT_decl_column(0x06)
     290                      .dwattr $C$DW$24, DW_AT_TI_max_frame_size(-2)
     291                      .dwpsn  file "../imported/hal/drv8305.c",line 68,column 31,is_stmt,address ||drv8305_is_faulted||,isa
     292              
     293                      .dwfde $C$DW$CIE, ||drv8305_is_faulted||
     294              
     295              ;***************************************************************
     296              ;* FNAME: drv8305_is_faulted            FR SIZE:   0           *
     297              ;*                                                             *
     298              ;* FUNCTION ENVIRONMENT                                        *
     299              ;*                                                             *
     300              ;* FUNCTION PROPERTIES                                         *
     301              ;*                            0 Parameter,  0 Auto,  0 SOE     *
     302              ;***************************************************************
     303              
     304 00000000       ||drv8305_is_faulted||:
     305                      .dwcfi  cfa_offset, -2
     306                      .dwcfi  save_reg_to_mem, 26, 0
     307 00000000 761F!         MOVW      DP,#||GpioDataRegs||+1 ; [CPU_ARAU] 
         00000001 0000 
     308                      .dwpsn  file "../imported/hal/drv8305.c",line 68,column 33,is_stmt,isa 0
     309 00000002 9201!         MOV       AL,@$BLOCKED(||GpioDataRegs||)+1 ; [CPU_ALU] |68| 
     310 00000003 FFC2          LSR       AL,3                  ; [CPU_ALU] |68| 
     311 00000004 F001          XORB      AL,#0x01              ; [CPU_ALU] |68| 
     312 00000005 9001          ANDB      AL,#0x01              ; [CPU_ALU] |68| 
     313              $C$DW$25        .dwtag  DW_TAG_TI_branch
     314                      .dwattr $C$DW$25, DW_AT_low_pc(0x00)
     315                      .dwattr $C$DW$25, DW_AT_TI_return
     316              
     317 00000006 0006          LRETR     ; [CPU_FPU] 
     318                      ; return occurs ; [] 
     319                      .dwattr $C$DW$24, DW_AT_TI_end_file("../imported/hal/drv8305.c")
     320                      .dwattr $C$DW$24, DW_AT_TI_end_line(0x44)
     321                      .dwattr $C$DW$24, DW_AT_TI_end_column(0x3c)
TMS320C2000 Assembler Unix v25.11.0 Sat May 30 20:22:51 2026

Copyright (c) 1996-2018 Texas Instruments Incorporated
drv8305.asm                                                          PAGE    7

     322                      .dwendentry
     323                      .dwendtag $C$DW$24
     324              
     325 00000000               .sect   ".text:spi_init"
     326                      .clink
     327              
     328              $C$DW$26        .dwtag  DW_TAG_subprogram
     329                      .dwattr $C$DW$26, DW_AT_name("spi_init")
     330                      .dwattr $C$DW$26, DW_AT_low_pc(||spi_init||)
     331                      .dwattr $C$DW$26, DW_AT_high_pc(0x00)
     332                      .dwattr $C$DW$26, DW_AT_linkage_name("spi_init")
     333                      .dwattr $C$DW$26, DW_AT_decl_file("../imported/hal/drv8305.c")
     334                      .dwattr $C$DW$26, DW_AT_decl_line(0x0a)
     335                      .dwattr $C$DW$26, DW_AT_decl_column(0x0d)
     336                      .dwattr $C$DW$26, DW_AT_TI_max_frame_size(-2)
     337                      .dwpsn  file "../imported/hal/drv8305.c",line 11,column 1,is_stmt,address ||spi_init||,isa 0
     338              
     339                      .dwfde $C$DW$CIE, ||spi_init||
     340              
     341              ;***************************************************************
     342              ;* FNAME: spi_init                      FR SIZE:   0           *
     343              ;*                                                             *
     344              ;* FUNCTION ENVIRONMENT                                        *
     345              ;*                                                             *
     346              ;* FUNCTION PROPERTIES                                         *
     347              ;*                            0 Parameter,  0 Auto,  0 SOE     *
     348              ;***************************************************************
     349              
     350 00000000       ||spi_init||:
     351              ;* AR4   assigned to $O$C1
     352                      .dwcfi  cfa_offset, -2
     353                      .dwcfi  save_reg_to_mem, 26, 0
     354 00000000 7622   EALLOW
     355                      .dwpsn  file "../imported/hal/drv8305.c",line 13,column 5,is_stmt,isa 0
     356 00000001 9A3A          MOVB      AL,#58                ; [CPU_ALU] |13| 
     357 00000002 D40F          MOVB      XAR4,#15              ; [CPU_ALU] |13| 
     358 00000003 9B00          MOVB      AH,#0                 ; [CPU_ALU] |13| 
     359 00000004 FF69          SPM       #0                    ; [CPU_ALU] 
     360              $C$DW$27        .dwtag  DW_TAG_TI_branch
     361                      .dwattr $C$DW$27, DW_AT_low_pc(0x00)
     362                      .dwattr $C$DW$27, DW_AT_name("GPIO_SetupPinMux")
     363                      .dwattr $C$DW$27, DW_AT_TI_call
     364              
     365 00000005 7640!         LCR       #||GPIO_SetupPinMux|| ; [CPU_ALU] |13| 
         00000006 0000 
     366                      ; call occurs [#||GPIO_SetupPinMux||] ; [] |13| 
     367                      .dwpsn  file "../imported/hal/drv8305.c",line 14,column 5,is_stmt,isa 0
     368 00000007 9A3B          MOVB      AL,#59                ; [CPU_ALU] |14| 
     369 00000008 D40F          MOVB      XAR4,#15              ; [CPU_ALU] |14| 
     370 00000009 9B00          MOVB      AH,#0                 ; [CPU_ALU] |14| 
     371              $C$DW$28        .dwtag  DW_TAG_TI_branch
     372                      .dwattr $C$DW$28, DW_AT_low_pc(0x00)
     373                      .dwattr $C$DW$28, DW_AT_name("GPIO_SetupPinMux")
     374                      .dwattr $C$DW$28, DW_AT_TI_call
     375              
TMS320C2000 Assembler Unix v25.11.0 Sat May 30 20:22:51 2026

Copyright (c) 1996-2018 Texas Instruments Incorporated
drv8305.asm                                                          PAGE    8

     376 0000000a 7640!         LCR       #||GPIO_SetupPinMux|| ; [CPU_ALU] |14| 
         0000000b 0000 
     377                      ; call occurs [#||GPIO_SetupPinMux||] ; [] |14| 
     378                      .dwpsn  file "../imported/hal/drv8305.c",line 15,column 5,is_stmt,isa 0
     379 0000000c 9A3C          MOVB      AL,#60                ; [CPU_ALU] |15| 
     380 0000000d D40F          MOVB      XAR4,#15              ; [CPU_ALU] |15| 
     381 0000000e 9B00          MOVB      AH,#0                 ; [CPU_ALU] |15| 
     382              $C$DW$29        .dwtag  DW_TAG_TI_branch
     383                      .dwattr $C$DW$29, DW_AT_low_pc(0x00)
     384                      .dwattr $C$DW$29, DW_AT_name("GPIO_SetupPinMux")
     385                      .dwattr $C$DW$29, DW_AT_TI_call
     386              
     387 0000000f 7640!         LCR       #||GPIO_SetupPinMux|| ; [CPU_ALU] |15| 
         00000010 0000 
     388                      ; call occurs [#||GPIO_SetupPinMux||] ; [] |15| 
     389                      .dwpsn  file "../imported/hal/drv8305.c",line 16,column 5,is_stmt,isa 0
     390 00000011 9A3D          MOVB      AL,#61                ; [CPU_ALU] |16| 
     391 00000012 D40F          MOVB      XAR4,#15              ; [CPU_ALU] |16| 
     392 00000013 9B00          MOVB      AH,#0                 ; [CPU_ALU] |16| 
     393              $C$DW$30        .dwtag  DW_TAG_TI_branch
     394                      .dwattr $C$DW$30, DW_AT_low_pc(0x00)
     395                      .dwattr $C$DW$30, DW_AT_name("GPIO_SetupPinMux")
     396                      .dwattr $C$DW$30, DW_AT_TI_call
     397              
     398 00000014 7640!         LCR       #||GPIO_SetupPinMux|| ; [CPU_ALU] |16| 
         00000015 0000 
     399                      ; call occurs [#||GPIO_SetupPinMux||] ; [] |16| 
     400                      .dwpsn  file "../imported/hal/drv8305.c",line 18,column 5,is_stmt,isa 0
     401 00000016 8F00!         MOVL      XAR4,#||SpiaRegs||    ; [CPU_ARAU] |18| 
         00000017 0000 
     402 00000018 761F!         MOVW      DP,#||SpiaRegs||+1    ; [CPU_ARAU] 
         00000019 0000 
     403 0000001a 18C4          AND       *+XAR4[0],#0xff7f     ; [CPU_ALU] |18| 
         0000001b FF7F 
     404                      .dwpsn  file "../imported/hal/drv8305.c",line 19,column 5,is_stmt,isa 0
     405 0000001c 18C4          AND       *+XAR4[0],#0xffbf     ; [CPU_ALU] |19| 
         0000001d FFBF 
     406                      .dwpsn  file "../imported/hal/drv8305.c",line 20,column 5,is_stmt,isa 0
     407 0000001e 1AC4          OR        *+XAR4[0],#0x000f     ; [CPU_ALU] |20| 
         0000001f 000F 
     408                      .dwpsn  file "../imported/hal/drv8305.c",line 21,column 5,is_stmt,isa 0
     409 00000020 1ACC          OR        *+XAR4[1],#0x0008     ; [CPU_ALU] |21| 
         00000021 0008 
     410                      .dwpsn  file "../imported/hal/drv8305.c",line 22,column 5,is_stmt,isa 0
     411 00000022 1A01!         OR        @$BLOCKED(||SpiaRegs||)+1,#0x0004 ; [CPU_ALU] |22| 
         00000023 0004 
     412                      .dwpsn  file "../imported/hal/drv8305.c",line 23,column 5,is_stmt,isa 0
     413 00000024 1A01!         OR        @$BLOCKED(||SpiaRegs||)+1,#0x0002 ; [CPU_ALU] |23| 
         00000025 0002 
     414                      .dwpsn  file "../imported/hal/drv8305.c",line 26,column 5,is_stmt,isa 0
     415 00000026 CCE4          AND       AL,*+XAR4[4],#0xff80  ; [CPU_ALU] |26| 
         00000027 FF80 
     416 00000028 5009          ORB       AL,#0x09              ; [CPU_ALU] |26| 
     417 00000029 9604!         MOV       @$BLOCKED(||SpiaRegs||)+4,AL ; [CPU_ALU] |26| 
     418                      .dwpsn  file "../imported/hal/drv8305.c",line 28,column 5,is_stmt,isa 0
TMS320C2000 Assembler Unix v25.11.0 Sat May 30 20:22:51 2026

Copyright (c) 1996-2018 Texas Instruments Incorporated
drv8305.asm                                                          PAGE    9

     419 0000002a 1A00!         OR        @$BLOCKED(||SpiaRegs||),#0x0080 ; [CPU_ALU] |28| 
         0000002b 0080 
     420 0000002c 761A   EDIS
     421 0000002d FF69          SPM       #0                    ; [CPU_ALU] 
     422              $C$DW$31        .dwtag  DW_TAG_TI_branch
     423                      .dwattr $C$DW$31, DW_AT_low_pc(0x00)
     424                      .dwattr $C$DW$31, DW_AT_TI_return
     425              
     426 0000002e 0006          LRETR     ; [CPU_ALU] 
     427                      ; return occurs ; [] 
     428                      .dwattr $C$DW$26, DW_AT_TI_end_file("../imported/hal/drv8305.c")
     429                      .dwattr $C$DW$26, DW_AT_TI_end_line(0x1e)
     430                      .dwattr $C$DW$26, DW_AT_TI_end_column(0x01)
     431                      .dwendentry
     432                      .dwendtag $C$DW$26
     433              
     434 00000000               .sect   ".text:drv8305_disable"
     435                      .clink
     436                      .global ||drv8305_disable||
     437              
     438              $C$DW$32        .dwtag  DW_TAG_subprogram
     439                      .dwattr $C$DW$32, DW_AT_name("drv8305_disable")
     440                      .dwattr $C$DW$32, DW_AT_low_pc(||drv8305_disable||)
     441                      .dwattr $C$DW$32, DW_AT_high_pc(0x00)
     442                      .dwattr $C$DW$32, DW_AT_linkage_name("drv8305_disable")
     443                      .dwattr $C$DW$32, DW_AT_external
     444                      .dwattr $C$DW$32, DW_AT_decl_file("../imported/hal/drv8305.c")
     445                      .dwattr $C$DW$32, DW_AT_decl_line(0x42)
     446                      .dwattr $C$DW$32, DW_AT_decl_column(0x06)
     447                      .dwattr $C$DW$32, DW_AT_TI_max_frame_size(-2)
     448                      .dwpsn  file "../imported/hal/drv8305.c",line 66,column 28,is_stmt,address ||drv8305_disable||,isa 0
     449              
     450                      .dwfde $C$DW$CIE, ||drv8305_disable||
     451              
     452              ;***************************************************************
     453              ;* FNAME: drv8305_disable               FR SIZE:   0           *
     454              ;*                                                             *
     455              ;* FUNCTION ENVIRONMENT                                        *
     456              ;*                                                             *
     457              ;* FUNCTION PROPERTIES                                         *
     458              ;*                            0 Parameter,  0 Auto,  0 SOE     *
     459              ;***************************************************************
     460              
     461 00000000       ||drv8305_disable||:
     462                      .dwcfi  cfa_offset, -2
     463                      .dwcfi  save_reg_to_mem, 26, 0
     464 00000000 761F!         MOVW      DP,#||GpioDataRegs||+29 ; [CPU_ARAU] 
         00000001 0000 
     465                      .dwpsn  file "../imported/hal/drv8305.c",line 66,column 30,is_stmt,isa 0
     466 00000002 1A1D!         OR        @$BLOCKED(||GpioDataRegs||)+29,#0x1000 ; [CPU_ALU] |66| 
         00000003 1000 
     467              $C$DW$33        .dwtag  DW_TAG_TI_branch
     468                      .dwattr $C$DW$33, DW_AT_low_pc(0x00)
     469                      .dwattr $C$DW$33, DW_AT_TI_return
     470              
TMS320C2000 Assembler Unix v25.11.0 Sat May 30 20:22:51 2026

Copyright (c) 1996-2018 Texas Instruments Incorporated
drv8305.asm                                                          PAGE   10

     471 00000004 0006          LRETR     ; [CPU_ALU] 
     472                      ; return occurs ; [] 
     473                      .dwattr $C$DW$32, DW_AT_TI_end_file("../imported/hal/drv8305.c")
     474                      .dwattr $C$DW$32, DW_AT_TI_end_line(0x42)
     475                      .dwattr $C$DW$32, DW_AT_TI_end_column(0x2e)
     476                      .dwendentry
     477                      .dwendtag $C$DW$32
     478              
     479 00000000               .sect   ".text:drv8305_enable"
     480                      .clink
     481                      .global ||drv8305_enable||
     482              
     483              $C$DW$34        .dwtag  DW_TAG_subprogram
     484                      .dwattr $C$DW$34, DW_AT_name("drv8305_enable")
     485                      .dwattr $C$DW$34, DW_AT_low_pc(||drv8305_enable||)
     486                      .dwattr $C$DW$34, DW_AT_high_pc(0x00)
     487                      .dwattr $C$DW$34, DW_AT_linkage_name("drv8305_enable")
     488                      .dwattr $C$DW$34, DW_AT_external
     489                      .dwattr $C$DW$34, DW_AT_decl_file("../imported/hal/drv8305.c")
     490                      .dwattr $C$DW$34, DW_AT_decl_line(0x41)
     491                      .dwattr $C$DW$34, DW_AT_decl_column(0x06)
     492                      .dwattr $C$DW$34, DW_AT_TI_max_frame_size(-2)
     493                      .dwpsn  file "../imported/hal/drv8305.c",line 65,column 28,is_stmt,address ||drv8305_enable||,isa 0
     494              
     495                      .dwfde $C$DW$CIE, ||drv8305_enable||
     496              
     497              ;***************************************************************
     498              ;* FNAME: drv8305_enable                FR SIZE:   0           *
     499              ;*                                                             *
     500              ;* FUNCTION ENVIRONMENT                                        *
     501              ;*                                                             *
     502              ;* FUNCTION PROPERTIES                                         *
     503              ;*                            0 Parameter,  0 Auto,  0 SOE     *
     504              ;***************************************************************
     505              
     506 00000000       ||drv8305_enable||:
     507                      .dwcfi  cfa_offset, -2
     508                      .dwcfi  save_reg_to_mem, 26, 0
     509 00000000 761F!         MOVW      DP,#||GpioDataRegs||+27 ; [CPU_ARAU] 
         00000001 0000 
     510                      .dwpsn  file "../imported/hal/drv8305.c",line 65,column 30,is_stmt,isa 0
     511 00000002 1A1B!         OR        @$BLOCKED(||GpioDataRegs||)+27,#0x1000 ; [CPU_ALU] |65| 
         00000003 1000 
     512              $C$DW$35        .dwtag  DW_TAG_TI_branch
     513                      .dwattr $C$DW$35, DW_AT_low_pc(0x00)
     514                      .dwattr $C$DW$35, DW_AT_TI_return
     515              
     516 00000004 0006          LRETR     ; [CPU_ALU] 
     517                      ; return occurs ; [] 
     518                      .dwattr $C$DW$34, DW_AT_TI_end_file("../imported/hal/drv8305.c")
     519                      .dwattr $C$DW$34, DW_AT_TI_end_line(0x41)
     520                      .dwattr $C$DW$34, DW_AT_TI_end_column(0x2e)
     521                      .dwendentry
     522                      .dwendtag $C$DW$34
     523              
TMS320C2000 Assembler Unix v25.11.0 Sat May 30 20:22:51 2026

Copyright (c) 1996-2018 Texas Instruments Incorporated
drv8305.asm                                                          PAGE   11

     524 00000000               .sect   ".text:drv8305_init"
     525                      .clink
     526                      .global ||drv8305_init||
     527              
     528              $C$DW$36        .dwtag  DW_TAG_subprogram
     529                      .dwattr $C$DW$36, DW_AT_name("drv8305_init")
     530                      .dwattr $C$DW$36, DW_AT_low_pc(||drv8305_init||)
     531                      .dwattr $C$DW$36, DW_AT_high_pc(0x00)
     532                      .dwattr $C$DW$36, DW_AT_linkage_name("drv8305_init")
     533                      .dwattr $C$DW$36, DW_AT_external
     534                      .dwattr $C$DW$36, DW_AT_decl_file("../imported/hal/drv8305.c")
     535                      .dwattr $C$DW$36, DW_AT_decl_line(0x30)
     536                      .dwattr $C$DW$36, DW_AT_decl_column(0x06)
     537                      .dwattr $C$DW$36, DW_AT_TI_max_frame_size(-2)
     538                      .dwpsn  file "../imported/hal/drv8305.c",line 49,column 1,is_stmt,address ||drv8305_init||,isa 0
     539              
     540                      .dwfde $C$DW$CIE, ||drv8305_init||
     541              
     542              ;***************************************************************
     543              ;* FNAME: drv8305_init                  FR SIZE:   0           *
     544              ;*                                                             *
     545              ;* FUNCTION ENVIRONMENT                                        *
     546              ;*                                                             *
     547              ;* FUNCTION PROPERTIES                                         *
     548              ;*                            0 Parameter,  0 Auto,  0 SOE     *
     549              ;***************************************************************
     550              
     551 00000000       ||drv8305_init||:
     552                      .dwcfi  cfa_offset, -2
     553                      .dwcfi  save_reg_to_mem, 26, 0
     554                      .dwpsn  file "../imported/hal/drv8305.c",line 50,column 5,is_stmt,isa 0
     555              $C$DW$37        .dwtag  DW_TAG_TI_branch
     556                      .dwattr $C$DW$37, DW_AT_low_pc(0x00)
     557                      .dwattr $C$DW$37, DW_AT_name("spi_init")
     558                      .dwattr $C$DW$37, DW_AT_TI_call
     559              
     560 00000000 7640!         LCR       #||spi_init||         ; [CPU_ALU] |50| 
         00000001 0000 
     561                      ; call occurs [#||spi_init||] ; [] |50| 
     562                      .dwpsn  file "../imported/hal/drv8305.c",line 51,column 5,is_stmt,isa 0
     563              $C$DW$38        .dwtag  DW_TAG_TI_branch
     564                      .dwattr $C$DW$38, DW_AT_low_pc(0x00)
     565                      .dwattr $C$DW$38, DW_AT_name("drv8305_disable")
     566                      .dwattr $C$DW$38, DW_AT_TI_call
     567              
     568 00000002 7640!         LCR       #||drv8305_disable||  ; [CPU_ALU] |51| 
         00000003 0000 
     569                      ; call occurs [#||drv8305_disable||] ; [] |51| 
     570 00000004 2901          CLRC      SXM                   ; [CPU_ALU] 
     571                      .dwpsn  file "../imported/hal/drv8305.c",line 52,column 5,is_stmt,isa 0
     572 00000005 FF20          MOV       ACC,#39998            ; [CPU_ALU] |52| 
         00000006 9C3E 
     573              $C$DW$39        .dwtag  DW_TAG_TI_branch
     574                      .dwattr $C$DW$39, DW_AT_low_pc(0x00)
     575                      .dwattr $C$DW$39, DW_AT_name("F28x_usDelay")
TMS320C2000 Assembler Unix v25.11.0 Sat May 30 20:22:51 2026

Copyright (c) 1996-2018 Texas Instruments Incorporated
drv8305.asm                                                          PAGE   12

     576                      .dwattr $C$DW$39, DW_AT_TI_call
     577              
     578 00000007 7640!         LCR       #||F28x_usDelay||     ; [CPU_ALU] |52| 
         00000008 0000 
     579                      ; call occurs [#||F28x_usDelay||] ; [] |52| 
     580                      .dwpsn  file "../imported/hal/drv8305.c",line 53,column 5,is_stmt,isa 0
     581              $C$DW$40        .dwtag  DW_TAG_TI_branch
     582                      .dwattr $C$DW$40, DW_AT_low_pc(0x00)
     583                      .dwattr $C$DW$40, DW_AT_name("drv8305_enable")
     584                      .dwattr $C$DW$40, DW_AT_TI_call
     585              
     586 00000009 7640!         LCR       #||drv8305_enable||   ; [CPU_ALU] |53| 
         0000000a 0000 
     587                      ; call occurs [#||drv8305_enable||] ; [] |53| 
     588                      .dwpsn  file "../imported/hal/drv8305.c",line 54,column 5,is_stmt,isa 0
     589 0000000b 8F03          MOVL      XAR4,#199998          ; [CPU_ARAU] |54| 
         0000000c 0D3E 
     590 0000000d A8A9          MOVL      ACC,XAR4              ; [CPU_ALU] |54| 
     591              $C$DW$41        .dwtag  DW_TAG_TI_branch
     592                      .dwattr $C$DW$41, DW_AT_low_pc(0x00)
     593                      .dwattr $C$DW$41, DW_AT_name("F28x_usDelay")
     594                      .dwattr $C$DW$41, DW_AT_TI_call
     595              
     596 0000000e 7640!         LCR       #||F28x_usDelay||     ; [CPU_ALU] |54| 
         0000000f 0000 
     597                      ; call occurs [#||F28x_usDelay||] ; [] |54| 
     598                      .dwpsn  file "../imported/hal/drv8305.c",line 56,column 5,is_stmt,isa 0
     599 00000010 9A00          MOVB      AL,#0                 ; [CPU_ALU] |56| 
     600              $C$DW$42        .dwtag  DW_TAG_TI_branch
     601                      .dwattr $C$DW$42, DW_AT_low_pc(0x00)
     602                      .dwattr $C$DW$42, DW_AT_name("drv8305_set_sense_gain")
     603                      .dwattr $C$DW$42, DW_AT_TI_call
     604              
     605 00000011 7640!         LCR       #||drv8305_set_sense_gain|| ; [CPU_ALU] |56| 
         00000012 0000 
     606                      ; call occurs [#||drv8305_set_sense_gain||] ; [] |56| 
     607              $C$DW$43        .dwtag  DW_TAG_TI_branch
     608                      .dwattr $C$DW$43, DW_AT_low_pc(0x00)
     609                      .dwattr $C$DW$43, DW_AT_TI_return
     610              
     611 00000013 0006          LRETR     ; [CPU_ALU] 
     612                      ; return occurs ; [] 
     613                      .dwattr $C$DW$36, DW_AT_TI_end_file("../imported/hal/drv8305.c")
     614                      .dwattr $C$DW$36, DW_AT_TI_end_line(0x3a)
     615                      .dwattr $C$DW$36, DW_AT_TI_end_column(0x01)
     616                      .dwendentry
     617                      .dwendtag $C$DW$36
     618              
     619              ;**************************************************************
     620              ;* UNDEFINED EXTERNAL REFERENCES                              *
     621              ;**************************************************************
     622                      .global ||GPIO_SetupPinMux||
     623                      .global ||F28x_usDelay||
     624                      .global ||SpiaRegs||
     625                      .global ||GpioDataRegs||
TMS320C2000 Assembler Unix v25.11.0 Sat May 30 20:22:51 2026

Copyright (c) 1996-2018 Texas Instruments Incorporated
drv8305.asm                                                          PAGE   13

     626              
     627              ;***************************************************************
     628              ;* BUILD ATTRIBUTES                                            *
     629              ;***************************************************************
     630                      .battr "c28xabi", Tag_File, 1, Tag_float_args(0)
     631                      .battr "c28xabi", Tag_File, 1, Tag_double_args(0)
     632                      .dwattr $C$DW$CU, DW_AT_language(DW_LANG_C)
     633              
     634              ;***************************************************************
     635              ;* DWARF CIE ENTRIES                                           *
     636              ;***************************************************************
     637              
     638              $C$DW$CIE       .dwcie 26
     639                      .dwcfi  cfa_register, 20
     640                      .dwcfi  cfa_offset, 0
     641                      .dwcfi  same_value, 28
     642                      .dwcfi  same_value, 6
     643                      .dwcfi  same_value, 7
     644                      .dwcfi  same_value, 8
     645                      .dwcfi  same_value, 9
     646                      .dwcfi  same_value, 10
     647                      .dwcfi  same_value, 11
     648                      .dwcfi  same_value, 59
     649                      .dwcfi  same_value, 63
     650                      .dwcfi  same_value, 67
     651                      .dwcfi  same_value, 71
     652                      .dwendentry
     653                      .dwendtag $C$DW$CU
     654              
     655              
     656              ;***************************************************************
     657              ;* TYPE INFORMATION                                            *
     658              ;***************************************************************
     659              
     660              $C$DW$TU$88     .dwtag  DW_TAG_type_unit
     661                      .dwmtype  $C$DW$T$88
     662              
     663              $C$DW$T$88      .dwtag  DW_TAG_enumeration_type
     664                      .dwattr $C$DW$T$88, DW_AT_byte_size(0x01)
     665              $C$DW$44        .dwtag  DW_TAG_enumerator
     666                      .dwattr $C$DW$44, DW_AT_name("DRV8305_REG_HS_GATE_CTRL")
     667                      .dwattr $C$DW$44, DW_AT_const_value(0x05)
     668                      .dwattr $C$DW$44, DW_AT_decl_file("../imported/hal/drv8305.h")
     669                      .dwattr $C$DW$44, DW_AT_decl_line(0x11)
     670                      .dwattr $C$DW$44, DW_AT_decl_column(0x05)
     671              
     672              $C$DW$45        .dwtag  DW_TAG_enumerator
     673                      .dwattr $C$DW$45, DW_AT_name("DRV8305_REG_LS_GATE_CTRL")
     674                      .dwattr $C$DW$45, DW_AT_const_value(0x06)
     675                      .dwattr $C$DW$45, DW_AT_decl_file("../imported/hal/drv8305.h")
     676                      .dwattr $C$DW$45, DW_AT_decl_line(0x12)
     677                      .dwattr $C$DW$45, DW_AT_decl_column(0x05)
     678              
     679              $C$DW$46        .dwtag  DW_TAG_enumerator
     680                      .dwattr $C$DW$46, DW_AT_name("DRV8305_REG_GATE_DRIVE")
TMS320C2000 Assembler Unix v25.11.0 Sat May 30 20:22:51 2026

Copyright (c) 1996-2018 Texas Instruments Incorporated
drv8305.asm                                                          PAGE   14

     681                      .dwattr $C$DW$46, DW_AT_const_value(0x07)
     682                      .dwattr $C$DW$46, DW_AT_decl_file("../imported/hal/drv8305.h")
     683                      .dwattr $C$DW$46, DW_AT_decl_line(0x13)
     684                      .dwattr $C$DW$46, DW_AT_decl_column(0x05)
     685              
     686              $C$DW$47        .dwtag  DW_TAG_enumerator
     687                      .dwattr $C$DW$47, DW_AT_name("DRV8305_REG_SENSE_CTRL")
     688                      .dwattr $C$DW$47, DW_AT_const_value(0x0c)
     689                      .dwattr $C$DW$47, DW_AT_decl_file("../imported/hal/drv8305.h")
     690                      .dwattr $C$DW$47, DW_AT_decl_line(0x14)
     691                      .dwattr $C$DW$47, DW_AT_decl_column(0x05)
     692              
     693              $C$DW$48        .dwtag  DW_TAG_enumerator
     694                      .dwattr $C$DW$48, DW_AT_name("DRV8305_REG_DRIVER_CTRL")
     695                      .dwattr $C$DW$48, DW_AT_const_value(0x09)
     696                      .dwattr $C$DW$48, DW_AT_decl_file("../imported/hal/drv8305.h")
     697                      .dwattr $C$DW$48, DW_AT_decl_line(0x15)
     698                      .dwattr $C$DW$48, DW_AT_decl_column(0x05)
     699              
     700              $C$DW$49        .dwtag  DW_TAG_enumerator
     701                      .dwattr $C$DW$49, DW_AT_name("DRV8305_REG_WATCHDOG")
     702                      .dwattr $C$DW$49, DW_AT_const_value(0x0a)
     703                      .dwattr $C$DW$49, DW_AT_decl_file("../imported/hal/drv8305.h")
     704                      .dwattr $C$DW$49, DW_AT_decl_line(0x16)
     705                      .dwattr $C$DW$49, DW_AT_decl_column(0x05)
     706              
     707                      .dwattr $C$DW$T$88, DW_AT_decl_file("../imported/hal/drv8305.h")
     708                      .dwattr $C$DW$T$88, DW_AT_decl_line(0x10)
     709                      .dwattr $C$DW$T$88, DW_AT_decl_column(0x0e)
     710                      .dwendtag $C$DW$T$88
     711              
     712                      .dwendtag $C$DW$TU$88
     713              
     714              
     715              $C$DW$TU$89     .dwtag  DW_TAG_type_unit
     716                      .dwmtype  $C$DW$T$89
     717              $C$DW$T$89      .dwtag  DW_TAG_typedef
     718                      .dwattr $C$DW$T$89, DW_AT_name("drv8305_reg_t")
     719                      .dwattr $C$DW$T$89, DW_AT_type(*$C$DW$T$88)
     720                      .dwattr $C$DW$T$89, DW_AT_decl_file("../imported/hal/drv8305.h")
     721                      .dwattr $C$DW$T$89, DW_AT_decl_line(0x17)
     722                      .dwattr $C$DW$T$89, DW_AT_decl_column(0x03)
     723              
     724                      .dwendtag $C$DW$TU$89
     725              
     726              
     727              $C$DW$TU$90     .dwtag  DW_TAG_type_unit
     728                      .dwmtype  $C$DW$T$90
     729              $C$DW$50        .dwtag  DW_TAG_TI_far_type
     730                      .dwattr $C$DW$50, DW_AT_type(*$C$DW$T$89)
     731              
     732              $C$DW$T$90      .dwtag  DW_TAG_const_type
     733                      .dwattr $C$DW$T$90, DW_AT_type(*$C$DW$50)
     734              
     735                      .dwendtag $C$DW$TU$90
TMS320C2000 Assembler Unix v25.11.0 Sat May 30 20:22:51 2026

Copyright (c) 1996-2018 Texas Instruments Incorporated
drv8305.asm                                                          PAGE   15

     736              
     737              
     738              $C$DW$TU$91     .dwtag  DW_TAG_type_unit
     739                      .dwmtype  $C$DW$T$91
     740              $C$DW$51        .dwtag  DW_TAG_TI_far_type
     741                      .dwattr $C$DW$51, DW_AT_type(*$C$DW$T$89)
     742              
     743              $C$DW$T$91      .dwtag  DW_TAG_const_type
     744                      .dwattr $C$DW$T$91, DW_AT_type(*$C$DW$51)
     745              
     746                      .dwendtag $C$DW$TU$91
     747              
     748              
     749              $C$DW$TU$92     .dwtag  DW_TAG_type_unit
     750                      .dwmtype  $C$DW$T$92
     751              
     752              $C$DW$T$92      .dwtag  DW_TAG_enumeration_type
     753                      .dwattr $C$DW$T$92, DW_AT_byte_size(0x01)
     754              $C$DW$52        .dwtag  DW_TAG_enumerator
     755                      .dwattr $C$DW$52, DW_AT_name("DRV8305_SENSE_GAIN_10VPV")
     756                      .dwattr $C$DW$52, DW_AT_const_value(0x00)
     757                      .dwattr $C$DW$52, DW_AT_decl_file("../imported/hal/drv8305.h")
     758                      .dwattr $C$DW$52, DW_AT_decl_line(0x1a)
     759                      .dwattr $C$DW$52, DW_AT_decl_column(0x05)
     760              
     761              $C$DW$53        .dwtag  DW_TAG_enumerator
     762                      .dwattr $C$DW$53, DW_AT_name("DRV8305_SENSE_GAIN_20VPV")
     763                      .dwattr $C$DW$53, DW_AT_const_value(0x55)
     764                      .dwattr $C$DW$53, DW_AT_decl_file("../imported/hal/drv8305.h")
     765                      .dwattr $C$DW$53, DW_AT_decl_line(0x1b)
     766                      .dwattr $C$DW$53, DW_AT_decl_column(0x05)
     767              
     768              $C$DW$54        .dwtag  DW_TAG_enumerator
     769                      .dwattr $C$DW$54, DW_AT_name("DRV8305_SENSE_GAIN_40VPV")
     770                      .dwattr $C$DW$54, DW_AT_const_value(0xaa)
     771                      .dwattr $C$DW$54, DW_AT_decl_file("../imported/hal/drv8305.h")
     772                      .dwattr $C$DW$54, DW_AT_decl_line(0x1c)
     773                      .dwattr $C$DW$54, DW_AT_decl_column(0x05)
     774              
     775              $C$DW$55        .dwtag  DW_TAG_enumerator
     776                      .dwattr $C$DW$55, DW_AT_name("DRV8305_SENSE_GAIN_80VPV")
     777                      .dwattr $C$DW$55, DW_AT_const_value(0xff)
     778                      .dwattr $C$DW$55, DW_AT_decl_file("../imported/hal/drv8305.h")
     779                      .dwattr $C$DW$55, DW_AT_decl_line(0x1d)
     780                      .dwattr $C$DW$55, DW_AT_decl_column(0x05)
     781              
     782                      .dwattr $C$DW$T$92, DW_AT_decl_file("../imported/hal/drv8305.h")
     783                      .dwattr $C$DW$T$92, DW_AT_decl_line(0x19)
     784                      .dwattr $C$DW$T$92, DW_AT_decl_column(0x0e)
     785                      .dwendtag $C$DW$T$92
     786              
     787                      .dwendtag $C$DW$TU$92
     788              
     789              
     790              $C$DW$TU$93     .dwtag  DW_TAG_type_unit
TMS320C2000 Assembler Unix v25.11.0 Sat May 30 20:22:51 2026

Copyright (c) 1996-2018 Texas Instruments Incorporated
drv8305.asm                                                          PAGE   16

     791                      .dwmtype  $C$DW$T$93
     792              $C$DW$T$93      .dwtag  DW_TAG_typedef
     793                      .dwattr $C$DW$T$93, DW_AT_name("drv8305_sense_gain_t")
     794                      .dwattr $C$DW$T$93, DW_AT_type(*$C$DW$T$92)
     795                      .dwattr $C$DW$T$93, DW_AT_decl_file("../imported/hal/drv8305.h")
     796                      .dwattr $C$DW$T$93, DW_AT_decl_line(0x1e)
     797                      .dwattr $C$DW$T$93, DW_AT_decl_column(0x03)
     798              
     799                      .dwendtag $C$DW$TU$93
     800              
     801              
     802              $C$DW$TU$94     .dwtag  DW_TAG_type_unit
     803                      .dwmtype  $C$DW$T$94
     804              $C$DW$56        .dwtag  DW_TAG_TI_far_type
     805                      .dwattr $C$DW$56, DW_AT_type(*$C$DW$T$93)
     806              
     807              $C$DW$T$94      .dwtag  DW_TAG_const_type
     808                      .dwattr $C$DW$T$94, DW_AT_type(*$C$DW$56)
     809              
     810                      .dwendtag $C$DW$TU$94
     811              
     812              
     813              $C$DW$TU$20     .dwtag  DW_TAG_type_unit
     814                      .dwmtype  $C$DW$T$20
     815              
     816              $C$DW$T$20      .dwtag  DW_TAG_structure_type
     817                      .dwattr $C$DW$T$20, DW_AT_name("GPACLEAR_BITS")
     818                      .dwattr $C$DW$T$20, DW_AT_byte_size(0x02)
     819              $C$DW$57        .dwtag  DW_TAG_member
     820                      .dwattr $C$DW$57, DW_AT_type(*$C$DW$T$19)
     821                      .dwattr $C$DW$57, DW_AT_name("GPIO0")
     822                      .dwattr $C$DW$57, DW_AT_bit_offset(0x0f)
     823                      .dwattr $C$DW$57, DW_AT_bit_size(0x01)
     824                      .dwattr $C$DW$57, DW_AT_accessibility(DW_ACCESS_public)
     825                      .dwattr $C$DW$57, DW_AT_decl_file("/home/jose/ti/c2000/C2000Ware_26_01_00_00/device_support/f2837xd/h
     826                      .dwattr $C$DW$57, DW_AT_decl_line(0xb8e)
     827                      .dwattr $C$DW$57, DW_AT_decl_column(0x0c)
     828              
     829              $C$DW$58        .dwtag  DW_TAG_member
     830                      .dwattr $C$DW$58, DW_AT_type(*$C$DW$T$19)
     831                      .dwattr $C$DW$58, DW_AT_name("GPIO1")
     832                      .dwattr $C$DW$58, DW_AT_bit_offset(0x0e)
     833                      .dwattr $C$DW$58, DW_AT_bit_size(0x01)
     834                      .dwattr $C$DW$58, DW_AT_accessibility(DW_ACCESS_public)
     835                      .dwattr $C$DW$58, DW_AT_decl_file("/home/jose/ti/c2000/C2000Ware_26_01_00_00/device_support/f2837xd/h
     836                      .dwattr $C$DW$58, DW_AT_decl_line(0xb8f)
     837                      .dwattr $C$DW$58, DW_AT_decl_column(0x0c)
     838              
     839              $C$DW$59        .dwtag  DW_TAG_member
     840                      .dwattr $C$DW$59, DW_AT_type(*$C$DW$T$19)
     841                      .dwattr $C$DW$59, DW_AT_name("GPIO2")
     842                      .dwattr $C$DW$59, DW_AT_bit_offset(0x0d)
     843                      .dwattr $C$DW$59, DW_AT_bit_size(0x01)
     844                      .dwattr $C$DW$59, DW_AT_accessibility(DW_ACCESS_public)
     845                      .dwattr $C$DW$59, DW_AT_decl_file("/home/jose/ti/c2000/C2000Ware_26_01_00_00/device_support/f2837xd/h
TMS320C2000 Assembler Unix v25.11.0 Sat May 30 20:22:51 2026

Copyright (c) 1996-2018 Texas Instruments Incorporated
drv8305.asm                                                          PAGE   17

     846                      .dwattr $C$DW$59, DW_AT_decl_line(0xb90)
     847                      .dwattr $C$DW$59, DW_AT_decl_column(0x0c)
     848              
     849              $C$DW$60        .dwtag  DW_TAG_member
     850                      .dwattr $C$DW$60, DW_AT_type(*$C$DW$T$19)
     851                      .dwattr $C$DW$60, DW_AT_name("GPIO3")
     852                      .dwattr $C$DW$60, DW_AT_bit_offset(0x0c)
     853                      .dwattr $C$DW$60, DW_AT_bit_size(0x01)
     854                      .dwattr $C$DW$60, DW_AT_accessibility(DW_ACCESS_public)
     855                      .dwattr $C$DW$60, DW_AT_decl_file("/home/jose/ti/c2000/C2000Ware_26_01_00_00/device_support/f2837xd/h
     856                      .dwattr $C$DW$60, DW_AT_decl_line(0xb91)
     857                      .dwattr $C$DW$60, DW_AT_decl_column(0x0c)
     858              
     859              $C$DW$61        .dwtag  DW_TAG_member
     860                      .dwattr $C$DW$61, DW_AT_type(*$C$DW$T$19)
     861                      .dwattr $C$DW$61, DW_AT_name("GPIO4")
     862                      .dwattr $C$DW$61, DW_AT_bit_offset(0x0b)
     863                      .dwattr $C$DW$61, DW_AT_bit_size(0x01)
     864                      .dwattr $C$DW$61, DW_AT_accessibility(DW_ACCESS_public)
     865                      .dwattr $C$DW$61, DW_AT_decl_file("/home/jose/ti/c2000/C2000Ware_26_01_00_00/device_support/f2837xd/h
     866                      .dwattr $C$DW$61, DW_AT_decl_line(0xb92)
     867                      .dwattr $C$DW$61, DW_AT_decl_column(0x0c)
     868              
     869              $C$DW$62        .dwtag  DW_TAG_member
     870                      .dwattr $C$DW$62, DW_AT_type(*$C$DW$T$19)
     871                      .dwattr $C$DW$62, DW_AT_name("GPIO5")
     872                      .dwattr $C$DW$62, DW_AT_bit_offset(0x0a)
     873                      .dwattr $C$DW$62, DW_AT_bit_size(0x01)
     874                      .dwattr $C$DW$62, DW_AT_accessibility(DW_ACCESS_public)
     875                      .dwattr $C$DW$62, DW_AT_decl_file("/home/jose/ti/c2000/C2000Ware_26_01_00_00/device_support/f2837xd/h
     876                      .dwattr $C$DW$62, DW_AT_decl_line(0xb93)
     877                      .dwattr $C$DW$62, DW_AT_decl_column(0x0c)
     878              
     879              $C$DW$63        .dwtag  DW_TAG_member
     880                      .dwattr $C$DW$63, DW_AT_type(*$C$DW$T$19)
     881                      .dwattr $C$DW$63, DW_AT_name("GPIO6")
     882                      .dwattr $C$DW$63, DW_AT_bit_offset(0x09)
     883                      .dwattr $C$DW$63, DW_AT_bit_size(0x01)
     884                      .dwattr $C$DW$63, DW_AT_accessibility(DW_ACCESS_public)
     885                      .dwattr $C$DW$63, DW_AT_decl_file("/home/jose/ti/c2000/C2000Ware_26_01_00_00/device_support/f2837xd/h
     886                      .dwattr $C$DW$63, DW_AT_decl_line(0xb94)
     887                      .dwattr $C$DW$63, DW_AT_decl_column(0x0c)
     888              
     889              $C$DW$64        .dwtag  DW_TAG_member
     890                      .dwattr $C$DW$64, DW_AT_type(*$C$DW$T$19)
     891                      .dwattr $C$DW$64, DW_AT_name("GPIO7")
     892                      .dwattr $C$DW$64, DW_AT_bit_offset(0x08)
     893                      .dwattr $C$DW$64, DW_AT_bit_size(0x01)
     894                      .dwattr $C$DW$64, DW_AT_accessibility(DW_ACCESS_public)
     895                      .dwattr $C$DW$64, DW_AT_decl_file("/home/jose/ti/c2000/C2000Ware_26_01_00_00/device_support/f2837xd/h
     896                      .dwattr $C$DW$64, DW_AT_decl_line(0xb95)
     897                      .dwattr $C$DW$64, DW_AT_decl_column(0x0c)
     898              
     899              $C$DW$65        .dwtag  DW_TAG_member
     900                      .dwattr $C$DW$65, DW_AT_type(*$C$DW$T$19)
TMS320C2000 Assembler Unix v25.11.0 Sat May 30 20:22:51 2026

Copyright (c) 1996-2018 Texas Instruments Incorporated
drv8305.asm                                                          PAGE   18

     901                      .dwattr $C$DW$65, DW_AT_name("GPIO8")
     902                      .dwattr $C$DW$65, DW_AT_bit_offset(0x07)
     903                      .dwattr $C$DW$65, DW_AT_bit_size(0x01)
     904                      .dwattr $C$DW$65, DW_AT_accessibility(DW_ACCESS_public)
     905                      .dwattr $C$DW$65, DW_AT_decl_file("/home/jose/ti/c2000/C2000Ware_26_01_00_00/device_support/f2837xd/h
     906                      .dwattr $C$DW$65, DW_AT_decl_line(0xb96)
     907                      .dwattr $C$DW$65, DW_AT_decl_column(0x0c)
     908              
     909              $C$DW$66        .dwtag  DW_TAG_member
     910                      .dwattr $C$DW$66, DW_AT_type(*$C$DW$T$19)
     911                      .dwattr $C$DW$66, DW_AT_name("GPIO9")
     912                      .dwattr $C$DW$66, DW_AT_bit_offset(0x06)
     913                      .dwattr $C$DW$66, DW_AT_bit_size(0x01)
     914                      .dwattr $C$DW$66, DW_AT_accessibility(DW_ACCESS_public)
     915                      .dwattr $C$DW$66, DW_AT_decl_file("/home/jose/ti/c2000/C2000Ware_26_01_00_00/device_support/f2837xd/h
     916                      .dwattr $C$DW$66, DW_AT_decl_line(0xb97)
     917                      .dwattr $C$DW$66, DW_AT_decl_column(0x0c)
     918              
     919              $C$DW$67        .dwtag  DW_TAG_member
     920                      .dwattr $C$DW$67, DW_AT_type(*$C$DW$T$19)
     921                      .dwattr $C$DW$67, DW_AT_name("GPIO10")
     922                      .dwattr $C$DW$67, DW_AT_bit_offset(0x05)
     923                      .dwattr $C$DW$67, DW_AT_bit_size(0x01)
     924                      .dwattr $C$DW$67, DW_AT_accessibility(DW_ACCESS_public)
     925                      .dwattr $C$DW$67, DW_AT_decl_file("/home/jose/ti/c2000/C2000Ware_26_01_00_00/device_support/f2837xd/h
     926                      .dwattr $C$DW$67, DW_AT_decl_line(0xb98)
     927                      .dwattr $C$DW$67, DW_AT_decl_column(0x0c)
     928              
     929              $C$DW$68        .dwtag  DW_TAG_member
     930                      .dwattr $C$DW$68, DW_AT_type(*$C$DW$T$19)
     931                      .dwattr $C$DW$68, DW_AT_name("GPIO11")
     932                      .dwattr $C$DW$68, DW_AT_bit_offset(0x04)
     933                      .dwattr $C$DW$68, DW_AT_bit_size(0x01)
     934                      .dwattr $C$DW$68, DW_AT_accessibility(DW_ACCESS_public)
     935                      .dwattr $C$DW$68, DW_AT_decl_file("/home/jose/ti/c2000/C2000Ware_26_01_00_00/device_support/f2837xd/h
     936                      .dwattr $C$DW$68, DW_AT_decl_line(0xb99)
     937                      .dwattr $C$DW$68, DW_AT_decl_column(0x0c)
     938              
     939              $C$DW$69        .dwtag  DW_TAG_member
     940                      .dwattr $C$DW$69, DW_AT_type(*$C$DW$T$19)
     941                      .dwattr $C$DW$69, DW_AT_name("GPIO12")
     942                      .dwattr $C$DW$69, DW_AT_bit_offset(0x03)
     943                      .dwattr $C$DW$69, DW_AT_bit_size(0x01)
     944                      .dwattr $C$DW$69, DW_AT_accessibility(DW_ACCESS_public)
     945                      .dwattr $C$DW$69, DW_AT_decl_file("/home/jose/ti/c2000/C2000Ware_26_01_00_00/device_support/f2837xd/h
     946                      .dwattr $C$DW$69, DW_AT_decl_line(0xb9a)
     947                      .dwattr $C$DW$69, DW_AT_decl_column(0x0c)
     948              
     949              $C$DW$70        .dwtag  DW_TAG_member
     950                      .dwattr $C$DW$70, DW_AT_type(*$C$DW$T$19)
     951                      .dwattr $C$DW$70, DW_AT_name("GPIO13")
     952                      .dwattr $C$DW$70, DW_AT_bit_offset(0x02)
     953                      .dwattr $C$DW$70, DW_AT_bit_size(0x01)
     954                      .dwattr $C$DW$70, DW_AT_accessibility(DW_ACCESS_public)
     955                      .dwattr $C$DW$70, DW_AT_decl_file("/home/jose/ti/c2000/C2000Ware_26_01_00_00/device_support/f2837xd/h
TMS320C2000 Assembler Unix v25.11.0 Sat May 30 20:22:51 2026

Copyright (c) 1996-2018 Texas Instruments Incorporated
drv8305.asm                                                          PAGE   19

     956                      .dwattr $C$DW$70, DW_AT_decl_line(0xb9b)
     957                      .dwattr $C$DW$70, DW_AT_decl_column(0x0c)
     958              
     959              $C$DW$71        .dwtag  DW_TAG_member
     960                      .dwattr $C$DW$71, DW_AT_type(*$C$DW$T$19)
     961                      .dwattr $C$DW$71, DW_AT_name("GPIO14")
     962                      .dwattr $C$DW$71, DW_AT_bit_offset(0x01)
     963                      .dwattr $C$DW$71, DW_AT_bit_size(0x01)
     964                      .dwattr $C$DW$71, DW_AT_accessibility(DW_ACCESS_public)
     965                      .dwattr $C$DW$71, DW_AT_decl_file("/home/jose/ti/c2000/C2000Ware_26_01_00_00/device_support/f2837xd/h
     966                      .dwattr $C$DW$71, DW_AT_decl_line(0xb9c)
     967                      .dwattr $C$DW$71, DW_AT_decl_column(0x0c)
     968              
     969              $C$DW$72        .dwtag  DW_TAG_member
     970                      .dwattr $C$DW$72, DW_AT_type(*$C$DW$T$19)
     971                      .dwattr $C$DW$72, DW_AT_name("GPIO15")
     972                      .dwattr $C$DW$72, DW_AT_bit_offset(0x00)
     973                      .dwattr $C$DW$72, DW_AT_bit_size(0x01)
     974                      .dwattr $C$DW$72, DW_AT_accessibility(DW_ACCESS_public)
     975                      .dwattr $C$DW$72, DW_AT_decl_file("/home/jose/ti/c2000/C2000Ware_26_01_00_00/device_support/f2837xd/h
     976                      .dwattr $C$DW$72, DW_AT_decl_line(0xb9d)
     977                      .dwattr $C$DW$72, DW_AT_decl_column(0x0c)
     978              
     979              $C$DW$73        .dwtag  DW_TAG_member
     980                      .dwattr $C$DW$73, DW_AT_type(*$C$DW$T$19)
     981                      .dwattr $C$DW$73, DW_AT_name("GPIO16")
     982                      .dwattr $C$DW$73, DW_AT_bit_offset(0x0f)
     983                      .dwattr $C$DW$73, DW_AT_bit_size(0x01)
     984                      .dwattr $C$DW$73, DW_AT_data_member_location[DW_OP_plus_uconst 0x1]
     985                      .dwattr $C$DW$73, DW_AT_accessibility(DW_ACCESS_public)
     986                      .dwattr $C$DW$73, DW_AT_decl_file("/home/jose/ti/c2000/C2000Ware_26_01_00_00/device_support/f2837xd/h
     987                      .dwattr $C$DW$73, DW_AT_decl_line(0xb9e)
     988                      .dwattr $C$DW$73, DW_AT_decl_column(0x0c)
     989              
     990              $C$DW$74        .dwtag  DW_TAG_member
     991                      .dwattr $C$DW$74, DW_AT_type(*$C$DW$T$19)
     992                      .dwattr $C$DW$74, DW_AT_name("GPIO17")
     993                      .dwattr $C$DW$74, DW_AT_bit_offset(0x0e)
     994                      .dwattr $C$DW$74, DW_AT_bit_size(0x01)
     995                      .dwattr $C$DW$74, DW_AT_data_member_location[DW_OP_plus_uconst 0x1]
     996                      .dwattr $C$DW$74, DW_AT_accessibility(DW_ACCESS_public)
     997                      .dwattr $C$DW$74, DW_AT_decl_file("/home/jose/ti/c2000/C2000Ware_26_01_00_00/device_support/f2837xd/h
     998                      .dwattr $C$DW$74, DW_AT_decl_line(0xb9f)
     999                      .dwattr $C$DW$74, DW_AT_decl_column(0x0c)
    1000              
    1001              $C$DW$75        .dwtag  DW_TAG_member
    1002                      .dwattr $C$DW$75, DW_AT_type(*$C$DW$T$19)
    1003                      .dwattr $C$DW$75, DW_AT_name("GPIO18")
    1004                      .dwattr $C$DW$75, DW_AT_bit_offset(0x0d)
    1005                      .dwattr $C$DW$75, DW_AT_bit_size(0x01)
    1006                      .dwattr $C$DW$75, DW_AT_data_member_location[DW_OP_plus_uconst 0x1]
    1007                      .dwattr $C$DW$75, DW_AT_accessibility(DW_ACCESS_public)
    1008                      .dwattr $C$DW$75, DW_AT_decl_file("/home/jose/ti/c2000/C2000Ware_26_01_00_00/device_support/f2837xd/h
    1009                      .dwattr $C$DW$75, DW_AT_decl_line(0xba0)
    1010                      .dwattr $C$DW$75, DW_AT_decl_column(0x0c)
TMS320C2000 Assembler Unix v25.11.0 Sat May 30 20:22:51 2026

Copyright (c) 1996-2018 Texas Instruments Incorporated
drv8305.asm                                                          PAGE   20

    1011              
    1012              $C$DW$76        .dwtag  DW_TAG_member
    1013                      .dwattr $C$DW$76, DW_AT_type(*$C$DW$T$19)
    1014                      .dwattr $C$DW$76, DW_AT_name("GPIO19")
    1015                      .dwattr $C$DW$76, DW_AT_bit_offset(0x0c)
    1016                      .dwattr $C$DW$76, DW_AT_bit_size(0x01)
    1017                      .dwattr $C$DW$76, DW_AT_data_member_location[DW_OP_plus_uconst 0x1]
    1018                      .dwattr $C$DW$76, DW_AT_accessibility(DW_ACCESS_public)
    1019                      .dwattr $C$DW$76, DW_AT_decl_file("/home/jose/ti/c2000/C2000Ware_26_01_00_00/device_support/f2837xd/h
    1020                      .dwattr $C$DW$76, DW_AT_decl_line(0xba1)
    1021                      .dwattr $C$DW$76, DW_AT_decl_column(0x0c)
    1022              
    1023              $C$DW$77        .dwtag  DW_TAG_member
    1024                      .dwattr $C$DW$77, DW_AT_type(*$C$DW$T$19)
    1025                      .dwattr $C$DW$77, DW_AT_name("GPIO20")
    1026                      .dwattr $C$DW$77, DW_AT_bit_offset(0x0b)
    1027                      .dwattr $C$DW$77, DW_AT_bit_size(0x01)
    1028                      .dwattr $C$DW$77, DW_AT_data_member_location[DW_OP_plus_uconst 0x1]
    1029                      .dwattr $C$DW$77, DW_AT_accessibility(DW_ACCESS_public)
    1030                      .dwattr $C$DW$77, DW_AT_decl_file("/home/jose/ti/c2000/C2000Ware_26_01_00_00/device_support/f2837xd/h
    1031                      .dwattr $C$DW$77, DW_AT_decl_line(0xba2)
    1032                      .dwattr $C$DW$77, DW_AT_decl_column(0x0c)
    1033              
    1034              $C$DW$78        .dwtag  DW_TAG_member
    1035                      .dwattr $C$DW$78, DW_AT_type(*$C$DW$T$19)
    1036                      .dwattr $C$DW$78, DW_AT_name("GPIO21")
    1037                      .dwattr $C$DW$78, DW_AT_bit_offset(0x0a)
    1038                      .dwattr $C$DW$78, DW_AT_bit_size(0x01)
    1039                      .dwattr $C$DW$78, DW_AT_data_member_location[DW_OP_plus_uconst 0x1]
    1040                      .dwattr $C$DW$78, DW_AT_accessibility(DW_ACCESS_public)
    1041                      .dwattr $C$DW$78, DW_AT_decl_file("/home/jose/ti/c2000/C2000Ware_26_01_00_00/device_support/f2837xd/h
    1042                      .dwattr $C$DW$78, DW_AT_decl_line(0xba3)
    1043                      .dwattr $C$DW$78, DW_AT_decl_column(0x0c)
    1044              
    1045              $C$DW$79        .dwtag  DW_TAG_member
    1046                      .dwattr $C$DW$79, DW_AT_type(*$C$DW$T$19)
    1047                      .dwattr $C$DW$79, DW_AT_name("GPIO22")
    1048                      .dwattr $C$DW$79, DW_AT_bit_offset(0x09)
    1049                      .dwattr $C$DW$79, DW_AT_bit_size(0x01)
    1050                      .dwattr $C$DW$79, DW_AT_data_member_location[DW_OP_plus_uconst 0x1]
    1051                      .dwattr $C$DW$79, DW_AT_accessibility(DW_ACCESS_public)
    1052                      .dwattr $C$DW$79, DW_AT_decl_file("/home/jose/ti/c2000/C2000Ware_26_01_00_00/device_support/f2837xd/h
    1053                      .dwattr $C$DW$79, DW_AT_decl_line(0xba4)
    1054                      .dwattr $C$DW$79, DW_AT_decl_column(0x0c)
    1055              
    1056              $C$DW$80        .dwtag  DW_TAG_member
    1057                      .dwattr $C$DW$80, DW_AT_type(*$C$DW$T$19)
    1058                      .dwattr $C$DW$80, DW_AT_name("GPIO23")
    1059                      .dwattr $C$DW$80, DW_AT_bit_offset(0x08)
    1060                      .dwattr $C$DW$80, DW_AT_bit_size(0x01)
    1061                      .dwattr $C$DW$80, DW_AT_data_member_location[DW_OP_plus_uconst 0x1]
    1062                      .dwattr $C$DW$80, DW_AT_accessibility(DW_ACCESS_public)
    1063                      .dwattr $C$DW$80, DW_AT_decl_file("/home/jose/ti/c2000/C2000Ware_26_01_00_00/device_support/f2837xd/h
    1064                      .dwattr $C$DW$80, DW_AT_decl_line(0xba5)
    1065                      .dwattr $C$DW$80, DW_AT_decl_column(0x0c)
TMS320C2000 Assembler Unix v25.11.0 Sat May 30 20:22:51 2026

Copyright (c) 1996-2018 Texas Instruments Incorporated
drv8305.asm                                                          PAGE   21

    1066              
    1067              $C$DW$81        .dwtag  DW_TAG_member
    1068                      .dwattr $C$DW$81, DW_AT_type(*$C$DW$T$19)
    1069                      .dwattr $C$DW$81, DW_AT_name("GPIO24")
    1070                      .dwattr $C$DW$81, DW_AT_bit_offset(0x07)
    1071                      .dwattr $C$DW$81, DW_AT_bit_size(0x01)
    1072                      .dwattr $C$DW$81, DW_AT_data_member_location[DW_OP_plus_uconst 0x1]
    1073                      .dwattr $C$DW$81, DW_AT_accessibility(DW_ACCESS_public)
    1074                      .dwattr $C$DW$81, DW_AT_decl_file("/home/jose/ti/c2000/C2000Ware_26_01_00_00/device_support/f2837xd/h
    1075                      .dwattr $C$DW$81, DW_AT_decl_line(0xba6)
    1076                      .dwattr $C$DW$81, DW_AT_decl_column(0x0c)
    1077              
    1078              $C$DW$82        .dwtag  DW_TAG_member
    1079                      .dwattr $C$DW$82, DW_AT_type(*$C$DW$T$19)
    1080                      .dwattr $C$DW$82, DW_AT_name("GPIO25")
    1081                      .dwattr $C$DW$82, DW_AT_bit_offset(0x06)
    1082                      .dwattr $C$DW$82, DW_AT_bit_size(0x01)
    1083                      .dwattr $C$DW$82, DW_AT_data_member_location[DW_OP_plus_uconst 0x1]
    1084                      .dwattr $C$DW$82, DW_AT_accessibility(DW_ACCESS_public)
    1085                      .dwattr $C$DW$82, DW_AT_decl_file("/home/jose/ti/c2000/C2000Ware_26_01_00_00/device_support/f2837xd/h
    1086                      .dwattr $C$DW$82, DW_AT_decl_line(0xba7)
    1087                      .dwattr $C$DW$82, DW_AT_decl_column(0x0c)
    1088              
    1089              $C$DW$83        .dwtag  DW_TAG_member
    1090                      .dwattr $C$DW$83, DW_AT_type(*$C$DW$T$19)
    1091                      .dwattr $C$DW$83, DW_AT_name("GPIO26")
    1092                      .dwattr $C$DW$83, DW_AT_bit_offset(0x05)
    1093                      .dwattr $C$DW$83, DW_AT_bit_size(0x01)
    1094                      .dwattr $C$DW$83, DW_AT_data_member_location[DW_OP_plus_uconst 0x1]
    1095                      .dwattr $C$DW$83, DW_AT_accessibility(DW_ACCESS_public)
    1096                      .dwattr $C$DW$83, DW_AT_decl_file("/home/jose/ti/c2000/C2000Ware_26_01_00_00/device_support/f2837xd/h
    1097                      .dwattr $C$DW$83, DW_AT_decl_line(0xba8)
    1098                      .dwattr $C$DW$83, DW_AT_decl_column(0x0c)
    1099              
    1100              $C$DW$84        .dwtag  DW_TAG_member
    1101                      .dwattr $C$DW$84, DW_AT_type(*$C$DW$T$19)
    1102                      .dwattr $C$DW$84, DW_AT_name("GPIO27")
    1103                      .dwattr $C$DW$84, DW_AT_bit_offset(0x04)
    1104                      .dwattr $C$DW$84, DW_AT_bit_size(0x01)
    1105                      .dwattr $C$DW$84, DW_AT_data_member_location[DW_OP_plus_uconst 0x1]
    1106                      .dwattr $C$DW$84, DW_AT_accessibility(DW_ACCESS_public)
    1107                      .dwattr $C$DW$84, DW_AT_decl_file("/home/jose/ti/c2000/C2000Ware_26_01_00_00/device_support/f2837xd/h
    1108                      .dwattr $C$DW$84, DW_AT_decl_line(0xba9)
    1109                      .dwattr $C$DW$84, DW_AT_decl_column(0x0c)
    1110              
    1111              $C$DW$85        .dwtag  DW_TAG_member
    1112                      .dwattr $C$DW$85, DW_AT_type(*$C$DW$T$19)
    1113                      .dwattr $C$DW$85, DW_AT_name("GPIO28")
    1114                      .dwattr $C$DW$85, DW_AT_bit_offset(0x03)
    1115                      .dwattr $C$DW$85, DW_AT_bit_size(0x01)
    1116                      .dwattr $C$DW$85, DW_AT_data_member_location[DW_OP_plus_uconst 0x1]
    1117                      .dwattr $C$DW$85, DW_AT_accessibility(DW_ACCESS_public)
    1118                      .dwattr $C$DW$85, DW_AT_decl_file("/home/jose/ti/c2000/C2000Ware_26_01_00_00/device_support/f2837xd/h
    1119                      .dwattr $C$DW$85, DW_AT_decl_line(0xbaa)
    1120                      .dwattr $C$DW$85, DW_AT_decl_column(0x0c)
TMS320C2000 Assembler Unix v25.11.0 Sat May 30 20:22:51 2026

Copyright (c) 1996-2018 Texas Instruments Incorporated
drv8305.asm                                                          PAGE   22

    1121              
    1122              $C$DW$86        .dwtag  DW_TAG_member
    1123                      .dwattr $C$DW$86, DW_AT_type(*$C$DW$T$19)
    1124                      .dwattr $C$DW$86, DW_AT_name("GPIO29")
    1125                      .dwattr $C$DW$86, DW_AT_bit_offset(0x02)
    1126                      .dwattr $C$DW$86, DW_AT_bit_size(0x01)
    1127                      .dwattr $C$DW$86, DW_AT_data_member_location[DW_OP_plus_uconst 0x1]
    1128                      .dwattr $C$DW$86, DW_AT_accessibility(DW_ACCESS_public)
    1129                      .dwattr $C$DW$86, DW_AT_decl_file("/home/jose/ti/c2000/C2000Ware_26_01_00_00/device_support/f2837xd/h
    1130                      .dwattr $C$DW$86, DW_AT_decl_line(0xbab)
    1131                      .dwattr $C$DW$86, DW_AT_decl_column(0x0c)
    1132              
    1133              $C$DW$87        .dwtag  DW_TAG_member
    1134                      .dwattr $C$DW$87, DW_AT_type(*$C$DW$T$19)
    1135                      .dwattr $C$DW$87, DW_AT_name("GPIO30")
    1136                      .dwattr $C$DW$87, DW_AT_bit_offset(0x01)
    1137                      .dwattr $C$DW$87, DW_AT_bit_size(0x01)
    1138                      .dwattr $C$DW$87, DW_AT_data_member_location[DW_OP_plus_uconst 0x1]
    1139                      .dwattr $C$DW$87, DW_AT_accessibility(DW_ACCESS_public)
    1140                      .dwattr $C$DW$87, DW_AT_decl_file("/home/jose/ti/c2000/C2000Ware_26_01_00_00/device_support/f2837xd/h
    1141                      .dwattr $C$DW$87, DW_AT_decl_line(0xbac)
    1142                      .dwattr $C$DW$87, DW_AT_decl_column(0x0c)
    1143              
    1144              $C$DW$88        .dwtag  DW_TAG_member
    1145                      .dwattr $C$DW$88, DW_AT_type(*$C$DW$T$19)
    1146                      .dwattr $C$DW$88, DW_AT_name("GPIO31")
    1147                      .dwattr $C$DW$88, DW_AT_bit_offset(0x00)
    1148                      .dwattr $C$DW$88, DW_AT_bit_size(0x01)
    1149                      .dwattr $C$DW$88, DW_AT_data_member_location[DW_OP_plus_uconst 0x1]
    1150                      .dwattr $C$DW$88, DW_AT_accessibility(DW_ACCESS_public)
    1151                      .dwattr $C$DW$88, DW_AT_decl_file("/home/jose/ti/c2000/C2000Ware_26_01_00_00/device_support/f2837xd/h
    1152                      .dwattr $C$DW$88, DW_AT_decl_line(0xbad)
    1153                      .dwattr $C$DW$88, DW_AT_decl_column(0x0c)
    1154              
    1155                      .dwattr $C$DW$T$20, DW_AT_decl_file("/home/jose/ti/c2000/C2000Ware_26_01_00_00/device_support/f2837xd
    1156                      .dwattr $C$DW$T$20, DW_AT_decl_line(0xb8d)
    1157                      .dwattr $C$DW$T$20, DW_AT_decl_column(0x08)
    1158                      .dwendtag $C$DW$T$20
    1159              
    1160                      .dwendtag $C$DW$TU$20
    1161              
    1162              
    1163              $C$DW$TU$22     .dwtag  DW_TAG_type_unit
    1164                      .dwmtype  $C$DW$T$22
    1165              
    1166              $C$DW$T$22      .dwtag  DW_TAG_union_type
    1167                      .dwattr $C$DW$T$22, DW_AT_name("GPACLEAR_REG")
    1168                      .dwattr $C$DW$T$22, DW_AT_byte_size(0x02)
    1169              $C$DW$89        .dwtag  DW_TAG_member
    1170                      .dwattr $C$DW$89, DW_AT_type(*$C$DW$T$21)
    1171                      .dwattr $C$DW$89, DW_AT_name("all")
    1172                      .dwattr $C$DW$89, DW_AT_accessibility(DW_ACCESS_public)
    1173                      .dwattr $C$DW$89, DW_AT_decl_file("/home/jose/ti/c2000/C2000Ware_26_01_00_00/device_support/f2837xd/h
    1174                      .dwattr $C$DW$89, DW_AT_decl_line(0xbb1)
    1175                      .dwattr $C$DW$89, DW_AT_decl_column(0x0d)
TMS320C2000 Assembler Unix v25.11.0 Sat May 30 20:22:51 2026

Copyright (c) 1996-2018 Texas Instruments Incorporated
drv8305.asm                                                          PAGE   23

    1176              
    1177              $C$DW$90        .dwtag  DW_TAG_member
    1178                      .dwattr $C$DW$90, DW_AT_type(*$C$DW$T$20)
    1179                      .dwattr $C$DW$90, DW_AT_name("bit")
    1180                      .dwattr $C$DW$90, DW_AT_accessibility(DW_ACCESS_public)
    1181                      .dwattr $C$DW$90, DW_AT_decl_file("/home/jose/ti/c2000/C2000Ware_26_01_00_00/device_support/f2837xd/h
    1182                      .dwattr $C$DW$90, DW_AT_decl_line(0xbb2)
    1183                      .dwattr $C$DW$90, DW_AT_decl_column(0x1c)
    1184              
    1185                      .dwattr $C$DW$T$22, DW_AT_decl_file("/home/jose/ti/c2000/C2000Ware_26_01_00_00/device_support/f2837xd
    1186                      .dwattr $C$DW$T$22, DW_AT_decl_line(0xbb0)
    1187                      .dwattr $C$DW$T$22, DW_AT_decl_column(0x07)
    1188                      .dwendtag $C$DW$T$22
    1189              
    1190                      .dwendtag $C$DW$TU$22
    1191              
    1192              
    1193              $C$DW$TU$23     .dwtag  DW_TAG_type_unit
    1194                      .dwmtype  $C$DW$T$23
    1195              
    1196              $C$DW$T$23      .dwtag  DW_TAG_structure_type
    1197                      .dwattr $C$DW$T$23, DW_AT_name("GPADAT_BITS")
    1198                      .dwattr $C$DW$T$23, DW_AT_byte_size(0x02)
    1199              $C$DW$91        .dwtag  DW_TAG_member
    1200                      .dwattr $C$DW$91, DW_AT_type(*$C$DW$T$19)
    1201                      .dwattr $C$DW$91, DW_AT_name("GPIO0")
    1202                      .dwattr $C$DW$91, DW_AT_bit_offset(0x0f)
    1203                      .dwattr $C$DW$91, DW_AT_bit_size(0x01)
    1204                      .dwattr $C$DW$91, DW_AT_accessibility(DW_ACCESS_public)
    1205                      .dwattr $C$DW$91, DW_AT_decl_file("/home/jose/ti/c2000/C2000Ware_26_01_00_00/device_support/f2837xd/h
    1206                      .dwattr $C$DW$91, DW_AT_decl_line(0xb3e)
    1207                      .dwattr $C$DW$91, DW_AT_decl_column(0x0c)
    1208              
    1209              $C$DW$92        .dwtag  DW_TAG_member
    1210                      .dwattr $C$DW$92, DW_AT_type(*$C$DW$T$19)
    1211                      .dwattr $C$DW$92, DW_AT_name("GPIO1")
    1212                      .dwattr $C$DW$92, DW_AT_bit_offset(0x0e)
    1213                      .dwattr $C$DW$92, DW_AT_bit_size(0x01)
    1214                      .dwattr $C$DW$92, DW_AT_accessibility(DW_ACCESS_public)
    1215                      .dwattr $C$DW$92, DW_AT_decl_file("/home/jose/ti/c2000/C2000Ware_26_01_00_00/device_support/f2837xd/h
    1216                      .dwattr $C$DW$92, DW_AT_decl_line(0xb3f)
    1217                      .dwattr $C$DW$92, DW_AT_decl_column(0x0c)
    1218              
    1219              $C$DW$93        .dwtag  DW_TAG_member
    1220                      .dwattr $C$DW$93, DW_AT_type(*$C$DW$T$19)
    1221                      .dwattr $C$DW$93, DW_AT_name("GPIO2")
    1222                      .dwattr $C$DW$93, DW_AT_bit_offset(0x0d)
    1223                      .dwattr $C$DW$93, DW_AT_bit_size(0x01)
    1224                      .dwattr $C$DW$93, DW_AT_accessibility(DW_ACCESS_public)
    1225                      .dwattr $C$DW$93, DW_AT_decl_file("/home/jose/ti/c2000/C2000Ware_26_01_00_00/device_support/f2837xd/h
    1226                      .dwattr $C$DW$93, DW_AT_decl_line(0xb40)
    1227                      .dwattr $C$DW$93, DW_AT_decl_column(0x0c)
    1228              
    1229              $C$DW$94        .dwtag  DW_TAG_member
    1230                      .dwattr $C$DW$94, DW_AT_type(*$C$DW$T$19)
TMS320C2000 Assembler Unix v25.11.0 Sat May 30 20:22:51 2026

Copyright (c) 1996-2018 Texas Instruments Incorporated
drv8305.asm                                                          PAGE   24

    1231                      .dwattr $C$DW$94, DW_AT_name("GPIO3")
    1232                      .dwattr $C$DW$94, DW_AT_bit_offset(0x0c)
    1233                      .dwattr $C$DW$94, DW_AT_bit_size(0x01)
    1234                      .dwattr $C$DW$94, DW_AT_accessibility(DW_ACCESS_public)
    1235                      .dwattr $C$DW$94, DW_AT_decl_file("/home/jose/ti/c2000/C2000Ware_26_01_00_00/device_support/f2837xd/h
    1236                      .dwattr $C$DW$94, DW_AT_decl_line(0xb41)
    1237                      .dwattr $C$DW$94, DW_AT_decl_column(0x0c)
    1238              
    1239              $C$DW$95        .dwtag  DW_TAG_member
    1240                      .dwattr $C$DW$95, DW_AT_type(*$C$DW$T$19)
    1241                      .dwattr $C$DW$95, DW_AT_name("GPIO4")
    1242                      .dwattr $C$DW$95, DW_AT_bit_offset(0x0b)
    1243                      .dwattr $C$DW$95, DW_AT_bit_size(0x01)
    1244                      .dwattr $C$DW$95, DW_AT_accessibility(DW_ACCESS_public)
    1245                      .dwattr $C$DW$95, DW_AT_decl_file("/home/jose/ti/c2000/C2000Ware_26_01_00_00/device_support/f2837xd/h
    1246                      .dwattr $C$DW$95, DW_AT_decl_line(0xb42)
    1247                      .dwattr $C$DW$95, DW_AT_decl_column(0x0c)
    1248              
    1249              $C$DW$96        .dwtag  DW_TAG_member
    1250                      .dwattr $C$DW$96, DW_AT_type(*$C$DW$T$19)
    1251                      .dwattr $C$DW$96, DW_AT_name("GPIO5")
    1252                      .dwattr $C$DW$96, DW_AT_bit_offset(0x0a)
    1253                      .dwattr $C$DW$96, DW_AT_bit_size(0x01)
    1254                      .dwattr $C$DW$96, DW_AT_accessibility(DW_ACCESS_public)
    1255                      .dwattr $C$DW$96, DW_AT_decl_file("/home/jose/ti/c2000/C2000Ware_26_01_00_00/device_support/f2837xd/h
    1256                      .dwattr $C$DW$96, DW_AT_decl_line(0xb43)
    1257                      .dwattr $C$DW$96, DW_AT_decl_column(0x0c)
    1258              
    1259              $C$DW$97        .dwtag  DW_TAG_member
    1260                      .dwattr $C$DW$97, DW_AT_type(*$C$DW$T$19)
    1261                      .dwattr $C$DW$97, DW_AT_name("GPIO6")
    1262                      .dwattr $C$DW$97, DW_AT_bit_offset(0x09)
    1263                      .dwattr $C$DW$97, DW_AT_bit_size(0x01)
    1264                      .dwattr $C$DW$97, DW_AT_accessibility(DW_ACCESS_public)
    1265                      .dwattr $C$DW$97, DW_AT_decl_file("/home/jose/ti/c2000/C2000Ware_26_01_00_00/device_support/f2837xd/h
    1266                      .dwattr $C$DW$97, DW_AT_decl_line(0xb44)
    1267                      .dwattr $C$DW$97, DW_AT_decl_column(0x0c)
    1268              
    1269              $C$DW$98        .dwtag  DW_TAG_member
    1270                      .dwattr $C$DW$98, DW_AT_type(*$C$DW$T$19)
    1271                      .dwattr $C$DW$98, DW_AT_name("GPIO7")
    1272                      .dwattr $C$DW$98, DW_AT_bit_offset(0x08)
    1273                      .dwattr $C$DW$98, DW_AT_bit_size(0x01)
    1274                      .dwattr $C$DW$98, DW_AT_accessibility(DW_ACCESS_public)
    1275                      .dwattr $C$DW$98, DW_AT_decl_file("/home/jose/ti/c2000/C2000Ware_26_01_00_00/device_support/f2837xd/h
    1276                      .dwattr $C$DW$98, DW_AT_decl_line(0xb45)
    1277                      .dwattr $C$DW$98, DW_AT_decl_column(0x0c)
    1278              
    1279              $C$DW$99        .dwtag  DW_TAG_member
    1280                      .dwattr $C$DW$99, DW_AT_type(*$C$DW$T$19)
    1281                      .dwattr $C$DW$99, DW_AT_name("GPIO8")
    1282                      .dwattr $C$DW$99, DW_AT_bit_offset(0x07)
    1283                      .dwattr $C$DW$99, DW_AT_bit_size(0x01)
    1284                      .dwattr $C$DW$99, DW_AT_accessibility(DW_ACCESS_public)
    1285                      .dwattr $C$DW$99, DW_AT_decl_file("/home/jose/ti/c2000/C2000Ware_26_01_00_00/device_support/f2837xd/h
TMS320C2000 Assembler Unix v25.11.0 Sat May 30 20:22:51 2026

Copyright (c) 1996-2018 Texas Instruments Incorporated
drv8305.asm                                                          PAGE   25

    1286                      .dwattr $C$DW$99, DW_AT_decl_line(0xb46)
    1287                      .dwattr $C$DW$99, DW_AT_decl_column(0x0c)
    1288              
    1289              $C$DW$100       .dwtag  DW_TAG_member
    1290                      .dwattr $C$DW$100, DW_AT_type(*$C$DW$T$19)
    1291                      .dwattr $C$DW$100, DW_AT_name("GPIO9")
    1292                      .dwattr $C$DW$100, DW_AT_bit_offset(0x06)
    1293                      .dwattr $C$DW$100, DW_AT_bit_size(0x01)
    1294                      .dwattr $C$DW$100, DW_AT_accessibility(DW_ACCESS_public)
    1295                      .dwattr $C$DW$100, DW_AT_decl_file("/home/jose/ti/c2000/C2000Ware_26_01_00_00/device_support/f2837xd/
    1296                      .dwattr $C$DW$100, DW_AT_decl_line(0xb47)
    1297                      .dwattr $C$DW$100, DW_AT_decl_column(0x0c)
    1298              
    1299              $C$DW$101       .dwtag  DW_TAG_member
    1300                      .dwattr $C$DW$101, DW_AT_type(*$C$DW$T$19)
    1301                      .dwattr $C$DW$101, DW_AT_name("GPIO10")
    1302                      .dwattr $C$DW$101, DW_AT_bit_offset(0x05)
    1303                      .dwattr $C$DW$101, DW_AT_bit_size(0x01)
    1304                      .dwattr $C$DW$101, DW_AT_accessibility(DW_ACCESS_public)
    1305                      .dwattr $C$DW$101, DW_AT_decl_file("/home/jose/ti/c2000/C2000Ware_26_01_00_00/device_support/f2837xd/
    1306                      .dwattr $C$DW$101, DW_AT_decl_line(0xb48)
    1307                      .dwattr $C$DW$101, DW_AT_decl_column(0x0c)
    1308              
    1309              $C$DW$102       .dwtag  DW_TAG_member
    1310                      .dwattr $C$DW$102, DW_AT_type(*$C$DW$T$19)
    1311                      .dwattr $C$DW$102, DW_AT_name("GPIO11")
    1312                      .dwattr $C$DW$102, DW_AT_bit_offset(0x04)
    1313                      .dwattr $C$DW$102, DW_AT_bit_size(0x01)
    1314                      .dwattr $C$DW$102, DW_AT_accessibility(DW_ACCESS_public)
    1315                      .dwattr $C$DW$102, DW_AT_decl_file("/home/jose/ti/c2000/C2000Ware_26_01_00_00/device_support/f2837xd/
    1316                      .dwattr $C$DW$102, DW_AT_decl_line(0xb49)
    1317                      .dwattr $C$DW$102, DW_AT_decl_column(0x0c)
    1318              
    1319              $C$DW$103       .dwtag  DW_TAG_member
    1320                      .dwattr $C$DW$103, DW_AT_type(*$C$DW$T$19)
    1321                      .dwattr $C$DW$103, DW_AT_name("GPIO12")
    1322                      .dwattr $C$DW$103, DW_AT_bit_offset(0x03)
    1323                      .dwattr $C$DW$103, DW_AT_bit_size(0x01)
    1324                      .dwattr $C$DW$103, DW_AT_accessibility(DW_ACCESS_public)
    1325                      .dwattr $C$DW$103, DW_AT_decl_file("/home/jose/ti/c2000/C2000Ware_26_01_00_00/device_support/f2837xd/
    1326                      .dwattr $C$DW$103, DW_AT_decl_line(0xb4a)
    1327                      .dwattr $C$DW$103, DW_AT_decl_column(0x0c)
    1328              
    1329              $C$DW$104       .dwtag  DW_TAG_member
    1330                      .dwattr $C$DW$104, DW_AT_type(*$C$DW$T$19)
    1331                      .dwattr $C$DW$104, DW_AT_name("GPIO13")
    1332                      .dwattr $C$DW$104, DW_AT_bit_offset(0x02)
    1333                      .dwattr $C$DW$104, DW_AT_bit_size(0x01)
    1334                      .dwattr $C$DW$104, DW_AT_accessibility(DW_ACCESS_public)
    1335                      .dwattr $C$DW$104, DW_AT_decl_file("/home/jose/ti/c2000/C2000Ware_26_01_00_00/device_support/f2837xd/
    1336                      .dwattr $C$DW$104, DW_AT_decl_line(0xb4b)
    1337                      .dwattr $C$DW$104, DW_AT_decl_column(0x0c)
    1338              
    1339              $C$DW$105       .dwtag  DW_TAG_member
    1340                      .dwattr $C$DW$105, DW_AT_type(*$C$DW$T$19)
TMS320C2000 Assembler Unix v25.11.0 Sat May 30 20:22:51 2026

Copyright (c) 1996-2018 Texas Instruments Incorporated
drv8305.asm                                                          PAGE   26

    1341                      .dwattr $C$DW$105, DW_AT_name("GPIO14")
    1342                      .dwattr $C$DW$105, DW_AT_bit_offset(0x01)
    1343                      .dwattr $C$DW$105, DW_AT_bit_size(0x01)
    1344                      .dwattr $C$DW$105, DW_AT_accessibility(DW_ACCESS_public)
    1345                      .dwattr $C$DW$105, DW_AT_decl_file("/home/jose/ti/c2000/C2000Ware_26_01_00_00/device_support/f2837xd/
    1346                      .dwattr $C$DW$105, DW_AT_decl_line(0xb4c)
    1347                      .dwattr $C$DW$105, DW_AT_decl_column(0x0c)
    1348              
    1349              $C$DW$106       .dwtag  DW_TAG_member
    1350                      .dwattr $C$DW$106, DW_AT_type(*$C$DW$T$19)
    1351                      .dwattr $C$DW$106, DW_AT_name("GPIO15")
    1352                      .dwattr $C$DW$106, DW_AT_bit_offset(0x00)
    1353                      .dwattr $C$DW$106, DW_AT_bit_size(0x01)
    1354                      .dwattr $C$DW$106, DW_AT_accessibility(DW_ACCESS_public)
    1355                      .dwattr $C$DW$106, DW_AT_decl_file("/home/jose/ti/c2000/C2000Ware_26_01_00_00/device_support/f2837xd/
    1356                      .dwattr $C$DW$106, DW_AT_decl_line(0xb4d)
    1357                      .dwattr $C$DW$106, DW_AT_decl_column(0x0c)
    1358              
    1359              $C$DW$107       .dwtag  DW_TAG_member
    1360                      .dwattr $C$DW$107, DW_AT_type(*$C$DW$T$19)
    1361                      .dwattr $C$DW$107, DW_AT_name("GPIO16")
    1362                      .dwattr $C$DW$107, DW_AT_bit_offset(0x0f)
    1363                      .dwattr $C$DW$107, DW_AT_bit_size(0x01)
    1364                      .dwattr $C$DW$107, DW_AT_data_member_location[DW_OP_plus_uconst 0x1]
    1365                      .dwattr $C$DW$107, DW_AT_accessibility(DW_ACCESS_public)
    1366                      .dwattr $C$DW$107, DW_AT_decl_file("/home/jose/ti/c2000/C2000Ware_26_01_00_00/device_support/f2837xd/
    1367                      .dwattr $C$DW$107, DW_AT_decl_line(0xb4e)
    1368                      .dwattr $C$DW$107, DW_AT_decl_column(0x0c)
    1369              
    1370              $C$DW$108       .dwtag  DW_TAG_member
    1371                      .dwattr $C$DW$108, DW_AT_type(*$C$DW$T$19)
    1372                      .dwattr $C$DW$108, DW_AT_name("GPIO17")
    1373                      .dwattr $C$DW$108, DW_AT_bit_offset(0x0e)
    1374                      .dwattr $C$DW$108, DW_AT_bit_size(0x01)
    1375                      .dwattr $C$DW$108, DW_AT_data_member_location[DW_OP_plus_uconst 0x1]
    1376                      .dwattr $C$DW$108, DW_AT_accessibility(DW_ACCESS_public)
    1377                      .dwattr $C$DW$108, DW_AT_decl_file("/home/jose/ti/c2000/C2000Ware_26_01_00_00/device_support/f2837xd/
    1378                      .dwattr $C$DW$108, DW_AT_decl_line(0xb4f)
    1379                      .dwattr $C$DW$108, DW_AT_decl_column(0x0c)
    1380              
    1381              $C$DW$109       .dwtag  DW_TAG_member
    1382                      .dwattr $C$DW$109, DW_AT_type(*$C$DW$T$19)
    1383                      .dwattr $C$DW$109, DW_AT_name("GPIO18")
    1384                      .dwattr $C$DW$109, DW_AT_bit_offset(0x0d)
    1385                      .dwattr $C$DW$109, DW_AT_bit_size(0x01)
    1386                      .dwattr $C$DW$109, DW_AT_data_member_location[DW_OP_plus_uconst 0x1]
    1387                      .dwattr $C$DW$109, DW_AT_accessibility(DW_ACCESS_public)
    1388                      .dwattr $C$DW$109, DW_AT_decl_file("/home/jose/ti/c2000/C2000Ware_26_01_00_00/device_support/f2837xd/
    1389                      .dwattr $C$DW$109, DW_AT_decl_line(0xb50)
    1390                      .dwattr $C$DW$109, DW_AT_decl_column(0x0c)
    1391              
    1392              $C$DW$110       .dwtag  DW_TAG_member
    1393                      .dwattr $C$DW$110, DW_AT_type(*$C$DW$T$19)
    1394                      .dwattr $C$DW$110, DW_AT_name("GPIO19")
    1395                      .dwattr $C$DW$110, DW_AT_bit_offset(0x0c)
TMS320C2000 Assembler Unix v25.11.0 Sat May 30 20:22:51 2026

Copyright (c) 1996-2018 Texas Instruments Incorporated
drv8305.asm                                                          PAGE   27

    1396                      .dwattr $C$DW$110, DW_AT_bit_size(0x01)
    1397                      .dwattr $C$DW$110, DW_AT_data_member_location[DW_OP_plus_uconst 0x1]
    1398                      .dwattr $C$DW$110, DW_AT_accessibility(DW_ACCESS_public)
    1399                      .dwattr $C$DW$110, DW_AT_decl_file("/home/jose/ti/c2000/C2000Ware_26_01_00_00/device_support/f2837xd/
    1400                      .dwattr $C$DW$110, DW_AT_decl_line(0xb51)
    1401                      .dwattr $C$DW$110, DW_AT_decl_column(0x0c)
    1402              
    1403              $C$DW$111       .dwtag  DW_TAG_member
    1404                      .dwattr $C$DW$111, DW_AT_type(*$C$DW$T$19)
    1405                      .dwattr $C$DW$111, DW_AT_name("GPIO20")
    1406                      .dwattr $C$DW$111, DW_AT_bit_offset(0x0b)
    1407                      .dwattr $C$DW$111, DW_AT_bit_size(0x01)
    1408                      .dwattr $C$DW$111, DW_AT_data_member_location[DW_OP_plus_uconst 0x1]
    1409                      .dwattr $C$DW$111, DW_AT_accessibility(DW_ACCESS_public)
    1410                      .dwattr $C$DW$111, DW_AT_decl_file("/home/jose/ti/c2000/C2000Ware_26_01_00_00/device_support/f2837xd/
    1411                      .dwattr $C$DW$111, DW_AT_decl_line(0xb52)
    1412                      .dwattr $C$DW$111, DW_AT_decl_column(0x0c)
    1413              
    1414              $C$DW$112       .dwtag  DW_TAG_member
    1415                      .dwattr $C$DW$112, DW_AT_type(*$C$DW$T$19)
    1416                      .dwattr $C$DW$112, DW_AT_name("GPIO21")
    1417                      .dwattr $C$DW$112, DW_AT_bit_offset(0x0a)
    1418                      .dwattr $C$DW$112, DW_AT_bit_size(0x01)
    1419                      .dwattr $C$DW$112, DW_AT_data_member_location[DW_OP_plus_uconst 0x1]
    1420                      .dwattr $C$DW$112, DW_AT_accessibility(DW_ACCESS_public)
    1421                      .dwattr $C$DW$112, DW_AT_decl_file("/home/jose/ti/c2000/C2000Ware_26_01_00_00/device_support/f2837xd/
    1422                      .dwattr $C$DW$112, DW_AT_decl_line(0xb53)
    1423                      .dwattr $C$DW$112, DW_AT_decl_column(0x0c)
    1424              
    1425              $C$DW$113       .dwtag  DW_TAG_member
    1426                      .dwattr $C$DW$113, DW_AT_type(*$C$DW$T$19)
    1427                      .dwattr $C$DW$113, DW_AT_name("GPIO22")
    1428                      .dwattr $C$DW$113, DW_AT_bit_offset(0x09)
    1429                      .dwattr $C$DW$113, DW_AT_bit_size(0x01)
    1430                      .dwattr $C$DW$113, DW_AT_data_member_location[DW_OP_plus_uconst 0x1]
    1431                      .dwattr $C$DW$113, DW_AT_accessibility(DW_ACCESS_public)
    1432                      .dwattr $C$DW$113, DW_AT_decl_file("/home/jose/ti/c2000/C2000Ware_26_01_00_00/device_support/f2837xd/
    1433                      .dwattr $C$DW$113, DW_AT_decl_line(0xb54)
    1434                      .dwattr $C$DW$113, DW_AT_decl_column(0x0c)
    1435              
    1436              $C$DW$114       .dwtag  DW_TAG_member
    1437                      .dwattr $C$DW$114, DW_AT_type(*$C$DW$T$19)
    1438                      .dwattr $C$DW$114, DW_AT_name("GPIO23")
    1439                      .dwattr $C$DW$114, DW_AT_bit_offset(0x08)
    1440                      .dwattr $C$DW$114, DW_AT_bit_size(0x01)
    1441                      .dwattr $C$DW$114, DW_AT_data_member_location[DW_OP_plus_uconst 0x1]
    1442                      .dwattr $C$DW$114, DW_AT_accessibility(DW_ACCESS_public)
    1443                      .dwattr $C$DW$114, DW_AT_decl_file("/home/jose/ti/c2000/C2000Ware_26_01_00_00/device_support/f2837xd/
    1444                      .dwattr $C$DW$114, DW_AT_decl_line(0xb55)
    1445                      .dwattr $C$DW$114, DW_AT_decl_column(0x0c)
    1446              
    1447              $C$DW$115       .dwtag  DW_TAG_member
    1448                      .dwattr $C$DW$115, DW_AT_type(*$C$DW$T$19)
    1449                      .dwattr $C$DW$115, DW_AT_name("GPIO24")
    1450                      .dwattr $C$DW$115, DW_AT_bit_offset(0x07)
TMS320C2000 Assembler Unix v25.11.0 Sat May 30 20:22:51 2026

Copyright (c) 1996-2018 Texas Instruments Incorporated
drv8305.asm                                                          PAGE   28

    1451                      .dwattr $C$DW$115, DW_AT_bit_size(0x01)
    1452                      .dwattr $C$DW$115, DW_AT_data_member_location[DW_OP_plus_uconst 0x1]
    1453                      .dwattr $C$DW$115, DW_AT_accessibility(DW_ACCESS_public)
    1454                      .dwattr $C$DW$115, DW_AT_decl_file("/home/jose/ti/c2000/C2000Ware_26_01_00_00/device_support/f2837xd/
    1455                      .dwattr $C$DW$115, DW_AT_decl_line(0xb56)
    1456                      .dwattr $C$DW$115, DW_AT_decl_column(0x0c)
    1457              
    1458              $C$DW$116       .dwtag  DW_TAG_member
    1459                      .dwattr $C$DW$116, DW_AT_type(*$C$DW$T$19)
    1460                      .dwattr $C$DW$116, DW_AT_name("GPIO25")
    1461                      .dwattr $C$DW$116, DW_AT_bit_offset(0x06)
    1462                      .dwattr $C$DW$116, DW_AT_bit_size(0x01)
    1463                      .dwattr $C$DW$116, DW_AT_data_member_location[DW_OP_plus_uconst 0x1]
    1464                      .dwattr $C$DW$116, DW_AT_accessibility(DW_ACCESS_public)
    1465                      .dwattr $C$DW$116, DW_AT_decl_file("/home/jose/ti/c2000/C2000Ware_26_01_00_00/device_support/f2837xd/
    1466                      .dwattr $C$DW$116, DW_AT_decl_line(0xb57)
    1467                      .dwattr $C$DW$116, DW_AT_decl_column(0x0c)
    1468              
    1469              $C$DW$117       .dwtag  DW_TAG_member
    1470                      .dwattr $C$DW$117, DW_AT_type(*$C$DW$T$19)
    1471                      .dwattr $C$DW$117, DW_AT_name("GPIO26")
    1472                      .dwattr $C$DW$117, DW_AT_bit_offset(0x05)
    1473                      .dwattr $C$DW$117, DW_AT_bit_size(0x01)
    1474                      .dwattr $C$DW$117, DW_AT_data_member_location[DW_OP_plus_uconst 0x1]
    1475                      .dwattr $C$DW$117, DW_AT_accessibility(DW_ACCESS_public)
    1476                      .dwattr $C$DW$117, DW_AT_decl_file("/home/jose/ti/c2000/C2000Ware_26_01_00_00/device_support/f2837xd/
    1477                      .dwattr $C$DW$117, DW_AT_decl_line(0xb58)
    1478                      .dwattr $C$DW$117, DW_AT_decl_column(0x0c)
    1479              
    1480              $C$DW$118       .dwtag  DW_TAG_member
    1481                      .dwattr $C$DW$118, DW_AT_type(*$C$DW$T$19)
    1482                      .dwattr $C$DW$118, DW_AT_name("GPIO27")
    1483                      .dwattr $C$DW$118, DW_AT_bit_offset(0x04)
    1484                      .dwattr $C$DW$118, DW_AT_bit_size(0x01)
    1485                      .dwattr $C$DW$118, DW_AT_data_member_location[DW_OP_plus_uconst 0x1]
    1486                      .dwattr $C$DW$118, DW_AT_accessibility(DW_ACCESS_public)
    1487                      .dwattr $C$DW$118, DW_AT_decl_file("/home/jose/ti/c2000/C2000Ware_26_01_00_00/device_support/f2837xd/
    1488                      .dwattr $C$DW$118, DW_AT_decl_line(0xb59)
    1489                      .dwattr $C$DW$118, DW_AT_decl_column(0x0c)
    1490              
    1491              $C$DW$119       .dwtag  DW_TAG_member
    1492                      .dwattr $C$DW$119, DW_AT_type(*$C$DW$T$19)
    1493                      .dwattr $C$DW$119, DW_AT_name("GPIO28")
    1494                      .dwattr $C$DW$119, DW_AT_bit_offset(0x03)
    1495                      .dwattr $C$DW$119, DW_AT_bit_size(0x01)
    1496                      .dwattr $C$DW$119, DW_AT_data_member_location[DW_OP_plus_uconst 0x1]
    1497                      .dwattr $C$DW$119, DW_AT_accessibility(DW_ACCESS_public)
    1498                      .dwattr $C$DW$119, DW_AT_decl_file("/home/jose/ti/c2000/C2000Ware_26_01_00_00/device_support/f2837xd/
    1499                      .dwattr $C$DW$119, DW_AT_decl_line(0xb5a)
    1500                      .dwattr $C$DW$119, DW_AT_decl_column(0x0c)
    1501              
    1502              $C$DW$120       .dwtag  DW_TAG_member
    1503                      .dwattr $C$DW$120, DW_AT_type(*$C$DW$T$19)
    1504                      .dwattr $C$DW$120, DW_AT_name("GPIO29")
    1505                      .dwattr $C$DW$120, DW_AT_bit_offset(0x02)
TMS320C2000 Assembler Unix v25.11.0 Sat May 30 20:22:51 2026

Copyright (c) 1996-2018 Texas Instruments Incorporated
drv8305.asm                                                          PAGE   29

    1506                      .dwattr $C$DW$120, DW_AT_bit_size(0x01)
    1507                      .dwattr $C$DW$120, DW_AT_data_member_location[DW_OP_plus_uconst 0x1]
    1508                      .dwattr $C$DW$120, DW_AT_accessibility(DW_ACCESS_public)
    1509                      .dwattr $C$DW$120, DW_AT_decl_file("/home/jose/ti/c2000/C2000Ware_26_01_00_00/device_support/f2837xd/
    1510                      .dwattr $C$DW$120, DW_AT_decl_line(0xb5b)
    1511                      .dwattr $C$DW$120, DW_AT_decl_column(0x0c)
    1512              
    1513              $C$DW$121       .dwtag  DW_TAG_member
    1514                      .dwattr $C$DW$121, DW_AT_type(*$C$DW$T$19)
    1515                      .dwattr $C$DW$121, DW_AT_name("GPIO30")
    1516                      .dwattr $C$DW$121, DW_AT_bit_offset(0x01)
    1517                      .dwattr $C$DW$121, DW_AT_bit_size(0x01)
    1518                      .dwattr $C$DW$121, DW_AT_data_member_location[DW_OP_plus_uconst 0x1]
    1519                      .dwattr $C$DW$121, DW_AT_accessibility(DW_ACCESS_public)
    1520                      .dwattr $C$DW$121, DW_AT_decl_file("/home/jose/ti/c2000/C2000Ware_26_01_00_00/device_support/f2837xd/
    1521                      .dwattr $C$DW$121, DW_AT_decl_line(0xb5c)
    1522                      .dwattr $C$DW$121, DW_AT_decl_column(0x0c)
    1523              
    1524              $C$DW$122       .dwtag  DW_TAG_member
    1525                      .dwattr $C$DW$122, DW_AT_type(*$C$DW$T$19)
    1526                      .dwattr $C$DW$122, DW_AT_name("GPIO31")
    1527                      .dwattr $C$DW$122, DW_AT_bit_offset(0x00)
    1528                      .dwattr $C$DW$122, DW_AT_bit_size(0x01)
    1529                      .dwattr $C$DW$122, DW_AT_data_member_location[DW_OP_plus_uconst 0x1]
    1530                      .dwattr $C$DW$122, DW_AT_accessibility(DW_ACCESS_public)
    1531                      .dwattr $C$DW$122, DW_AT_decl_file("/home/jose/ti/c2000/C2000Ware_26_01_00_00/device_support/f2837xd/
    1532                      .dwattr $C$DW$122, DW_AT_decl_line(0xb5d)
    1533                      .dwattr $C$DW$122, DW_AT_decl_column(0x0c)
    1534              
    1535                      .dwattr $C$DW$T$23, DW_AT_decl_file("/home/jose/ti/c2000/C2000Ware_26_01_00_00/device_support/f2837xd
    1536                      .dwattr $C$DW$T$23, DW_AT_decl_line(0xb3d)
    1537                      .dwattr $C$DW$T$23, DW_AT_decl_column(0x08)
    1538                      .dwendtag $C$DW$T$23
    1539              
    1540                      .dwendtag $C$DW$TU$23
    1541              
    1542              
    1543              $C$DW$TU$24     .dwtag  DW_TAG_type_unit
    1544                      .dwmtype  $C$DW$T$24
    1545              
    1546              $C$DW$T$24      .dwtag  DW_TAG_union_type
    1547                      .dwattr $C$DW$T$24, DW_AT_name("GPADAT_REG")
    1548                      .dwattr $C$DW$T$24, DW_AT_byte_size(0x02)
    1549              $C$DW$123       .dwtag  DW_TAG_member
    1550                      .dwattr $C$DW$123, DW_AT_type(*$C$DW$T$21)
    1551                      .dwattr $C$DW$123, DW_AT_name("all")
    1552                      .dwattr $C$DW$123, DW_AT_accessibility(DW_ACCESS_public)
    1553                      .dwattr $C$DW$123, DW_AT_decl_file("/home/jose/ti/c2000/C2000Ware_26_01_00_00/device_support/f2837xd/
    1554                      .dwattr $C$DW$123, DW_AT_decl_line(0xb61)
    1555                      .dwattr $C$DW$123, DW_AT_decl_column(0x0d)
    1556              
    1557              $C$DW$124       .dwtag  DW_TAG_member
    1558                      .dwattr $C$DW$124, DW_AT_type(*$C$DW$T$23)
    1559                      .dwattr $C$DW$124, DW_AT_name("bit")
    1560                      .dwattr $C$DW$124, DW_AT_accessibility(DW_ACCESS_public)
TMS320C2000 Assembler Unix v25.11.0 Sat May 30 20:22:51 2026

Copyright (c) 1996-2018 Texas Instruments Incorporated
drv8305.asm                                                          PAGE   30

    1561                      .dwattr $C$DW$124, DW_AT_decl_file("/home/jose/ti/c2000/C2000Ware_26_01_00_00/device_support/f2837xd/
    1562                      .dwattr $C$DW$124, DW_AT_decl_line(0xb62)
    1563                      .dwattr $C$DW$124, DW_AT_decl_column(0x1a)
    1564              
    1565                      .dwattr $C$DW$T$24, DW_AT_decl_file("/home/jose/ti/c2000/C2000Ware_26_01_00_00/device_support/f2837xd
    1566                      .dwattr $C$DW$T$24, DW_AT_decl_line(0xb60)
    1567                      .dwattr $C$DW$T$24, DW_AT_decl_column(0x07)
    1568                      .dwendtag $C$DW$T$24
    1569              
    1570                      .dwendtag $C$DW$TU$24
    1571              
    1572              
    1573              $C$DW$TU$25     .dwtag  DW_TAG_type_unit
    1574                      .dwmtype  $C$DW$T$25
    1575              
    1576              $C$DW$T$25      .dwtag  DW_TAG_structure_type
    1577                      .dwattr $C$DW$T$25, DW_AT_name("GPASET_BITS")
    1578                      .dwattr $C$DW$T$25, DW_AT_byte_size(0x02)
    1579              $C$DW$125       .dwtag  DW_TAG_member
    1580                      .dwattr $C$DW$125, DW_AT_type(*$C$DW$T$19)
    1581                      .dwattr $C$DW$125, DW_AT_name("GPIO0")
    1582                      .dwattr $C$DW$125, DW_AT_bit_offset(0x0f)
    1583                      .dwattr $C$DW$125, DW_AT_bit_size(0x01)
    1584                      .dwattr $C$DW$125, DW_AT_accessibility(DW_ACCESS_public)
    1585                      .dwattr $C$DW$125, DW_AT_decl_file("/home/jose/ti/c2000/C2000Ware_26_01_00_00/device_support/f2837xd/
    1586                      .dwattr $C$DW$125, DW_AT_decl_line(0xb66)
    1587                      .dwattr $C$DW$125, DW_AT_decl_column(0x0c)
    1588              
    1589              $C$DW$126       .dwtag  DW_TAG_member
    1590                      .dwattr $C$DW$126, DW_AT_type(*$C$DW$T$19)
    1591                      .dwattr $C$DW$126, DW_AT_name("GPIO1")
    1592                      .dwattr $C$DW$126, DW_AT_bit_offset(0x0e)
    1593                      .dwattr $C$DW$126, DW_AT_bit_size(0x01)
    1594                      .dwattr $C$DW$126, DW_AT_accessibility(DW_ACCESS_public)
    1595                      .dwattr $C$DW$126, DW_AT_decl_file("/home/jose/ti/c2000/C2000Ware_26_01_00_00/device_support/f2837xd/
    1596                      .dwattr $C$DW$126, DW_AT_decl_line(0xb67)
    1597                      .dwattr $C$DW$126, DW_AT_decl_column(0x0c)
    1598              
    1599              $C$DW$127       .dwtag  DW_TAG_member
    1600                      .dwattr $C$DW$127, DW_AT_type(*$C$DW$T$19)
    1601                      .dwattr $C$DW$127, DW_AT_name("GPIO2")
    1602                      .dwattr $C$DW$127, DW_AT_bit_offset(0x0d)
    1603                      .dwattr $C$DW$127, DW_AT_bit_size(0x01)
    1604                      .dwattr $C$DW$127, DW_AT_accessibility(DW_ACCESS_public)
    1605                      .dwattr $C$DW$127, DW_AT_decl_file("/home/jose/ti/c2000/C2000Ware_26_01_00_00/device_support/f2837xd/
    1606                      .dwattr $C$DW$127, DW_AT_decl_line(0xb68)
    1607                      .dwattr $C$DW$127, DW_AT_decl_column(0x0c)
    1608              
    1609              $C$DW$128       .dwtag  DW_TAG_member
    1610                      .dwattr $C$DW$128, DW_AT_type(*$C$DW$T$19)
    1611                      .dwattr $C$DW$128, DW_AT_name("GPIO3")
    1612                      .dwattr $C$DW$128, DW_AT_bit_offset(0x0c)
    1613                      .dwattr $C$DW$128, DW_AT_bit_size(0x01)
    1614                      .dwattr $C$DW$128, DW_AT_accessibility(DW_ACCESS_public)
    1615                      .dwattr $C$DW$128, DW_AT_decl_file("/home/jose/ti/c2000/C2000Ware_26_01_00_00/device_support/f2837xd/
TMS320C2000 Assembler Unix v25.11.0 Sat May 30 20:22:51 2026

Copyright (c) 1996-2018 Texas Instruments Incorporated
drv8305.asm                                                          PAGE   31

    1616                      .dwattr $C$DW$128, DW_AT_decl_line(0xb69)
    1617                      .dwattr $C$DW$128, DW_AT_decl_column(0x0c)
    1618              
    1619              $C$DW$129       .dwtag  DW_TAG_member
    1620                      .dwattr $C$DW$129, DW_AT_type(*$C$DW$T$19)
    1621                      .dwattr $C$DW$129, DW_AT_name("GPIO4")
    1622                      .dwattr $C$DW$129, DW_AT_bit_offset(0x0b)
    1623                      .dwattr $C$DW$129, DW_AT_bit_size(0x01)
    1624                      .dwattr $C$DW$129, DW_AT_accessibility(DW_ACCESS_public)
    1625                      .dwattr $C$DW$129, DW_AT_decl_file("/home/jose/ti/c2000/C2000Ware_26_01_00_00/device_support/f2837xd/
    1626                      .dwattr $C$DW$129, DW_AT_decl_line(0xb6a)
    1627                      .dwattr $C$DW$129, DW_AT_decl_column(0x0c)
    1628              
    1629              $C$DW$130       .dwtag  DW_TAG_member
    1630                      .dwattr $C$DW$130, DW_AT_type(*$C$DW$T$19)
    1631                      .dwattr $C$DW$130, DW_AT_name("GPIO5")
    1632                      .dwattr $C$DW$130, DW_AT_bit_offset(0x0a)
    1633                      .dwattr $C$DW$130, DW_AT_bit_size(0x01)
    1634                      .dwattr $C$DW$130, DW_AT_accessibility(DW_ACCESS_public)
    1635                      .dwattr $C$DW$130, DW_AT_decl_file("/home/jose/ti/c2000/C2000Ware_26_01_00_00/device_support/f2837xd/
    1636                      .dwattr $C$DW$130, DW_AT_decl_line(0xb6b)
    1637                      .dwattr $C$DW$130, DW_AT_decl_column(0x0c)
    1638              
    1639              $C$DW$131       .dwtag  DW_TAG_member
    1640                      .dwattr $C$DW$131, DW_AT_type(*$C$DW$T$19)
    1641                      .dwattr $C$DW$131, DW_AT_name("GPIO6")
    1642                      .dwattr $C$DW$131, DW_AT_bit_offset(0x09)
    1643                      .dwattr $C$DW$131, DW_AT_bit_size(0x01)
    1644                      .dwattr $C$DW$131, DW_AT_accessibility(DW_ACCESS_public)
    1645                      .dwattr $C$DW$131, DW_AT_decl_file("/home/jose/ti/c2000/C2000Ware_26_01_00_00/device_support/f2837xd/
    1646                      .dwattr $C$DW$131, DW_AT_decl_line(0xb6c)
    1647                      .dwattr $C$DW$131, DW_AT_decl_column(0x0c)
    1648              
    1649              $C$DW$132       .dwtag  DW_TAG_member
    1650                      .dwattr $C$DW$132, DW_AT_type(*$C$DW$T$19)
    1651                      .dwattr $C$DW$132, DW_AT_name("GPIO7")
    1652                      .dwattr $C$DW$132, DW_AT_bit_offset(0x08)
    1653                      .dwattr $C$DW$132, DW_AT_bit_size(0x01)
    1654                      .dwattr $C$DW$132, DW_AT_accessibility(DW_ACCESS_public)
    1655                      .dwattr $C$DW$132, DW_AT_decl_file("/home/jose/ti/c2000/C2000Ware_26_01_00_00/device_support/f2837xd/
    1656                      .dwattr $C$DW$132, DW_AT_decl_line(0xb6d)
    1657                      .dwattr $C$DW$132, DW_AT_decl_column(0x0c)
    1658              
    1659              $C$DW$133       .dwtag  DW_TAG_member
    1660                      .dwattr $C$DW$133, DW_AT_type(*$C$DW$T$19)
    1661                      .dwattr $C$DW$133, DW_AT_name("GPIO8")
    1662                      .dwattr $C$DW$133, DW_AT_bit_offset(0x07)
    1663                      .dwattr $C$DW$133, DW_AT_bit_size(0x01)
    1664                      .dwattr $C$DW$133, DW_AT_accessibility(DW_ACCESS_public)
    1665                      .dwattr $C$DW$133, DW_AT_decl_file("/home/jose/ti/c2000/C2000Ware_26_01_00_00/device_support/f2837xd/
    1666                      .dwattr $C$DW$133, DW_AT_decl_line(0xb6e)
    1667                      .dwattr $C$DW$133, DW_AT_decl_column(0x0c)
    1668              
    1669              $C$DW$134       .dwtag  DW_TAG_member
    1670                      .dwattr $C$DW$134, DW_AT_type(*$C$DW$T$19)
TMS320C2000 Assembler Unix v25.11.0 Sat May 30 20:22:51 2026

Copyright (c) 1996-2018 Texas Instruments Incorporated
drv8305.asm                                                          PAGE   32

    1671                      .dwattr $C$DW$134, DW_AT_name("GPIO9")
    1672                      .dwattr $C$DW$134, DW_AT_bit_offset(0x06)
    1673                      .dwattr $C$DW$134, DW_AT_bit_size(0x01)
    1674                      .dwattr $C$DW$134, DW_AT_accessibility(DW_ACCESS_public)
    1675                      .dwattr $C$DW$134, DW_AT_decl_file("/home/jose/ti/c2000/C2000Ware_26_01_00_00/device_support/f2837xd/
    1676                      .dwattr $C$DW$134, DW_AT_decl_line(0xb6f)
    1677                      .dwattr $C$DW$134, DW_AT_decl_column(0x0c)
    1678              
    1679              $C$DW$135       .dwtag  DW_TAG_member
    1680                      .dwattr $C$DW$135, DW_AT_type(*$C$DW$T$19)
    1681                      .dwattr $C$DW$135, DW_AT_name("GPIO10")
    1682                      .dwattr $C$DW$135, DW_AT_bit_offset(0x05)
    1683                      .dwattr $C$DW$135, DW_AT_bit_size(0x01)
    1684                      .dwattr $C$DW$135, DW_AT_accessibility(DW_ACCESS_public)
    1685                      .dwattr $C$DW$135, DW_AT_decl_file("/home/jose/ti/c2000/C2000Ware_26_01_00_00/device_support/f2837xd/
    1686                      .dwattr $C$DW$135, DW_AT_decl_line(0xb70)
    1687                      .dwattr $C$DW$135, DW_AT_decl_column(0x0c)
    1688              
    1689              $C$DW$136       .dwtag  DW_TAG_member
    1690                      .dwattr $C$DW$136, DW_AT_type(*$C$DW$T$19)
    1691                      .dwattr $C$DW$136, DW_AT_name("GPIO11")
    1692                      .dwattr $C$DW$136, DW_AT_bit_offset(0x04)
    1693                      .dwattr $C$DW$136, DW_AT_bit_size(0x01)
    1694                      .dwattr $C$DW$136, DW_AT_accessibility(DW_ACCESS_public)
    1695                      .dwattr $C$DW$136, DW_AT_decl_file("/home/jose/ti/c2000/C2000Ware_26_01_00_00/device_support/f2837xd/
    1696                      .dwattr $C$DW$136, DW_AT_decl_line(0xb71)
    1697                      .dwattr $C$DW$136, DW_AT_decl_column(0x0c)
    1698              
    1699              $C$DW$137       .dwtag  DW_TAG_member
    1700                      .dwattr $C$DW$137, DW_AT_type(*$C$DW$T$19)
    1701                      .dwattr $C$DW$137, DW_AT_name("GPIO12")
    1702                      .dwattr $C$DW$137, DW_AT_bit_offset(0x03)
    1703                      .dwattr $C$DW$137, DW_AT_bit_size(0x01)
    1704                      .dwattr $C$DW$137, DW_AT_accessibility(DW_ACCESS_public)
    1705                      .dwattr $C$DW$137, DW_AT_decl_file("/home/jose/ti/c2000/C2000Ware_26_01_00_00/device_support/f2837xd/
    1706                      .dwattr $C$DW$137, DW_AT_decl_line(0xb72)
    1707                      .dwattr $C$DW$137, DW_AT_decl_column(0x0c)
    1708              
    1709              $C$DW$138       .dwtag  DW_TAG_member
    1710                      .dwattr $C$DW$138, DW_AT_type(*$C$DW$T$19)
    1711                      .dwattr $C$DW$138, DW_AT_name("GPIO13")
    1712                      .dwattr $C$DW$138, DW_AT_bit_offset(0x02)
    1713                      .dwattr $C$DW$138, DW_AT_bit_size(0x01)
    1714                      .dwattr $C$DW$138, DW_AT_accessibility(DW_ACCESS_public)
    1715                      .dwattr $C$DW$138, DW_AT_decl_file("/home/jose/ti/c2000/C2000Ware_26_01_00_00/device_support/f2837xd/
    1716                      .dwattr $C$DW$138, DW_AT_decl_line(0xb73)
    1717                      .dwattr $C$DW$138, DW_AT_decl_column(0x0c)
    1718              
    1719              $C$DW$139       .dwtag  DW_TAG_member
    1720                      .dwattr $C$DW$139, DW_AT_type(*$C$DW$T$19)
    1721                      .dwattr $C$DW$139, DW_AT_name("GPIO14")
    1722                      .dwattr $C$DW$139, DW_AT_bit_offset(0x01)
    1723                      .dwattr $C$DW$139, DW_AT_bit_size(0x01)
    1724                      .dwattr $C$DW$139, DW_AT_accessibility(DW_ACCESS_public)
    1725                      .dwattr $C$DW$139, DW_AT_decl_file("/home/jose/ti/c2000/C2000Ware_26_01_00_00/device_support/f2837xd/
TMS320C2000 Assembler Unix v25.11.0 Sat May 30 20:22:51 2026

Copyright (c) 1996-2018 Texas Instruments Incorporated
drv8305.asm                                                          PAGE   33

    1726                      .dwattr $C$DW$139, DW_AT_decl_line(0xb74)
    1727                      .dwattr $C$DW$139, DW_AT_decl_column(0x0c)
    1728              
    1729              $C$DW$140       .dwtag  DW_TAG_member
    1730                      .dwattr $C$DW$140, DW_AT_type(*$C$DW$T$19)
    1731                      .dwattr $C$DW$140, DW_AT_name("GPIO15")
    1732                      .dwattr $C$DW$140, DW_AT_bit_offset(0x00)
    1733                      .dwattr $C$DW$140, DW_AT_bit_size(0x01)
    1734                      .dwattr $C$DW$140, DW_AT_accessibility(DW_ACCESS_public)
    1735                      .dwattr $C$DW$140, DW_AT_decl_file("/home/jose/ti/c2000/C2000Ware_26_01_00_00/device_support/f2837xd/
    1736                      .dwattr $C$DW$140, DW_AT_decl_line(0xb75)
    1737                      .dwattr $C$DW$140, DW_AT_decl_column(0x0c)
    1738              
    1739              $C$DW$141       .dwtag  DW_TAG_member
    1740                      .dwattr $C$DW$141, DW_AT_type(*$C$DW$T$19)
    1741                      .dwattr $C$DW$141, DW_AT_name("GPIO16")
    1742                      .dwattr $C$DW$141, DW_AT_bit_offset(0x0f)
    1743                      .dwattr $C$DW$141, DW_AT_bit_size(0x01)
    1744                      .dwattr $C$DW$141, DW_AT_data_member_location[DW_OP_plus_uconst 0x1]
    1745                      .dwattr $C$DW$141, DW_AT_accessibility(DW_ACCESS_public)
    1746                      .dwattr $C$DW$141, DW_AT_decl_file("/home/jose/ti/c2000/C2000Ware_26_01_00_00/device_support/f2837xd/
    1747                      .dwattr $C$DW$141, DW_AT_decl_line(0xb76)
    1748                      .dwattr $C$DW$141, DW_AT_decl_column(0x0c)
    1749              
    1750              $C$DW$142       .dwtag  DW_TAG_member
    1751                      .dwattr $C$DW$142, DW_AT_type(*$C$DW$T$19)
    1752                      .dwattr $C$DW$142, DW_AT_name("GPIO17")
    1753                      .dwattr $C$DW$142, DW_AT_bit_offset(0x0e)
    1754                      .dwattr $C$DW$142, DW_AT_bit_size(0x01)
    1755                      .dwattr $C$DW$142, DW_AT_data_member_location[DW_OP_plus_uconst 0x1]
    1756                      .dwattr $C$DW$142, DW_AT_accessibility(DW_ACCESS_public)
    1757                      .dwattr $C$DW$142, DW_AT_decl_file("/home/jose/ti/c2000/C2000Ware_26_01_00_00/device_support/f2837xd/
    1758                      .dwattr $C$DW$142, DW_AT_decl_line(0xb77)
    1759                      .dwattr $C$DW$142, DW_AT_decl_column(0x0c)
    1760              
    1761              $C$DW$143       .dwtag  DW_TAG_member
    1762                      .dwattr $C$DW$143, DW_AT_type(*$C$DW$T$19)
    1763                      .dwattr $C$DW$143, DW_AT_name("GPIO18")
    1764                      .dwattr $C$DW$143, DW_AT_bit_offset(0x0d)
    1765                      .dwattr $C$DW$143, DW_AT_bit_size(0x01)
    1766                      .dwattr $C$DW$143, DW_AT_data_member_location[DW_OP_plus_uconst 0x1]
    1767                      .dwattr $C$DW$143, DW_AT_accessibility(DW_ACCESS_public)
    1768                      .dwattr $C$DW$143, DW_AT_decl_file("/home/jose/ti/c2000/C2000Ware_26_01_00_00/device_support/f2837xd/
    1769                      .dwattr $C$DW$143, DW_AT_decl_line(0xb78)
    1770                      .dwattr $C$DW$143, DW_AT_decl_column(0x0c)
    1771              
    1772              $C$DW$144       .dwtag  DW_TAG_member
    1773                      .dwattr $C$DW$144, DW_AT_type(*$C$DW$T$19)
    1774                      .dwattr $C$DW$144, DW_AT_name("GPIO19")
    1775                      .dwattr $C$DW$144, DW_AT_bit_offset(0x0c)
    1776                      .dwattr $C$DW$144, DW_AT_bit_size(0x01)
    1777                      .dwattr $C$DW$144, DW_AT_data_member_location[DW_OP_plus_uconst 0x1]
    1778                      .dwattr $C$DW$144, DW_AT_accessibility(DW_ACCESS_public)
    1779                      .dwattr $C$DW$144, DW_AT_decl_file("/home/jose/ti/c2000/C2000Ware_26_01_00_00/device_support/f2837xd/
    1780                      .dwattr $C$DW$144, DW_AT_decl_line(0xb79)
TMS320C2000 Assembler Unix v25.11.0 Sat May 30 20:22:51 2026

Copyright (c) 1996-2018 Texas Instruments Incorporated
drv8305.asm                                                          PAGE   34

    1781                      .dwattr $C$DW$144, DW_AT_decl_column(0x0c)
    1782              
    1783              $C$DW$145       .dwtag  DW_TAG_member
    1784                      .dwattr $C$DW$145, DW_AT_type(*$C$DW$T$19)
    1785                      .dwattr $C$DW$145, DW_AT_name("GPIO20")
    1786                      .dwattr $C$DW$145, DW_AT_bit_offset(0x0b)
    1787                      .dwattr $C$DW$145, DW_AT_bit_size(0x01)
    1788                      .dwattr $C$DW$145, DW_AT_data_member_location[DW_OP_plus_uconst 0x1]
    1789                      .dwattr $C$DW$145, DW_AT_accessibility(DW_ACCESS_public)
    1790                      .dwattr $C$DW$145, DW_AT_decl_file("/home/jose/ti/c2000/C2000Ware_26_01_00_00/device_support/f2837xd/
    1791                      .dwattr $C$DW$145, DW_AT_decl_line(0xb7a)
    1792                      .dwattr $C$DW$145, DW_AT_decl_column(0x0c)
    1793              
    1794              $C$DW$146       .dwtag  DW_TAG_member
    1795                      .dwattr $C$DW$146, DW_AT_type(*$C$DW$T$19)
    1796                      .dwattr $C$DW$146, DW_AT_name("GPIO21")
    1797                      .dwattr $C$DW$146, DW_AT_bit_offset(0x0a)
    1798                      .dwattr $C$DW$146, DW_AT_bit_size(0x01)
    1799                      .dwattr $C$DW$146, DW_AT_data_member_location[DW_OP_plus_uconst 0x1]
    1800                      .dwattr $C$DW$146, DW_AT_accessibility(DW_ACCESS_public)
    1801                      .dwattr $C$DW$146, DW_AT_decl_file("/home/jose/ti/c2000/C2000Ware_26_01_00_00/device_support/f2837xd/
    1802                      .dwattr $C$DW$146, DW_AT_decl_line(0xb7b)
    1803                      .dwattr $C$DW$146, DW_AT_decl_column(0x0c)
    1804              
    1805              $C$DW$147       .dwtag  DW_TAG_member
    1806                      .dwattr $C$DW$147, DW_AT_type(*$C$DW$T$19)
    1807                      .dwattr $C$DW$147, DW_AT_name("GPIO22")
    1808                      .dwattr $C$DW$147, DW_AT_bit_offset(0x09)
    1809                      .dwattr $C$DW$147, DW_AT_bit_size(0x01)
    1810                      .dwattr $C$DW$147, DW_AT_data_member_location[DW_OP_plus_uconst 0x1]
    1811                      .dwattr $C$DW$147, DW_AT_accessibility(DW_ACCESS_public)
    1812                      .dwattr $C$DW$147, DW_AT_decl_file("/home/jose/ti/c2000/C2000Ware_26_01_00_00/device_support/f2837xd/
    1813                      .dwattr $C$DW$147, DW_AT_decl_line(0xb7c)
    1814                      .dwattr $C$DW$147, DW_AT_decl_column(0x0c)
    1815              
    1816              $C$DW$148       .dwtag  DW_TAG_member
    1817                      .dwattr $C$DW$148, DW_AT_type(*$C$DW$T$19)
    1818                      .dwattr $C$DW$148, DW_AT_name("GPIO23")
    1819                      .dwattr $C$DW$148, DW_AT_bit_offset(0x08)
    1820                      .dwattr $C$DW$148, DW_AT_bit_size(0x01)
    1821                      .dwattr $C$DW$148, DW_AT_data_member_location[DW_OP_plus_uconst 0x1]
    1822                      .dwattr $C$DW$148, DW_AT_accessibility(DW_ACCESS_public)
    1823                      .dwattr $C$DW$148, DW_AT_decl_file("/home/jose/ti/c2000/C2000Ware_26_01_00_00/device_support/f2837xd/
    1824                      .dwattr $C$DW$148, DW_AT_decl_line(0xb7d)
    1825                      .dwattr $C$DW$148, DW_AT_decl_column(0x0c)
    1826              
    1827              $C$DW$149       .dwtag  DW_TAG_member
    1828                      .dwattr $C$DW$149, DW_AT_type(*$C$DW$T$19)
    1829                      .dwattr $C$DW$149, DW_AT_name("GPIO24")
    1830                      .dwattr $C$DW$149, DW_AT_bit_offset(0x07)
    1831                      .dwattr $C$DW$149, DW_AT_bit_size(0x01)
    1832                      .dwattr $C$DW$149, DW_AT_data_member_location[DW_OP_plus_uconst 0x1]
    1833                      .dwattr $C$DW$149, DW_AT_accessibility(DW_ACCESS_public)
    1834                      .dwattr $C$DW$149, DW_AT_decl_file("/home/jose/ti/c2000/C2000Ware_26_01_00_00/device_support/f2837xd/
    1835                      .dwattr $C$DW$149, DW_AT_decl_line(0xb7e)
TMS320C2000 Assembler Unix v25.11.0 Sat May 30 20:22:51 2026

Copyright (c) 1996-2018 Texas Instruments Incorporated
drv8305.asm                                                          PAGE   35

    1836                      .dwattr $C$DW$149, DW_AT_decl_column(0x0c)
    1837              
    1838              $C$DW$150       .dwtag  DW_TAG_member
    1839                      .dwattr $C$DW$150, DW_AT_type(*$C$DW$T$19)
    1840                      .dwattr $C$DW$150, DW_AT_name("GPIO25")
    1841                      .dwattr $C$DW$150, DW_AT_bit_offset(0x06)
    1842                      .dwattr $C$DW$150, DW_AT_bit_size(0x01)
    1843                      .dwattr $C$DW$150, DW_AT_data_member_location[DW_OP_plus_uconst 0x1]
    1844                      .dwattr $C$DW$150, DW_AT_accessibility(DW_ACCESS_public)
    1845                      .dwattr $C$DW$150, DW_AT_decl_file("/home/jose/ti/c2000/C2000Ware_26_01_00_00/device_support/f2837xd/
    1846                      .dwattr $C$DW$150, DW_AT_decl_line(0xb7f)
    1847                      .dwattr $C$DW$150, DW_AT_decl_column(0x0c)
    1848              
    1849              $C$DW$151       .dwtag  DW_TAG_member
    1850                      .dwattr $C$DW$151, DW_AT_type(*$C$DW$T$19)
    1851                      .dwattr $C$DW$151, DW_AT_name("GPIO26")
    1852                      .dwattr $C$DW$151, DW_AT_bit_offset(0x05)
    1853                      .dwattr $C$DW$151, DW_AT_bit_size(0x01)
    1854                      .dwattr $C$DW$151, DW_AT_data_member_location[DW_OP_plus_uconst 0x1]
    1855                      .dwattr $C$DW$151, DW_AT_accessibility(DW_ACCESS_public)
    1856                      .dwattr $C$DW$151, DW_AT_decl_file("/home/jose/ti/c2000/C2000Ware_26_01_00_00/device_support/f2837xd/
    1857                      .dwattr $C$DW$151, DW_AT_decl_line(0xb80)
    1858                      .dwattr $C$DW$151, DW_AT_decl_column(0x0c)
    1859              
    1860              $C$DW$152       .dwtag  DW_TAG_member
    1861                      .dwattr $C$DW$152, DW_AT_type(*$C$DW$T$19)
    1862                      .dwattr $C$DW$152, DW_AT_name("GPIO27")
    1863                      .dwattr $C$DW$152, DW_AT_bit_offset(0x04)
    1864                      .dwattr $C$DW$152, DW_AT_bit_size(0x01)
    1865                      .dwattr $C$DW$152, DW_AT_data_member_location[DW_OP_plus_uconst 0x1]
    1866                      .dwattr $C$DW$152, DW_AT_accessibility(DW_ACCESS_public)
    1867                      .dwattr $C$DW$152, DW_AT_decl_file("/home/jose/ti/c2000/C2000Ware_26_01_00_00/device_support/f2837xd/
    1868                      .dwattr $C$DW$152, DW_AT_decl_line(0xb81)
    1869                      .dwattr $C$DW$152, DW_AT_decl_column(0x0c)
    1870              
    1871              $C$DW$153       .dwtag  DW_TAG_member
    1872                      .dwattr $C$DW$153, DW_AT_type(*$C$DW$T$19)
    1873                      .dwattr $C$DW$153, DW_AT_name("GPIO28")
    1874                      .dwattr $C$DW$153, DW_AT_bit_offset(0x03)
    1875                      .dwattr $C$DW$153, DW_AT_bit_size(0x01)
    1876                      .dwattr $C$DW$153, DW_AT_data_member_location[DW_OP_plus_uconst 0x1]
    1877                      .dwattr $C$DW$153, DW_AT_accessibility(DW_ACCESS_public)
    1878                      .dwattr $C$DW$153, DW_AT_decl_file("/home/jose/ti/c2000/C2000Ware_26_01_00_00/device_support/f2837xd/
    1879                      .dwattr $C$DW$153, DW_AT_decl_line(0xb82)
    1880                      .dwattr $C$DW$153, DW_AT_decl_column(0x0c)
    1881              
    1882              $C$DW$154       .dwtag  DW_TAG_member
    1883                      .dwattr $C$DW$154, DW_AT_type(*$C$DW$T$19)
    1884                      .dwattr $C$DW$154, DW_AT_name("GPIO29")
    1885                      .dwattr $C$DW$154, DW_AT_bit_offset(0x02)
    1886                      .dwattr $C$DW$154, DW_AT_bit_size(0x01)
    1887                      .dwattr $C$DW$154, DW_AT_data_member_location[DW_OP_plus_uconst 0x1]
    1888                      .dwattr $C$DW$154, DW_AT_accessibility(DW_ACCESS_public)
    1889                      .dwattr $C$DW$154, DW_AT_decl_file("/home/jose/ti/c2000/C2000Ware_26_01_00_00/device_support/f2837xd/
    1890                      .dwattr $C$DW$154, DW_AT_decl_line(0xb83)
TMS320C2000 Assembler Unix v25.11.0 Sat May 30 20:22:51 2026

Copyright (c) 1996-2018 Texas Instruments Incorporated
drv8305.asm                                                          PAGE   36

    1891                      .dwattr $C$DW$154, DW_AT_decl_column(0x0c)
    1892              
    1893              $C$DW$155       .dwtag  DW_TAG_member
    1894                      .dwattr $C$DW$155, DW_AT_type(*$C$DW$T$19)
    1895                      .dwattr $C$DW$155, DW_AT_name("GPIO30")
    1896                      .dwattr $C$DW$155, DW_AT_bit_offset(0x01)
    1897                      .dwattr $C$DW$155, DW_AT_bit_size(0x01)
    1898                      .dwattr $C$DW$155, DW_AT_data_member_location[DW_OP_plus_uconst 0x1]
    1899                      .dwattr $C$DW$155, DW_AT_accessibility(DW_ACCESS_public)
    1900                      .dwattr $C$DW$155, DW_AT_decl_file("/home/jose/ti/c2000/C2000Ware_26_01_00_00/device_support/f2837xd/
    1901                      .dwattr $C$DW$155, DW_AT_decl_line(0xb84)
    1902                      .dwattr $C$DW$155, DW_AT_decl_column(0x0c)
    1903              
    1904              $C$DW$156       .dwtag  DW_TAG_member
    1905                      .dwattr $C$DW$156, DW_AT_type(*$C$DW$T$19)
    1906                      .dwattr $C$DW$156, DW_AT_name("GPIO31")
    1907                      .dwattr $C$DW$156, DW_AT_bit_offset(0x00)
    1908                      .dwattr $C$DW$156, DW_AT_bit_size(0x01)
    1909                      .dwattr $C$DW$156, DW_AT_data_member_location[DW_OP_plus_uconst 0x1]
    1910                      .dwattr $C$DW$156, DW_AT_accessibility(DW_ACCESS_public)
    1911                      .dwattr $C$DW$156, DW_AT_decl_file("/home/jose/ti/c2000/C2000Ware_26_01_00_00/device_support/f2837xd/
    1912                      .dwattr $C$DW$156, DW_AT_decl_line(0xb85)
    1913                      .dwattr $C$DW$156, DW_AT_decl_column(0x0c)
    1914              
    1915                      .dwattr $C$DW$T$25, DW_AT_decl_file("/home/jose/ti/c2000/C2000Ware_26_01_00_00/device_support/f2837xd
    1916                      .dwattr $C$DW$T$25, DW_AT_decl_line(0xb65)
    1917                      .dwattr $C$DW$T$25, DW_AT_decl_column(0x08)
    1918                      .dwendtag $C$DW$T$25
    1919              
    1920                      .dwendtag $C$DW$TU$25
    1921              
    1922              
    1923              $C$DW$TU$26     .dwtag  DW_TAG_type_unit
    1924                      .dwmtype  $C$DW$T$26
    1925              
    1926              $C$DW$T$26      .dwtag  DW_TAG_union_type
    1927                      .dwattr $C$DW$T$26, DW_AT_name("GPASET_REG")
    1928                      .dwattr $C$DW$T$26, DW_AT_byte_size(0x02)
    1929              $C$DW$157       .dwtag  DW_TAG_member
    1930                      .dwattr $C$DW$157, DW_AT_type(*$C$DW$T$21)
    1931                      .dwattr $C$DW$157, DW_AT_name("all")
    1932                      .dwattr $C$DW$157, DW_AT_accessibility(DW_ACCESS_public)
    1933                      .dwattr $C$DW$157, DW_AT_decl_file("/home/jose/ti/c2000/C2000Ware_26_01_00_00/device_support/f2837xd/
    1934                      .dwattr $C$DW$157, DW_AT_decl_line(0xb89)
    1935                      .dwattr $C$DW$157, DW_AT_decl_column(0x0d)
    1936              
    1937              $C$DW$158       .dwtag  DW_TAG_member
    1938                      .dwattr $C$DW$158, DW_AT_type(*$C$DW$T$25)
    1939                      .dwattr $C$DW$158, DW_AT_name("bit")
    1940                      .dwattr $C$DW$158, DW_AT_accessibility(DW_ACCESS_public)
    1941                      .dwattr $C$DW$158, DW_AT_decl_file("/home/jose/ti/c2000/C2000Ware_26_01_00_00/device_support/f2837xd/
    1942                      .dwattr $C$DW$158, DW_AT_decl_line(0xb8a)
    1943                      .dwattr $C$DW$158, DW_AT_decl_column(0x1a)
    1944              
    1945                      .dwattr $C$DW$T$26, DW_AT_decl_file("/home/jose/ti/c2000/C2000Ware_26_01_00_00/device_support/f2837xd
TMS320C2000 Assembler Unix v25.11.0 Sat May 30 20:22:51 2026

Copyright (c) 1996-2018 Texas Instruments Incorporated
drv8305.asm                                                          PAGE   37

    1946                      .dwattr $C$DW$T$26, DW_AT_decl_line(0xb88)
    1947                      .dwattr $C$DW$T$26, DW_AT_decl_column(0x07)
    1948                      .dwendtag $C$DW$T$26
    1949              
    1950                      .dwendtag $C$DW$TU$26
    1951              
    1952              
    1953              $C$DW$TU$27     .dwtag  DW_TAG_type_unit
    1954                      .dwmtype  $C$DW$T$27
    1955              
    1956              $C$DW$T$27      .dwtag  DW_TAG_structure_type
    1957                      .dwattr $C$DW$T$27, DW_AT_name("GPATOGGLE_BITS")
    1958                      .dwattr $C$DW$T$27, DW_AT_byte_size(0x02)
    1959              $C$DW$159       .dwtag  DW_TAG_member
    1960                      .dwattr $C$DW$159, DW_AT_type(*$C$DW$T$19)
    1961                      .dwattr $C$DW$159, DW_AT_name("GPIO0")
    1962                      .dwattr $C$DW$159, DW_AT_bit_offset(0x0f)
    1963                      .dwattr $C$DW$159, DW_AT_bit_size(0x01)
    1964                      .dwattr $C$DW$159, DW_AT_accessibility(DW_ACCESS_public)
    1965                      .dwattr $C$DW$159, DW_AT_decl_file("/home/jose/ti/c2000/C2000Ware_26_01_00_00/device_support/f2837xd/
    1966                      .dwattr $C$DW$159, DW_AT_decl_line(0xbb6)
    1967                      .dwattr $C$DW$159, DW_AT_decl_column(0x0c)
    1968              
    1969              $C$DW$160       .dwtag  DW_TAG_member
    1970                      .dwattr $C$DW$160, DW_AT_type(*$C$DW$T$19)
    1971                      .dwattr $C$DW$160, DW_AT_name("GPIO1")
    1972                      .dwattr $C$DW$160, DW_AT_bit_offset(0x0e)
    1973                      .dwattr $C$DW$160, DW_AT_bit_size(0x01)
    1974                      .dwattr $C$DW$160, DW_AT_accessibility(DW_ACCESS_public)
    1975                      .dwattr $C$DW$160, DW_AT_decl_file("/home/jose/ti/c2000/C2000Ware_26_01_00_00/device_support/f2837xd/
    1976                      .dwattr $C$DW$160, DW_AT_decl_line(0xbb7)
    1977                      .dwattr $C$DW$160, DW_AT_decl_column(0x0c)
    1978              
    1979              $C$DW$161       .dwtag  DW_TAG_member
    1980                      .dwattr $C$DW$161, DW_AT_type(*$C$DW$T$19)
    1981                      .dwattr $C$DW$161, DW_AT_name("GPIO2")
    1982                      .dwattr $C$DW$161, DW_AT_bit_offset(0x0d)
    1983                      .dwattr $C$DW$161, DW_AT_bit_size(0x01)
    1984                      .dwattr $C$DW$161, DW_AT_accessibility(DW_ACCESS_public)
    1985                      .dwattr $C$DW$161, DW_AT_decl_file("/home/jose/ti/c2000/C2000Ware_26_01_00_00/device_support/f2837xd/
    1986                      .dwattr $C$DW$161, DW_AT_decl_line(0xbb8)
    1987                      .dwattr $C$DW$161, DW_AT_decl_column(0x0c)
    1988              
    1989              $C$DW$162       .dwtag  DW_TAG_member
    1990                      .dwattr $C$DW$162, DW_AT_type(*$C$DW$T$19)
    1991                      .dwattr $C$DW$162, DW_AT_name("GPIO3")
    1992                      .dwattr $C$DW$162, DW_AT_bit_offset(0x0c)
    1993                      .dwattr $C$DW$162, DW_AT_bit_size(0x01)
    1994                      .dwattr $C$DW$162, DW_AT_accessibility(DW_ACCESS_public)
    1995                      .dwattr $C$DW$162, DW_AT_decl_file("/home/jose/ti/c2000/C2000Ware_26_01_00_00/device_support/f2837xd/
    1996                      .dwattr $C$DW$162, DW_AT_decl_line(0xbb9)
    1997                      .dwattr $C$DW$162, DW_AT_decl_column(0x0c)
    1998              
    1999              $C$DW$163       .dwtag  DW_TAG_member
    2000                      .dwattr $C$DW$163, DW_AT_type(*$C$DW$T$19)
TMS320C2000 Assembler Unix v25.11.0 Sat May 30 20:22:51 2026

Copyright (c) 1996-2018 Texas Instruments Incorporated
drv8305.asm                                                          PAGE   38

    2001                      .dwattr $C$DW$163, DW_AT_name("GPIO4")
    2002                      .dwattr $C$DW$163, DW_AT_bit_offset(0x0b)
    2003                      .dwattr $C$DW$163, DW_AT_bit_size(0x01)
    2004                      .dwattr $C$DW$163, DW_AT_accessibility(DW_ACCESS_public)
    2005                      .dwattr $C$DW$163, DW_AT_decl_file("/home/jose/ti/c2000/C2000Ware_26_01_00_00/device_support/f2837xd/
    2006                      .dwattr $C$DW$163, DW_AT_decl_line(0xbba)
    2007                      .dwattr $C$DW$163, DW_AT_decl_column(0x0c)
    2008              
    2009              $C$DW$164       .dwtag  DW_TAG_member
    2010                      .dwattr $C$DW$164, DW_AT_type(*$C$DW$T$19)
    2011                      .dwattr $C$DW$164, DW_AT_name("GPIO5")
    2012                      .dwattr $C$DW$164, DW_AT_bit_offset(0x0a)
    2013                      .dwattr $C$DW$164, DW_AT_bit_size(0x01)
    2014                      .dwattr $C$DW$164, DW_AT_accessibility(DW_ACCESS_public)
    2015                      .dwattr $C$DW$164, DW_AT_decl_file("/home/jose/ti/c2000/C2000Ware_26_01_00_00/device_support/f2837xd/
    2016                      .dwattr $C$DW$164, DW_AT_decl_line(0xbbb)
    2017                      .dwattr $C$DW$164, DW_AT_decl_column(0x0c)
    2018              
    2019              $C$DW$165       .dwtag  DW_TAG_member
    2020                      .dwattr $C$DW$165, DW_AT_type(*$C$DW$T$19)
    2021                      .dwattr $C$DW$165, DW_AT_name("GPIO6")
    2022                      .dwattr $C$DW$165, DW_AT_bit_offset(0x09)
    2023                      .dwattr $C$DW$165, DW_AT_bit_size(0x01)
    2024                      .dwattr $C$DW$165, DW_AT_accessibility(DW_ACCESS_public)
    2025                      .dwattr $C$DW$165, DW_AT_decl_file("/home/jose/ti/c2000/C2000Ware_26_01_00_00/device_support/f2837xd/
    2026                      .dwattr $C$DW$165, DW_AT_decl_line(0xbbc)
    2027                      .dwattr $C$DW$165, DW_AT_decl_column(0x0c)
    2028              
    2029              $C$DW$166       .dwtag  DW_TAG_member
    2030                      .dwattr $C$DW$166, DW_AT_type(*$C$DW$T$19)
    2031                      .dwattr $C$DW$166, DW_AT_name("GPIO7")
    2032                      .dwattr $C$DW$166, DW_AT_bit_offset(0x08)
    2033                      .dwattr $C$DW$166, DW_AT_bit_size(0x01)
    2034                      .dwattr $C$DW$166, DW_AT_accessibility(DW_ACCESS_public)
    2035                      .dwattr $C$DW$166, DW_AT_decl_file("/home/jose/ti/c2000/C2000Ware_26_01_00_00/device_support/f2837xd/
    2036                      .dwattr $C$DW$166, DW_AT_decl_line(0xbbd)
    2037                      .dwattr $C$DW$166, DW_AT_decl_column(0x0c)
    2038              
    2039              $C$DW$167       .dwtag  DW_TAG_member
    2040                      .dwattr $C$DW$167, DW_AT_type(*$C$DW$T$19)
    2041                      .dwattr $C$DW$167, DW_AT_name("GPIO8")
    2042                      .dwattr $C$DW$167, DW_AT_bit_offset(0x07)
    2043                      .dwattr $C$DW$167, DW_AT_bit_size(0x01)
    2044                      .dwattr $C$DW$167, DW_AT_accessibility(DW_ACCESS_public)
    2045                      .dwattr $C$DW$167, DW_AT_decl_file("/home/jose/ti/c2000/C2000Ware_26_01_00_00/device_support/f2837xd/
    2046                      .dwattr $C$DW$167, DW_AT_decl_line(0xbbe)
    2047                      .dwattr $C$DW$167, DW_AT_decl_column(0x0c)
    2048              
    2049              $C$DW$168       .dwtag  DW_TAG_member
    2050                      .dwattr $C$DW$168, DW_AT_type(*$C$DW$T$19)
    2051                      .dwattr $C$DW$168, DW_AT_name("GPIO9")
    2052                      .dwattr $C$DW$168, DW_AT_bit_offset(0x06)
    2053                      .dwattr $C$DW$168, DW_AT_bit_size(0x01)
    2054                      .dwattr $C$DW$168, DW_AT_accessibility(DW_ACCESS_public)
    2055                      .dwattr $C$DW$168, DW_AT_decl_file("/home/jose/ti/c2000/C2000Ware_26_01_00_00/device_support/f2837xd/
TMS320C2000 Assembler Unix v25.11.0 Sat May 30 20:22:51 2026

Copyright (c) 1996-2018 Texas Instruments Incorporated
drv8305.asm                                                          PAGE   39

    2056                      .dwattr $C$DW$168, DW_AT_decl_line(0xbbf)
    2057                      .dwattr $C$DW$168, DW_AT_decl_column(0x0c)
    2058              
    2059              $C$DW$169       .dwtag  DW_TAG_member
    2060                      .dwattr $C$DW$169, DW_AT_type(*$C$DW$T$19)
    2061                      .dwattr $C$DW$169, DW_AT_name("GPIO10")
    2062                      .dwattr $C$DW$169, DW_AT_bit_offset(0x05)
    2063                      .dwattr $C$DW$169, DW_AT_bit_size(0x01)
    2064                      .dwattr $C$DW$169, DW_AT_accessibility(DW_ACCESS_public)
    2065                      .dwattr $C$DW$169, DW_AT_decl_file("/home/jose/ti/c2000/C2000Ware_26_01_00_00/device_support/f2837xd/
    2066                      .dwattr $C$DW$169, DW_AT_decl_line(0xbc0)
    2067                      .dwattr $C$DW$169, DW_AT_decl_column(0x0c)
    2068              
    2069              $C$DW$170       .dwtag  DW_TAG_member
    2070                      .dwattr $C$DW$170, DW_AT_type(*$C$DW$T$19)
    2071                      .dwattr $C$DW$170, DW_AT_name("GPIO11")
    2072                      .dwattr $C$DW$170, DW_AT_bit_offset(0x04)
    2073                      .dwattr $C$DW$170, DW_AT_bit_size(0x01)
    2074                      .dwattr $C$DW$170, DW_AT_accessibility(DW_ACCESS_public)
    2075                      .dwattr $C$DW$170, DW_AT_decl_file("/home/jose/ti/c2000/C2000Ware_26_01_00_00/device_support/f2837xd/
    2076                      .dwattr $C$DW$170, DW_AT_decl_line(0xbc1)
    2077                      .dwattr $C$DW$170, DW_AT_decl_column(0x0c)
    2078              
    2079              $C$DW$171       .dwtag  DW_TAG_member
    2080                      .dwattr $C$DW$171, DW_AT_type(*$C$DW$T$19)
    2081                      .dwattr $C$DW$171, DW_AT_name("GPIO12")
    2082                      .dwattr $C$DW$171, DW_AT_bit_offset(0x03)
    2083                      .dwattr $C$DW$171, DW_AT_bit_size(0x01)
    2084                      .dwattr $C$DW$171, DW_AT_accessibility(DW_ACCESS_public)
    2085                      .dwattr $C$DW$171, DW_AT_decl_file("/home/jose/ti/c2000/C2000Ware_26_01_00_00/device_support/f2837xd/
    2086                      .dwattr $C$DW$171, DW_AT_decl_line(0xbc2)
    2087                      .dwattr $C$DW$171, DW_AT_decl_column(0x0c)
    2088              
    2089              $C$DW$172       .dwtag  DW_TAG_member
    2090                      .dwattr $C$DW$172, DW_AT_type(*$C$DW$T$19)
    2091                      .dwattr $C$DW$172, DW_AT_name("GPIO13")
    2092                      .dwattr $C$DW$172, DW_AT_bit_offset(0x02)
    2093                      .dwattr $C$DW$172, DW_AT_bit_size(0x01)
    2094                      .dwattr $C$DW$172, DW_AT_accessibility(DW_ACCESS_public)
    2095                      .dwattr $C$DW$172, DW_AT_decl_file("/home/jose/ti/c2000/C2000Ware_26_01_00_00/device_support/f2837xd/
    2096                      .dwattr $C$DW$172, DW_AT_decl_line(0xbc3)
    2097                      .dwattr $C$DW$172, DW_AT_decl_column(0x0c)
    2098              
    2099              $C$DW$173       .dwtag  DW_TAG_member
    2100                      .dwattr $C$DW$173, DW_AT_type(*$C$DW$T$19)
    2101                      .dwattr $C$DW$173, DW_AT_name("GPIO14")
    2102                      .dwattr $C$DW$173, DW_AT_bit_offset(0x01)
    2103                      .dwattr $C$DW$173, DW_AT_bit_size(0x01)
    2104                      .dwattr $C$DW$173, DW_AT_accessibility(DW_ACCESS_public)
    2105                      .dwattr $C$DW$173, DW_AT_decl_file("/home/jose/ti/c2000/C2000Ware_26_01_00_00/device_support/f2837xd/
    2106                      .dwattr $C$DW$173, DW_AT_decl_line(0xbc4)
    2107                      .dwattr $C$DW$173, DW_AT_decl_column(0x0c)
    2108              
    2109              $C$DW$174       .dwtag  DW_TAG_member
    2110                      .dwattr $C$DW$174, DW_AT_type(*$C$DW$T$19)
TMS320C2000 Assembler Unix v25.11.0 Sat May 30 20:22:51 2026

Copyright (c) 1996-2018 Texas Instruments Incorporated
drv8305.asm                                                          PAGE   40

    2111                      .dwattr $C$DW$174, DW_AT_name("GPIO15")
    2112                      .dwattr $C$DW$174, DW_AT_bit_offset(0x00)
    2113                      .dwattr $C$DW$174, DW_AT_bit_size(0x01)
    2114                      .dwattr $C$DW$174, DW_AT_accessibility(DW_ACCESS_public)
    2115                      .dwattr $C$DW$174, DW_AT_decl_file("/home/jose/ti/c2000/C2000Ware_26_01_00_00/device_support/f2837xd/
    2116                      .dwattr $C$DW$174, DW_AT_decl_line(0xbc5)
    2117                      .dwattr $C$DW$174, DW_AT_decl_column(0x0c)
    2118              
    2119              $C$DW$175       .dwtag  DW_TAG_member
    2120                      .dwattr $C$DW$175, DW_AT_type(*$C$DW$T$19)
    2121                      .dwattr $C$DW$175, DW_AT_name("GPIO16")
    2122                      .dwattr $C$DW$175, DW_AT_bit_offset(0x0f)
    2123                      .dwattr $C$DW$175, DW_AT_bit_size(0x01)
    2124                      .dwattr $C$DW$175, DW_AT_data_member_location[DW_OP_plus_uconst 0x1]
    2125                      .dwattr $C$DW$175, DW_AT_accessibility(DW_ACCESS_public)
    2126                      .dwattr $C$DW$175, DW_AT_decl_file("/home/jose/ti/c2000/C2000Ware_26_01_00_00/device_support/f2837xd/
    2127                      .dwattr $C$DW$175, DW_AT_decl_line(0xbc6)
    2128                      .dwattr $C$DW$175, DW_AT_decl_column(0x0c)
    2129              
    2130              $C$DW$176       .dwtag  DW_TAG_member
    2131                      .dwattr $C$DW$176, DW_AT_type(*$C$DW$T$19)
    2132                      .dwattr $C$DW$176, DW_AT_name("GPIO17")
    2133                      .dwattr $C$DW$176, DW_AT_bit_offset(0x0e)
    2134                      .dwattr $C$DW$176, DW_AT_bit_size(0x01)
    2135                      .dwattr $C$DW$176, DW_AT_data_member_location[DW_OP_plus_uconst 0x1]
    2136                      .dwattr $C$DW$176, DW_AT_accessibility(DW_ACCESS_public)
    2137                      .dwattr $C$DW$176, DW_AT_decl_file("/home/jose/ti/c2000/C2000Ware_26_01_00_00/device_support/f2837xd/
    2138                      .dwattr $C$DW$176, DW_AT_decl_line(0xbc7)
    2139                      .dwattr $C$DW$176, DW_AT_decl_column(0x0c)
    2140              
    2141              $C$DW$177       .dwtag  DW_TAG_member
    2142                      .dwattr $C$DW$177, DW_AT_type(*$C$DW$T$19)
    2143                      .dwattr $C$DW$177, DW_AT_name("GPIO18")
    2144                      .dwattr $C$DW$177, DW_AT_bit_offset(0x0d)
    2145                      .dwattr $C$DW$177, DW_AT_bit_size(0x01)
    2146                      .dwattr $C$DW$177, DW_AT_data_member_location[DW_OP_plus_uconst 0x1]
    2147                      .dwattr $C$DW$177, DW_AT_accessibility(DW_ACCESS_public)
    2148                      .dwattr $C$DW$177, DW_AT_decl_file("/home/jose/ti/c2000/C2000Ware_26_01_00_00/device_support/f2837xd/
    2149                      .dwattr $C$DW$177, DW_AT_decl_line(0xbc8)
    2150                      .dwattr $C$DW$177, DW_AT_decl_column(0x0c)
    2151              
    2152              $C$DW$178       .dwtag  DW_TAG_member
    2153                      .dwattr $C$DW$178, DW_AT_type(*$C$DW$T$19)
    2154                      .dwattr $C$DW$178, DW_AT_name("GPIO19")
    2155                      .dwattr $C$DW$178, DW_AT_bit_offset(0x0c)
    2156                      .dwattr $C$DW$178, DW_AT_bit_size(0x01)
    2157                      .dwattr $C$DW$178, DW_AT_data_member_location[DW_OP_plus_uconst 0x1]
    2158                      .dwattr $C$DW$178, DW_AT_accessibility(DW_ACCESS_public)
    2159                      .dwattr $C$DW$178, DW_AT_decl_file("/home/jose/ti/c2000/C2000Ware_26_01_00_00/device_support/f2837xd/
    2160                      .dwattr $C$DW$178, DW_AT_decl_line(0xbc9)
    2161                      .dwattr $C$DW$178, DW_AT_decl_column(0x0c)
    2162              
    2163              $C$DW$179       .dwtag  DW_TAG_member
    2164                      .dwattr $C$DW$179, DW_AT_type(*$C$DW$T$19)
    2165                      .dwattr $C$DW$179, DW_AT_name("GPIO20")
TMS320C2000 Assembler Unix v25.11.0 Sat May 30 20:22:51 2026

Copyright (c) 1996-2018 Texas Instruments Incorporated
drv8305.asm                                                          PAGE   41

    2166                      .dwattr $C$DW$179, DW_AT_bit_offset(0x0b)
    2167                      .dwattr $C$DW$179, DW_AT_bit_size(0x01)
    2168                      .dwattr $C$DW$179, DW_AT_data_member_location[DW_OP_plus_uconst 0x1]
    2169                      .dwattr $C$DW$179, DW_AT_accessibility(DW_ACCESS_public)
    2170                      .dwattr $C$DW$179, DW_AT_decl_file("/home/jose/ti/c2000/C2000Ware_26_01_00_00/device_support/f2837xd/
    2171                      .dwattr $C$DW$179, DW_AT_decl_line(0xbca)
    2172                      .dwattr $C$DW$179, DW_AT_decl_column(0x0c)
    2173              
    2174              $C$DW$180       .dwtag  DW_TAG_member
    2175                      .dwattr $C$DW$180, DW_AT_type(*$C$DW$T$19)
    2176                      .dwattr $C$DW$180, DW_AT_name("GPIO21")
    2177                      .dwattr $C$DW$180, DW_AT_bit_offset(0x0a)
    2178                      .dwattr $C$DW$180, DW_AT_bit_size(0x01)
    2179                      .dwattr $C$DW$180, DW_AT_data_member_location[DW_OP_plus_uconst 0x1]
    2180                      .dwattr $C$DW$180, DW_AT_accessibility(DW_ACCESS_public)
    2181                      .dwattr $C$DW$180, DW_AT_decl_file("/home/jose/ti/c2000/C2000Ware_26_01_00_00/device_support/f2837xd/
    2182                      .dwattr $C$DW$180, DW_AT_decl_line(0xbcb)
    2183                      .dwattr $C$DW$180, DW_AT_decl_column(0x0c)
    2184              
    2185              $C$DW$181       .dwtag  DW_TAG_member
    2186                      .dwattr $C$DW$181, DW_AT_type(*$C$DW$T$19)
    2187                      .dwattr $C$DW$181, DW_AT_name("GPIO22")
    2188                      .dwattr $C$DW$181, DW_AT_bit_offset(0x09)
    2189                      .dwattr $C$DW$181, DW_AT_bit_size(0x01)
    2190                      .dwattr $C$DW$181, DW_AT_data_member_location[DW_OP_plus_uconst 0x1]
    2191                      .dwattr $C$DW$181, DW_AT_accessibility(DW_ACCESS_public)
    2192                      .dwattr $C$DW$181, DW_AT_decl_file("/home/jose/ti/c2000/C2000Ware_26_01_00_00/device_support/f2837xd/
    2193                      .dwattr $C$DW$181, DW_AT_decl_line(0xbcc)
    2194                      .dwattr $C$DW$181, DW_AT_decl_column(0x0c)
    2195              
    2196              $C$DW$182       .dwtag  DW_TAG_member
    2197                      .dwattr $C$DW$182, DW_AT_type(*$C$DW$T$19)
    2198                      .dwattr $C$DW$182, DW_AT_name("GPIO23")
    2199                      .dwattr $C$DW$182, DW_AT_bit_offset(0x08)
    2200                      .dwattr $C$DW$182, DW_AT_bit_size(0x01)
    2201                      .dwattr $C$DW$182, DW_AT_data_member_location[DW_OP_plus_uconst 0x1]
    2202                      .dwattr $C$DW$182, DW_AT_accessibility(DW_ACCESS_public)
    2203                      .dwattr $C$DW$182, DW_AT_decl_file("/home/jose/ti/c2000/C2000Ware_26_01_00_00/device_support/f2837xd/
    2204                      .dwattr $C$DW$182, DW_AT_decl_line(0xbcd)
    2205                      .dwattr $C$DW$182, DW_AT_decl_column(0x0c)
    2206              
    2207              $C$DW$183       .dwtag  DW_TAG_member
    2208                      .dwattr $C$DW$183, DW_AT_type(*$C$DW$T$19)
    2209                      .dwattr $C$DW$183, DW_AT_name("GPIO24")
    2210                      .dwattr $C$DW$183, DW_AT_bit_offset(0x07)
    2211                      .dwattr $C$DW$183, DW_AT_bit_size(0x01)
    2212                      .dwattr $C$DW$183, DW_AT_data_member_location[DW_OP_plus_uconst 0x1]
    2213                      .dwattr $C$DW$183, DW_AT_accessibility(DW_ACCESS_public)
    2214                      .dwattr $C$DW$183, DW_AT_decl_file("/home/jose/ti/c2000/C2000Ware_26_01_00_00/device_support/f2837xd/
    2215                      .dwattr $C$DW$183, DW_AT_decl_line(0xbce)
    2216                      .dwattr $C$DW$183, DW_AT_decl_column(0x0c)
    2217              
    2218              $C$DW$184       .dwtag  DW_TAG_member
    2219                      .dwattr $C$DW$184, DW_AT_type(*$C$DW$T$19)
    2220                      .dwattr $C$DW$184, DW_AT_name("GPIO25")
TMS320C2000 Assembler Unix v25.11.0 Sat May 30 20:22:51 2026

Copyright (c) 1996-2018 Texas Instruments Incorporated
drv8305.asm                                                          PAGE   42

    2221                      .dwattr $C$DW$184, DW_AT_bit_offset(0x06)
    2222                      .dwattr $C$DW$184, DW_AT_bit_size(0x01)
    2223                      .dwattr $C$DW$184, DW_AT_data_member_location[DW_OP_plus_uconst 0x1]
    2224                      .dwattr $C$DW$184, DW_AT_accessibility(DW_ACCESS_public)
    2225                      .dwattr $C$DW$184, DW_AT_decl_file("/home/jose/ti/c2000/C2000Ware_26_01_00_00/device_support/f2837xd/
    2226                      .dwattr $C$DW$184, DW_AT_decl_line(0xbcf)
    2227                      .dwattr $C$DW$184, DW_AT_decl_column(0x0c)
    2228              
    2229              $C$DW$185       .dwtag  DW_TAG_member
    2230                      .dwattr $C$DW$185, DW_AT_type(*$C$DW$T$19)
    2231                      .dwattr $C$DW$185, DW_AT_name("GPIO26")
    2232                      .dwattr $C$DW$185, DW_AT_bit_offset(0x05)
    2233                      .dwattr $C$DW$185, DW_AT_bit_size(0x01)
    2234                      .dwattr $C$DW$185, DW_AT_data_member_location[DW_OP_plus_uconst 0x1]
    2235                      .dwattr $C$DW$185, DW_AT_accessibility(DW_ACCESS_public)
    2236                      .dwattr $C$DW$185, DW_AT_decl_file("/home/jose/ti/c2000/C2000Ware_26_01_00_00/device_support/f2837xd/
    2237                      .dwattr $C$DW$185, DW_AT_decl_line(0xbd0)
    2238                      .dwattr $C$DW$185, DW_AT_decl_column(0x0c)
    2239              
    2240              $C$DW$186       .dwtag  DW_TAG_member
    2241                      .dwattr $C$DW$186, DW_AT_type(*$C$DW$T$19)
    2242                      .dwattr $C$DW$186, DW_AT_name("GPIO27")
    2243                      .dwattr $C$DW$186, DW_AT_bit_offset(0x04)
    2244                      .dwattr $C$DW$186, DW_AT_bit_size(0x01)
    2245                      .dwattr $C$DW$186, DW_AT_data_member_location[DW_OP_plus_uconst 0x1]
    2246                      .dwattr $C$DW$186, DW_AT_accessibility(DW_ACCESS_public)
    2247                      .dwattr $C$DW$186, DW_AT_decl_file("/home/jose/ti/c2000/C2000Ware_26_01_00_00/device_support/f2837xd/
    2248                      .dwattr $C$DW$186, DW_AT_decl_line(0xbd1)
    2249                      .dwattr $C$DW$186, DW_AT_decl_column(0x0c)
    2250              
    2251              $C$DW$187       .dwtag  DW_TAG_member
    2252                      .dwattr $C$DW$187, DW_AT_type(*$C$DW$T$19)
    2253                      .dwattr $C$DW$187, DW_AT_name("GPIO28")
    2254                      .dwattr $C$DW$187, DW_AT_bit_offset(0x03)
    2255                      .dwattr $C$DW$187, DW_AT_bit_size(0x01)
    2256                      .dwattr $C$DW$187, DW_AT_data_member_location[DW_OP_plus_uconst 0x1]
    2257                      .dwattr $C$DW$187, DW_AT_accessibility(DW_ACCESS_public)
    2258                      .dwattr $C$DW$187, DW_AT_decl_file("/home/jose/ti/c2000/C2000Ware_26_01_00_00/device_support/f2837xd/
    2259                      .dwattr $C$DW$187, DW_AT_decl_line(0xbd2)
    2260                      .dwattr $C$DW$187, DW_AT_decl_column(0x0c)
    2261              
    2262              $C$DW$188       .dwtag  DW_TAG_member
    2263                      .dwattr $C$DW$188, DW_AT_type(*$C$DW$T$19)
    2264                      .dwattr $C$DW$188, DW_AT_name("GPIO29")
    2265                      .dwattr $C$DW$188, DW_AT_bit_offset(0x02)
    2266                      .dwattr $C$DW$188, DW_AT_bit_size(0x01)
    2267                      .dwattr $C$DW$188, DW_AT_data_member_location[DW_OP_plus_uconst 0x1]
    2268                      .dwattr $C$DW$188, DW_AT_accessibility(DW_ACCESS_public)
    2269                      .dwattr $C$DW$188, DW_AT_decl_file("/home/jose/ti/c2000/C2000Ware_26_01_00_00/device_support/f2837xd/
    2270                      .dwattr $C$DW$188, DW_AT_decl_line(0xbd3)
    2271                      .dwattr $C$DW$188, DW_AT_decl_column(0x0c)
    2272              
    2273              $C$DW$189       .dwtag  DW_TAG_member
    2274                      .dwattr $C$DW$189, DW_AT_type(*$C$DW$T$19)
    2275                      .dwattr $C$DW$189, DW_AT_name("GPIO30")
TMS320C2000 Assembler Unix v25.11.0 Sat May 30 20:22:51 2026

Copyright (c) 1996-2018 Texas Instruments Incorporated
drv8305.asm                                                          PAGE   43

    2276                      .dwattr $C$DW$189, DW_AT_bit_offset(0x01)
    2277                      .dwattr $C$DW$189, DW_AT_bit_size(0x01)
    2278                      .dwattr $C$DW$189, DW_AT_data_member_location[DW_OP_plus_uconst 0x1]
    2279                      .dwattr $C$DW$189, DW_AT_accessibility(DW_ACCESS_public)
    2280                      .dwattr $C$DW$189, DW_AT_decl_file("/home/jose/ti/c2000/C2000Ware_26_01_00_00/device_support/f2837xd/
    2281                      .dwattr $C$DW$189, DW_AT_decl_line(0xbd4)
    2282                      .dwattr $C$DW$189, DW_AT_decl_column(0x0c)
    2283              
    2284              $C$DW$190       .dwtag  DW_TAG_member
    2285                      .dwattr $C$DW$190, DW_AT_type(*$C$DW$T$19)
    2286                      .dwattr $C$DW$190, DW_AT_name("GPIO31")
    2287                      .dwattr $C$DW$190, DW_AT_bit_offset(0x00)
    2288                      .dwattr $C$DW$190, DW_AT_bit_size(0x01)
    2289                      .dwattr $C$DW$190, DW_AT_data_member_location[DW_OP_plus_uconst 0x1]
    2290                      .dwattr $C$DW$190, DW_AT_accessibility(DW_ACCESS_public)
    2291                      .dwattr $C$DW$190, DW_AT_decl_file("/home/jose/ti/c2000/C2000Ware_26_01_00_00/device_support/f2837xd/
    2292                      .dwattr $C$DW$190, DW_AT_decl_line(0xbd5)
    2293                      .dwattr $C$DW$190, DW_AT_decl_column(0x0c)
    2294              
    2295                      .dwattr $C$DW$T$27, DW_AT_decl_file("/home/jose/ti/c2000/C2000Ware_26_01_00_00/device_support/f2837xd
    2296                      .dwattr $C$DW$T$27, DW_AT_decl_line(0xbb5)
    2297                      .dwattr $C$DW$T$27, DW_AT_decl_column(0x08)
    2298                      .dwendtag $C$DW$T$27
    2299              
    2300                      .dwendtag $C$DW$TU$27
    2301              
    2302              
    2303              $C$DW$TU$28     .dwtag  DW_TAG_type_unit
    2304                      .dwmtype  $C$DW$T$28
    2305              
    2306              $C$DW$T$28      .dwtag  DW_TAG_union_type
    2307                      .dwattr $C$DW$T$28, DW_AT_name("GPATOGGLE_REG")
    2308                      .dwattr $C$DW$T$28, DW_AT_byte_size(0x02)
    2309              $C$DW$191       .dwtag  DW_TAG_member
    2310                      .dwattr $C$DW$191, DW_AT_type(*$C$DW$T$21)
    2311                      .dwattr $C$DW$191, DW_AT_name("all")
    2312                      .dwattr $C$DW$191, DW_AT_accessibility(DW_ACCESS_public)
    2313                      .dwattr $C$DW$191, DW_AT_decl_file("/home/jose/ti/c2000/C2000Ware_26_01_00_00/device_support/f2837xd/
    2314                      .dwattr $C$DW$191, DW_AT_decl_line(0xbd9)
    2315                      .dwattr $C$DW$191, DW_AT_decl_column(0x0d)
    2316              
    2317              $C$DW$192       .dwtag  DW_TAG_member
    2318                      .dwattr $C$DW$192, DW_AT_type(*$C$DW$T$27)
    2319                      .dwattr $C$DW$192, DW_AT_name("bit")
    2320                      .dwattr $C$DW$192, DW_AT_accessibility(DW_ACCESS_public)
    2321                      .dwattr $C$DW$192, DW_AT_decl_file("/home/jose/ti/c2000/C2000Ware_26_01_00_00/device_support/f2837xd/
    2322                      .dwattr $C$DW$192, DW_AT_decl_line(0xbda)
    2323                      .dwattr $C$DW$192, DW_AT_decl_column(0x1d)
    2324              
    2325                      .dwattr $C$DW$T$28, DW_AT_decl_file("/home/jose/ti/c2000/C2000Ware_26_01_00_00/device_support/f2837xd
    2326                      .dwattr $C$DW$T$28, DW_AT_decl_line(0xbd8)
    2327                      .dwattr $C$DW$T$28, DW_AT_decl_column(0x07)
    2328                      .dwendtag $C$DW$T$28
    2329              
    2330                      .dwendtag $C$DW$TU$28
TMS320C2000 Assembler Unix v25.11.0 Sat May 30 20:22:51 2026

Copyright (c) 1996-2018 Texas Instruments Incorporated
drv8305.asm                                                          PAGE   44

    2331              
    2332              
    2333              $C$DW$TU$29     .dwtag  DW_TAG_type_unit
    2334                      .dwmtype  $C$DW$T$29
    2335              
    2336              $C$DW$T$29      .dwtag  DW_TAG_structure_type
    2337                      .dwattr $C$DW$T$29, DW_AT_name("GPBCLEAR_BITS")
    2338                      .dwattr $C$DW$T$29, DW_AT_byte_size(0x02)
    2339              $C$DW$193       .dwtag  DW_TAG_member
    2340                      .dwattr $C$DW$193, DW_AT_type(*$C$DW$T$19)
    2341                      .dwattr $C$DW$193, DW_AT_name("GPIO32")
    2342                      .dwattr $C$DW$193, DW_AT_bit_offset(0x0f)
    2343                      .dwattr $C$DW$193, DW_AT_bit_size(0x01)
    2344                      .dwattr $C$DW$193, DW_AT_accessibility(DW_ACCESS_public)
    2345                      .dwattr $C$DW$193, DW_AT_decl_file("/home/jose/ti/c2000/C2000Ware_26_01_00_00/device_support/f2837xd/
    2346                      .dwattr $C$DW$193, DW_AT_decl_line(0xc2e)
    2347                      .dwattr $C$DW$193, DW_AT_decl_column(0x0c)
    2348              
    2349              $C$DW$194       .dwtag  DW_TAG_member
    2350                      .dwattr $C$DW$194, DW_AT_type(*$C$DW$T$19)
    2351                      .dwattr $C$DW$194, DW_AT_name("GPIO33")
    2352                      .dwattr $C$DW$194, DW_AT_bit_offset(0x0e)
    2353                      .dwattr $C$DW$194, DW_AT_bit_size(0x01)
    2354                      .dwattr $C$DW$194, DW_AT_accessibility(DW_ACCESS_public)
    2355                      .dwattr $C$DW$194, DW_AT_decl_file("/home/jose/ti/c2000/C2000Ware_26_01_00_00/device_support/f2837xd/
    2356                      .dwattr $C$DW$194, DW_AT_decl_line(0xc2f)
    2357                      .dwattr $C$DW$194, DW_AT_decl_column(0x0c)
    2358              
    2359              $C$DW$195       .dwtag  DW_TAG_member
    2360                      .dwattr $C$DW$195, DW_AT_type(*$C$DW$T$19)
    2361                      .dwattr $C$DW$195, DW_AT_name("GPIO34")
    2362                      .dwattr $C$DW$195, DW_AT_bit_offset(0x0d)
    2363                      .dwattr $C$DW$195, DW_AT_bit_size(0x01)
    2364                      .dwattr $C$DW$195, DW_AT_accessibility(DW_ACCESS_public)
    2365                      .dwattr $C$DW$195, DW_AT_decl_file("/home/jose/ti/c2000/C2000Ware_26_01_00_00/device_support/f2837xd/
    2366                      .dwattr $C$DW$195, DW_AT_decl_line(0xc30)
    2367                      .dwattr $C$DW$195, DW_AT_decl_column(0x0c)
    2368              
    2369              $C$DW$196       .dwtag  DW_TAG_member
    2370                      .dwattr $C$DW$196, DW_AT_type(*$C$DW$T$19)
    2371                      .dwattr $C$DW$196, DW_AT_name("GPIO35")
    2372                      .dwattr $C$DW$196, DW_AT_bit_offset(0x0c)
    2373                      .dwattr $C$DW$196, DW_AT_bit_size(0x01)
    2374                      .dwattr $C$DW$196, DW_AT_accessibility(DW_ACCESS_public)
    2375                      .dwattr $C$DW$196, DW_AT_decl_file("/home/jose/ti/c2000/C2000Ware_26_01_00_00/device_support/f2837xd/
    2376                      .dwattr $C$DW$196, DW_AT_decl_line(0xc31)
    2377                      .dwattr $C$DW$196, DW_AT_decl_column(0x0c)
    2378              
    2379              $C$DW$197       .dwtag  DW_TAG_member
    2380                      .dwattr $C$DW$197, DW_AT_type(*$C$DW$T$19)
    2381                      .dwattr $C$DW$197, DW_AT_name("GPIO36")
    2382                      .dwattr $C$DW$197, DW_AT_bit_offset(0x0b)
    2383                      .dwattr $C$DW$197, DW_AT_bit_size(0x01)
    2384                      .dwattr $C$DW$197, DW_AT_accessibility(DW_ACCESS_public)
    2385                      .dwattr $C$DW$197, DW_AT_decl_file("/home/jose/ti/c2000/C2000Ware_26_01_00_00/device_support/f2837xd/
TMS320C2000 Assembler Unix v25.11.0 Sat May 30 20:22:51 2026

Copyright (c) 1996-2018 Texas Instruments Incorporated
drv8305.asm                                                          PAGE   45

    2386                      .dwattr $C$DW$197, DW_AT_decl_line(0xc32)
    2387                      .dwattr $C$DW$197, DW_AT_decl_column(0x0c)
    2388              
    2389              $C$DW$198       .dwtag  DW_TAG_member
    2390                      .dwattr $C$DW$198, DW_AT_type(*$C$DW$T$19)
    2391                      .dwattr $C$DW$198, DW_AT_name("GPIO37")
    2392                      .dwattr $C$DW$198, DW_AT_bit_offset(0x0a)
    2393                      .dwattr $C$DW$198, DW_AT_bit_size(0x01)
    2394                      .dwattr $C$DW$198, DW_AT_accessibility(DW_ACCESS_public)
    2395                      .dwattr $C$DW$198, DW_AT_decl_file("/home/jose/ti/c2000/C2000Ware_26_01_00_00/device_support/f2837xd/
    2396                      .dwattr $C$DW$198, DW_AT_decl_line(0xc33)
    2397                      .dwattr $C$DW$198, DW_AT_decl_column(0x0c)
    2398              
    2399              $C$DW$199       .dwtag  DW_TAG_member
    2400                      .dwattr $C$DW$199, DW_AT_type(*$C$DW$T$19)
    2401                      .dwattr $C$DW$199, DW_AT_name("GPIO38")
    2402                      .dwattr $C$DW$199, DW_AT_bit_offset(0x09)
    2403                      .dwattr $C$DW$199, DW_AT_bit_size(0x01)
    2404                      .dwattr $C$DW$199, DW_AT_accessibility(DW_ACCESS_public)
    2405                      .dwattr $C$DW$199, DW_AT_decl_file("/home/jose/ti/c2000/C2000Ware_26_01_00_00/device_support/f2837xd/
    2406                      .dwattr $C$DW$199, DW_AT_decl_line(0xc34)
    2407                      .dwattr $C$DW$199, DW_AT_decl_column(0x0c)
    2408              
    2409              $C$DW$200       .dwtag  DW_TAG_member
    2410                      .dwattr $C$DW$200, DW_AT_type(*$C$DW$T$19)
    2411                      .dwattr $C$DW$200, DW_AT_name("GPIO39")
    2412                      .dwattr $C$DW$200, DW_AT_bit_offset(0x08)
    2413                      .dwattr $C$DW$200, DW_AT_bit_size(0x01)
    2414                      .dwattr $C$DW$200, DW_AT_accessibility(DW_ACCESS_public)
    2415                      .dwattr $C$DW$200, DW_AT_decl_file("/home/jose/ti/c2000/C2000Ware_26_01_00_00/device_support/f2837xd/
    2416                      .dwattr $C$DW$200, DW_AT_decl_line(0xc35)
    2417                      .dwattr $C$DW$200, DW_AT_decl_column(0x0c)
    2418              
    2419              $C$DW$201       .dwtag  DW_TAG_member
    2420                      .dwattr $C$DW$201, DW_AT_type(*$C$DW$T$19)
    2421                      .dwattr $C$DW$201, DW_AT_name("GPIO40")
    2422                      .dwattr $C$DW$201, DW_AT_bit_offset(0x07)
    2423                      .dwattr $C$DW$201, DW_AT_bit_size(0x01)
    2424                      .dwattr $C$DW$201, DW_AT_accessibility(DW_ACCESS_public)
    2425                      .dwattr $C$DW$201, DW_AT_decl_file("/home/jose/ti/c2000/C2000Ware_26_01_00_00/device_support/f2837xd/
    2426                      .dwattr $C$DW$201, DW_AT_decl_line(0xc36)
    2427                      .dwattr $C$DW$201, DW_AT_decl_column(0x0c)
    2428              
    2429              $C$DW$202       .dwtag  DW_TAG_member
    2430                      .dwattr $C$DW$202, DW_AT_type(*$C$DW$T$19)
    2431                      .dwattr $C$DW$202, DW_AT_name("GPIO41")
    2432                      .dwattr $C$DW$202, DW_AT_bit_offset(0x06)
    2433                      .dwattr $C$DW$202, DW_AT_bit_size(0x01)
    2434                      .dwattr $C$DW$202, DW_AT_accessibility(DW_ACCESS_public)
    2435                      .dwattr $C$DW$202, DW_AT_decl_file("/home/jose/ti/c2000/C2000Ware_26_01_00_00/device_support/f2837xd/
    2436                      .dwattr $C$DW$202, DW_AT_decl_line(0xc37)
    2437                      .dwattr $C$DW$202, DW_AT_decl_column(0x0c)
    2438              
    2439              $C$DW$203       .dwtag  DW_TAG_member
    2440                      .dwattr $C$DW$203, DW_AT_type(*$C$DW$T$19)
TMS320C2000 Assembler Unix v25.11.0 Sat May 30 20:22:51 2026

Copyright (c) 1996-2018 Texas Instruments Incorporated
drv8305.asm                                                          PAGE   46

    2441                      .dwattr $C$DW$203, DW_AT_name("GPIO42")
    2442                      .dwattr $C$DW$203, DW_AT_bit_offset(0x05)
    2443                      .dwattr $C$DW$203, DW_AT_bit_size(0x01)
    2444                      .dwattr $C$DW$203, DW_AT_accessibility(DW_ACCESS_public)
    2445                      .dwattr $C$DW$203, DW_AT_decl_file("/home/jose/ti/c2000/C2000Ware_26_01_00_00/device_support/f2837xd/
    2446                      .dwattr $C$DW$203, DW_AT_decl_line(0xc38)
    2447                      .dwattr $C$DW$203, DW_AT_decl_column(0x0c)
    2448              
    2449              $C$DW$204       .dwtag  DW_TAG_member
    2450                      .dwattr $C$DW$204, DW_AT_type(*$C$DW$T$19)
    2451                      .dwattr $C$DW$204, DW_AT_name("GPIO43")
    2452                      .dwattr $C$DW$204, DW_AT_bit_offset(0x04)
    2453                      .dwattr $C$DW$204, DW_AT_bit_size(0x01)
    2454                      .dwattr $C$DW$204, DW_AT_accessibility(DW_ACCESS_public)
    2455                      .dwattr $C$DW$204, DW_AT_decl_file("/home/jose/ti/c2000/C2000Ware_26_01_00_00/device_support/f2837xd/
    2456                      .dwattr $C$DW$204, DW_AT_decl_line(0xc39)
    2457                      .dwattr $C$DW$204, DW_AT_decl_column(0x0c)
    2458              
    2459              $C$DW$205       .dwtag  DW_TAG_member
    2460                      .dwattr $C$DW$205, DW_AT_type(*$C$DW$T$19)
    2461                      .dwattr $C$DW$205, DW_AT_name("GPIO44")
    2462                      .dwattr $C$DW$205, DW_AT_bit_offset(0x03)
    2463                      .dwattr $C$DW$205, DW_AT_bit_size(0x01)
    2464                      .dwattr $C$DW$205, DW_AT_accessibility(DW_ACCESS_public)
    2465                      .dwattr $C$DW$205, DW_AT_decl_file("/home/jose/ti/c2000/C2000Ware_26_01_00_00/device_support/f2837xd/
    2466                      .dwattr $C$DW$205, DW_AT_decl_line(0xc3a)
    2467                      .dwattr $C$DW$205, DW_AT_decl_column(0x0c)
    2468              
    2469              $C$DW$206       .dwtag  DW_TAG_member
    2470                      .dwattr $C$DW$206, DW_AT_type(*$C$DW$T$19)
    2471                      .dwattr $C$DW$206, DW_AT_name("GPIO45")
    2472                      .dwattr $C$DW$206, DW_AT_bit_offset(0x02)
    2473                      .dwattr $C$DW$206, DW_AT_bit_size(0x01)
    2474                      .dwattr $C$DW$206, DW_AT_accessibility(DW_ACCESS_public)
    2475                      .dwattr $C$DW$206, DW_AT_decl_file("/home/jose/ti/c2000/C2000Ware_26_01_00_00/device_support/f2837xd/
    2476                      .dwattr $C$DW$206, DW_AT_decl_line(0xc3b)
    2477                      .dwattr $C$DW$206, DW_AT_decl_column(0x0c)
    2478              
    2479              $C$DW$207       .dwtag  DW_TAG_member
    2480                      .dwattr $C$DW$207, DW_AT_type(*$C$DW$T$19)
    2481                      .dwattr $C$DW$207, DW_AT_name("GPIO46")
    2482                      .dwattr $C$DW$207, DW_AT_bit_offset(0x01)
    2483                      .dwattr $C$DW$207, DW_AT_bit_size(0x01)
    2484                      .dwattr $C$DW$207, DW_AT_accessibility(DW_ACCESS_public)
    2485                      .dwattr $C$DW$207, DW_AT_decl_file("/home/jose/ti/c2000/C2000Ware_26_01_00_00/device_support/f2837xd/
    2486                      .dwattr $C$DW$207, DW_AT_decl_line(0xc3c)
    2487                      .dwattr $C$DW$207, DW_AT_decl_column(0x0c)
    2488              
    2489              $C$DW$208       .dwtag  DW_TAG_member
    2490                      .dwattr $C$DW$208, DW_AT_type(*$C$DW$T$19)
    2491                      .dwattr $C$DW$208, DW_AT_name("GPIO47")
    2492                      .dwattr $C$DW$208, DW_AT_bit_offset(0x00)
    2493                      .dwattr $C$DW$208, DW_AT_bit_size(0x01)
    2494                      .dwattr $C$DW$208, DW_AT_accessibility(DW_ACCESS_public)
    2495                      .dwattr $C$DW$208, DW_AT_decl_file("/home/jose/ti/c2000/C2000Ware_26_01_00_00/device_support/f2837xd/
TMS320C2000 Assembler Unix v25.11.0 Sat May 30 20:22:51 2026

Copyright (c) 1996-2018 Texas Instruments Incorporated
drv8305.asm                                                          PAGE   47

    2496                      .dwattr $C$DW$208, DW_AT_decl_line(0xc3d)
    2497                      .dwattr $C$DW$208, DW_AT_decl_column(0x0c)
    2498              
    2499              $C$DW$209       .dwtag  DW_TAG_member
    2500                      .dwattr $C$DW$209, DW_AT_type(*$C$DW$T$19)
    2501                      .dwattr $C$DW$209, DW_AT_name("GPIO48")
    2502                      .dwattr $C$DW$209, DW_AT_bit_offset(0x0f)
    2503                      .dwattr $C$DW$209, DW_AT_bit_size(0x01)
    2504                      .dwattr $C$DW$209, DW_AT_data_member_location[DW_OP_plus_uconst 0x1]
    2505                      .dwattr $C$DW$209, DW_AT_accessibility(DW_ACCESS_public)
    2506                      .dwattr $C$DW$209, DW_AT_decl_file("/home/jose/ti/c2000/C2000Ware_26_01_00_00/device_support/f2837xd/
    2507                      .dwattr $C$DW$209, DW_AT_decl_line(0xc3e)
    2508                      .dwattr $C$DW$209, DW_AT_decl_column(0x0c)
    2509              
    2510              $C$DW$210       .dwtag  DW_TAG_member
    2511                      .dwattr $C$DW$210, DW_AT_type(*$C$DW$T$19)
    2512                      .dwattr $C$DW$210, DW_AT_name("GPIO49")
    2513                      .dwattr $C$DW$210, DW_AT_bit_offset(0x0e)
    2514                      .dwattr $C$DW$210, DW_AT_bit_size(0x01)
    2515                      .dwattr $C$DW$210, DW_AT_data_member_location[DW_OP_plus_uconst 0x1]
    2516                      .dwattr $C$DW$210, DW_AT_accessibility(DW_ACCESS_public)
    2517                      .dwattr $C$DW$210, DW_AT_decl_file("/home/jose/ti/c2000/C2000Ware_26_01_00_00/device_support/f2837xd/
    2518                      .dwattr $C$DW$210, DW_AT_decl_line(0xc3f)
    2519                      .dwattr $C$DW$210, DW_AT_decl_column(0x0c)
    2520              
    2521              $C$DW$211       .dwtag  DW_TAG_member
    2522                      .dwattr $C$DW$211, DW_AT_type(*$C$DW$T$19)
    2523                      .dwattr $C$DW$211, DW_AT_name("GPIO50")
    2524                      .dwattr $C$DW$211, DW_AT_bit_offset(0x0d)
    2525                      .dwattr $C$DW$211, DW_AT_bit_size(0x01)
    2526                      .dwattr $C$DW$211, DW_AT_data_member_location[DW_OP_plus_uconst 0x1]
    2527                      .dwattr $C$DW$211, DW_AT_accessibility(DW_ACCESS_public)
    2528                      .dwattr $C$DW$211, DW_AT_decl_file("/home/jose/ti/c2000/C2000Ware_26_01_00_00/device_support/f2837xd/
    2529                      .dwattr $C$DW$211, DW_AT_decl_line(0xc40)
    2530                      .dwattr $C$DW$211, DW_AT_decl_column(0x0c)
    2531              
    2532              $C$DW$212       .dwtag  DW_TAG_member
    2533                      .dwattr $C$DW$212, DW_AT_type(*$C$DW$T$19)
    2534                      .dwattr $C$DW$212, DW_AT_name("GPIO51")
    2535                      .dwattr $C$DW$212, DW_AT_bit_offset(0x0c)
    2536                      .dwattr $C$DW$212, DW_AT_bit_size(0x01)
    2537                      .dwattr $C$DW$212, DW_AT_data_member_location[DW_OP_plus_uconst 0x1]
    2538                      .dwattr $C$DW$212, DW_AT_accessibility(DW_ACCESS_public)
    2539                      .dwattr $C$DW$212, DW_AT_decl_file("/home/jose/ti/c2000/C2000Ware_26_01_00_00/device_support/f2837xd/
    2540                      .dwattr $C$DW$212, DW_AT_decl_line(0xc41)
    2541                      .dwattr $C$DW$212, DW_AT_decl_column(0x0c)
    2542              
    2543              $C$DW$213       .dwtag  DW_TAG_member
    2544                      .dwattr $C$DW$213, DW_AT_type(*$C$DW$T$19)
    2545                      .dwattr $C$DW$213, DW_AT_name("GPIO52")
    2546                      .dwattr $C$DW$213, DW_AT_bit_offset(0x0b)
    2547                      .dwattr $C$DW$213, DW_AT_bit_size(0x01)
    2548                      .dwattr $C$DW$213, DW_AT_data_member_location[DW_OP_plus_uconst 0x1]
    2549                      .dwattr $C$DW$213, DW_AT_accessibility(DW_ACCESS_public)
    2550                      .dwattr $C$DW$213, DW_AT_decl_file("/home/jose/ti/c2000/C2000Ware_26_01_00_00/device_support/f2837xd/
TMS320C2000 Assembler Unix v25.11.0 Sat May 30 20:22:51 2026

Copyright (c) 1996-2018 Texas Instruments Incorporated
drv8305.asm                                                          PAGE   48

    2551                      .dwattr $C$DW$213, DW_AT_decl_line(0xc42)
    2552                      .dwattr $C$DW$213, DW_AT_decl_column(0x0c)
    2553              
    2554              $C$DW$214       .dwtag  DW_TAG_member
    2555                      .dwattr $C$DW$214, DW_AT_type(*$C$DW$T$19)
    2556                      .dwattr $C$DW$214, DW_AT_name("GPIO53")
    2557                      .dwattr $C$DW$214, DW_AT_bit_offset(0x0a)
    2558                      .dwattr $C$DW$214, DW_AT_bit_size(0x01)
    2559                      .dwattr $C$DW$214, DW_AT_data_member_location[DW_OP_plus_uconst 0x1]
    2560                      .dwattr $C$DW$214, DW_AT_accessibility(DW_ACCESS_public)
    2561                      .dwattr $C$DW$214, DW_AT_decl_file("/home/jose/ti/c2000/C2000Ware_26_01_00_00/device_support/f2837xd/
    2562                      .dwattr $C$DW$214, DW_AT_decl_line(0xc43)
    2563                      .dwattr $C$DW$214, DW_AT_decl_column(0x0c)
    2564              
    2565              $C$DW$215       .dwtag  DW_TAG_member
    2566                      .dwattr $C$DW$215, DW_AT_type(*$C$DW$T$19)
    2567                      .dwattr $C$DW$215, DW_AT_name("GPIO54")
    2568                      .dwattr $C$DW$215, DW_AT_bit_offset(0x09)
    2569                      .dwattr $C$DW$215, DW_AT_bit_size(0x01)
    2570                      .dwattr $C$DW$215, DW_AT_data_member_location[DW_OP_plus_uconst 0x1]
    2571                      .dwattr $C$DW$215, DW_AT_accessibility(DW_ACCESS_public)
    2572                      .dwattr $C$DW$215, DW_AT_decl_file("/home/jose/ti/c2000/C2000Ware_26_01_00_00/device_support/f2837xd/
    2573                      .dwattr $C$DW$215, DW_AT_decl_line(0xc44)
    2574                      .dwattr $C$DW$215, DW_AT_decl_column(0x0c)
    2575              
    2576              $C$DW$216       .dwtag  DW_TAG_member
    2577                      .dwattr $C$DW$216, DW_AT_type(*$C$DW$T$19)
    2578                      .dwattr $C$DW$216, DW_AT_name("GPIO55")
    2579                      .dwattr $C$DW$216, DW_AT_bit_offset(0x08)
    2580                      .dwattr $C$DW$216, DW_AT_bit_size(0x01)
    2581                      .dwattr $C$DW$216, DW_AT_data_member_location[DW_OP_plus_uconst 0x1]
    2582                      .dwattr $C$DW$216, DW_AT_accessibility(DW_ACCESS_public)
    2583                      .dwattr $C$DW$216, DW_AT_decl_file("/home/jose/ti/c2000/C2000Ware_26_01_00_00/device_support/f2837xd/
    2584                      .dwattr $C$DW$216, DW_AT_decl_line(0xc45)
    2585                      .dwattr $C$DW$216, DW_AT_decl_column(0x0c)
    2586              
    2587              $C$DW$217       .dwtag  DW_TAG_member
    2588                      .dwattr $C$DW$217, DW_AT_type(*$C$DW$T$19)
    2589                      .dwattr $C$DW$217, DW_AT_name("GPIO56")
    2590                      .dwattr $C$DW$217, DW_AT_bit_offset(0x07)
    2591                      .dwattr $C$DW$217, DW_AT_bit_size(0x01)
    2592                      .dwattr $C$DW$217, DW_AT_data_member_location[DW_OP_plus_uconst 0x1]
    2593                      .dwattr $C$DW$217, DW_AT_accessibility(DW_ACCESS_public)
    2594                      .dwattr $C$DW$217, DW_AT_decl_file("/home/jose/ti/c2000/C2000Ware_26_01_00_00/device_support/f2837xd/
    2595                      .dwattr $C$DW$217, DW_AT_decl_line(0xc46)
    2596                      .dwattr $C$DW$217, DW_AT_decl_column(0x0c)
    2597              
    2598              $C$DW$218       .dwtag  DW_TAG_member
    2599                      .dwattr $C$DW$218, DW_AT_type(*$C$DW$T$19)
    2600                      .dwattr $C$DW$218, DW_AT_name("GPIO57")
    2601                      .dwattr $C$DW$218, DW_AT_bit_offset(0x06)
    2602                      .dwattr $C$DW$218, DW_AT_bit_size(0x01)
    2603                      .dwattr $C$DW$218, DW_AT_data_member_location[DW_OP_plus_uconst 0x1]
    2604                      .dwattr $C$DW$218, DW_AT_accessibility(DW_ACCESS_public)
    2605                      .dwattr $C$DW$218, DW_AT_decl_file("/home/jose/ti/c2000/C2000Ware_26_01_00_00/device_support/f2837xd/
TMS320C2000 Assembler Unix v25.11.0 Sat May 30 20:22:51 2026

Copyright (c) 1996-2018 Texas Instruments Incorporated
drv8305.asm                                                          PAGE   49

    2606                      .dwattr $C$DW$218, DW_AT_decl_line(0xc47)
    2607                      .dwattr $C$DW$218, DW_AT_decl_column(0x0c)
    2608              
    2609              $C$DW$219       .dwtag  DW_TAG_member
    2610                      .dwattr $C$DW$219, DW_AT_type(*$C$DW$T$19)
    2611                      .dwattr $C$DW$219, DW_AT_name("GPIO58")
    2612                      .dwattr $C$DW$219, DW_AT_bit_offset(0x05)
    2613                      .dwattr $C$DW$219, DW_AT_bit_size(0x01)
    2614                      .dwattr $C$DW$219, DW_AT_data_member_location[DW_OP_plus_uconst 0x1]
    2615                      .dwattr $C$DW$219, DW_AT_accessibility(DW_ACCESS_public)
    2616                      .dwattr $C$DW$219, DW_AT_decl_file("/home/jose/ti/c2000/C2000Ware_26_01_00_00/device_support/f2837xd/
    2617                      .dwattr $C$DW$219, DW_AT_decl_line(0xc48)
    2618                      .dwattr $C$DW$219, DW_AT_decl_column(0x0c)
    2619              
    2620              $C$DW$220       .dwtag  DW_TAG_member
    2621                      .dwattr $C$DW$220, DW_AT_type(*$C$DW$T$19)
    2622                      .dwattr $C$DW$220, DW_AT_name("GPIO59")
    2623                      .dwattr $C$DW$220, DW_AT_bit_offset(0x04)
    2624                      .dwattr $C$DW$220, DW_AT_bit_size(0x01)
    2625                      .dwattr $C$DW$220, DW_AT_data_member_location[DW_OP_plus_uconst 0x1]
    2626                      .dwattr $C$DW$220, DW_AT_accessibility(DW_ACCESS_public)
    2627                      .dwattr $C$DW$220, DW_AT_decl_file("/home/jose/ti/c2000/C2000Ware_26_01_00_00/device_support/f2837xd/
    2628                      .dwattr $C$DW$220, DW_AT_decl_line(0xc49)
    2629                      .dwattr $C$DW$220, DW_AT_decl_column(0x0c)
    2630              
    2631              $C$DW$221       .dwtag  DW_TAG_member
    2632                      .dwattr $C$DW$221, DW_AT_type(*$C$DW$T$19)
    2633                      .dwattr $C$DW$221, DW_AT_name("GPIO60")
    2634                      .dwattr $C$DW$221, DW_AT_bit_offset(0x03)
    2635                      .dwattr $C$DW$221, DW_AT_bit_size(0x01)
    2636                      .dwattr $C$DW$221, DW_AT_data_member_location[DW_OP_plus_uconst 0x1]
    2637                      .dwattr $C$DW$221, DW_AT_accessibility(DW_ACCESS_public)
    2638                      .dwattr $C$DW$221, DW_AT_decl_file("/home/jose/ti/c2000/C2000Ware_26_01_00_00/device_support/f2837xd/
    2639                      .dwattr $C$DW$221, DW_AT_decl_line(0xc4a)
    2640                      .dwattr $C$DW$221, DW_AT_decl_column(0x0c)
    2641              
    2642              $C$DW$222       .dwtag  DW_TAG_member
    2643                      .dwattr $C$DW$222, DW_AT_type(*$C$DW$T$19)
    2644                      .dwattr $C$DW$222, DW_AT_name("GPIO61")
    2645                      .dwattr $C$DW$222, DW_AT_bit_offset(0x02)
    2646                      .dwattr $C$DW$222, DW_AT_bit_size(0x01)
    2647                      .dwattr $C$DW$222, DW_AT_data_member_location[DW_OP_plus_uconst 0x1]
    2648                      .dwattr $C$DW$222, DW_AT_accessibility(DW_ACCESS_public)
    2649                      .dwattr $C$DW$222, DW_AT_decl_file("/home/jose/ti/c2000/C2000Ware_26_01_00_00/device_support/f2837xd/
    2650                      .dwattr $C$DW$222, DW_AT_decl_line(0xc4b)
    2651                      .dwattr $C$DW$222, DW_AT_decl_column(0x0c)
    2652              
    2653              $C$DW$223       .dwtag  DW_TAG_member
    2654                      .dwattr $C$DW$223, DW_AT_type(*$C$DW$T$19)
    2655                      .dwattr $C$DW$223, DW_AT_name("GPIO62")
    2656                      .dwattr $C$DW$223, DW_AT_bit_offset(0x01)
    2657                      .dwattr $C$DW$223, DW_AT_bit_size(0x01)
    2658                      .dwattr $C$DW$223, DW_AT_data_member_location[DW_OP_plus_uconst 0x1]
    2659                      .dwattr $C$DW$223, DW_AT_accessibility(DW_ACCESS_public)
    2660                      .dwattr $C$DW$223, DW_AT_decl_file("/home/jose/ti/c2000/C2000Ware_26_01_00_00/device_support/f2837xd/
TMS320C2000 Assembler Unix v25.11.0 Sat May 30 20:22:51 2026

Copyright (c) 1996-2018 Texas Instruments Incorporated
drv8305.asm                                                          PAGE   50

    2661                      .dwattr $C$DW$223, DW_AT_decl_line(0xc4c)
    2662                      .dwattr $C$DW$223, DW_AT_decl_column(0x0c)
    2663              
    2664              $C$DW$224       .dwtag  DW_TAG_member
    2665                      .dwattr $C$DW$224, DW_AT_type(*$C$DW$T$19)
    2666                      .dwattr $C$DW$224, DW_AT_name("GPIO63")
    2667                      .dwattr $C$DW$224, DW_AT_bit_offset(0x00)
    2668                      .dwattr $C$DW$224, DW_AT_bit_size(0x01)
    2669                      .dwattr $C$DW$224, DW_AT_data_member_location[DW_OP_plus_uconst 0x1]
    2670                      .dwattr $C$DW$224, DW_AT_accessibility(DW_ACCESS_public)
    2671                      .dwattr $C$DW$224, DW_AT_decl_file("/home/jose/ti/c2000/C2000Ware_26_01_00_00/device_support/f2837xd/
    2672                      .dwattr $C$DW$224, DW_AT_decl_line(0xc4d)
    2673                      .dwattr $C$DW$224, DW_AT_decl_column(0x0c)
    2674              
    2675                      .dwattr $C$DW$T$29, DW_AT_decl_file("/home/jose/ti/c2000/C2000Ware_26_01_00_00/device_support/f2837xd
    2676                      .dwattr $C$DW$T$29, DW_AT_decl_line(0xc2d)
    2677                      .dwattr $C$DW$T$29, DW_AT_decl_column(0x08)
    2678                      .dwendtag $C$DW$T$29
    2679              
    2680                      .dwendtag $C$DW$TU$29
    2681              
    2682              
    2683              $C$DW$TU$30     .dwtag  DW_TAG_type_unit
    2684                      .dwmtype  $C$DW$T$30
    2685              
    2686              $C$DW$T$30      .dwtag  DW_TAG_union_type
    2687                      .dwattr $C$DW$T$30, DW_AT_name("GPBCLEAR_REG")
    2688                      .dwattr $C$DW$T$30, DW_AT_byte_size(0x02)
    2689              $C$DW$225       .dwtag  DW_TAG_member
    2690                      .dwattr $C$DW$225, DW_AT_type(*$C$DW$T$21)
    2691                      .dwattr $C$DW$225, DW_AT_name("all")
    2692                      .dwattr $C$DW$225, DW_AT_accessibility(DW_ACCESS_public)
    2693                      .dwattr $C$DW$225, DW_AT_decl_file("/home/jose/ti/c2000/C2000Ware_26_01_00_00/device_support/f2837xd/
    2694                      .dwattr $C$DW$225, DW_AT_decl_line(0xc51)
    2695                      .dwattr $C$DW$225, DW_AT_decl_column(0x0d)
    2696              
    2697              $C$DW$226       .dwtag  DW_TAG_member
    2698                      .dwattr $C$DW$226, DW_AT_type(*$C$DW$T$29)
    2699                      .dwattr $C$DW$226, DW_AT_name("bit")
    2700                      .dwattr $C$DW$226, DW_AT_accessibility(DW_ACCESS_public)
    2701                      .dwattr $C$DW$226, DW_AT_decl_file("/home/jose/ti/c2000/C2000Ware_26_01_00_00/device_support/f2837xd/
    2702                      .dwattr $C$DW$226, DW_AT_decl_line(0xc52)
    2703                      .dwattr $C$DW$226, DW_AT_decl_column(0x1c)
    2704              
    2705                      .dwattr $C$DW$T$30, DW_AT_decl_file("/home/jose/ti/c2000/C2000Ware_26_01_00_00/device_support/f2837xd
    2706                      .dwattr $C$DW$T$30, DW_AT_decl_line(0xc50)
    2707                      .dwattr $C$DW$T$30, DW_AT_decl_column(0x07)
    2708                      .dwendtag $C$DW$T$30
    2709              
    2710                      .dwendtag $C$DW$TU$30
    2711              
    2712              
    2713              $C$DW$TU$31     .dwtag  DW_TAG_type_unit
    2714                      .dwmtype  $C$DW$T$31
    2715              
TMS320C2000 Assembler Unix v25.11.0 Sat May 30 20:22:51 2026

Copyright (c) 1996-2018 Texas Instruments Incorporated
drv8305.asm                                                          PAGE   51

    2716              $C$DW$T$31      .dwtag  DW_TAG_structure_type
    2717                      .dwattr $C$DW$T$31, DW_AT_name("GPBDAT_BITS")
    2718                      .dwattr $C$DW$T$31, DW_AT_byte_size(0x02)
    2719              $C$DW$227       .dwtag  DW_TAG_member
    2720                      .dwattr $C$DW$227, DW_AT_type(*$C$DW$T$19)
    2721                      .dwattr $C$DW$227, DW_AT_name("GPIO32")
    2722                      .dwattr $C$DW$227, DW_AT_bit_offset(0x0f)
    2723                      .dwattr $C$DW$227, DW_AT_bit_size(0x01)
    2724                      .dwattr $C$DW$227, DW_AT_accessibility(DW_ACCESS_public)
    2725                      .dwattr $C$DW$227, DW_AT_decl_file("/home/jose/ti/c2000/C2000Ware_26_01_00_00/device_support/f2837xd/
    2726                      .dwattr $C$DW$227, DW_AT_decl_line(0xbde)
    2727                      .dwattr $C$DW$227, DW_AT_decl_column(0x0c)
    2728              
    2729              $C$DW$228       .dwtag  DW_TAG_member
    2730                      .dwattr $C$DW$228, DW_AT_type(*$C$DW$T$19)
    2731                      .dwattr $C$DW$228, DW_AT_name("GPIO33")
    2732                      .dwattr $C$DW$228, DW_AT_bit_offset(0x0e)
    2733                      .dwattr $C$DW$228, DW_AT_bit_size(0x01)
    2734                      .dwattr $C$DW$228, DW_AT_accessibility(DW_ACCESS_public)
    2735                      .dwattr $C$DW$228, DW_AT_decl_file("/home/jose/ti/c2000/C2000Ware_26_01_00_00/device_support/f2837xd/
    2736                      .dwattr $C$DW$228, DW_AT_decl_line(0xbdf)
    2737                      .dwattr $C$DW$228, DW_AT_decl_column(0x0c)
    2738              
    2739              $C$DW$229       .dwtag  DW_TAG_member
    2740                      .dwattr $C$DW$229, DW_AT_type(*$C$DW$T$19)
    2741                      .dwattr $C$DW$229, DW_AT_name("GPIO34")
    2742                      .dwattr $C$DW$229, DW_AT_bit_offset(0x0d)
    2743                      .dwattr $C$DW$229, DW_AT_bit_size(0x01)
    2744                      .dwattr $C$DW$229, DW_AT_accessibility(DW_ACCESS_public)
    2745                      .dwattr $C$DW$229, DW_AT_decl_file("/home/jose/ti/c2000/C2000Ware_26_01_00_00/device_support/f2837xd/
    2746                      .dwattr $C$DW$229, DW_AT_decl_line(0xbe0)
    2747                      .dwattr $C$DW$229, DW_AT_decl_column(0x0c)
    2748              
    2749              $C$DW$230       .dwtag  DW_TAG_member
    2750                      .dwattr $C$DW$230, DW_AT_type(*$C$DW$T$19)
    2751                      .dwattr $C$DW$230, DW_AT_name("GPIO35")
    2752                      .dwattr $C$DW$230, DW_AT_bit_offset(0x0c)
    2753                      .dwattr $C$DW$230, DW_AT_bit_size(0x01)
    2754                      .dwattr $C$DW$230, DW_AT_accessibility(DW_ACCESS_public)
    2755                      .dwattr $C$DW$230, DW_AT_decl_file("/home/jose/ti/c2000/C2000Ware_26_01_00_00/device_support/f2837xd/
    2756                      .dwattr $C$DW$230, DW_AT_decl_line(0xbe1)
    2757                      .dwattr $C$DW$230, DW_AT_decl_column(0x0c)
    2758              
    2759              $C$DW$231       .dwtag  DW_TAG_member
    2760                      .dwattr $C$DW$231, DW_AT_type(*$C$DW$T$19)
    2761                      .dwattr $C$DW$231, DW_AT_name("GPIO36")
    2762                      .dwattr $C$DW$231, DW_AT_bit_offset(0x0b)
    2763                      .dwattr $C$DW$231, DW_AT_bit_size(0x01)
    2764                      .dwattr $C$DW$231, DW_AT_accessibility(DW_ACCESS_public)
    2765                      .dwattr $C$DW$231, DW_AT_decl_file("/home/jose/ti/c2000/C2000Ware_26_01_00_00/device_support/f2837xd/
    2766                      .dwattr $C$DW$231, DW_AT_decl_line(0xbe2)
    2767                      .dwattr $C$DW$231, DW_AT_decl_column(0x0c)
    2768              
    2769              $C$DW$232       .dwtag  DW_TAG_member
    2770                      .dwattr $C$DW$232, DW_AT_type(*$C$DW$T$19)
TMS320C2000 Assembler Unix v25.11.0 Sat May 30 20:22:51 2026

Copyright (c) 1996-2018 Texas Instruments Incorporated
drv8305.asm                                                          PAGE   52

    2771                      .dwattr $C$DW$232, DW_AT_name("GPIO37")
    2772                      .dwattr $C$DW$232, DW_AT_bit_offset(0x0a)
    2773                      .dwattr $C$DW$232, DW_AT_bit_size(0x01)
    2774                      .dwattr $C$DW$232, DW_AT_accessibility(DW_ACCESS_public)
    2775                      .dwattr $C$DW$232, DW_AT_decl_file("/home/jose/ti/c2000/C2000Ware_26_01_00_00/device_support/f2837xd/
    2776                      .dwattr $C$DW$232, DW_AT_decl_line(0xbe3)
    2777                      .dwattr $C$DW$232, DW_AT_decl_column(0x0c)
    2778              
    2779              $C$DW$233       .dwtag  DW_TAG_member
    2780                      .dwattr $C$DW$233, DW_AT_type(*$C$DW$T$19)
    2781                      .dwattr $C$DW$233, DW_AT_name("GPIO38")
    2782                      .dwattr $C$DW$233, DW_AT_bit_offset(0x09)
    2783                      .dwattr $C$DW$233, DW_AT_bit_size(0x01)
    2784                      .dwattr $C$DW$233, DW_AT_accessibility(DW_ACCESS_public)
    2785                      .dwattr $C$DW$233, DW_AT_decl_file("/home/jose/ti/c2000/C2000Ware_26_01_00_00/device_support/f2837xd/
    2786                      .dwattr $C$DW$233, DW_AT_decl_line(0xbe4)
    2787                      .dwattr $C$DW$233, DW_AT_decl_column(0x0c)
    2788              
    2789              $C$DW$234       .dwtag  DW_TAG_member
    2790                      .dwattr $C$DW$234, DW_AT_type(*$C$DW$T$19)
    2791                      .dwattr $C$DW$234, DW_AT_name("GPIO39")
    2792                      .dwattr $C$DW$234, DW_AT_bit_offset(0x08)
    2793                      .dwattr $C$DW$234, DW_AT_bit_size(0x01)
    2794                      .dwattr $C$DW$234, DW_AT_accessibility(DW_ACCESS_public)
    2795                      .dwattr $C$DW$234, DW_AT_decl_file("/home/jose/ti/c2000/C2000Ware_26_01_00_00/device_support/f2837xd/
    2796                      .dwattr $C$DW$234, DW_AT_decl_line(0xbe5)
    2797                      .dwattr $C$DW$234, DW_AT_decl_column(0x0c)
    2798              
    2799              $C$DW$235       .dwtag  DW_TAG_member
    2800                      .dwattr $C$DW$235, DW_AT_type(*$C$DW$T$19)
    2801                      .dwattr $C$DW$235, DW_AT_name("GPIO40")
    2802                      .dwattr $C$DW$235, DW_AT_bit_offset(0x07)
    2803                      .dwattr $C$DW$235, DW_AT_bit_size(0x01)
    2804                      .dwattr $C$DW$235, DW_AT_accessibility(DW_ACCESS_public)
    2805                      .dwattr $C$DW$235, DW_AT_decl_file("/home/jose/ti/c2000/C2000Ware_26_01_00_00/device_support/f2837xd/
    2806                      .dwattr $C$DW$235, DW_AT_decl_line(0xbe6)
    2807                      .dwattr $C$DW$235, DW_AT_decl_column(0x0c)
    2808              
    2809              $C$DW$236       .dwtag  DW_TAG_member
    2810                      .dwattr $C$DW$236, DW_AT_type(*$C$DW$T$19)
    2811                      .dwattr $C$DW$236, DW_AT_name("GPIO41")
    2812                      .dwattr $C$DW$236, DW_AT_bit_offset(0x06)
    2813                      .dwattr $C$DW$236, DW_AT_bit_size(0x01)
    2814                      .dwattr $C$DW$236, DW_AT_accessibility(DW_ACCESS_public)
    2815                      .dwattr $C$DW$236, DW_AT_decl_file("/home/jose/ti/c2000/C2000Ware_26_01_00_00/device_support/f2837xd/
    2816                      .dwattr $C$DW$236, DW_AT_decl_line(0xbe7)
    2817                      .dwattr $C$DW$236, DW_AT_decl_column(0x0c)
    2818              
    2819              $C$DW$237       .dwtag  DW_TAG_member
    2820                      .dwattr $C$DW$237, DW_AT_type(*$C$DW$T$19)
    2821                      .dwattr $C$DW$237, DW_AT_name("GPIO42")
    2822                      .dwattr $C$DW$237, DW_AT_bit_offset(0x05)
    2823                      .dwattr $C$DW$237, DW_AT_bit_size(0x01)
    2824                      .dwattr $C$DW$237, DW_AT_accessibility(DW_ACCESS_public)
    2825                      .dwattr $C$DW$237, DW_AT_decl_file("/home/jose/ti/c2000/C2000Ware_26_01_00_00/device_support/f2837xd/
TMS320C2000 Assembler Unix v25.11.0 Sat May 30 20:22:51 2026

Copyright (c) 1996-2018 Texas Instruments Incorporated
drv8305.asm                                                          PAGE   53

    2826                      .dwattr $C$DW$237, DW_AT_decl_line(0xbe8)
    2827                      .dwattr $C$DW$237, DW_AT_decl_column(0x0c)
    2828              
    2829              $C$DW$238       .dwtag  DW_TAG_member
    2830                      .dwattr $C$DW$238, DW_AT_type(*$C$DW$T$19)
    2831                      .dwattr $C$DW$238, DW_AT_name("GPIO43")
    2832                      .dwattr $C$DW$238, DW_AT_bit_offset(0x04)
    2833                      .dwattr $C$DW$238, DW_AT_bit_size(0x01)
    2834                      .dwattr $C$DW$238, DW_AT_accessibility(DW_ACCESS_public)
    2835                      .dwattr $C$DW$238, DW_AT_decl_file("/home/jose/ti/c2000/C2000Ware_26_01_00_00/device_support/f2837xd/
    2836                      .dwattr $C$DW$238, DW_AT_decl_line(0xbe9)
    2837                      .dwattr $C$DW$238, DW_AT_decl_column(0x0c)
    2838              
    2839              $C$DW$239       .dwtag  DW_TAG_member
    2840                      .dwattr $C$DW$239, DW_AT_type(*$C$DW$T$19)
    2841                      .dwattr $C$DW$239, DW_AT_name("GPIO44")
    2842                      .dwattr $C$DW$239, DW_AT_bit_offset(0x03)
    2843                      .dwattr $C$DW$239, DW_AT_bit_size(0x01)
    2844                      .dwattr $C$DW$239, DW_AT_accessibility(DW_ACCESS_public)
    2845                      .dwattr $C$DW$239, DW_AT_decl_file("/home/jose/ti/c2000/C2000Ware_26_01_00_00/device_support/f2837xd/
    2846                      .dwattr $C$DW$239, DW_AT_decl_line(0xbea)
    2847                      .dwattr $C$DW$239, DW_AT_decl_column(0x0c)
    2848              
    2849              $C$DW$240       .dwtag  DW_TAG_member
    2850                      .dwattr $C$DW$240, DW_AT_type(*$C$DW$T$19)
    2851                      .dwattr $C$DW$240, DW_AT_name("GPIO45")
    2852                      .dwattr $C$DW$240, DW_AT_bit_offset(0x02)
    2853                      .dwattr $C$DW$240, DW_AT_bit_size(0x01)
    2854                      .dwattr $C$DW$240, DW_AT_accessibility(DW_ACCESS_public)
    2855                      .dwattr $C$DW$240, DW_AT_decl_file("/home/jose/ti/c2000/C2000Ware_26_01_00_00/device_support/f2837xd/
    2856                      .dwattr $C$DW$240, DW_AT_decl_line(0xbeb)
    2857                      .dwattr $C$DW$240, DW_AT_decl_column(0x0c)
    2858              
    2859              $C$DW$241       .dwtag  DW_TAG_member
    2860                      .dwattr $C$DW$241, DW_AT_type(*$C$DW$T$19)
    2861                      .dwattr $C$DW$241, DW_AT_name("GPIO46")
    2862                      .dwattr $C$DW$241, DW_AT_bit_offset(0x01)
    2863                      .dwattr $C$DW$241, DW_AT_bit_size(0x01)
    2864                      .dwattr $C$DW$241, DW_AT_accessibility(DW_ACCESS_public)
    2865                      .dwattr $C$DW$241, DW_AT_decl_file("/home/jose/ti/c2000/C2000Ware_26_01_00_00/device_support/f2837xd/
    2866                      .dwattr $C$DW$241, DW_AT_decl_line(0xbec)
    2867                      .dwattr $C$DW$241, DW_AT_decl_column(0x0c)
    2868              
    2869              $C$DW$242       .dwtag  DW_TAG_member
    2870                      .dwattr $C$DW$242, DW_AT_type(*$C$DW$T$19)
    2871                      .dwattr $C$DW$242, DW_AT_name("GPIO47")
    2872                      .dwattr $C$DW$242, DW_AT_bit_offset(0x00)
    2873                      .dwattr $C$DW$242, DW_AT_bit_size(0x01)
    2874                      .dwattr $C$DW$242, DW_AT_accessibility(DW_ACCESS_public)
    2875                      .dwattr $C$DW$242, DW_AT_decl_file("/home/jose/ti/c2000/C2000Ware_26_01_00_00/device_support/f2837xd/
    2876                      .dwattr $C$DW$242, DW_AT_decl_line(0xbed)
    2877                      .dwattr $C$DW$242, DW_AT_decl_column(0x0c)
    2878              
    2879              $C$DW$243       .dwtag  DW_TAG_member
    2880                      .dwattr $C$DW$243, DW_AT_type(*$C$DW$T$19)
TMS320C2000 Assembler Unix v25.11.0 Sat May 30 20:22:51 2026

Copyright (c) 1996-2018 Texas Instruments Incorporated
drv8305.asm                                                          PAGE   54

    2881                      .dwattr $C$DW$243, DW_AT_name("GPIO48")
    2882                      .dwattr $C$DW$243, DW_AT_bit_offset(0x0f)
    2883                      .dwattr $C$DW$243, DW_AT_bit_size(0x01)
    2884                      .dwattr $C$DW$243, DW_AT_data_member_location[DW_OP_plus_uconst 0x1]
    2885                      .dwattr $C$DW$243, DW_AT_accessibility(DW_ACCESS_public)
    2886                      .dwattr $C$DW$243, DW_AT_decl_file("/home/jose/ti/c2000/C2000Ware_26_01_00_00/device_support/f2837xd/
    2887                      .dwattr $C$DW$243, DW_AT_decl_line(0xbee)
    2888                      .dwattr $C$DW$243, DW_AT_decl_column(0x0c)
    2889              
    2890              $C$DW$244       .dwtag  DW_TAG_member
    2891                      .dwattr $C$DW$244, DW_AT_type(*$C$DW$T$19)
    2892                      .dwattr $C$DW$244, DW_AT_name("GPIO49")
    2893                      .dwattr $C$DW$244, DW_AT_bit_offset(0x0e)
    2894                      .dwattr $C$DW$244, DW_AT_bit_size(0x01)
    2895                      .dwattr $C$DW$244, DW_AT_data_member_location[DW_OP_plus_uconst 0x1]
    2896                      .dwattr $C$DW$244, DW_AT_accessibility(DW_ACCESS_public)
    2897                      .dwattr $C$DW$244, DW_AT_decl_file("/home/jose/ti/c2000/C2000Ware_26_01_00_00/device_support/f2837xd/
    2898                      .dwattr $C$DW$244, DW_AT_decl_line(0xbef)
    2899                      .dwattr $C$DW$244, DW_AT_decl_column(0x0c)
    2900              
    2901              $C$DW$245       .dwtag  DW_TAG_member
    2902                      .dwattr $C$DW$245, DW_AT_type(*$C$DW$T$19)
    2903                      .dwattr $C$DW$245, DW_AT_name("GPIO50")
    2904                      .dwattr $C$DW$245, DW_AT_bit_offset(0x0d)
    2905                      .dwattr $C$DW$245, DW_AT_bit_size(0x01)
    2906                      .dwattr $C$DW$245, DW_AT_data_member_location[DW_OP_plus_uconst 0x1]
    2907                      .dwattr $C$DW$245, DW_AT_accessibility(DW_ACCESS_public)
    2908                      .dwattr $C$DW$245, DW_AT_decl_file("/home/jose/ti/c2000/C2000Ware_26_01_00_00/device_support/f2837xd/
    2909                      .dwattr $C$DW$245, DW_AT_decl_line(0xbf0)
    2910                      .dwattr $C$DW$245, DW_AT_decl_column(0x0c)
    2911              
    2912              $C$DW$246       .dwtag  DW_TAG_member
    2913                      .dwattr $C$DW$246, DW_AT_type(*$C$DW$T$19)
    2914                      .dwattr $C$DW$246, DW_AT_name("GPIO51")
    2915                      .dwattr $C$DW$246, DW_AT_bit_offset(0x0c)
    2916                      .dwattr $C$DW$246, DW_AT_bit_size(0x01)
    2917                      .dwattr $C$DW$246, DW_AT_data_member_location[DW_OP_plus_uconst 0x1]
    2918                      .dwattr $C$DW$246, DW_AT_accessibility(DW_ACCESS_public)
    2919                      .dwattr $C$DW$246, DW_AT_decl_file("/home/jose/ti/c2000/C2000Ware_26_01_00_00/device_support/f2837xd/
    2920                      .dwattr $C$DW$246, DW_AT_decl_line(0xbf1)
    2921                      .dwattr $C$DW$246, DW_AT_decl_column(0x0c)
    2922              
    2923              $C$DW$247       .dwtag  DW_TAG_member
    2924                      .dwattr $C$DW$247, DW_AT_type(*$C$DW$T$19)
    2925                      .dwattr $C$DW$247, DW_AT_name("GPIO52")
    2926                      .dwattr $C$DW$247, DW_AT_bit_offset(0x0b)
    2927                      .dwattr $C$DW$247, DW_AT_bit_size(0x01)
    2928                      .dwattr $C$DW$247, DW_AT_data_member_location[DW_OP_plus_uconst 0x1]
    2929                      .dwattr $C$DW$247, DW_AT_accessibility(DW_ACCESS_public)
    2930                      .dwattr $C$DW$247, DW_AT_decl_file("/home/jose/ti/c2000/C2000Ware_26_01_00_00/device_support/f2837xd/
    2931                      .dwattr $C$DW$247, DW_AT_decl_line(0xbf2)
    2932                      .dwattr $C$DW$247, DW_AT_decl_column(0x0c)
    2933              
    2934              $C$DW$248       .dwtag  DW_TAG_member
    2935                      .dwattr $C$DW$248, DW_AT_type(*$C$DW$T$19)
TMS320C2000 Assembler Unix v25.11.0 Sat May 30 20:22:51 2026

Copyright (c) 1996-2018 Texas Instruments Incorporated
drv8305.asm                                                          PAGE   55

    2936                      .dwattr $C$DW$248, DW_AT_name("GPIO53")
    2937                      .dwattr $C$DW$248, DW_AT_bit_offset(0x0a)
    2938                      .dwattr $C$DW$248, DW_AT_bit_size(0x01)
    2939                      .dwattr $C$DW$248, DW_AT_data_member_location[DW_OP_plus_uconst 0x1]
    2940                      .dwattr $C$DW$248, DW_AT_accessibility(DW_ACCESS_public)
    2941                      .dwattr $C$DW$248, DW_AT_decl_file("/home/jose/ti/c2000/C2000Ware_26_01_00_00/device_support/f2837xd/
    2942                      .dwattr $C$DW$248, DW_AT_decl_line(0xbf3)
    2943                      .dwattr $C$DW$248, DW_AT_decl_column(0x0c)
    2944              
    2945              $C$DW$249       .dwtag  DW_TAG_member
    2946                      .dwattr $C$DW$249, DW_AT_type(*$C$DW$T$19)
    2947                      .dwattr $C$DW$249, DW_AT_name("GPIO54")
    2948                      .dwattr $C$DW$249, DW_AT_bit_offset(0x09)
    2949                      .dwattr $C$DW$249, DW_AT_bit_size(0x01)
    2950                      .dwattr $C$DW$249, DW_AT_data_member_location[DW_OP_plus_uconst 0x1]
    2951                      .dwattr $C$DW$249, DW_AT_accessibility(DW_ACCESS_public)
    2952                      .dwattr $C$DW$249, DW_AT_decl_file("/home/jose/ti/c2000/C2000Ware_26_01_00_00/device_support/f2837xd/
    2953                      .dwattr $C$DW$249, DW_AT_decl_line(0xbf4)
    2954                      .dwattr $C$DW$249, DW_AT_decl_column(0x0c)
    2955              
    2956              $C$DW$250       .dwtag  DW_TAG_member
    2957                      .dwattr $C$DW$250, DW_AT_type(*$C$DW$T$19)
    2958                      .dwattr $C$DW$250, DW_AT_name("GPIO55")
    2959                      .dwattr $C$DW$250, DW_AT_bit_offset(0x08)
    2960                      .dwattr $C$DW$250, DW_AT_bit_size(0x01)
    2961                      .dwattr $C$DW$250, DW_AT_data_member_location[DW_OP_plus_uconst 0x1]
    2962                      .dwattr $C$DW$250, DW_AT_accessibility(DW_ACCESS_public)
    2963                      .dwattr $C$DW$250, DW_AT_decl_file("/home/jose/ti/c2000/C2000Ware_26_01_00_00/device_support/f2837xd/
    2964                      .dwattr $C$DW$250, DW_AT_decl_line(0xbf5)
    2965                      .dwattr $C$DW$250, DW_AT_decl_column(0x0c)
    2966              
    2967              $C$DW$251       .dwtag  DW_TAG_member
    2968                      .dwattr $C$DW$251, DW_AT_type(*$C$DW$T$19)
    2969                      .dwattr $C$DW$251, DW_AT_name("GPIO56")
    2970                      .dwattr $C$DW$251, DW_AT_bit_offset(0x07)
    2971                      .dwattr $C$DW$251, DW_AT_bit_size(0x01)
    2972                      .dwattr $C$DW$251, DW_AT_data_member_location[DW_OP_plus_uconst 0x1]
    2973                      .dwattr $C$DW$251, DW_AT_accessibility(DW_ACCESS_public)
    2974                      .dwattr $C$DW$251, DW_AT_decl_file("/home/jose/ti/c2000/C2000Ware_26_01_00_00/device_support/f2837xd/
    2975                      .dwattr $C$DW$251, DW_AT_decl_line(0xbf6)
    2976                      .dwattr $C$DW$251, DW_AT_decl_column(0x0c)
    2977              
    2978              $C$DW$252       .dwtag  DW_TAG_member
    2979                      .dwattr $C$DW$252, DW_AT_type(*$C$DW$T$19)
    2980                      .dwattr $C$DW$252, DW_AT_name("GPIO57")
    2981                      .dwattr $C$DW$252, DW_AT_bit_offset(0x06)
    2982                      .dwattr $C$DW$252, DW_AT_bit_size(0x01)
    2983                      .dwattr $C$DW$252, DW_AT_data_member_location[DW_OP_plus_uconst 0x1]
    2984                      .dwattr $C$DW$252, DW_AT_accessibility(DW_ACCESS_public)
    2985                      .dwattr $C$DW$252, DW_AT_decl_file("/home/jose/ti/c2000/C2000Ware_26_01_00_00/device_support/f2837xd/
    2986                      .dwattr $C$DW$252, DW_AT_decl_line(0xbf7)
    2987                      .dwattr $C$DW$252, DW_AT_decl_column(0x0c)
    2988              
    2989              $C$DW$253       .dwtag  DW_TAG_member
    2990                      .dwattr $C$DW$253, DW_AT_type(*$C$DW$T$19)
TMS320C2000 Assembler Unix v25.11.0 Sat May 30 20:22:51 2026

Copyright (c) 1996-2018 Texas Instruments Incorporated
drv8305.asm                                                          PAGE   56

    2991                      .dwattr $C$DW$253, DW_AT_name("GPIO58")
    2992                      .dwattr $C$DW$253, DW_AT_bit_offset(0x05)
    2993                      .dwattr $C$DW$253, DW_AT_bit_size(0x01)
    2994                      .dwattr $C$DW$253, DW_AT_data_member_location[DW_OP_plus_uconst 0x1]
    2995                      .dwattr $C$DW$253, DW_AT_accessibility(DW_ACCESS_public)
    2996                      .dwattr $C$DW$253, DW_AT_decl_file("/home/jose/ti/c2000/C2000Ware_26_01_00_00/device_support/f2837xd/
    2997                      .dwattr $C$DW$253, DW_AT_decl_line(0xbf8)
    2998                      .dwattr $C$DW$253, DW_AT_decl_column(0x0c)
    2999              
    3000              $C$DW$254       .dwtag  DW_TAG_member
    3001                      .dwattr $C$DW$254, DW_AT_type(*$C$DW$T$19)
    3002                      .dwattr $C$DW$254, DW_AT_name("GPIO59")
    3003                      .dwattr $C$DW$254, DW_AT_bit_offset(0x04)
    3004                      .dwattr $C$DW$254, DW_AT_bit_size(0x01)
    3005                      .dwattr $C$DW$254, DW_AT_data_member_location[DW_OP_plus_uconst 0x1]
    3006                      .dwattr $C$DW$254, DW_AT_accessibility(DW_ACCESS_public)
    3007                      .dwattr $C$DW$254, DW_AT_decl_file("/home/jose/ti/c2000/C2000Ware_26_01_00_00/device_support/f2837xd/
    3008                      .dwattr $C$DW$254, DW_AT_decl_line(0xbf9)
    3009                      .dwattr $C$DW$254, DW_AT_decl_column(0x0c)
    3010              
    3011              $C$DW$255       .dwtag  DW_TAG_member
    3012                      .dwattr $C$DW$255, DW_AT_type(*$C$DW$T$19)
    3013                      .dwattr $C$DW$255, DW_AT_name("GPIO60")
    3014                      .dwattr $C$DW$255, DW_AT_bit_offset(0x03)
    3015                      .dwattr $C$DW$255, DW_AT_bit_size(0x01)
    3016                      .dwattr $C$DW$255, DW_AT_data_member_location[DW_OP_plus_uconst 0x1]
    3017                      .dwattr $C$DW$255, DW_AT_accessibility(DW_ACCESS_public)
    3018                      .dwattr $C$DW$255, DW_AT_decl_file("/home/jose/ti/c2000/C2000Ware_26_01_00_00/device_support/f2837xd/
    3019                      .dwattr $C$DW$255, DW_AT_decl_line(0xbfa)
    3020                      .dwattr $C$DW$255, DW_AT_decl_column(0x0c)
    3021              
    3022              $C$DW$256       .dwtag  DW_TAG_member
    3023                      .dwattr $C$DW$256, DW_AT_type(*$C$DW$T$19)
    3024                      .dwattr $C$DW$256, DW_AT_name("GPIO61")
    3025                      .dwattr $C$DW$256, DW_AT_bit_offset(0x02)
    3026                      .dwattr $C$DW$256, DW_AT_bit_size(0x01)
    3027                      .dwattr $C$DW$256, DW_AT_data_member_location[DW_OP_plus_uconst 0x1]
    3028                      .dwattr $C$DW$256, DW_AT_accessibility(DW_ACCESS_public)
    3029                      .dwattr $C$DW$256, DW_AT_decl_file("/home/jose/ti/c2000/C2000Ware_26_01_00_00/device_support/f2837xd/
    3030                      .dwattr $C$DW$256, DW_AT_decl_line(0xbfb)
    3031                      .dwattr $C$DW$256, DW_AT_decl_column(0x0c)
    3032              
    3033              $C$DW$257       .dwtag  DW_TAG_member
    3034                      .dwattr $C$DW$257, DW_AT_type(*$C$DW$T$19)
    3035                      .dwattr $C$DW$257, DW_AT_name("GPIO62")
    3036                      .dwattr $C$DW$257, DW_AT_bit_offset(0x01)
    3037                      .dwattr $C$DW$257, DW_AT_bit_size(0x01)
    3038                      .dwattr $C$DW$257, DW_AT_data_member_location[DW_OP_plus_uconst 0x1]
    3039                      .dwattr $C$DW$257, DW_AT_accessibility(DW_ACCESS_public)
    3040                      .dwattr $C$DW$257, DW_AT_decl_file("/home/jose/ti/c2000/C2000Ware_26_01_00_00/device_support/f2837xd/
    3041                      .dwattr $C$DW$257, DW_AT_decl_line(0xbfc)
    3042                      .dwattr $C$DW$257, DW_AT_decl_column(0x0c)
    3043              
    3044              $C$DW$258       .dwtag  DW_TAG_member
    3045                      .dwattr $C$DW$258, DW_AT_type(*$C$DW$T$19)
TMS320C2000 Assembler Unix v25.11.0 Sat May 30 20:22:51 2026

Copyright (c) 1996-2018 Texas Instruments Incorporated
drv8305.asm                                                          PAGE   57

    3046                      .dwattr $C$DW$258, DW_AT_name("GPIO63")
    3047                      .dwattr $C$DW$258, DW_AT_bit_offset(0x00)
    3048                      .dwattr $C$DW$258, DW_AT_bit_size(0x01)
    3049                      .dwattr $C$DW$258, DW_AT_data_member_location[DW_OP_plus_uconst 0x1]
    3050                      .dwattr $C$DW$258, DW_AT_accessibility(DW_ACCESS_public)
    3051                      .dwattr $C$DW$258, DW_AT_decl_file("/home/jose/ti/c2000/C2000Ware_26_01_00_00/device_support/f2837xd/
    3052                      .dwattr $C$DW$258, DW_AT_decl_line(0xbfd)
    3053                      .dwattr $C$DW$258, DW_AT_decl_column(0x0c)
    3054              
    3055                      .dwattr $C$DW$T$31, DW_AT_decl_file("/home/jose/ti/c2000/C2000Ware_26_01_00_00/device_support/f2837xd
    3056                      .dwattr $C$DW$T$31, DW_AT_decl_line(0xbdd)
    3057                      .dwattr $C$DW$T$31, DW_AT_decl_column(0x08)
    3058                      .dwendtag $C$DW$T$31
    3059              
    3060                      .dwendtag $C$DW$TU$31
    3061              
    3062              
    3063              $C$DW$TU$32     .dwtag  DW_TAG_type_unit
    3064                      .dwmtype  $C$DW$T$32
    3065              
    3066              $C$DW$T$32      .dwtag  DW_TAG_union_type
    3067                      .dwattr $C$DW$T$32, DW_AT_name("GPBDAT_REG")
    3068                      .dwattr $C$DW$T$32, DW_AT_byte_size(0x02)
    3069              $C$DW$259       .dwtag  DW_TAG_member
    3070                      .dwattr $C$DW$259, DW_AT_type(*$C$DW$T$21)
    3071                      .dwattr $C$DW$259, DW_AT_name("all")
    3072                      .dwattr $C$DW$259, DW_AT_accessibility(DW_ACCESS_public)
    3073                      .dwattr $C$DW$259, DW_AT_decl_file("/home/jose/ti/c2000/C2000Ware_26_01_00_00/device_support/f2837xd/
    3074                      .dwattr $C$DW$259, DW_AT_decl_line(0xc01)
    3075                      .dwattr $C$DW$259, DW_AT_decl_column(0x0d)
    3076              
    3077              $C$DW$260       .dwtag  DW_TAG_member
    3078                      .dwattr $C$DW$260, DW_AT_type(*$C$DW$T$31)
    3079                      .dwattr $C$DW$260, DW_AT_name("bit")
    3080                      .dwattr $C$DW$260, DW_AT_accessibility(DW_ACCESS_public)
    3081                      .dwattr $C$DW$260, DW_AT_decl_file("/home/jose/ti/c2000/C2000Ware_26_01_00_00/device_support/f2837xd/
    3082                      .dwattr $C$DW$260, DW_AT_decl_line(0xc02)
    3083                      .dwattr $C$DW$260, DW_AT_decl_column(0x1a)
    3084              
    3085                      .dwattr $C$DW$T$32, DW_AT_decl_file("/home/jose/ti/c2000/C2000Ware_26_01_00_00/device_support/f2837xd
    3086                      .dwattr $C$DW$T$32, DW_AT_decl_line(0xc00)
    3087                      .dwattr $C$DW$T$32, DW_AT_decl_column(0x07)
    3088                      .dwendtag $C$DW$T$32
    3089              
    3090                      .dwendtag $C$DW$TU$32
    3091              
    3092              
    3093              $C$DW$TU$33     .dwtag  DW_TAG_type_unit
    3094                      .dwmtype  $C$DW$T$33
    3095              
    3096              $C$DW$T$33      .dwtag  DW_TAG_structure_type
    3097                      .dwattr $C$DW$T$33, DW_AT_name("GPBSET_BITS")
    3098                      .dwattr $C$DW$T$33, DW_AT_byte_size(0x02)
    3099              $C$DW$261       .dwtag  DW_TAG_member
    3100                      .dwattr $C$DW$261, DW_AT_type(*$C$DW$T$19)
TMS320C2000 Assembler Unix v25.11.0 Sat May 30 20:22:51 2026

Copyright (c) 1996-2018 Texas Instruments Incorporated
drv8305.asm                                                          PAGE   58

    3101                      .dwattr $C$DW$261, DW_AT_name("GPIO32")
    3102                      .dwattr $C$DW$261, DW_AT_bit_offset(0x0f)
    3103                      .dwattr $C$DW$261, DW_AT_bit_size(0x01)
    3104                      .dwattr $C$DW$261, DW_AT_accessibility(DW_ACCESS_public)
    3105                      .dwattr $C$DW$261, DW_AT_decl_file("/home/jose/ti/c2000/C2000Ware_26_01_00_00/device_support/f2837xd/
    3106                      .dwattr $C$DW$261, DW_AT_decl_line(0xc06)
    3107                      .dwattr $C$DW$261, DW_AT_decl_column(0x0c)
    3108              
    3109              $C$DW$262       .dwtag  DW_TAG_member
    3110                      .dwattr $C$DW$262, DW_AT_type(*$C$DW$T$19)
    3111                      .dwattr $C$DW$262, DW_AT_name("GPIO33")
    3112                      .dwattr $C$DW$262, DW_AT_bit_offset(0x0e)
    3113                      .dwattr $C$DW$262, DW_AT_bit_size(0x01)
    3114                      .dwattr $C$DW$262, DW_AT_accessibility(DW_ACCESS_public)
    3115                      .dwattr $C$DW$262, DW_AT_decl_file("/home/jose/ti/c2000/C2000Ware_26_01_00_00/device_support/f2837xd/
    3116                      .dwattr $C$DW$262, DW_AT_decl_line(0xc07)
    3117                      .dwattr $C$DW$262, DW_AT_decl_column(0x0c)
    3118              
    3119              $C$DW$263       .dwtag  DW_TAG_member
    3120                      .dwattr $C$DW$263, DW_AT_type(*$C$DW$T$19)
    3121                      .dwattr $C$DW$263, DW_AT_name("GPIO34")
    3122                      .dwattr $C$DW$263, DW_AT_bit_offset(0x0d)
    3123                      .dwattr $C$DW$263, DW_AT_bit_size(0x01)
    3124                      .dwattr $C$DW$263, DW_AT_accessibility(DW_ACCESS_public)
    3125                      .dwattr $C$DW$263, DW_AT_decl_file("/home/jose/ti/c2000/C2000Ware_26_01_00_00/device_support/f2837xd/
    3126                      .dwattr $C$DW$263, DW_AT_decl_line(0xc08)
    3127                      .dwattr $C$DW$263, DW_AT_decl_column(0x0c)
    3128              
    3129              $C$DW$264       .dwtag  DW_TAG_member
    3130                      .dwattr $C$DW$264, DW_AT_type(*$C$DW$T$19)
    3131                      .dwattr $C$DW$264, DW_AT_name("GPIO35")
    3132                      .dwattr $C$DW$264, DW_AT_bit_offset(0x0c)
    3133                      .dwattr $C$DW$264, DW_AT_bit_size(0x01)
    3134                      .dwattr $C$DW$264, DW_AT_accessibility(DW_ACCESS_public)
    3135                      .dwattr $C$DW$264, DW_AT_decl_file("/home/jose/ti/c2000/C2000Ware_26_01_00_00/device_support/f2837xd/
    3136                      .dwattr $C$DW$264, DW_AT_decl_line(0xc09)
    3137                      .dwattr $C$DW$264, DW_AT_decl_column(0x0c)
    3138              
    3139              $C$DW$265       .dwtag  DW_TAG_member
    3140                      .dwattr $C$DW$265, DW_AT_type(*$C$DW$T$19)
    3141                      .dwattr $C$DW$265, DW_AT_name("GPIO36")
    3142                      .dwattr $C$DW$265, DW_AT_bit_offset(0x0b)
    3143                      .dwattr $C$DW$265, DW_AT_bit_size(0x01)
    3144                      .dwattr $C$DW$265, DW_AT_accessibility(DW_ACCESS_public)
    3145                      .dwattr $C$DW$265, DW_AT_decl_file("/home/jose/ti/c2000/C2000Ware_26_01_00_00/device_support/f2837xd/
    3146                      .dwattr $C$DW$265, DW_AT_decl_line(0xc0a)
    3147                      .dwattr $C$DW$265, DW_AT_decl_column(0x0c)
    3148              
    3149              $C$DW$266       .dwtag  DW_TAG_member
    3150                      .dwattr $C$DW$266, DW_AT_type(*$C$DW$T$19)
    3151                      .dwattr $C$DW$266, DW_AT_name("GPIO37")
    3152                      .dwattr $C$DW$266, DW_AT_bit_offset(0x0a)
    3153                      .dwattr $C$DW$266, DW_AT_bit_size(0x01)
    3154                      .dwattr $C$DW$266, DW_AT_accessibility(DW_ACCESS_public)
    3155                      .dwattr $C$DW$266, DW_AT_decl_file("/home/jose/ti/c2000/C2000Ware_26_01_00_00/device_support/f2837xd/
TMS320C2000 Assembler Unix v25.11.0 Sat May 30 20:22:51 2026

Copyright (c) 1996-2018 Texas Instruments Incorporated
drv8305.asm                                                          PAGE   59

    3156                      .dwattr $C$DW$266, DW_AT_decl_line(0xc0b)
    3157                      .dwattr $C$DW$266, DW_AT_decl_column(0x0c)
    3158              
    3159              $C$DW$267       .dwtag  DW_TAG_member
    3160                      .dwattr $C$DW$267, DW_AT_type(*$C$DW$T$19)
    3161                      .dwattr $C$DW$267, DW_AT_name("GPIO38")
    3162                      .dwattr $C$DW$267, DW_AT_bit_offset(0x09)
    3163                      .dwattr $C$DW$267, DW_AT_bit_size(0x01)
    3164                      .dwattr $C$DW$267, DW_AT_accessibility(DW_ACCESS_public)
    3165                      .dwattr $C$DW$267, DW_AT_decl_file("/home/jose/ti/c2000/C2000Ware_26_01_00_00/device_support/f2837xd/
    3166                      .dwattr $C$DW$267, DW_AT_decl_line(0xc0c)
    3167                      .dwattr $C$DW$267, DW_AT_decl_column(0x0c)
    3168              
    3169              $C$DW$268       .dwtag  DW_TAG_member
    3170                      .dwattr $C$DW$268, DW_AT_type(*$C$DW$T$19)
    3171                      .dwattr $C$DW$268, DW_AT_name("GPIO39")
    3172                      .dwattr $C$DW$268, DW_AT_bit_offset(0x08)
    3173                      .dwattr $C$DW$268, DW_AT_bit_size(0x01)
    3174                      .dwattr $C$DW$268, DW_AT_accessibility(DW_ACCESS_public)
    3175                      .dwattr $C$DW$268, DW_AT_decl_file("/home/jose/ti/c2000/C2000Ware_26_01_00_00/device_support/f2837xd/
    3176                      .dwattr $C$DW$268, DW_AT_decl_line(0xc0d)
    3177                      .dwattr $C$DW$268, DW_AT_decl_column(0x0c)
    3178              
    3179              $C$DW$269       .dwtag  DW_TAG_member
    3180                      .dwattr $C$DW$269, DW_AT_type(*$C$DW$T$19)
    3181                      .dwattr $C$DW$269, DW_AT_name("GPIO40")
    3182                      .dwattr $C$DW$269, DW_AT_bit_offset(0x07)
    3183                      .dwattr $C$DW$269, DW_AT_bit_size(0x01)
    3184                      .dwattr $C$DW$269, DW_AT_accessibility(DW_ACCESS_public)
    3185                      .dwattr $C$DW$269, DW_AT_decl_file("/home/jose/ti/c2000/C2000Ware_26_01_00_00/device_support/f2837xd/
    3186                      .dwattr $C$DW$269, DW_AT_decl_line(0xc0e)
    3187                      .dwattr $C$DW$269, DW_AT_decl_column(0x0c)
    3188              
    3189              $C$DW$270       .dwtag  DW_TAG_member
    3190                      .dwattr $C$DW$270, DW_AT_type(*$C$DW$T$19)
    3191                      .dwattr $C$DW$270, DW_AT_name("GPIO41")
    3192                      .dwattr $C$DW$270, DW_AT_bit_offset(0x06)
    3193                      .dwattr $C$DW$270, DW_AT_bit_size(0x01)
    3194                      .dwattr $C$DW$270, DW_AT_accessibility(DW_ACCESS_public)
    3195                      .dwattr $C$DW$270, DW_AT_decl_file("/home/jose/ti/c2000/C2000Ware_26_01_00_00/device_support/f2837xd/
    3196                      .dwattr $C$DW$270, DW_AT_decl_line(0xc0f)
    3197                      .dwattr $C$DW$270, DW_AT_decl_column(0x0c)
    3198              
    3199              $C$DW$271       .dwtag  DW_TAG_member
    3200                      .dwattr $C$DW$271, DW_AT_type(*$C$DW$T$19)
    3201                      .dwattr $C$DW$271, DW_AT_name("GPIO42")
    3202                      .dwattr $C$DW$271, DW_AT_bit_offset(0x05)
    3203                      .dwattr $C$DW$271, DW_AT_bit_size(0x01)
    3204                      .dwattr $C$DW$271, DW_AT_accessibility(DW_ACCESS_public)
    3205                      .dwattr $C$DW$271, DW_AT_decl_file("/home/jose/ti/c2000/C2000Ware_26_01_00_00/device_support/f2837xd/
    3206                      .dwattr $C$DW$271, DW_AT_decl_line(0xc10)
    3207                      .dwattr $C$DW$271, DW_AT_decl_column(0x0c)
    3208              
    3209              $C$DW$272       .dwtag  DW_TAG_member
    3210                      .dwattr $C$DW$272, DW_AT_type(*$C$DW$T$19)
TMS320C2000 Assembler Unix v25.11.0 Sat May 30 20:22:51 2026

Copyright (c) 1996-2018 Texas Instruments Incorporated
drv8305.asm                                                          PAGE   60

    3211                      .dwattr $C$DW$272, DW_AT_name("GPIO43")
    3212                      .dwattr $C$DW$272, DW_AT_bit_offset(0x04)
    3213                      .dwattr $C$DW$272, DW_AT_bit_size(0x01)
    3214                      .dwattr $C$DW$272, DW_AT_accessibility(DW_ACCESS_public)
    3215                      .dwattr $C$DW$272, DW_AT_decl_file("/home/jose/ti/c2000/C2000Ware_26_01_00_00/device_support/f2837xd/
    3216                      .dwattr $C$DW$272, DW_AT_decl_line(0xc11)
    3217                      .dwattr $C$DW$272, DW_AT_decl_column(0x0c)
    3218              
    3219              $C$DW$273       .dwtag  DW_TAG_member
    3220                      .dwattr $C$DW$273, DW_AT_type(*$C$DW$T$19)
    3221                      .dwattr $C$DW$273, DW_AT_name("GPIO44")
    3222                      .dwattr $C$DW$273, DW_AT_bit_offset(0x03)
    3223                      .dwattr $C$DW$273, DW_AT_bit_size(0x01)
    3224                      .dwattr $C$DW$273, DW_AT_accessibility(DW_ACCESS_public)
    3225                      .dwattr $C$DW$273, DW_AT_decl_file("/home/jose/ti/c2000/C2000Ware_26_01_00_00/device_support/f2837xd/
    3226                      .dwattr $C$DW$273, DW_AT_decl_line(0xc12)
    3227                      .dwattr $C$DW$273, DW_AT_decl_column(0x0c)
    3228              
    3229              $C$DW$274       .dwtag  DW_TAG_member
    3230                      .dwattr $C$DW$274, DW_AT_type(*$C$DW$T$19)
    3231                      .dwattr $C$DW$274, DW_AT_name("GPIO45")
    3232                      .dwattr $C$DW$274, DW_AT_bit_offset(0x02)
    3233                      .dwattr $C$DW$274, DW_AT_bit_size(0x01)
    3234                      .dwattr $C$DW$274, DW_AT_accessibility(DW_ACCESS_public)
    3235                      .dwattr $C$DW$274, DW_AT_decl_file("/home/jose/ti/c2000/C2000Ware_26_01_00_00/device_support/f2837xd/
    3236                      .dwattr $C$DW$274, DW_AT_decl_line(0xc13)
    3237                      .dwattr $C$DW$274, DW_AT_decl_column(0x0c)
    3238              
    3239              $C$DW$275       .dwtag  DW_TAG_member
    3240                      .dwattr $C$DW$275, DW_AT_type(*$C$DW$T$19)
    3241                      .dwattr $C$DW$275, DW_AT_name("GPIO46")
    3242                      .dwattr $C$DW$275, DW_AT_bit_offset(0x01)
    3243                      .dwattr $C$DW$275, DW_AT_bit_size(0x01)
    3244                      .dwattr $C$DW$275, DW_AT_accessibility(DW_ACCESS_public)
    3245                      .dwattr $C$DW$275, DW_AT_decl_file("/home/jose/ti/c2000/C2000Ware_26_01_00_00/device_support/f2837xd/
    3246                      .dwattr $C$DW$275, DW_AT_decl_line(0xc14)
    3247                      .dwattr $C$DW$275, DW_AT_decl_column(0x0c)
    3248              
    3249              $C$DW$276       .dwtag  DW_TAG_member
    3250                      .dwattr $C$DW$276, DW_AT_type(*$C$DW$T$19)
    3251                      .dwattr $C$DW$276, DW_AT_name("GPIO47")
    3252                      .dwattr $C$DW$276, DW_AT_bit_offset(0x00)
    3253                      .dwattr $C$DW$276, DW_AT_bit_size(0x01)
    3254                      .dwattr $C$DW$276, DW_AT_accessibility(DW_ACCESS_public)
    3255                      .dwattr $C$DW$276, DW_AT_decl_file("/home/jose/ti/c2000/C2000Ware_26_01_00_00/device_support/f2837xd/
    3256                      .dwattr $C$DW$276, DW_AT_decl_line(0xc15)
    3257                      .dwattr $C$DW$276, DW_AT_decl_column(0x0c)
    3258              
    3259              $C$DW$277       .dwtag  DW_TAG_member
    3260                      .dwattr $C$DW$277, DW_AT_type(*$C$DW$T$19)
    3261                      .dwattr $C$DW$277, DW_AT_name("GPIO48")
    3262                      .dwattr $C$DW$277, DW_AT_bit_offset(0x0f)
    3263                      .dwattr $C$DW$277, DW_AT_bit_size(0x01)
    3264                      .dwattr $C$DW$277, DW_AT_data_member_location[DW_OP_plus_uconst 0x1]
    3265                      .dwattr $C$DW$277, DW_AT_accessibility(DW_ACCESS_public)
TMS320C2000 Assembler Unix v25.11.0 Sat May 30 20:22:51 2026

Copyright (c) 1996-2018 Texas Instruments Incorporated
drv8305.asm                                                          PAGE   61

    3266                      .dwattr $C$DW$277, DW_AT_decl_file("/home/jose/ti/c2000/C2000Ware_26_01_00_00/device_support/f2837xd/
    3267                      .dwattr $C$DW$277, DW_AT_decl_line(0xc16)
    3268                      .dwattr $C$DW$277, DW_AT_decl_column(0x0c)
    3269              
    3270              $C$DW$278       .dwtag  DW_TAG_member
    3271                      .dwattr $C$DW$278, DW_AT_type(*$C$DW$T$19)
    3272                      .dwattr $C$DW$278, DW_AT_name("GPIO49")
    3273                      .dwattr $C$DW$278, DW_AT_bit_offset(0x0e)
    3274                      .dwattr $C$DW$278, DW_AT_bit_size(0x01)
    3275                      .dwattr $C$DW$278, DW_AT_data_member_location[DW_OP_plus_uconst 0x1]
    3276                      .dwattr $C$DW$278, DW_AT_accessibility(DW_ACCESS_public)
    3277                      .dwattr $C$DW$278, DW_AT_decl_file("/home/jose/ti/c2000/C2000Ware_26_01_00_00/device_support/f2837xd/
    3278                      .dwattr $C$DW$278, DW_AT_decl_line(0xc17)
    3279                      .dwattr $C$DW$278, DW_AT_decl_column(0x0c)
    3280              
    3281              $C$DW$279       .dwtag  DW_TAG_member
    3282                      .dwattr $C$DW$279, DW_AT_type(*$C$DW$T$19)
    3283                      .dwattr $C$DW$279, DW_AT_name("GPIO50")
    3284                      .dwattr $C$DW$279, DW_AT_bit_offset(0x0d)
    3285                      .dwattr $C$DW$279, DW_AT_bit_size(0x01)
    3286                      .dwattr $C$DW$279, DW_AT_data_member_location[DW_OP_plus_uconst 0x1]
    3287                      .dwattr $C$DW$279, DW_AT_accessibility(DW_ACCESS_public)
    3288                      .dwattr $C$DW$279, DW_AT_decl_file("/home/jose/ti/c2000/C2000Ware_26_01_00_00/device_support/f2837xd/
    3289                      .dwattr $C$DW$279, DW_AT_decl_line(0xc18)
    3290                      .dwattr $C$DW$279, DW_AT_decl_column(0x0c)
    3291              
    3292              $C$DW$280       .dwtag  DW_TAG_member
    3293                      .dwattr $C$DW$280, DW_AT_type(*$C$DW$T$19)
    3294                      .dwattr $C$DW$280, DW_AT_name("GPIO51")
    3295                      .dwattr $C$DW$280, DW_AT_bit_offset(0x0c)
    3296                      .dwattr $C$DW$280, DW_AT_bit_size(0x01)
    3297                      .dwattr $C$DW$280, DW_AT_data_member_location[DW_OP_plus_uconst 0x1]
    3298                      .dwattr $C$DW$280, DW_AT_accessibility(DW_ACCESS_public)
    3299                      .dwattr $C$DW$280, DW_AT_decl_file("/home/jose/ti/c2000/C2000Ware_26_01_00_00/device_support/f2837xd/
    3300                      .dwattr $C$DW$280, DW_AT_decl_line(0xc19)
    3301                      .dwattr $C$DW$280, DW_AT_decl_column(0x0c)
    3302              
    3303              $C$DW$281       .dwtag  DW_TAG_member
    3304                      .dwattr $C$DW$281, DW_AT_type(*$C$DW$T$19)
    3305                      .dwattr $C$DW$281, DW_AT_name("GPIO52")
    3306                      .dwattr $C$DW$281, DW_AT_bit_offset(0x0b)
    3307                      .dwattr $C$DW$281, DW_AT_bit_size(0x01)
    3308                      .dwattr $C$DW$281, DW_AT_data_member_location[DW_OP_plus_uconst 0x1]
    3309                      .dwattr $C$DW$281, DW_AT_accessibility(DW_ACCESS_public)
    3310                      .dwattr $C$DW$281, DW_AT_decl_file("/home/jose/ti/c2000/C2000Ware_26_01_00_00/device_support/f2837xd/
    3311                      .dwattr $C$DW$281, DW_AT_decl_line(0xc1a)
    3312                      .dwattr $C$DW$281, DW_AT_decl_column(0x0c)
    3313              
    3314              $C$DW$282       .dwtag  DW_TAG_member
    3315                      .dwattr $C$DW$282, DW_AT_type(*$C$DW$T$19)
    3316                      .dwattr $C$DW$282, DW_AT_name("GPIO53")
    3317                      .dwattr $C$DW$282, DW_AT_bit_offset(0x0a)
    3318                      .dwattr $C$DW$282, DW_AT_bit_size(0x01)
    3319                      .dwattr $C$DW$282, DW_AT_data_member_location[DW_OP_plus_uconst 0x1]
    3320                      .dwattr $C$DW$282, DW_AT_accessibility(DW_ACCESS_public)
TMS320C2000 Assembler Unix v25.11.0 Sat May 30 20:22:51 2026

Copyright (c) 1996-2018 Texas Instruments Incorporated
drv8305.asm                                                          PAGE   62

    3321                      .dwattr $C$DW$282, DW_AT_decl_file("/home/jose/ti/c2000/C2000Ware_26_01_00_00/device_support/f2837xd/
    3322                      .dwattr $C$DW$282, DW_AT_decl_line(0xc1b)
    3323                      .dwattr $C$DW$282, DW_AT_decl_column(0x0c)
    3324              
    3325              $C$DW$283       .dwtag  DW_TAG_member
    3326                      .dwattr $C$DW$283, DW_AT_type(*$C$DW$T$19)
    3327                      .dwattr $C$DW$283, DW_AT_name("GPIO54")
    3328                      .dwattr $C$DW$283, DW_AT_bit_offset(0x09)
    3329                      .dwattr $C$DW$283, DW_AT_bit_size(0x01)
    3330                      .dwattr $C$DW$283, DW_AT_data_member_location[DW_OP_plus_uconst 0x1]
    3331                      .dwattr $C$DW$283, DW_AT_accessibility(DW_ACCESS_public)
    3332                      .dwattr $C$DW$283, DW_AT_decl_file("/home/jose/ti/c2000/C2000Ware_26_01_00_00/device_support/f2837xd/
    3333                      .dwattr $C$DW$283, DW_AT_decl_line(0xc1c)
    3334                      .dwattr $C$DW$283, DW_AT_decl_column(0x0c)
    3335              
    3336              $C$DW$284       .dwtag  DW_TAG_member
    3337                      .dwattr $C$DW$284, DW_AT_type(*$C$DW$T$19)
    3338                      .dwattr $C$DW$284, DW_AT_name("GPIO55")
    3339                      .dwattr $C$DW$284, DW_AT_bit_offset(0x08)
    3340                      .dwattr $C$DW$284, DW_AT_bit_size(0x01)
    3341                      .dwattr $C$DW$284, DW_AT_data_member_location[DW_OP_plus_uconst 0x1]
    3342                      .dwattr $C$DW$284, DW_AT_accessibility(DW_ACCESS_public)
    3343                      .dwattr $C$DW$284, DW_AT_decl_file("/home/jose/ti/c2000/C2000Ware_26_01_00_00/device_support/f2837xd/
    3344                      .dwattr $C$DW$284, DW_AT_decl_line(0xc1d)
    3345                      .dwattr $C$DW$284, DW_AT_decl_column(0x0c)
    3346              
    3347              $C$DW$285       .dwtag  DW_TAG_member
    3348                      .dwattr $C$DW$285, DW_AT_type(*$C$DW$T$19)
    3349                      .dwattr $C$DW$285, DW_AT_name("GPIO56")
    3350                      .dwattr $C$DW$285, DW_AT_bit_offset(0x07)
    3351                      .dwattr $C$DW$285, DW_AT_bit_size(0x01)
    3352                      .dwattr $C$DW$285, DW_AT_data_member_location[DW_OP_plus_uconst 0x1]
    3353                      .dwattr $C$DW$285, DW_AT_accessibility(DW_ACCESS_public)
    3354                      .dwattr $C$DW$285, DW_AT_decl_file("/home/jose/ti/c2000/C2000Ware_26_01_00_00/device_support/f2837xd/
    3355                      .dwattr $C$DW$285, DW_AT_decl_line(0xc1e)
    3356                      .dwattr $C$DW$285, DW_AT_decl_column(0x0c)
    3357              
    3358              $C$DW$286       .dwtag  DW_TAG_member
    3359                      .dwattr $C$DW$286, DW_AT_type(*$C$DW$T$19)
    3360                      .dwattr $C$DW$286, DW_AT_name("GPIO57")
    3361                      .dwattr $C$DW$286, DW_AT_bit_offset(0x06)
    3362                      .dwattr $C$DW$286, DW_AT_bit_size(0x01)
    3363                      .dwattr $C$DW$286, DW_AT_data_member_location[DW_OP_plus_uconst 0x1]
    3364                      .dwattr $C$DW$286, DW_AT_accessibility(DW_ACCESS_public)
    3365                      .dwattr $C$DW$286, DW_AT_decl_file("/home/jose/ti/c2000/C2000Ware_26_01_00_00/device_support/f2837xd/
    3366                      .dwattr $C$DW$286, DW_AT_decl_line(0xc1f)
    3367                      .dwattr $C$DW$286, DW_AT_decl_column(0x0c)
    3368              
    3369              $C$DW$287       .dwtag  DW_TAG_member
    3370                      .dwattr $C$DW$287, DW_AT_type(*$C$DW$T$19)
    3371                      .dwattr $C$DW$287, DW_AT_name("GPIO58")
    3372                      .dwattr $C$DW$287, DW_AT_bit_offset(0x05)
    3373                      .dwattr $C$DW$287, DW_AT_bit_size(0x01)
    3374                      .dwattr $C$DW$287, DW_AT_data_member_location[DW_OP_plus_uconst 0x1]
    3375                      .dwattr $C$DW$287, DW_AT_accessibility(DW_ACCESS_public)
TMS320C2000 Assembler Unix v25.11.0 Sat May 30 20:22:51 2026

Copyright (c) 1996-2018 Texas Instruments Incorporated
drv8305.asm                                                          PAGE   63

    3376                      .dwattr $C$DW$287, DW_AT_decl_file("/home/jose/ti/c2000/C2000Ware_26_01_00_00/device_support/f2837xd/
    3377                      .dwattr $C$DW$287, DW_AT_decl_line(0xc20)
    3378                      .dwattr $C$DW$287, DW_AT_decl_column(0x0c)
    3379              
    3380              $C$DW$288       .dwtag  DW_TAG_member
    3381                      .dwattr $C$DW$288, DW_AT_type(*$C$DW$T$19)
    3382                      .dwattr $C$DW$288, DW_AT_name("GPIO59")
    3383                      .dwattr $C$DW$288, DW_AT_bit_offset(0x04)
    3384                      .dwattr $C$DW$288, DW_AT_bit_size(0x01)
    3385                      .dwattr $C$DW$288, DW_AT_data_member_location[DW_OP_plus_uconst 0x1]
    3386                      .dwattr $C$DW$288, DW_AT_accessibility(DW_ACCESS_public)
    3387                      .dwattr $C$DW$288, DW_AT_decl_file("/home/jose/ti/c2000/C2000Ware_26_01_00_00/device_support/f2837xd/
    3388                      .dwattr $C$DW$288, DW_AT_decl_line(0xc21)
    3389                      .dwattr $C$DW$288, DW_AT_decl_column(0x0c)
    3390              
    3391              $C$DW$289       .dwtag  DW_TAG_member
    3392                      .dwattr $C$DW$289, DW_AT_type(*$C$DW$T$19)
    3393                      .dwattr $C$DW$289, DW_AT_name("GPIO60")
    3394                      .dwattr $C$DW$289, DW_AT_bit_offset(0x03)
    3395                      .dwattr $C$DW$289, DW_AT_bit_size(0x01)
    3396                      .dwattr $C$DW$289, DW_AT_data_member_location[DW_OP_plus_uconst 0x1]
    3397                      .dwattr $C$DW$289, DW_AT_accessibility(DW_ACCESS_public)
    3398                      .dwattr $C$DW$289, DW_AT_decl_file("/home/jose/ti/c2000/C2000Ware_26_01_00_00/device_support/f2837xd/
    3399                      .dwattr $C$DW$289, DW_AT_decl_line(0xc22)
    3400                      .dwattr $C$DW$289, DW_AT_decl_column(0x0c)
    3401              
    3402              $C$DW$290       .dwtag  DW_TAG_member
    3403                      .dwattr $C$DW$290, DW_AT_type(*$C$DW$T$19)
    3404                      .dwattr $C$DW$290, DW_AT_name("GPIO61")
    3405                      .dwattr $C$DW$290, DW_AT_bit_offset(0x02)
    3406                      .dwattr $C$DW$290, DW_AT_bit_size(0x01)
    3407                      .dwattr $C$DW$290, DW_AT_data_member_location[DW_OP_plus_uconst 0x1]
    3408                      .dwattr $C$DW$290, DW_AT_accessibility(DW_ACCESS_public)
    3409                      .dwattr $C$DW$290, DW_AT_decl_file("/home/jose/ti/c2000/C2000Ware_26_01_00_00/device_support/f2837xd/
    3410                      .dwattr $C$DW$290, DW_AT_decl_line(0xc23)
    3411                      .dwattr $C$DW$290, DW_AT_decl_column(0x0c)
    3412              
    3413              $C$DW$291       .dwtag  DW_TAG_member
    3414                      .dwattr $C$DW$291, DW_AT_type(*$C$DW$T$19)
    3415                      .dwattr $C$DW$291, DW_AT_name("GPIO62")
    3416                      .dwattr $C$DW$291, DW_AT_bit_offset(0x01)
    3417                      .dwattr $C$DW$291, DW_AT_bit_size(0x01)
    3418                      .dwattr $C$DW$291, DW_AT_data_member_location[DW_OP_plus_uconst 0x1]
    3419                      .dwattr $C$DW$291, DW_AT_accessibility(DW_ACCESS_public)
    3420                      .dwattr $C$DW$291, DW_AT_decl_file("/home/jose/ti/c2000/C2000Ware_26_01_00_00/device_support/f2837xd/
    3421                      .dwattr $C$DW$291, DW_AT_decl_line(0xc24)
    3422                      .dwattr $C$DW$291, DW_AT_decl_column(0x0c)
    3423              
    3424              $C$DW$292       .dwtag  DW_TAG_member
    3425                      .dwattr $C$DW$292, DW_AT_type(*$C$DW$T$19)
    3426                      .dwattr $C$DW$292, DW_AT_name("GPIO63")
    3427                      .dwattr $C$DW$292, DW_AT_bit_offset(0x00)
    3428                      .dwattr $C$DW$292, DW_AT_bit_size(0x01)
    3429                      .dwattr $C$DW$292, DW_AT_data_member_location[DW_OP_plus_uconst 0x1]
    3430                      .dwattr $C$DW$292, DW_AT_accessibility(DW_ACCESS_public)
TMS320C2000 Assembler Unix v25.11.0 Sat May 30 20:22:51 2026

Copyright (c) 1996-2018 Texas Instruments Incorporated
drv8305.asm                                                          PAGE   64

    3431                      .dwattr $C$DW$292, DW_AT_decl_file("/home/jose/ti/c2000/C2000Ware_26_01_00_00/device_support/f2837xd/
    3432                      .dwattr $C$DW$292, DW_AT_decl_line(0xc25)
    3433                      .dwattr $C$DW$292, DW_AT_decl_column(0x0c)
    3434              
    3435                      .dwattr $C$DW$T$33, DW_AT_decl_file("/home/jose/ti/c2000/C2000Ware_26_01_00_00/device_support/f2837xd
    3436                      .dwattr $C$DW$T$33, DW_AT_decl_line(0xc05)
    3437                      .dwattr $C$DW$T$33, DW_AT_decl_column(0x08)
    3438                      .dwendtag $C$DW$T$33
    3439              
    3440                      .dwendtag $C$DW$TU$33
    3441              
    3442              
    3443              $C$DW$TU$34     .dwtag  DW_TAG_type_unit
    3444                      .dwmtype  $C$DW$T$34
    3445              
    3446              $C$DW$T$34      .dwtag  DW_TAG_union_type
    3447                      .dwattr $C$DW$T$34, DW_AT_name("GPBSET_REG")
    3448                      .dwattr $C$DW$T$34, DW_AT_byte_size(0x02)
    3449              $C$DW$293       .dwtag  DW_TAG_member
    3450                      .dwattr $C$DW$293, DW_AT_type(*$C$DW$T$21)
    3451                      .dwattr $C$DW$293, DW_AT_name("all")
    3452                      .dwattr $C$DW$293, DW_AT_accessibility(DW_ACCESS_public)
    3453                      .dwattr $C$DW$293, DW_AT_decl_file("/home/jose/ti/c2000/C2000Ware_26_01_00_00/device_support/f2837xd/
    3454                      .dwattr $C$DW$293, DW_AT_decl_line(0xc29)
    3455                      .dwattr $C$DW$293, DW_AT_decl_column(0x0d)
    3456              
    3457              $C$DW$294       .dwtag  DW_TAG_member
    3458                      .dwattr $C$DW$294, DW_AT_type(*$C$DW$T$33)
    3459                      .dwattr $C$DW$294, DW_AT_name("bit")
    3460                      .dwattr $C$DW$294, DW_AT_accessibility(DW_ACCESS_public)
    3461                      .dwattr $C$DW$294, DW_AT_decl_file("/home/jose/ti/c2000/C2000Ware_26_01_00_00/device_support/f2837xd/
    3462                      .dwattr $C$DW$294, DW_AT_decl_line(0xc2a)
    3463                      .dwattr $C$DW$294, DW_AT_decl_column(0x1a)
    3464              
    3465                      .dwattr $C$DW$T$34, DW_AT_decl_file("/home/jose/ti/c2000/C2000Ware_26_01_00_00/device_support/f2837xd
    3466                      .dwattr $C$DW$T$34, DW_AT_decl_line(0xc28)
    3467                      .dwattr $C$DW$T$34, DW_AT_decl_column(0x07)
    3468                      .dwendtag $C$DW$T$34
    3469              
    3470                      .dwendtag $C$DW$TU$34
    3471              
    3472              
    3473              $C$DW$TU$35     .dwtag  DW_TAG_type_unit
    3474                      .dwmtype  $C$DW$T$35
    3475              
    3476              $C$DW$T$35      .dwtag  DW_TAG_structure_type
    3477                      .dwattr $C$DW$T$35, DW_AT_name("GPBTOGGLE_BITS")
    3478                      .dwattr $C$DW$T$35, DW_AT_byte_size(0x02)
    3479              $C$DW$295       .dwtag  DW_TAG_member
    3480                      .dwattr $C$DW$295, DW_AT_type(*$C$DW$T$19)
    3481                      .dwattr $C$DW$295, DW_AT_name("GPIO32")
    3482                      .dwattr $C$DW$295, DW_AT_bit_offset(0x0f)
    3483                      .dwattr $C$DW$295, DW_AT_bit_size(0x01)
    3484                      .dwattr $C$DW$295, DW_AT_accessibility(DW_ACCESS_public)
    3485                      .dwattr $C$DW$295, DW_AT_decl_file("/home/jose/ti/c2000/C2000Ware_26_01_00_00/device_support/f2837xd/
TMS320C2000 Assembler Unix v25.11.0 Sat May 30 20:22:51 2026

Copyright (c) 1996-2018 Texas Instruments Incorporated
drv8305.asm                                                          PAGE   65

    3486                      .dwattr $C$DW$295, DW_AT_decl_line(0xc56)
    3487                      .dwattr $C$DW$295, DW_AT_decl_column(0x0c)
    3488              
    3489              $C$DW$296       .dwtag  DW_TAG_member
    3490                      .dwattr $C$DW$296, DW_AT_type(*$C$DW$T$19)
    3491                      .dwattr $C$DW$296, DW_AT_name("GPIO33")
    3492                      .dwattr $C$DW$296, DW_AT_bit_offset(0x0e)
    3493                      .dwattr $C$DW$296, DW_AT_bit_size(0x01)
    3494                      .dwattr $C$DW$296, DW_AT_accessibility(DW_ACCESS_public)
    3495                      .dwattr $C$DW$296, DW_AT_decl_file("/home/jose/ti/c2000/C2000Ware_26_01_00_00/device_support/f2837xd/
    3496                      .dwattr $C$DW$296, DW_AT_decl_line(0xc57)
    3497                      .dwattr $C$DW$296, DW_AT_decl_column(0x0c)
    3498              
    3499              $C$DW$297       .dwtag  DW_TAG_member
    3500                      .dwattr $C$DW$297, DW_AT_type(*$C$DW$T$19)
    3501                      .dwattr $C$DW$297, DW_AT_name("GPIO34")
    3502                      .dwattr $C$DW$297, DW_AT_bit_offset(0x0d)
    3503                      .dwattr $C$DW$297, DW_AT_bit_size(0x01)
    3504                      .dwattr $C$DW$297, DW_AT_accessibility(DW_ACCESS_public)
    3505                      .dwattr $C$DW$297, DW_AT_decl_file("/home/jose/ti/c2000/C2000Ware_26_01_00_00/device_support/f2837xd/
    3506                      .dwattr $C$DW$297, DW_AT_decl_line(0xc58)
    3507                      .dwattr $C$DW$297, DW_AT_decl_column(0x0c)
    3508              
    3509              $C$DW$298       .dwtag  DW_TAG_member
    3510                      .dwattr $C$DW$298, DW_AT_type(*$C$DW$T$19)
    3511                      .dwattr $C$DW$298, DW_AT_name("GPIO35")
    3512                      .dwattr $C$DW$298, DW_AT_bit_offset(0x0c)
    3513                      .dwattr $C$DW$298, DW_AT_bit_size(0x01)
    3514                      .dwattr $C$DW$298, DW_AT_accessibility(DW_ACCESS_public)
    3515                      .dwattr $C$DW$298, DW_AT_decl_file("/home/jose/ti/c2000/C2000Ware_26_01_00_00/device_support/f2837xd/
    3516                      .dwattr $C$DW$298, DW_AT_decl_line(0xc59)
    3517                      .dwattr $C$DW$298, DW_AT_decl_column(0x0c)
    3518              
    3519              $C$DW$299       .dwtag  DW_TAG_member
    3520                      .dwattr $C$DW$299, DW_AT_type(*$C$DW$T$19)
    3521                      .dwattr $C$DW$299, DW_AT_name("GPIO36")
    3522                      .dwattr $C$DW$299, DW_AT_bit_offset(0x0b)
    3523                      .dwattr $C$DW$299, DW_AT_bit_size(0x01)
    3524                      .dwattr $C$DW$299, DW_AT_accessibility(DW_ACCESS_public)
    3525                      .dwattr $C$DW$299, DW_AT_decl_file("/home/jose/ti/c2000/C2000Ware_26_01_00_00/device_support/f2837xd/
    3526                      .dwattr $C$DW$299, DW_AT_decl_line(0xc5a)
    3527                      .dwattr $C$DW$299, DW_AT_decl_column(0x0c)
    3528              
    3529              $C$DW$300       .dwtag  DW_TAG_member
    3530                      .dwattr $C$DW$300, DW_AT_type(*$C$DW$T$19)
    3531                      .dwattr $C$DW$300, DW_AT_name("GPIO37")
    3532                      .dwattr $C$DW$300, DW_AT_bit_offset(0x0a)
    3533                      .dwattr $C$DW$300, DW_AT_bit_size(0x01)
    3534                      .dwattr $C$DW$300, DW_AT_accessibility(DW_ACCESS_public)
    3535                      .dwattr $C$DW$300, DW_AT_decl_file("/home/jose/ti/c2000/C2000Ware_26_01_00_00/device_support/f2837xd/
    3536                      .dwattr $C$DW$300, DW_AT_decl_line(0xc5b)
    3537                      .dwattr $C$DW$300, DW_AT_decl_column(0x0c)
    3538              
    3539              $C$DW$301       .dwtag  DW_TAG_member
    3540                      .dwattr $C$DW$301, DW_AT_type(*$C$DW$T$19)
TMS320C2000 Assembler Unix v25.11.0 Sat May 30 20:22:51 2026

Copyright (c) 1996-2018 Texas Instruments Incorporated
drv8305.asm                                                          PAGE   66

    3541                      .dwattr $C$DW$301, DW_AT_name("GPIO38")
    3542                      .dwattr $C$DW$301, DW_AT_bit_offset(0x09)
    3543                      .dwattr $C$DW$301, DW_AT_bit_size(0x01)
    3544                      .dwattr $C$DW$301, DW_AT_accessibility(DW_ACCESS_public)
    3545                      .dwattr $C$DW$301, DW_AT_decl_file("/home/jose/ti/c2000/C2000Ware_26_01_00_00/device_support/f2837xd/
    3546                      .dwattr $C$DW$301, DW_AT_decl_line(0xc5c)
    3547                      .dwattr $C$DW$301, DW_AT_decl_column(0x0c)
    3548              
    3549              $C$DW$302       .dwtag  DW_TAG_member
    3550                      .dwattr $C$DW$302, DW_AT_type(*$C$DW$T$19)
    3551                      .dwattr $C$DW$302, DW_AT_name("GPIO39")
    3552                      .dwattr $C$DW$302, DW_AT_bit_offset(0x08)
    3553                      .dwattr $C$DW$302, DW_AT_bit_size(0x01)
    3554                      .dwattr $C$DW$302, DW_AT_accessibility(DW_ACCESS_public)
    3555                      .dwattr $C$DW$302, DW_AT_decl_file("/home/jose/ti/c2000/C2000Ware_26_01_00_00/device_support/f2837xd/
    3556                      .dwattr $C$DW$302, DW_AT_decl_line(0xc5d)
    3557                      .dwattr $C$DW$302, DW_AT_decl_column(0x0c)
    3558              
    3559              $C$DW$303       .dwtag  DW_TAG_member
    3560                      .dwattr $C$DW$303, DW_AT_type(*$C$DW$T$19)
    3561                      .dwattr $C$DW$303, DW_AT_name("GPIO40")
    3562                      .dwattr $C$DW$303, DW_AT_bit_offset(0x07)
    3563                      .dwattr $C$DW$303, DW_AT_bit_size(0x01)
    3564                      .dwattr $C$DW$303, DW_AT_accessibility(DW_ACCESS_public)
    3565                      .dwattr $C$DW$303, DW_AT_decl_file("/home/jose/ti/c2000/C2000Ware_26_01_00_00/device_support/f2837xd/
    3566                      .dwattr $C$DW$303, DW_AT_decl_line(0xc5e)
    3567                      .dwattr $C$DW$303, DW_AT_decl_column(0x0c)
    3568              
    3569              $C$DW$304       .dwtag  DW_TAG_member
    3570                      .dwattr $C$DW$304, DW_AT_type(*$C$DW$T$19)
    3571                      .dwattr $C$DW$304, DW_AT_name("GPIO41")
    3572                      .dwattr $C$DW$304, DW_AT_bit_offset(0x06)
    3573                      .dwattr $C$DW$304, DW_AT_bit_size(0x01)
    3574                      .dwattr $C$DW$304, DW_AT_accessibility(DW_ACCESS_public)
    3575                      .dwattr $C$DW$304, DW_AT_decl_file("/home/jose/ti/c2000/C2000Ware_26_01_00_00/device_support/f2837xd/
    3576                      .dwattr $C$DW$304, DW_AT_decl_line(0xc5f)
    3577                      .dwattr $C$DW$304, DW_AT_decl_column(0x0c)
    3578              
    3579              $C$DW$305       .dwtag  DW_TAG_member
    3580                      .dwattr $C$DW$305, DW_AT_type(*$C$DW$T$19)
    3581                      .dwattr $C$DW$305, DW_AT_name("GPIO42")
    3582                      .dwattr $C$DW$305, DW_AT_bit_offset(0x05)
    3583                      .dwattr $C$DW$305, DW_AT_bit_size(0x01)
    3584                      .dwattr $C$DW$305, DW_AT_accessibility(DW_ACCESS_public)
    3585                      .dwattr $C$DW$305, DW_AT_decl_file("/home/jose/ti/c2000/C2000Ware_26_01_00_00/device_support/f2837xd/
    3586                      .dwattr $C$DW$305, DW_AT_decl_line(0xc60)
    3587                      .dwattr $C$DW$305, DW_AT_decl_column(0x0c)
    3588              
    3589              $C$DW$306       .dwtag  DW_TAG_member
    3590                      .dwattr $C$DW$306, DW_AT_type(*$C$DW$T$19)
    3591                      .dwattr $C$DW$306, DW_AT_name("GPIO43")
    3592                      .dwattr $C$DW$306, DW_AT_bit_offset(0x04)
    3593                      .dwattr $C$DW$306, DW_AT_bit_size(0x01)
    3594                      .dwattr $C$DW$306, DW_AT_accessibility(DW_ACCESS_public)
    3595                      .dwattr $C$DW$306, DW_AT_decl_file("/home/jose/ti/c2000/C2000Ware_26_01_00_00/device_support/f2837xd/
TMS320C2000 Assembler Unix v25.11.0 Sat May 30 20:22:51 2026

Copyright (c) 1996-2018 Texas Instruments Incorporated
drv8305.asm                                                          PAGE   67

    3596                      .dwattr $C$DW$306, DW_AT_decl_line(0xc61)
    3597                      .dwattr $C$DW$306, DW_AT_decl_column(0x0c)
    3598              
    3599              $C$DW$307       .dwtag  DW_TAG_member
    3600                      .dwattr $C$DW$307, DW_AT_type(*$C$DW$T$19)
    3601                      .dwattr $C$DW$307, DW_AT_name("GPIO44")
    3602                      .dwattr $C$DW$307, DW_AT_bit_offset(0x03)
    3603                      .dwattr $C$DW$307, DW_AT_bit_size(0x01)
    3604                      .dwattr $C$DW$307, DW_AT_accessibility(DW_ACCESS_public)
    3605                      .dwattr $C$DW$307, DW_AT_decl_file("/home/jose/ti/c2000/C2000Ware_26_01_00_00/device_support/f2837xd/
    3606                      .dwattr $C$DW$307, DW_AT_decl_line(0xc62)
    3607                      .dwattr $C$DW$307, DW_AT_decl_column(0x0c)
    3608              
    3609              $C$DW$308       .dwtag  DW_TAG_member
    3610                      .dwattr $C$DW$308, DW_AT_type(*$C$DW$T$19)
    3611                      .dwattr $C$DW$308, DW_AT_name("GPIO45")
    3612                      .dwattr $C$DW$308, DW_AT_bit_offset(0x02)
    3613                      .dwattr $C$DW$308, DW_AT_bit_size(0x01)
    3614                      .dwattr $C$DW$308, DW_AT_accessibility(DW_ACCESS_public)
    3615                      .dwattr $C$DW$308, DW_AT_decl_file("/home/jose/ti/c2000/C2000Ware_26_01_00_00/device_support/f2837xd/
    3616                      .dwattr $C$DW$308, DW_AT_decl_line(0xc63)
    3617                      .dwattr $C$DW$308, DW_AT_decl_column(0x0c)
    3618              
    3619              $C$DW$309       .dwtag  DW_TAG_member
    3620                      .dwattr $C$DW$309, DW_AT_type(*$C$DW$T$19)
    3621                      .dwattr $C$DW$309, DW_AT_name("GPIO46")
    3622                      .dwattr $C$DW$309, DW_AT_bit_offset(0x01)
    3623                      .dwattr $C$DW$309, DW_AT_bit_size(0x01)
    3624                      .dwattr $C$DW$309, DW_AT_accessibility(DW_ACCESS_public)
    3625                      .dwattr $C$DW$309, DW_AT_decl_file("/home/jose/ti/c2000/C2000Ware_26_01_00_00/device_support/f2837xd/
    3626                      .dwattr $C$DW$309, DW_AT_decl_line(0xc64)
    3627                      .dwattr $C$DW$309, DW_AT_decl_column(0x0c)
    3628              
    3629              $C$DW$310       .dwtag  DW_TAG_member
    3630                      .dwattr $C$DW$310, DW_AT_type(*$C$DW$T$19)
    3631                      .dwattr $C$DW$310, DW_AT_name("GPIO47")
    3632                      .dwattr $C$DW$310, DW_AT_bit_offset(0x00)
    3633                      .dwattr $C$DW$310, DW_AT_bit_size(0x01)
    3634                      .dwattr $C$DW$310, DW_AT_accessibility(DW_ACCESS_public)
    3635                      .dwattr $C$DW$310, DW_AT_decl_file("/home/jose/ti/c2000/C2000Ware_26_01_00_00/device_support/f2837xd/
    3636                      .dwattr $C$DW$310, DW_AT_decl_line(0xc65)
    3637                      .dwattr $C$DW$310, DW_AT_decl_column(0x0c)
    3638              
    3639              $C$DW$311       .dwtag  DW_TAG_member
    3640                      .dwattr $C$DW$311, DW_AT_type(*$C$DW$T$19)
    3641                      .dwattr $C$DW$311, DW_AT_name("GPIO48")
    3642                      .dwattr $C$DW$311, DW_AT_bit_offset(0x0f)
    3643                      .dwattr $C$DW$311, DW_AT_bit_size(0x01)
    3644                      .dwattr $C$DW$311, DW_AT_data_member_location[DW_OP_plus_uconst 0x1]
    3645                      .dwattr $C$DW$311, DW_AT_accessibility(DW_ACCESS_public)
    3646                      .dwattr $C$DW$311, DW_AT_decl_file("/home/jose/ti/c2000/C2000Ware_26_01_00_00/device_support/f2837xd/
    3647                      .dwattr $C$DW$311, DW_AT_decl_line(0xc66)
    3648                      .dwattr $C$DW$311, DW_AT_decl_column(0x0c)
    3649              
    3650              $C$DW$312       .dwtag  DW_TAG_member
TMS320C2000 Assembler Unix v25.11.0 Sat May 30 20:22:51 2026

Copyright (c) 1996-2018 Texas Instruments Incorporated
drv8305.asm                                                          PAGE   68

    3651                      .dwattr $C$DW$312, DW_AT_type(*$C$DW$T$19)
    3652                      .dwattr $C$DW$312, DW_AT_name("GPIO49")
    3653                      .dwattr $C$DW$312, DW_AT_bit_offset(0x0e)
    3654                      .dwattr $C$DW$312, DW_AT_bit_size(0x01)
    3655                      .dwattr $C$DW$312, DW_AT_data_member_location[DW_OP_plus_uconst 0x1]
    3656                      .dwattr $C$DW$312, DW_AT_accessibility(DW_ACCESS_public)
    3657                      .dwattr $C$DW$312, DW_AT_decl_file("/home/jose/ti/c2000/C2000Ware_26_01_00_00/device_support/f2837xd/
    3658                      .dwattr $C$DW$312, DW_AT_decl_line(0xc67)
    3659                      .dwattr $C$DW$312, DW_AT_decl_column(0x0c)
    3660              
    3661              $C$DW$313       .dwtag  DW_TAG_member
    3662                      .dwattr $C$DW$313, DW_AT_type(*$C$DW$T$19)
    3663                      .dwattr $C$DW$313, DW_AT_name("GPIO50")
    3664                      .dwattr $C$DW$313, DW_AT_bit_offset(0x0d)
    3665                      .dwattr $C$DW$313, DW_AT_bit_size(0x01)
    3666                      .dwattr $C$DW$313, DW_AT_data_member_location[DW_OP_plus_uconst 0x1]
    3667                      .dwattr $C$DW$313, DW_AT_accessibility(DW_ACCESS_public)
    3668                      .dwattr $C$DW$313, DW_AT_decl_file("/home/jose/ti/c2000/C2000Ware_26_01_00_00/device_support/f2837xd/
    3669                      .dwattr $C$DW$313, DW_AT_decl_line(0xc68)
    3670                      .dwattr $C$DW$313, DW_AT_decl_column(0x0c)
    3671              
    3672              $C$DW$314       .dwtag  DW_TAG_member
    3673                      .dwattr $C$DW$314, DW_AT_type(*$C$DW$T$19)
    3674                      .dwattr $C$DW$314, DW_AT_name("GPIO51")
    3675                      .dwattr $C$DW$314, DW_AT_bit_offset(0x0c)
    3676                      .dwattr $C$DW$314, DW_AT_bit_size(0x01)
    3677                      .dwattr $C$DW$314, DW_AT_data_member_location[DW_OP_plus_uconst 0x1]
    3678                      .dwattr $C$DW$314, DW_AT_accessibility(DW_ACCESS_public)
    3679                      .dwattr $C$DW$314, DW_AT_decl_file("/home/jose/ti/c2000/C2000Ware_26_01_00_00/device_support/f2837xd/
    3680                      .dwattr $C$DW$314, DW_AT_decl_line(0xc69)
    3681                      .dwattr $C$DW$314, DW_AT_decl_column(0x0c)
    3682              
    3683              $C$DW$315       .dwtag  DW_TAG_member
    3684                      .dwattr $C$DW$315, DW_AT_type(*$C$DW$T$19)
    3685                      .dwattr $C$DW$315, DW_AT_name("GPIO52")
    3686                      .dwattr $C$DW$315, DW_AT_bit_offset(0x0b)
    3687                      .dwattr $C$DW$315, DW_AT_bit_size(0x01)
    3688                      .dwattr $C$DW$315, DW_AT_data_member_location[DW_OP_plus_uconst 0x1]
    3689                      .dwattr $C$DW$315, DW_AT_accessibility(DW_ACCESS_public)
    3690                      .dwattr $C$DW$315, DW_AT_decl_file("/home/jose/ti/c2000/C2000Ware_26_01_00_00/device_support/f2837xd/
    3691                      .dwattr $C$DW$315, DW_AT_decl_line(0xc6a)
    3692                      .dwattr $C$DW$315, DW_AT_decl_column(0x0c)
    3693              
    3694              $C$DW$316       .dwtag  DW_TAG_member
    3695                      .dwattr $C$DW$316, DW_AT_type(*$C$DW$T$19)
    3696                      .dwattr $C$DW$316, DW_AT_name("GPIO53")
    3697                      .dwattr $C$DW$316, DW_AT_bit_offset(0x0a)
    3698                      .dwattr $C$DW$316, DW_AT_bit_size(0x01)
    3699                      .dwattr $C$DW$316, DW_AT_data_member_location[DW_OP_plus_uconst 0x1]
    3700                      .dwattr $C$DW$316, DW_AT_accessibility(DW_ACCESS_public)
    3701                      .dwattr $C$DW$316, DW_AT_decl_file("/home/jose/ti/c2000/C2000Ware_26_01_00_00/device_support/f2837xd/
    3702                      .dwattr $C$DW$316, DW_AT_decl_line(0xc6b)
    3703                      .dwattr $C$DW$316, DW_AT_decl_column(0x0c)
    3704              
    3705              $C$DW$317       .dwtag  DW_TAG_member
TMS320C2000 Assembler Unix v25.11.0 Sat May 30 20:22:51 2026

Copyright (c) 1996-2018 Texas Instruments Incorporated
drv8305.asm                                                          PAGE   69

    3706                      .dwattr $C$DW$317, DW_AT_type(*$C$DW$T$19)
    3707                      .dwattr $C$DW$317, DW_AT_name("GPIO54")
    3708                      .dwattr $C$DW$317, DW_AT_bit_offset(0x09)
    3709                      .dwattr $C$DW$317, DW_AT_bit_size(0x01)
    3710                      .dwattr $C$DW$317, DW_AT_data_member_location[DW_OP_plus_uconst 0x1]
    3711                      .dwattr $C$DW$317, DW_AT_accessibility(DW_ACCESS_public)
    3712                      .dwattr $C$DW$317, DW_AT_decl_file("/home/jose/ti/c2000/C2000Ware_26_01_00_00/device_support/f2837xd/
    3713                      .dwattr $C$DW$317, DW_AT_decl_line(0xc6c)
    3714                      .dwattr $C$DW$317, DW_AT_decl_column(0x0c)
    3715              
    3716              $C$DW$318       .dwtag  DW_TAG_member
    3717                      .dwattr $C$DW$318, DW_AT_type(*$C$DW$T$19)
    3718                      .dwattr $C$DW$318, DW_AT_name("GPIO55")
    3719                      .dwattr $C$DW$318, DW_AT_bit_offset(0x08)
    3720                      .dwattr $C$DW$318, DW_AT_bit_size(0x01)
    3721                      .dwattr $C$DW$318, DW_AT_data_member_location[DW_OP_plus_uconst 0x1]
    3722                      .dwattr $C$DW$318, DW_AT_accessibility(DW_ACCESS_public)
    3723                      .dwattr $C$DW$318, DW_AT_decl_file("/home/jose/ti/c2000/C2000Ware_26_01_00_00/device_support/f2837xd/
    3724                      .dwattr $C$DW$318, DW_AT_decl_line(0xc6d)
    3725                      .dwattr $C$DW$318, DW_AT_decl_column(0x0c)
    3726              
    3727              $C$DW$319       .dwtag  DW_TAG_member
    3728                      .dwattr $C$DW$319, DW_AT_type(*$C$DW$T$19)
    3729                      .dwattr $C$DW$319, DW_AT_name("GPIO56")
    3730                      .dwattr $C$DW$319, DW_AT_bit_offset(0x07)
    3731                      .dwattr $C$DW$319, DW_AT_bit_size(0x01)
    3732                      .dwattr $C$DW$319, DW_AT_data_member_location[DW_OP_plus_uconst 0x1]
    3733                      .dwattr $C$DW$319, DW_AT_accessibility(DW_ACCESS_public)
    3734                      .dwattr $C$DW$319, DW_AT_decl_file("/home/jose/ti/c2000/C2000Ware_26_01_00_00/device_support/f2837xd/
    3735                      .dwattr $C$DW$319, DW_AT_decl_line(0xc6e)
    3736                      .dwattr $C$DW$319, DW_AT_decl_column(0x0c)
    3737              
    3738              $C$DW$320       .dwtag  DW_TAG_member
    3739                      .dwattr $C$DW$320, DW_AT_type(*$C$DW$T$19)
    3740                      .dwattr $C$DW$320, DW_AT_name("GPIO57")
    3741                      .dwattr $C$DW$320, DW_AT_bit_offset(0x06)
    3742                      .dwattr $C$DW$320, DW_AT_bit_size(0x01)
    3743                      .dwattr $C$DW$320, DW_AT_data_member_location[DW_OP_plus_uconst 0x1]
    3744                      .dwattr $C$DW$320, DW_AT_accessibility(DW_ACCESS_public)
    3745                      .dwattr $C$DW$320, DW_AT_decl_file("/home/jose/ti/c2000/C2000Ware_26_01_00_00/device_support/f2837xd/
    3746                      .dwattr $C$DW$320, DW_AT_decl_line(0xc6f)
    3747                      .dwattr $C$DW$320, DW_AT_decl_column(0x0c)
    3748              
    3749              $C$DW$321       .dwtag  DW_TAG_member
    3750                      .dwattr $C$DW$321, DW_AT_type(*$C$DW$T$19)
    3751                      .dwattr $C$DW$321, DW_AT_name("GPIO58")
    3752                      .dwattr $C$DW$321, DW_AT_bit_offset(0x05)
    3753                      .dwattr $C$DW$321, DW_AT_bit_size(0x01)
    3754                      .dwattr $C$DW$321, DW_AT_data_member_location[DW_OP_plus_uconst 0x1]
    3755                      .dwattr $C$DW$321, DW_AT_accessibility(DW_ACCESS_public)
    3756                      .dwattr $C$DW$321, DW_AT_decl_file("/home/jose/ti/c2000/C2000Ware_26_01_00_00/device_support/f2837xd/
    3757                      .dwattr $C$DW$321, DW_AT_decl_line(0xc70)
    3758                      .dwattr $C$DW$321, DW_AT_decl_column(0x0c)
    3759              
    3760              $C$DW$322       .dwtag  DW_TAG_member
TMS320C2000 Assembler Unix v25.11.0 Sat May 30 20:22:51 2026

Copyright (c) 1996-2018 Texas Instruments Incorporated
drv8305.asm                                                          PAGE   70

    3761                      .dwattr $C$DW$322, DW_AT_type(*$C$DW$T$19)
    3762                      .dwattr $C$DW$322, DW_AT_name("GPIO59")
    3763                      .dwattr $C$DW$322, DW_AT_bit_offset(0x04)
    3764                      .dwattr $C$DW$322, DW_AT_bit_size(0x01)
    3765                      .dwattr $C$DW$322, DW_AT_data_member_location[DW_OP_plus_uconst 0x1]
    3766                      .dwattr $C$DW$322, DW_AT_accessibility(DW_ACCESS_public)
    3767                      .dwattr $C$DW$322, DW_AT_decl_file("/home/jose/ti/c2000/C2000Ware_26_01_00_00/device_support/f2837xd/
    3768                      .dwattr $C$DW$322, DW_AT_decl_line(0xc71)
    3769                      .dwattr $C$DW$322, DW_AT_decl_column(0x0c)
    3770              
    3771              $C$DW$323       .dwtag  DW_TAG_member
    3772                      .dwattr $C$DW$323, DW_AT_type(*$C$DW$T$19)
    3773                      .dwattr $C$DW$323, DW_AT_name("GPIO60")
    3774                      .dwattr $C$DW$323, DW_AT_bit_offset(0x03)
    3775                      .dwattr $C$DW$323, DW_AT_bit_size(0x01)
    3776                      .dwattr $C$DW$323, DW_AT_data_member_location[DW_OP_plus_uconst 0x1]
    3777                      .dwattr $C$DW$323, DW_AT_accessibility(DW_ACCESS_public)
    3778                      .dwattr $C$DW$323, DW_AT_decl_file("/home/jose/ti/c2000/C2000Ware_26_01_00_00/device_support/f2837xd/
    3779                      .dwattr $C$DW$323, DW_AT_decl_line(0xc72)
    3780                      .dwattr $C$DW$323, DW_AT_decl_column(0x0c)
    3781              
    3782              $C$DW$324       .dwtag  DW_TAG_member
    3783                      .dwattr $C$DW$324, DW_AT_type(*$C$DW$T$19)
    3784                      .dwattr $C$DW$324, DW_AT_name("GPIO61")
    3785                      .dwattr $C$DW$324, DW_AT_bit_offset(0x02)
    3786                      .dwattr $C$DW$324, DW_AT_bit_size(0x01)
    3787                      .dwattr $C$DW$324, DW_AT_data_member_location[DW_OP_plus_uconst 0x1]
    3788                      .dwattr $C$DW$324, DW_AT_accessibility(DW_ACCESS_public)
    3789                      .dwattr $C$DW$324, DW_AT_decl_file("/home/jose/ti/c2000/C2000Ware_26_01_00_00/device_support/f2837xd/
    3790                      .dwattr $C$DW$324, DW_AT_decl_line(0xc73)
    3791                      .dwattr $C$DW$324, DW_AT_decl_column(0x0c)
    3792              
    3793              $C$DW$325       .dwtag  DW_TAG_member
    3794                      .dwattr $C$DW$325, DW_AT_type(*$C$DW$T$19)
    3795                      .dwattr $C$DW$325, DW_AT_name("GPIO62")
    3796                      .dwattr $C$DW$325, DW_AT_bit_offset(0x01)
    3797                      .dwattr $C$DW$325, DW_AT_bit_size(0x01)
    3798                      .dwattr $C$DW$325, DW_AT_data_member_location[DW_OP_plus_uconst 0x1]
    3799                      .dwattr $C$DW$325, DW_AT_accessibility(DW_ACCESS_public)
    3800                      .dwattr $C$DW$325, DW_AT_decl_file("/home/jose/ti/c2000/C2000Ware_26_01_00_00/device_support/f2837xd/
    3801                      .dwattr $C$DW$325, DW_AT_decl_line(0xc74)
    3802                      .dwattr $C$DW$325, DW_AT_decl_column(0x0c)
    3803              
    3804              $C$DW$326       .dwtag  DW_TAG_member
    3805                      .dwattr $C$DW$326, DW_AT_type(*$C$DW$T$19)
    3806                      .dwattr $C$DW$326, DW_AT_name("GPIO63")
    3807                      .dwattr $C$DW$326, DW_AT_bit_offset(0x00)
    3808                      .dwattr $C$DW$326, DW_AT_bit_size(0x01)
    3809                      .dwattr $C$DW$326, DW_AT_data_member_location[DW_OP_plus_uconst 0x1]
    3810                      .dwattr $C$DW$326, DW_AT_accessibility(DW_ACCESS_public)
    3811                      .dwattr $C$DW$326, DW_AT_decl_file("/home/jose/ti/c2000/C2000Ware_26_01_00_00/device_support/f2837xd/
    3812                      .dwattr $C$DW$326, DW_AT_decl_line(0xc75)
    3813                      .dwattr $C$DW$326, DW_AT_decl_column(0x0c)
    3814              
    3815                      .dwattr $C$DW$T$35, DW_AT_decl_file("/home/jose/ti/c2000/C2000Ware_26_01_00_00/device_support/f2837xd
TMS320C2000 Assembler Unix v25.11.0 Sat May 30 20:22:51 2026

Copyright (c) 1996-2018 Texas Instruments Incorporated
drv8305.asm                                                          PAGE   71

    3816                      .dwattr $C$DW$T$35, DW_AT_decl_line(0xc55)
    3817                      .dwattr $C$DW$T$35, DW_AT_decl_column(0x08)
    3818                      .dwendtag $C$DW$T$35
    3819              
    3820                      .dwendtag $C$DW$TU$35
    3821              
    3822              
    3823              $C$DW$TU$36     .dwtag  DW_TAG_type_unit
    3824                      .dwmtype  $C$DW$T$36
    3825              
    3826              $C$DW$T$36      .dwtag  DW_TAG_union_type
    3827                      .dwattr $C$DW$T$36, DW_AT_name("GPBTOGGLE_REG")
    3828                      .dwattr $C$DW$T$36, DW_AT_byte_size(0x02)
    3829              $C$DW$327       .dwtag  DW_TAG_member
    3830                      .dwattr $C$DW$327, DW_AT_type(*$C$DW$T$21)
    3831                      .dwattr $C$DW$327, DW_AT_name("all")
    3832                      .dwattr $C$DW$327, DW_AT_accessibility(DW_ACCESS_public)
    3833                      .dwattr $C$DW$327, DW_AT_decl_file("/home/jose/ti/c2000/C2000Ware_26_01_00_00/device_support/f2837xd/
    3834                      .dwattr $C$DW$327, DW_AT_decl_line(0xc79)
    3835                      .dwattr $C$DW$327, DW_AT_decl_column(0x0d)
    3836              
    3837              $C$DW$328       .dwtag  DW_TAG_member
    3838                      .dwattr $C$DW$328, DW_AT_type(*$C$DW$T$35)
    3839                      .dwattr $C$DW$328, DW_AT_name("bit")
    3840                      .dwattr $C$DW$328, DW_AT_accessibility(DW_ACCESS_public)
    3841                      .dwattr $C$DW$328, DW_AT_decl_file("/home/jose/ti/c2000/C2000Ware_26_01_00_00/device_support/f2837xd/
    3842                      .dwattr $C$DW$328, DW_AT_decl_line(0xc7a)
    3843                      .dwattr $C$DW$328, DW_AT_decl_column(0x1d)
    3844              
    3845                      .dwattr $C$DW$T$36, DW_AT_decl_file("/home/jose/ti/c2000/C2000Ware_26_01_00_00/device_support/f2837xd
    3846                      .dwattr $C$DW$T$36, DW_AT_decl_line(0xc78)
    3847                      .dwattr $C$DW$T$36, DW_AT_decl_column(0x07)
    3848                      .dwendtag $C$DW$T$36
    3849              
    3850                      .dwendtag $C$DW$TU$36
    3851              
    3852              
    3853              $C$DW$TU$37     .dwtag  DW_TAG_type_unit
    3854                      .dwmtype  $C$DW$T$37
    3855              
    3856              $C$DW$T$37      .dwtag  DW_TAG_structure_type
    3857                      .dwattr $C$DW$T$37, DW_AT_name("GPCCLEAR_BITS")
    3858                      .dwattr $C$DW$T$37, DW_AT_byte_size(0x02)
    3859              $C$DW$329       .dwtag  DW_TAG_member
    3860                      .dwattr $C$DW$329, DW_AT_type(*$C$DW$T$19)
    3861                      .dwattr $C$DW$329, DW_AT_name("GPIO64")
    3862                      .dwattr $C$DW$329, DW_AT_bit_offset(0x0f)
    3863                      .dwattr $C$DW$329, DW_AT_bit_size(0x01)
    3864                      .dwattr $C$DW$329, DW_AT_accessibility(DW_ACCESS_public)
    3865                      .dwattr $C$DW$329, DW_AT_decl_file("/home/jose/ti/c2000/C2000Ware_26_01_00_00/device_support/f2837xd/
    3866                      .dwattr $C$DW$329, DW_AT_decl_line(0xcce)
    3867                      .dwattr $C$DW$329, DW_AT_decl_column(0x0c)
    3868              
    3869              $C$DW$330       .dwtag  DW_TAG_member
    3870                      .dwattr $C$DW$330, DW_AT_type(*$C$DW$T$19)
TMS320C2000 Assembler Unix v25.11.0 Sat May 30 20:22:51 2026

Copyright (c) 1996-2018 Texas Instruments Incorporated
drv8305.asm                                                          PAGE   72

    3871                      .dwattr $C$DW$330, DW_AT_name("GPIO65")
    3872                      .dwattr $C$DW$330, DW_AT_bit_offset(0x0e)
    3873                      .dwattr $C$DW$330, DW_AT_bit_size(0x01)
    3874                      .dwattr $C$DW$330, DW_AT_accessibility(DW_ACCESS_public)
    3875                      .dwattr $C$DW$330, DW_AT_decl_file("/home/jose/ti/c2000/C2000Ware_26_01_00_00/device_support/f2837xd/
    3876                      .dwattr $C$DW$330, DW_AT_decl_line(0xccf)
    3877                      .dwattr $C$DW$330, DW_AT_decl_column(0x0c)
    3878              
    3879              $C$DW$331       .dwtag  DW_TAG_member
    3880                      .dwattr $C$DW$331, DW_AT_type(*$C$DW$T$19)
    3881                      .dwattr $C$DW$331, DW_AT_name("GPIO66")
    3882                      .dwattr $C$DW$331, DW_AT_bit_offset(0x0d)
    3883                      .dwattr $C$DW$331, DW_AT_bit_size(0x01)
    3884                      .dwattr $C$DW$331, DW_AT_accessibility(DW_ACCESS_public)
    3885                      .dwattr $C$DW$331, DW_AT_decl_file("/home/jose/ti/c2000/C2000Ware_26_01_00_00/device_support/f2837xd/
    3886                      .dwattr $C$DW$331, DW_AT_decl_line(0xcd0)
    3887                      .dwattr $C$DW$331, DW_AT_decl_column(0x0c)
    3888              
    3889              $C$DW$332       .dwtag  DW_TAG_member
    3890                      .dwattr $C$DW$332, DW_AT_type(*$C$DW$T$19)
    3891                      .dwattr $C$DW$332, DW_AT_name("GPIO67")
    3892                      .dwattr $C$DW$332, DW_AT_bit_offset(0x0c)
    3893                      .dwattr $C$DW$332, DW_AT_bit_size(0x01)
    3894                      .dwattr $C$DW$332, DW_AT_accessibility(DW_ACCESS_public)
    3895                      .dwattr $C$DW$332, DW_AT_decl_file("/home/jose/ti/c2000/C2000Ware_26_01_00_00/device_support/f2837xd/
    3896                      .dwattr $C$DW$332, DW_AT_decl_line(0xcd1)
    3897                      .dwattr $C$DW$332, DW_AT_decl_column(0x0c)
    3898              
    3899              $C$DW$333       .dwtag  DW_TAG_member
    3900                      .dwattr $C$DW$333, DW_AT_type(*$C$DW$T$19)
    3901                      .dwattr $C$DW$333, DW_AT_name("GPIO68")
    3902                      .dwattr $C$DW$333, DW_AT_bit_offset(0x0b)
    3903                      .dwattr $C$DW$333, DW_AT_bit_size(0x01)
    3904                      .dwattr $C$DW$333, DW_AT_accessibility(DW_ACCESS_public)
    3905                      .dwattr $C$DW$333, DW_AT_decl_file("/home/jose/ti/c2000/C2000Ware_26_01_00_00/device_support/f2837xd/
    3906                      .dwattr $C$DW$333, DW_AT_decl_line(0xcd2)
    3907                      .dwattr $C$DW$333, DW_AT_decl_column(0x0c)
    3908              
    3909              $C$DW$334       .dwtag  DW_TAG_member
    3910                      .dwattr $C$DW$334, DW_AT_type(*$C$DW$T$19)
    3911                      .dwattr $C$DW$334, DW_AT_name("GPIO69")
    3912                      .dwattr $C$DW$334, DW_AT_bit_offset(0x0a)
    3913                      .dwattr $C$DW$334, DW_AT_bit_size(0x01)
    3914                      .dwattr $C$DW$334, DW_AT_accessibility(DW_ACCESS_public)
    3915                      .dwattr $C$DW$334, DW_AT_decl_file("/home/jose/ti/c2000/C2000Ware_26_01_00_00/device_support/f2837xd/
    3916                      .dwattr $C$DW$334, DW_AT_decl_line(0xcd3)
    3917                      .dwattr $C$DW$334, DW_AT_decl_column(0x0c)
    3918              
    3919              $C$DW$335       .dwtag  DW_TAG_member
    3920                      .dwattr $C$DW$335, DW_AT_type(*$C$DW$T$19)
    3921                      .dwattr $C$DW$335, DW_AT_name("GPIO70")
    3922                      .dwattr $C$DW$335, DW_AT_bit_offset(0x09)
    3923                      .dwattr $C$DW$335, DW_AT_bit_size(0x01)
    3924                      .dwattr $C$DW$335, DW_AT_accessibility(DW_ACCESS_public)
    3925                      .dwattr $C$DW$335, DW_AT_decl_file("/home/jose/ti/c2000/C2000Ware_26_01_00_00/device_support/f2837xd/
TMS320C2000 Assembler Unix v25.11.0 Sat May 30 20:22:51 2026

Copyright (c) 1996-2018 Texas Instruments Incorporated
drv8305.asm                                                          PAGE   73

    3926                      .dwattr $C$DW$335, DW_AT_decl_line(0xcd4)
    3927                      .dwattr $C$DW$335, DW_AT_decl_column(0x0c)
    3928              
    3929              $C$DW$336       .dwtag  DW_TAG_member
    3930                      .dwattr $C$DW$336, DW_AT_type(*$C$DW$T$19)
    3931                      .dwattr $C$DW$336, DW_AT_name("GPIO71")
    3932                      .dwattr $C$DW$336, DW_AT_bit_offset(0x08)
    3933                      .dwattr $C$DW$336, DW_AT_bit_size(0x01)
    3934                      .dwattr $C$DW$336, DW_AT_accessibility(DW_ACCESS_public)
    3935                      .dwattr $C$DW$336, DW_AT_decl_file("/home/jose/ti/c2000/C2000Ware_26_01_00_00/device_support/f2837xd/
    3936                      .dwattr $C$DW$336, DW_AT_decl_line(0xcd5)
    3937                      .dwattr $C$DW$336, DW_AT_decl_column(0x0c)
    3938              
    3939              $C$DW$337       .dwtag  DW_TAG_member
    3940                      .dwattr $C$DW$337, DW_AT_type(*$C$DW$T$19)
    3941                      .dwattr $C$DW$337, DW_AT_name("GPIO72")
    3942                      .dwattr $C$DW$337, DW_AT_bit_offset(0x07)
    3943                      .dwattr $C$DW$337, DW_AT_bit_size(0x01)
    3944                      .dwattr $C$DW$337, DW_AT_accessibility(DW_ACCESS_public)
    3945                      .dwattr $C$DW$337, DW_AT_decl_file("/home/jose/ti/c2000/C2000Ware_26_01_00_00/device_support/f2837xd/
    3946                      .dwattr $C$DW$337, DW_AT_decl_line(0xcd6)
    3947                      .dwattr $C$DW$337, DW_AT_decl_column(0x0c)
    3948              
    3949              $C$DW$338       .dwtag  DW_TAG_member
    3950                      .dwattr $C$DW$338, DW_AT_type(*$C$DW$T$19)
    3951                      .dwattr $C$DW$338, DW_AT_name("GPIO73")
    3952                      .dwattr $C$DW$338, DW_AT_bit_offset(0x06)
    3953                      .dwattr $C$DW$338, DW_AT_bit_size(0x01)
    3954                      .dwattr $C$DW$338, DW_AT_accessibility(DW_ACCESS_public)
    3955                      .dwattr $C$DW$338, DW_AT_decl_file("/home/jose/ti/c2000/C2000Ware_26_01_00_00/device_support/f2837xd/
    3956                      .dwattr $C$DW$338, DW_AT_decl_line(0xcd7)
    3957                      .dwattr $C$DW$338, DW_AT_decl_column(0x0c)
    3958              
    3959              $C$DW$339       .dwtag  DW_TAG_member
    3960                      .dwattr $C$DW$339, DW_AT_type(*$C$DW$T$19)
    3961                      .dwattr $C$DW$339, DW_AT_name("GPIO74")
    3962                      .dwattr $C$DW$339, DW_AT_bit_offset(0x05)
    3963                      .dwattr $C$DW$339, DW_AT_bit_size(0x01)
    3964                      .dwattr $C$DW$339, DW_AT_accessibility(DW_ACCESS_public)
    3965                      .dwattr $C$DW$339, DW_AT_decl_file("/home/jose/ti/c2000/C2000Ware_26_01_00_00/device_support/f2837xd/
    3966                      .dwattr $C$DW$339, DW_AT_decl_line(0xcd8)
    3967                      .dwattr $C$DW$339, DW_AT_decl_column(0x0c)
    3968              
    3969              $C$DW$340       .dwtag  DW_TAG_member
    3970                      .dwattr $C$DW$340, DW_AT_type(*$C$DW$T$19)
    3971                      .dwattr $C$DW$340, DW_AT_name("GPIO75")
    3972                      .dwattr $C$DW$340, DW_AT_bit_offset(0x04)
    3973                      .dwattr $C$DW$340, DW_AT_bit_size(0x01)
    3974                      .dwattr $C$DW$340, DW_AT_accessibility(DW_ACCESS_public)
    3975                      .dwattr $C$DW$340, DW_AT_decl_file("/home/jose/ti/c2000/C2000Ware_26_01_00_00/device_support/f2837xd/
    3976                      .dwattr $C$DW$340, DW_AT_decl_line(0xcd9)
    3977                      .dwattr $C$DW$340, DW_AT_decl_column(0x0c)
    3978              
    3979              $C$DW$341       .dwtag  DW_TAG_member
    3980                      .dwattr $C$DW$341, DW_AT_type(*$C$DW$T$19)
TMS320C2000 Assembler Unix v25.11.0 Sat May 30 20:22:51 2026

Copyright (c) 1996-2018 Texas Instruments Incorporated
drv8305.asm                                                          PAGE   74

    3981                      .dwattr $C$DW$341, DW_AT_name("GPIO76")
    3982                      .dwattr $C$DW$341, DW_AT_bit_offset(0x03)
    3983                      .dwattr $C$DW$341, DW_AT_bit_size(0x01)
    3984                      .dwattr $C$DW$341, DW_AT_accessibility(DW_ACCESS_public)
    3985                      .dwattr $C$DW$341, DW_AT_decl_file("/home/jose/ti/c2000/C2000Ware_26_01_00_00/device_support/f2837xd/
    3986                      .dwattr $C$DW$341, DW_AT_decl_line(0xcda)
    3987                      .dwattr $C$DW$341, DW_AT_decl_column(0x0c)
    3988              
    3989              $C$DW$342       .dwtag  DW_TAG_member
    3990                      .dwattr $C$DW$342, DW_AT_type(*$C$DW$T$19)
    3991                      .dwattr $C$DW$342, DW_AT_name("GPIO77")
    3992                      .dwattr $C$DW$342, DW_AT_bit_offset(0x02)
    3993                      .dwattr $C$DW$342, DW_AT_bit_size(0x01)
    3994                      .dwattr $C$DW$342, DW_AT_accessibility(DW_ACCESS_public)
    3995                      .dwattr $C$DW$342, DW_AT_decl_file("/home/jose/ti/c2000/C2000Ware_26_01_00_00/device_support/f2837xd/
    3996                      .dwattr $C$DW$342, DW_AT_decl_line(0xcdb)
    3997                      .dwattr $C$DW$342, DW_AT_decl_column(0x0c)
    3998              
    3999              $C$DW$343       .dwtag  DW_TAG_member
    4000                      .dwattr $C$DW$343, DW_AT_type(*$C$DW$T$19)
    4001                      .dwattr $C$DW$343, DW_AT_name("GPIO78")
    4002                      .dwattr $C$DW$343, DW_AT_bit_offset(0x01)
    4003                      .dwattr $C$DW$343, DW_AT_bit_size(0x01)
    4004                      .dwattr $C$DW$343, DW_AT_accessibility(DW_ACCESS_public)
    4005                      .dwattr $C$DW$343, DW_AT_decl_file("/home/jose/ti/c2000/C2000Ware_26_01_00_00/device_support/f2837xd/
    4006                      .dwattr $C$DW$343, DW_AT_decl_line(0xcdc)
    4007                      .dwattr $C$DW$343, DW_AT_decl_column(0x0c)
    4008              
    4009              $C$DW$344       .dwtag  DW_TAG_member
    4010                      .dwattr $C$DW$344, DW_AT_type(*$C$DW$T$19)
    4011                      .dwattr $C$DW$344, DW_AT_name("GPIO79")
    4012                      .dwattr $C$DW$344, DW_AT_bit_offset(0x00)
    4013                      .dwattr $C$DW$344, DW_AT_bit_size(0x01)
    4014                      .dwattr $C$DW$344, DW_AT_accessibility(DW_ACCESS_public)
    4015                      .dwattr $C$DW$344, DW_AT_decl_file("/home/jose/ti/c2000/C2000Ware_26_01_00_00/device_support/f2837xd/
    4016                      .dwattr $C$DW$344, DW_AT_decl_line(0xcdd)
    4017                      .dwattr $C$DW$344, DW_AT_decl_column(0x0c)
    4018              
    4019              $C$DW$345       .dwtag  DW_TAG_member
    4020                      .dwattr $C$DW$345, DW_AT_type(*$C$DW$T$19)
    4021                      .dwattr $C$DW$345, DW_AT_name("GPIO80")
    4022                      .dwattr $C$DW$345, DW_AT_bit_offset(0x0f)
    4023                      .dwattr $C$DW$345, DW_AT_bit_size(0x01)
    4024                      .dwattr $C$DW$345, DW_AT_data_member_location[DW_OP_plus_uconst 0x1]
    4025                      .dwattr $C$DW$345, DW_AT_accessibility(DW_ACCESS_public)
    4026                      .dwattr $C$DW$345, DW_AT_decl_file("/home/jose/ti/c2000/C2000Ware_26_01_00_00/device_support/f2837xd/
    4027                      .dwattr $C$DW$345, DW_AT_decl_line(0xcde)
    4028                      .dwattr $C$DW$345, DW_AT_decl_column(0x0c)
    4029              
    4030              $C$DW$346       .dwtag  DW_TAG_member
    4031                      .dwattr $C$DW$346, DW_AT_type(*$C$DW$T$19)
    4032                      .dwattr $C$DW$346, DW_AT_name("GPIO81")
    4033                      .dwattr $C$DW$346, DW_AT_bit_offset(0x0e)
    4034                      .dwattr $C$DW$346, DW_AT_bit_size(0x01)
    4035                      .dwattr $C$DW$346, DW_AT_data_member_location[DW_OP_plus_uconst 0x1]
TMS320C2000 Assembler Unix v25.11.0 Sat May 30 20:22:51 2026

Copyright (c) 1996-2018 Texas Instruments Incorporated
drv8305.asm                                                          PAGE   75

    4036                      .dwattr $C$DW$346, DW_AT_accessibility(DW_ACCESS_public)
    4037                      .dwattr $C$DW$346, DW_AT_decl_file("/home/jose/ti/c2000/C2000Ware_26_01_00_00/device_support/f2837xd/
    4038                      .dwattr $C$DW$346, DW_AT_decl_line(0xcdf)
    4039                      .dwattr $C$DW$346, DW_AT_decl_column(0x0c)
    4040              
    4041              $C$DW$347       .dwtag  DW_TAG_member
    4042                      .dwattr $C$DW$347, DW_AT_type(*$C$DW$T$19)
    4043                      .dwattr $C$DW$347, DW_AT_name("GPIO82")
    4044                      .dwattr $C$DW$347, DW_AT_bit_offset(0x0d)
    4045                      .dwattr $C$DW$347, DW_AT_bit_size(0x01)
    4046                      .dwattr $C$DW$347, DW_AT_data_member_location[DW_OP_plus_uconst 0x1]
    4047                      .dwattr $C$DW$347, DW_AT_accessibility(DW_ACCESS_public)
    4048                      .dwattr $C$DW$347, DW_AT_decl_file("/home/jose/ti/c2000/C2000Ware_26_01_00_00/device_support/f2837xd/
    4049                      .dwattr $C$DW$347, DW_AT_decl_line(0xce0)
    4050                      .dwattr $C$DW$347, DW_AT_decl_column(0x0c)
    4051              
    4052              $C$DW$348       .dwtag  DW_TAG_member
    4053                      .dwattr $C$DW$348, DW_AT_type(*$C$DW$T$19)
    4054                      .dwattr $C$DW$348, DW_AT_name("GPIO83")
    4055                      .dwattr $C$DW$348, DW_AT_bit_offset(0x0c)
    4056                      .dwattr $C$DW$348, DW_AT_bit_size(0x01)
    4057                      .dwattr $C$DW$348, DW_AT_data_member_location[DW_OP_plus_uconst 0x1]
    4058                      .dwattr $C$DW$348, DW_AT_accessibility(DW_ACCESS_public)
    4059                      .dwattr $C$DW$348, DW_AT_decl_file("/home/jose/ti/c2000/C2000Ware_26_01_00_00/device_support/f2837xd/
    4060                      .dwattr $C$DW$348, DW_AT_decl_line(0xce1)
    4061                      .dwattr $C$DW$348, DW_AT_decl_column(0x0c)
    4062              
    4063              $C$DW$349       .dwtag  DW_TAG_member
    4064                      .dwattr $C$DW$349, DW_AT_type(*$C$DW$T$19)
    4065                      .dwattr $C$DW$349, DW_AT_name("GPIO84")
    4066                      .dwattr $C$DW$349, DW_AT_bit_offset(0x0b)
    4067                      .dwattr $C$DW$349, DW_AT_bit_size(0x01)
    4068                      .dwattr $C$DW$349, DW_AT_data_member_location[DW_OP_plus_uconst 0x1]
    4069                      .dwattr $C$DW$349, DW_AT_accessibility(DW_ACCESS_public)
    4070                      .dwattr $C$DW$349, DW_AT_decl_file("/home/jose/ti/c2000/C2000Ware_26_01_00_00/device_support/f2837xd/
    4071                      .dwattr $C$DW$349, DW_AT_decl_line(0xce2)
    4072                      .dwattr $C$DW$349, DW_AT_decl_column(0x0c)
    4073              
    4074              $C$DW$350       .dwtag  DW_TAG_member
    4075                      .dwattr $C$DW$350, DW_AT_type(*$C$DW$T$19)
    4076                      .dwattr $C$DW$350, DW_AT_name("GPIO85")
    4077                      .dwattr $C$DW$350, DW_AT_bit_offset(0x0a)
    4078                      .dwattr $C$DW$350, DW_AT_bit_size(0x01)
    4079                      .dwattr $C$DW$350, DW_AT_data_member_location[DW_OP_plus_uconst 0x1]
    4080                      .dwattr $C$DW$350, DW_AT_accessibility(DW_ACCESS_public)
    4081                      .dwattr $C$DW$350, DW_AT_decl_file("/home/jose/ti/c2000/C2000Ware_26_01_00_00/device_support/f2837xd/
    4082                      .dwattr $C$DW$350, DW_AT_decl_line(0xce3)
    4083                      .dwattr $C$DW$350, DW_AT_decl_column(0x0c)
    4084              
    4085              $C$DW$351       .dwtag  DW_TAG_member
    4086                      .dwattr $C$DW$351, DW_AT_type(*$C$DW$T$19)
    4087                      .dwattr $C$DW$351, DW_AT_name("GPIO86")
    4088                      .dwattr $C$DW$351, DW_AT_bit_offset(0x09)
    4089                      .dwattr $C$DW$351, DW_AT_bit_size(0x01)
    4090                      .dwattr $C$DW$351, DW_AT_data_member_location[DW_OP_plus_uconst 0x1]
TMS320C2000 Assembler Unix v25.11.0 Sat May 30 20:22:51 2026

Copyright (c) 1996-2018 Texas Instruments Incorporated
drv8305.asm                                                          PAGE   76

    4091                      .dwattr $C$DW$351, DW_AT_accessibility(DW_ACCESS_public)
    4092                      .dwattr $C$DW$351, DW_AT_decl_file("/home/jose/ti/c2000/C2000Ware_26_01_00_00/device_support/f2837xd/
    4093                      .dwattr $C$DW$351, DW_AT_decl_line(0xce4)
    4094                      .dwattr $C$DW$351, DW_AT_decl_column(0x0c)
    4095              
    4096              $C$DW$352       .dwtag  DW_TAG_member
    4097                      .dwattr $C$DW$352, DW_AT_type(*$C$DW$T$19)
    4098                      .dwattr $C$DW$352, DW_AT_name("GPIO87")
    4099                      .dwattr $C$DW$352, DW_AT_bit_offset(0x08)
    4100                      .dwattr $C$DW$352, DW_AT_bit_size(0x01)
    4101                      .dwattr $C$DW$352, DW_AT_data_member_location[DW_OP_plus_uconst 0x1]
    4102                      .dwattr $C$DW$352, DW_AT_accessibility(DW_ACCESS_public)
    4103                      .dwattr $C$DW$352, DW_AT_decl_file("/home/jose/ti/c2000/C2000Ware_26_01_00_00/device_support/f2837xd/
    4104                      .dwattr $C$DW$352, DW_AT_decl_line(0xce5)
    4105                      .dwattr $C$DW$352, DW_AT_decl_column(0x0c)
    4106              
    4107              $C$DW$353       .dwtag  DW_TAG_member
    4108                      .dwattr $C$DW$353, DW_AT_type(*$C$DW$T$19)
    4109                      .dwattr $C$DW$353, DW_AT_name("GPIO88")
    4110                      .dwattr $C$DW$353, DW_AT_bit_offset(0x07)
    4111                      .dwattr $C$DW$353, DW_AT_bit_size(0x01)
    4112                      .dwattr $C$DW$353, DW_AT_data_member_location[DW_OP_plus_uconst 0x1]
    4113                      .dwattr $C$DW$353, DW_AT_accessibility(DW_ACCESS_public)
    4114                      .dwattr $C$DW$353, DW_AT_decl_file("/home/jose/ti/c2000/C2000Ware_26_01_00_00/device_support/f2837xd/
    4115                      .dwattr $C$DW$353, DW_AT_decl_line(0xce6)
    4116                      .dwattr $C$DW$353, DW_AT_decl_column(0x0c)
    4117              
    4118              $C$DW$354       .dwtag  DW_TAG_member
    4119                      .dwattr $C$DW$354, DW_AT_type(*$C$DW$T$19)
    4120                      .dwattr $C$DW$354, DW_AT_name("GPIO89")
    4121                      .dwattr $C$DW$354, DW_AT_bit_offset(0x06)
    4122                      .dwattr $C$DW$354, DW_AT_bit_size(0x01)
    4123                      .dwattr $C$DW$354, DW_AT_data_member_location[DW_OP_plus_uconst 0x1]
    4124                      .dwattr $C$DW$354, DW_AT_accessibility(DW_ACCESS_public)
    4125                      .dwattr $C$DW$354, DW_AT_decl_file("/home/jose/ti/c2000/C2000Ware_26_01_00_00/device_support/f2837xd/
    4126                      .dwattr $C$DW$354, DW_AT_decl_line(0xce7)
    4127                      .dwattr $C$DW$354, DW_AT_decl_column(0x0c)
    4128              
    4129              $C$DW$355       .dwtag  DW_TAG_member
    4130                      .dwattr $C$DW$355, DW_AT_type(*$C$DW$T$19)
    4131                      .dwattr $C$DW$355, DW_AT_name("GPIO90")
    4132                      .dwattr $C$DW$355, DW_AT_bit_offset(0x05)
    4133                      .dwattr $C$DW$355, DW_AT_bit_size(0x01)
    4134                      .dwattr $C$DW$355, DW_AT_data_member_location[DW_OP_plus_uconst 0x1]
    4135                      .dwattr $C$DW$355, DW_AT_accessibility(DW_ACCESS_public)
    4136                      .dwattr $C$DW$355, DW_AT_decl_file("/home/jose/ti/c2000/C2000Ware_26_01_00_00/device_support/f2837xd/
    4137                      .dwattr $C$DW$355, DW_AT_decl_line(0xce8)
    4138                      .dwattr $C$DW$355, DW_AT_decl_column(0x0c)
    4139              
    4140              $C$DW$356       .dwtag  DW_TAG_member
    4141                      .dwattr $C$DW$356, DW_AT_type(*$C$DW$T$19)
    4142                      .dwattr $C$DW$356, DW_AT_name("GPIO91")
    4143                      .dwattr $C$DW$356, DW_AT_bit_offset(0x04)
    4144                      .dwattr $C$DW$356, DW_AT_bit_size(0x01)
    4145                      .dwattr $C$DW$356, DW_AT_data_member_location[DW_OP_plus_uconst 0x1]
TMS320C2000 Assembler Unix v25.11.0 Sat May 30 20:22:51 2026

Copyright (c) 1996-2018 Texas Instruments Incorporated
drv8305.asm                                                          PAGE   77

    4146                      .dwattr $C$DW$356, DW_AT_accessibility(DW_ACCESS_public)
    4147                      .dwattr $C$DW$356, DW_AT_decl_file("/home/jose/ti/c2000/C2000Ware_26_01_00_00/device_support/f2837xd/
    4148                      .dwattr $C$DW$356, DW_AT_decl_line(0xce9)
    4149                      .dwattr $C$DW$356, DW_AT_decl_column(0x0c)
    4150              
    4151              $C$DW$357       .dwtag  DW_TAG_member
    4152                      .dwattr $C$DW$357, DW_AT_type(*$C$DW$T$19)
    4153                      .dwattr $C$DW$357, DW_AT_name("GPIO92")
    4154                      .dwattr $C$DW$357, DW_AT_bit_offset(0x03)
    4155                      .dwattr $C$DW$357, DW_AT_bit_size(0x01)
    4156                      .dwattr $C$DW$357, DW_AT_data_member_location[DW_OP_plus_uconst 0x1]
    4157                      .dwattr $C$DW$357, DW_AT_accessibility(DW_ACCESS_public)
    4158                      .dwattr $C$DW$357, DW_AT_decl_file("/home/jose/ti/c2000/C2000Ware_26_01_00_00/device_support/f2837xd/
    4159                      .dwattr $C$DW$357, DW_AT_decl_line(0xcea)
    4160                      .dwattr $C$DW$357, DW_AT_decl_column(0x0c)
    4161              
    4162              $C$DW$358       .dwtag  DW_TAG_member
    4163                      .dwattr $C$DW$358, DW_AT_type(*$C$DW$T$19)
    4164                      .dwattr $C$DW$358, DW_AT_name("GPIO93")
    4165                      .dwattr $C$DW$358, DW_AT_bit_offset(0x02)
    4166                      .dwattr $C$DW$358, DW_AT_bit_size(0x01)
    4167                      .dwattr $C$DW$358, DW_AT_data_member_location[DW_OP_plus_uconst 0x1]
    4168                      .dwattr $C$DW$358, DW_AT_accessibility(DW_ACCESS_public)
    4169                      .dwattr $C$DW$358, DW_AT_decl_file("/home/jose/ti/c2000/C2000Ware_26_01_00_00/device_support/f2837xd/
    4170                      .dwattr $C$DW$358, DW_AT_decl_line(0xceb)
    4171                      .dwattr $C$DW$358, DW_AT_decl_column(0x0c)
    4172              
    4173              $C$DW$359       .dwtag  DW_TAG_member
    4174                      .dwattr $C$DW$359, DW_AT_type(*$C$DW$T$19)
    4175                      .dwattr $C$DW$359, DW_AT_name("GPIO94")
    4176                      .dwattr $C$DW$359, DW_AT_bit_offset(0x01)
    4177                      .dwattr $C$DW$359, DW_AT_bit_size(0x01)
    4178                      .dwattr $C$DW$359, DW_AT_data_member_location[DW_OP_plus_uconst 0x1]
    4179                      .dwattr $C$DW$359, DW_AT_accessibility(DW_ACCESS_public)
    4180                      .dwattr $C$DW$359, DW_AT_decl_file("/home/jose/ti/c2000/C2000Ware_26_01_00_00/device_support/f2837xd/
    4181                      .dwattr $C$DW$359, DW_AT_decl_line(0xcec)
    4182                      .dwattr $C$DW$359, DW_AT_decl_column(0x0c)
    4183              
    4184              $C$DW$360       .dwtag  DW_TAG_member
    4185                      .dwattr $C$DW$360, DW_AT_type(*$C$DW$T$19)
    4186                      .dwattr $C$DW$360, DW_AT_name("GPIO95")
    4187                      .dwattr $C$DW$360, DW_AT_bit_offset(0x00)
    4188                      .dwattr $C$DW$360, DW_AT_bit_size(0x01)
    4189                      .dwattr $C$DW$360, DW_AT_data_member_location[DW_OP_plus_uconst 0x1]
    4190                      .dwattr $C$DW$360, DW_AT_accessibility(DW_ACCESS_public)
    4191                      .dwattr $C$DW$360, DW_AT_decl_file("/home/jose/ti/c2000/C2000Ware_26_01_00_00/device_support/f2837xd/
    4192                      .dwattr $C$DW$360, DW_AT_decl_line(0xced)
    4193                      .dwattr $C$DW$360, DW_AT_decl_column(0x0c)
    4194              
    4195                      .dwattr $C$DW$T$37, DW_AT_decl_file("/home/jose/ti/c2000/C2000Ware_26_01_00_00/device_support/f2837xd
    4196                      .dwattr $C$DW$T$37, DW_AT_decl_line(0xccd)
    4197                      .dwattr $C$DW$T$37, DW_AT_decl_column(0x08)
    4198                      .dwendtag $C$DW$T$37
    4199              
    4200                      .dwendtag $C$DW$TU$37
TMS320C2000 Assembler Unix v25.11.0 Sat May 30 20:22:51 2026

Copyright (c) 1996-2018 Texas Instruments Incorporated
drv8305.asm                                                          PAGE   78

    4201              
    4202              
    4203              $C$DW$TU$38     .dwtag  DW_TAG_type_unit
    4204                      .dwmtype  $C$DW$T$38
    4205              
    4206              $C$DW$T$38      .dwtag  DW_TAG_union_type
    4207                      .dwattr $C$DW$T$38, DW_AT_name("GPCCLEAR_REG")
    4208                      .dwattr $C$DW$T$38, DW_AT_byte_size(0x02)
    4209              $C$DW$361       .dwtag  DW_TAG_member
    4210                      .dwattr $C$DW$361, DW_AT_type(*$C$DW$T$21)
    4211                      .dwattr $C$DW$361, DW_AT_name("all")
    4212                      .dwattr $C$DW$361, DW_AT_accessibility(DW_ACCESS_public)
    4213                      .dwattr $C$DW$361, DW_AT_decl_file("/home/jose/ti/c2000/C2000Ware_26_01_00_00/device_support/f2837xd/
    4214                      .dwattr $C$DW$361, DW_AT_decl_line(0xcf1)
    4215                      .dwattr $C$DW$361, DW_AT_decl_column(0x0d)
    4216              
    4217              $C$DW$362       .dwtag  DW_TAG_member
    4218                      .dwattr $C$DW$362, DW_AT_type(*$C$DW$T$37)
    4219                      .dwattr $C$DW$362, DW_AT_name("bit")
    4220                      .dwattr $C$DW$362, DW_AT_accessibility(DW_ACCESS_public)
    4221                      .dwattr $C$DW$362, DW_AT_decl_file("/home/jose/ti/c2000/C2000Ware_26_01_00_00/device_support/f2837xd/
    4222                      .dwattr $C$DW$362, DW_AT_decl_line(0xcf2)
    4223                      .dwattr $C$DW$362, DW_AT_decl_column(0x1c)
    4224              
    4225                      .dwattr $C$DW$T$38, DW_AT_decl_file("/home/jose/ti/c2000/C2000Ware_26_01_00_00/device_support/f2837xd
    4226                      .dwattr $C$DW$T$38, DW_AT_decl_line(0xcf0)
    4227                      .dwattr $C$DW$T$38, DW_AT_decl_column(0x07)
    4228                      .dwendtag $C$DW$T$38
    4229              
    4230                      .dwendtag $C$DW$TU$38
    4231              
    4232              
    4233              $C$DW$TU$39     .dwtag  DW_TAG_type_unit
    4234                      .dwmtype  $C$DW$T$39
    4235              
    4236              $C$DW$T$39      .dwtag  DW_TAG_structure_type
    4237                      .dwattr $C$DW$T$39, DW_AT_name("GPCDAT_BITS")
    4238                      .dwattr $C$DW$T$39, DW_AT_byte_size(0x02)
    4239              $C$DW$363       .dwtag  DW_TAG_member
    4240                      .dwattr $C$DW$363, DW_AT_type(*$C$DW$T$19)
    4241                      .dwattr $C$DW$363, DW_AT_name("GPIO64")
    4242                      .dwattr $C$DW$363, DW_AT_bit_offset(0x0f)
    4243                      .dwattr $C$DW$363, DW_AT_bit_size(0x01)
    4244                      .dwattr $C$DW$363, DW_AT_accessibility(DW_ACCESS_public)
    4245                      .dwattr $C$DW$363, DW_AT_decl_file("/home/jose/ti/c2000/C2000Ware_26_01_00_00/device_support/f2837xd/
    4246                      .dwattr $C$DW$363, DW_AT_decl_line(0xc7e)
    4247                      .dwattr $C$DW$363, DW_AT_decl_column(0x0c)
    4248              
    4249              $C$DW$364       .dwtag  DW_TAG_member
    4250                      .dwattr $C$DW$364, DW_AT_type(*$C$DW$T$19)
    4251                      .dwattr $C$DW$364, DW_AT_name("GPIO65")
    4252                      .dwattr $C$DW$364, DW_AT_bit_offset(0x0e)
    4253                      .dwattr $C$DW$364, DW_AT_bit_size(0x01)
    4254                      .dwattr $C$DW$364, DW_AT_accessibility(DW_ACCESS_public)
    4255                      .dwattr $C$DW$364, DW_AT_decl_file("/home/jose/ti/c2000/C2000Ware_26_01_00_00/device_support/f2837xd/
TMS320C2000 Assembler Unix v25.11.0 Sat May 30 20:22:51 2026

Copyright (c) 1996-2018 Texas Instruments Incorporated
drv8305.asm                                                          PAGE   79

    4256                      .dwattr $C$DW$364, DW_AT_decl_line(0xc7f)
    4257                      .dwattr $C$DW$364, DW_AT_decl_column(0x0c)
    4258              
    4259              $C$DW$365       .dwtag  DW_TAG_member
    4260                      .dwattr $C$DW$365, DW_AT_type(*$C$DW$T$19)
    4261                      .dwattr $C$DW$365, DW_AT_name("GPIO66")
    4262                      .dwattr $C$DW$365, DW_AT_bit_offset(0x0d)
    4263                      .dwattr $C$DW$365, DW_AT_bit_size(0x01)
    4264                      .dwattr $C$DW$365, DW_AT_accessibility(DW_ACCESS_public)
    4265                      .dwattr $C$DW$365, DW_AT_decl_file("/home/jose/ti/c2000/C2000Ware_26_01_00_00/device_support/f2837xd/
    4266                      .dwattr $C$DW$365, DW_AT_decl_line(0xc80)
    4267                      .dwattr $C$DW$365, DW_AT_decl_column(0x0c)
    4268              
    4269              $C$DW$366       .dwtag  DW_TAG_member
    4270                      .dwattr $C$DW$366, DW_AT_type(*$C$DW$T$19)
    4271                      .dwattr $C$DW$366, DW_AT_name("GPIO67")
    4272                      .dwattr $C$DW$366, DW_AT_bit_offset(0x0c)
    4273                      .dwattr $C$DW$366, DW_AT_bit_size(0x01)
    4274                      .dwattr $C$DW$366, DW_AT_accessibility(DW_ACCESS_public)
    4275                      .dwattr $C$DW$366, DW_AT_decl_file("/home/jose/ti/c2000/C2000Ware_26_01_00_00/device_support/f2837xd/
    4276                      .dwattr $C$DW$366, DW_AT_decl_line(0xc81)
    4277                      .dwattr $C$DW$366, DW_AT_decl_column(0x0c)
    4278              
    4279              $C$DW$367       .dwtag  DW_TAG_member
    4280                      .dwattr $C$DW$367, DW_AT_type(*$C$DW$T$19)
    4281                      .dwattr $C$DW$367, DW_AT_name("GPIO68")
    4282                      .dwattr $C$DW$367, DW_AT_bit_offset(0x0b)
    4283                      .dwattr $C$DW$367, DW_AT_bit_size(0x01)
    4284                      .dwattr $C$DW$367, DW_AT_accessibility(DW_ACCESS_public)
    4285                      .dwattr $C$DW$367, DW_AT_decl_file("/home/jose/ti/c2000/C2000Ware_26_01_00_00/device_support/f2837xd/
    4286                      .dwattr $C$DW$367, DW_AT_decl_line(0xc82)
    4287                      .dwattr $C$DW$367, DW_AT_decl_column(0x0c)
    4288              
    4289              $C$DW$368       .dwtag  DW_TAG_member
    4290                      .dwattr $C$DW$368, DW_AT_type(*$C$DW$T$19)
    4291                      .dwattr $C$DW$368, DW_AT_name("GPIO69")
    4292                      .dwattr $C$DW$368, DW_AT_bit_offset(0x0a)
    4293                      .dwattr $C$DW$368, DW_AT_bit_size(0x01)
    4294                      .dwattr $C$DW$368, DW_AT_accessibility(DW_ACCESS_public)
    4295                      .dwattr $C$DW$368, DW_AT_decl_file("/home/jose/ti/c2000/C2000Ware_26_01_00_00/device_support/f2837xd/
    4296                      .dwattr $C$DW$368, DW_AT_decl_line(0xc83)
    4297                      .dwattr $C$DW$368, DW_AT_decl_column(0x0c)
    4298              
    4299              $C$DW$369       .dwtag  DW_TAG_member
    4300                      .dwattr $C$DW$369, DW_AT_type(*$C$DW$T$19)
    4301                      .dwattr $C$DW$369, DW_AT_name("GPIO70")
    4302                      .dwattr $C$DW$369, DW_AT_bit_offset(0x09)
    4303                      .dwattr $C$DW$369, DW_AT_bit_size(0x01)
    4304                      .dwattr $C$DW$369, DW_AT_accessibility(DW_ACCESS_public)
    4305                      .dwattr $C$DW$369, DW_AT_decl_file("/home/jose/ti/c2000/C2000Ware_26_01_00_00/device_support/f2837xd/
    4306                      .dwattr $C$DW$369, DW_AT_decl_line(0xc84)
    4307                      .dwattr $C$DW$369, DW_AT_decl_column(0x0c)
    4308              
    4309              $C$DW$370       .dwtag  DW_TAG_member
    4310                      .dwattr $C$DW$370, DW_AT_type(*$C$DW$T$19)
TMS320C2000 Assembler Unix v25.11.0 Sat May 30 20:22:51 2026

Copyright (c) 1996-2018 Texas Instruments Incorporated
drv8305.asm                                                          PAGE   80

    4311                      .dwattr $C$DW$370, DW_AT_name("GPIO71")
    4312                      .dwattr $C$DW$370, DW_AT_bit_offset(0x08)
    4313                      .dwattr $C$DW$370, DW_AT_bit_size(0x01)
    4314                      .dwattr $C$DW$370, DW_AT_accessibility(DW_ACCESS_public)
    4315                      .dwattr $C$DW$370, DW_AT_decl_file("/home/jose/ti/c2000/C2000Ware_26_01_00_00/device_support/f2837xd/
    4316                      .dwattr $C$DW$370, DW_AT_decl_line(0xc85)
    4317                      .dwattr $C$DW$370, DW_AT_decl_column(0x0c)
    4318              
    4319              $C$DW$371       .dwtag  DW_TAG_member
    4320                      .dwattr $C$DW$371, DW_AT_type(*$C$DW$T$19)
    4321                      .dwattr $C$DW$371, DW_AT_name("GPIO72")
    4322                      .dwattr $C$DW$371, DW_AT_bit_offset(0x07)
    4323                      .dwattr $C$DW$371, DW_AT_bit_size(0x01)
    4324                      .dwattr $C$DW$371, DW_AT_accessibility(DW_ACCESS_public)
    4325                      .dwattr $C$DW$371, DW_AT_decl_file("/home/jose/ti/c2000/C2000Ware_26_01_00_00/device_support/f2837xd/
    4326                      .dwattr $C$DW$371, DW_AT_decl_line(0xc86)
    4327                      .dwattr $C$DW$371, DW_AT_decl_column(0x0c)
    4328              
    4329              $C$DW$372       .dwtag  DW_TAG_member
    4330                      .dwattr $C$DW$372, DW_AT_type(*$C$DW$T$19)
    4331                      .dwattr $C$DW$372, DW_AT_name("GPIO73")
    4332                      .dwattr $C$DW$372, DW_AT_bit_offset(0x06)
    4333                      .dwattr $C$DW$372, DW_AT_bit_size(0x01)
    4334                      .dwattr $C$DW$372, DW_AT_accessibility(DW_ACCESS_public)
    4335                      .dwattr $C$DW$372, DW_AT_decl_file("/home/jose/ti/c2000/C2000Ware_26_01_00_00/device_support/f2837xd/
    4336                      .dwattr $C$DW$372, DW_AT_decl_line(0xc87)
    4337                      .dwattr $C$DW$372, DW_AT_decl_column(0x0c)
    4338              
    4339              $C$DW$373       .dwtag  DW_TAG_member
    4340                      .dwattr $C$DW$373, DW_AT_type(*$C$DW$T$19)
    4341                      .dwattr $C$DW$373, DW_AT_name("GPIO74")
    4342                      .dwattr $C$DW$373, DW_AT_bit_offset(0x05)
    4343                      .dwattr $C$DW$373, DW_AT_bit_size(0x01)
    4344                      .dwattr $C$DW$373, DW_AT_accessibility(DW_ACCESS_public)
    4345                      .dwattr $C$DW$373, DW_AT_decl_file("/home/jose/ti/c2000/C2000Ware_26_01_00_00/device_support/f2837xd/
    4346                      .dwattr $C$DW$373, DW_AT_decl_line(0xc88)
    4347                      .dwattr $C$DW$373, DW_AT_decl_column(0x0c)
    4348              
    4349              $C$DW$374       .dwtag  DW_TAG_member
    4350                      .dwattr $C$DW$374, DW_AT_type(*$C$DW$T$19)
    4351                      .dwattr $C$DW$374, DW_AT_name("GPIO75")
    4352                      .dwattr $C$DW$374, DW_AT_bit_offset(0x04)
    4353                      .dwattr $C$DW$374, DW_AT_bit_size(0x01)
    4354                      .dwattr $C$DW$374, DW_AT_accessibility(DW_ACCESS_public)
    4355                      .dwattr $C$DW$374, DW_AT_decl_file("/home/jose/ti/c2000/C2000Ware_26_01_00_00/device_support/f2837xd/
    4356                      .dwattr $C$DW$374, DW_AT_decl_line(0xc89)
    4357                      .dwattr $C$DW$374, DW_AT_decl_column(0x0c)
    4358              
    4359              $C$DW$375       .dwtag  DW_TAG_member
    4360                      .dwattr $C$DW$375, DW_AT_type(*$C$DW$T$19)
    4361                      .dwattr $C$DW$375, DW_AT_name("GPIO76")
    4362                      .dwattr $C$DW$375, DW_AT_bit_offset(0x03)
    4363                      .dwattr $C$DW$375, DW_AT_bit_size(0x01)
    4364                      .dwattr $C$DW$375, DW_AT_accessibility(DW_ACCESS_public)
    4365                      .dwattr $C$DW$375, DW_AT_decl_file("/home/jose/ti/c2000/C2000Ware_26_01_00_00/device_support/f2837xd/
TMS320C2000 Assembler Unix v25.11.0 Sat May 30 20:22:51 2026

Copyright (c) 1996-2018 Texas Instruments Incorporated
drv8305.asm                                                          PAGE   81

    4366                      .dwattr $C$DW$375, DW_AT_decl_line(0xc8a)
    4367                      .dwattr $C$DW$375, DW_AT_decl_column(0x0c)
    4368              
    4369              $C$DW$376       .dwtag  DW_TAG_member
    4370                      .dwattr $C$DW$376, DW_AT_type(*$C$DW$T$19)
    4371                      .dwattr $C$DW$376, DW_AT_name("GPIO77")
    4372                      .dwattr $C$DW$376, DW_AT_bit_offset(0x02)
    4373                      .dwattr $C$DW$376, DW_AT_bit_size(0x01)
    4374                      .dwattr $C$DW$376, DW_AT_accessibility(DW_ACCESS_public)
    4375                      .dwattr $C$DW$376, DW_AT_decl_file("/home/jose/ti/c2000/C2000Ware_26_01_00_00/device_support/f2837xd/
    4376                      .dwattr $C$DW$376, DW_AT_decl_line(0xc8b)
    4377                      .dwattr $C$DW$376, DW_AT_decl_column(0x0c)
    4378              
    4379              $C$DW$377       .dwtag  DW_TAG_member
    4380                      .dwattr $C$DW$377, DW_AT_type(*$C$DW$T$19)
    4381                      .dwattr $C$DW$377, DW_AT_name("GPIO78")
    4382                      .dwattr $C$DW$377, DW_AT_bit_offset(0x01)
    4383                      .dwattr $C$DW$377, DW_AT_bit_size(0x01)
    4384                      .dwattr $C$DW$377, DW_AT_accessibility(DW_ACCESS_public)
    4385                      .dwattr $C$DW$377, DW_AT_decl_file("/home/jose/ti/c2000/C2000Ware_26_01_00_00/device_support/f2837xd/
    4386                      .dwattr $C$DW$377, DW_AT_decl_line(0xc8c)
    4387                      .dwattr $C$DW$377, DW_AT_decl_column(0x0c)
    4388              
    4389              $C$DW$378       .dwtag  DW_TAG_member
    4390                      .dwattr $C$DW$378, DW_AT_type(*$C$DW$T$19)
    4391                      .dwattr $C$DW$378, DW_AT_name("GPIO79")
    4392                      .dwattr $C$DW$378, DW_AT_bit_offset(0x00)
    4393                      .dwattr $C$DW$378, DW_AT_bit_size(0x01)
    4394                      .dwattr $C$DW$378, DW_AT_accessibility(DW_ACCESS_public)
    4395                      .dwattr $C$DW$378, DW_AT_decl_file("/home/jose/ti/c2000/C2000Ware_26_01_00_00/device_support/f2837xd/
    4396                      .dwattr $C$DW$378, DW_AT_decl_line(0xc8d)
    4397                      .dwattr $C$DW$378, DW_AT_decl_column(0x0c)
    4398              
    4399              $C$DW$379       .dwtag  DW_TAG_member
    4400                      .dwattr $C$DW$379, DW_AT_type(*$C$DW$T$19)
    4401                      .dwattr $C$DW$379, DW_AT_name("GPIO80")
    4402                      .dwattr $C$DW$379, DW_AT_bit_offset(0x0f)
    4403                      .dwattr $C$DW$379, DW_AT_bit_size(0x01)
    4404                      .dwattr $C$DW$379, DW_AT_data_member_location[DW_OP_plus_uconst 0x1]
    4405                      .dwattr $C$DW$379, DW_AT_accessibility(DW_ACCESS_public)
    4406                      .dwattr $C$DW$379, DW_AT_decl_file("/home/jose/ti/c2000/C2000Ware_26_01_00_00/device_support/f2837xd/
    4407                      .dwattr $C$DW$379, DW_AT_decl_line(0xc8e)
    4408                      .dwattr $C$DW$379, DW_AT_decl_column(0x0c)
    4409              
    4410              $C$DW$380       .dwtag  DW_TAG_member
    4411                      .dwattr $C$DW$380, DW_AT_type(*$C$DW$T$19)
    4412                      .dwattr $C$DW$380, DW_AT_name("GPIO81")
    4413                      .dwattr $C$DW$380, DW_AT_bit_offset(0x0e)
    4414                      .dwattr $C$DW$380, DW_AT_bit_size(0x01)
    4415                      .dwattr $C$DW$380, DW_AT_data_member_location[DW_OP_plus_uconst 0x1]
    4416                      .dwattr $C$DW$380, DW_AT_accessibility(DW_ACCESS_public)
    4417                      .dwattr $C$DW$380, DW_AT_decl_file("/home/jose/ti/c2000/C2000Ware_26_01_00_00/device_support/f2837xd/
    4418                      .dwattr $C$DW$380, DW_AT_decl_line(0xc8f)
    4419                      .dwattr $C$DW$380, DW_AT_decl_column(0x0c)
    4420              
TMS320C2000 Assembler Unix v25.11.0 Sat May 30 20:22:51 2026

Copyright (c) 1996-2018 Texas Instruments Incorporated
drv8305.asm                                                          PAGE   82

    4421              $C$DW$381       .dwtag  DW_TAG_member
    4422                      .dwattr $C$DW$381, DW_AT_type(*$C$DW$T$19)
    4423                      .dwattr $C$DW$381, DW_AT_name("GPIO82")
    4424                      .dwattr $C$DW$381, DW_AT_bit_offset(0x0d)
    4425                      .dwattr $C$DW$381, DW_AT_bit_size(0x01)
    4426                      .dwattr $C$DW$381, DW_AT_data_member_location[DW_OP_plus_uconst 0x1]
    4427                      .dwattr $C$DW$381, DW_AT_accessibility(DW_ACCESS_public)
    4428                      .dwattr $C$DW$381, DW_AT_decl_file("/home/jose/ti/c2000/C2000Ware_26_01_00_00/device_support/f2837xd/
    4429                      .dwattr $C$DW$381, DW_AT_decl_line(0xc90)
    4430                      .dwattr $C$DW$381, DW_AT_decl_column(0x0c)
    4431              
    4432              $C$DW$382       .dwtag  DW_TAG_member
    4433                      .dwattr $C$DW$382, DW_AT_type(*$C$DW$T$19)
    4434                      .dwattr $C$DW$382, DW_AT_name("GPIO83")
    4435                      .dwattr $C$DW$382, DW_AT_bit_offset(0x0c)
    4436                      .dwattr $C$DW$382, DW_AT_bit_size(0x01)
    4437                      .dwattr $C$DW$382, DW_AT_data_member_location[DW_OP_plus_uconst 0x1]
    4438                      .dwattr $C$DW$382, DW_AT_accessibility(DW_ACCESS_public)
    4439                      .dwattr $C$DW$382, DW_AT_decl_file("/home/jose/ti/c2000/C2000Ware_26_01_00_00/device_support/f2837xd/
    4440                      .dwattr $C$DW$382, DW_AT_decl_line(0xc91)
    4441                      .dwattr $C$DW$382, DW_AT_decl_column(0x0c)
    4442              
    4443              $C$DW$383       .dwtag  DW_TAG_member
    4444                      .dwattr $C$DW$383, DW_AT_type(*$C$DW$T$19)
    4445                      .dwattr $C$DW$383, DW_AT_name("GPIO84")
    4446                      .dwattr $C$DW$383, DW_AT_bit_offset(0x0b)
    4447                      .dwattr $C$DW$383, DW_AT_bit_size(0x01)
    4448                      .dwattr $C$DW$383, DW_AT_data_member_location[DW_OP_plus_uconst 0x1]
    4449                      .dwattr $C$DW$383, DW_AT_accessibility(DW_ACCESS_public)
    4450                      .dwattr $C$DW$383, DW_AT_decl_file("/home/jose/ti/c2000/C2000Ware_26_01_00_00/device_support/f2837xd/
    4451                      .dwattr $C$DW$383, DW_AT_decl_line(0xc92)
    4452                      .dwattr $C$DW$383, DW_AT_decl_column(0x0c)
    4453              
    4454              $C$DW$384       .dwtag  DW_TAG_member
    4455                      .dwattr $C$DW$384, DW_AT_type(*$C$DW$T$19)
    4456                      .dwattr $C$DW$384, DW_AT_name("GPIO85")
    4457                      .dwattr $C$DW$384, DW_AT_bit_offset(0x0a)
    4458                      .dwattr $C$DW$384, DW_AT_bit_size(0x01)
    4459                      .dwattr $C$DW$384, DW_AT_data_member_location[DW_OP_plus_uconst 0x1]
    4460                      .dwattr $C$DW$384, DW_AT_accessibility(DW_ACCESS_public)
    4461                      .dwattr $C$DW$384, DW_AT_decl_file("/home/jose/ti/c2000/C2000Ware_26_01_00_00/device_support/f2837xd/
    4462                      .dwattr $C$DW$384, DW_AT_decl_line(0xc93)
    4463                      .dwattr $C$DW$384, DW_AT_decl_column(0x0c)
    4464              
    4465              $C$DW$385       .dwtag  DW_TAG_member
    4466                      .dwattr $C$DW$385, DW_AT_type(*$C$DW$T$19)
    4467                      .dwattr $C$DW$385, DW_AT_name("GPIO86")
    4468                      .dwattr $C$DW$385, DW_AT_bit_offset(0x09)
    4469                      .dwattr $C$DW$385, DW_AT_bit_size(0x01)
    4470                      .dwattr $C$DW$385, DW_AT_data_member_location[DW_OP_plus_uconst 0x1]
    4471                      .dwattr $C$DW$385, DW_AT_accessibility(DW_ACCESS_public)
    4472                      .dwattr $C$DW$385, DW_AT_decl_file("/home/jose/ti/c2000/C2000Ware_26_01_00_00/device_support/f2837xd/
    4473                      .dwattr $C$DW$385, DW_AT_decl_line(0xc94)
    4474                      .dwattr $C$DW$385, DW_AT_decl_column(0x0c)
    4475              
TMS320C2000 Assembler Unix v25.11.0 Sat May 30 20:22:51 2026

Copyright (c) 1996-2018 Texas Instruments Incorporated
drv8305.asm                                                          PAGE   83

    4476              $C$DW$386       .dwtag  DW_TAG_member
    4477                      .dwattr $C$DW$386, DW_AT_type(*$C$DW$T$19)
    4478                      .dwattr $C$DW$386, DW_AT_name("GPIO87")
    4479                      .dwattr $C$DW$386, DW_AT_bit_offset(0x08)
    4480                      .dwattr $C$DW$386, DW_AT_bit_size(0x01)
    4481                      .dwattr $C$DW$386, DW_AT_data_member_location[DW_OP_plus_uconst 0x1]
    4482                      .dwattr $C$DW$386, DW_AT_accessibility(DW_ACCESS_public)
    4483                      .dwattr $C$DW$386, DW_AT_decl_file("/home/jose/ti/c2000/C2000Ware_26_01_00_00/device_support/f2837xd/
    4484                      .dwattr $C$DW$386, DW_AT_decl_line(0xc95)
    4485                      .dwattr $C$DW$386, DW_AT_decl_column(0x0c)
    4486              
    4487              $C$DW$387       .dwtag  DW_TAG_member
    4488                      .dwattr $C$DW$387, DW_AT_type(*$C$DW$T$19)
    4489                      .dwattr $C$DW$387, DW_AT_name("GPIO88")
    4490                      .dwattr $C$DW$387, DW_AT_bit_offset(0x07)
    4491                      .dwattr $C$DW$387, DW_AT_bit_size(0x01)
    4492                      .dwattr $C$DW$387, DW_AT_data_member_location[DW_OP_plus_uconst 0x1]
    4493                      .dwattr $C$DW$387, DW_AT_accessibility(DW_ACCESS_public)
    4494                      .dwattr $C$DW$387, DW_AT_decl_file("/home/jose/ti/c2000/C2000Ware_26_01_00_00/device_support/f2837xd/
    4495                      .dwattr $C$DW$387, DW_AT_decl_line(0xc96)
    4496                      .dwattr $C$DW$387, DW_AT_decl_column(0x0c)
    4497              
    4498              $C$DW$388       .dwtag  DW_TAG_member
    4499                      .dwattr $C$DW$388, DW_AT_type(*$C$DW$T$19)
    4500                      .dwattr $C$DW$388, DW_AT_name("GPIO89")
    4501                      .dwattr $C$DW$388, DW_AT_bit_offset(0x06)
    4502                      .dwattr $C$DW$388, DW_AT_bit_size(0x01)
    4503                      .dwattr $C$DW$388, DW_AT_data_member_location[DW_OP_plus_uconst 0x1]
    4504                      .dwattr $C$DW$388, DW_AT_accessibility(DW_ACCESS_public)
    4505                      .dwattr $C$DW$388, DW_AT_decl_file("/home/jose/ti/c2000/C2000Ware_26_01_00_00/device_support/f2837xd/
    4506                      .dwattr $C$DW$388, DW_AT_decl_line(0xc97)
    4507                      .dwattr $C$DW$388, DW_AT_decl_column(0x0c)
    4508              
    4509              $C$DW$389       .dwtag  DW_TAG_member
    4510                      .dwattr $C$DW$389, DW_AT_type(*$C$DW$T$19)
    4511                      .dwattr $C$DW$389, DW_AT_name("GPIO90")
    4512                      .dwattr $C$DW$389, DW_AT_bit_offset(0x05)
    4513                      .dwattr $C$DW$389, DW_AT_bit_size(0x01)
    4514                      .dwattr $C$DW$389, DW_AT_data_member_location[DW_OP_plus_uconst 0x1]
    4515                      .dwattr $C$DW$389, DW_AT_accessibility(DW_ACCESS_public)
    4516                      .dwattr $C$DW$389, DW_AT_decl_file("/home/jose/ti/c2000/C2000Ware_26_01_00_00/device_support/f2837xd/
    4517                      .dwattr $C$DW$389, DW_AT_decl_line(0xc98)
    4518                      .dwattr $C$DW$389, DW_AT_decl_column(0x0c)
    4519              
    4520              $C$DW$390       .dwtag  DW_TAG_member
    4521                      .dwattr $C$DW$390, DW_AT_type(*$C$DW$T$19)
    4522                      .dwattr $C$DW$390, DW_AT_name("GPIO91")
    4523                      .dwattr $C$DW$390, DW_AT_bit_offset(0x04)
    4524                      .dwattr $C$DW$390, DW_AT_bit_size(0x01)
    4525                      .dwattr $C$DW$390, DW_AT_data_member_location[DW_OP_plus_uconst 0x1]
    4526                      .dwattr $C$DW$390, DW_AT_accessibility(DW_ACCESS_public)
    4527                      .dwattr $C$DW$390, DW_AT_decl_file("/home/jose/ti/c2000/C2000Ware_26_01_00_00/device_support/f2837xd/
    4528                      .dwattr $C$DW$390, DW_AT_decl_line(0xc99)
    4529                      .dwattr $C$DW$390, DW_AT_decl_column(0x0c)
    4530              
TMS320C2000 Assembler Unix v25.11.0 Sat May 30 20:22:51 2026

Copyright (c) 1996-2018 Texas Instruments Incorporated
drv8305.asm                                                          PAGE   84

    4531              $C$DW$391       .dwtag  DW_TAG_member
    4532                      .dwattr $C$DW$391, DW_AT_type(*$C$DW$T$19)
    4533                      .dwattr $C$DW$391, DW_AT_name("GPIO92")
    4534                      .dwattr $C$DW$391, DW_AT_bit_offset(0x03)
    4535                      .dwattr $C$DW$391, DW_AT_bit_size(0x01)
    4536                      .dwattr $C$DW$391, DW_AT_data_member_location[DW_OP_plus_uconst 0x1]
    4537                      .dwattr $C$DW$391, DW_AT_accessibility(DW_ACCESS_public)
    4538                      .dwattr $C$DW$391, DW_AT_decl_file("/home/jose/ti/c2000/C2000Ware_26_01_00_00/device_support/f2837xd/
    4539                      .dwattr $C$DW$391, DW_AT_decl_line(0xc9a)
    4540                      .dwattr $C$DW$391, DW_AT_decl_column(0x0c)
    4541              
    4542              $C$DW$392       .dwtag  DW_TAG_member
    4543                      .dwattr $C$DW$392, DW_AT_type(*$C$DW$T$19)
    4544                      .dwattr $C$DW$392, DW_AT_name("GPIO93")
    4545                      .dwattr $C$DW$392, DW_AT_bit_offset(0x02)
    4546                      .dwattr $C$DW$392, DW_AT_bit_size(0x01)
    4547                      .dwattr $C$DW$392, DW_AT_data_member_location[DW_OP_plus_uconst 0x1]
    4548                      .dwattr $C$DW$392, DW_AT_accessibility(DW_ACCESS_public)
    4549                      .dwattr $C$DW$392, DW_AT_decl_file("/home/jose/ti/c2000/C2000Ware_26_01_00_00/device_support/f2837xd/
    4550                      .dwattr $C$DW$392, DW_AT_decl_line(0xc9b)
    4551                      .dwattr $C$DW$392, DW_AT_decl_column(0x0c)
    4552              
    4553              $C$DW$393       .dwtag  DW_TAG_member
    4554                      .dwattr $C$DW$393, DW_AT_type(*$C$DW$T$19)
    4555                      .dwattr $C$DW$393, DW_AT_name("GPIO94")
    4556                      .dwattr $C$DW$393, DW_AT_bit_offset(0x01)
    4557                      .dwattr $C$DW$393, DW_AT_bit_size(0x01)
    4558                      .dwattr $C$DW$393, DW_AT_data_member_location[DW_OP_plus_uconst 0x1]
    4559                      .dwattr $C$DW$393, DW_AT_accessibility(DW_ACCESS_public)
    4560                      .dwattr $C$DW$393, DW_AT_decl_file("/home/jose/ti/c2000/C2000Ware_26_01_00_00/device_support/f2837xd/
    4561                      .dwattr $C$DW$393, DW_AT_decl_line(0xc9c)
    4562                      .dwattr $C$DW$393, DW_AT_decl_column(0x0c)
    4563              
    4564              $C$DW$394       .dwtag  DW_TAG_member
    4565                      .dwattr $C$DW$394, DW_AT_type(*$C$DW$T$19)
    4566                      .dwattr $C$DW$394, DW_AT_name("GPIO95")
    4567                      .dwattr $C$DW$394, DW_AT_bit_offset(0x00)
    4568                      .dwattr $C$DW$394, DW_AT_bit_size(0x01)
    4569                      .dwattr $C$DW$394, DW_AT_data_member_location[DW_OP_plus_uconst 0x1]
    4570                      .dwattr $C$DW$394, DW_AT_accessibility(DW_ACCESS_public)
    4571                      .dwattr $C$DW$394, DW_AT_decl_file("/home/jose/ti/c2000/C2000Ware_26_01_00_00/device_support/f2837xd/
    4572                      .dwattr $C$DW$394, DW_AT_decl_line(0xc9d)
    4573                      .dwattr $C$DW$394, DW_AT_decl_column(0x0c)
    4574              
    4575                      .dwattr $C$DW$T$39, DW_AT_decl_file("/home/jose/ti/c2000/C2000Ware_26_01_00_00/device_support/f2837xd
    4576                      .dwattr $C$DW$T$39, DW_AT_decl_line(0xc7d)
    4577                      .dwattr $C$DW$T$39, DW_AT_decl_column(0x08)
    4578                      .dwendtag $C$DW$T$39
    4579              
    4580                      .dwendtag $C$DW$TU$39
    4581              
    4582              
    4583              $C$DW$TU$40     .dwtag  DW_TAG_type_unit
    4584                      .dwmtype  $C$DW$T$40
    4585              
TMS320C2000 Assembler Unix v25.11.0 Sat May 30 20:22:51 2026

Copyright (c) 1996-2018 Texas Instruments Incorporated
drv8305.asm                                                          PAGE   85

    4586              $C$DW$T$40      .dwtag  DW_TAG_union_type
    4587                      .dwattr $C$DW$T$40, DW_AT_name("GPCDAT_REG")
    4588                      .dwattr $C$DW$T$40, DW_AT_byte_size(0x02)
    4589              $C$DW$395       .dwtag  DW_TAG_member
    4590                      .dwattr $C$DW$395, DW_AT_type(*$C$DW$T$21)
    4591                      .dwattr $C$DW$395, DW_AT_name("all")
    4592                      .dwattr $C$DW$395, DW_AT_accessibility(DW_ACCESS_public)
    4593                      .dwattr $C$DW$395, DW_AT_decl_file("/home/jose/ti/c2000/C2000Ware_26_01_00_00/device_support/f2837xd/
    4594                      .dwattr $C$DW$395, DW_AT_decl_line(0xca1)
    4595                      .dwattr $C$DW$395, DW_AT_decl_column(0x0d)
    4596              
    4597              $C$DW$396       .dwtag  DW_TAG_member
    4598                      .dwattr $C$DW$396, DW_AT_type(*$C$DW$T$39)
    4599                      .dwattr $C$DW$396, DW_AT_name("bit")
    4600                      .dwattr $C$DW$396, DW_AT_accessibility(DW_ACCESS_public)
    4601                      .dwattr $C$DW$396, DW_AT_decl_file("/home/jose/ti/c2000/C2000Ware_26_01_00_00/device_support/f2837xd/
    4602                      .dwattr $C$DW$396, DW_AT_decl_line(0xca2)
    4603                      .dwattr $C$DW$396, DW_AT_decl_column(0x1a)
    4604              
    4605                      .dwattr $C$DW$T$40, DW_AT_decl_file("/home/jose/ti/c2000/C2000Ware_26_01_00_00/device_support/f2837xd
    4606                      .dwattr $C$DW$T$40, DW_AT_decl_line(0xca0)
    4607                      .dwattr $C$DW$T$40, DW_AT_decl_column(0x07)
    4608                      .dwendtag $C$DW$T$40
    4609              
    4610                      .dwendtag $C$DW$TU$40
    4611              
    4612              
    4613              $C$DW$TU$41     .dwtag  DW_TAG_type_unit
    4614                      .dwmtype  $C$DW$T$41
    4615              
    4616              $C$DW$T$41      .dwtag  DW_TAG_structure_type
    4617                      .dwattr $C$DW$T$41, DW_AT_name("GPCSET_BITS")
    4618                      .dwattr $C$DW$T$41, DW_AT_byte_size(0x02)
    4619              $C$DW$397       .dwtag  DW_TAG_member
    4620                      .dwattr $C$DW$397, DW_AT_type(*$C$DW$T$19)
    4621                      .dwattr $C$DW$397, DW_AT_name("GPIO64")
    4622                      .dwattr $C$DW$397, DW_AT_bit_offset(0x0f)
    4623                      .dwattr $C$DW$397, DW_AT_bit_size(0x01)
    4624                      .dwattr $C$DW$397, DW_AT_accessibility(DW_ACCESS_public)
    4625                      .dwattr $C$DW$397, DW_AT_decl_file("/home/jose/ti/c2000/C2000Ware_26_01_00_00/device_support/f2837xd/
    4626                      .dwattr $C$DW$397, DW_AT_decl_line(0xca6)
    4627                      .dwattr $C$DW$397, DW_AT_decl_column(0x0c)
    4628              
    4629              $C$DW$398       .dwtag  DW_TAG_member
    4630                      .dwattr $C$DW$398, DW_AT_type(*$C$DW$T$19)
    4631                      .dwattr $C$DW$398, DW_AT_name("GPIO65")
    4632                      .dwattr $C$DW$398, DW_AT_bit_offset(0x0e)
    4633                      .dwattr $C$DW$398, DW_AT_bit_size(0x01)
    4634                      .dwattr $C$DW$398, DW_AT_accessibility(DW_ACCESS_public)
    4635                      .dwattr $C$DW$398, DW_AT_decl_file("/home/jose/ti/c2000/C2000Ware_26_01_00_00/device_support/f2837xd/
    4636                      .dwattr $C$DW$398, DW_AT_decl_line(0xca7)
    4637                      .dwattr $C$DW$398, DW_AT_decl_column(0x0c)
    4638              
    4639              $C$DW$399       .dwtag  DW_TAG_member
    4640                      .dwattr $C$DW$399, DW_AT_type(*$C$DW$T$19)
TMS320C2000 Assembler Unix v25.11.0 Sat May 30 20:22:51 2026

Copyright (c) 1996-2018 Texas Instruments Incorporated
drv8305.asm                                                          PAGE   86

    4641                      .dwattr $C$DW$399, DW_AT_name("GPIO66")
    4642                      .dwattr $C$DW$399, DW_AT_bit_offset(0x0d)
    4643                      .dwattr $C$DW$399, DW_AT_bit_size(0x01)
    4644                      .dwattr $C$DW$399, DW_AT_accessibility(DW_ACCESS_public)
    4645                      .dwattr $C$DW$399, DW_AT_decl_file("/home/jose/ti/c2000/C2000Ware_26_01_00_00/device_support/f2837xd/
    4646                      .dwattr $C$DW$399, DW_AT_decl_line(0xca8)
    4647                      .dwattr $C$DW$399, DW_AT_decl_column(0x0c)
    4648              
    4649              $C$DW$400       .dwtag  DW_TAG_member
    4650                      .dwattr $C$DW$400, DW_AT_type(*$C$DW$T$19)
    4651                      .dwattr $C$DW$400, DW_AT_name("GPIO67")
    4652                      .dwattr $C$DW$400, DW_AT_bit_offset(0x0c)
    4653                      .dwattr $C$DW$400, DW_AT_bit_size(0x01)
    4654                      .dwattr $C$DW$400, DW_AT_accessibility(DW_ACCESS_public)
    4655                      .dwattr $C$DW$400, DW_AT_decl_file("/home/jose/ti/c2000/C2000Ware_26_01_00_00/device_support/f2837xd/
    4656                      .dwattr $C$DW$400, DW_AT_decl_line(0xca9)
    4657                      .dwattr $C$DW$400, DW_AT_decl_column(0x0c)
    4658              
    4659              $C$DW$401       .dwtag  DW_TAG_member
    4660                      .dwattr $C$DW$401, DW_AT_type(*$C$DW$T$19)
    4661                      .dwattr $C$DW$401, DW_AT_name("GPIO68")
    4662                      .dwattr $C$DW$401, DW_AT_bit_offset(0x0b)
    4663                      .dwattr $C$DW$401, DW_AT_bit_size(0x01)
    4664                      .dwattr $C$DW$401, DW_AT_accessibility(DW_ACCESS_public)
    4665                      .dwattr $C$DW$401, DW_AT_decl_file("/home/jose/ti/c2000/C2000Ware_26_01_00_00/device_support/f2837xd/
    4666                      .dwattr $C$DW$401, DW_AT_decl_line(0xcaa)
    4667                      .dwattr $C$DW$401, DW_AT_decl_column(0x0c)
    4668              
    4669              $C$DW$402       .dwtag  DW_TAG_member
    4670                      .dwattr $C$DW$402, DW_AT_type(*$C$DW$T$19)
    4671                      .dwattr $C$DW$402, DW_AT_name("GPIO69")
    4672                      .dwattr $C$DW$402, DW_AT_bit_offset(0x0a)
    4673                      .dwattr $C$DW$402, DW_AT_bit_size(0x01)
    4674                      .dwattr $C$DW$402, DW_AT_accessibility(DW_ACCESS_public)
    4675                      .dwattr $C$DW$402, DW_AT_decl_file("/home/jose/ti/c2000/C2000Ware_26_01_00_00/device_support/f2837xd/
    4676                      .dwattr $C$DW$402, DW_AT_decl_line(0xcab)
    4677                      .dwattr $C$DW$402, DW_AT_decl_column(0x0c)
    4678              
    4679              $C$DW$403       .dwtag  DW_TAG_member
    4680                      .dwattr $C$DW$403, DW_AT_type(*$C$DW$T$19)
    4681                      .dwattr $C$DW$403, DW_AT_name("GPIO70")
    4682                      .dwattr $C$DW$403, DW_AT_bit_offset(0x09)
    4683                      .dwattr $C$DW$403, DW_AT_bit_size(0x01)
    4684                      .dwattr $C$DW$403, DW_AT_accessibility(DW_ACCESS_public)
    4685                      .dwattr $C$DW$403, DW_AT_decl_file("/home/jose/ti/c2000/C2000Ware_26_01_00_00/device_support/f2837xd/
    4686                      .dwattr $C$DW$403, DW_AT_decl_line(0xcac)
    4687                      .dwattr $C$DW$403, DW_AT_decl_column(0x0c)
    4688              
    4689              $C$DW$404       .dwtag  DW_TAG_member
    4690                      .dwattr $C$DW$404, DW_AT_type(*$C$DW$T$19)
    4691                      .dwattr $C$DW$404, DW_AT_name("GPIO71")
    4692                      .dwattr $C$DW$404, DW_AT_bit_offset(0x08)
    4693                      .dwattr $C$DW$404, DW_AT_bit_size(0x01)
    4694                      .dwattr $C$DW$404, DW_AT_accessibility(DW_ACCESS_public)
    4695                      .dwattr $C$DW$404, DW_AT_decl_file("/home/jose/ti/c2000/C2000Ware_26_01_00_00/device_support/f2837xd/
TMS320C2000 Assembler Unix v25.11.0 Sat May 30 20:22:51 2026

Copyright (c) 1996-2018 Texas Instruments Incorporated
drv8305.asm                                                          PAGE   87

    4696                      .dwattr $C$DW$404, DW_AT_decl_line(0xcad)
    4697                      .dwattr $C$DW$404, DW_AT_decl_column(0x0c)
    4698              
    4699              $C$DW$405       .dwtag  DW_TAG_member
    4700                      .dwattr $C$DW$405, DW_AT_type(*$C$DW$T$19)
    4701                      .dwattr $C$DW$405, DW_AT_name("GPIO72")
    4702                      .dwattr $C$DW$405, DW_AT_bit_offset(0x07)
    4703                      .dwattr $C$DW$405, DW_AT_bit_size(0x01)
    4704                      .dwattr $C$DW$405, DW_AT_accessibility(DW_ACCESS_public)
    4705                      .dwattr $C$DW$405, DW_AT_decl_file("/home/jose/ti/c2000/C2000Ware_26_01_00_00/device_support/f2837xd/
    4706                      .dwattr $C$DW$405, DW_AT_decl_line(0xcae)
    4707                      .dwattr $C$DW$405, DW_AT_decl_column(0x0c)
    4708              
    4709              $C$DW$406       .dwtag  DW_TAG_member
    4710                      .dwattr $C$DW$406, DW_AT_type(*$C$DW$T$19)
    4711                      .dwattr $C$DW$406, DW_AT_name("GPIO73")
    4712                      .dwattr $C$DW$406, DW_AT_bit_offset(0x06)
    4713                      .dwattr $C$DW$406, DW_AT_bit_size(0x01)
    4714                      .dwattr $C$DW$406, DW_AT_accessibility(DW_ACCESS_public)
    4715                      .dwattr $C$DW$406, DW_AT_decl_file("/home/jose/ti/c2000/C2000Ware_26_01_00_00/device_support/f2837xd/
    4716                      .dwattr $C$DW$406, DW_AT_decl_line(0xcaf)
    4717                      .dwattr $C$DW$406, DW_AT_decl_column(0x0c)
    4718              
    4719              $C$DW$407       .dwtag  DW_TAG_member
    4720                      .dwattr $C$DW$407, DW_AT_type(*$C$DW$T$19)
    4721                      .dwattr $C$DW$407, DW_AT_name("GPIO74")
    4722                      .dwattr $C$DW$407, DW_AT_bit_offset(0x05)
    4723                      .dwattr $C$DW$407, DW_AT_bit_size(0x01)
    4724                      .dwattr $C$DW$407, DW_AT_accessibility(DW_ACCESS_public)
    4725                      .dwattr $C$DW$407, DW_AT_decl_file("/home/jose/ti/c2000/C2000Ware_26_01_00_00/device_support/f2837xd/
    4726                      .dwattr $C$DW$407, DW_AT_decl_line(0xcb0)
    4727                      .dwattr $C$DW$407, DW_AT_decl_column(0x0c)
    4728              
    4729              $C$DW$408       .dwtag  DW_TAG_member
    4730                      .dwattr $C$DW$408, DW_AT_type(*$C$DW$T$19)
    4731                      .dwattr $C$DW$408, DW_AT_name("GPIO75")
    4732                      .dwattr $C$DW$408, DW_AT_bit_offset(0x04)
    4733                      .dwattr $C$DW$408, DW_AT_bit_size(0x01)
    4734                      .dwattr $C$DW$408, DW_AT_accessibility(DW_ACCESS_public)
    4735                      .dwattr $C$DW$408, DW_AT_decl_file("/home/jose/ti/c2000/C2000Ware_26_01_00_00/device_support/f2837xd/
    4736                      .dwattr $C$DW$408, DW_AT_decl_line(0xcb1)
    4737                      .dwattr $C$DW$408, DW_AT_decl_column(0x0c)
    4738              
    4739              $C$DW$409       .dwtag  DW_TAG_member
    4740                      .dwattr $C$DW$409, DW_AT_type(*$C$DW$T$19)
    4741                      .dwattr $C$DW$409, DW_AT_name("GPIO76")
    4742                      .dwattr $C$DW$409, DW_AT_bit_offset(0x03)
    4743                      .dwattr $C$DW$409, DW_AT_bit_size(0x01)
    4744                      .dwattr $C$DW$409, DW_AT_accessibility(DW_ACCESS_public)
    4745                      .dwattr $C$DW$409, DW_AT_decl_file("/home/jose/ti/c2000/C2000Ware_26_01_00_00/device_support/f2837xd/
    4746                      .dwattr $C$DW$409, DW_AT_decl_line(0xcb2)
    4747                      .dwattr $C$DW$409, DW_AT_decl_column(0x0c)
    4748              
    4749              $C$DW$410       .dwtag  DW_TAG_member
    4750                      .dwattr $C$DW$410, DW_AT_type(*$C$DW$T$19)
TMS320C2000 Assembler Unix v25.11.0 Sat May 30 20:22:51 2026

Copyright (c) 1996-2018 Texas Instruments Incorporated
drv8305.asm                                                          PAGE   88

    4751                      .dwattr $C$DW$410, DW_AT_name("GPIO77")
    4752                      .dwattr $C$DW$410, DW_AT_bit_offset(0x02)
    4753                      .dwattr $C$DW$410, DW_AT_bit_size(0x01)
    4754                      .dwattr $C$DW$410, DW_AT_accessibility(DW_ACCESS_public)
    4755                      .dwattr $C$DW$410, DW_AT_decl_file("/home/jose/ti/c2000/C2000Ware_26_01_00_00/device_support/f2837xd/
    4756                      .dwattr $C$DW$410, DW_AT_decl_line(0xcb3)
    4757                      .dwattr $C$DW$410, DW_AT_decl_column(0x0c)
    4758              
    4759              $C$DW$411       .dwtag  DW_TAG_member
    4760                      .dwattr $C$DW$411, DW_AT_type(*$C$DW$T$19)
    4761                      .dwattr $C$DW$411, DW_AT_name("GPIO78")
    4762                      .dwattr $C$DW$411, DW_AT_bit_offset(0x01)
    4763                      .dwattr $C$DW$411, DW_AT_bit_size(0x01)
    4764                      .dwattr $C$DW$411, DW_AT_accessibility(DW_ACCESS_public)
    4765                      .dwattr $C$DW$411, DW_AT_decl_file("/home/jose/ti/c2000/C2000Ware_26_01_00_00/device_support/f2837xd/
    4766                      .dwattr $C$DW$411, DW_AT_decl_line(0xcb4)
    4767                      .dwattr $C$DW$411, DW_AT_decl_column(0x0c)
    4768              
    4769              $C$DW$412       .dwtag  DW_TAG_member
    4770                      .dwattr $C$DW$412, DW_AT_type(*$C$DW$T$19)
    4771                      .dwattr $C$DW$412, DW_AT_name("GPIO79")
    4772                      .dwattr $C$DW$412, DW_AT_bit_offset(0x00)
    4773                      .dwattr $C$DW$412, DW_AT_bit_size(0x01)
    4774                      .dwattr $C$DW$412, DW_AT_accessibility(DW_ACCESS_public)
    4775                      .dwattr $C$DW$412, DW_AT_decl_file("/home/jose/ti/c2000/C2000Ware_26_01_00_00/device_support/f2837xd/
    4776                      .dwattr $C$DW$412, DW_AT_decl_line(0xcb5)
    4777                      .dwattr $C$DW$412, DW_AT_decl_column(0x0c)
    4778              
    4779              $C$DW$413       .dwtag  DW_TAG_member
    4780                      .dwattr $C$DW$413, DW_AT_type(*$C$DW$T$19)
    4781                      .dwattr $C$DW$413, DW_AT_name("GPIO80")
    4782                      .dwattr $C$DW$413, DW_AT_bit_offset(0x0f)
    4783                      .dwattr $C$DW$413, DW_AT_bit_size(0x01)
    4784                      .dwattr $C$DW$413, DW_AT_data_member_location[DW_OP_plus_uconst 0x1]
    4785                      .dwattr $C$DW$413, DW_AT_accessibility(DW_ACCESS_public)
    4786                      .dwattr $C$DW$413, DW_AT_decl_file("/home/jose/ti/c2000/C2000Ware_26_01_00_00/device_support/f2837xd/
    4787                      .dwattr $C$DW$413, DW_AT_decl_line(0xcb6)
    4788                      .dwattr $C$DW$413, DW_AT_decl_column(0x0c)
    4789              
    4790              $C$DW$414       .dwtag  DW_TAG_member
    4791                      .dwattr $C$DW$414, DW_AT_type(*$C$DW$T$19)
    4792                      .dwattr $C$DW$414, DW_AT_name("GPIO81")
    4793                      .dwattr $C$DW$414, DW_AT_bit_offset(0x0e)
    4794                      .dwattr $C$DW$414, DW_AT_bit_size(0x01)
    4795                      .dwattr $C$DW$414, DW_AT_data_member_location[DW_OP_plus_uconst 0x1]
    4796                      .dwattr $C$DW$414, DW_AT_accessibility(DW_ACCESS_public)
    4797                      .dwattr $C$DW$414, DW_AT_decl_file("/home/jose/ti/c2000/C2000Ware_26_01_00_00/device_support/f2837xd/
    4798                      .dwattr $C$DW$414, DW_AT_decl_line(0xcb7)
    4799                      .dwattr $C$DW$414, DW_AT_decl_column(0x0c)
    4800              
    4801              $C$DW$415       .dwtag  DW_TAG_member
    4802                      .dwattr $C$DW$415, DW_AT_type(*$C$DW$T$19)
    4803                      .dwattr $C$DW$415, DW_AT_name("GPIO82")
    4804                      .dwattr $C$DW$415, DW_AT_bit_offset(0x0d)
    4805                      .dwattr $C$DW$415, DW_AT_bit_size(0x01)
TMS320C2000 Assembler Unix v25.11.0 Sat May 30 20:22:51 2026

Copyright (c) 1996-2018 Texas Instruments Incorporated
drv8305.asm                                                          PAGE   89

    4806                      .dwattr $C$DW$415, DW_AT_data_member_location[DW_OP_plus_uconst 0x1]
    4807                      .dwattr $C$DW$415, DW_AT_accessibility(DW_ACCESS_public)
    4808                      .dwattr $C$DW$415, DW_AT_decl_file("/home/jose/ti/c2000/C2000Ware_26_01_00_00/device_support/f2837xd/
    4809                      .dwattr $C$DW$415, DW_AT_decl_line(0xcb8)
    4810                      .dwattr $C$DW$415, DW_AT_decl_column(0x0c)
    4811              
    4812              $C$DW$416       .dwtag  DW_TAG_member
    4813                      .dwattr $C$DW$416, DW_AT_type(*$C$DW$T$19)
    4814                      .dwattr $C$DW$416, DW_AT_name("GPIO83")
    4815                      .dwattr $C$DW$416, DW_AT_bit_offset(0x0c)
    4816                      .dwattr $C$DW$416, DW_AT_bit_size(0x01)
    4817                      .dwattr $C$DW$416, DW_AT_data_member_location[DW_OP_plus_uconst 0x1]
    4818                      .dwattr $C$DW$416, DW_AT_accessibility(DW_ACCESS_public)
    4819                      .dwattr $C$DW$416, DW_AT_decl_file("/home/jose/ti/c2000/C2000Ware_26_01_00_00/device_support/f2837xd/
    4820                      .dwattr $C$DW$416, DW_AT_decl_line(0xcb9)
    4821                      .dwattr $C$DW$416, DW_AT_decl_column(0x0c)
    4822              
    4823              $C$DW$417       .dwtag  DW_TAG_member
    4824                      .dwattr $C$DW$417, DW_AT_type(*$C$DW$T$19)
    4825                      .dwattr $C$DW$417, DW_AT_name("GPIO84")
    4826                      .dwattr $C$DW$417, DW_AT_bit_offset(0x0b)
    4827                      .dwattr $C$DW$417, DW_AT_bit_size(0x01)
    4828                      .dwattr $C$DW$417, DW_AT_data_member_location[DW_OP_plus_uconst 0x1]
    4829                      .dwattr $C$DW$417, DW_AT_accessibility(DW_ACCESS_public)
    4830                      .dwattr $C$DW$417, DW_AT_decl_file("/home/jose/ti/c2000/C2000Ware_26_01_00_00/device_support/f2837xd/
    4831                      .dwattr $C$DW$417, DW_AT_decl_line(0xcba)
    4832                      .dwattr $C$DW$417, DW_AT_decl_column(0x0c)
    4833              
    4834              $C$DW$418       .dwtag  DW_TAG_member
    4835                      .dwattr $C$DW$418, DW_AT_type(*$C$DW$T$19)
    4836                      .dwattr $C$DW$418, DW_AT_name("GPIO85")
    4837                      .dwattr $C$DW$418, DW_AT_bit_offset(0x0a)
    4838                      .dwattr $C$DW$418, DW_AT_bit_size(0x01)
    4839                      .dwattr $C$DW$418, DW_AT_data_member_location[DW_OP_plus_uconst 0x1]
    4840                      .dwattr $C$DW$418, DW_AT_accessibility(DW_ACCESS_public)
    4841                      .dwattr $C$DW$418, DW_AT_decl_file("/home/jose/ti/c2000/C2000Ware_26_01_00_00/device_support/f2837xd/
    4842                      .dwattr $C$DW$418, DW_AT_decl_line(0xcbb)
    4843                      .dwattr $C$DW$418, DW_AT_decl_column(0x0c)
    4844              
    4845              $C$DW$419       .dwtag  DW_TAG_member
    4846                      .dwattr $C$DW$419, DW_AT_type(*$C$DW$T$19)
    4847                      .dwattr $C$DW$419, DW_AT_name("GPIO86")
    4848                      .dwattr $C$DW$419, DW_AT_bit_offset(0x09)
    4849                      .dwattr $C$DW$419, DW_AT_bit_size(0x01)
    4850                      .dwattr $C$DW$419, DW_AT_data_member_location[DW_OP_plus_uconst 0x1]
    4851                      .dwattr $C$DW$419, DW_AT_accessibility(DW_ACCESS_public)
    4852                      .dwattr $C$DW$419, DW_AT_decl_file("/home/jose/ti/c2000/C2000Ware_26_01_00_00/device_support/f2837xd/
    4853                      .dwattr $C$DW$419, DW_AT_decl_line(0xcbc)
    4854                      .dwattr $C$DW$419, DW_AT_decl_column(0x0c)
    4855              
    4856              $C$DW$420       .dwtag  DW_TAG_member
    4857                      .dwattr $C$DW$420, DW_AT_type(*$C$DW$T$19)
    4858                      .dwattr $C$DW$420, DW_AT_name("GPIO87")
    4859                      .dwattr $C$DW$420, DW_AT_bit_offset(0x08)
    4860                      .dwattr $C$DW$420, DW_AT_bit_size(0x01)
TMS320C2000 Assembler Unix v25.11.0 Sat May 30 20:22:51 2026

Copyright (c) 1996-2018 Texas Instruments Incorporated
drv8305.asm                                                          PAGE   90

    4861                      .dwattr $C$DW$420, DW_AT_data_member_location[DW_OP_plus_uconst 0x1]
    4862                      .dwattr $C$DW$420, DW_AT_accessibility(DW_ACCESS_public)
    4863                      .dwattr $C$DW$420, DW_AT_decl_file("/home/jose/ti/c2000/C2000Ware_26_01_00_00/device_support/f2837xd/
    4864                      .dwattr $C$DW$420, DW_AT_decl_line(0xcbd)
    4865                      .dwattr $C$DW$420, DW_AT_decl_column(0x0c)
    4866              
    4867              $C$DW$421       .dwtag  DW_TAG_member
    4868                      .dwattr $C$DW$421, DW_AT_type(*$C$DW$T$19)
    4869                      .dwattr $C$DW$421, DW_AT_name("GPIO88")
    4870                      .dwattr $C$DW$421, DW_AT_bit_offset(0x07)
    4871                      .dwattr $C$DW$421, DW_AT_bit_size(0x01)
    4872                      .dwattr $C$DW$421, DW_AT_data_member_location[DW_OP_plus_uconst 0x1]
    4873                      .dwattr $C$DW$421, DW_AT_accessibility(DW_ACCESS_public)
    4874                      .dwattr $C$DW$421, DW_AT_decl_file("/home/jose/ti/c2000/C2000Ware_26_01_00_00/device_support/f2837xd/
    4875                      .dwattr $C$DW$421, DW_AT_decl_line(0xcbe)
    4876                      .dwattr $C$DW$421, DW_AT_decl_column(0x0c)
    4877              
    4878              $C$DW$422       .dwtag  DW_TAG_member
    4879                      .dwattr $C$DW$422, DW_AT_type(*$C$DW$T$19)
    4880                      .dwattr $C$DW$422, DW_AT_name("GPIO89")
    4881                      .dwattr $C$DW$422, DW_AT_bit_offset(0x06)
    4882                      .dwattr $C$DW$422, DW_AT_bit_size(0x01)
    4883                      .dwattr $C$DW$422, DW_AT_data_member_location[DW_OP_plus_uconst 0x1]
    4884                      .dwattr $C$DW$422, DW_AT_accessibility(DW_ACCESS_public)
    4885                      .dwattr $C$DW$422, DW_AT_decl_file("/home/jose/ti/c2000/C2000Ware_26_01_00_00/device_support/f2837xd/
    4886                      .dwattr $C$DW$422, DW_AT_decl_line(0xcbf)
    4887                      .dwattr $C$DW$422, DW_AT_decl_column(0x0c)
    4888              
    4889              $C$DW$423       .dwtag  DW_TAG_member
    4890                      .dwattr $C$DW$423, DW_AT_type(*$C$DW$T$19)
    4891                      .dwattr $C$DW$423, DW_AT_name("GPIO90")
    4892                      .dwattr $C$DW$423, DW_AT_bit_offset(0x05)
    4893                      .dwattr $C$DW$423, DW_AT_bit_size(0x01)
    4894                      .dwattr $C$DW$423, DW_AT_data_member_location[DW_OP_plus_uconst 0x1]
    4895                      .dwattr $C$DW$423, DW_AT_accessibility(DW_ACCESS_public)
    4896                      .dwattr $C$DW$423, DW_AT_decl_file("/home/jose/ti/c2000/C2000Ware_26_01_00_00/device_support/f2837xd/
    4897                      .dwattr $C$DW$423, DW_AT_decl_line(0xcc0)
    4898                      .dwattr $C$DW$423, DW_AT_decl_column(0x0c)
    4899              
    4900              $C$DW$424       .dwtag  DW_TAG_member
    4901                      .dwattr $C$DW$424, DW_AT_type(*$C$DW$T$19)
    4902                      .dwattr $C$DW$424, DW_AT_name("GPIO91")
    4903                      .dwattr $C$DW$424, DW_AT_bit_offset(0x04)
    4904                      .dwattr $C$DW$424, DW_AT_bit_size(0x01)
    4905                      .dwattr $C$DW$424, DW_AT_data_member_location[DW_OP_plus_uconst 0x1]
    4906                      .dwattr $C$DW$424, DW_AT_accessibility(DW_ACCESS_public)
    4907                      .dwattr $C$DW$424, DW_AT_decl_file("/home/jose/ti/c2000/C2000Ware_26_01_00_00/device_support/f2837xd/
    4908                      .dwattr $C$DW$424, DW_AT_decl_line(0xcc1)
    4909                      .dwattr $C$DW$424, DW_AT_decl_column(0x0c)
    4910              
    4911              $C$DW$425       .dwtag  DW_TAG_member
    4912                      .dwattr $C$DW$425, DW_AT_type(*$C$DW$T$19)
    4913                      .dwattr $C$DW$425, DW_AT_name("GPIO92")
    4914                      .dwattr $C$DW$425, DW_AT_bit_offset(0x03)
    4915                      .dwattr $C$DW$425, DW_AT_bit_size(0x01)
TMS320C2000 Assembler Unix v25.11.0 Sat May 30 20:22:51 2026

Copyright (c) 1996-2018 Texas Instruments Incorporated
drv8305.asm                                                          PAGE   91

    4916                      .dwattr $C$DW$425, DW_AT_data_member_location[DW_OP_plus_uconst 0x1]
    4917                      .dwattr $C$DW$425, DW_AT_accessibility(DW_ACCESS_public)
    4918                      .dwattr $C$DW$425, DW_AT_decl_file("/home/jose/ti/c2000/C2000Ware_26_01_00_00/device_support/f2837xd/
    4919                      .dwattr $C$DW$425, DW_AT_decl_line(0xcc2)
    4920                      .dwattr $C$DW$425, DW_AT_decl_column(0x0c)
    4921              
    4922              $C$DW$426       .dwtag  DW_TAG_member
    4923                      .dwattr $C$DW$426, DW_AT_type(*$C$DW$T$19)
    4924                      .dwattr $C$DW$426, DW_AT_name("GPIO93")
    4925                      .dwattr $C$DW$426, DW_AT_bit_offset(0x02)
    4926                      .dwattr $C$DW$426, DW_AT_bit_size(0x01)
    4927                      .dwattr $C$DW$426, DW_AT_data_member_location[DW_OP_plus_uconst 0x1]
    4928                      .dwattr $C$DW$426, DW_AT_accessibility(DW_ACCESS_public)
    4929                      .dwattr $C$DW$426, DW_AT_decl_file("/home/jose/ti/c2000/C2000Ware_26_01_00_00/device_support/f2837xd/
    4930                      .dwattr $C$DW$426, DW_AT_decl_line(0xcc3)
    4931                      .dwattr $C$DW$426, DW_AT_decl_column(0x0c)
    4932              
    4933              $C$DW$427       .dwtag  DW_TAG_member
    4934                      .dwattr $C$DW$427, DW_AT_type(*$C$DW$T$19)
    4935                      .dwattr $C$DW$427, DW_AT_name("GPIO94")
    4936                      .dwattr $C$DW$427, DW_AT_bit_offset(0x01)
    4937                      .dwattr $C$DW$427, DW_AT_bit_size(0x01)
    4938                      .dwattr $C$DW$427, DW_AT_data_member_location[DW_OP_plus_uconst 0x1]
    4939                      .dwattr $C$DW$427, DW_AT_accessibility(DW_ACCESS_public)
    4940                      .dwattr $C$DW$427, DW_AT_decl_file("/home/jose/ti/c2000/C2000Ware_26_01_00_00/device_support/f2837xd/
    4941                      .dwattr $C$DW$427, DW_AT_decl_line(0xcc4)
    4942                      .dwattr $C$DW$427, DW_AT_decl_column(0x0c)
    4943              
    4944              $C$DW$428       .dwtag  DW_TAG_member
    4945                      .dwattr $C$DW$428, DW_AT_type(*$C$DW$T$19)
    4946                      .dwattr $C$DW$428, DW_AT_name("GPIO95")
    4947                      .dwattr $C$DW$428, DW_AT_bit_offset(0x00)
    4948                      .dwattr $C$DW$428, DW_AT_bit_size(0x01)
    4949                      .dwattr $C$DW$428, DW_AT_data_member_location[DW_OP_plus_uconst 0x1]
    4950                      .dwattr $C$DW$428, DW_AT_accessibility(DW_ACCESS_public)
    4951                      .dwattr $C$DW$428, DW_AT_decl_file("/home/jose/ti/c2000/C2000Ware_26_01_00_00/device_support/f2837xd/
    4952                      .dwattr $C$DW$428, DW_AT_decl_line(0xcc5)
    4953                      .dwattr $C$DW$428, DW_AT_decl_column(0x0c)
    4954              
    4955                      .dwattr $C$DW$T$41, DW_AT_decl_file("/home/jose/ti/c2000/C2000Ware_26_01_00_00/device_support/f2837xd
    4956                      .dwattr $C$DW$T$41, DW_AT_decl_line(0xca5)
    4957                      .dwattr $C$DW$T$41, DW_AT_decl_column(0x08)
    4958                      .dwendtag $C$DW$T$41
    4959              
    4960                      .dwendtag $C$DW$TU$41
    4961              
    4962              
    4963              $C$DW$TU$42     .dwtag  DW_TAG_type_unit
    4964                      .dwmtype  $C$DW$T$42
    4965              
    4966              $C$DW$T$42      .dwtag  DW_TAG_union_type
    4967                      .dwattr $C$DW$T$42, DW_AT_name("GPCSET_REG")
    4968                      .dwattr $C$DW$T$42, DW_AT_byte_size(0x02)
    4969              $C$DW$429       .dwtag  DW_TAG_member
    4970                      .dwattr $C$DW$429, DW_AT_type(*$C$DW$T$21)
TMS320C2000 Assembler Unix v25.11.0 Sat May 30 20:22:51 2026

Copyright (c) 1996-2018 Texas Instruments Incorporated
drv8305.asm                                                          PAGE   92

    4971                      .dwattr $C$DW$429, DW_AT_name("all")
    4972                      .dwattr $C$DW$429, DW_AT_accessibility(DW_ACCESS_public)
    4973                      .dwattr $C$DW$429, DW_AT_decl_file("/home/jose/ti/c2000/C2000Ware_26_01_00_00/device_support/f2837xd/
    4974                      .dwattr $C$DW$429, DW_AT_decl_line(0xcc9)
    4975                      .dwattr $C$DW$429, DW_AT_decl_column(0x0d)
    4976              
    4977              $C$DW$430       .dwtag  DW_TAG_member
    4978                      .dwattr $C$DW$430, DW_AT_type(*$C$DW$T$41)
    4979                      .dwattr $C$DW$430, DW_AT_name("bit")
    4980                      .dwattr $C$DW$430, DW_AT_accessibility(DW_ACCESS_public)
    4981                      .dwattr $C$DW$430, DW_AT_decl_file("/home/jose/ti/c2000/C2000Ware_26_01_00_00/device_support/f2837xd/
    4982                      .dwattr $C$DW$430, DW_AT_decl_line(0xcca)
    4983                      .dwattr $C$DW$430, DW_AT_decl_column(0x1a)
    4984              
    4985                      .dwattr $C$DW$T$42, DW_AT_decl_file("/home/jose/ti/c2000/C2000Ware_26_01_00_00/device_support/f2837xd
    4986                      .dwattr $C$DW$T$42, DW_AT_decl_line(0xcc8)
    4987                      .dwattr $C$DW$T$42, DW_AT_decl_column(0x07)
    4988                      .dwendtag $C$DW$T$42
    4989              
    4990                      .dwendtag $C$DW$TU$42
    4991              
    4992              
    4993              $C$DW$TU$43     .dwtag  DW_TAG_type_unit
    4994                      .dwmtype  $C$DW$T$43
    4995              
    4996              $C$DW$T$43      .dwtag  DW_TAG_structure_type
    4997                      .dwattr $C$DW$T$43, DW_AT_name("GPCTOGGLE_BITS")
    4998                      .dwattr $C$DW$T$43, DW_AT_byte_size(0x02)
    4999              $C$DW$431       .dwtag  DW_TAG_member
    5000                      .dwattr $C$DW$431, DW_AT_type(*$C$DW$T$19)
    5001                      .dwattr $C$DW$431, DW_AT_name("GPIO64")
    5002                      .dwattr $C$DW$431, DW_AT_bit_offset(0x0f)
    5003                      .dwattr $C$DW$431, DW_AT_bit_size(0x01)
    5004                      .dwattr $C$DW$431, DW_AT_accessibility(DW_ACCESS_public)
    5005                      .dwattr $C$DW$431, DW_AT_decl_file("/home/jose/ti/c2000/C2000Ware_26_01_00_00/device_support/f2837xd/
    5006                      .dwattr $C$DW$431, DW_AT_decl_line(0xcf6)
    5007                      .dwattr $C$DW$431, DW_AT_decl_column(0x0c)
    5008              
    5009              $C$DW$432       .dwtag  DW_TAG_member
    5010                      .dwattr $C$DW$432, DW_AT_type(*$C$DW$T$19)
    5011                      .dwattr $C$DW$432, DW_AT_name("GPIO65")
    5012                      .dwattr $C$DW$432, DW_AT_bit_offset(0x0e)
    5013                      .dwattr $C$DW$432, DW_AT_bit_size(0x01)
    5014                      .dwattr $C$DW$432, DW_AT_accessibility(DW_ACCESS_public)
    5015                      .dwattr $C$DW$432, DW_AT_decl_file("/home/jose/ti/c2000/C2000Ware_26_01_00_00/device_support/f2837xd/
    5016                      .dwattr $C$DW$432, DW_AT_decl_line(0xcf7)
    5017                      .dwattr $C$DW$432, DW_AT_decl_column(0x0c)
    5018              
    5019              $C$DW$433       .dwtag  DW_TAG_member
    5020                      .dwattr $C$DW$433, DW_AT_type(*$C$DW$T$19)
    5021                      .dwattr $C$DW$433, DW_AT_name("GPIO66")
    5022                      .dwattr $C$DW$433, DW_AT_bit_offset(0x0d)
    5023                      .dwattr $C$DW$433, DW_AT_bit_size(0x01)
    5024                      .dwattr $C$DW$433, DW_AT_accessibility(DW_ACCESS_public)
    5025                      .dwattr $C$DW$433, DW_AT_decl_file("/home/jose/ti/c2000/C2000Ware_26_01_00_00/device_support/f2837xd/
TMS320C2000 Assembler Unix v25.11.0 Sat May 30 20:22:51 2026

Copyright (c) 1996-2018 Texas Instruments Incorporated
drv8305.asm                                                          PAGE   93

    5026                      .dwattr $C$DW$433, DW_AT_decl_line(0xcf8)
    5027                      .dwattr $C$DW$433, DW_AT_decl_column(0x0c)
    5028              
    5029              $C$DW$434       .dwtag  DW_TAG_member
    5030                      .dwattr $C$DW$434, DW_AT_type(*$C$DW$T$19)
    5031                      .dwattr $C$DW$434, DW_AT_name("GPIO67")
    5032                      .dwattr $C$DW$434, DW_AT_bit_offset(0x0c)
    5033                      .dwattr $C$DW$434, DW_AT_bit_size(0x01)
    5034                      .dwattr $C$DW$434, DW_AT_accessibility(DW_ACCESS_public)
    5035                      .dwattr $C$DW$434, DW_AT_decl_file("/home/jose/ti/c2000/C2000Ware_26_01_00_00/device_support/f2837xd/
    5036                      .dwattr $C$DW$434, DW_AT_decl_line(0xcf9)
    5037                      .dwattr $C$DW$434, DW_AT_decl_column(0x0c)
    5038              
    5039              $C$DW$435       .dwtag  DW_TAG_member
    5040                      .dwattr $C$DW$435, DW_AT_type(*$C$DW$T$19)
    5041                      .dwattr $C$DW$435, DW_AT_name("GPIO68")
    5042                      .dwattr $C$DW$435, DW_AT_bit_offset(0x0b)
    5043                      .dwattr $C$DW$435, DW_AT_bit_size(0x01)
    5044                      .dwattr $C$DW$435, DW_AT_accessibility(DW_ACCESS_public)
    5045                      .dwattr $C$DW$435, DW_AT_decl_file("/home/jose/ti/c2000/C2000Ware_26_01_00_00/device_support/f2837xd/
    5046                      .dwattr $C$DW$435, DW_AT_decl_line(0xcfa)
    5047                      .dwattr $C$DW$435, DW_AT_decl_column(0x0c)
    5048              
    5049              $C$DW$436       .dwtag  DW_TAG_member
    5050                      .dwattr $C$DW$436, DW_AT_type(*$C$DW$T$19)
    5051                      .dwattr $C$DW$436, DW_AT_name("GPIO69")
    5052                      .dwattr $C$DW$436, DW_AT_bit_offset(0x0a)
    5053                      .dwattr $C$DW$436, DW_AT_bit_size(0x01)
    5054                      .dwattr $C$DW$436, DW_AT_accessibility(DW_ACCESS_public)
    5055                      .dwattr $C$DW$436, DW_AT_decl_file("/home/jose/ti/c2000/C2000Ware_26_01_00_00/device_support/f2837xd/
    5056                      .dwattr $C$DW$436, DW_AT_decl_line(0xcfb)
    5057                      .dwattr $C$DW$436, DW_AT_decl_column(0x0c)
    5058              
    5059              $C$DW$437       .dwtag  DW_TAG_member
    5060                      .dwattr $C$DW$437, DW_AT_type(*$C$DW$T$19)
    5061                      .dwattr $C$DW$437, DW_AT_name("GPIO70")
    5062                      .dwattr $C$DW$437, DW_AT_bit_offset(0x09)
    5063                      .dwattr $C$DW$437, DW_AT_bit_size(0x01)
    5064                      .dwattr $C$DW$437, DW_AT_accessibility(DW_ACCESS_public)
    5065                      .dwattr $C$DW$437, DW_AT_decl_file("/home/jose/ti/c2000/C2000Ware_26_01_00_00/device_support/f2837xd/
    5066                      .dwattr $C$DW$437, DW_AT_decl_line(0xcfc)
    5067                      .dwattr $C$DW$437, DW_AT_decl_column(0x0c)
    5068              
    5069              $C$DW$438       .dwtag  DW_TAG_member
    5070                      .dwattr $C$DW$438, DW_AT_type(*$C$DW$T$19)
    5071                      .dwattr $C$DW$438, DW_AT_name("GPIO71")
    5072                      .dwattr $C$DW$438, DW_AT_bit_offset(0x08)
    5073                      .dwattr $C$DW$438, DW_AT_bit_size(0x01)
    5074                      .dwattr $C$DW$438, DW_AT_accessibility(DW_ACCESS_public)
    5075                      .dwattr $C$DW$438, DW_AT_decl_file("/home/jose/ti/c2000/C2000Ware_26_01_00_00/device_support/f2837xd/
    5076                      .dwattr $C$DW$438, DW_AT_decl_line(0xcfd)
    5077                      .dwattr $C$DW$438, DW_AT_decl_column(0x0c)
    5078              
    5079              $C$DW$439       .dwtag  DW_TAG_member
    5080                      .dwattr $C$DW$439, DW_AT_type(*$C$DW$T$19)
TMS320C2000 Assembler Unix v25.11.0 Sat May 30 20:22:51 2026

Copyright (c) 1996-2018 Texas Instruments Incorporated
drv8305.asm                                                          PAGE   94

    5081                      .dwattr $C$DW$439, DW_AT_name("GPIO72")
    5082                      .dwattr $C$DW$439, DW_AT_bit_offset(0x07)
    5083                      .dwattr $C$DW$439, DW_AT_bit_size(0x01)
    5084                      .dwattr $C$DW$439, DW_AT_accessibility(DW_ACCESS_public)
    5085                      .dwattr $C$DW$439, DW_AT_decl_file("/home/jose/ti/c2000/C2000Ware_26_01_00_00/device_support/f2837xd/
    5086                      .dwattr $C$DW$439, DW_AT_decl_line(0xcfe)
    5087                      .dwattr $C$DW$439, DW_AT_decl_column(0x0c)
    5088              
    5089              $C$DW$440       .dwtag  DW_TAG_member
    5090                      .dwattr $C$DW$440, DW_AT_type(*$C$DW$T$19)
    5091                      .dwattr $C$DW$440, DW_AT_name("GPIO73")
    5092                      .dwattr $C$DW$440, DW_AT_bit_offset(0x06)
    5093                      .dwattr $C$DW$440, DW_AT_bit_size(0x01)
    5094                      .dwattr $C$DW$440, DW_AT_accessibility(DW_ACCESS_public)
    5095                      .dwattr $C$DW$440, DW_AT_decl_file("/home/jose/ti/c2000/C2000Ware_26_01_00_00/device_support/f2837xd/
    5096                      .dwattr $C$DW$440, DW_AT_decl_line(0xcff)
    5097                      .dwattr $C$DW$440, DW_AT_decl_column(0x0c)
    5098              
    5099              $C$DW$441       .dwtag  DW_TAG_member
    5100                      .dwattr $C$DW$441, DW_AT_type(*$C$DW$T$19)
    5101                      .dwattr $C$DW$441, DW_AT_name("GPIO74")
    5102                      .dwattr $C$DW$441, DW_AT_bit_offset(0x05)
    5103                      .dwattr $C$DW$441, DW_AT_bit_size(0x01)
    5104                      .dwattr $C$DW$441, DW_AT_accessibility(DW_ACCESS_public)
    5105                      .dwattr $C$DW$441, DW_AT_decl_file("/home/jose/ti/c2000/C2000Ware_26_01_00_00/device_support/f2837xd/
    5106                      .dwattr $C$DW$441, DW_AT_decl_line(0xd00)
    5107                      .dwattr $C$DW$441, DW_AT_decl_column(0x0c)
    5108              
    5109              $C$DW$442       .dwtag  DW_TAG_member
    5110                      .dwattr $C$DW$442, DW_AT_type(*$C$DW$T$19)
    5111                      .dwattr $C$DW$442, DW_AT_name("GPIO75")
    5112                      .dwattr $C$DW$442, DW_AT_bit_offset(0x04)
    5113                      .dwattr $C$DW$442, DW_AT_bit_size(0x01)
    5114                      .dwattr $C$DW$442, DW_AT_accessibility(DW_ACCESS_public)
    5115                      .dwattr $C$DW$442, DW_AT_decl_file("/home/jose/ti/c2000/C2000Ware_26_01_00_00/device_support/f2837xd/
    5116                      .dwattr $C$DW$442, DW_AT_decl_line(0xd01)
    5117                      .dwattr $C$DW$442, DW_AT_decl_column(0x0c)
    5118              
    5119              $C$DW$443       .dwtag  DW_TAG_member
    5120                      .dwattr $C$DW$443, DW_AT_type(*$C$DW$T$19)
    5121                      .dwattr $C$DW$443, DW_AT_name("GPIO76")
    5122                      .dwattr $C$DW$443, DW_AT_bit_offset(0x03)
    5123                      .dwattr $C$DW$443, DW_AT_bit_size(0x01)
    5124                      .dwattr $C$DW$443, DW_AT_accessibility(DW_ACCESS_public)
    5125                      .dwattr $C$DW$443, DW_AT_decl_file("/home/jose/ti/c2000/C2000Ware_26_01_00_00/device_support/f2837xd/
    5126                      .dwattr $C$DW$443, DW_AT_decl_line(0xd02)
    5127                      .dwattr $C$DW$443, DW_AT_decl_column(0x0c)
    5128              
    5129              $C$DW$444       .dwtag  DW_TAG_member
    5130                      .dwattr $C$DW$444, DW_AT_type(*$C$DW$T$19)
    5131                      .dwattr $C$DW$444, DW_AT_name("GPIO77")
    5132                      .dwattr $C$DW$444, DW_AT_bit_offset(0x02)
    5133                      .dwattr $C$DW$444, DW_AT_bit_size(0x01)
    5134                      .dwattr $C$DW$444, DW_AT_accessibility(DW_ACCESS_public)
    5135                      .dwattr $C$DW$444, DW_AT_decl_file("/home/jose/ti/c2000/C2000Ware_26_01_00_00/device_support/f2837xd/
TMS320C2000 Assembler Unix v25.11.0 Sat May 30 20:22:51 2026

Copyright (c) 1996-2018 Texas Instruments Incorporated
drv8305.asm                                                          PAGE   95

    5136                      .dwattr $C$DW$444, DW_AT_decl_line(0xd03)
    5137                      .dwattr $C$DW$444, DW_AT_decl_column(0x0c)
    5138              
    5139              $C$DW$445       .dwtag  DW_TAG_member
    5140                      .dwattr $C$DW$445, DW_AT_type(*$C$DW$T$19)
    5141                      .dwattr $C$DW$445, DW_AT_name("GPIO78")
    5142                      .dwattr $C$DW$445, DW_AT_bit_offset(0x01)
    5143                      .dwattr $C$DW$445, DW_AT_bit_size(0x01)
    5144                      .dwattr $C$DW$445, DW_AT_accessibility(DW_ACCESS_public)
    5145                      .dwattr $C$DW$445, DW_AT_decl_file("/home/jose/ti/c2000/C2000Ware_26_01_00_00/device_support/f2837xd/
    5146                      .dwattr $C$DW$445, DW_AT_decl_line(0xd04)
    5147                      .dwattr $C$DW$445, DW_AT_decl_column(0x0c)
    5148              
    5149              $C$DW$446       .dwtag  DW_TAG_member
    5150                      .dwattr $C$DW$446, DW_AT_type(*$C$DW$T$19)
    5151                      .dwattr $C$DW$446, DW_AT_name("GPIO79")
    5152                      .dwattr $C$DW$446, DW_AT_bit_offset(0x00)
    5153                      .dwattr $C$DW$446, DW_AT_bit_size(0x01)
    5154                      .dwattr $C$DW$446, DW_AT_accessibility(DW_ACCESS_public)
    5155                      .dwattr $C$DW$446, DW_AT_decl_file("/home/jose/ti/c2000/C2000Ware_26_01_00_00/device_support/f2837xd/
    5156                      .dwattr $C$DW$446, DW_AT_decl_line(0xd05)
    5157                      .dwattr $C$DW$446, DW_AT_decl_column(0x0c)
    5158              
    5159              $C$DW$447       .dwtag  DW_TAG_member
    5160                      .dwattr $C$DW$447, DW_AT_type(*$C$DW$T$19)
    5161                      .dwattr $C$DW$447, DW_AT_name("GPIO80")
    5162                      .dwattr $C$DW$447, DW_AT_bit_offset(0x0f)
    5163                      .dwattr $C$DW$447, DW_AT_bit_size(0x01)
    5164                      .dwattr $C$DW$447, DW_AT_data_member_location[DW_OP_plus_uconst 0x1]
    5165                      .dwattr $C$DW$447, DW_AT_accessibility(DW_ACCESS_public)
    5166                      .dwattr $C$DW$447, DW_AT_decl_file("/home/jose/ti/c2000/C2000Ware_26_01_00_00/device_support/f2837xd/
    5167                      .dwattr $C$DW$447, DW_AT_decl_line(0xd06)
    5168                      .dwattr $C$DW$447, DW_AT_decl_column(0x0c)
    5169              
    5170              $C$DW$448       .dwtag  DW_TAG_member
    5171                      .dwattr $C$DW$448, DW_AT_type(*$C$DW$T$19)
    5172                      .dwattr $C$DW$448, DW_AT_name("GPIO81")
    5173                      .dwattr $C$DW$448, DW_AT_bit_offset(0x0e)
    5174                      .dwattr $C$DW$448, DW_AT_bit_size(0x01)
    5175                      .dwattr $C$DW$448, DW_AT_data_member_location[DW_OP_plus_uconst 0x1]
    5176                      .dwattr $C$DW$448, DW_AT_accessibility(DW_ACCESS_public)
    5177                      .dwattr $C$DW$448, DW_AT_decl_file("/home/jose/ti/c2000/C2000Ware_26_01_00_00/device_support/f2837xd/
    5178                      .dwattr $C$DW$448, DW_AT_decl_line(0xd07)
    5179                      .dwattr $C$DW$448, DW_AT_decl_column(0x0c)
    5180              
    5181              $C$DW$449       .dwtag  DW_TAG_member
    5182                      .dwattr $C$DW$449, DW_AT_type(*$C$DW$T$19)
    5183                      .dwattr $C$DW$449, DW_AT_name("GPIO82")
    5184                      .dwattr $C$DW$449, DW_AT_bit_offset(0x0d)
    5185                      .dwattr $C$DW$449, DW_AT_bit_size(0x01)
    5186                      .dwattr $C$DW$449, DW_AT_data_member_location[DW_OP_plus_uconst 0x1]
    5187                      .dwattr $C$DW$449, DW_AT_accessibility(DW_ACCESS_public)
    5188                      .dwattr $C$DW$449, DW_AT_decl_file("/home/jose/ti/c2000/C2000Ware_26_01_00_00/device_support/f2837xd/
    5189                      .dwattr $C$DW$449, DW_AT_decl_line(0xd08)
    5190                      .dwattr $C$DW$449, DW_AT_decl_column(0x0c)
TMS320C2000 Assembler Unix v25.11.0 Sat May 30 20:22:51 2026

Copyright (c) 1996-2018 Texas Instruments Incorporated
drv8305.asm                                                          PAGE   96

    5191              
    5192              $C$DW$450       .dwtag  DW_TAG_member
    5193                      .dwattr $C$DW$450, DW_AT_type(*$C$DW$T$19)
    5194                      .dwattr $C$DW$450, DW_AT_name("GPIO83")
    5195                      .dwattr $C$DW$450, DW_AT_bit_offset(0x0c)
    5196                      .dwattr $C$DW$450, DW_AT_bit_size(0x01)
    5197                      .dwattr $C$DW$450, DW_AT_data_member_location[DW_OP_plus_uconst 0x1]
    5198                      .dwattr $C$DW$450, DW_AT_accessibility(DW_ACCESS_public)
    5199                      .dwattr $C$DW$450, DW_AT_decl_file("/home/jose/ti/c2000/C2000Ware_26_01_00_00/device_support/f2837xd/
    5200                      .dwattr $C$DW$450, DW_AT_decl_line(0xd09)
    5201                      .dwattr $C$DW$450, DW_AT_decl_column(0x0c)
    5202              
    5203              $C$DW$451       .dwtag  DW_TAG_member
    5204                      .dwattr $C$DW$451, DW_AT_type(*$C$DW$T$19)
    5205                      .dwattr $C$DW$451, DW_AT_name("GPIO84")
    5206                      .dwattr $C$DW$451, DW_AT_bit_offset(0x0b)
    5207                      .dwattr $C$DW$451, DW_AT_bit_size(0x01)
    5208                      .dwattr $C$DW$451, DW_AT_data_member_location[DW_OP_plus_uconst 0x1]
    5209                      .dwattr $C$DW$451, DW_AT_accessibility(DW_ACCESS_public)
    5210                      .dwattr $C$DW$451, DW_AT_decl_file("/home/jose/ti/c2000/C2000Ware_26_01_00_00/device_support/f2837xd/
    5211                      .dwattr $C$DW$451, DW_AT_decl_line(0xd0a)
    5212                      .dwattr $C$DW$451, DW_AT_decl_column(0x0c)
    5213              
    5214              $C$DW$452       .dwtag  DW_TAG_member
    5215                      .dwattr $C$DW$452, DW_AT_type(*$C$DW$T$19)
    5216                      .dwattr $C$DW$452, DW_AT_name("GPIO85")
    5217                      .dwattr $C$DW$452, DW_AT_bit_offset(0x0a)
    5218                      .dwattr $C$DW$452, DW_AT_bit_size(0x01)
    5219                      .dwattr $C$DW$452, DW_AT_data_member_location[DW_OP_plus_uconst 0x1]
    5220                      .dwattr $C$DW$452, DW_AT_accessibility(DW_ACCESS_public)
    5221                      .dwattr $C$DW$452, DW_AT_decl_file("/home/jose/ti/c2000/C2000Ware_26_01_00_00/device_support/f2837xd/
    5222                      .dwattr $C$DW$452, DW_AT_decl_line(0xd0b)
    5223                      .dwattr $C$DW$452, DW_AT_decl_column(0x0c)
    5224              
    5225              $C$DW$453       .dwtag  DW_TAG_member
    5226                      .dwattr $C$DW$453, DW_AT_type(*$C$DW$T$19)
    5227                      .dwattr $C$DW$453, DW_AT_name("GPIO86")
    5228                      .dwattr $C$DW$453, DW_AT_bit_offset(0x09)
    5229                      .dwattr $C$DW$453, DW_AT_bit_size(0x01)
    5230                      .dwattr $C$DW$453, DW_AT_data_member_location[DW_OP_plus_uconst 0x1]
    5231                      .dwattr $C$DW$453, DW_AT_accessibility(DW_ACCESS_public)
    5232                      .dwattr $C$DW$453, DW_AT_decl_file("/home/jose/ti/c2000/C2000Ware_26_01_00_00/device_support/f2837xd/
    5233                      .dwattr $C$DW$453, DW_AT_decl_line(0xd0c)
    5234                      .dwattr $C$DW$453, DW_AT_decl_column(0x0c)
    5235              
    5236              $C$DW$454       .dwtag  DW_TAG_member
    5237                      .dwattr $C$DW$454, DW_AT_type(*$C$DW$T$19)
    5238                      .dwattr $C$DW$454, DW_AT_name("GPIO87")
    5239                      .dwattr $C$DW$454, DW_AT_bit_offset(0x08)
    5240                      .dwattr $C$DW$454, DW_AT_bit_size(0x01)
    5241                      .dwattr $C$DW$454, DW_AT_data_member_location[DW_OP_plus_uconst 0x1]
    5242                      .dwattr $C$DW$454, DW_AT_accessibility(DW_ACCESS_public)
    5243                      .dwattr $C$DW$454, DW_AT_decl_file("/home/jose/ti/c2000/C2000Ware_26_01_00_00/device_support/f2837xd/
    5244                      .dwattr $C$DW$454, DW_AT_decl_line(0xd0d)
    5245                      .dwattr $C$DW$454, DW_AT_decl_column(0x0c)
TMS320C2000 Assembler Unix v25.11.0 Sat May 30 20:22:51 2026

Copyright (c) 1996-2018 Texas Instruments Incorporated
drv8305.asm                                                          PAGE   97

    5246              
    5247              $C$DW$455       .dwtag  DW_TAG_member
    5248                      .dwattr $C$DW$455, DW_AT_type(*$C$DW$T$19)
    5249                      .dwattr $C$DW$455, DW_AT_name("GPIO88")
    5250                      .dwattr $C$DW$455, DW_AT_bit_offset(0x07)
    5251                      .dwattr $C$DW$455, DW_AT_bit_size(0x01)
    5252                      .dwattr $C$DW$455, DW_AT_data_member_location[DW_OP_plus_uconst 0x1]
    5253                      .dwattr $C$DW$455, DW_AT_accessibility(DW_ACCESS_public)
    5254                      .dwattr $C$DW$455, DW_AT_decl_file("/home/jose/ti/c2000/C2000Ware_26_01_00_00/device_support/f2837xd/
    5255                      .dwattr $C$DW$455, DW_AT_decl_line(0xd0e)
    5256                      .dwattr $C$DW$455, DW_AT_decl_column(0x0c)
    5257              
    5258              $C$DW$456       .dwtag  DW_TAG_member
    5259                      .dwattr $C$DW$456, DW_AT_type(*$C$DW$T$19)
    5260                      .dwattr $C$DW$456, DW_AT_name("GPIO89")
    5261                      .dwattr $C$DW$456, DW_AT_bit_offset(0x06)
    5262                      .dwattr $C$DW$456, DW_AT_bit_size(0x01)
    5263                      .dwattr $C$DW$456, DW_AT_data_member_location[DW_OP_plus_uconst 0x1]
    5264                      .dwattr $C$DW$456, DW_AT_accessibility(DW_ACCESS_public)
    5265                      .dwattr $C$DW$456, DW_AT_decl_file("/home/jose/ti/c2000/C2000Ware_26_01_00_00/device_support/f2837xd/
    5266                      .dwattr $C$DW$456, DW_AT_decl_line(0xd0f)
    5267                      .dwattr $C$DW$456, DW_AT_decl_column(0x0c)
    5268              
    5269              $C$DW$457       .dwtag  DW_TAG_member
    5270                      .dwattr $C$DW$457, DW_AT_type(*$C$DW$T$19)
    5271                      .dwattr $C$DW$457, DW_AT_name("GPIO90")
    5272                      .dwattr $C$DW$457, DW_AT_bit_offset(0x05)
    5273                      .dwattr $C$DW$457, DW_AT_bit_size(0x01)
    5274                      .dwattr $C$DW$457, DW_AT_data_member_location[DW_OP_plus_uconst 0x1]
    5275                      .dwattr $C$DW$457, DW_AT_accessibility(DW_ACCESS_public)
    5276                      .dwattr $C$DW$457, DW_AT_decl_file("/home/jose/ti/c2000/C2000Ware_26_01_00_00/device_support/f2837xd/
    5277                      .dwattr $C$DW$457, DW_AT_decl_line(0xd10)
    5278                      .dwattr $C$DW$457, DW_AT_decl_column(0x0c)
    5279              
    5280              $C$DW$458       .dwtag  DW_TAG_member
    5281                      .dwattr $C$DW$458, DW_AT_type(*$C$DW$T$19)
    5282                      .dwattr $C$DW$458, DW_AT_name("GPIO91")
    5283                      .dwattr $C$DW$458, DW_AT_bit_offset(0x04)
    5284                      .dwattr $C$DW$458, DW_AT_bit_size(0x01)
    5285                      .dwattr $C$DW$458, DW_AT_data_member_location[DW_OP_plus_uconst 0x1]
    5286                      .dwattr $C$DW$458, DW_AT_accessibility(DW_ACCESS_public)
    5287                      .dwattr $C$DW$458, DW_AT_decl_file("/home/jose/ti/c2000/C2000Ware_26_01_00_00/device_support/f2837xd/
    5288                      .dwattr $C$DW$458, DW_AT_decl_line(0xd11)
    5289                      .dwattr $C$DW$458, DW_AT_decl_column(0x0c)
    5290              
    5291              $C$DW$459       .dwtag  DW_TAG_member
    5292                      .dwattr $C$DW$459, DW_AT_type(*$C$DW$T$19)
    5293                      .dwattr $C$DW$459, DW_AT_name("GPIO92")
    5294                      .dwattr $C$DW$459, DW_AT_bit_offset(0x03)
    5295                      .dwattr $C$DW$459, DW_AT_bit_size(0x01)
    5296                      .dwattr $C$DW$459, DW_AT_data_member_location[DW_OP_plus_uconst 0x1]
    5297                      .dwattr $C$DW$459, DW_AT_accessibility(DW_ACCESS_public)
    5298                      .dwattr $C$DW$459, DW_AT_decl_file("/home/jose/ti/c2000/C2000Ware_26_01_00_00/device_support/f2837xd/
    5299                      .dwattr $C$DW$459, DW_AT_decl_line(0xd12)
    5300                      .dwattr $C$DW$459, DW_AT_decl_column(0x0c)
TMS320C2000 Assembler Unix v25.11.0 Sat May 30 20:22:51 2026

Copyright (c) 1996-2018 Texas Instruments Incorporated
drv8305.asm                                                          PAGE   98

    5301              
    5302              $C$DW$460       .dwtag  DW_TAG_member
    5303                      .dwattr $C$DW$460, DW_AT_type(*$C$DW$T$19)
    5304                      .dwattr $C$DW$460, DW_AT_name("GPIO93")
    5305                      .dwattr $C$DW$460, DW_AT_bit_offset(0x02)
    5306                      .dwattr $C$DW$460, DW_AT_bit_size(0x01)
    5307                      .dwattr $C$DW$460, DW_AT_data_member_location[DW_OP_plus_uconst 0x1]
    5308                      .dwattr $C$DW$460, DW_AT_accessibility(DW_ACCESS_public)
    5309                      .dwattr $C$DW$460, DW_AT_decl_file("/home/jose/ti/c2000/C2000Ware_26_01_00_00/device_support/f2837xd/
    5310                      .dwattr $C$DW$460, DW_AT_decl_line(0xd13)
    5311                      .dwattr $C$DW$460, DW_AT_decl_column(0x0c)
    5312              
    5313              $C$DW$461       .dwtag  DW_TAG_member
    5314                      .dwattr $C$DW$461, DW_AT_type(*$C$DW$T$19)
    5315                      .dwattr $C$DW$461, DW_AT_name("GPIO94")
    5316                      .dwattr $C$DW$461, DW_AT_bit_offset(0x01)
    5317                      .dwattr $C$DW$461, DW_AT_bit_size(0x01)
    5318                      .dwattr $C$DW$461, DW_AT_data_member_location[DW_OP_plus_uconst 0x1]
    5319                      .dwattr $C$DW$461, DW_AT_accessibility(DW_ACCESS_public)
    5320                      .dwattr $C$DW$461, DW_AT_decl_file("/home/jose/ti/c2000/C2000Ware_26_01_00_00/device_support/f2837xd/
    5321                      .dwattr $C$DW$461, DW_AT_decl_line(0xd14)
    5322                      .dwattr $C$DW$461, DW_AT_decl_column(0x0c)
    5323              
    5324              $C$DW$462       .dwtag  DW_TAG_member
    5325                      .dwattr $C$DW$462, DW_AT_type(*$C$DW$T$19)
    5326                      .dwattr $C$DW$462, DW_AT_name("GPIO95")
    5327                      .dwattr $C$DW$462, DW_AT_bit_offset(0x00)
    5328                      .dwattr $C$DW$462, DW_AT_bit_size(0x01)
    5329                      .dwattr $C$DW$462, DW_AT_data_member_location[DW_OP_plus_uconst 0x1]
    5330                      .dwattr $C$DW$462, DW_AT_accessibility(DW_ACCESS_public)
    5331                      .dwattr $C$DW$462, DW_AT_decl_file("/home/jose/ti/c2000/C2000Ware_26_01_00_00/device_support/f2837xd/
    5332                      .dwattr $C$DW$462, DW_AT_decl_line(0xd15)
    5333                      .dwattr $C$DW$462, DW_AT_decl_column(0x0c)
    5334              
    5335                      .dwattr $C$DW$T$43, DW_AT_decl_file("/home/jose/ti/c2000/C2000Ware_26_01_00_00/device_support/f2837xd
    5336                      .dwattr $C$DW$T$43, DW_AT_decl_line(0xcf5)
    5337                      .dwattr $C$DW$T$43, DW_AT_decl_column(0x08)
    5338                      .dwendtag $C$DW$T$43
    5339              
    5340                      .dwendtag $C$DW$TU$43
    5341              
    5342              
    5343              $C$DW$TU$44     .dwtag  DW_TAG_type_unit
    5344                      .dwmtype  $C$DW$T$44
    5345              
    5346              $C$DW$T$44      .dwtag  DW_TAG_union_type
    5347                      .dwattr $C$DW$T$44, DW_AT_name("GPCTOGGLE_REG")
    5348                      .dwattr $C$DW$T$44, DW_AT_byte_size(0x02)
    5349              $C$DW$463       .dwtag  DW_TAG_member
    5350                      .dwattr $C$DW$463, DW_AT_type(*$C$DW$T$21)
    5351                      .dwattr $C$DW$463, DW_AT_name("all")
    5352                      .dwattr $C$DW$463, DW_AT_accessibility(DW_ACCESS_public)
    5353                      .dwattr $C$DW$463, DW_AT_decl_file("/home/jose/ti/c2000/C2000Ware_26_01_00_00/device_support/f2837xd/
    5354                      .dwattr $C$DW$463, DW_AT_decl_line(0xd19)
    5355                      .dwattr $C$DW$463, DW_AT_decl_column(0x0d)
TMS320C2000 Assembler Unix v25.11.0 Sat May 30 20:22:51 2026

Copyright (c) 1996-2018 Texas Instruments Incorporated
drv8305.asm                                                          PAGE   99

    5356              
    5357              $C$DW$464       .dwtag  DW_TAG_member
    5358                      .dwattr $C$DW$464, DW_AT_type(*$C$DW$T$43)
    5359                      .dwattr $C$DW$464, DW_AT_name("bit")
    5360                      .dwattr $C$DW$464, DW_AT_accessibility(DW_ACCESS_public)
    5361                      .dwattr $C$DW$464, DW_AT_decl_file("/home/jose/ti/c2000/C2000Ware_26_01_00_00/device_support/f2837xd/
    5362                      .dwattr $C$DW$464, DW_AT_decl_line(0xd1a)
    5363                      .dwattr $C$DW$464, DW_AT_decl_column(0x1d)
    5364              
    5365                      .dwattr $C$DW$T$44, DW_AT_decl_file("/home/jose/ti/c2000/C2000Ware_26_01_00_00/device_support/f2837xd
    5366                      .dwattr $C$DW$T$44, DW_AT_decl_line(0xd18)
    5367                      .dwattr $C$DW$T$44, DW_AT_decl_column(0x07)
    5368                      .dwendtag $C$DW$T$44
    5369              
    5370                      .dwendtag $C$DW$TU$44
    5371              
    5372              
    5373              $C$DW$TU$45     .dwtag  DW_TAG_type_unit
    5374                      .dwmtype  $C$DW$T$45
    5375              
    5376              $C$DW$T$45      .dwtag  DW_TAG_structure_type
    5377                      .dwattr $C$DW$T$45, DW_AT_name("GPDCLEAR_BITS")
    5378                      .dwattr $C$DW$T$45, DW_AT_byte_size(0x02)
    5379              $C$DW$465       .dwtag  DW_TAG_member
    5380                      .dwattr $C$DW$465, DW_AT_type(*$C$DW$T$19)
    5381                      .dwattr $C$DW$465, DW_AT_name("GPIO96")
    5382                      .dwattr $C$DW$465, DW_AT_bit_offset(0x0f)
    5383                      .dwattr $C$DW$465, DW_AT_bit_size(0x01)
    5384                      .dwattr $C$DW$465, DW_AT_accessibility(DW_ACCESS_public)
    5385                      .dwattr $C$DW$465, DW_AT_decl_file("/home/jose/ti/c2000/C2000Ware_26_01_00_00/device_support/f2837xd/
    5386                      .dwattr $C$DW$465, DW_AT_decl_line(0xd6e)
    5387                      .dwattr $C$DW$465, DW_AT_decl_column(0x0c)
    5388              
    5389              $C$DW$466       .dwtag  DW_TAG_member
    5390                      .dwattr $C$DW$466, DW_AT_type(*$C$DW$T$19)
    5391                      .dwattr $C$DW$466, DW_AT_name("GPIO97")
    5392                      .dwattr $C$DW$466, DW_AT_bit_offset(0x0e)
    5393                      .dwattr $C$DW$466, DW_AT_bit_size(0x01)
    5394                      .dwattr $C$DW$466, DW_AT_accessibility(DW_ACCESS_public)
    5395                      .dwattr $C$DW$466, DW_AT_decl_file("/home/jose/ti/c2000/C2000Ware_26_01_00_00/device_support/f2837xd/
    5396                      .dwattr $C$DW$466, DW_AT_decl_line(0xd6f)
    5397                      .dwattr $C$DW$466, DW_AT_decl_column(0x0c)
    5398              
    5399              $C$DW$467       .dwtag  DW_TAG_member
    5400                      .dwattr $C$DW$467, DW_AT_type(*$C$DW$T$19)
    5401                      .dwattr $C$DW$467, DW_AT_name("GPIO98")
    5402                      .dwattr $C$DW$467, DW_AT_bit_offset(0x0d)
    5403                      .dwattr $C$DW$467, DW_AT_bit_size(0x01)
    5404                      .dwattr $C$DW$467, DW_AT_accessibility(DW_ACCESS_public)
    5405                      .dwattr $C$DW$467, DW_AT_decl_file("/home/jose/ti/c2000/C2000Ware_26_01_00_00/device_support/f2837xd/
    5406                      .dwattr $C$DW$467, DW_AT_decl_line(0xd70)
    5407                      .dwattr $C$DW$467, DW_AT_decl_column(0x0c)
    5408              
    5409              $C$DW$468       .dwtag  DW_TAG_member
    5410                      .dwattr $C$DW$468, DW_AT_type(*$C$DW$T$19)
TMS320C2000 Assembler Unix v25.11.0 Sat May 30 20:22:51 2026

Copyright (c) 1996-2018 Texas Instruments Incorporated
drv8305.asm                                                          PAGE  100

    5411                      .dwattr $C$DW$468, DW_AT_name("GPIO99")
    5412                      .dwattr $C$DW$468, DW_AT_bit_offset(0x0c)
    5413                      .dwattr $C$DW$468, DW_AT_bit_size(0x01)
    5414                      .dwattr $C$DW$468, DW_AT_accessibility(DW_ACCESS_public)
    5415                      .dwattr $C$DW$468, DW_AT_decl_file("/home/jose/ti/c2000/C2000Ware_26_01_00_00/device_support/f2837xd/
    5416                      .dwattr $C$DW$468, DW_AT_decl_line(0xd71)
    5417                      .dwattr $C$DW$468, DW_AT_decl_column(0x0c)
    5418              
    5419              $C$DW$469       .dwtag  DW_TAG_member
    5420                      .dwattr $C$DW$469, DW_AT_type(*$C$DW$T$19)
    5421                      .dwattr $C$DW$469, DW_AT_name("GPIO100")
    5422                      .dwattr $C$DW$469, DW_AT_bit_offset(0x0b)
    5423                      .dwattr $C$DW$469, DW_AT_bit_size(0x01)
    5424                      .dwattr $C$DW$469, DW_AT_accessibility(DW_ACCESS_public)
    5425                      .dwattr $C$DW$469, DW_AT_decl_file("/home/jose/ti/c2000/C2000Ware_26_01_00_00/device_support/f2837xd/
    5426                      .dwattr $C$DW$469, DW_AT_decl_line(0xd72)
    5427                      .dwattr $C$DW$469, DW_AT_decl_column(0x0c)
    5428              
    5429              $C$DW$470       .dwtag  DW_TAG_member
    5430                      .dwattr $C$DW$470, DW_AT_type(*$C$DW$T$19)
    5431                      .dwattr $C$DW$470, DW_AT_name("GPIO101")
    5432                      .dwattr $C$DW$470, DW_AT_bit_offset(0x0a)
    5433                      .dwattr $C$DW$470, DW_AT_bit_size(0x01)
    5434                      .dwattr $C$DW$470, DW_AT_accessibility(DW_ACCESS_public)
    5435                      .dwattr $C$DW$470, DW_AT_decl_file("/home/jose/ti/c2000/C2000Ware_26_01_00_00/device_support/f2837xd/
    5436                      .dwattr $C$DW$470, DW_AT_decl_line(0xd73)
    5437                      .dwattr $C$DW$470, DW_AT_decl_column(0x0c)
    5438              
    5439              $C$DW$471       .dwtag  DW_TAG_member
    5440                      .dwattr $C$DW$471, DW_AT_type(*$C$DW$T$19)
    5441                      .dwattr $C$DW$471, DW_AT_name("GPIO102")
    5442                      .dwattr $C$DW$471, DW_AT_bit_offset(0x09)
    5443                      .dwattr $C$DW$471, DW_AT_bit_size(0x01)
    5444                      .dwattr $C$DW$471, DW_AT_accessibility(DW_ACCESS_public)
    5445                      .dwattr $C$DW$471, DW_AT_decl_file("/home/jose/ti/c2000/C2000Ware_26_01_00_00/device_support/f2837xd/
    5446                      .dwattr $C$DW$471, DW_AT_decl_line(0xd74)
    5447                      .dwattr $C$DW$471, DW_AT_decl_column(0x0c)
    5448              
    5449              $C$DW$472       .dwtag  DW_TAG_member
    5450                      .dwattr $C$DW$472, DW_AT_type(*$C$DW$T$19)
    5451                      .dwattr $C$DW$472, DW_AT_name("GPIO103")
    5452                      .dwattr $C$DW$472, DW_AT_bit_offset(0x08)
    5453                      .dwattr $C$DW$472, DW_AT_bit_size(0x01)
    5454                      .dwattr $C$DW$472, DW_AT_accessibility(DW_ACCESS_public)
    5455                      .dwattr $C$DW$472, DW_AT_decl_file("/home/jose/ti/c2000/C2000Ware_26_01_00_00/device_support/f2837xd/
    5456                      .dwattr $C$DW$472, DW_AT_decl_line(0xd75)
    5457                      .dwattr $C$DW$472, DW_AT_decl_column(0x0c)
    5458              
    5459              $C$DW$473       .dwtag  DW_TAG_member
    5460                      .dwattr $C$DW$473, DW_AT_type(*$C$DW$T$19)
    5461                      .dwattr $C$DW$473, DW_AT_name("GPIO104")
    5462                      .dwattr $C$DW$473, DW_AT_bit_offset(0x07)
    5463                      .dwattr $C$DW$473, DW_AT_bit_size(0x01)
    5464                      .dwattr $C$DW$473, DW_AT_accessibility(DW_ACCESS_public)
    5465                      .dwattr $C$DW$473, DW_AT_decl_file("/home/jose/ti/c2000/C2000Ware_26_01_00_00/device_support/f2837xd/
TMS320C2000 Assembler Unix v25.11.0 Sat May 30 20:22:51 2026

Copyright (c) 1996-2018 Texas Instruments Incorporated
drv8305.asm                                                          PAGE  101

    5466                      .dwattr $C$DW$473, DW_AT_decl_line(0xd76)
    5467                      .dwattr $C$DW$473, DW_AT_decl_column(0x0c)
    5468              
    5469              $C$DW$474       .dwtag  DW_TAG_member
    5470                      .dwattr $C$DW$474, DW_AT_type(*$C$DW$T$19)
    5471                      .dwattr $C$DW$474, DW_AT_name("GPIO105")
    5472                      .dwattr $C$DW$474, DW_AT_bit_offset(0x06)
    5473                      .dwattr $C$DW$474, DW_AT_bit_size(0x01)
    5474                      .dwattr $C$DW$474, DW_AT_accessibility(DW_ACCESS_public)
    5475                      .dwattr $C$DW$474, DW_AT_decl_file("/home/jose/ti/c2000/C2000Ware_26_01_00_00/device_support/f2837xd/
    5476                      .dwattr $C$DW$474, DW_AT_decl_line(0xd77)
    5477                      .dwattr $C$DW$474, DW_AT_decl_column(0x0c)
    5478              
    5479              $C$DW$475       .dwtag  DW_TAG_member
    5480                      .dwattr $C$DW$475, DW_AT_type(*$C$DW$T$19)
    5481                      .dwattr $C$DW$475, DW_AT_name("GPIO106")
    5482                      .dwattr $C$DW$475, DW_AT_bit_offset(0x05)
    5483                      .dwattr $C$DW$475, DW_AT_bit_size(0x01)
    5484                      .dwattr $C$DW$475, DW_AT_accessibility(DW_ACCESS_public)
    5485                      .dwattr $C$DW$475, DW_AT_decl_file("/home/jose/ti/c2000/C2000Ware_26_01_00_00/device_support/f2837xd/
    5486                      .dwattr $C$DW$475, DW_AT_decl_line(0xd78)
    5487                      .dwattr $C$DW$475, DW_AT_decl_column(0x0c)
    5488              
    5489              $C$DW$476       .dwtag  DW_TAG_member
    5490                      .dwattr $C$DW$476, DW_AT_type(*$C$DW$T$19)
    5491                      .dwattr $C$DW$476, DW_AT_name("GPIO107")
    5492                      .dwattr $C$DW$476, DW_AT_bit_offset(0x04)
    5493                      .dwattr $C$DW$476, DW_AT_bit_size(0x01)
    5494                      .dwattr $C$DW$476, DW_AT_accessibility(DW_ACCESS_public)
    5495                      .dwattr $C$DW$476, DW_AT_decl_file("/home/jose/ti/c2000/C2000Ware_26_01_00_00/device_support/f2837xd/
    5496                      .dwattr $C$DW$476, DW_AT_decl_line(0xd79)
    5497                      .dwattr $C$DW$476, DW_AT_decl_column(0x0c)
    5498              
    5499              $C$DW$477       .dwtag  DW_TAG_member
    5500                      .dwattr $C$DW$477, DW_AT_type(*$C$DW$T$19)
    5501                      .dwattr $C$DW$477, DW_AT_name("GPIO108")
    5502                      .dwattr $C$DW$477, DW_AT_bit_offset(0x03)
    5503                      .dwattr $C$DW$477, DW_AT_bit_size(0x01)
    5504                      .dwattr $C$DW$477, DW_AT_accessibility(DW_ACCESS_public)
    5505                      .dwattr $C$DW$477, DW_AT_decl_file("/home/jose/ti/c2000/C2000Ware_26_01_00_00/device_support/f2837xd/
    5506                      .dwattr $C$DW$477, DW_AT_decl_line(0xd7a)
    5507                      .dwattr $C$DW$477, DW_AT_decl_column(0x0c)
    5508              
    5509              $C$DW$478       .dwtag  DW_TAG_member
    5510                      .dwattr $C$DW$478, DW_AT_type(*$C$DW$T$19)
    5511                      .dwattr $C$DW$478, DW_AT_name("GPIO109")
    5512                      .dwattr $C$DW$478, DW_AT_bit_offset(0x02)
    5513                      .dwattr $C$DW$478, DW_AT_bit_size(0x01)
    5514                      .dwattr $C$DW$478, DW_AT_accessibility(DW_ACCESS_public)
    5515                      .dwattr $C$DW$478, DW_AT_decl_file("/home/jose/ti/c2000/C2000Ware_26_01_00_00/device_support/f2837xd/
    5516                      .dwattr $C$DW$478, DW_AT_decl_line(0xd7b)
    5517                      .dwattr $C$DW$478, DW_AT_decl_column(0x0c)
    5518              
    5519              $C$DW$479       .dwtag  DW_TAG_member
    5520                      .dwattr $C$DW$479, DW_AT_type(*$C$DW$T$19)
TMS320C2000 Assembler Unix v25.11.0 Sat May 30 20:22:51 2026

Copyright (c) 1996-2018 Texas Instruments Incorporated
drv8305.asm                                                          PAGE  102

    5521                      .dwattr $C$DW$479, DW_AT_name("GPIO110")
    5522                      .dwattr $C$DW$479, DW_AT_bit_offset(0x01)
    5523                      .dwattr $C$DW$479, DW_AT_bit_size(0x01)
    5524                      .dwattr $C$DW$479, DW_AT_accessibility(DW_ACCESS_public)
    5525                      .dwattr $C$DW$479, DW_AT_decl_file("/home/jose/ti/c2000/C2000Ware_26_01_00_00/device_support/f2837xd/
    5526                      .dwattr $C$DW$479, DW_AT_decl_line(0xd7c)
    5527                      .dwattr $C$DW$479, DW_AT_decl_column(0x0c)
    5528              
    5529              $C$DW$480       .dwtag  DW_TAG_member
    5530                      .dwattr $C$DW$480, DW_AT_type(*$C$DW$T$19)
    5531                      .dwattr $C$DW$480, DW_AT_name("GPIO111")
    5532                      .dwattr $C$DW$480, DW_AT_bit_offset(0x00)
    5533                      .dwattr $C$DW$480, DW_AT_bit_size(0x01)
    5534                      .dwattr $C$DW$480, DW_AT_accessibility(DW_ACCESS_public)
    5535                      .dwattr $C$DW$480, DW_AT_decl_file("/home/jose/ti/c2000/C2000Ware_26_01_00_00/device_support/f2837xd/
    5536                      .dwattr $C$DW$480, DW_AT_decl_line(0xd7d)
    5537                      .dwattr $C$DW$480, DW_AT_decl_column(0x0c)
    5538              
    5539              $C$DW$481       .dwtag  DW_TAG_member
    5540                      .dwattr $C$DW$481, DW_AT_type(*$C$DW$T$19)
    5541                      .dwattr $C$DW$481, DW_AT_name("GPIO112")
    5542                      .dwattr $C$DW$481, DW_AT_bit_offset(0x0f)
    5543                      .dwattr $C$DW$481, DW_AT_bit_size(0x01)
    5544                      .dwattr $C$DW$481, DW_AT_data_member_location[DW_OP_plus_uconst 0x1]
    5545                      .dwattr $C$DW$481, DW_AT_accessibility(DW_ACCESS_public)
    5546                      .dwattr $C$DW$481, DW_AT_decl_file("/home/jose/ti/c2000/C2000Ware_26_01_00_00/device_support/f2837xd/
    5547                      .dwattr $C$DW$481, DW_AT_decl_line(0xd7e)
    5548                      .dwattr $C$DW$481, DW_AT_decl_column(0x0c)
    5549              
    5550              $C$DW$482       .dwtag  DW_TAG_member
    5551                      .dwattr $C$DW$482, DW_AT_type(*$C$DW$T$19)
    5552                      .dwattr $C$DW$482, DW_AT_name("GPIO113")
    5553                      .dwattr $C$DW$482, DW_AT_bit_offset(0x0e)
    5554                      .dwattr $C$DW$482, DW_AT_bit_size(0x01)
    5555                      .dwattr $C$DW$482, DW_AT_data_member_location[DW_OP_plus_uconst 0x1]
    5556                      .dwattr $C$DW$482, DW_AT_accessibility(DW_ACCESS_public)
    5557                      .dwattr $C$DW$482, DW_AT_decl_file("/home/jose/ti/c2000/C2000Ware_26_01_00_00/device_support/f2837xd/
    5558                      .dwattr $C$DW$482, DW_AT_decl_line(0xd7f)
    5559                      .dwattr $C$DW$482, DW_AT_decl_column(0x0c)
    5560              
    5561              $C$DW$483       .dwtag  DW_TAG_member
    5562                      .dwattr $C$DW$483, DW_AT_type(*$C$DW$T$19)
    5563                      .dwattr $C$DW$483, DW_AT_name("GPIO114")
    5564                      .dwattr $C$DW$483, DW_AT_bit_offset(0x0d)
    5565                      .dwattr $C$DW$483, DW_AT_bit_size(0x01)
    5566                      .dwattr $C$DW$483, DW_AT_data_member_location[DW_OP_plus_uconst 0x1]
    5567                      .dwattr $C$DW$483, DW_AT_accessibility(DW_ACCESS_public)
    5568                      .dwattr $C$DW$483, DW_AT_decl_file("/home/jose/ti/c2000/C2000Ware_26_01_00_00/device_support/f2837xd/
    5569                      .dwattr $C$DW$483, DW_AT_decl_line(0xd80)
    5570                      .dwattr $C$DW$483, DW_AT_decl_column(0x0c)
    5571              
    5572              $C$DW$484       .dwtag  DW_TAG_member
    5573                      .dwattr $C$DW$484, DW_AT_type(*$C$DW$T$19)
    5574                      .dwattr $C$DW$484, DW_AT_name("GPIO115")
    5575                      .dwattr $C$DW$484, DW_AT_bit_offset(0x0c)
TMS320C2000 Assembler Unix v25.11.0 Sat May 30 20:22:51 2026

Copyright (c) 1996-2018 Texas Instruments Incorporated
drv8305.asm                                                          PAGE  103

    5576                      .dwattr $C$DW$484, DW_AT_bit_size(0x01)
    5577                      .dwattr $C$DW$484, DW_AT_data_member_location[DW_OP_plus_uconst 0x1]
    5578                      .dwattr $C$DW$484, DW_AT_accessibility(DW_ACCESS_public)
    5579                      .dwattr $C$DW$484, DW_AT_decl_file("/home/jose/ti/c2000/C2000Ware_26_01_00_00/device_support/f2837xd/
    5580                      .dwattr $C$DW$484, DW_AT_decl_line(0xd81)
    5581                      .dwattr $C$DW$484, DW_AT_decl_column(0x0c)
    5582              
    5583              $C$DW$485       .dwtag  DW_TAG_member
    5584                      .dwattr $C$DW$485, DW_AT_type(*$C$DW$T$19)
    5585                      .dwattr $C$DW$485, DW_AT_name("GPIO116")
    5586                      .dwattr $C$DW$485, DW_AT_bit_offset(0x0b)
    5587                      .dwattr $C$DW$485, DW_AT_bit_size(0x01)
    5588                      .dwattr $C$DW$485, DW_AT_data_member_location[DW_OP_plus_uconst 0x1]
    5589                      .dwattr $C$DW$485, DW_AT_accessibility(DW_ACCESS_public)
    5590                      .dwattr $C$DW$485, DW_AT_decl_file("/home/jose/ti/c2000/C2000Ware_26_01_00_00/device_support/f2837xd/
    5591                      .dwattr $C$DW$485, DW_AT_decl_line(0xd82)
    5592                      .dwattr $C$DW$485, DW_AT_decl_column(0x0c)
    5593              
    5594              $C$DW$486       .dwtag  DW_TAG_member
    5595                      .dwattr $C$DW$486, DW_AT_type(*$C$DW$T$19)
    5596                      .dwattr $C$DW$486, DW_AT_name("GPIO117")
    5597                      .dwattr $C$DW$486, DW_AT_bit_offset(0x0a)
    5598                      .dwattr $C$DW$486, DW_AT_bit_size(0x01)
    5599                      .dwattr $C$DW$486, DW_AT_data_member_location[DW_OP_plus_uconst 0x1]
    5600                      .dwattr $C$DW$486, DW_AT_accessibility(DW_ACCESS_public)
    5601                      .dwattr $C$DW$486, DW_AT_decl_file("/home/jose/ti/c2000/C2000Ware_26_01_00_00/device_support/f2837xd/
    5602                      .dwattr $C$DW$486, DW_AT_decl_line(0xd83)
    5603                      .dwattr $C$DW$486, DW_AT_decl_column(0x0c)
    5604              
    5605              $C$DW$487       .dwtag  DW_TAG_member
    5606                      .dwattr $C$DW$487, DW_AT_type(*$C$DW$T$19)
    5607                      .dwattr $C$DW$487, DW_AT_name("GPIO118")
    5608                      .dwattr $C$DW$487, DW_AT_bit_offset(0x09)
    5609                      .dwattr $C$DW$487, DW_AT_bit_size(0x01)
    5610                      .dwattr $C$DW$487, DW_AT_data_member_location[DW_OP_plus_uconst 0x1]
    5611                      .dwattr $C$DW$487, DW_AT_accessibility(DW_ACCESS_public)
    5612                      .dwattr $C$DW$487, DW_AT_decl_file("/home/jose/ti/c2000/C2000Ware_26_01_00_00/device_support/f2837xd/
    5613                      .dwattr $C$DW$487, DW_AT_decl_line(0xd84)
    5614                      .dwattr $C$DW$487, DW_AT_decl_column(0x0c)
    5615              
    5616              $C$DW$488       .dwtag  DW_TAG_member
    5617                      .dwattr $C$DW$488, DW_AT_type(*$C$DW$T$19)
    5618                      .dwattr $C$DW$488, DW_AT_name("GPIO119")
    5619                      .dwattr $C$DW$488, DW_AT_bit_offset(0x08)
    5620                      .dwattr $C$DW$488, DW_AT_bit_size(0x01)
    5621                      .dwattr $C$DW$488, DW_AT_data_member_location[DW_OP_plus_uconst 0x1]
    5622                      .dwattr $C$DW$488, DW_AT_accessibility(DW_ACCESS_public)
    5623                      .dwattr $C$DW$488, DW_AT_decl_file("/home/jose/ti/c2000/C2000Ware_26_01_00_00/device_support/f2837xd/
    5624                      .dwattr $C$DW$488, DW_AT_decl_line(0xd85)
    5625                      .dwattr $C$DW$488, DW_AT_decl_column(0x0c)
    5626              
    5627              $C$DW$489       .dwtag  DW_TAG_member
    5628                      .dwattr $C$DW$489, DW_AT_type(*$C$DW$T$19)
    5629                      .dwattr $C$DW$489, DW_AT_name("GPIO120")
    5630                      .dwattr $C$DW$489, DW_AT_bit_offset(0x07)
TMS320C2000 Assembler Unix v25.11.0 Sat May 30 20:22:51 2026

Copyright (c) 1996-2018 Texas Instruments Incorporated
drv8305.asm                                                          PAGE  104

    5631                      .dwattr $C$DW$489, DW_AT_bit_size(0x01)
    5632                      .dwattr $C$DW$489, DW_AT_data_member_location[DW_OP_plus_uconst 0x1]
    5633                      .dwattr $C$DW$489, DW_AT_accessibility(DW_ACCESS_public)
    5634                      .dwattr $C$DW$489, DW_AT_decl_file("/home/jose/ti/c2000/C2000Ware_26_01_00_00/device_support/f2837xd/
    5635                      .dwattr $C$DW$489, DW_AT_decl_line(0xd86)
    5636                      .dwattr $C$DW$489, DW_AT_decl_column(0x0c)
    5637              
    5638              $C$DW$490       .dwtag  DW_TAG_member
    5639                      .dwattr $C$DW$490, DW_AT_type(*$C$DW$T$19)
    5640                      .dwattr $C$DW$490, DW_AT_name("GPIO121")
    5641                      .dwattr $C$DW$490, DW_AT_bit_offset(0x06)
    5642                      .dwattr $C$DW$490, DW_AT_bit_size(0x01)
    5643                      .dwattr $C$DW$490, DW_AT_data_member_location[DW_OP_plus_uconst 0x1]
    5644                      .dwattr $C$DW$490, DW_AT_accessibility(DW_ACCESS_public)
    5645                      .dwattr $C$DW$490, DW_AT_decl_file("/home/jose/ti/c2000/C2000Ware_26_01_00_00/device_support/f2837xd/
    5646                      .dwattr $C$DW$490, DW_AT_decl_line(0xd87)
    5647                      .dwattr $C$DW$490, DW_AT_decl_column(0x0c)
    5648              
    5649              $C$DW$491       .dwtag  DW_TAG_member
    5650                      .dwattr $C$DW$491, DW_AT_type(*$C$DW$T$19)
    5651                      .dwattr $C$DW$491, DW_AT_name("GPIO122")
    5652                      .dwattr $C$DW$491, DW_AT_bit_offset(0x05)
    5653                      .dwattr $C$DW$491, DW_AT_bit_size(0x01)
    5654                      .dwattr $C$DW$491, DW_AT_data_member_location[DW_OP_plus_uconst 0x1]
    5655                      .dwattr $C$DW$491, DW_AT_accessibility(DW_ACCESS_public)
    5656                      .dwattr $C$DW$491, DW_AT_decl_file("/home/jose/ti/c2000/C2000Ware_26_01_00_00/device_support/f2837xd/
    5657                      .dwattr $C$DW$491, DW_AT_decl_line(0xd88)
    5658                      .dwattr $C$DW$491, DW_AT_decl_column(0x0c)
    5659              
    5660              $C$DW$492       .dwtag  DW_TAG_member
    5661                      .dwattr $C$DW$492, DW_AT_type(*$C$DW$T$19)
    5662                      .dwattr $C$DW$492, DW_AT_name("GPIO123")
    5663                      .dwattr $C$DW$492, DW_AT_bit_offset(0x04)
    5664                      .dwattr $C$DW$492, DW_AT_bit_size(0x01)
    5665                      .dwattr $C$DW$492, DW_AT_data_member_location[DW_OP_plus_uconst 0x1]
    5666                      .dwattr $C$DW$492, DW_AT_accessibility(DW_ACCESS_public)
    5667                      .dwattr $C$DW$492, DW_AT_decl_file("/home/jose/ti/c2000/C2000Ware_26_01_00_00/device_support/f2837xd/
    5668                      .dwattr $C$DW$492, DW_AT_decl_line(0xd89)
    5669                      .dwattr $C$DW$492, DW_AT_decl_column(0x0c)
    5670              
    5671              $C$DW$493       .dwtag  DW_TAG_member
    5672                      .dwattr $C$DW$493, DW_AT_type(*$C$DW$T$19)
    5673                      .dwattr $C$DW$493, DW_AT_name("GPIO124")
    5674                      .dwattr $C$DW$493, DW_AT_bit_offset(0x03)
    5675                      .dwattr $C$DW$493, DW_AT_bit_size(0x01)
    5676                      .dwattr $C$DW$493, DW_AT_data_member_location[DW_OP_plus_uconst 0x1]
    5677                      .dwattr $C$DW$493, DW_AT_accessibility(DW_ACCESS_public)
    5678                      .dwattr $C$DW$493, DW_AT_decl_file("/home/jose/ti/c2000/C2000Ware_26_01_00_00/device_support/f2837xd/
    5679                      .dwattr $C$DW$493, DW_AT_decl_line(0xd8a)
    5680                      .dwattr $C$DW$493, DW_AT_decl_column(0x0c)
    5681              
    5682              $C$DW$494       .dwtag  DW_TAG_member
    5683                      .dwattr $C$DW$494, DW_AT_type(*$C$DW$T$19)
    5684                      .dwattr $C$DW$494, DW_AT_name("GPIO125")
    5685                      .dwattr $C$DW$494, DW_AT_bit_offset(0x02)
TMS320C2000 Assembler Unix v25.11.0 Sat May 30 20:22:51 2026

Copyright (c) 1996-2018 Texas Instruments Incorporated
drv8305.asm                                                          PAGE  105

    5686                      .dwattr $C$DW$494, DW_AT_bit_size(0x01)
    5687                      .dwattr $C$DW$494, DW_AT_data_member_location[DW_OP_plus_uconst 0x1]
    5688                      .dwattr $C$DW$494, DW_AT_accessibility(DW_ACCESS_public)
    5689                      .dwattr $C$DW$494, DW_AT_decl_file("/home/jose/ti/c2000/C2000Ware_26_01_00_00/device_support/f2837xd/
    5690                      .dwattr $C$DW$494, DW_AT_decl_line(0xd8b)
    5691                      .dwattr $C$DW$494, DW_AT_decl_column(0x0c)
    5692              
    5693              $C$DW$495       .dwtag  DW_TAG_member
    5694                      .dwattr $C$DW$495, DW_AT_type(*$C$DW$T$19)
    5695                      .dwattr $C$DW$495, DW_AT_name("GPIO126")
    5696                      .dwattr $C$DW$495, DW_AT_bit_offset(0x01)
    5697                      .dwattr $C$DW$495, DW_AT_bit_size(0x01)
    5698                      .dwattr $C$DW$495, DW_AT_data_member_location[DW_OP_plus_uconst 0x1]
    5699                      .dwattr $C$DW$495, DW_AT_accessibility(DW_ACCESS_public)
    5700                      .dwattr $C$DW$495, DW_AT_decl_file("/home/jose/ti/c2000/C2000Ware_26_01_00_00/device_support/f2837xd/
    5701                      .dwattr $C$DW$495, DW_AT_decl_line(0xd8c)
    5702                      .dwattr $C$DW$495, DW_AT_decl_column(0x0c)
    5703              
    5704              $C$DW$496       .dwtag  DW_TAG_member
    5705                      .dwattr $C$DW$496, DW_AT_type(*$C$DW$T$19)
    5706                      .dwattr $C$DW$496, DW_AT_name("GPIO127")
    5707                      .dwattr $C$DW$496, DW_AT_bit_offset(0x00)
    5708                      .dwattr $C$DW$496, DW_AT_bit_size(0x01)
    5709                      .dwattr $C$DW$496, DW_AT_data_member_location[DW_OP_plus_uconst 0x1]
    5710                      .dwattr $C$DW$496, DW_AT_accessibility(DW_ACCESS_public)
    5711                      .dwattr $C$DW$496, DW_AT_decl_file("/home/jose/ti/c2000/C2000Ware_26_01_00_00/device_support/f2837xd/
    5712                      .dwattr $C$DW$496, DW_AT_decl_line(0xd8d)
    5713                      .dwattr $C$DW$496, DW_AT_decl_column(0x0c)
    5714              
    5715                      .dwattr $C$DW$T$45, DW_AT_decl_file("/home/jose/ti/c2000/C2000Ware_26_01_00_00/device_support/f2837xd
    5716                      .dwattr $C$DW$T$45, DW_AT_decl_line(0xd6d)
    5717                      .dwattr $C$DW$T$45, DW_AT_decl_column(0x08)
    5718                      .dwendtag $C$DW$T$45
    5719              
    5720                      .dwendtag $C$DW$TU$45
    5721              
    5722              
    5723              $C$DW$TU$46     .dwtag  DW_TAG_type_unit
    5724                      .dwmtype  $C$DW$T$46
    5725              
    5726              $C$DW$T$46      .dwtag  DW_TAG_union_type
    5727                      .dwattr $C$DW$T$46, DW_AT_name("GPDCLEAR_REG")
    5728                      .dwattr $C$DW$T$46, DW_AT_byte_size(0x02)
    5729              $C$DW$497       .dwtag  DW_TAG_member
    5730                      .dwattr $C$DW$497, DW_AT_type(*$C$DW$T$21)
    5731                      .dwattr $C$DW$497, DW_AT_name("all")
    5732                      .dwattr $C$DW$497, DW_AT_accessibility(DW_ACCESS_public)
    5733                      .dwattr $C$DW$497, DW_AT_decl_file("/home/jose/ti/c2000/C2000Ware_26_01_00_00/device_support/f2837xd/
    5734                      .dwattr $C$DW$497, DW_AT_decl_line(0xd91)
    5735                      .dwattr $C$DW$497, DW_AT_decl_column(0x0d)
    5736              
    5737              $C$DW$498       .dwtag  DW_TAG_member
    5738                      .dwattr $C$DW$498, DW_AT_type(*$C$DW$T$45)
    5739                      .dwattr $C$DW$498, DW_AT_name("bit")
    5740                      .dwattr $C$DW$498, DW_AT_accessibility(DW_ACCESS_public)
TMS320C2000 Assembler Unix v25.11.0 Sat May 30 20:22:51 2026

Copyright (c) 1996-2018 Texas Instruments Incorporated
drv8305.asm                                                          PAGE  106

    5741                      .dwattr $C$DW$498, DW_AT_decl_file("/home/jose/ti/c2000/C2000Ware_26_01_00_00/device_support/f2837xd/
    5742                      .dwattr $C$DW$498, DW_AT_decl_line(0xd92)
    5743                      .dwattr $C$DW$498, DW_AT_decl_column(0x1c)
    5744              
    5745                      .dwattr $C$DW$T$46, DW_AT_decl_file("/home/jose/ti/c2000/C2000Ware_26_01_00_00/device_support/f2837xd
    5746                      .dwattr $C$DW$T$46, DW_AT_decl_line(0xd90)
    5747                      .dwattr $C$DW$T$46, DW_AT_decl_column(0x07)
    5748                      .dwendtag $C$DW$T$46
    5749              
    5750                      .dwendtag $C$DW$TU$46
    5751              
    5752              
    5753              $C$DW$TU$47     .dwtag  DW_TAG_type_unit
    5754                      .dwmtype  $C$DW$T$47
    5755              
    5756              $C$DW$T$47      .dwtag  DW_TAG_structure_type
    5757                      .dwattr $C$DW$T$47, DW_AT_name("GPDDAT_BITS")
    5758                      .dwattr $C$DW$T$47, DW_AT_byte_size(0x02)
    5759              $C$DW$499       .dwtag  DW_TAG_member
    5760                      .dwattr $C$DW$499, DW_AT_type(*$C$DW$T$19)
    5761                      .dwattr $C$DW$499, DW_AT_name("GPIO96")
    5762                      .dwattr $C$DW$499, DW_AT_bit_offset(0x0f)
    5763                      .dwattr $C$DW$499, DW_AT_bit_size(0x01)
    5764                      .dwattr $C$DW$499, DW_AT_accessibility(DW_ACCESS_public)
    5765                      .dwattr $C$DW$499, DW_AT_decl_file("/home/jose/ti/c2000/C2000Ware_26_01_00_00/device_support/f2837xd/
    5766                      .dwattr $C$DW$499, DW_AT_decl_line(0xd1e)
    5767                      .dwattr $C$DW$499, DW_AT_decl_column(0x0c)
    5768              
    5769              $C$DW$500       .dwtag  DW_TAG_member
    5770                      .dwattr $C$DW$500, DW_AT_type(*$C$DW$T$19)
    5771                      .dwattr $C$DW$500, DW_AT_name("GPIO97")
    5772                      .dwattr $C$DW$500, DW_AT_bit_offset(0x0e)
    5773                      .dwattr $C$DW$500, DW_AT_bit_size(0x01)
    5774                      .dwattr $C$DW$500, DW_AT_accessibility(DW_ACCESS_public)
    5775                      .dwattr $C$DW$500, DW_AT_decl_file("/home/jose/ti/c2000/C2000Ware_26_01_00_00/device_support/f2837xd/
    5776                      .dwattr $C$DW$500, DW_AT_decl_line(0xd1f)
    5777                      .dwattr $C$DW$500, DW_AT_decl_column(0x0c)
    5778              
    5779              $C$DW$501       .dwtag  DW_TAG_member
    5780                      .dwattr $C$DW$501, DW_AT_type(*$C$DW$T$19)
    5781                      .dwattr $C$DW$501, DW_AT_name("GPIO98")
    5782                      .dwattr $C$DW$501, DW_AT_bit_offset(0x0d)
    5783                      .dwattr $C$DW$501, DW_AT_bit_size(0x01)
    5784                      .dwattr $C$DW$501, DW_AT_accessibility(DW_ACCESS_public)
    5785                      .dwattr $C$DW$501, DW_AT_decl_file("/home/jose/ti/c2000/C2000Ware_26_01_00_00/device_support/f2837xd/
    5786                      .dwattr $C$DW$501, DW_AT_decl_line(0xd20)
    5787                      .dwattr $C$DW$501, DW_AT_decl_column(0x0c)
    5788              
    5789              $C$DW$502       .dwtag  DW_TAG_member
    5790                      .dwattr $C$DW$502, DW_AT_type(*$C$DW$T$19)
    5791                      .dwattr $C$DW$502, DW_AT_name("GPIO99")
    5792                      .dwattr $C$DW$502, DW_AT_bit_offset(0x0c)
    5793                      .dwattr $C$DW$502, DW_AT_bit_size(0x01)
    5794                      .dwattr $C$DW$502, DW_AT_accessibility(DW_ACCESS_public)
    5795                      .dwattr $C$DW$502, DW_AT_decl_file("/home/jose/ti/c2000/C2000Ware_26_01_00_00/device_support/f2837xd/
TMS320C2000 Assembler Unix v25.11.0 Sat May 30 20:22:51 2026

Copyright (c) 1996-2018 Texas Instruments Incorporated
drv8305.asm                                                          PAGE  107

    5796                      .dwattr $C$DW$502, DW_AT_decl_line(0xd21)
    5797                      .dwattr $C$DW$502, DW_AT_decl_column(0x0c)
    5798              
    5799              $C$DW$503       .dwtag  DW_TAG_member
    5800                      .dwattr $C$DW$503, DW_AT_type(*$C$DW$T$19)
    5801                      .dwattr $C$DW$503, DW_AT_name("GPIO100")
    5802                      .dwattr $C$DW$503, DW_AT_bit_offset(0x0b)
    5803                      .dwattr $C$DW$503, DW_AT_bit_size(0x01)
    5804                      .dwattr $C$DW$503, DW_AT_accessibility(DW_ACCESS_public)
    5805                      .dwattr $C$DW$503, DW_AT_decl_file("/home/jose/ti/c2000/C2000Ware_26_01_00_00/device_support/f2837xd/
    5806                      .dwattr $C$DW$503, DW_AT_decl_line(0xd22)
    5807                      .dwattr $C$DW$503, DW_AT_decl_column(0x0c)
    5808              
    5809              $C$DW$504       .dwtag  DW_TAG_member
    5810                      .dwattr $C$DW$504, DW_AT_type(*$C$DW$T$19)
    5811                      .dwattr $C$DW$504, DW_AT_name("GPIO101")
    5812                      .dwattr $C$DW$504, DW_AT_bit_offset(0x0a)
    5813                      .dwattr $C$DW$504, DW_AT_bit_size(0x01)
    5814                      .dwattr $C$DW$504, DW_AT_accessibility(DW_ACCESS_public)
    5815                      .dwattr $C$DW$504, DW_AT_decl_file("/home/jose/ti/c2000/C2000Ware_26_01_00_00/device_support/f2837xd/
    5816                      .dwattr $C$DW$504, DW_AT_decl_line(0xd23)
    5817                      .dwattr $C$DW$504, DW_AT_decl_column(0x0c)
    5818              
    5819              $C$DW$505       .dwtag  DW_TAG_member
    5820                      .dwattr $C$DW$505, DW_AT_type(*$C$DW$T$19)
    5821                      .dwattr $C$DW$505, DW_AT_name("GPIO102")
    5822                      .dwattr $C$DW$505, DW_AT_bit_offset(0x09)
    5823                      .dwattr $C$DW$505, DW_AT_bit_size(0x01)
    5824                      .dwattr $C$DW$505, DW_AT_accessibility(DW_ACCESS_public)
    5825                      .dwattr $C$DW$505, DW_AT_decl_file("/home/jose/ti/c2000/C2000Ware_26_01_00_00/device_support/f2837xd/
    5826                      .dwattr $C$DW$505, DW_AT_decl_line(0xd24)
    5827                      .dwattr $C$DW$505, DW_AT_decl_column(0x0c)
    5828              
    5829              $C$DW$506       .dwtag  DW_TAG_member
    5830                      .dwattr $C$DW$506, DW_AT_type(*$C$DW$T$19)
    5831                      .dwattr $C$DW$506, DW_AT_name("GPIO103")
    5832                      .dwattr $C$DW$506, DW_AT_bit_offset(0x08)
    5833                      .dwattr $C$DW$506, DW_AT_bit_size(0x01)
    5834                      .dwattr $C$DW$506, DW_AT_accessibility(DW_ACCESS_public)
    5835                      .dwattr $C$DW$506, DW_AT_decl_file("/home/jose/ti/c2000/C2000Ware_26_01_00_00/device_support/f2837xd/
    5836                      .dwattr $C$DW$506, DW_AT_decl_line(0xd25)
    5837                      .dwattr $C$DW$506, DW_AT_decl_column(0x0c)
    5838              
    5839              $C$DW$507       .dwtag  DW_TAG_member
    5840                      .dwattr $C$DW$507, DW_AT_type(*$C$DW$T$19)
    5841                      .dwattr $C$DW$507, DW_AT_name("GPIO104")
    5842                      .dwattr $C$DW$507, DW_AT_bit_offset(0x07)
    5843                      .dwattr $C$DW$507, DW_AT_bit_size(0x01)
    5844                      .dwattr $C$DW$507, DW_AT_accessibility(DW_ACCESS_public)
    5845                      .dwattr $C$DW$507, DW_AT_decl_file("/home/jose/ti/c2000/C2000Ware_26_01_00_00/device_support/f2837xd/
    5846                      .dwattr $C$DW$507, DW_AT_decl_line(0xd26)
    5847                      .dwattr $C$DW$507, DW_AT_decl_column(0x0c)
    5848              
    5849              $C$DW$508       .dwtag  DW_TAG_member
    5850                      .dwattr $C$DW$508, DW_AT_type(*$C$DW$T$19)
TMS320C2000 Assembler Unix v25.11.0 Sat May 30 20:22:51 2026

Copyright (c) 1996-2018 Texas Instruments Incorporated
drv8305.asm                                                          PAGE  108

    5851                      .dwattr $C$DW$508, DW_AT_name("GPIO105")
    5852                      .dwattr $C$DW$508, DW_AT_bit_offset(0x06)
    5853                      .dwattr $C$DW$508, DW_AT_bit_size(0x01)
    5854                      .dwattr $C$DW$508, DW_AT_accessibility(DW_ACCESS_public)
    5855                      .dwattr $C$DW$508, DW_AT_decl_file("/home/jose/ti/c2000/C2000Ware_26_01_00_00/device_support/f2837xd/
    5856                      .dwattr $C$DW$508, DW_AT_decl_line(0xd27)
    5857                      .dwattr $C$DW$508, DW_AT_decl_column(0x0c)
    5858              
    5859              $C$DW$509       .dwtag  DW_TAG_member
    5860                      .dwattr $C$DW$509, DW_AT_type(*$C$DW$T$19)
    5861                      .dwattr $C$DW$509, DW_AT_name("GPIO106")
    5862                      .dwattr $C$DW$509, DW_AT_bit_offset(0x05)
    5863                      .dwattr $C$DW$509, DW_AT_bit_size(0x01)
    5864                      .dwattr $C$DW$509, DW_AT_accessibility(DW_ACCESS_public)
    5865                      .dwattr $C$DW$509, DW_AT_decl_file("/home/jose/ti/c2000/C2000Ware_26_01_00_00/device_support/f2837xd/
    5866                      .dwattr $C$DW$509, DW_AT_decl_line(0xd28)
    5867                      .dwattr $C$DW$509, DW_AT_decl_column(0x0c)
    5868              
    5869              $C$DW$510       .dwtag  DW_TAG_member
    5870                      .dwattr $C$DW$510, DW_AT_type(*$C$DW$T$19)
    5871                      .dwattr $C$DW$510, DW_AT_name("GPIO107")
    5872                      .dwattr $C$DW$510, DW_AT_bit_offset(0x04)
    5873                      .dwattr $C$DW$510, DW_AT_bit_size(0x01)
    5874                      .dwattr $C$DW$510, DW_AT_accessibility(DW_ACCESS_public)
    5875                      .dwattr $C$DW$510, DW_AT_decl_file("/home/jose/ti/c2000/C2000Ware_26_01_00_00/device_support/f2837xd/
    5876                      .dwattr $C$DW$510, DW_AT_decl_line(0xd29)
    5877                      .dwattr $C$DW$510, DW_AT_decl_column(0x0c)
    5878              
    5879              $C$DW$511       .dwtag  DW_TAG_member
    5880                      .dwattr $C$DW$511, DW_AT_type(*$C$DW$T$19)
    5881                      .dwattr $C$DW$511, DW_AT_name("GPIO108")
    5882                      .dwattr $C$DW$511, DW_AT_bit_offset(0x03)
    5883                      .dwattr $C$DW$511, DW_AT_bit_size(0x01)
    5884                      .dwattr $C$DW$511, DW_AT_accessibility(DW_ACCESS_public)
    5885                      .dwattr $C$DW$511, DW_AT_decl_file("/home/jose/ti/c2000/C2000Ware_26_01_00_00/device_support/f2837xd/
    5886                      .dwattr $C$DW$511, DW_AT_decl_line(0xd2a)
    5887                      .dwattr $C$DW$511, DW_AT_decl_column(0x0c)
    5888              
    5889              $C$DW$512       .dwtag  DW_TAG_member
    5890                      .dwattr $C$DW$512, DW_AT_type(*$C$DW$T$19)
    5891                      .dwattr $C$DW$512, DW_AT_name("GPIO109")
    5892                      .dwattr $C$DW$512, DW_AT_bit_offset(0x02)
    5893                      .dwattr $C$DW$512, DW_AT_bit_size(0x01)
    5894                      .dwattr $C$DW$512, DW_AT_accessibility(DW_ACCESS_public)
    5895                      .dwattr $C$DW$512, DW_AT_decl_file("/home/jose/ti/c2000/C2000Ware_26_01_00_00/device_support/f2837xd/
    5896                      .dwattr $C$DW$512, DW_AT_decl_line(0xd2b)
    5897                      .dwattr $C$DW$512, DW_AT_decl_column(0x0c)
    5898              
    5899              $C$DW$513       .dwtag  DW_TAG_member
    5900                      .dwattr $C$DW$513, DW_AT_type(*$C$DW$T$19)
    5901                      .dwattr $C$DW$513, DW_AT_name("GPIO110")
    5902                      .dwattr $C$DW$513, DW_AT_bit_offset(0x01)
    5903                      .dwattr $C$DW$513, DW_AT_bit_size(0x01)
    5904                      .dwattr $C$DW$513, DW_AT_accessibility(DW_ACCESS_public)
    5905                      .dwattr $C$DW$513, DW_AT_decl_file("/home/jose/ti/c2000/C2000Ware_26_01_00_00/device_support/f2837xd/
TMS320C2000 Assembler Unix v25.11.0 Sat May 30 20:22:51 2026

Copyright (c) 1996-2018 Texas Instruments Incorporated
drv8305.asm                                                          PAGE  109

    5906                      .dwattr $C$DW$513, DW_AT_decl_line(0xd2c)
    5907                      .dwattr $C$DW$513, DW_AT_decl_column(0x0c)
    5908              
    5909              $C$DW$514       .dwtag  DW_TAG_member
    5910                      .dwattr $C$DW$514, DW_AT_type(*$C$DW$T$19)
    5911                      .dwattr $C$DW$514, DW_AT_name("GPIO111")
    5912                      .dwattr $C$DW$514, DW_AT_bit_offset(0x00)
    5913                      .dwattr $C$DW$514, DW_AT_bit_size(0x01)
    5914                      .dwattr $C$DW$514, DW_AT_accessibility(DW_ACCESS_public)
    5915                      .dwattr $C$DW$514, DW_AT_decl_file("/home/jose/ti/c2000/C2000Ware_26_01_00_00/device_support/f2837xd/
    5916                      .dwattr $C$DW$514, DW_AT_decl_line(0xd2d)
    5917                      .dwattr $C$DW$514, DW_AT_decl_column(0x0c)
    5918              
    5919              $C$DW$515       .dwtag  DW_TAG_member
    5920                      .dwattr $C$DW$515, DW_AT_type(*$C$DW$T$19)
    5921                      .dwattr $C$DW$515, DW_AT_name("GPIO112")
    5922                      .dwattr $C$DW$515, DW_AT_bit_offset(0x0f)
    5923                      .dwattr $C$DW$515, DW_AT_bit_size(0x01)
    5924                      .dwattr $C$DW$515, DW_AT_data_member_location[DW_OP_plus_uconst 0x1]
    5925                      .dwattr $C$DW$515, DW_AT_accessibility(DW_ACCESS_public)
    5926                      .dwattr $C$DW$515, DW_AT_decl_file("/home/jose/ti/c2000/C2000Ware_26_01_00_00/device_support/f2837xd/
    5927                      .dwattr $C$DW$515, DW_AT_decl_line(0xd2e)
    5928                      .dwattr $C$DW$515, DW_AT_decl_column(0x0c)
    5929              
    5930              $C$DW$516       .dwtag  DW_TAG_member
    5931                      .dwattr $C$DW$516, DW_AT_type(*$C$DW$T$19)
    5932                      .dwattr $C$DW$516, DW_AT_name("GPIO113")
    5933                      .dwattr $C$DW$516, DW_AT_bit_offset(0x0e)
    5934                      .dwattr $C$DW$516, DW_AT_bit_size(0x01)
    5935                      .dwattr $C$DW$516, DW_AT_data_member_location[DW_OP_plus_uconst 0x1]
    5936                      .dwattr $C$DW$516, DW_AT_accessibility(DW_ACCESS_public)
    5937                      .dwattr $C$DW$516, DW_AT_decl_file("/home/jose/ti/c2000/C2000Ware_26_01_00_00/device_support/f2837xd/
    5938                      .dwattr $C$DW$516, DW_AT_decl_line(0xd2f)
    5939                      .dwattr $C$DW$516, DW_AT_decl_column(0x0c)
    5940              
    5941              $C$DW$517       .dwtag  DW_TAG_member
    5942                      .dwattr $C$DW$517, DW_AT_type(*$C$DW$T$19)
    5943                      .dwattr $C$DW$517, DW_AT_name("GPIO114")
    5944                      .dwattr $C$DW$517, DW_AT_bit_offset(0x0d)
    5945                      .dwattr $C$DW$517, DW_AT_bit_size(0x01)
    5946                      .dwattr $C$DW$517, DW_AT_data_member_location[DW_OP_plus_uconst 0x1]
    5947                      .dwattr $C$DW$517, DW_AT_accessibility(DW_ACCESS_public)
    5948                      .dwattr $C$DW$517, DW_AT_decl_file("/home/jose/ti/c2000/C2000Ware_26_01_00_00/device_support/f2837xd/
    5949                      .dwattr $C$DW$517, DW_AT_decl_line(0xd30)
    5950                      .dwattr $C$DW$517, DW_AT_decl_column(0x0c)
    5951              
    5952              $C$DW$518       .dwtag  DW_TAG_member
    5953                      .dwattr $C$DW$518, DW_AT_type(*$C$DW$T$19)
    5954                      .dwattr $C$DW$518, DW_AT_name("GPIO115")
    5955                      .dwattr $C$DW$518, DW_AT_bit_offset(0x0c)
    5956                      .dwattr $C$DW$518, DW_AT_bit_size(0x01)
    5957                      .dwattr $C$DW$518, DW_AT_data_member_location[DW_OP_plus_uconst 0x1]
    5958                      .dwattr $C$DW$518, DW_AT_accessibility(DW_ACCESS_public)
    5959                      .dwattr $C$DW$518, DW_AT_decl_file("/home/jose/ti/c2000/C2000Ware_26_01_00_00/device_support/f2837xd/
    5960                      .dwattr $C$DW$518, DW_AT_decl_line(0xd31)
TMS320C2000 Assembler Unix v25.11.0 Sat May 30 20:22:51 2026

Copyright (c) 1996-2018 Texas Instruments Incorporated
drv8305.asm                                                          PAGE  110

    5961                      .dwattr $C$DW$518, DW_AT_decl_column(0x0c)
    5962              
    5963              $C$DW$519       .dwtag  DW_TAG_member
    5964                      .dwattr $C$DW$519, DW_AT_type(*$C$DW$T$19)
    5965                      .dwattr $C$DW$519, DW_AT_name("GPIO116")
    5966                      .dwattr $C$DW$519, DW_AT_bit_offset(0x0b)
    5967                      .dwattr $C$DW$519, DW_AT_bit_size(0x01)
    5968                      .dwattr $C$DW$519, DW_AT_data_member_location[DW_OP_plus_uconst 0x1]
    5969                      .dwattr $C$DW$519, DW_AT_accessibility(DW_ACCESS_public)
    5970                      .dwattr $C$DW$519, DW_AT_decl_file("/home/jose/ti/c2000/C2000Ware_26_01_00_00/device_support/f2837xd/
    5971                      .dwattr $C$DW$519, DW_AT_decl_line(0xd32)
    5972                      .dwattr $C$DW$519, DW_AT_decl_column(0x0c)
    5973              
    5974              $C$DW$520       .dwtag  DW_TAG_member
    5975                      .dwattr $C$DW$520, DW_AT_type(*$C$DW$T$19)
    5976                      .dwattr $C$DW$520, DW_AT_name("GPIO117")
    5977                      .dwattr $C$DW$520, DW_AT_bit_offset(0x0a)
    5978                      .dwattr $C$DW$520, DW_AT_bit_size(0x01)
    5979                      .dwattr $C$DW$520, DW_AT_data_member_location[DW_OP_plus_uconst 0x1]
    5980                      .dwattr $C$DW$520, DW_AT_accessibility(DW_ACCESS_public)
    5981                      .dwattr $C$DW$520, DW_AT_decl_file("/home/jose/ti/c2000/C2000Ware_26_01_00_00/device_support/f2837xd/
    5982                      .dwattr $C$DW$520, DW_AT_decl_line(0xd33)
    5983                      .dwattr $C$DW$520, DW_AT_decl_column(0x0c)
    5984              
    5985              $C$DW$521       .dwtag  DW_TAG_member
    5986                      .dwattr $C$DW$521, DW_AT_type(*$C$DW$T$19)
    5987                      .dwattr $C$DW$521, DW_AT_name("GPIO118")
    5988                      .dwattr $C$DW$521, DW_AT_bit_offset(0x09)
    5989                      .dwattr $C$DW$521, DW_AT_bit_size(0x01)
    5990                      .dwattr $C$DW$521, DW_AT_data_member_location[DW_OP_plus_uconst 0x1]
    5991                      .dwattr $C$DW$521, DW_AT_accessibility(DW_ACCESS_public)
    5992                      .dwattr $C$DW$521, DW_AT_decl_file("/home/jose/ti/c2000/C2000Ware_26_01_00_00/device_support/f2837xd/
    5993                      .dwattr $C$DW$521, DW_AT_decl_line(0xd34)
    5994                      .dwattr $C$DW$521, DW_AT_decl_column(0x0c)
    5995              
    5996              $C$DW$522       .dwtag  DW_TAG_member
    5997                      .dwattr $C$DW$522, DW_AT_type(*$C$DW$T$19)
    5998                      .dwattr $C$DW$522, DW_AT_name("GPIO119")
    5999                      .dwattr $C$DW$522, DW_AT_bit_offset(0x08)
    6000                      .dwattr $C$DW$522, DW_AT_bit_size(0x01)
    6001                      .dwattr $C$DW$522, DW_AT_data_member_location[DW_OP_plus_uconst 0x1]
    6002                      .dwattr $C$DW$522, DW_AT_accessibility(DW_ACCESS_public)
    6003                      .dwattr $C$DW$522, DW_AT_decl_file("/home/jose/ti/c2000/C2000Ware_26_01_00_00/device_support/f2837xd/
    6004                      .dwattr $C$DW$522, DW_AT_decl_line(0xd35)
    6005                      .dwattr $C$DW$522, DW_AT_decl_column(0x0c)
    6006              
    6007              $C$DW$523       .dwtag  DW_TAG_member
    6008                      .dwattr $C$DW$523, DW_AT_type(*$C$DW$T$19)
    6009                      .dwattr $C$DW$523, DW_AT_name("GPIO120")
    6010                      .dwattr $C$DW$523, DW_AT_bit_offset(0x07)
    6011                      .dwattr $C$DW$523, DW_AT_bit_size(0x01)
    6012                      .dwattr $C$DW$523, DW_AT_data_member_location[DW_OP_plus_uconst 0x1]
    6013                      .dwattr $C$DW$523, DW_AT_accessibility(DW_ACCESS_public)
    6014                      .dwattr $C$DW$523, DW_AT_decl_file("/home/jose/ti/c2000/C2000Ware_26_01_00_00/device_support/f2837xd/
    6015                      .dwattr $C$DW$523, DW_AT_decl_line(0xd36)
TMS320C2000 Assembler Unix v25.11.0 Sat May 30 20:22:51 2026

Copyright (c) 1996-2018 Texas Instruments Incorporated
drv8305.asm                                                          PAGE  111

    6016                      .dwattr $C$DW$523, DW_AT_decl_column(0x0c)
    6017              
    6018              $C$DW$524       .dwtag  DW_TAG_member
    6019                      .dwattr $C$DW$524, DW_AT_type(*$C$DW$T$19)
    6020                      .dwattr $C$DW$524, DW_AT_name("GPIO121")
    6021                      .dwattr $C$DW$524, DW_AT_bit_offset(0x06)
    6022                      .dwattr $C$DW$524, DW_AT_bit_size(0x01)
    6023                      .dwattr $C$DW$524, DW_AT_data_member_location[DW_OP_plus_uconst 0x1]
    6024                      .dwattr $C$DW$524, DW_AT_accessibility(DW_ACCESS_public)
    6025                      .dwattr $C$DW$524, DW_AT_decl_file("/home/jose/ti/c2000/C2000Ware_26_01_00_00/device_support/f2837xd/
    6026                      .dwattr $C$DW$524, DW_AT_decl_line(0xd37)
    6027                      .dwattr $C$DW$524, DW_AT_decl_column(0x0c)
    6028              
    6029              $C$DW$525       .dwtag  DW_TAG_member
    6030                      .dwattr $C$DW$525, DW_AT_type(*$C$DW$T$19)
    6031                      .dwattr $C$DW$525, DW_AT_name("GPIO122")
    6032                      .dwattr $C$DW$525, DW_AT_bit_offset(0x05)
    6033                      .dwattr $C$DW$525, DW_AT_bit_size(0x01)
    6034                      .dwattr $C$DW$525, DW_AT_data_member_location[DW_OP_plus_uconst 0x1]
    6035                      .dwattr $C$DW$525, DW_AT_accessibility(DW_ACCESS_public)
    6036                      .dwattr $C$DW$525, DW_AT_decl_file("/home/jose/ti/c2000/C2000Ware_26_01_00_00/device_support/f2837xd/
    6037                      .dwattr $C$DW$525, DW_AT_decl_line(0xd38)
    6038                      .dwattr $C$DW$525, DW_AT_decl_column(0x0c)
    6039              
    6040              $C$DW$526       .dwtag  DW_TAG_member
    6041                      .dwattr $C$DW$526, DW_AT_type(*$C$DW$T$19)
    6042                      .dwattr $C$DW$526, DW_AT_name("GPIO123")
    6043                      .dwattr $C$DW$526, DW_AT_bit_offset(0x04)
    6044                      .dwattr $C$DW$526, DW_AT_bit_size(0x01)
    6045                      .dwattr $C$DW$526, DW_AT_data_member_location[DW_OP_plus_uconst 0x1]
    6046                      .dwattr $C$DW$526, DW_AT_accessibility(DW_ACCESS_public)
    6047                      .dwattr $C$DW$526, DW_AT_decl_file("/home/jose/ti/c2000/C2000Ware_26_01_00_00/device_support/f2837xd/
    6048                      .dwattr $C$DW$526, DW_AT_decl_line(0xd39)
    6049                      .dwattr $C$DW$526, DW_AT_decl_column(0x0c)
    6050              
    6051              $C$DW$527       .dwtag  DW_TAG_member
    6052                      .dwattr $C$DW$527, DW_AT_type(*$C$DW$T$19)
    6053                      .dwattr $C$DW$527, DW_AT_name("GPIO124")
    6054                      .dwattr $C$DW$527, DW_AT_bit_offset(0x03)
    6055                      .dwattr $C$DW$527, DW_AT_bit_size(0x01)
    6056                      .dwattr $C$DW$527, DW_AT_data_member_location[DW_OP_plus_uconst 0x1]
    6057                      .dwattr $C$DW$527, DW_AT_accessibility(DW_ACCESS_public)
    6058                      .dwattr $C$DW$527, DW_AT_decl_file("/home/jose/ti/c2000/C2000Ware_26_01_00_00/device_support/f2837xd/
    6059                      .dwattr $C$DW$527, DW_AT_decl_line(0xd3a)
    6060                      .dwattr $C$DW$527, DW_AT_decl_column(0x0c)
    6061              
    6062              $C$DW$528       .dwtag  DW_TAG_member
    6063                      .dwattr $C$DW$528, DW_AT_type(*$C$DW$T$19)
    6064                      .dwattr $C$DW$528, DW_AT_name("GPIO125")
    6065                      .dwattr $C$DW$528, DW_AT_bit_offset(0x02)
    6066                      .dwattr $C$DW$528, DW_AT_bit_size(0x01)
    6067                      .dwattr $C$DW$528, DW_AT_data_member_location[DW_OP_plus_uconst 0x1]
    6068                      .dwattr $C$DW$528, DW_AT_accessibility(DW_ACCESS_public)
    6069                      .dwattr $C$DW$528, DW_AT_decl_file("/home/jose/ti/c2000/C2000Ware_26_01_00_00/device_support/f2837xd/
    6070                      .dwattr $C$DW$528, DW_AT_decl_line(0xd3b)
TMS320C2000 Assembler Unix v25.11.0 Sat May 30 20:22:51 2026

Copyright (c) 1996-2018 Texas Instruments Incorporated
drv8305.asm                                                          PAGE  112

    6071                      .dwattr $C$DW$528, DW_AT_decl_column(0x0c)
    6072              
    6073              $C$DW$529       .dwtag  DW_TAG_member
    6074                      .dwattr $C$DW$529, DW_AT_type(*$C$DW$T$19)
    6075                      .dwattr $C$DW$529, DW_AT_name("GPIO126")
    6076                      .dwattr $C$DW$529, DW_AT_bit_offset(0x01)
    6077                      .dwattr $C$DW$529, DW_AT_bit_size(0x01)
    6078                      .dwattr $C$DW$529, DW_AT_data_member_location[DW_OP_plus_uconst 0x1]
    6079                      .dwattr $C$DW$529, DW_AT_accessibility(DW_ACCESS_public)
    6080                      .dwattr $C$DW$529, DW_AT_decl_file("/home/jose/ti/c2000/C2000Ware_26_01_00_00/device_support/f2837xd/
    6081                      .dwattr $C$DW$529, DW_AT_decl_line(0xd3c)
    6082                      .dwattr $C$DW$529, DW_AT_decl_column(0x0c)
    6083              
    6084              $C$DW$530       .dwtag  DW_TAG_member
    6085                      .dwattr $C$DW$530, DW_AT_type(*$C$DW$T$19)
    6086                      .dwattr $C$DW$530, DW_AT_name("GPIO127")
    6087                      .dwattr $C$DW$530, DW_AT_bit_offset(0x00)
    6088                      .dwattr $C$DW$530, DW_AT_bit_size(0x01)
    6089                      .dwattr $C$DW$530, DW_AT_data_member_location[DW_OP_plus_uconst 0x1]
    6090                      .dwattr $C$DW$530, DW_AT_accessibility(DW_ACCESS_public)
    6091                      .dwattr $C$DW$530, DW_AT_decl_file("/home/jose/ti/c2000/C2000Ware_26_01_00_00/device_support/f2837xd/
    6092                      .dwattr $C$DW$530, DW_AT_decl_line(0xd3d)
    6093                      .dwattr $C$DW$530, DW_AT_decl_column(0x0c)
    6094              
    6095                      .dwattr $C$DW$T$47, DW_AT_decl_file("/home/jose/ti/c2000/C2000Ware_26_01_00_00/device_support/f2837xd
    6096                      .dwattr $C$DW$T$47, DW_AT_decl_line(0xd1d)
    6097                      .dwattr $C$DW$T$47, DW_AT_decl_column(0x08)
    6098                      .dwendtag $C$DW$T$47
    6099              
    6100                      .dwendtag $C$DW$TU$47
    6101              
    6102              
    6103              $C$DW$TU$48     .dwtag  DW_TAG_type_unit
    6104                      .dwmtype  $C$DW$T$48
    6105              
    6106              $C$DW$T$48      .dwtag  DW_TAG_union_type
    6107                      .dwattr $C$DW$T$48, DW_AT_name("GPDDAT_REG")
    6108                      .dwattr $C$DW$T$48, DW_AT_byte_size(0x02)
    6109              $C$DW$531       .dwtag  DW_TAG_member
    6110                      .dwattr $C$DW$531, DW_AT_type(*$C$DW$T$21)
    6111                      .dwattr $C$DW$531, DW_AT_name("all")
    6112                      .dwattr $C$DW$531, DW_AT_accessibility(DW_ACCESS_public)
    6113                      .dwattr $C$DW$531, DW_AT_decl_file("/home/jose/ti/c2000/C2000Ware_26_01_00_00/device_support/f2837xd/
    6114                      .dwattr $C$DW$531, DW_AT_decl_line(0xd41)
    6115                      .dwattr $C$DW$531, DW_AT_decl_column(0x0d)
    6116              
    6117              $C$DW$532       .dwtag  DW_TAG_member
    6118                      .dwattr $C$DW$532, DW_AT_type(*$C$DW$T$47)
    6119                      .dwattr $C$DW$532, DW_AT_name("bit")
    6120                      .dwattr $C$DW$532, DW_AT_accessibility(DW_ACCESS_public)
    6121                      .dwattr $C$DW$532, DW_AT_decl_file("/home/jose/ti/c2000/C2000Ware_26_01_00_00/device_support/f2837xd/
    6122                      .dwattr $C$DW$532, DW_AT_decl_line(0xd42)
    6123                      .dwattr $C$DW$532, DW_AT_decl_column(0x1a)
    6124              
    6125                      .dwattr $C$DW$T$48, DW_AT_decl_file("/home/jose/ti/c2000/C2000Ware_26_01_00_00/device_support/f2837xd
TMS320C2000 Assembler Unix v25.11.0 Sat May 30 20:22:51 2026

Copyright (c) 1996-2018 Texas Instruments Incorporated
drv8305.asm                                                          PAGE  113

    6126                      .dwattr $C$DW$T$48, DW_AT_decl_line(0xd40)
    6127                      .dwattr $C$DW$T$48, DW_AT_decl_column(0x07)
    6128                      .dwendtag $C$DW$T$48
    6129              
    6130                      .dwendtag $C$DW$TU$48
    6131              
    6132              
    6133              $C$DW$TU$49     .dwtag  DW_TAG_type_unit
    6134                      .dwmtype  $C$DW$T$49
    6135              
    6136              $C$DW$T$49      .dwtag  DW_TAG_structure_type
    6137                      .dwattr $C$DW$T$49, DW_AT_name("GPDSET_BITS")
    6138                      .dwattr $C$DW$T$49, DW_AT_byte_size(0x02)
    6139              $C$DW$533       .dwtag  DW_TAG_member
    6140                      .dwattr $C$DW$533, DW_AT_type(*$C$DW$T$19)
    6141                      .dwattr $C$DW$533, DW_AT_name("GPIO96")
    6142                      .dwattr $C$DW$533, DW_AT_bit_offset(0x0f)
    6143                      .dwattr $C$DW$533, DW_AT_bit_size(0x01)
    6144                      .dwattr $C$DW$533, DW_AT_accessibility(DW_ACCESS_public)
    6145                      .dwattr $C$DW$533, DW_AT_decl_file("/home/jose/ti/c2000/C2000Ware_26_01_00_00/device_support/f2837xd/
    6146                      .dwattr $C$DW$533, DW_AT_decl_line(0xd46)
    6147                      .dwattr $C$DW$533, DW_AT_decl_column(0x0c)
    6148              
    6149              $C$DW$534       .dwtag  DW_TAG_member
    6150                      .dwattr $C$DW$534, DW_AT_type(*$C$DW$T$19)
    6151                      .dwattr $C$DW$534, DW_AT_name("GPIO97")
    6152                      .dwattr $C$DW$534, DW_AT_bit_offset(0x0e)
    6153                      .dwattr $C$DW$534, DW_AT_bit_size(0x01)
    6154                      .dwattr $C$DW$534, DW_AT_accessibility(DW_ACCESS_public)
    6155                      .dwattr $C$DW$534, DW_AT_decl_file("/home/jose/ti/c2000/C2000Ware_26_01_00_00/device_support/f2837xd/
    6156                      .dwattr $C$DW$534, DW_AT_decl_line(0xd47)
    6157                      .dwattr $C$DW$534, DW_AT_decl_column(0x0c)
    6158              
    6159              $C$DW$535       .dwtag  DW_TAG_member
    6160                      .dwattr $C$DW$535, DW_AT_type(*$C$DW$T$19)
    6161                      .dwattr $C$DW$535, DW_AT_name("GPIO98")
    6162                      .dwattr $C$DW$535, DW_AT_bit_offset(0x0d)
    6163                      .dwattr $C$DW$535, DW_AT_bit_size(0x01)
    6164                      .dwattr $C$DW$535, DW_AT_accessibility(DW_ACCESS_public)
    6165                      .dwattr $C$DW$535, DW_AT_decl_file("/home/jose/ti/c2000/C2000Ware_26_01_00_00/device_support/f2837xd/
    6166                      .dwattr $C$DW$535, DW_AT_decl_line(0xd48)
    6167                      .dwattr $C$DW$535, DW_AT_decl_column(0x0c)
    6168              
    6169              $C$DW$536       .dwtag  DW_TAG_member
    6170                      .dwattr $C$DW$536, DW_AT_type(*$C$DW$T$19)
    6171                      .dwattr $C$DW$536, DW_AT_name("GPIO99")
    6172                      .dwattr $C$DW$536, DW_AT_bit_offset(0x0c)
    6173                      .dwattr $C$DW$536, DW_AT_bit_size(0x01)
    6174                      .dwattr $C$DW$536, DW_AT_accessibility(DW_ACCESS_public)
    6175                      .dwattr $C$DW$536, DW_AT_decl_file("/home/jose/ti/c2000/C2000Ware_26_01_00_00/device_support/f2837xd/
    6176                      .dwattr $C$DW$536, DW_AT_decl_line(0xd49)
    6177                      .dwattr $C$DW$536, DW_AT_decl_column(0x0c)
    6178              
    6179              $C$DW$537       .dwtag  DW_TAG_member
    6180                      .dwattr $C$DW$537, DW_AT_type(*$C$DW$T$19)
TMS320C2000 Assembler Unix v25.11.0 Sat May 30 20:22:51 2026

Copyright (c) 1996-2018 Texas Instruments Incorporated
drv8305.asm                                                          PAGE  114

    6181                      .dwattr $C$DW$537, DW_AT_name("GPIO100")
    6182                      .dwattr $C$DW$537, DW_AT_bit_offset(0x0b)
    6183                      .dwattr $C$DW$537, DW_AT_bit_size(0x01)
    6184                      .dwattr $C$DW$537, DW_AT_accessibility(DW_ACCESS_public)
    6185                      .dwattr $C$DW$537, DW_AT_decl_file("/home/jose/ti/c2000/C2000Ware_26_01_00_00/device_support/f2837xd/
    6186                      .dwattr $C$DW$537, DW_AT_decl_line(0xd4a)
    6187                      .dwattr $C$DW$537, DW_AT_decl_column(0x0c)
    6188              
    6189              $C$DW$538       .dwtag  DW_TAG_member
    6190                      .dwattr $C$DW$538, DW_AT_type(*$C$DW$T$19)
    6191                      .dwattr $C$DW$538, DW_AT_name("GPIO101")
    6192                      .dwattr $C$DW$538, DW_AT_bit_offset(0x0a)
    6193                      .dwattr $C$DW$538, DW_AT_bit_size(0x01)
    6194                      .dwattr $C$DW$538, DW_AT_accessibility(DW_ACCESS_public)
    6195                      .dwattr $C$DW$538, DW_AT_decl_file("/home/jose/ti/c2000/C2000Ware_26_01_00_00/device_support/f2837xd/
    6196                      .dwattr $C$DW$538, DW_AT_decl_line(0xd4b)
    6197                      .dwattr $C$DW$538, DW_AT_decl_column(0x0c)
    6198              
    6199              $C$DW$539       .dwtag  DW_TAG_member
    6200                      .dwattr $C$DW$539, DW_AT_type(*$C$DW$T$19)
    6201                      .dwattr $C$DW$539, DW_AT_name("GPIO102")
    6202                      .dwattr $C$DW$539, DW_AT_bit_offset(0x09)
    6203                      .dwattr $C$DW$539, DW_AT_bit_size(0x01)
    6204                      .dwattr $C$DW$539, DW_AT_accessibility(DW_ACCESS_public)
    6205                      .dwattr $C$DW$539, DW_AT_decl_file("/home/jose/ti/c2000/C2000Ware_26_01_00_00/device_support/f2837xd/
    6206                      .dwattr $C$DW$539, DW_AT_decl_line(0xd4c)
    6207                      .dwattr $C$DW$539, DW_AT_decl_column(0x0c)
    6208              
    6209              $C$DW$540       .dwtag  DW_TAG_member
    6210                      .dwattr $C$DW$540, DW_AT_type(*$C$DW$T$19)
    6211                      .dwattr $C$DW$540, DW_AT_name("GPIO103")
    6212                      .dwattr $C$DW$540, DW_AT_bit_offset(0x08)
    6213                      .dwattr $C$DW$540, DW_AT_bit_size(0x01)
    6214                      .dwattr $C$DW$540, DW_AT_accessibility(DW_ACCESS_public)
    6215                      .dwattr $C$DW$540, DW_AT_decl_file("/home/jose/ti/c2000/C2000Ware_26_01_00_00/device_support/f2837xd/
    6216                      .dwattr $C$DW$540, DW_AT_decl_line(0xd4d)
    6217                      .dwattr $C$DW$540, DW_AT_decl_column(0x0c)
    6218              
    6219              $C$DW$541       .dwtag  DW_TAG_member
    6220                      .dwattr $C$DW$541, DW_AT_type(*$C$DW$T$19)
    6221                      .dwattr $C$DW$541, DW_AT_name("GPIO104")
    6222                      .dwattr $C$DW$541, DW_AT_bit_offset(0x07)
    6223                      .dwattr $C$DW$541, DW_AT_bit_size(0x01)
    6224                      .dwattr $C$DW$541, DW_AT_accessibility(DW_ACCESS_public)
    6225                      .dwattr $C$DW$541, DW_AT_decl_file("/home/jose/ti/c2000/C2000Ware_26_01_00_00/device_support/f2837xd/
    6226                      .dwattr $C$DW$541, DW_AT_decl_line(0xd4e)
    6227                      .dwattr $C$DW$541, DW_AT_decl_column(0x0c)
    6228              
    6229              $C$DW$542       .dwtag  DW_TAG_member
    6230                      .dwattr $C$DW$542, DW_AT_type(*$C$DW$T$19)
    6231                      .dwattr $C$DW$542, DW_AT_name("GPIO105")
    6232                      .dwattr $C$DW$542, DW_AT_bit_offset(0x06)
    6233                      .dwattr $C$DW$542, DW_AT_bit_size(0x01)
    6234                      .dwattr $C$DW$542, DW_AT_accessibility(DW_ACCESS_public)
    6235                      .dwattr $C$DW$542, DW_AT_decl_file("/home/jose/ti/c2000/C2000Ware_26_01_00_00/device_support/f2837xd/
TMS320C2000 Assembler Unix v25.11.0 Sat May 30 20:22:51 2026

Copyright (c) 1996-2018 Texas Instruments Incorporated
drv8305.asm                                                          PAGE  115

    6236                      .dwattr $C$DW$542, DW_AT_decl_line(0xd4f)
    6237                      .dwattr $C$DW$542, DW_AT_decl_column(0x0c)
    6238              
    6239              $C$DW$543       .dwtag  DW_TAG_member
    6240                      .dwattr $C$DW$543, DW_AT_type(*$C$DW$T$19)
    6241                      .dwattr $C$DW$543, DW_AT_name("GPIO106")
    6242                      .dwattr $C$DW$543, DW_AT_bit_offset(0x05)
    6243                      .dwattr $C$DW$543, DW_AT_bit_size(0x01)
    6244                      .dwattr $C$DW$543, DW_AT_accessibility(DW_ACCESS_public)
    6245                      .dwattr $C$DW$543, DW_AT_decl_file("/home/jose/ti/c2000/C2000Ware_26_01_00_00/device_support/f2837xd/
    6246                      .dwattr $C$DW$543, DW_AT_decl_line(0xd50)
    6247                      .dwattr $C$DW$543, DW_AT_decl_column(0x0c)
    6248              
    6249              $C$DW$544       .dwtag  DW_TAG_member
    6250                      .dwattr $C$DW$544, DW_AT_type(*$C$DW$T$19)
    6251                      .dwattr $C$DW$544, DW_AT_name("GPIO107")
    6252                      .dwattr $C$DW$544, DW_AT_bit_offset(0x04)
    6253                      .dwattr $C$DW$544, DW_AT_bit_size(0x01)
    6254                      .dwattr $C$DW$544, DW_AT_accessibility(DW_ACCESS_public)
    6255                      .dwattr $C$DW$544, DW_AT_decl_file("/home/jose/ti/c2000/C2000Ware_26_01_00_00/device_support/f2837xd/
    6256                      .dwattr $C$DW$544, DW_AT_decl_line(0xd51)
    6257                      .dwattr $C$DW$544, DW_AT_decl_column(0x0c)
    6258              
    6259              $C$DW$545       .dwtag  DW_TAG_member
    6260                      .dwattr $C$DW$545, DW_AT_type(*$C$DW$T$19)
    6261                      .dwattr $C$DW$545, DW_AT_name("GPIO108")
    6262                      .dwattr $C$DW$545, DW_AT_bit_offset(0x03)
    6263                      .dwattr $C$DW$545, DW_AT_bit_size(0x01)
    6264                      .dwattr $C$DW$545, DW_AT_accessibility(DW_ACCESS_public)
    6265                      .dwattr $C$DW$545, DW_AT_decl_file("/home/jose/ti/c2000/C2000Ware_26_01_00_00/device_support/f2837xd/
    6266                      .dwattr $C$DW$545, DW_AT_decl_line(0xd52)
    6267                      .dwattr $C$DW$545, DW_AT_decl_column(0x0c)
    6268              
    6269              $C$DW$546       .dwtag  DW_TAG_member
    6270                      .dwattr $C$DW$546, DW_AT_type(*$C$DW$T$19)
    6271                      .dwattr $C$DW$546, DW_AT_name("GPIO109")
    6272                      .dwattr $C$DW$546, DW_AT_bit_offset(0x02)
    6273                      .dwattr $C$DW$546, DW_AT_bit_size(0x01)
    6274                      .dwattr $C$DW$546, DW_AT_accessibility(DW_ACCESS_public)
    6275                      .dwattr $C$DW$546, DW_AT_decl_file("/home/jose/ti/c2000/C2000Ware_26_01_00_00/device_support/f2837xd/
    6276                      .dwattr $C$DW$546, DW_AT_decl_line(0xd53)
    6277                      .dwattr $C$DW$546, DW_AT_decl_column(0x0c)
    6278              
    6279              $C$DW$547       .dwtag  DW_TAG_member
    6280                      .dwattr $C$DW$547, DW_AT_type(*$C$DW$T$19)
    6281                      .dwattr $C$DW$547, DW_AT_name("GPIO110")
    6282                      .dwattr $C$DW$547, DW_AT_bit_offset(0x01)
    6283                      .dwattr $C$DW$547, DW_AT_bit_size(0x01)
    6284                      .dwattr $C$DW$547, DW_AT_accessibility(DW_ACCESS_public)
    6285                      .dwattr $C$DW$547, DW_AT_decl_file("/home/jose/ti/c2000/C2000Ware_26_01_00_00/device_support/f2837xd/
    6286                      .dwattr $C$DW$547, DW_AT_decl_line(0xd54)
    6287                      .dwattr $C$DW$547, DW_AT_decl_column(0x0c)
    6288              
    6289              $C$DW$548       .dwtag  DW_TAG_member
    6290                      .dwattr $C$DW$548, DW_AT_type(*$C$DW$T$19)
TMS320C2000 Assembler Unix v25.11.0 Sat May 30 20:22:51 2026

Copyright (c) 1996-2018 Texas Instruments Incorporated
drv8305.asm                                                          PAGE  116

    6291                      .dwattr $C$DW$548, DW_AT_name("GPIO111")
    6292                      .dwattr $C$DW$548, DW_AT_bit_offset(0x00)
    6293                      .dwattr $C$DW$548, DW_AT_bit_size(0x01)
    6294                      .dwattr $C$DW$548, DW_AT_accessibility(DW_ACCESS_public)
    6295                      .dwattr $C$DW$548, DW_AT_decl_file("/home/jose/ti/c2000/C2000Ware_26_01_00_00/device_support/f2837xd/
    6296                      .dwattr $C$DW$548, DW_AT_decl_line(0xd55)
    6297                      .dwattr $C$DW$548, DW_AT_decl_column(0x0c)
    6298              
    6299              $C$DW$549       .dwtag  DW_TAG_member
    6300                      .dwattr $C$DW$549, DW_AT_type(*$C$DW$T$19)
    6301                      .dwattr $C$DW$549, DW_AT_name("GPIO112")
    6302                      .dwattr $C$DW$549, DW_AT_bit_offset(0x0f)
    6303                      .dwattr $C$DW$549, DW_AT_bit_size(0x01)
    6304                      .dwattr $C$DW$549, DW_AT_data_member_location[DW_OP_plus_uconst 0x1]
    6305                      .dwattr $C$DW$549, DW_AT_accessibility(DW_ACCESS_public)
    6306                      .dwattr $C$DW$549, DW_AT_decl_file("/home/jose/ti/c2000/C2000Ware_26_01_00_00/device_support/f2837xd/
    6307                      .dwattr $C$DW$549, DW_AT_decl_line(0xd56)
    6308                      .dwattr $C$DW$549, DW_AT_decl_column(0x0c)
    6309              
    6310              $C$DW$550       .dwtag  DW_TAG_member
    6311                      .dwattr $C$DW$550, DW_AT_type(*$C$DW$T$19)
    6312                      .dwattr $C$DW$550, DW_AT_name("GPIO113")
    6313                      .dwattr $C$DW$550, DW_AT_bit_offset(0x0e)
    6314                      .dwattr $C$DW$550, DW_AT_bit_size(0x01)
    6315                      .dwattr $C$DW$550, DW_AT_data_member_location[DW_OP_plus_uconst 0x1]
    6316                      .dwattr $C$DW$550, DW_AT_accessibility(DW_ACCESS_public)
    6317                      .dwattr $C$DW$550, DW_AT_decl_file("/home/jose/ti/c2000/C2000Ware_26_01_00_00/device_support/f2837xd/
    6318                      .dwattr $C$DW$550, DW_AT_decl_line(0xd57)
    6319                      .dwattr $C$DW$550, DW_AT_decl_column(0x0c)
    6320              
    6321              $C$DW$551       .dwtag  DW_TAG_member
    6322                      .dwattr $C$DW$551, DW_AT_type(*$C$DW$T$19)
    6323                      .dwattr $C$DW$551, DW_AT_name("GPIO114")
    6324                      .dwattr $C$DW$551, DW_AT_bit_offset(0x0d)
    6325                      .dwattr $C$DW$551, DW_AT_bit_size(0x01)
    6326                      .dwattr $C$DW$551, DW_AT_data_member_location[DW_OP_plus_uconst 0x1]
    6327                      .dwattr $C$DW$551, DW_AT_accessibility(DW_ACCESS_public)
    6328                      .dwattr $C$DW$551, DW_AT_decl_file("/home/jose/ti/c2000/C2000Ware_26_01_00_00/device_support/f2837xd/
    6329                      .dwattr $C$DW$551, DW_AT_decl_line(0xd58)
    6330                      .dwattr $C$DW$551, DW_AT_decl_column(0x0c)
    6331              
    6332              $C$DW$552       .dwtag  DW_TAG_member
    6333                      .dwattr $C$DW$552, DW_AT_type(*$C$DW$T$19)
    6334                      .dwattr $C$DW$552, DW_AT_name("GPIO115")
    6335                      .dwattr $C$DW$552, DW_AT_bit_offset(0x0c)
    6336                      .dwattr $C$DW$552, DW_AT_bit_size(0x01)
    6337                      .dwattr $C$DW$552, DW_AT_data_member_location[DW_OP_plus_uconst 0x1]
    6338                      .dwattr $C$DW$552, DW_AT_accessibility(DW_ACCESS_public)
    6339                      .dwattr $C$DW$552, DW_AT_decl_file("/home/jose/ti/c2000/C2000Ware_26_01_00_00/device_support/f2837xd/
    6340                      .dwattr $C$DW$552, DW_AT_decl_line(0xd59)
    6341                      .dwattr $C$DW$552, DW_AT_decl_column(0x0c)
    6342              
    6343              $C$DW$553       .dwtag  DW_TAG_member
    6344                      .dwattr $C$DW$553, DW_AT_type(*$C$DW$T$19)
    6345                      .dwattr $C$DW$553, DW_AT_name("GPIO116")
TMS320C2000 Assembler Unix v25.11.0 Sat May 30 20:22:51 2026

Copyright (c) 1996-2018 Texas Instruments Incorporated
drv8305.asm                                                          PAGE  117

    6346                      .dwattr $C$DW$553, DW_AT_bit_offset(0x0b)
    6347                      .dwattr $C$DW$553, DW_AT_bit_size(0x01)
    6348                      .dwattr $C$DW$553, DW_AT_data_member_location[DW_OP_plus_uconst 0x1]
    6349                      .dwattr $C$DW$553, DW_AT_accessibility(DW_ACCESS_public)
    6350                      .dwattr $C$DW$553, DW_AT_decl_file("/home/jose/ti/c2000/C2000Ware_26_01_00_00/device_support/f2837xd/
    6351                      .dwattr $C$DW$553, DW_AT_decl_line(0xd5a)
    6352                      .dwattr $C$DW$553, DW_AT_decl_column(0x0c)
    6353              
    6354              $C$DW$554       .dwtag  DW_TAG_member
    6355                      .dwattr $C$DW$554, DW_AT_type(*$C$DW$T$19)
    6356                      .dwattr $C$DW$554, DW_AT_name("GPIO117")
    6357                      .dwattr $C$DW$554, DW_AT_bit_offset(0x0a)
    6358                      .dwattr $C$DW$554, DW_AT_bit_size(0x01)
    6359                      .dwattr $C$DW$554, DW_AT_data_member_location[DW_OP_plus_uconst 0x1]
    6360                      .dwattr $C$DW$554, DW_AT_accessibility(DW_ACCESS_public)
    6361                      .dwattr $C$DW$554, DW_AT_decl_file("/home/jose/ti/c2000/C2000Ware_26_01_00_00/device_support/f2837xd/
    6362                      .dwattr $C$DW$554, DW_AT_decl_line(0xd5b)
    6363                      .dwattr $C$DW$554, DW_AT_decl_column(0x0c)
    6364              
    6365              $C$DW$555       .dwtag  DW_TAG_member
    6366                      .dwattr $C$DW$555, DW_AT_type(*$C$DW$T$19)
    6367                      .dwattr $C$DW$555, DW_AT_name("GPIO118")
    6368                      .dwattr $C$DW$555, DW_AT_bit_offset(0x09)
    6369                      .dwattr $C$DW$555, DW_AT_bit_size(0x01)
    6370                      .dwattr $C$DW$555, DW_AT_data_member_location[DW_OP_plus_uconst 0x1]
    6371                      .dwattr $C$DW$555, DW_AT_accessibility(DW_ACCESS_public)
    6372                      .dwattr $C$DW$555, DW_AT_decl_file("/home/jose/ti/c2000/C2000Ware_26_01_00_00/device_support/f2837xd/
    6373                      .dwattr $C$DW$555, DW_AT_decl_line(0xd5c)
    6374                      .dwattr $C$DW$555, DW_AT_decl_column(0x0c)
    6375              
    6376              $C$DW$556       .dwtag  DW_TAG_member
    6377                      .dwattr $C$DW$556, DW_AT_type(*$C$DW$T$19)
    6378                      .dwattr $C$DW$556, DW_AT_name("GPIO119")
    6379                      .dwattr $C$DW$556, DW_AT_bit_offset(0x08)
    6380                      .dwattr $C$DW$556, DW_AT_bit_size(0x01)
    6381                      .dwattr $C$DW$556, DW_AT_data_member_location[DW_OP_plus_uconst 0x1]
    6382                      .dwattr $C$DW$556, DW_AT_accessibility(DW_ACCESS_public)
    6383                      .dwattr $C$DW$556, DW_AT_decl_file("/home/jose/ti/c2000/C2000Ware_26_01_00_00/device_support/f2837xd/
    6384                      .dwattr $C$DW$556, DW_AT_decl_line(0xd5d)
    6385                      .dwattr $C$DW$556, DW_AT_decl_column(0x0c)
    6386              
    6387              $C$DW$557       .dwtag  DW_TAG_member
    6388                      .dwattr $C$DW$557, DW_AT_type(*$C$DW$T$19)
    6389                      .dwattr $C$DW$557, DW_AT_name("GPIO120")
    6390                      .dwattr $C$DW$557, DW_AT_bit_offset(0x07)
    6391                      .dwattr $C$DW$557, DW_AT_bit_size(0x01)
    6392                      .dwattr $C$DW$557, DW_AT_data_member_location[DW_OP_plus_uconst 0x1]
    6393                      .dwattr $C$DW$557, DW_AT_accessibility(DW_ACCESS_public)
    6394                      .dwattr $C$DW$557, DW_AT_decl_file("/home/jose/ti/c2000/C2000Ware_26_01_00_00/device_support/f2837xd/
    6395                      .dwattr $C$DW$557, DW_AT_decl_line(0xd5e)
    6396                      .dwattr $C$DW$557, DW_AT_decl_column(0x0c)
    6397              
    6398              $C$DW$558       .dwtag  DW_TAG_member
    6399                      .dwattr $C$DW$558, DW_AT_type(*$C$DW$T$19)
    6400                      .dwattr $C$DW$558, DW_AT_name("GPIO121")
TMS320C2000 Assembler Unix v25.11.0 Sat May 30 20:22:51 2026

Copyright (c) 1996-2018 Texas Instruments Incorporated
drv8305.asm                                                          PAGE  118

    6401                      .dwattr $C$DW$558, DW_AT_bit_offset(0x06)
    6402                      .dwattr $C$DW$558, DW_AT_bit_size(0x01)
    6403                      .dwattr $C$DW$558, DW_AT_data_member_location[DW_OP_plus_uconst 0x1]
    6404                      .dwattr $C$DW$558, DW_AT_accessibility(DW_ACCESS_public)
    6405                      .dwattr $C$DW$558, DW_AT_decl_file("/home/jose/ti/c2000/C2000Ware_26_01_00_00/device_support/f2837xd/
    6406                      .dwattr $C$DW$558, DW_AT_decl_line(0xd5f)
    6407                      .dwattr $C$DW$558, DW_AT_decl_column(0x0c)
    6408              
    6409              $C$DW$559       .dwtag  DW_TAG_member
    6410                      .dwattr $C$DW$559, DW_AT_type(*$C$DW$T$19)
    6411                      .dwattr $C$DW$559, DW_AT_name("GPIO122")
    6412                      .dwattr $C$DW$559, DW_AT_bit_offset(0x05)
    6413                      .dwattr $C$DW$559, DW_AT_bit_size(0x01)
    6414                      .dwattr $C$DW$559, DW_AT_data_member_location[DW_OP_plus_uconst 0x1]
    6415                      .dwattr $C$DW$559, DW_AT_accessibility(DW_ACCESS_public)
    6416                      .dwattr $C$DW$559, DW_AT_decl_file("/home/jose/ti/c2000/C2000Ware_26_01_00_00/device_support/f2837xd/
    6417                      .dwattr $C$DW$559, DW_AT_decl_line(0xd60)
    6418                      .dwattr $C$DW$559, DW_AT_decl_column(0x0c)
    6419              
    6420              $C$DW$560       .dwtag  DW_TAG_member
    6421                      .dwattr $C$DW$560, DW_AT_type(*$C$DW$T$19)
    6422                      .dwattr $C$DW$560, DW_AT_name("GPIO123")
    6423                      .dwattr $C$DW$560, DW_AT_bit_offset(0x04)
    6424                      .dwattr $C$DW$560, DW_AT_bit_size(0x01)
    6425                      .dwattr $C$DW$560, DW_AT_data_member_location[DW_OP_plus_uconst 0x1]
    6426                      .dwattr $C$DW$560, DW_AT_accessibility(DW_ACCESS_public)
    6427                      .dwattr $C$DW$560, DW_AT_decl_file("/home/jose/ti/c2000/C2000Ware_26_01_00_00/device_support/f2837xd/
    6428                      .dwattr $C$DW$560, DW_AT_decl_line(0xd61)
    6429                      .dwattr $C$DW$560, DW_AT_decl_column(0x0c)
    6430              
    6431              $C$DW$561       .dwtag  DW_TAG_member
    6432                      .dwattr $C$DW$561, DW_AT_type(*$C$DW$T$19)
    6433                      .dwattr $C$DW$561, DW_AT_name("GPIO124")
    6434                      .dwattr $C$DW$561, DW_AT_bit_offset(0x03)
    6435                      .dwattr $C$DW$561, DW_AT_bit_size(0x01)
    6436                      .dwattr $C$DW$561, DW_AT_data_member_location[DW_OP_plus_uconst 0x1]
    6437                      .dwattr $C$DW$561, DW_AT_accessibility(DW_ACCESS_public)
    6438                      .dwattr $C$DW$561, DW_AT_decl_file("/home/jose/ti/c2000/C2000Ware_26_01_00_00/device_support/f2837xd/
    6439                      .dwattr $C$DW$561, DW_AT_decl_line(0xd62)
    6440                      .dwattr $C$DW$561, DW_AT_decl_column(0x0c)
    6441              
    6442              $C$DW$562       .dwtag  DW_TAG_member
    6443                      .dwattr $C$DW$562, DW_AT_type(*$C$DW$T$19)
    6444                      .dwattr $C$DW$562, DW_AT_name("GPIO125")
    6445                      .dwattr $C$DW$562, DW_AT_bit_offset(0x02)
    6446                      .dwattr $C$DW$562, DW_AT_bit_size(0x01)
    6447                      .dwattr $C$DW$562, DW_AT_data_member_location[DW_OP_plus_uconst 0x1]
    6448                      .dwattr $C$DW$562, DW_AT_accessibility(DW_ACCESS_public)
    6449                      .dwattr $C$DW$562, DW_AT_decl_file("/home/jose/ti/c2000/C2000Ware_26_01_00_00/device_support/f2837xd/
    6450                      .dwattr $C$DW$562, DW_AT_decl_line(0xd63)
    6451                      .dwattr $C$DW$562, DW_AT_decl_column(0x0c)
    6452              
    6453              $C$DW$563       .dwtag  DW_TAG_member
    6454                      .dwattr $C$DW$563, DW_AT_type(*$C$DW$T$19)
    6455                      .dwattr $C$DW$563, DW_AT_name("GPIO126")
TMS320C2000 Assembler Unix v25.11.0 Sat May 30 20:22:51 2026

Copyright (c) 1996-2018 Texas Instruments Incorporated
drv8305.asm                                                          PAGE  119

    6456                      .dwattr $C$DW$563, DW_AT_bit_offset(0x01)
    6457                      .dwattr $C$DW$563, DW_AT_bit_size(0x01)
    6458                      .dwattr $C$DW$563, DW_AT_data_member_location[DW_OP_plus_uconst 0x1]
    6459                      .dwattr $C$DW$563, DW_AT_accessibility(DW_ACCESS_public)
    6460                      .dwattr $C$DW$563, DW_AT_decl_file("/home/jose/ti/c2000/C2000Ware_26_01_00_00/device_support/f2837xd/
    6461                      .dwattr $C$DW$563, DW_AT_decl_line(0xd64)
    6462                      .dwattr $C$DW$563, DW_AT_decl_column(0x0c)
    6463              
    6464              $C$DW$564       .dwtag  DW_TAG_member
    6465                      .dwattr $C$DW$564, DW_AT_type(*$C$DW$T$19)
    6466                      .dwattr $C$DW$564, DW_AT_name("GPIO127")
    6467                      .dwattr $C$DW$564, DW_AT_bit_offset(0x00)
    6468                      .dwattr $C$DW$564, DW_AT_bit_size(0x01)
    6469                      .dwattr $C$DW$564, DW_AT_data_member_location[DW_OP_plus_uconst 0x1]
    6470                      .dwattr $C$DW$564, DW_AT_accessibility(DW_ACCESS_public)
    6471                      .dwattr $C$DW$564, DW_AT_decl_file("/home/jose/ti/c2000/C2000Ware_26_01_00_00/device_support/f2837xd/
    6472                      .dwattr $C$DW$564, DW_AT_decl_line(0xd65)
    6473                      .dwattr $C$DW$564, DW_AT_decl_column(0x0c)
    6474              
    6475                      .dwattr $C$DW$T$49, DW_AT_decl_file("/home/jose/ti/c2000/C2000Ware_26_01_00_00/device_support/f2837xd
    6476                      .dwattr $C$DW$T$49, DW_AT_decl_line(0xd45)
    6477                      .dwattr $C$DW$T$49, DW_AT_decl_column(0x08)
    6478                      .dwendtag $C$DW$T$49
    6479              
    6480                      .dwendtag $C$DW$TU$49
    6481              
    6482              
    6483              $C$DW$TU$50     .dwtag  DW_TAG_type_unit
    6484                      .dwmtype  $C$DW$T$50
    6485              
    6486              $C$DW$T$50      .dwtag  DW_TAG_union_type
    6487                      .dwattr $C$DW$T$50, DW_AT_name("GPDSET_REG")
    6488                      .dwattr $C$DW$T$50, DW_AT_byte_size(0x02)
    6489              $C$DW$565       .dwtag  DW_TAG_member
    6490                      .dwattr $C$DW$565, DW_AT_type(*$C$DW$T$21)
    6491                      .dwattr $C$DW$565, DW_AT_name("all")
    6492                      .dwattr $C$DW$565, DW_AT_accessibility(DW_ACCESS_public)
    6493                      .dwattr $C$DW$565, DW_AT_decl_file("/home/jose/ti/c2000/C2000Ware_26_01_00_00/device_support/f2837xd/
    6494                      .dwattr $C$DW$565, DW_AT_decl_line(0xd69)
    6495                      .dwattr $C$DW$565, DW_AT_decl_column(0x0d)
    6496              
    6497              $C$DW$566       .dwtag  DW_TAG_member
    6498                      .dwattr $C$DW$566, DW_AT_type(*$C$DW$T$49)
    6499                      .dwattr $C$DW$566, DW_AT_name("bit")
    6500                      .dwattr $C$DW$566, DW_AT_accessibility(DW_ACCESS_public)
    6501                      .dwattr $C$DW$566, DW_AT_decl_file("/home/jose/ti/c2000/C2000Ware_26_01_00_00/device_support/f2837xd/
    6502                      .dwattr $C$DW$566, DW_AT_decl_line(0xd6a)
    6503                      .dwattr $C$DW$566, DW_AT_decl_column(0x1a)
    6504              
    6505                      .dwattr $C$DW$T$50, DW_AT_decl_file("/home/jose/ti/c2000/C2000Ware_26_01_00_00/device_support/f2837xd
    6506                      .dwattr $C$DW$T$50, DW_AT_decl_line(0xd68)
    6507                      .dwattr $C$DW$T$50, DW_AT_decl_column(0x07)
    6508                      .dwendtag $C$DW$T$50
    6509              
    6510                      .dwendtag $C$DW$TU$50
TMS320C2000 Assembler Unix v25.11.0 Sat May 30 20:22:51 2026

Copyright (c) 1996-2018 Texas Instruments Incorporated
drv8305.asm                                                          PAGE  120

    6511              
    6512              
    6513              $C$DW$TU$51     .dwtag  DW_TAG_type_unit
    6514                      .dwmtype  $C$DW$T$51
    6515              
    6516              $C$DW$T$51      .dwtag  DW_TAG_structure_type
    6517                      .dwattr $C$DW$T$51, DW_AT_name("GPDTOGGLE_BITS")
    6518                      .dwattr $C$DW$T$51, DW_AT_byte_size(0x02)
    6519              $C$DW$567       .dwtag  DW_TAG_member
    6520                      .dwattr $C$DW$567, DW_AT_type(*$C$DW$T$19)
    6521                      .dwattr $C$DW$567, DW_AT_name("GPIO96")
    6522                      .dwattr $C$DW$567, DW_AT_bit_offset(0x0f)
    6523                      .dwattr $C$DW$567, DW_AT_bit_size(0x01)
    6524                      .dwattr $C$DW$567, DW_AT_accessibility(DW_ACCESS_public)
    6525                      .dwattr $C$DW$567, DW_AT_decl_file("/home/jose/ti/c2000/C2000Ware_26_01_00_00/device_support/f2837xd/
    6526                      .dwattr $C$DW$567, DW_AT_decl_line(0xd96)
    6527                      .dwattr $C$DW$567, DW_AT_decl_column(0x0c)
    6528              
    6529              $C$DW$568       .dwtag  DW_TAG_member
    6530                      .dwattr $C$DW$568, DW_AT_type(*$C$DW$T$19)
    6531                      .dwattr $C$DW$568, DW_AT_name("GPIO97")
    6532                      .dwattr $C$DW$568, DW_AT_bit_offset(0x0e)
    6533                      .dwattr $C$DW$568, DW_AT_bit_size(0x01)
    6534                      .dwattr $C$DW$568, DW_AT_accessibility(DW_ACCESS_public)
    6535                      .dwattr $C$DW$568, DW_AT_decl_file("/home/jose/ti/c2000/C2000Ware_26_01_00_00/device_support/f2837xd/
    6536                      .dwattr $C$DW$568, DW_AT_decl_line(0xd97)
    6537                      .dwattr $C$DW$568, DW_AT_decl_column(0x0c)
    6538              
    6539              $C$DW$569       .dwtag  DW_TAG_member
    6540                      .dwattr $C$DW$569, DW_AT_type(*$C$DW$T$19)
    6541                      .dwattr $C$DW$569, DW_AT_name("GPIO98")
    6542                      .dwattr $C$DW$569, DW_AT_bit_offset(0x0d)
    6543                      .dwattr $C$DW$569, DW_AT_bit_size(0x01)
    6544                      .dwattr $C$DW$569, DW_AT_accessibility(DW_ACCESS_public)
    6545                      .dwattr $C$DW$569, DW_AT_decl_file("/home/jose/ti/c2000/C2000Ware_26_01_00_00/device_support/f2837xd/
    6546                      .dwattr $C$DW$569, DW_AT_decl_line(0xd98)
    6547                      .dwattr $C$DW$569, DW_AT_decl_column(0x0c)
    6548              
    6549              $C$DW$570       .dwtag  DW_TAG_member
    6550                      .dwattr $C$DW$570, DW_AT_type(*$C$DW$T$19)
    6551                      .dwattr $C$DW$570, DW_AT_name("GPIO99")
    6552                      .dwattr $C$DW$570, DW_AT_bit_offset(0x0c)
    6553                      .dwattr $C$DW$570, DW_AT_bit_size(0x01)
    6554                      .dwattr $C$DW$570, DW_AT_accessibility(DW_ACCESS_public)
    6555                      .dwattr $C$DW$570, DW_AT_decl_file("/home/jose/ti/c2000/C2000Ware_26_01_00_00/device_support/f2837xd/
    6556                      .dwattr $C$DW$570, DW_AT_decl_line(0xd99)
    6557                      .dwattr $C$DW$570, DW_AT_decl_column(0x0c)
    6558              
    6559              $C$DW$571       .dwtag  DW_TAG_member
    6560                      .dwattr $C$DW$571, DW_AT_type(*$C$DW$T$19)
    6561                      .dwattr $C$DW$571, DW_AT_name("GPIO100")
    6562                      .dwattr $C$DW$571, DW_AT_bit_offset(0x0b)
    6563                      .dwattr $C$DW$571, DW_AT_bit_size(0x01)
    6564                      .dwattr $C$DW$571, DW_AT_accessibility(DW_ACCESS_public)
    6565                      .dwattr $C$DW$571, DW_AT_decl_file("/home/jose/ti/c2000/C2000Ware_26_01_00_00/device_support/f2837xd/
TMS320C2000 Assembler Unix v25.11.0 Sat May 30 20:22:51 2026

Copyright (c) 1996-2018 Texas Instruments Incorporated
drv8305.asm                                                          PAGE  121

    6566                      .dwattr $C$DW$571, DW_AT_decl_line(0xd9a)
    6567                      .dwattr $C$DW$571, DW_AT_decl_column(0x0c)
    6568              
    6569              $C$DW$572       .dwtag  DW_TAG_member
    6570                      .dwattr $C$DW$572, DW_AT_type(*$C$DW$T$19)
    6571                      .dwattr $C$DW$572, DW_AT_name("GPIO101")
    6572                      .dwattr $C$DW$572, DW_AT_bit_offset(0x0a)
    6573                      .dwattr $C$DW$572, DW_AT_bit_size(0x01)
    6574                      .dwattr $C$DW$572, DW_AT_accessibility(DW_ACCESS_public)
    6575                      .dwattr $C$DW$572, DW_AT_decl_file("/home/jose/ti/c2000/C2000Ware_26_01_00_00/device_support/f2837xd/
    6576                      .dwattr $C$DW$572, DW_AT_decl_line(0xd9b)
    6577                      .dwattr $C$DW$572, DW_AT_decl_column(0x0c)
    6578              
    6579              $C$DW$573       .dwtag  DW_TAG_member
    6580                      .dwattr $C$DW$573, DW_AT_type(*$C$DW$T$19)
    6581                      .dwattr $C$DW$573, DW_AT_name("GPIO102")
    6582                      .dwattr $C$DW$573, DW_AT_bit_offset(0x09)
    6583                      .dwattr $C$DW$573, DW_AT_bit_size(0x01)
    6584                      .dwattr $C$DW$573, DW_AT_accessibility(DW_ACCESS_public)
    6585                      .dwattr $C$DW$573, DW_AT_decl_file("/home/jose/ti/c2000/C2000Ware_26_01_00_00/device_support/f2837xd/
    6586                      .dwattr $C$DW$573, DW_AT_decl_line(0xd9c)
    6587                      .dwattr $C$DW$573, DW_AT_decl_column(0x0c)
    6588              
    6589              $C$DW$574       .dwtag  DW_TAG_member
    6590                      .dwattr $C$DW$574, DW_AT_type(*$C$DW$T$19)
    6591                      .dwattr $C$DW$574, DW_AT_name("GPIO103")
    6592                      .dwattr $C$DW$574, DW_AT_bit_offset(0x08)
    6593                      .dwattr $C$DW$574, DW_AT_bit_size(0x01)
    6594                      .dwattr $C$DW$574, DW_AT_accessibility(DW_ACCESS_public)
    6595                      .dwattr $C$DW$574, DW_AT_decl_file("/home/jose/ti/c2000/C2000Ware_26_01_00_00/device_support/f2837xd/
    6596                      .dwattr $C$DW$574, DW_AT_decl_line(0xd9d)
    6597                      .dwattr $C$DW$574, DW_AT_decl_column(0x0c)
    6598              
    6599              $C$DW$575       .dwtag  DW_TAG_member
    6600                      .dwattr $C$DW$575, DW_AT_type(*$C$DW$T$19)
    6601                      .dwattr $C$DW$575, DW_AT_name("GPIO104")
    6602                      .dwattr $C$DW$575, DW_AT_bit_offset(0x07)
    6603                      .dwattr $C$DW$575, DW_AT_bit_size(0x01)
    6604                      .dwattr $C$DW$575, DW_AT_accessibility(DW_ACCESS_public)
    6605                      .dwattr $C$DW$575, DW_AT_decl_file("/home/jose/ti/c2000/C2000Ware_26_01_00_00/device_support/f2837xd/
    6606                      .dwattr $C$DW$575, DW_AT_decl_line(0xd9e)
    6607                      .dwattr $C$DW$575, DW_AT_decl_column(0x0c)
    6608              
    6609              $C$DW$576       .dwtag  DW_TAG_member
    6610                      .dwattr $C$DW$576, DW_AT_type(*$C$DW$T$19)
    6611                      .dwattr $C$DW$576, DW_AT_name("GPIO105")
    6612                      .dwattr $C$DW$576, DW_AT_bit_offset(0x06)
    6613                      .dwattr $C$DW$576, DW_AT_bit_size(0x01)
    6614                      .dwattr $C$DW$576, DW_AT_accessibility(DW_ACCESS_public)
    6615                      .dwattr $C$DW$576, DW_AT_decl_file("/home/jose/ti/c2000/C2000Ware_26_01_00_00/device_support/f2837xd/
    6616                      .dwattr $C$DW$576, DW_AT_decl_line(0xd9f)
    6617                      .dwattr $C$DW$576, DW_AT_decl_column(0x0c)
    6618              
    6619              $C$DW$577       .dwtag  DW_TAG_member
    6620                      .dwattr $C$DW$577, DW_AT_type(*$C$DW$T$19)
TMS320C2000 Assembler Unix v25.11.0 Sat May 30 20:22:51 2026

Copyright (c) 1996-2018 Texas Instruments Incorporated
drv8305.asm                                                          PAGE  122

    6621                      .dwattr $C$DW$577, DW_AT_name("GPIO106")
    6622                      .dwattr $C$DW$577, DW_AT_bit_offset(0x05)
    6623                      .dwattr $C$DW$577, DW_AT_bit_size(0x01)
    6624                      .dwattr $C$DW$577, DW_AT_accessibility(DW_ACCESS_public)
    6625                      .dwattr $C$DW$577, DW_AT_decl_file("/home/jose/ti/c2000/C2000Ware_26_01_00_00/device_support/f2837xd/
    6626                      .dwattr $C$DW$577, DW_AT_decl_line(0xda0)
    6627                      .dwattr $C$DW$577, DW_AT_decl_column(0x0c)
    6628              
    6629              $C$DW$578       .dwtag  DW_TAG_member
    6630                      .dwattr $C$DW$578, DW_AT_type(*$C$DW$T$19)
    6631                      .dwattr $C$DW$578, DW_AT_name("GPIO107")
    6632                      .dwattr $C$DW$578, DW_AT_bit_offset(0x04)
    6633                      .dwattr $C$DW$578, DW_AT_bit_size(0x01)
    6634                      .dwattr $C$DW$578, DW_AT_accessibility(DW_ACCESS_public)
    6635                      .dwattr $C$DW$578, DW_AT_decl_file("/home/jose/ti/c2000/C2000Ware_26_01_00_00/device_support/f2837xd/
    6636                      .dwattr $C$DW$578, DW_AT_decl_line(0xda1)
    6637                      .dwattr $C$DW$578, DW_AT_decl_column(0x0c)
    6638              
    6639              $C$DW$579       .dwtag  DW_TAG_member
    6640                      .dwattr $C$DW$579, DW_AT_type(*$C$DW$T$19)
    6641                      .dwattr $C$DW$579, DW_AT_name("GPIO108")
    6642                      .dwattr $C$DW$579, DW_AT_bit_offset(0x03)
    6643                      .dwattr $C$DW$579, DW_AT_bit_size(0x01)
    6644                      .dwattr $C$DW$579, DW_AT_accessibility(DW_ACCESS_public)
    6645                      .dwattr $C$DW$579, DW_AT_decl_file("/home/jose/ti/c2000/C2000Ware_26_01_00_00/device_support/f2837xd/
    6646                      .dwattr $C$DW$579, DW_AT_decl_line(0xda2)
    6647                      .dwattr $C$DW$579, DW_AT_decl_column(0x0c)
    6648              
    6649              $C$DW$580       .dwtag  DW_TAG_member
    6650                      .dwattr $C$DW$580, DW_AT_type(*$C$DW$T$19)
    6651                      .dwattr $C$DW$580, DW_AT_name("GPIO109")
    6652                      .dwattr $C$DW$580, DW_AT_bit_offset(0x02)
    6653                      .dwattr $C$DW$580, DW_AT_bit_size(0x01)
    6654                      .dwattr $C$DW$580, DW_AT_accessibility(DW_ACCESS_public)
    6655                      .dwattr $C$DW$580, DW_AT_decl_file("/home/jose/ti/c2000/C2000Ware_26_01_00_00/device_support/f2837xd/
    6656                      .dwattr $C$DW$580, DW_AT_decl_line(0xda3)
    6657                      .dwattr $C$DW$580, DW_AT_decl_column(0x0c)
    6658              
    6659              $C$DW$581       .dwtag  DW_TAG_member
    6660                      .dwattr $C$DW$581, DW_AT_type(*$C$DW$T$19)
    6661                      .dwattr $C$DW$581, DW_AT_name("GPIO110")
    6662                      .dwattr $C$DW$581, DW_AT_bit_offset(0x01)
    6663                      .dwattr $C$DW$581, DW_AT_bit_size(0x01)
    6664                      .dwattr $C$DW$581, DW_AT_accessibility(DW_ACCESS_public)
    6665                      .dwattr $C$DW$581, DW_AT_decl_file("/home/jose/ti/c2000/C2000Ware_26_01_00_00/device_support/f2837xd/
    6666                      .dwattr $C$DW$581, DW_AT_decl_line(0xda4)
    6667                      .dwattr $C$DW$581, DW_AT_decl_column(0x0c)
    6668              
    6669              $C$DW$582       .dwtag  DW_TAG_member
    6670                      .dwattr $C$DW$582, DW_AT_type(*$C$DW$T$19)
    6671                      .dwattr $C$DW$582, DW_AT_name("GPIO111")
    6672                      .dwattr $C$DW$582, DW_AT_bit_offset(0x00)
    6673                      .dwattr $C$DW$582, DW_AT_bit_size(0x01)
    6674                      .dwattr $C$DW$582, DW_AT_accessibility(DW_ACCESS_public)
    6675                      .dwattr $C$DW$582, DW_AT_decl_file("/home/jose/ti/c2000/C2000Ware_26_01_00_00/device_support/f2837xd/
TMS320C2000 Assembler Unix v25.11.0 Sat May 30 20:22:51 2026

Copyright (c) 1996-2018 Texas Instruments Incorporated
drv8305.asm                                                          PAGE  123

    6676                      .dwattr $C$DW$582, DW_AT_decl_line(0xda5)
    6677                      .dwattr $C$DW$582, DW_AT_decl_column(0x0c)
    6678              
    6679              $C$DW$583       .dwtag  DW_TAG_member
    6680                      .dwattr $C$DW$583, DW_AT_type(*$C$DW$T$19)
    6681                      .dwattr $C$DW$583, DW_AT_name("GPIO112")
    6682                      .dwattr $C$DW$583, DW_AT_bit_offset(0x0f)
    6683                      .dwattr $C$DW$583, DW_AT_bit_size(0x01)
    6684                      .dwattr $C$DW$583, DW_AT_data_member_location[DW_OP_plus_uconst 0x1]
    6685                      .dwattr $C$DW$583, DW_AT_accessibility(DW_ACCESS_public)
    6686                      .dwattr $C$DW$583, DW_AT_decl_file("/home/jose/ti/c2000/C2000Ware_26_01_00_00/device_support/f2837xd/
    6687                      .dwattr $C$DW$583, DW_AT_decl_line(0xda6)
    6688                      .dwattr $C$DW$583, DW_AT_decl_column(0x0c)
    6689              
    6690              $C$DW$584       .dwtag  DW_TAG_member
    6691                      .dwattr $C$DW$584, DW_AT_type(*$C$DW$T$19)
    6692                      .dwattr $C$DW$584, DW_AT_name("GPIO113")
    6693                      .dwattr $C$DW$584, DW_AT_bit_offset(0x0e)
    6694                      .dwattr $C$DW$584, DW_AT_bit_size(0x01)
    6695                      .dwattr $C$DW$584, DW_AT_data_member_location[DW_OP_plus_uconst 0x1]
    6696                      .dwattr $C$DW$584, DW_AT_accessibility(DW_ACCESS_public)
    6697                      .dwattr $C$DW$584, DW_AT_decl_file("/home/jose/ti/c2000/C2000Ware_26_01_00_00/device_support/f2837xd/
    6698                      .dwattr $C$DW$584, DW_AT_decl_line(0xda7)
    6699                      .dwattr $C$DW$584, DW_AT_decl_column(0x0c)
    6700              
    6701              $C$DW$585       .dwtag  DW_TAG_member
    6702                      .dwattr $C$DW$585, DW_AT_type(*$C$DW$T$19)
    6703                      .dwattr $C$DW$585, DW_AT_name("GPIO114")
    6704                      .dwattr $C$DW$585, DW_AT_bit_offset(0x0d)
    6705                      .dwattr $C$DW$585, DW_AT_bit_size(0x01)
    6706                      .dwattr $C$DW$585, DW_AT_data_member_location[DW_OP_plus_uconst 0x1]
    6707                      .dwattr $C$DW$585, DW_AT_accessibility(DW_ACCESS_public)
    6708                      .dwattr $C$DW$585, DW_AT_decl_file("/home/jose/ti/c2000/C2000Ware_26_01_00_00/device_support/f2837xd/
    6709                      .dwattr $C$DW$585, DW_AT_decl_line(0xda8)
    6710                      .dwattr $C$DW$585, DW_AT_decl_column(0x0c)
    6711              
    6712              $C$DW$586       .dwtag  DW_TAG_member
    6713                      .dwattr $C$DW$586, DW_AT_type(*$C$DW$T$19)
    6714                      .dwattr $C$DW$586, DW_AT_name("GPIO115")
    6715                      .dwattr $C$DW$586, DW_AT_bit_offset(0x0c)
    6716                      .dwattr $C$DW$586, DW_AT_bit_size(0x01)
    6717                      .dwattr $C$DW$586, DW_AT_data_member_location[DW_OP_plus_uconst 0x1]
    6718                      .dwattr $C$DW$586, DW_AT_accessibility(DW_ACCESS_public)
    6719                      .dwattr $C$DW$586, DW_AT_decl_file("/home/jose/ti/c2000/C2000Ware_26_01_00_00/device_support/f2837xd/
    6720                      .dwattr $C$DW$586, DW_AT_decl_line(0xda9)
    6721                      .dwattr $C$DW$586, DW_AT_decl_column(0x0c)
    6722              
    6723              $C$DW$587       .dwtag  DW_TAG_member
    6724                      .dwattr $C$DW$587, DW_AT_type(*$C$DW$T$19)
    6725                      .dwattr $C$DW$587, DW_AT_name("GPIO116")
    6726                      .dwattr $C$DW$587, DW_AT_bit_offset(0x0b)
    6727                      .dwattr $C$DW$587, DW_AT_bit_size(0x01)
    6728                      .dwattr $C$DW$587, DW_AT_data_member_location[DW_OP_plus_uconst 0x1]
    6729                      .dwattr $C$DW$587, DW_AT_accessibility(DW_ACCESS_public)
    6730                      .dwattr $C$DW$587, DW_AT_decl_file("/home/jose/ti/c2000/C2000Ware_26_01_00_00/device_support/f2837xd/
TMS320C2000 Assembler Unix v25.11.0 Sat May 30 20:22:51 2026

Copyright (c) 1996-2018 Texas Instruments Incorporated
drv8305.asm                                                          PAGE  124

    6731                      .dwattr $C$DW$587, DW_AT_decl_line(0xdaa)
    6732                      .dwattr $C$DW$587, DW_AT_decl_column(0x0c)
    6733              
    6734              $C$DW$588       .dwtag  DW_TAG_member
    6735                      .dwattr $C$DW$588, DW_AT_type(*$C$DW$T$19)
    6736                      .dwattr $C$DW$588, DW_AT_name("GPIO117")
    6737                      .dwattr $C$DW$588, DW_AT_bit_offset(0x0a)
    6738                      .dwattr $C$DW$588, DW_AT_bit_size(0x01)
    6739                      .dwattr $C$DW$588, DW_AT_data_member_location[DW_OP_plus_uconst 0x1]
    6740                      .dwattr $C$DW$588, DW_AT_accessibility(DW_ACCESS_public)
    6741                      .dwattr $C$DW$588, DW_AT_decl_file("/home/jose/ti/c2000/C2000Ware_26_01_00_00/device_support/f2837xd/
    6742                      .dwattr $C$DW$588, DW_AT_decl_line(0xdab)
    6743                      .dwattr $C$DW$588, DW_AT_decl_column(0x0c)
    6744              
    6745              $C$DW$589       .dwtag  DW_TAG_member
    6746                      .dwattr $C$DW$589, DW_AT_type(*$C$DW$T$19)
    6747                      .dwattr $C$DW$589, DW_AT_name("GPIO118")
    6748                      .dwattr $C$DW$589, DW_AT_bit_offset(0x09)
    6749                      .dwattr $C$DW$589, DW_AT_bit_size(0x01)
    6750                      .dwattr $C$DW$589, DW_AT_data_member_location[DW_OP_plus_uconst 0x1]
    6751                      .dwattr $C$DW$589, DW_AT_accessibility(DW_ACCESS_public)
    6752                      .dwattr $C$DW$589, DW_AT_decl_file("/home/jose/ti/c2000/C2000Ware_26_01_00_00/device_support/f2837xd/
    6753                      .dwattr $C$DW$589, DW_AT_decl_line(0xdac)
    6754                      .dwattr $C$DW$589, DW_AT_decl_column(0x0c)
    6755              
    6756              $C$DW$590       .dwtag  DW_TAG_member
    6757                      .dwattr $C$DW$590, DW_AT_type(*$C$DW$T$19)
    6758                      .dwattr $C$DW$590, DW_AT_name("GPIO119")
    6759                      .dwattr $C$DW$590, DW_AT_bit_offset(0x08)
    6760                      .dwattr $C$DW$590, DW_AT_bit_size(0x01)
    6761                      .dwattr $C$DW$590, DW_AT_data_member_location[DW_OP_plus_uconst 0x1]
    6762                      .dwattr $C$DW$590, DW_AT_accessibility(DW_ACCESS_public)
    6763                      .dwattr $C$DW$590, DW_AT_decl_file("/home/jose/ti/c2000/C2000Ware_26_01_00_00/device_support/f2837xd/
    6764                      .dwattr $C$DW$590, DW_AT_decl_line(0xdad)
    6765                      .dwattr $C$DW$590, DW_AT_decl_column(0x0c)
    6766              
    6767              $C$DW$591       .dwtag  DW_TAG_member
    6768                      .dwattr $C$DW$591, DW_AT_type(*$C$DW$T$19)
    6769                      .dwattr $C$DW$591, DW_AT_name("GPIO120")
    6770                      .dwattr $C$DW$591, DW_AT_bit_offset(0x07)
    6771                      .dwattr $C$DW$591, DW_AT_bit_size(0x01)
    6772                      .dwattr $C$DW$591, DW_AT_data_member_location[DW_OP_plus_uconst 0x1]
    6773                      .dwattr $C$DW$591, DW_AT_accessibility(DW_ACCESS_public)
    6774                      .dwattr $C$DW$591, DW_AT_decl_file("/home/jose/ti/c2000/C2000Ware_26_01_00_00/device_support/f2837xd/
    6775                      .dwattr $C$DW$591, DW_AT_decl_line(0xdae)
    6776                      .dwattr $C$DW$591, DW_AT_decl_column(0x0c)
    6777              
    6778              $C$DW$592       .dwtag  DW_TAG_member
    6779                      .dwattr $C$DW$592, DW_AT_type(*$C$DW$T$19)
    6780                      .dwattr $C$DW$592, DW_AT_name("GPIO121")
    6781                      .dwattr $C$DW$592, DW_AT_bit_offset(0x06)
    6782                      .dwattr $C$DW$592, DW_AT_bit_size(0x01)
    6783                      .dwattr $C$DW$592, DW_AT_data_member_location[DW_OP_plus_uconst 0x1]
    6784                      .dwattr $C$DW$592, DW_AT_accessibility(DW_ACCESS_public)
    6785                      .dwattr $C$DW$592, DW_AT_decl_file("/home/jose/ti/c2000/C2000Ware_26_01_00_00/device_support/f2837xd/
TMS320C2000 Assembler Unix v25.11.0 Sat May 30 20:22:51 2026

Copyright (c) 1996-2018 Texas Instruments Incorporated
drv8305.asm                                                          PAGE  125

    6786                      .dwattr $C$DW$592, DW_AT_decl_line(0xdaf)
    6787                      .dwattr $C$DW$592, DW_AT_decl_column(0x0c)
    6788              
    6789              $C$DW$593       .dwtag  DW_TAG_member
    6790                      .dwattr $C$DW$593, DW_AT_type(*$C$DW$T$19)
    6791                      .dwattr $C$DW$593, DW_AT_name("GPIO122")
    6792                      .dwattr $C$DW$593, DW_AT_bit_offset(0x05)
    6793                      .dwattr $C$DW$593, DW_AT_bit_size(0x01)
    6794                      .dwattr $C$DW$593, DW_AT_data_member_location[DW_OP_plus_uconst 0x1]
    6795                      .dwattr $C$DW$593, DW_AT_accessibility(DW_ACCESS_public)
    6796                      .dwattr $C$DW$593, DW_AT_decl_file("/home/jose/ti/c2000/C2000Ware_26_01_00_00/device_support/f2837xd/
    6797                      .dwattr $C$DW$593, DW_AT_decl_line(0xdb0)
    6798                      .dwattr $C$DW$593, DW_AT_decl_column(0x0c)
    6799              
    6800              $C$DW$594       .dwtag  DW_TAG_member
    6801                      .dwattr $C$DW$594, DW_AT_type(*$C$DW$T$19)
    6802                      .dwattr $C$DW$594, DW_AT_name("GPIO123")
    6803                      .dwattr $C$DW$594, DW_AT_bit_offset(0x04)
    6804                      .dwattr $C$DW$594, DW_AT_bit_size(0x01)
    6805                      .dwattr $C$DW$594, DW_AT_data_member_location[DW_OP_plus_uconst 0x1]
    6806                      .dwattr $C$DW$594, DW_AT_accessibility(DW_ACCESS_public)
    6807                      .dwattr $C$DW$594, DW_AT_decl_file("/home/jose/ti/c2000/C2000Ware_26_01_00_00/device_support/f2837xd/
    6808                      .dwattr $C$DW$594, DW_AT_decl_line(0xdb1)
    6809                      .dwattr $C$DW$594, DW_AT_decl_column(0x0c)
    6810              
    6811              $C$DW$595       .dwtag  DW_TAG_member
    6812                      .dwattr $C$DW$595, DW_AT_type(*$C$DW$T$19)
    6813                      .dwattr $C$DW$595, DW_AT_name("GPIO124")
    6814                      .dwattr $C$DW$595, DW_AT_bit_offset(0x03)
    6815                      .dwattr $C$DW$595, DW_AT_bit_size(0x01)
    6816                      .dwattr $C$DW$595, DW_AT_data_member_location[DW_OP_plus_uconst 0x1]
    6817                      .dwattr $C$DW$595, DW_AT_accessibility(DW_ACCESS_public)
    6818                      .dwattr $C$DW$595, DW_AT_decl_file("/home/jose/ti/c2000/C2000Ware_26_01_00_00/device_support/f2837xd/
    6819                      .dwattr $C$DW$595, DW_AT_decl_line(0xdb2)
    6820                      .dwattr $C$DW$595, DW_AT_decl_column(0x0c)
    6821              
    6822              $C$DW$596       .dwtag  DW_TAG_member
    6823                      .dwattr $C$DW$596, DW_AT_type(*$C$DW$T$19)
    6824                      .dwattr $C$DW$596, DW_AT_name("GPIO125")
    6825                      .dwattr $C$DW$596, DW_AT_bit_offset(0x02)
    6826                      .dwattr $C$DW$596, DW_AT_bit_size(0x01)
    6827                      .dwattr $C$DW$596, DW_AT_data_member_location[DW_OP_plus_uconst 0x1]
    6828                      .dwattr $C$DW$596, DW_AT_accessibility(DW_ACCESS_public)
    6829                      .dwattr $C$DW$596, DW_AT_decl_file("/home/jose/ti/c2000/C2000Ware_26_01_00_00/device_support/f2837xd/
    6830                      .dwattr $C$DW$596, DW_AT_decl_line(0xdb3)
    6831                      .dwattr $C$DW$596, DW_AT_decl_column(0x0c)
    6832              
    6833              $C$DW$597       .dwtag  DW_TAG_member
    6834                      .dwattr $C$DW$597, DW_AT_type(*$C$DW$T$19)
    6835                      .dwattr $C$DW$597, DW_AT_name("GPIO126")
    6836                      .dwattr $C$DW$597, DW_AT_bit_offset(0x01)
    6837                      .dwattr $C$DW$597, DW_AT_bit_size(0x01)
    6838                      .dwattr $C$DW$597, DW_AT_data_member_location[DW_OP_plus_uconst 0x1]
    6839                      .dwattr $C$DW$597, DW_AT_accessibility(DW_ACCESS_public)
    6840                      .dwattr $C$DW$597, DW_AT_decl_file("/home/jose/ti/c2000/C2000Ware_26_01_00_00/device_support/f2837xd/
TMS320C2000 Assembler Unix v25.11.0 Sat May 30 20:22:51 2026

Copyright (c) 1996-2018 Texas Instruments Incorporated
drv8305.asm                                                          PAGE  126

    6841                      .dwattr $C$DW$597, DW_AT_decl_line(0xdb4)
    6842                      .dwattr $C$DW$597, DW_AT_decl_column(0x0c)
    6843              
    6844              $C$DW$598       .dwtag  DW_TAG_member
    6845                      .dwattr $C$DW$598, DW_AT_type(*$C$DW$T$19)
    6846                      .dwattr $C$DW$598, DW_AT_name("GPIO127")
    6847                      .dwattr $C$DW$598, DW_AT_bit_offset(0x00)
    6848                      .dwattr $C$DW$598, DW_AT_bit_size(0x01)
    6849                      .dwattr $C$DW$598, DW_AT_data_member_location[DW_OP_plus_uconst 0x1]
    6850                      .dwattr $C$DW$598, DW_AT_accessibility(DW_ACCESS_public)
    6851                      .dwattr $C$DW$598, DW_AT_decl_file("/home/jose/ti/c2000/C2000Ware_26_01_00_00/device_support/f2837xd/
    6852                      .dwattr $C$DW$598, DW_AT_decl_line(0xdb5)
    6853                      .dwattr $C$DW$598, DW_AT_decl_column(0x0c)
    6854              
    6855                      .dwattr $C$DW$T$51, DW_AT_decl_file("/home/jose/ti/c2000/C2000Ware_26_01_00_00/device_support/f2837xd
    6856                      .dwattr $C$DW$T$51, DW_AT_decl_line(0xd95)
    6857                      .dwattr $C$DW$T$51, DW_AT_decl_column(0x08)
    6858                      .dwendtag $C$DW$T$51
    6859              
    6860                      .dwendtag $C$DW$TU$51
    6861              
    6862              
    6863              $C$DW$TU$52     .dwtag  DW_TAG_type_unit
    6864                      .dwmtype  $C$DW$T$52
    6865              
    6866              $C$DW$T$52      .dwtag  DW_TAG_union_type
    6867                      .dwattr $C$DW$T$52, DW_AT_name("GPDTOGGLE_REG")
    6868                      .dwattr $C$DW$T$52, DW_AT_byte_size(0x02)
    6869              $C$DW$599       .dwtag  DW_TAG_member
    6870                      .dwattr $C$DW$599, DW_AT_type(*$C$DW$T$21)
    6871                      .dwattr $C$DW$599, DW_AT_name("all")
    6872                      .dwattr $C$DW$599, DW_AT_accessibility(DW_ACCESS_public)
    6873                      .dwattr $C$DW$599, DW_AT_decl_file("/home/jose/ti/c2000/C2000Ware_26_01_00_00/device_support/f2837xd/
    6874                      .dwattr $C$DW$599, DW_AT_decl_line(0xdb9)
    6875                      .dwattr $C$DW$599, DW_AT_decl_column(0x0d)
    6876              
    6877              $C$DW$600       .dwtag  DW_TAG_member
    6878                      .dwattr $C$DW$600, DW_AT_type(*$C$DW$T$51)
    6879                      .dwattr $C$DW$600, DW_AT_name("bit")
    6880                      .dwattr $C$DW$600, DW_AT_accessibility(DW_ACCESS_public)
    6881                      .dwattr $C$DW$600, DW_AT_decl_file("/home/jose/ti/c2000/C2000Ware_26_01_00_00/device_support/f2837xd/
    6882                      .dwattr $C$DW$600, DW_AT_decl_line(0xdba)
    6883                      .dwattr $C$DW$600, DW_AT_decl_column(0x1d)
    6884              
    6885                      .dwattr $C$DW$T$52, DW_AT_decl_file("/home/jose/ti/c2000/C2000Ware_26_01_00_00/device_support/f2837xd
    6886                      .dwattr $C$DW$T$52, DW_AT_decl_line(0xdb8)
    6887                      .dwattr $C$DW$T$52, DW_AT_decl_column(0x07)
    6888                      .dwendtag $C$DW$T$52
    6889              
    6890                      .dwendtag $C$DW$TU$52
    6891              
    6892              
    6893              $C$DW$TU$53     .dwtag  DW_TAG_type_unit
    6894                      .dwmtype  $C$DW$T$53
    6895              
TMS320C2000 Assembler Unix v25.11.0 Sat May 30 20:22:51 2026

Copyright (c) 1996-2018 Texas Instruments Incorporated
drv8305.asm                                                          PAGE  127

    6896              $C$DW$T$53      .dwtag  DW_TAG_structure_type
    6897                      .dwattr $C$DW$T$53, DW_AT_name("GPECLEAR_BITS")
    6898                      .dwattr $C$DW$T$53, DW_AT_byte_size(0x02)
    6899              $C$DW$601       .dwtag  DW_TAG_member
    6900                      .dwattr $C$DW$601, DW_AT_type(*$C$DW$T$19)
    6901                      .dwattr $C$DW$601, DW_AT_name("GPIO128")
    6902                      .dwattr $C$DW$601, DW_AT_bit_offset(0x0f)
    6903                      .dwattr $C$DW$601, DW_AT_bit_size(0x01)
    6904                      .dwattr $C$DW$601, DW_AT_accessibility(DW_ACCESS_public)
    6905                      .dwattr $C$DW$601, DW_AT_decl_file("/home/jose/ti/c2000/C2000Ware_26_01_00_00/device_support/f2837xd/
    6906                      .dwattr $C$DW$601, DW_AT_decl_line(0xe0e)
    6907                      .dwattr $C$DW$601, DW_AT_decl_column(0x0c)
    6908              
    6909              $C$DW$602       .dwtag  DW_TAG_member
    6910                      .dwattr $C$DW$602, DW_AT_type(*$C$DW$T$19)
    6911                      .dwattr $C$DW$602, DW_AT_name("GPIO129")
    6912                      .dwattr $C$DW$602, DW_AT_bit_offset(0x0e)
    6913                      .dwattr $C$DW$602, DW_AT_bit_size(0x01)
    6914                      .dwattr $C$DW$602, DW_AT_accessibility(DW_ACCESS_public)
    6915                      .dwattr $C$DW$602, DW_AT_decl_file("/home/jose/ti/c2000/C2000Ware_26_01_00_00/device_support/f2837xd/
    6916                      .dwattr $C$DW$602, DW_AT_decl_line(0xe0f)
    6917                      .dwattr $C$DW$602, DW_AT_decl_column(0x0c)
    6918              
    6919              $C$DW$603       .dwtag  DW_TAG_member
    6920                      .dwattr $C$DW$603, DW_AT_type(*$C$DW$T$19)
    6921                      .dwattr $C$DW$603, DW_AT_name("GPIO130")
    6922                      .dwattr $C$DW$603, DW_AT_bit_offset(0x0d)
    6923                      .dwattr $C$DW$603, DW_AT_bit_size(0x01)
    6924                      .dwattr $C$DW$603, DW_AT_accessibility(DW_ACCESS_public)
    6925                      .dwattr $C$DW$603, DW_AT_decl_file("/home/jose/ti/c2000/C2000Ware_26_01_00_00/device_support/f2837xd/
    6926                      .dwattr $C$DW$603, DW_AT_decl_line(0xe10)
    6927                      .dwattr $C$DW$603, DW_AT_decl_column(0x0c)
    6928              
    6929              $C$DW$604       .dwtag  DW_TAG_member
    6930                      .dwattr $C$DW$604, DW_AT_type(*$C$DW$T$19)
    6931                      .dwattr $C$DW$604, DW_AT_name("GPIO131")
    6932                      .dwattr $C$DW$604, DW_AT_bit_offset(0x0c)
    6933                      .dwattr $C$DW$604, DW_AT_bit_size(0x01)
    6934                      .dwattr $C$DW$604, DW_AT_accessibility(DW_ACCESS_public)
    6935                      .dwattr $C$DW$604, DW_AT_decl_file("/home/jose/ti/c2000/C2000Ware_26_01_00_00/device_support/f2837xd/
    6936                      .dwattr $C$DW$604, DW_AT_decl_line(0xe11)
    6937                      .dwattr $C$DW$604, DW_AT_decl_column(0x0c)
    6938              
    6939              $C$DW$605       .dwtag  DW_TAG_member
    6940                      .dwattr $C$DW$605, DW_AT_type(*$C$DW$T$19)
    6941                      .dwattr $C$DW$605, DW_AT_name("GPIO132")
    6942                      .dwattr $C$DW$605, DW_AT_bit_offset(0x0b)
    6943                      .dwattr $C$DW$605, DW_AT_bit_size(0x01)
    6944                      .dwattr $C$DW$605, DW_AT_accessibility(DW_ACCESS_public)
    6945                      .dwattr $C$DW$605, DW_AT_decl_file("/home/jose/ti/c2000/C2000Ware_26_01_00_00/device_support/f2837xd/
    6946                      .dwattr $C$DW$605, DW_AT_decl_line(0xe12)
    6947                      .dwattr $C$DW$605, DW_AT_decl_column(0x0c)
    6948              
    6949              $C$DW$606       .dwtag  DW_TAG_member
    6950                      .dwattr $C$DW$606, DW_AT_type(*$C$DW$T$19)
TMS320C2000 Assembler Unix v25.11.0 Sat May 30 20:22:51 2026

Copyright (c) 1996-2018 Texas Instruments Incorporated
drv8305.asm                                                          PAGE  128

    6951                      .dwattr $C$DW$606, DW_AT_name("GPIO133")
    6952                      .dwattr $C$DW$606, DW_AT_bit_offset(0x0a)
    6953                      .dwattr $C$DW$606, DW_AT_bit_size(0x01)
    6954                      .dwattr $C$DW$606, DW_AT_accessibility(DW_ACCESS_public)
    6955                      .dwattr $C$DW$606, DW_AT_decl_file("/home/jose/ti/c2000/C2000Ware_26_01_00_00/device_support/f2837xd/
    6956                      .dwattr $C$DW$606, DW_AT_decl_line(0xe13)
    6957                      .dwattr $C$DW$606, DW_AT_decl_column(0x0c)
    6958              
    6959              $C$DW$607       .dwtag  DW_TAG_member
    6960                      .dwattr $C$DW$607, DW_AT_type(*$C$DW$T$19)
    6961                      .dwattr $C$DW$607, DW_AT_name("GPIO134")
    6962                      .dwattr $C$DW$607, DW_AT_bit_offset(0x09)
    6963                      .dwattr $C$DW$607, DW_AT_bit_size(0x01)
    6964                      .dwattr $C$DW$607, DW_AT_accessibility(DW_ACCESS_public)
    6965                      .dwattr $C$DW$607, DW_AT_decl_file("/home/jose/ti/c2000/C2000Ware_26_01_00_00/device_support/f2837xd/
    6966                      .dwattr $C$DW$607, DW_AT_decl_line(0xe14)
    6967                      .dwattr $C$DW$607, DW_AT_decl_column(0x0c)
    6968              
    6969              $C$DW$608       .dwtag  DW_TAG_member
    6970                      .dwattr $C$DW$608, DW_AT_type(*$C$DW$T$19)
    6971                      .dwattr $C$DW$608, DW_AT_name("GPIO135")
    6972                      .dwattr $C$DW$608, DW_AT_bit_offset(0x08)
    6973                      .dwattr $C$DW$608, DW_AT_bit_size(0x01)
    6974                      .dwattr $C$DW$608, DW_AT_accessibility(DW_ACCESS_public)
    6975                      .dwattr $C$DW$608, DW_AT_decl_file("/home/jose/ti/c2000/C2000Ware_26_01_00_00/device_support/f2837xd/
    6976                      .dwattr $C$DW$608, DW_AT_decl_line(0xe15)
    6977                      .dwattr $C$DW$608, DW_AT_decl_column(0x0c)
    6978              
    6979              $C$DW$609       .dwtag  DW_TAG_member
    6980                      .dwattr $C$DW$609, DW_AT_type(*$C$DW$T$19)
    6981                      .dwattr $C$DW$609, DW_AT_name("GPIO136")
    6982                      .dwattr $C$DW$609, DW_AT_bit_offset(0x07)
    6983                      .dwattr $C$DW$609, DW_AT_bit_size(0x01)
    6984                      .dwattr $C$DW$609, DW_AT_accessibility(DW_ACCESS_public)
    6985                      .dwattr $C$DW$609, DW_AT_decl_file("/home/jose/ti/c2000/C2000Ware_26_01_00_00/device_support/f2837xd/
    6986                      .dwattr $C$DW$609, DW_AT_decl_line(0xe16)
    6987                      .dwattr $C$DW$609, DW_AT_decl_column(0x0c)
    6988              
    6989              $C$DW$610       .dwtag  DW_TAG_member
    6990                      .dwattr $C$DW$610, DW_AT_type(*$C$DW$T$19)
    6991                      .dwattr $C$DW$610, DW_AT_name("GPIO137")
    6992                      .dwattr $C$DW$610, DW_AT_bit_offset(0x06)
    6993                      .dwattr $C$DW$610, DW_AT_bit_size(0x01)
    6994                      .dwattr $C$DW$610, DW_AT_accessibility(DW_ACCESS_public)
    6995                      .dwattr $C$DW$610, DW_AT_decl_file("/home/jose/ti/c2000/C2000Ware_26_01_00_00/device_support/f2837xd/
    6996                      .dwattr $C$DW$610, DW_AT_decl_line(0xe17)
    6997                      .dwattr $C$DW$610, DW_AT_decl_column(0x0c)
    6998              
    6999              $C$DW$611       .dwtag  DW_TAG_member
    7000                      .dwattr $C$DW$611, DW_AT_type(*$C$DW$T$19)
    7001                      .dwattr $C$DW$611, DW_AT_name("GPIO138")
    7002                      .dwattr $C$DW$611, DW_AT_bit_offset(0x05)
    7003                      .dwattr $C$DW$611, DW_AT_bit_size(0x01)
    7004                      .dwattr $C$DW$611, DW_AT_accessibility(DW_ACCESS_public)
    7005                      .dwattr $C$DW$611, DW_AT_decl_file("/home/jose/ti/c2000/C2000Ware_26_01_00_00/device_support/f2837xd/
TMS320C2000 Assembler Unix v25.11.0 Sat May 30 20:22:51 2026

Copyright (c) 1996-2018 Texas Instruments Incorporated
drv8305.asm                                                          PAGE  129

    7006                      .dwattr $C$DW$611, DW_AT_decl_line(0xe18)
    7007                      .dwattr $C$DW$611, DW_AT_decl_column(0x0c)
    7008              
    7009              $C$DW$612       .dwtag  DW_TAG_member
    7010                      .dwattr $C$DW$612, DW_AT_type(*$C$DW$T$19)
    7011                      .dwattr $C$DW$612, DW_AT_name("GPIO139")
    7012                      .dwattr $C$DW$612, DW_AT_bit_offset(0x04)
    7013                      .dwattr $C$DW$612, DW_AT_bit_size(0x01)
    7014                      .dwattr $C$DW$612, DW_AT_accessibility(DW_ACCESS_public)
    7015                      .dwattr $C$DW$612, DW_AT_decl_file("/home/jose/ti/c2000/C2000Ware_26_01_00_00/device_support/f2837xd/
    7016                      .dwattr $C$DW$612, DW_AT_decl_line(0xe19)
    7017                      .dwattr $C$DW$612, DW_AT_decl_column(0x0c)
    7018              
    7019              $C$DW$613       .dwtag  DW_TAG_member
    7020                      .dwattr $C$DW$613, DW_AT_type(*$C$DW$T$19)
    7021                      .dwattr $C$DW$613, DW_AT_name("GPIO140")
    7022                      .dwattr $C$DW$613, DW_AT_bit_offset(0x03)
    7023                      .dwattr $C$DW$613, DW_AT_bit_size(0x01)
    7024                      .dwattr $C$DW$613, DW_AT_accessibility(DW_ACCESS_public)
    7025                      .dwattr $C$DW$613, DW_AT_decl_file("/home/jose/ti/c2000/C2000Ware_26_01_00_00/device_support/f2837xd/
    7026                      .dwattr $C$DW$613, DW_AT_decl_line(0xe1a)
    7027                      .dwattr $C$DW$613, DW_AT_decl_column(0x0c)
    7028              
    7029              $C$DW$614       .dwtag  DW_TAG_member
    7030                      .dwattr $C$DW$614, DW_AT_type(*$C$DW$T$19)
    7031                      .dwattr $C$DW$614, DW_AT_name("GPIO141")
    7032                      .dwattr $C$DW$614, DW_AT_bit_offset(0x02)
    7033                      .dwattr $C$DW$614, DW_AT_bit_size(0x01)
    7034                      .dwattr $C$DW$614, DW_AT_accessibility(DW_ACCESS_public)
    7035                      .dwattr $C$DW$614, DW_AT_decl_file("/home/jose/ti/c2000/C2000Ware_26_01_00_00/device_support/f2837xd/
    7036                      .dwattr $C$DW$614, DW_AT_decl_line(0xe1b)
    7037                      .dwattr $C$DW$614, DW_AT_decl_column(0x0c)
    7038              
    7039              $C$DW$615       .dwtag  DW_TAG_member
    7040                      .dwattr $C$DW$615, DW_AT_type(*$C$DW$T$19)
    7041                      .dwattr $C$DW$615, DW_AT_name("GPIO142")
    7042                      .dwattr $C$DW$615, DW_AT_bit_offset(0x01)
    7043                      .dwattr $C$DW$615, DW_AT_bit_size(0x01)
    7044                      .dwattr $C$DW$615, DW_AT_accessibility(DW_ACCESS_public)
    7045                      .dwattr $C$DW$615, DW_AT_decl_file("/home/jose/ti/c2000/C2000Ware_26_01_00_00/device_support/f2837xd/
    7046                      .dwattr $C$DW$615, DW_AT_decl_line(0xe1c)
    7047                      .dwattr $C$DW$615, DW_AT_decl_column(0x0c)
    7048              
    7049              $C$DW$616       .dwtag  DW_TAG_member
    7050                      .dwattr $C$DW$616, DW_AT_type(*$C$DW$T$19)
    7051                      .dwattr $C$DW$616, DW_AT_name("GPIO143")
    7052                      .dwattr $C$DW$616, DW_AT_bit_offset(0x00)
    7053                      .dwattr $C$DW$616, DW_AT_bit_size(0x01)
    7054                      .dwattr $C$DW$616, DW_AT_accessibility(DW_ACCESS_public)
    7055                      .dwattr $C$DW$616, DW_AT_decl_file("/home/jose/ti/c2000/C2000Ware_26_01_00_00/device_support/f2837xd/
    7056                      .dwattr $C$DW$616, DW_AT_decl_line(0xe1d)
    7057                      .dwattr $C$DW$616, DW_AT_decl_column(0x0c)
    7058              
    7059              $C$DW$617       .dwtag  DW_TAG_member
    7060                      .dwattr $C$DW$617, DW_AT_type(*$C$DW$T$19)
TMS320C2000 Assembler Unix v25.11.0 Sat May 30 20:22:51 2026

Copyright (c) 1996-2018 Texas Instruments Incorporated
drv8305.asm                                                          PAGE  130

    7061                      .dwattr $C$DW$617, DW_AT_name("GPIO144")
    7062                      .dwattr $C$DW$617, DW_AT_bit_offset(0x0f)
    7063                      .dwattr $C$DW$617, DW_AT_bit_size(0x01)
    7064                      .dwattr $C$DW$617, DW_AT_data_member_location[DW_OP_plus_uconst 0x1]
    7065                      .dwattr $C$DW$617, DW_AT_accessibility(DW_ACCESS_public)
    7066                      .dwattr $C$DW$617, DW_AT_decl_file("/home/jose/ti/c2000/C2000Ware_26_01_00_00/device_support/f2837xd/
    7067                      .dwattr $C$DW$617, DW_AT_decl_line(0xe1e)
    7068                      .dwattr $C$DW$617, DW_AT_decl_column(0x0c)
    7069              
    7070              $C$DW$618       .dwtag  DW_TAG_member
    7071                      .dwattr $C$DW$618, DW_AT_type(*$C$DW$T$19)
    7072                      .dwattr $C$DW$618, DW_AT_name("GPIO145")
    7073                      .dwattr $C$DW$618, DW_AT_bit_offset(0x0e)
    7074                      .dwattr $C$DW$618, DW_AT_bit_size(0x01)
    7075                      .dwattr $C$DW$618, DW_AT_data_member_location[DW_OP_plus_uconst 0x1]
    7076                      .dwattr $C$DW$618, DW_AT_accessibility(DW_ACCESS_public)
    7077                      .dwattr $C$DW$618, DW_AT_decl_file("/home/jose/ti/c2000/C2000Ware_26_01_00_00/device_support/f2837xd/
    7078                      .dwattr $C$DW$618, DW_AT_decl_line(0xe1f)
    7079                      .dwattr $C$DW$618, DW_AT_decl_column(0x0c)
    7080              
    7081              $C$DW$619       .dwtag  DW_TAG_member
    7082                      .dwattr $C$DW$619, DW_AT_type(*$C$DW$T$19)
    7083                      .dwattr $C$DW$619, DW_AT_name("GPIO146")
    7084                      .dwattr $C$DW$619, DW_AT_bit_offset(0x0d)
    7085                      .dwattr $C$DW$619, DW_AT_bit_size(0x01)
    7086                      .dwattr $C$DW$619, DW_AT_data_member_location[DW_OP_plus_uconst 0x1]
    7087                      .dwattr $C$DW$619, DW_AT_accessibility(DW_ACCESS_public)
    7088                      .dwattr $C$DW$619, DW_AT_decl_file("/home/jose/ti/c2000/C2000Ware_26_01_00_00/device_support/f2837xd/
    7089                      .dwattr $C$DW$619, DW_AT_decl_line(0xe20)
    7090                      .dwattr $C$DW$619, DW_AT_decl_column(0x0c)
    7091              
    7092              $C$DW$620       .dwtag  DW_TAG_member
    7093                      .dwattr $C$DW$620, DW_AT_type(*$C$DW$T$19)
    7094                      .dwattr $C$DW$620, DW_AT_name("GPIO147")
    7095                      .dwattr $C$DW$620, DW_AT_bit_offset(0x0c)
    7096                      .dwattr $C$DW$620, DW_AT_bit_size(0x01)
    7097                      .dwattr $C$DW$620, DW_AT_data_member_location[DW_OP_plus_uconst 0x1]
    7098                      .dwattr $C$DW$620, DW_AT_accessibility(DW_ACCESS_public)
    7099                      .dwattr $C$DW$620, DW_AT_decl_file("/home/jose/ti/c2000/C2000Ware_26_01_00_00/device_support/f2837xd/
    7100                      .dwattr $C$DW$620, DW_AT_decl_line(0xe21)
    7101                      .dwattr $C$DW$620, DW_AT_decl_column(0x0c)
    7102              
    7103              $C$DW$621       .dwtag  DW_TAG_member
    7104                      .dwattr $C$DW$621, DW_AT_type(*$C$DW$T$19)
    7105                      .dwattr $C$DW$621, DW_AT_name("GPIO148")
    7106                      .dwattr $C$DW$621, DW_AT_bit_offset(0x0b)
    7107                      .dwattr $C$DW$621, DW_AT_bit_size(0x01)
    7108                      .dwattr $C$DW$621, DW_AT_data_member_location[DW_OP_plus_uconst 0x1]
    7109                      .dwattr $C$DW$621, DW_AT_accessibility(DW_ACCESS_public)
    7110                      .dwattr $C$DW$621, DW_AT_decl_file("/home/jose/ti/c2000/C2000Ware_26_01_00_00/device_support/f2837xd/
    7111                      .dwattr $C$DW$621, DW_AT_decl_line(0xe22)
    7112                      .dwattr $C$DW$621, DW_AT_decl_column(0x0c)
    7113              
    7114              $C$DW$622       .dwtag  DW_TAG_member
    7115                      .dwattr $C$DW$622, DW_AT_type(*$C$DW$T$19)
TMS320C2000 Assembler Unix v25.11.0 Sat May 30 20:22:51 2026

Copyright (c) 1996-2018 Texas Instruments Incorporated
drv8305.asm                                                          PAGE  131

    7116                      .dwattr $C$DW$622, DW_AT_name("GPIO149")
    7117                      .dwattr $C$DW$622, DW_AT_bit_offset(0x0a)
    7118                      .dwattr $C$DW$622, DW_AT_bit_size(0x01)
    7119                      .dwattr $C$DW$622, DW_AT_data_member_location[DW_OP_plus_uconst 0x1]
    7120                      .dwattr $C$DW$622, DW_AT_accessibility(DW_ACCESS_public)
    7121                      .dwattr $C$DW$622, DW_AT_decl_file("/home/jose/ti/c2000/C2000Ware_26_01_00_00/device_support/f2837xd/
    7122                      .dwattr $C$DW$622, DW_AT_decl_line(0xe23)
    7123                      .dwattr $C$DW$622, DW_AT_decl_column(0x0c)
    7124              
    7125              $C$DW$623       .dwtag  DW_TAG_member
    7126                      .dwattr $C$DW$623, DW_AT_type(*$C$DW$T$19)
    7127                      .dwattr $C$DW$623, DW_AT_name("GPIO150")
    7128                      .dwattr $C$DW$623, DW_AT_bit_offset(0x09)
    7129                      .dwattr $C$DW$623, DW_AT_bit_size(0x01)
    7130                      .dwattr $C$DW$623, DW_AT_data_member_location[DW_OP_plus_uconst 0x1]
    7131                      .dwattr $C$DW$623, DW_AT_accessibility(DW_ACCESS_public)
    7132                      .dwattr $C$DW$623, DW_AT_decl_file("/home/jose/ti/c2000/C2000Ware_26_01_00_00/device_support/f2837xd/
    7133                      .dwattr $C$DW$623, DW_AT_decl_line(0xe24)
    7134                      .dwattr $C$DW$623, DW_AT_decl_column(0x0c)
    7135              
    7136              $C$DW$624       .dwtag  DW_TAG_member
    7137                      .dwattr $C$DW$624, DW_AT_type(*$C$DW$T$19)
    7138                      .dwattr $C$DW$624, DW_AT_name("GPIO151")
    7139                      .dwattr $C$DW$624, DW_AT_bit_offset(0x08)
    7140                      .dwattr $C$DW$624, DW_AT_bit_size(0x01)
    7141                      .dwattr $C$DW$624, DW_AT_data_member_location[DW_OP_plus_uconst 0x1]
    7142                      .dwattr $C$DW$624, DW_AT_accessibility(DW_ACCESS_public)
    7143                      .dwattr $C$DW$624, DW_AT_decl_file("/home/jose/ti/c2000/C2000Ware_26_01_00_00/device_support/f2837xd/
    7144                      .dwattr $C$DW$624, DW_AT_decl_line(0xe25)
    7145                      .dwattr $C$DW$624, DW_AT_decl_column(0x0c)
    7146              
    7147              $C$DW$625       .dwtag  DW_TAG_member
    7148                      .dwattr $C$DW$625, DW_AT_type(*$C$DW$T$19)
    7149                      .dwattr $C$DW$625, DW_AT_name("GPIO152")
    7150                      .dwattr $C$DW$625, DW_AT_bit_offset(0x07)
    7151                      .dwattr $C$DW$625, DW_AT_bit_size(0x01)
    7152                      .dwattr $C$DW$625, DW_AT_data_member_location[DW_OP_plus_uconst 0x1]
    7153                      .dwattr $C$DW$625, DW_AT_accessibility(DW_ACCESS_public)
    7154                      .dwattr $C$DW$625, DW_AT_decl_file("/home/jose/ti/c2000/C2000Ware_26_01_00_00/device_support/f2837xd/
    7155                      .dwattr $C$DW$625, DW_AT_decl_line(0xe26)
    7156                      .dwattr $C$DW$625, DW_AT_decl_column(0x0c)
    7157              
    7158              $C$DW$626       .dwtag  DW_TAG_member
    7159                      .dwattr $C$DW$626, DW_AT_type(*$C$DW$T$19)
    7160                      .dwattr $C$DW$626, DW_AT_name("GPIO153")
    7161                      .dwattr $C$DW$626, DW_AT_bit_offset(0x06)
    7162                      .dwattr $C$DW$626, DW_AT_bit_size(0x01)
    7163                      .dwattr $C$DW$626, DW_AT_data_member_location[DW_OP_plus_uconst 0x1]
    7164                      .dwattr $C$DW$626, DW_AT_accessibility(DW_ACCESS_public)
    7165                      .dwattr $C$DW$626, DW_AT_decl_file("/home/jose/ti/c2000/C2000Ware_26_01_00_00/device_support/f2837xd/
    7166                      .dwattr $C$DW$626, DW_AT_decl_line(0xe27)
    7167                      .dwattr $C$DW$626, DW_AT_decl_column(0x0c)
    7168              
    7169              $C$DW$627       .dwtag  DW_TAG_member
    7170                      .dwattr $C$DW$627, DW_AT_type(*$C$DW$T$19)
TMS320C2000 Assembler Unix v25.11.0 Sat May 30 20:22:51 2026

Copyright (c) 1996-2018 Texas Instruments Incorporated
drv8305.asm                                                          PAGE  132

    7171                      .dwattr $C$DW$627, DW_AT_name("GPIO154")
    7172                      .dwattr $C$DW$627, DW_AT_bit_offset(0x05)
    7173                      .dwattr $C$DW$627, DW_AT_bit_size(0x01)
    7174                      .dwattr $C$DW$627, DW_AT_data_member_location[DW_OP_plus_uconst 0x1]
    7175                      .dwattr $C$DW$627, DW_AT_accessibility(DW_ACCESS_public)
    7176                      .dwattr $C$DW$627, DW_AT_decl_file("/home/jose/ti/c2000/C2000Ware_26_01_00_00/device_support/f2837xd/
    7177                      .dwattr $C$DW$627, DW_AT_decl_line(0xe28)
    7178                      .dwattr $C$DW$627, DW_AT_decl_column(0x0c)
    7179              
    7180              $C$DW$628       .dwtag  DW_TAG_member
    7181                      .dwattr $C$DW$628, DW_AT_type(*$C$DW$T$19)
    7182                      .dwattr $C$DW$628, DW_AT_name("GPIO155")
    7183                      .dwattr $C$DW$628, DW_AT_bit_offset(0x04)
    7184                      .dwattr $C$DW$628, DW_AT_bit_size(0x01)
    7185                      .dwattr $C$DW$628, DW_AT_data_member_location[DW_OP_plus_uconst 0x1]
    7186                      .dwattr $C$DW$628, DW_AT_accessibility(DW_ACCESS_public)
    7187                      .dwattr $C$DW$628, DW_AT_decl_file("/home/jose/ti/c2000/C2000Ware_26_01_00_00/device_support/f2837xd/
    7188                      .dwattr $C$DW$628, DW_AT_decl_line(0xe29)
    7189                      .dwattr $C$DW$628, DW_AT_decl_column(0x0c)
    7190              
    7191              $C$DW$629       .dwtag  DW_TAG_member
    7192                      .dwattr $C$DW$629, DW_AT_type(*$C$DW$T$19)
    7193                      .dwattr $C$DW$629, DW_AT_name("GPIO156")
    7194                      .dwattr $C$DW$629, DW_AT_bit_offset(0x03)
    7195                      .dwattr $C$DW$629, DW_AT_bit_size(0x01)
    7196                      .dwattr $C$DW$629, DW_AT_data_member_location[DW_OP_plus_uconst 0x1]
    7197                      .dwattr $C$DW$629, DW_AT_accessibility(DW_ACCESS_public)
    7198                      .dwattr $C$DW$629, DW_AT_decl_file("/home/jose/ti/c2000/C2000Ware_26_01_00_00/device_support/f2837xd/
    7199                      .dwattr $C$DW$629, DW_AT_decl_line(0xe2a)
    7200                      .dwattr $C$DW$629, DW_AT_decl_column(0x0c)
    7201              
    7202              $C$DW$630       .dwtag  DW_TAG_member
    7203                      .dwattr $C$DW$630, DW_AT_type(*$C$DW$T$19)
    7204                      .dwattr $C$DW$630, DW_AT_name("GPIO157")
    7205                      .dwattr $C$DW$630, DW_AT_bit_offset(0x02)
    7206                      .dwattr $C$DW$630, DW_AT_bit_size(0x01)
    7207                      .dwattr $C$DW$630, DW_AT_data_member_location[DW_OP_plus_uconst 0x1]
    7208                      .dwattr $C$DW$630, DW_AT_accessibility(DW_ACCESS_public)
    7209                      .dwattr $C$DW$630, DW_AT_decl_file("/home/jose/ti/c2000/C2000Ware_26_01_00_00/device_support/f2837xd/
    7210                      .dwattr $C$DW$630, DW_AT_decl_line(0xe2b)
    7211                      .dwattr $C$DW$630, DW_AT_decl_column(0x0c)
    7212              
    7213              $C$DW$631       .dwtag  DW_TAG_member
    7214                      .dwattr $C$DW$631, DW_AT_type(*$C$DW$T$19)
    7215                      .dwattr $C$DW$631, DW_AT_name("GPIO158")
    7216                      .dwattr $C$DW$631, DW_AT_bit_offset(0x01)
    7217                      .dwattr $C$DW$631, DW_AT_bit_size(0x01)
    7218                      .dwattr $C$DW$631, DW_AT_data_member_location[DW_OP_plus_uconst 0x1]
    7219                      .dwattr $C$DW$631, DW_AT_accessibility(DW_ACCESS_public)
    7220                      .dwattr $C$DW$631, DW_AT_decl_file("/home/jose/ti/c2000/C2000Ware_26_01_00_00/device_support/f2837xd/
    7221                      .dwattr $C$DW$631, DW_AT_decl_line(0xe2c)
    7222                      .dwattr $C$DW$631, DW_AT_decl_column(0x0c)
    7223              
    7224              $C$DW$632       .dwtag  DW_TAG_member
    7225                      .dwattr $C$DW$632, DW_AT_type(*$C$DW$T$19)
TMS320C2000 Assembler Unix v25.11.0 Sat May 30 20:22:51 2026

Copyright (c) 1996-2018 Texas Instruments Incorporated
drv8305.asm                                                          PAGE  133

    7226                      .dwattr $C$DW$632, DW_AT_name("GPIO159")
    7227                      .dwattr $C$DW$632, DW_AT_bit_offset(0x00)
    7228                      .dwattr $C$DW$632, DW_AT_bit_size(0x01)
    7229                      .dwattr $C$DW$632, DW_AT_data_member_location[DW_OP_plus_uconst 0x1]
    7230                      .dwattr $C$DW$632, DW_AT_accessibility(DW_ACCESS_public)
    7231                      .dwattr $C$DW$632, DW_AT_decl_file("/home/jose/ti/c2000/C2000Ware_26_01_00_00/device_support/f2837xd/
    7232                      .dwattr $C$DW$632, DW_AT_decl_line(0xe2d)
    7233                      .dwattr $C$DW$632, DW_AT_decl_column(0x0c)
    7234              
    7235                      .dwattr $C$DW$T$53, DW_AT_decl_file("/home/jose/ti/c2000/C2000Ware_26_01_00_00/device_support/f2837xd
    7236                      .dwattr $C$DW$T$53, DW_AT_decl_line(0xe0d)
    7237                      .dwattr $C$DW$T$53, DW_AT_decl_column(0x08)
    7238                      .dwendtag $C$DW$T$53
    7239              
    7240                      .dwendtag $C$DW$TU$53
    7241              
    7242              
    7243              $C$DW$TU$54     .dwtag  DW_TAG_type_unit
    7244                      .dwmtype  $C$DW$T$54
    7245              
    7246              $C$DW$T$54      .dwtag  DW_TAG_union_type
    7247                      .dwattr $C$DW$T$54, DW_AT_name("GPECLEAR_REG")
    7248                      .dwattr $C$DW$T$54, DW_AT_byte_size(0x02)
    7249              $C$DW$633       .dwtag  DW_TAG_member
    7250                      .dwattr $C$DW$633, DW_AT_type(*$C$DW$T$21)
    7251                      .dwattr $C$DW$633, DW_AT_name("all")
    7252                      .dwattr $C$DW$633, DW_AT_accessibility(DW_ACCESS_public)
    7253                      .dwattr $C$DW$633, DW_AT_decl_file("/home/jose/ti/c2000/C2000Ware_26_01_00_00/device_support/f2837xd/
    7254                      .dwattr $C$DW$633, DW_AT_decl_line(0xe31)
    7255                      .dwattr $C$DW$633, DW_AT_decl_column(0x0d)
    7256              
    7257              $C$DW$634       .dwtag  DW_TAG_member
    7258                      .dwattr $C$DW$634, DW_AT_type(*$C$DW$T$53)
    7259                      .dwattr $C$DW$634, DW_AT_name("bit")
    7260                      .dwattr $C$DW$634, DW_AT_accessibility(DW_ACCESS_public)
    7261                      .dwattr $C$DW$634, DW_AT_decl_file("/home/jose/ti/c2000/C2000Ware_26_01_00_00/device_support/f2837xd/
    7262                      .dwattr $C$DW$634, DW_AT_decl_line(0xe32)
    7263                      .dwattr $C$DW$634, DW_AT_decl_column(0x1c)
    7264              
    7265                      .dwattr $C$DW$T$54, DW_AT_decl_file("/home/jose/ti/c2000/C2000Ware_26_01_00_00/device_support/f2837xd
    7266                      .dwattr $C$DW$T$54, DW_AT_decl_line(0xe30)
    7267                      .dwattr $C$DW$T$54, DW_AT_decl_column(0x07)
    7268                      .dwendtag $C$DW$T$54
    7269              
    7270                      .dwendtag $C$DW$TU$54
    7271              
    7272              
    7273              $C$DW$TU$55     .dwtag  DW_TAG_type_unit
    7274                      .dwmtype  $C$DW$T$55
    7275              
    7276              $C$DW$T$55      .dwtag  DW_TAG_structure_type
    7277                      .dwattr $C$DW$T$55, DW_AT_name("GPEDAT_BITS")
    7278                      .dwattr $C$DW$T$55, DW_AT_byte_size(0x02)
    7279              $C$DW$635       .dwtag  DW_TAG_member
    7280                      .dwattr $C$DW$635, DW_AT_type(*$C$DW$T$19)
TMS320C2000 Assembler Unix v25.11.0 Sat May 30 20:22:51 2026

Copyright (c) 1996-2018 Texas Instruments Incorporated
drv8305.asm                                                          PAGE  134

    7281                      .dwattr $C$DW$635, DW_AT_name("GPIO128")
    7282                      .dwattr $C$DW$635, DW_AT_bit_offset(0x0f)
    7283                      .dwattr $C$DW$635, DW_AT_bit_size(0x01)
    7284                      .dwattr $C$DW$635, DW_AT_accessibility(DW_ACCESS_public)
    7285                      .dwattr $C$DW$635, DW_AT_decl_file("/home/jose/ti/c2000/C2000Ware_26_01_00_00/device_support/f2837xd/
    7286                      .dwattr $C$DW$635, DW_AT_decl_line(0xdbe)
    7287                      .dwattr $C$DW$635, DW_AT_decl_column(0x0c)
    7288              
    7289              $C$DW$636       .dwtag  DW_TAG_member
    7290                      .dwattr $C$DW$636, DW_AT_type(*$C$DW$T$19)
    7291                      .dwattr $C$DW$636, DW_AT_name("GPIO129")
    7292                      .dwattr $C$DW$636, DW_AT_bit_offset(0x0e)
    7293                      .dwattr $C$DW$636, DW_AT_bit_size(0x01)
    7294                      .dwattr $C$DW$636, DW_AT_accessibility(DW_ACCESS_public)
    7295                      .dwattr $C$DW$636, DW_AT_decl_file("/home/jose/ti/c2000/C2000Ware_26_01_00_00/device_support/f2837xd/
    7296                      .dwattr $C$DW$636, DW_AT_decl_line(0xdbf)
    7297                      .dwattr $C$DW$636, DW_AT_decl_column(0x0c)
    7298              
    7299              $C$DW$637       .dwtag  DW_TAG_member
    7300                      .dwattr $C$DW$637, DW_AT_type(*$C$DW$T$19)
    7301                      .dwattr $C$DW$637, DW_AT_name("GPIO130")
    7302                      .dwattr $C$DW$637, DW_AT_bit_offset(0x0d)
    7303                      .dwattr $C$DW$637, DW_AT_bit_size(0x01)
    7304                      .dwattr $C$DW$637, DW_AT_accessibility(DW_ACCESS_public)
    7305                      .dwattr $C$DW$637, DW_AT_decl_file("/home/jose/ti/c2000/C2000Ware_26_01_00_00/device_support/f2837xd/
    7306                      .dwattr $C$DW$637, DW_AT_decl_line(0xdc0)
    7307                      .dwattr $C$DW$637, DW_AT_decl_column(0x0c)
    7308              
    7309              $C$DW$638       .dwtag  DW_TAG_member
    7310                      .dwattr $C$DW$638, DW_AT_type(*$C$DW$T$19)
    7311                      .dwattr $C$DW$638, DW_AT_name("GPIO131")
    7312                      .dwattr $C$DW$638, DW_AT_bit_offset(0x0c)
    7313                      .dwattr $C$DW$638, DW_AT_bit_size(0x01)
    7314                      .dwattr $C$DW$638, DW_AT_accessibility(DW_ACCESS_public)
    7315                      .dwattr $C$DW$638, DW_AT_decl_file("/home/jose/ti/c2000/C2000Ware_26_01_00_00/device_support/f2837xd/
    7316                      .dwattr $C$DW$638, DW_AT_decl_line(0xdc1)
    7317                      .dwattr $C$DW$638, DW_AT_decl_column(0x0c)
    7318              
    7319              $C$DW$639       .dwtag  DW_TAG_member
    7320                      .dwattr $C$DW$639, DW_AT_type(*$C$DW$T$19)
    7321                      .dwattr $C$DW$639, DW_AT_name("GPIO132")
    7322                      .dwattr $C$DW$639, DW_AT_bit_offset(0x0b)
    7323                      .dwattr $C$DW$639, DW_AT_bit_size(0x01)
    7324                      .dwattr $C$DW$639, DW_AT_accessibility(DW_ACCESS_public)
    7325                      .dwattr $C$DW$639, DW_AT_decl_file("/home/jose/ti/c2000/C2000Ware_26_01_00_00/device_support/f2837xd/
    7326                      .dwattr $C$DW$639, DW_AT_decl_line(0xdc2)
    7327                      .dwattr $C$DW$639, DW_AT_decl_column(0x0c)
    7328              
    7329              $C$DW$640       .dwtag  DW_TAG_member
    7330                      .dwattr $C$DW$640, DW_AT_type(*$C$DW$T$19)
    7331                      .dwattr $C$DW$640, DW_AT_name("GPIO133")
    7332                      .dwattr $C$DW$640, DW_AT_bit_offset(0x0a)
    7333                      .dwattr $C$DW$640, DW_AT_bit_size(0x01)
    7334                      .dwattr $C$DW$640, DW_AT_accessibility(DW_ACCESS_public)
    7335                      .dwattr $C$DW$640, DW_AT_decl_file("/home/jose/ti/c2000/C2000Ware_26_01_00_00/device_support/f2837xd/
TMS320C2000 Assembler Unix v25.11.0 Sat May 30 20:22:51 2026

Copyright (c) 1996-2018 Texas Instruments Incorporated
drv8305.asm                                                          PAGE  135

    7336                      .dwattr $C$DW$640, DW_AT_decl_line(0xdc3)
    7337                      .dwattr $C$DW$640, DW_AT_decl_column(0x0c)
    7338              
    7339              $C$DW$641       .dwtag  DW_TAG_member
    7340                      .dwattr $C$DW$641, DW_AT_type(*$C$DW$T$19)
    7341                      .dwattr $C$DW$641, DW_AT_name("GPIO134")
    7342                      .dwattr $C$DW$641, DW_AT_bit_offset(0x09)
    7343                      .dwattr $C$DW$641, DW_AT_bit_size(0x01)
    7344                      .dwattr $C$DW$641, DW_AT_accessibility(DW_ACCESS_public)
    7345                      .dwattr $C$DW$641, DW_AT_decl_file("/home/jose/ti/c2000/C2000Ware_26_01_00_00/device_support/f2837xd/
    7346                      .dwattr $C$DW$641, DW_AT_decl_line(0xdc4)
    7347                      .dwattr $C$DW$641, DW_AT_decl_column(0x0c)
    7348              
    7349              $C$DW$642       .dwtag  DW_TAG_member
    7350                      .dwattr $C$DW$642, DW_AT_type(*$C$DW$T$19)
    7351                      .dwattr $C$DW$642, DW_AT_name("GPIO135")
    7352                      .dwattr $C$DW$642, DW_AT_bit_offset(0x08)
    7353                      .dwattr $C$DW$642, DW_AT_bit_size(0x01)
    7354                      .dwattr $C$DW$642, DW_AT_accessibility(DW_ACCESS_public)
    7355                      .dwattr $C$DW$642, DW_AT_decl_file("/home/jose/ti/c2000/C2000Ware_26_01_00_00/device_support/f2837xd/
    7356                      .dwattr $C$DW$642, DW_AT_decl_line(0xdc5)
    7357                      .dwattr $C$DW$642, DW_AT_decl_column(0x0c)
    7358              
    7359              $C$DW$643       .dwtag  DW_TAG_member
    7360                      .dwattr $C$DW$643, DW_AT_type(*$C$DW$T$19)
    7361                      .dwattr $C$DW$643, DW_AT_name("GPIO136")
    7362                      .dwattr $C$DW$643, DW_AT_bit_offset(0x07)
    7363                      .dwattr $C$DW$643, DW_AT_bit_size(0x01)
    7364                      .dwattr $C$DW$643, DW_AT_accessibility(DW_ACCESS_public)
    7365                      .dwattr $C$DW$643, DW_AT_decl_file("/home/jose/ti/c2000/C2000Ware_26_01_00_00/device_support/f2837xd/
    7366                      .dwattr $C$DW$643, DW_AT_decl_line(0xdc6)
    7367                      .dwattr $C$DW$643, DW_AT_decl_column(0x0c)
    7368              
    7369              $C$DW$644       .dwtag  DW_TAG_member
    7370                      .dwattr $C$DW$644, DW_AT_type(*$C$DW$T$19)
    7371                      .dwattr $C$DW$644, DW_AT_name("GPIO137")
    7372                      .dwattr $C$DW$644, DW_AT_bit_offset(0x06)
    7373                      .dwattr $C$DW$644, DW_AT_bit_size(0x01)
    7374                      .dwattr $C$DW$644, DW_AT_accessibility(DW_ACCESS_public)
    7375                      .dwattr $C$DW$644, DW_AT_decl_file("/home/jose/ti/c2000/C2000Ware_26_01_00_00/device_support/f2837xd/
    7376                      .dwattr $C$DW$644, DW_AT_decl_line(0xdc7)
    7377                      .dwattr $C$DW$644, DW_AT_decl_column(0x0c)
    7378              
    7379              $C$DW$645       .dwtag  DW_TAG_member
    7380                      .dwattr $C$DW$645, DW_AT_type(*$C$DW$T$19)
    7381                      .dwattr $C$DW$645, DW_AT_name("GPIO138")
    7382                      .dwattr $C$DW$645, DW_AT_bit_offset(0x05)
    7383                      .dwattr $C$DW$645, DW_AT_bit_size(0x01)
    7384                      .dwattr $C$DW$645, DW_AT_accessibility(DW_ACCESS_public)
    7385                      .dwattr $C$DW$645, DW_AT_decl_file("/home/jose/ti/c2000/C2000Ware_26_01_00_00/device_support/f2837xd/
    7386                      .dwattr $C$DW$645, DW_AT_decl_line(0xdc8)
    7387                      .dwattr $C$DW$645, DW_AT_decl_column(0x0c)
    7388              
    7389              $C$DW$646       .dwtag  DW_TAG_member
    7390                      .dwattr $C$DW$646, DW_AT_type(*$C$DW$T$19)
TMS320C2000 Assembler Unix v25.11.0 Sat May 30 20:22:51 2026

Copyright (c) 1996-2018 Texas Instruments Incorporated
drv8305.asm                                                          PAGE  136

    7391                      .dwattr $C$DW$646, DW_AT_name("GPIO139")
    7392                      .dwattr $C$DW$646, DW_AT_bit_offset(0x04)
    7393                      .dwattr $C$DW$646, DW_AT_bit_size(0x01)
    7394                      .dwattr $C$DW$646, DW_AT_accessibility(DW_ACCESS_public)
    7395                      .dwattr $C$DW$646, DW_AT_decl_file("/home/jose/ti/c2000/C2000Ware_26_01_00_00/device_support/f2837xd/
    7396                      .dwattr $C$DW$646, DW_AT_decl_line(0xdc9)
    7397                      .dwattr $C$DW$646, DW_AT_decl_column(0x0c)
    7398              
    7399              $C$DW$647       .dwtag  DW_TAG_member
    7400                      .dwattr $C$DW$647, DW_AT_type(*$C$DW$T$19)
    7401                      .dwattr $C$DW$647, DW_AT_name("GPIO140")
    7402                      .dwattr $C$DW$647, DW_AT_bit_offset(0x03)
    7403                      .dwattr $C$DW$647, DW_AT_bit_size(0x01)
    7404                      .dwattr $C$DW$647, DW_AT_accessibility(DW_ACCESS_public)
    7405                      .dwattr $C$DW$647, DW_AT_decl_file("/home/jose/ti/c2000/C2000Ware_26_01_00_00/device_support/f2837xd/
    7406                      .dwattr $C$DW$647, DW_AT_decl_line(0xdca)
    7407                      .dwattr $C$DW$647, DW_AT_decl_column(0x0c)
    7408              
    7409              $C$DW$648       .dwtag  DW_TAG_member
    7410                      .dwattr $C$DW$648, DW_AT_type(*$C$DW$T$19)
    7411                      .dwattr $C$DW$648, DW_AT_name("GPIO141")
    7412                      .dwattr $C$DW$648, DW_AT_bit_offset(0x02)
    7413                      .dwattr $C$DW$648, DW_AT_bit_size(0x01)
    7414                      .dwattr $C$DW$648, DW_AT_accessibility(DW_ACCESS_public)
    7415                      .dwattr $C$DW$648, DW_AT_decl_file("/home/jose/ti/c2000/C2000Ware_26_01_00_00/device_support/f2837xd/
    7416                      .dwattr $C$DW$648, DW_AT_decl_line(0xdcb)
    7417                      .dwattr $C$DW$648, DW_AT_decl_column(0x0c)
    7418              
    7419              $C$DW$649       .dwtag  DW_TAG_member
    7420                      .dwattr $C$DW$649, DW_AT_type(*$C$DW$T$19)
    7421                      .dwattr $C$DW$649, DW_AT_name("GPIO142")
    7422                      .dwattr $C$DW$649, DW_AT_bit_offset(0x01)
    7423                      .dwattr $C$DW$649, DW_AT_bit_size(0x01)
    7424                      .dwattr $C$DW$649, DW_AT_accessibility(DW_ACCESS_public)
    7425                      .dwattr $C$DW$649, DW_AT_decl_file("/home/jose/ti/c2000/C2000Ware_26_01_00_00/device_support/f2837xd/
    7426                      .dwattr $C$DW$649, DW_AT_decl_line(0xdcc)
    7427                      .dwattr $C$DW$649, DW_AT_decl_column(0x0c)
    7428              
    7429              $C$DW$650       .dwtag  DW_TAG_member
    7430                      .dwattr $C$DW$650, DW_AT_type(*$C$DW$T$19)
    7431                      .dwattr $C$DW$650, DW_AT_name("GPIO143")
    7432                      .dwattr $C$DW$650, DW_AT_bit_offset(0x00)
    7433                      .dwattr $C$DW$650, DW_AT_bit_size(0x01)
    7434                      .dwattr $C$DW$650, DW_AT_accessibility(DW_ACCESS_public)
    7435                      .dwattr $C$DW$650, DW_AT_decl_file("/home/jose/ti/c2000/C2000Ware_26_01_00_00/device_support/f2837xd/
    7436                      .dwattr $C$DW$650, DW_AT_decl_line(0xdcd)
    7437                      .dwattr $C$DW$650, DW_AT_decl_column(0x0c)
    7438              
    7439              $C$DW$651       .dwtag  DW_TAG_member
    7440                      .dwattr $C$DW$651, DW_AT_type(*$C$DW$T$19)
    7441                      .dwattr $C$DW$651, DW_AT_name("GPIO144")
    7442                      .dwattr $C$DW$651, DW_AT_bit_offset(0x0f)
    7443                      .dwattr $C$DW$651, DW_AT_bit_size(0x01)
    7444                      .dwattr $C$DW$651, DW_AT_data_member_location[DW_OP_plus_uconst 0x1]
    7445                      .dwattr $C$DW$651, DW_AT_accessibility(DW_ACCESS_public)
TMS320C2000 Assembler Unix v25.11.0 Sat May 30 20:22:51 2026

Copyright (c) 1996-2018 Texas Instruments Incorporated
drv8305.asm                                                          PAGE  137

    7446                      .dwattr $C$DW$651, DW_AT_decl_file("/home/jose/ti/c2000/C2000Ware_26_01_00_00/device_support/f2837xd/
    7447                      .dwattr $C$DW$651, DW_AT_decl_line(0xdce)
    7448                      .dwattr $C$DW$651, DW_AT_decl_column(0x0c)
    7449              
    7450              $C$DW$652       .dwtag  DW_TAG_member
    7451                      .dwattr $C$DW$652, DW_AT_type(*$C$DW$T$19)
    7452                      .dwattr $C$DW$652, DW_AT_name("GPIO145")
    7453                      .dwattr $C$DW$652, DW_AT_bit_offset(0x0e)
    7454                      .dwattr $C$DW$652, DW_AT_bit_size(0x01)
    7455                      .dwattr $C$DW$652, DW_AT_data_member_location[DW_OP_plus_uconst 0x1]
    7456                      .dwattr $C$DW$652, DW_AT_accessibility(DW_ACCESS_public)
    7457                      .dwattr $C$DW$652, DW_AT_decl_file("/home/jose/ti/c2000/C2000Ware_26_01_00_00/device_support/f2837xd/
    7458                      .dwattr $C$DW$652, DW_AT_decl_line(0xdcf)
    7459                      .dwattr $C$DW$652, DW_AT_decl_column(0x0c)
    7460              
    7461              $C$DW$653       .dwtag  DW_TAG_member
    7462                      .dwattr $C$DW$653, DW_AT_type(*$C$DW$T$19)
    7463                      .dwattr $C$DW$653, DW_AT_name("GPIO146")
    7464                      .dwattr $C$DW$653, DW_AT_bit_offset(0x0d)
    7465                      .dwattr $C$DW$653, DW_AT_bit_size(0x01)
    7466                      .dwattr $C$DW$653, DW_AT_data_member_location[DW_OP_plus_uconst 0x1]
    7467                      .dwattr $C$DW$653, DW_AT_accessibility(DW_ACCESS_public)
    7468                      .dwattr $C$DW$653, DW_AT_decl_file("/home/jose/ti/c2000/C2000Ware_26_01_00_00/device_support/f2837xd/
    7469                      .dwattr $C$DW$653, DW_AT_decl_line(0xdd0)
    7470                      .dwattr $C$DW$653, DW_AT_decl_column(0x0c)
    7471              
    7472              $C$DW$654       .dwtag  DW_TAG_member
    7473                      .dwattr $C$DW$654, DW_AT_type(*$C$DW$T$19)
    7474                      .dwattr $C$DW$654, DW_AT_name("GPIO147")
    7475                      .dwattr $C$DW$654, DW_AT_bit_offset(0x0c)
    7476                      .dwattr $C$DW$654, DW_AT_bit_size(0x01)
    7477                      .dwattr $C$DW$654, DW_AT_data_member_location[DW_OP_plus_uconst 0x1]
    7478                      .dwattr $C$DW$654, DW_AT_accessibility(DW_ACCESS_public)
    7479                      .dwattr $C$DW$654, DW_AT_decl_file("/home/jose/ti/c2000/C2000Ware_26_01_00_00/device_support/f2837xd/
    7480                      .dwattr $C$DW$654, DW_AT_decl_line(0xdd1)
    7481                      .dwattr $C$DW$654, DW_AT_decl_column(0x0c)
    7482              
    7483              $C$DW$655       .dwtag  DW_TAG_member
    7484                      .dwattr $C$DW$655, DW_AT_type(*$C$DW$T$19)
    7485                      .dwattr $C$DW$655, DW_AT_name("GPIO148")
    7486                      .dwattr $C$DW$655, DW_AT_bit_offset(0x0b)
    7487                      .dwattr $C$DW$655, DW_AT_bit_size(0x01)
    7488                      .dwattr $C$DW$655, DW_AT_data_member_location[DW_OP_plus_uconst 0x1]
    7489                      .dwattr $C$DW$655, DW_AT_accessibility(DW_ACCESS_public)
    7490                      .dwattr $C$DW$655, DW_AT_decl_file("/home/jose/ti/c2000/C2000Ware_26_01_00_00/device_support/f2837xd/
    7491                      .dwattr $C$DW$655, DW_AT_decl_line(0xdd2)
    7492                      .dwattr $C$DW$655, DW_AT_decl_column(0x0c)
    7493              
    7494              $C$DW$656       .dwtag  DW_TAG_member
    7495                      .dwattr $C$DW$656, DW_AT_type(*$C$DW$T$19)
    7496                      .dwattr $C$DW$656, DW_AT_name("GPIO149")
    7497                      .dwattr $C$DW$656, DW_AT_bit_offset(0x0a)
    7498                      .dwattr $C$DW$656, DW_AT_bit_size(0x01)
    7499                      .dwattr $C$DW$656, DW_AT_data_member_location[DW_OP_plus_uconst 0x1]
    7500                      .dwattr $C$DW$656, DW_AT_accessibility(DW_ACCESS_public)
TMS320C2000 Assembler Unix v25.11.0 Sat May 30 20:22:51 2026

Copyright (c) 1996-2018 Texas Instruments Incorporated
drv8305.asm                                                          PAGE  138

    7501                      .dwattr $C$DW$656, DW_AT_decl_file("/home/jose/ti/c2000/C2000Ware_26_01_00_00/device_support/f2837xd/
    7502                      .dwattr $C$DW$656, DW_AT_decl_line(0xdd3)
    7503                      .dwattr $C$DW$656, DW_AT_decl_column(0x0c)
    7504              
    7505              $C$DW$657       .dwtag  DW_TAG_member
    7506                      .dwattr $C$DW$657, DW_AT_type(*$C$DW$T$19)
    7507                      .dwattr $C$DW$657, DW_AT_name("GPIO150")
    7508                      .dwattr $C$DW$657, DW_AT_bit_offset(0x09)
    7509                      .dwattr $C$DW$657, DW_AT_bit_size(0x01)
    7510                      .dwattr $C$DW$657, DW_AT_data_member_location[DW_OP_plus_uconst 0x1]
    7511                      .dwattr $C$DW$657, DW_AT_accessibility(DW_ACCESS_public)
    7512                      .dwattr $C$DW$657, DW_AT_decl_file("/home/jose/ti/c2000/C2000Ware_26_01_00_00/device_support/f2837xd/
    7513                      .dwattr $C$DW$657, DW_AT_decl_line(0xdd4)
    7514                      .dwattr $C$DW$657, DW_AT_decl_column(0x0c)
    7515              
    7516              $C$DW$658       .dwtag  DW_TAG_member
    7517                      .dwattr $C$DW$658, DW_AT_type(*$C$DW$T$19)
    7518                      .dwattr $C$DW$658, DW_AT_name("GPIO151")
    7519                      .dwattr $C$DW$658, DW_AT_bit_offset(0x08)
    7520                      .dwattr $C$DW$658, DW_AT_bit_size(0x01)
    7521                      .dwattr $C$DW$658, DW_AT_data_member_location[DW_OP_plus_uconst 0x1]
    7522                      .dwattr $C$DW$658, DW_AT_accessibility(DW_ACCESS_public)
    7523                      .dwattr $C$DW$658, DW_AT_decl_file("/home/jose/ti/c2000/C2000Ware_26_01_00_00/device_support/f2837xd/
    7524                      .dwattr $C$DW$658, DW_AT_decl_line(0xdd5)
    7525                      .dwattr $C$DW$658, DW_AT_decl_column(0x0c)
    7526              
    7527              $C$DW$659       .dwtag  DW_TAG_member
    7528                      .dwattr $C$DW$659, DW_AT_type(*$C$DW$T$19)
    7529                      .dwattr $C$DW$659, DW_AT_name("GPIO152")
    7530                      .dwattr $C$DW$659, DW_AT_bit_offset(0x07)
    7531                      .dwattr $C$DW$659, DW_AT_bit_size(0x01)
    7532                      .dwattr $C$DW$659, DW_AT_data_member_location[DW_OP_plus_uconst 0x1]
    7533                      .dwattr $C$DW$659, DW_AT_accessibility(DW_ACCESS_public)
    7534                      .dwattr $C$DW$659, DW_AT_decl_file("/home/jose/ti/c2000/C2000Ware_26_01_00_00/device_support/f2837xd/
    7535                      .dwattr $C$DW$659, DW_AT_decl_line(0xdd6)
    7536                      .dwattr $C$DW$659, DW_AT_decl_column(0x0c)
    7537              
    7538              $C$DW$660       .dwtag  DW_TAG_member
    7539                      .dwattr $C$DW$660, DW_AT_type(*$C$DW$T$19)
    7540                      .dwattr $C$DW$660, DW_AT_name("GPIO153")
    7541                      .dwattr $C$DW$660, DW_AT_bit_offset(0x06)
    7542                      .dwattr $C$DW$660, DW_AT_bit_size(0x01)
    7543                      .dwattr $C$DW$660, DW_AT_data_member_location[DW_OP_plus_uconst 0x1]
    7544                      .dwattr $C$DW$660, DW_AT_accessibility(DW_ACCESS_public)
    7545                      .dwattr $C$DW$660, DW_AT_decl_file("/home/jose/ti/c2000/C2000Ware_26_01_00_00/device_support/f2837xd/
    7546                      .dwattr $C$DW$660, DW_AT_decl_line(0xdd7)
    7547                      .dwattr $C$DW$660, DW_AT_decl_column(0x0c)
    7548              
    7549              $C$DW$661       .dwtag  DW_TAG_member
    7550                      .dwattr $C$DW$661, DW_AT_type(*$C$DW$T$19)
    7551                      .dwattr $C$DW$661, DW_AT_name("GPIO154")
    7552                      .dwattr $C$DW$661, DW_AT_bit_offset(0x05)
    7553                      .dwattr $C$DW$661, DW_AT_bit_size(0x01)
    7554                      .dwattr $C$DW$661, DW_AT_data_member_location[DW_OP_plus_uconst 0x1]
    7555                      .dwattr $C$DW$661, DW_AT_accessibility(DW_ACCESS_public)
TMS320C2000 Assembler Unix v25.11.0 Sat May 30 20:22:51 2026

Copyright (c) 1996-2018 Texas Instruments Incorporated
drv8305.asm                                                          PAGE  139

    7556                      .dwattr $C$DW$661, DW_AT_decl_file("/home/jose/ti/c2000/C2000Ware_26_01_00_00/device_support/f2837xd/
    7557                      .dwattr $C$DW$661, DW_AT_decl_line(0xdd8)
    7558                      .dwattr $C$DW$661, DW_AT_decl_column(0x0c)
    7559              
    7560              $C$DW$662       .dwtag  DW_TAG_member
    7561                      .dwattr $C$DW$662, DW_AT_type(*$C$DW$T$19)
    7562                      .dwattr $C$DW$662, DW_AT_name("GPIO155")
    7563                      .dwattr $C$DW$662, DW_AT_bit_offset(0x04)
    7564                      .dwattr $C$DW$662, DW_AT_bit_size(0x01)
    7565                      .dwattr $C$DW$662, DW_AT_data_member_location[DW_OP_plus_uconst 0x1]
    7566                      .dwattr $C$DW$662, DW_AT_accessibility(DW_ACCESS_public)
    7567                      .dwattr $C$DW$662, DW_AT_decl_file("/home/jose/ti/c2000/C2000Ware_26_01_00_00/device_support/f2837xd/
    7568                      .dwattr $C$DW$662, DW_AT_decl_line(0xdd9)
    7569                      .dwattr $C$DW$662, DW_AT_decl_column(0x0c)
    7570              
    7571              $C$DW$663       .dwtag  DW_TAG_member
    7572                      .dwattr $C$DW$663, DW_AT_type(*$C$DW$T$19)
    7573                      .dwattr $C$DW$663, DW_AT_name("GPIO156")
    7574                      .dwattr $C$DW$663, DW_AT_bit_offset(0x03)
    7575                      .dwattr $C$DW$663, DW_AT_bit_size(0x01)
    7576                      .dwattr $C$DW$663, DW_AT_data_member_location[DW_OP_plus_uconst 0x1]
    7577                      .dwattr $C$DW$663, DW_AT_accessibility(DW_ACCESS_public)
    7578                      .dwattr $C$DW$663, DW_AT_decl_file("/home/jose/ti/c2000/C2000Ware_26_01_00_00/device_support/f2837xd/
    7579                      .dwattr $C$DW$663, DW_AT_decl_line(0xdda)
    7580                      .dwattr $C$DW$663, DW_AT_decl_column(0x0c)
    7581              
    7582              $C$DW$664       .dwtag  DW_TAG_member
    7583                      .dwattr $C$DW$664, DW_AT_type(*$C$DW$T$19)
    7584                      .dwattr $C$DW$664, DW_AT_name("GPIO157")
    7585                      .dwattr $C$DW$664, DW_AT_bit_offset(0x02)
    7586                      .dwattr $C$DW$664, DW_AT_bit_size(0x01)
    7587                      .dwattr $C$DW$664, DW_AT_data_member_location[DW_OP_plus_uconst 0x1]
    7588                      .dwattr $C$DW$664, DW_AT_accessibility(DW_ACCESS_public)
    7589                      .dwattr $C$DW$664, DW_AT_decl_file("/home/jose/ti/c2000/C2000Ware_26_01_00_00/device_support/f2837xd/
    7590                      .dwattr $C$DW$664, DW_AT_decl_line(0xddb)
    7591                      .dwattr $C$DW$664, DW_AT_decl_column(0x0c)
    7592              
    7593              $C$DW$665       .dwtag  DW_TAG_member
    7594                      .dwattr $C$DW$665, DW_AT_type(*$C$DW$T$19)
    7595                      .dwattr $C$DW$665, DW_AT_name("GPIO158")
    7596                      .dwattr $C$DW$665, DW_AT_bit_offset(0x01)
    7597                      .dwattr $C$DW$665, DW_AT_bit_size(0x01)
    7598                      .dwattr $C$DW$665, DW_AT_data_member_location[DW_OP_plus_uconst 0x1]
    7599                      .dwattr $C$DW$665, DW_AT_accessibility(DW_ACCESS_public)
    7600                      .dwattr $C$DW$665, DW_AT_decl_file("/home/jose/ti/c2000/C2000Ware_26_01_00_00/device_support/f2837xd/
    7601                      .dwattr $C$DW$665, DW_AT_decl_line(0xddc)
    7602                      .dwattr $C$DW$665, DW_AT_decl_column(0x0c)
    7603              
    7604              $C$DW$666       .dwtag  DW_TAG_member
    7605                      .dwattr $C$DW$666, DW_AT_type(*$C$DW$T$19)
    7606                      .dwattr $C$DW$666, DW_AT_name("GPIO159")
    7607                      .dwattr $C$DW$666, DW_AT_bit_offset(0x00)
    7608                      .dwattr $C$DW$666, DW_AT_bit_size(0x01)
    7609                      .dwattr $C$DW$666, DW_AT_data_member_location[DW_OP_plus_uconst 0x1]
    7610                      .dwattr $C$DW$666, DW_AT_accessibility(DW_ACCESS_public)
TMS320C2000 Assembler Unix v25.11.0 Sat May 30 20:22:51 2026

Copyright (c) 1996-2018 Texas Instruments Incorporated
drv8305.asm                                                          PAGE  140

    7611                      .dwattr $C$DW$666, DW_AT_decl_file("/home/jose/ti/c2000/C2000Ware_26_01_00_00/device_support/f2837xd/
    7612                      .dwattr $C$DW$666, DW_AT_decl_line(0xddd)
    7613                      .dwattr $C$DW$666, DW_AT_decl_column(0x0c)
    7614              
    7615                      .dwattr $C$DW$T$55, DW_AT_decl_file("/home/jose/ti/c2000/C2000Ware_26_01_00_00/device_support/f2837xd
    7616                      .dwattr $C$DW$T$55, DW_AT_decl_line(0xdbd)
    7617                      .dwattr $C$DW$T$55, DW_AT_decl_column(0x08)
    7618                      .dwendtag $C$DW$T$55
    7619              
    7620                      .dwendtag $C$DW$TU$55
    7621              
    7622              
    7623              $C$DW$TU$56     .dwtag  DW_TAG_type_unit
    7624                      .dwmtype  $C$DW$T$56
    7625              
    7626              $C$DW$T$56      .dwtag  DW_TAG_union_type
    7627                      .dwattr $C$DW$T$56, DW_AT_name("GPEDAT_REG")
    7628                      .dwattr $C$DW$T$56, DW_AT_byte_size(0x02)
    7629              $C$DW$667       .dwtag  DW_TAG_member
    7630                      .dwattr $C$DW$667, DW_AT_type(*$C$DW$T$21)
    7631                      .dwattr $C$DW$667, DW_AT_name("all")
    7632                      .dwattr $C$DW$667, DW_AT_accessibility(DW_ACCESS_public)
    7633                      .dwattr $C$DW$667, DW_AT_decl_file("/home/jose/ti/c2000/C2000Ware_26_01_00_00/device_support/f2837xd/
    7634                      .dwattr $C$DW$667, DW_AT_decl_line(0xde1)
    7635                      .dwattr $C$DW$667, DW_AT_decl_column(0x0d)
    7636              
    7637              $C$DW$668       .dwtag  DW_TAG_member
    7638                      .dwattr $C$DW$668, DW_AT_type(*$C$DW$T$55)
    7639                      .dwattr $C$DW$668, DW_AT_name("bit")
    7640                      .dwattr $C$DW$668, DW_AT_accessibility(DW_ACCESS_public)
    7641                      .dwattr $C$DW$668, DW_AT_decl_file("/home/jose/ti/c2000/C2000Ware_26_01_00_00/device_support/f2837xd/
    7642                      .dwattr $C$DW$668, DW_AT_decl_line(0xde2)
    7643                      .dwattr $C$DW$668, DW_AT_decl_column(0x1a)
    7644              
    7645                      .dwattr $C$DW$T$56, DW_AT_decl_file("/home/jose/ti/c2000/C2000Ware_26_01_00_00/device_support/f2837xd
    7646                      .dwattr $C$DW$T$56, DW_AT_decl_line(0xde0)
    7647                      .dwattr $C$DW$T$56, DW_AT_decl_column(0x07)
    7648                      .dwendtag $C$DW$T$56
    7649              
    7650                      .dwendtag $C$DW$TU$56
    7651              
    7652              
    7653              $C$DW$TU$57     .dwtag  DW_TAG_type_unit
    7654                      .dwmtype  $C$DW$T$57
    7655              
    7656              $C$DW$T$57      .dwtag  DW_TAG_structure_type
    7657                      .dwattr $C$DW$T$57, DW_AT_name("GPESET_BITS")
    7658                      .dwattr $C$DW$T$57, DW_AT_byte_size(0x02)
    7659              $C$DW$669       .dwtag  DW_TAG_member
    7660                      .dwattr $C$DW$669, DW_AT_type(*$C$DW$T$19)
    7661                      .dwattr $C$DW$669, DW_AT_name("GPIO128")
    7662                      .dwattr $C$DW$669, DW_AT_bit_offset(0x0f)
    7663                      .dwattr $C$DW$669, DW_AT_bit_size(0x01)
    7664                      .dwattr $C$DW$669, DW_AT_accessibility(DW_ACCESS_public)
    7665                      .dwattr $C$DW$669, DW_AT_decl_file("/home/jose/ti/c2000/C2000Ware_26_01_00_00/device_support/f2837xd/
TMS320C2000 Assembler Unix v25.11.0 Sat May 30 20:22:51 2026

Copyright (c) 1996-2018 Texas Instruments Incorporated
drv8305.asm                                                          PAGE  141

    7666                      .dwattr $C$DW$669, DW_AT_decl_line(0xde6)
    7667                      .dwattr $C$DW$669, DW_AT_decl_column(0x0c)
    7668              
    7669              $C$DW$670       .dwtag  DW_TAG_member
    7670                      .dwattr $C$DW$670, DW_AT_type(*$C$DW$T$19)
    7671                      .dwattr $C$DW$670, DW_AT_name("GPIO129")
    7672                      .dwattr $C$DW$670, DW_AT_bit_offset(0x0e)
    7673                      .dwattr $C$DW$670, DW_AT_bit_size(0x01)
    7674                      .dwattr $C$DW$670, DW_AT_accessibility(DW_ACCESS_public)
    7675                      .dwattr $C$DW$670, DW_AT_decl_file("/home/jose/ti/c2000/C2000Ware_26_01_00_00/device_support/f2837xd/
    7676                      .dwattr $C$DW$670, DW_AT_decl_line(0xde7)
    7677                      .dwattr $C$DW$670, DW_AT_decl_column(0x0c)
    7678              
    7679              $C$DW$671       .dwtag  DW_TAG_member
    7680                      .dwattr $C$DW$671, DW_AT_type(*$C$DW$T$19)
    7681                      .dwattr $C$DW$671, DW_AT_name("GPIO130")
    7682                      .dwattr $C$DW$671, DW_AT_bit_offset(0x0d)
    7683                      .dwattr $C$DW$671, DW_AT_bit_size(0x01)
    7684                      .dwattr $C$DW$671, DW_AT_accessibility(DW_ACCESS_public)
    7685                      .dwattr $C$DW$671, DW_AT_decl_file("/home/jose/ti/c2000/C2000Ware_26_01_00_00/device_support/f2837xd/
    7686                      .dwattr $C$DW$671, DW_AT_decl_line(0xde8)
    7687                      .dwattr $C$DW$671, DW_AT_decl_column(0x0c)
    7688              
    7689              $C$DW$672       .dwtag  DW_TAG_member
    7690                      .dwattr $C$DW$672, DW_AT_type(*$C$DW$T$19)
    7691                      .dwattr $C$DW$672, DW_AT_name("GPIO131")
    7692                      .dwattr $C$DW$672, DW_AT_bit_offset(0x0c)
    7693                      .dwattr $C$DW$672, DW_AT_bit_size(0x01)
    7694                      .dwattr $C$DW$672, DW_AT_accessibility(DW_ACCESS_public)
    7695                      .dwattr $C$DW$672, DW_AT_decl_file("/home/jose/ti/c2000/C2000Ware_26_01_00_00/device_support/f2837xd/
    7696                      .dwattr $C$DW$672, DW_AT_decl_line(0xde9)
    7697                      .dwattr $C$DW$672, DW_AT_decl_column(0x0c)
    7698              
    7699              $C$DW$673       .dwtag  DW_TAG_member
    7700                      .dwattr $C$DW$673, DW_AT_type(*$C$DW$T$19)
    7701                      .dwattr $C$DW$673, DW_AT_name("GPIO132")
    7702                      .dwattr $C$DW$673, DW_AT_bit_offset(0x0b)
    7703                      .dwattr $C$DW$673, DW_AT_bit_size(0x01)
    7704                      .dwattr $C$DW$673, DW_AT_accessibility(DW_ACCESS_public)
    7705                      .dwattr $C$DW$673, DW_AT_decl_file("/home/jose/ti/c2000/C2000Ware_26_01_00_00/device_support/f2837xd/
    7706                      .dwattr $C$DW$673, DW_AT_decl_line(0xdea)
    7707                      .dwattr $C$DW$673, DW_AT_decl_column(0x0c)
    7708              
    7709              $C$DW$674       .dwtag  DW_TAG_member
    7710                      .dwattr $C$DW$674, DW_AT_type(*$C$DW$T$19)
    7711                      .dwattr $C$DW$674, DW_AT_name("GPIO133")
    7712                      .dwattr $C$DW$674, DW_AT_bit_offset(0x0a)
    7713                      .dwattr $C$DW$674, DW_AT_bit_size(0x01)
    7714                      .dwattr $C$DW$674, DW_AT_accessibility(DW_ACCESS_public)
    7715                      .dwattr $C$DW$674, DW_AT_decl_file("/home/jose/ti/c2000/C2000Ware_26_01_00_00/device_support/f2837xd/
    7716                      .dwattr $C$DW$674, DW_AT_decl_line(0xdeb)
    7717                      .dwattr $C$DW$674, DW_AT_decl_column(0x0c)
    7718              
    7719              $C$DW$675       .dwtag  DW_TAG_member
    7720                      .dwattr $C$DW$675, DW_AT_type(*$C$DW$T$19)
TMS320C2000 Assembler Unix v25.11.0 Sat May 30 20:22:51 2026

Copyright (c) 1996-2018 Texas Instruments Incorporated
drv8305.asm                                                          PAGE  142

    7721                      .dwattr $C$DW$675, DW_AT_name("GPIO134")
    7722                      .dwattr $C$DW$675, DW_AT_bit_offset(0x09)
    7723                      .dwattr $C$DW$675, DW_AT_bit_size(0x01)
    7724                      .dwattr $C$DW$675, DW_AT_accessibility(DW_ACCESS_public)
    7725                      .dwattr $C$DW$675, DW_AT_decl_file("/home/jose/ti/c2000/C2000Ware_26_01_00_00/device_support/f2837xd/
    7726                      .dwattr $C$DW$675, DW_AT_decl_line(0xdec)
    7727                      .dwattr $C$DW$675, DW_AT_decl_column(0x0c)
    7728              
    7729              $C$DW$676       .dwtag  DW_TAG_member
    7730                      .dwattr $C$DW$676, DW_AT_type(*$C$DW$T$19)
    7731                      .dwattr $C$DW$676, DW_AT_name("GPIO135")
    7732                      .dwattr $C$DW$676, DW_AT_bit_offset(0x08)
    7733                      .dwattr $C$DW$676, DW_AT_bit_size(0x01)
    7734                      .dwattr $C$DW$676, DW_AT_accessibility(DW_ACCESS_public)
    7735                      .dwattr $C$DW$676, DW_AT_decl_file("/home/jose/ti/c2000/C2000Ware_26_01_00_00/device_support/f2837xd/
    7736                      .dwattr $C$DW$676, DW_AT_decl_line(0xded)
    7737                      .dwattr $C$DW$676, DW_AT_decl_column(0x0c)
    7738              
    7739              $C$DW$677       .dwtag  DW_TAG_member
    7740                      .dwattr $C$DW$677, DW_AT_type(*$C$DW$T$19)
    7741                      .dwattr $C$DW$677, DW_AT_name("GPIO136")
    7742                      .dwattr $C$DW$677, DW_AT_bit_offset(0x07)
    7743                      .dwattr $C$DW$677, DW_AT_bit_size(0x01)
    7744                      .dwattr $C$DW$677, DW_AT_accessibility(DW_ACCESS_public)
    7745                      .dwattr $C$DW$677, DW_AT_decl_file("/home/jose/ti/c2000/C2000Ware_26_01_00_00/device_support/f2837xd/
    7746                      .dwattr $C$DW$677, DW_AT_decl_line(0xdee)
    7747                      .dwattr $C$DW$677, DW_AT_decl_column(0x0c)
    7748              
    7749              $C$DW$678       .dwtag  DW_TAG_member
    7750                      .dwattr $C$DW$678, DW_AT_type(*$C$DW$T$19)
    7751                      .dwattr $C$DW$678, DW_AT_name("GPIO137")
    7752                      .dwattr $C$DW$678, DW_AT_bit_offset(0x06)
    7753                      .dwattr $C$DW$678, DW_AT_bit_size(0x01)
    7754                      .dwattr $C$DW$678, DW_AT_accessibility(DW_ACCESS_public)
    7755                      .dwattr $C$DW$678, DW_AT_decl_file("/home/jose/ti/c2000/C2000Ware_26_01_00_00/device_support/f2837xd/
    7756                      .dwattr $C$DW$678, DW_AT_decl_line(0xdef)
    7757                      .dwattr $C$DW$678, DW_AT_decl_column(0x0c)
    7758              
    7759              $C$DW$679       .dwtag  DW_TAG_member
    7760                      .dwattr $C$DW$679, DW_AT_type(*$C$DW$T$19)
    7761                      .dwattr $C$DW$679, DW_AT_name("GPIO138")
    7762                      .dwattr $C$DW$679, DW_AT_bit_offset(0x05)
    7763                      .dwattr $C$DW$679, DW_AT_bit_size(0x01)
    7764                      .dwattr $C$DW$679, DW_AT_accessibility(DW_ACCESS_public)
    7765                      .dwattr $C$DW$679, DW_AT_decl_file("/home/jose/ti/c2000/C2000Ware_26_01_00_00/device_support/f2837xd/
    7766                      .dwattr $C$DW$679, DW_AT_decl_line(0xdf0)
    7767                      .dwattr $C$DW$679, DW_AT_decl_column(0x0c)
    7768              
    7769              $C$DW$680       .dwtag  DW_TAG_member
    7770                      .dwattr $C$DW$680, DW_AT_type(*$C$DW$T$19)
    7771                      .dwattr $C$DW$680, DW_AT_name("GPIO139")
    7772                      .dwattr $C$DW$680, DW_AT_bit_offset(0x04)
    7773                      .dwattr $C$DW$680, DW_AT_bit_size(0x01)
    7774                      .dwattr $C$DW$680, DW_AT_accessibility(DW_ACCESS_public)
    7775                      .dwattr $C$DW$680, DW_AT_decl_file("/home/jose/ti/c2000/C2000Ware_26_01_00_00/device_support/f2837xd/
TMS320C2000 Assembler Unix v25.11.0 Sat May 30 20:22:51 2026

Copyright (c) 1996-2018 Texas Instruments Incorporated
drv8305.asm                                                          PAGE  143

    7776                      .dwattr $C$DW$680, DW_AT_decl_line(0xdf1)
    7777                      .dwattr $C$DW$680, DW_AT_decl_column(0x0c)
    7778              
    7779              $C$DW$681       .dwtag  DW_TAG_member
    7780                      .dwattr $C$DW$681, DW_AT_type(*$C$DW$T$19)
    7781                      .dwattr $C$DW$681, DW_AT_name("GPIO140")
    7782                      .dwattr $C$DW$681, DW_AT_bit_offset(0x03)
    7783                      .dwattr $C$DW$681, DW_AT_bit_size(0x01)
    7784                      .dwattr $C$DW$681, DW_AT_accessibility(DW_ACCESS_public)
    7785                      .dwattr $C$DW$681, DW_AT_decl_file("/home/jose/ti/c2000/C2000Ware_26_01_00_00/device_support/f2837xd/
    7786                      .dwattr $C$DW$681, DW_AT_decl_line(0xdf2)
    7787                      .dwattr $C$DW$681, DW_AT_decl_column(0x0c)
    7788              
    7789              $C$DW$682       .dwtag  DW_TAG_member
    7790                      .dwattr $C$DW$682, DW_AT_type(*$C$DW$T$19)
    7791                      .dwattr $C$DW$682, DW_AT_name("GPIO141")
    7792                      .dwattr $C$DW$682, DW_AT_bit_offset(0x02)
    7793                      .dwattr $C$DW$682, DW_AT_bit_size(0x01)
    7794                      .dwattr $C$DW$682, DW_AT_accessibility(DW_ACCESS_public)
    7795                      .dwattr $C$DW$682, DW_AT_decl_file("/home/jose/ti/c2000/C2000Ware_26_01_00_00/device_support/f2837xd/
    7796                      .dwattr $C$DW$682, DW_AT_decl_line(0xdf3)
    7797                      .dwattr $C$DW$682, DW_AT_decl_column(0x0c)
    7798              
    7799              $C$DW$683       .dwtag  DW_TAG_member
    7800                      .dwattr $C$DW$683, DW_AT_type(*$C$DW$T$19)
    7801                      .dwattr $C$DW$683, DW_AT_name("GPIO142")
    7802                      .dwattr $C$DW$683, DW_AT_bit_offset(0x01)
    7803                      .dwattr $C$DW$683, DW_AT_bit_size(0x01)
    7804                      .dwattr $C$DW$683, DW_AT_accessibility(DW_ACCESS_public)
    7805                      .dwattr $C$DW$683, DW_AT_decl_file("/home/jose/ti/c2000/C2000Ware_26_01_00_00/device_support/f2837xd/
    7806                      .dwattr $C$DW$683, DW_AT_decl_line(0xdf4)
    7807                      .dwattr $C$DW$683, DW_AT_decl_column(0x0c)
    7808              
    7809              $C$DW$684       .dwtag  DW_TAG_member
    7810                      .dwattr $C$DW$684, DW_AT_type(*$C$DW$T$19)
    7811                      .dwattr $C$DW$684, DW_AT_name("GPIO143")
    7812                      .dwattr $C$DW$684, DW_AT_bit_offset(0x00)
    7813                      .dwattr $C$DW$684, DW_AT_bit_size(0x01)
    7814                      .dwattr $C$DW$684, DW_AT_accessibility(DW_ACCESS_public)
    7815                      .dwattr $C$DW$684, DW_AT_decl_file("/home/jose/ti/c2000/C2000Ware_26_01_00_00/device_support/f2837xd/
    7816                      .dwattr $C$DW$684, DW_AT_decl_line(0xdf5)
    7817                      .dwattr $C$DW$684, DW_AT_decl_column(0x0c)
    7818              
    7819              $C$DW$685       .dwtag  DW_TAG_member
    7820                      .dwattr $C$DW$685, DW_AT_type(*$C$DW$T$19)
    7821                      .dwattr $C$DW$685, DW_AT_name("GPIO144")
    7822                      .dwattr $C$DW$685, DW_AT_bit_offset(0x0f)
    7823                      .dwattr $C$DW$685, DW_AT_bit_size(0x01)
    7824                      .dwattr $C$DW$685, DW_AT_data_member_location[DW_OP_plus_uconst 0x1]
    7825                      .dwattr $C$DW$685, DW_AT_accessibility(DW_ACCESS_public)
    7826                      .dwattr $C$DW$685, DW_AT_decl_file("/home/jose/ti/c2000/C2000Ware_26_01_00_00/device_support/f2837xd/
    7827                      .dwattr $C$DW$685, DW_AT_decl_line(0xdf6)
    7828                      .dwattr $C$DW$685, DW_AT_decl_column(0x0c)
    7829              
    7830              $C$DW$686       .dwtag  DW_TAG_member
TMS320C2000 Assembler Unix v25.11.0 Sat May 30 20:22:51 2026

Copyright (c) 1996-2018 Texas Instruments Incorporated
drv8305.asm                                                          PAGE  144

    7831                      .dwattr $C$DW$686, DW_AT_type(*$C$DW$T$19)
    7832                      .dwattr $C$DW$686, DW_AT_name("GPIO145")
    7833                      .dwattr $C$DW$686, DW_AT_bit_offset(0x0e)
    7834                      .dwattr $C$DW$686, DW_AT_bit_size(0x01)
    7835                      .dwattr $C$DW$686, DW_AT_data_member_location[DW_OP_plus_uconst 0x1]
    7836                      .dwattr $C$DW$686, DW_AT_accessibility(DW_ACCESS_public)
    7837                      .dwattr $C$DW$686, DW_AT_decl_file("/home/jose/ti/c2000/C2000Ware_26_01_00_00/device_support/f2837xd/
    7838                      .dwattr $C$DW$686, DW_AT_decl_line(0xdf7)
    7839                      .dwattr $C$DW$686, DW_AT_decl_column(0x0c)
    7840              
    7841              $C$DW$687       .dwtag  DW_TAG_member
    7842                      .dwattr $C$DW$687, DW_AT_type(*$C$DW$T$19)
    7843                      .dwattr $C$DW$687, DW_AT_name("GPIO146")
    7844                      .dwattr $C$DW$687, DW_AT_bit_offset(0x0d)
    7845                      .dwattr $C$DW$687, DW_AT_bit_size(0x01)
    7846                      .dwattr $C$DW$687, DW_AT_data_member_location[DW_OP_plus_uconst 0x1]
    7847                      .dwattr $C$DW$687, DW_AT_accessibility(DW_ACCESS_public)
    7848                      .dwattr $C$DW$687, DW_AT_decl_file("/home/jose/ti/c2000/C2000Ware_26_01_00_00/device_support/f2837xd/
    7849                      .dwattr $C$DW$687, DW_AT_decl_line(0xdf8)
    7850                      .dwattr $C$DW$687, DW_AT_decl_column(0x0c)
    7851              
    7852              $C$DW$688       .dwtag  DW_TAG_member
    7853                      .dwattr $C$DW$688, DW_AT_type(*$C$DW$T$19)
    7854                      .dwattr $C$DW$688, DW_AT_name("GPIO147")
    7855                      .dwattr $C$DW$688, DW_AT_bit_offset(0x0c)
    7856                      .dwattr $C$DW$688, DW_AT_bit_size(0x01)
    7857                      .dwattr $C$DW$688, DW_AT_data_member_location[DW_OP_plus_uconst 0x1]
    7858                      .dwattr $C$DW$688, DW_AT_accessibility(DW_ACCESS_public)
    7859                      .dwattr $C$DW$688, DW_AT_decl_file("/home/jose/ti/c2000/C2000Ware_26_01_00_00/device_support/f2837xd/
    7860                      .dwattr $C$DW$688, DW_AT_decl_line(0xdf9)
    7861                      .dwattr $C$DW$688, DW_AT_decl_column(0x0c)
    7862              
    7863              $C$DW$689       .dwtag  DW_TAG_member
    7864                      .dwattr $C$DW$689, DW_AT_type(*$C$DW$T$19)
    7865                      .dwattr $C$DW$689, DW_AT_name("GPIO148")
    7866                      .dwattr $C$DW$689, DW_AT_bit_offset(0x0b)
    7867                      .dwattr $C$DW$689, DW_AT_bit_size(0x01)
    7868                      .dwattr $C$DW$689, DW_AT_data_member_location[DW_OP_plus_uconst 0x1]
    7869                      .dwattr $C$DW$689, DW_AT_accessibility(DW_ACCESS_public)
    7870                      .dwattr $C$DW$689, DW_AT_decl_file("/home/jose/ti/c2000/C2000Ware_26_01_00_00/device_support/f2837xd/
    7871                      .dwattr $C$DW$689, DW_AT_decl_line(0xdfa)
    7872                      .dwattr $C$DW$689, DW_AT_decl_column(0x0c)
    7873              
    7874              $C$DW$690       .dwtag  DW_TAG_member
    7875                      .dwattr $C$DW$690, DW_AT_type(*$C$DW$T$19)
    7876                      .dwattr $C$DW$690, DW_AT_name("GPIO149")
    7877                      .dwattr $C$DW$690, DW_AT_bit_offset(0x0a)
    7878                      .dwattr $C$DW$690, DW_AT_bit_size(0x01)
    7879                      .dwattr $C$DW$690, DW_AT_data_member_location[DW_OP_plus_uconst 0x1]
    7880                      .dwattr $C$DW$690, DW_AT_accessibility(DW_ACCESS_public)
    7881                      .dwattr $C$DW$690, DW_AT_decl_file("/home/jose/ti/c2000/C2000Ware_26_01_00_00/device_support/f2837xd/
    7882                      .dwattr $C$DW$690, DW_AT_decl_line(0xdfb)
    7883                      .dwattr $C$DW$690, DW_AT_decl_column(0x0c)
    7884              
    7885              $C$DW$691       .dwtag  DW_TAG_member
TMS320C2000 Assembler Unix v25.11.0 Sat May 30 20:22:51 2026

Copyright (c) 1996-2018 Texas Instruments Incorporated
drv8305.asm                                                          PAGE  145

    7886                      .dwattr $C$DW$691, DW_AT_type(*$C$DW$T$19)
    7887                      .dwattr $C$DW$691, DW_AT_name("GPIO150")
    7888                      .dwattr $C$DW$691, DW_AT_bit_offset(0x09)
    7889                      .dwattr $C$DW$691, DW_AT_bit_size(0x01)
    7890                      .dwattr $C$DW$691, DW_AT_data_member_location[DW_OP_plus_uconst 0x1]
    7891                      .dwattr $C$DW$691, DW_AT_accessibility(DW_ACCESS_public)
    7892                      .dwattr $C$DW$691, DW_AT_decl_file("/home/jose/ti/c2000/C2000Ware_26_01_00_00/device_support/f2837xd/
    7893                      .dwattr $C$DW$691, DW_AT_decl_line(0xdfc)
    7894                      .dwattr $C$DW$691, DW_AT_decl_column(0x0c)
    7895              
    7896              $C$DW$692       .dwtag  DW_TAG_member
    7897                      .dwattr $C$DW$692, DW_AT_type(*$C$DW$T$19)
    7898                      .dwattr $C$DW$692, DW_AT_name("GPIO151")
    7899                      .dwattr $C$DW$692, DW_AT_bit_offset(0x08)
    7900                      .dwattr $C$DW$692, DW_AT_bit_size(0x01)
    7901                      .dwattr $C$DW$692, DW_AT_data_member_location[DW_OP_plus_uconst 0x1]
    7902                      .dwattr $C$DW$692, DW_AT_accessibility(DW_ACCESS_public)
    7903                      .dwattr $C$DW$692, DW_AT_decl_file("/home/jose/ti/c2000/C2000Ware_26_01_00_00/device_support/f2837xd/
    7904                      .dwattr $C$DW$692, DW_AT_decl_line(0xdfd)
    7905                      .dwattr $C$DW$692, DW_AT_decl_column(0x0c)
    7906              
    7907              $C$DW$693       .dwtag  DW_TAG_member
    7908                      .dwattr $C$DW$693, DW_AT_type(*$C$DW$T$19)
    7909                      .dwattr $C$DW$693, DW_AT_name("GPIO152")
    7910                      .dwattr $C$DW$693, DW_AT_bit_offset(0x07)
    7911                      .dwattr $C$DW$693, DW_AT_bit_size(0x01)
    7912                      .dwattr $C$DW$693, DW_AT_data_member_location[DW_OP_plus_uconst 0x1]
    7913                      .dwattr $C$DW$693, DW_AT_accessibility(DW_ACCESS_public)
    7914                      .dwattr $C$DW$693, DW_AT_decl_file("/home/jose/ti/c2000/C2000Ware_26_01_00_00/device_support/f2837xd/
    7915                      .dwattr $C$DW$693, DW_AT_decl_line(0xdfe)
    7916                      .dwattr $C$DW$693, DW_AT_decl_column(0x0c)
    7917              
    7918              $C$DW$694       .dwtag  DW_TAG_member
    7919                      .dwattr $C$DW$694, DW_AT_type(*$C$DW$T$19)
    7920                      .dwattr $C$DW$694, DW_AT_name("GPIO153")
    7921                      .dwattr $C$DW$694, DW_AT_bit_offset(0x06)
    7922                      .dwattr $C$DW$694, DW_AT_bit_size(0x01)
    7923                      .dwattr $C$DW$694, DW_AT_data_member_location[DW_OP_plus_uconst 0x1]
    7924                      .dwattr $C$DW$694, DW_AT_accessibility(DW_ACCESS_public)
    7925                      .dwattr $C$DW$694, DW_AT_decl_file("/home/jose/ti/c2000/C2000Ware_26_01_00_00/device_support/f2837xd/
    7926                      .dwattr $C$DW$694, DW_AT_decl_line(0xdff)
    7927                      .dwattr $C$DW$694, DW_AT_decl_column(0x0c)
    7928              
    7929              $C$DW$695       .dwtag  DW_TAG_member
    7930                      .dwattr $C$DW$695, DW_AT_type(*$C$DW$T$19)
    7931                      .dwattr $C$DW$695, DW_AT_name("GPIO154")
    7932                      .dwattr $C$DW$695, DW_AT_bit_offset(0x05)
    7933                      .dwattr $C$DW$695, DW_AT_bit_size(0x01)
    7934                      .dwattr $C$DW$695, DW_AT_data_member_location[DW_OP_plus_uconst 0x1]
    7935                      .dwattr $C$DW$695, DW_AT_accessibility(DW_ACCESS_public)
    7936                      .dwattr $C$DW$695, DW_AT_decl_file("/home/jose/ti/c2000/C2000Ware_26_01_00_00/device_support/f2837xd/
    7937                      .dwattr $C$DW$695, DW_AT_decl_line(0xe00)
    7938                      .dwattr $C$DW$695, DW_AT_decl_column(0x0c)
    7939              
    7940              $C$DW$696       .dwtag  DW_TAG_member
TMS320C2000 Assembler Unix v25.11.0 Sat May 30 20:22:51 2026

Copyright (c) 1996-2018 Texas Instruments Incorporated
drv8305.asm                                                          PAGE  146

    7941                      .dwattr $C$DW$696, DW_AT_type(*$C$DW$T$19)
    7942                      .dwattr $C$DW$696, DW_AT_name("GPIO155")
    7943                      .dwattr $C$DW$696, DW_AT_bit_offset(0x04)
    7944                      .dwattr $C$DW$696, DW_AT_bit_size(0x01)
    7945                      .dwattr $C$DW$696, DW_AT_data_member_location[DW_OP_plus_uconst 0x1]
    7946                      .dwattr $C$DW$696, DW_AT_accessibility(DW_ACCESS_public)
    7947                      .dwattr $C$DW$696, DW_AT_decl_file("/home/jose/ti/c2000/C2000Ware_26_01_00_00/device_support/f2837xd/
    7948                      .dwattr $C$DW$696, DW_AT_decl_line(0xe01)
    7949                      .dwattr $C$DW$696, DW_AT_decl_column(0x0c)
    7950              
    7951              $C$DW$697       .dwtag  DW_TAG_member
    7952                      .dwattr $C$DW$697, DW_AT_type(*$C$DW$T$19)
    7953                      .dwattr $C$DW$697, DW_AT_name("GPIO156")
    7954                      .dwattr $C$DW$697, DW_AT_bit_offset(0x03)
    7955                      .dwattr $C$DW$697, DW_AT_bit_size(0x01)
    7956                      .dwattr $C$DW$697, DW_AT_data_member_location[DW_OP_plus_uconst 0x1]
    7957                      .dwattr $C$DW$697, DW_AT_accessibility(DW_ACCESS_public)
    7958                      .dwattr $C$DW$697, DW_AT_decl_file("/home/jose/ti/c2000/C2000Ware_26_01_00_00/device_support/f2837xd/
    7959                      .dwattr $C$DW$697, DW_AT_decl_line(0xe02)
    7960                      .dwattr $C$DW$697, DW_AT_decl_column(0x0c)
    7961              
    7962              $C$DW$698       .dwtag  DW_TAG_member
    7963                      .dwattr $C$DW$698, DW_AT_type(*$C$DW$T$19)
    7964                      .dwattr $C$DW$698, DW_AT_name("GPIO157")
    7965                      .dwattr $C$DW$698, DW_AT_bit_offset(0x02)
    7966                      .dwattr $C$DW$698, DW_AT_bit_size(0x01)
    7967                      .dwattr $C$DW$698, DW_AT_data_member_location[DW_OP_plus_uconst 0x1]
    7968                      .dwattr $C$DW$698, DW_AT_accessibility(DW_ACCESS_public)
    7969                      .dwattr $C$DW$698, DW_AT_decl_file("/home/jose/ti/c2000/C2000Ware_26_01_00_00/device_support/f2837xd/
    7970                      .dwattr $C$DW$698, DW_AT_decl_line(0xe03)
    7971                      .dwattr $C$DW$698, DW_AT_decl_column(0x0c)
    7972              
    7973              $C$DW$699       .dwtag  DW_TAG_member
    7974                      .dwattr $C$DW$699, DW_AT_type(*$C$DW$T$19)
    7975                      .dwattr $C$DW$699, DW_AT_name("GPIO158")
    7976                      .dwattr $C$DW$699, DW_AT_bit_offset(0x01)
    7977                      .dwattr $C$DW$699, DW_AT_bit_size(0x01)
    7978                      .dwattr $C$DW$699, DW_AT_data_member_location[DW_OP_plus_uconst 0x1]
    7979                      .dwattr $C$DW$699, DW_AT_accessibility(DW_ACCESS_public)
    7980                      .dwattr $C$DW$699, DW_AT_decl_file("/home/jose/ti/c2000/C2000Ware_26_01_00_00/device_support/f2837xd/
    7981                      .dwattr $C$DW$699, DW_AT_decl_line(0xe04)
    7982                      .dwattr $C$DW$699, DW_AT_decl_column(0x0c)
    7983              
    7984              $C$DW$700       .dwtag  DW_TAG_member
    7985                      .dwattr $C$DW$700, DW_AT_type(*$C$DW$T$19)
    7986                      .dwattr $C$DW$700, DW_AT_name("GPIO159")
    7987                      .dwattr $C$DW$700, DW_AT_bit_offset(0x00)
    7988                      .dwattr $C$DW$700, DW_AT_bit_size(0x01)
    7989                      .dwattr $C$DW$700, DW_AT_data_member_location[DW_OP_plus_uconst 0x1]
    7990                      .dwattr $C$DW$700, DW_AT_accessibility(DW_ACCESS_public)
    7991                      .dwattr $C$DW$700, DW_AT_decl_file("/home/jose/ti/c2000/C2000Ware_26_01_00_00/device_support/f2837xd/
    7992                      .dwattr $C$DW$700, DW_AT_decl_line(0xe05)
    7993                      .dwattr $C$DW$700, DW_AT_decl_column(0x0c)
    7994              
    7995                      .dwattr $C$DW$T$57, DW_AT_decl_file("/home/jose/ti/c2000/C2000Ware_26_01_00_00/device_support/f2837xd
TMS320C2000 Assembler Unix v25.11.0 Sat May 30 20:22:51 2026

Copyright (c) 1996-2018 Texas Instruments Incorporated
drv8305.asm                                                          PAGE  147

    7996                      .dwattr $C$DW$T$57, DW_AT_decl_line(0xde5)
    7997                      .dwattr $C$DW$T$57, DW_AT_decl_column(0x08)
    7998                      .dwendtag $C$DW$T$57
    7999              
    8000                      .dwendtag $C$DW$TU$57
    8001              
    8002              
    8003              $C$DW$TU$58     .dwtag  DW_TAG_type_unit
    8004                      .dwmtype  $C$DW$T$58
    8005              
    8006              $C$DW$T$58      .dwtag  DW_TAG_union_type
    8007                      .dwattr $C$DW$T$58, DW_AT_name("GPESET_REG")
    8008                      .dwattr $C$DW$T$58, DW_AT_byte_size(0x02)
    8009              $C$DW$701       .dwtag  DW_TAG_member
    8010                      .dwattr $C$DW$701, DW_AT_type(*$C$DW$T$21)
    8011                      .dwattr $C$DW$701, DW_AT_name("all")
    8012                      .dwattr $C$DW$701, DW_AT_accessibility(DW_ACCESS_public)
    8013                      .dwattr $C$DW$701, DW_AT_decl_file("/home/jose/ti/c2000/C2000Ware_26_01_00_00/device_support/f2837xd/
    8014                      .dwattr $C$DW$701, DW_AT_decl_line(0xe09)
    8015                      .dwattr $C$DW$701, DW_AT_decl_column(0x0d)
    8016              
    8017              $C$DW$702       .dwtag  DW_TAG_member
    8018                      .dwattr $C$DW$702, DW_AT_type(*$C$DW$T$57)
    8019                      .dwattr $C$DW$702, DW_AT_name("bit")
    8020                      .dwattr $C$DW$702, DW_AT_accessibility(DW_ACCESS_public)
    8021                      .dwattr $C$DW$702, DW_AT_decl_file("/home/jose/ti/c2000/C2000Ware_26_01_00_00/device_support/f2837xd/
    8022                      .dwattr $C$DW$702, DW_AT_decl_line(0xe0a)
    8023                      .dwattr $C$DW$702, DW_AT_decl_column(0x1a)
    8024              
    8025                      .dwattr $C$DW$T$58, DW_AT_decl_file("/home/jose/ti/c2000/C2000Ware_26_01_00_00/device_support/f2837xd
    8026                      .dwattr $C$DW$T$58, DW_AT_decl_line(0xe08)
    8027                      .dwattr $C$DW$T$58, DW_AT_decl_column(0x07)
    8028                      .dwendtag $C$DW$T$58
    8029              
    8030                      .dwendtag $C$DW$TU$58
    8031              
    8032              
    8033              $C$DW$TU$59     .dwtag  DW_TAG_type_unit
    8034                      .dwmtype  $C$DW$T$59
    8035              
    8036              $C$DW$T$59      .dwtag  DW_TAG_structure_type
    8037                      .dwattr $C$DW$T$59, DW_AT_name("GPETOGGLE_BITS")
    8038                      .dwattr $C$DW$T$59, DW_AT_byte_size(0x02)
    8039              $C$DW$703       .dwtag  DW_TAG_member
    8040                      .dwattr $C$DW$703, DW_AT_type(*$C$DW$T$19)
    8041                      .dwattr $C$DW$703, DW_AT_name("GPIO128")
    8042                      .dwattr $C$DW$703, DW_AT_bit_offset(0x0f)
    8043                      .dwattr $C$DW$703, DW_AT_bit_size(0x01)
    8044                      .dwattr $C$DW$703, DW_AT_accessibility(DW_ACCESS_public)
    8045                      .dwattr $C$DW$703, DW_AT_decl_file("/home/jose/ti/c2000/C2000Ware_26_01_00_00/device_support/f2837xd/
    8046                      .dwattr $C$DW$703, DW_AT_decl_line(0xe36)
    8047                      .dwattr $C$DW$703, DW_AT_decl_column(0x0c)
    8048              
    8049              $C$DW$704       .dwtag  DW_TAG_member
    8050                      .dwattr $C$DW$704, DW_AT_type(*$C$DW$T$19)
TMS320C2000 Assembler Unix v25.11.0 Sat May 30 20:22:51 2026

Copyright (c) 1996-2018 Texas Instruments Incorporated
drv8305.asm                                                          PAGE  148

    8051                      .dwattr $C$DW$704, DW_AT_name("GPIO129")
    8052                      .dwattr $C$DW$704, DW_AT_bit_offset(0x0e)
    8053                      .dwattr $C$DW$704, DW_AT_bit_size(0x01)
    8054                      .dwattr $C$DW$704, DW_AT_accessibility(DW_ACCESS_public)
    8055                      .dwattr $C$DW$704, DW_AT_decl_file("/home/jose/ti/c2000/C2000Ware_26_01_00_00/device_support/f2837xd/
    8056                      .dwattr $C$DW$704, DW_AT_decl_line(0xe37)
    8057                      .dwattr $C$DW$704, DW_AT_decl_column(0x0c)
    8058              
    8059              $C$DW$705       .dwtag  DW_TAG_member
    8060                      .dwattr $C$DW$705, DW_AT_type(*$C$DW$T$19)
    8061                      .dwattr $C$DW$705, DW_AT_name("GPIO130")
    8062                      .dwattr $C$DW$705, DW_AT_bit_offset(0x0d)
    8063                      .dwattr $C$DW$705, DW_AT_bit_size(0x01)
    8064                      .dwattr $C$DW$705, DW_AT_accessibility(DW_ACCESS_public)
    8065                      .dwattr $C$DW$705, DW_AT_decl_file("/home/jose/ti/c2000/C2000Ware_26_01_00_00/device_support/f2837xd/
    8066                      .dwattr $C$DW$705, DW_AT_decl_line(0xe38)
    8067                      .dwattr $C$DW$705, DW_AT_decl_column(0x0c)
    8068              
    8069              $C$DW$706       .dwtag  DW_TAG_member
    8070                      .dwattr $C$DW$706, DW_AT_type(*$C$DW$T$19)
    8071                      .dwattr $C$DW$706, DW_AT_name("GPIO131")
    8072                      .dwattr $C$DW$706, DW_AT_bit_offset(0x0c)
    8073                      .dwattr $C$DW$706, DW_AT_bit_size(0x01)
    8074                      .dwattr $C$DW$706, DW_AT_accessibility(DW_ACCESS_public)
    8075                      .dwattr $C$DW$706, DW_AT_decl_file("/home/jose/ti/c2000/C2000Ware_26_01_00_00/device_support/f2837xd/
    8076                      .dwattr $C$DW$706, DW_AT_decl_line(0xe39)
    8077                      .dwattr $C$DW$706, DW_AT_decl_column(0x0c)
    8078              
    8079              $C$DW$707       .dwtag  DW_TAG_member
    8080                      .dwattr $C$DW$707, DW_AT_type(*$C$DW$T$19)
    8081                      .dwattr $C$DW$707, DW_AT_name("GPIO132")
    8082                      .dwattr $C$DW$707, DW_AT_bit_offset(0x0b)
    8083                      .dwattr $C$DW$707, DW_AT_bit_size(0x01)
    8084                      .dwattr $C$DW$707, DW_AT_accessibility(DW_ACCESS_public)
    8085                      .dwattr $C$DW$707, DW_AT_decl_file("/home/jose/ti/c2000/C2000Ware_26_01_00_00/device_support/f2837xd/
    8086                      .dwattr $C$DW$707, DW_AT_decl_line(0xe3a)
    8087                      .dwattr $C$DW$707, DW_AT_decl_column(0x0c)
    8088              
    8089              $C$DW$708       .dwtag  DW_TAG_member
    8090                      .dwattr $C$DW$708, DW_AT_type(*$C$DW$T$19)
    8091                      .dwattr $C$DW$708, DW_AT_name("GPIO133")
    8092                      .dwattr $C$DW$708, DW_AT_bit_offset(0x0a)
    8093                      .dwattr $C$DW$708, DW_AT_bit_size(0x01)
    8094                      .dwattr $C$DW$708, DW_AT_accessibility(DW_ACCESS_public)
    8095                      .dwattr $C$DW$708, DW_AT_decl_file("/home/jose/ti/c2000/C2000Ware_26_01_00_00/device_support/f2837xd/
    8096                      .dwattr $C$DW$708, DW_AT_decl_line(0xe3b)
    8097                      .dwattr $C$DW$708, DW_AT_decl_column(0x0c)
    8098              
    8099              $C$DW$709       .dwtag  DW_TAG_member
    8100                      .dwattr $C$DW$709, DW_AT_type(*$C$DW$T$19)
    8101                      .dwattr $C$DW$709, DW_AT_name("GPIO134")
    8102                      .dwattr $C$DW$709, DW_AT_bit_offset(0x09)
    8103                      .dwattr $C$DW$709, DW_AT_bit_size(0x01)
    8104                      .dwattr $C$DW$709, DW_AT_accessibility(DW_ACCESS_public)
    8105                      .dwattr $C$DW$709, DW_AT_decl_file("/home/jose/ti/c2000/C2000Ware_26_01_00_00/device_support/f2837xd/
TMS320C2000 Assembler Unix v25.11.0 Sat May 30 20:22:51 2026

Copyright (c) 1996-2018 Texas Instruments Incorporated
drv8305.asm                                                          PAGE  149

    8106                      .dwattr $C$DW$709, DW_AT_decl_line(0xe3c)
    8107                      .dwattr $C$DW$709, DW_AT_decl_column(0x0c)
    8108              
    8109              $C$DW$710       .dwtag  DW_TAG_member
    8110                      .dwattr $C$DW$710, DW_AT_type(*$C$DW$T$19)
    8111                      .dwattr $C$DW$710, DW_AT_name("GPIO135")
    8112                      .dwattr $C$DW$710, DW_AT_bit_offset(0x08)
    8113                      .dwattr $C$DW$710, DW_AT_bit_size(0x01)
    8114                      .dwattr $C$DW$710, DW_AT_accessibility(DW_ACCESS_public)
    8115                      .dwattr $C$DW$710, DW_AT_decl_file("/home/jose/ti/c2000/C2000Ware_26_01_00_00/device_support/f2837xd/
    8116                      .dwattr $C$DW$710, DW_AT_decl_line(0xe3d)
    8117                      .dwattr $C$DW$710, DW_AT_decl_column(0x0c)
    8118              
    8119              $C$DW$711       .dwtag  DW_TAG_member
    8120                      .dwattr $C$DW$711, DW_AT_type(*$C$DW$T$19)
    8121                      .dwattr $C$DW$711, DW_AT_name("GPIO136")
    8122                      .dwattr $C$DW$711, DW_AT_bit_offset(0x07)
    8123                      .dwattr $C$DW$711, DW_AT_bit_size(0x01)
    8124                      .dwattr $C$DW$711, DW_AT_accessibility(DW_ACCESS_public)
    8125                      .dwattr $C$DW$711, DW_AT_decl_file("/home/jose/ti/c2000/C2000Ware_26_01_00_00/device_support/f2837xd/
    8126                      .dwattr $C$DW$711, DW_AT_decl_line(0xe3e)
    8127                      .dwattr $C$DW$711, DW_AT_decl_column(0x0c)
    8128              
    8129              $C$DW$712       .dwtag  DW_TAG_member
    8130                      .dwattr $C$DW$712, DW_AT_type(*$C$DW$T$19)
    8131                      .dwattr $C$DW$712, DW_AT_name("GPIO137")
    8132                      .dwattr $C$DW$712, DW_AT_bit_offset(0x06)
    8133                      .dwattr $C$DW$712, DW_AT_bit_size(0x01)
    8134                      .dwattr $C$DW$712, DW_AT_accessibility(DW_ACCESS_public)
    8135                      .dwattr $C$DW$712, DW_AT_decl_file("/home/jose/ti/c2000/C2000Ware_26_01_00_00/device_support/f2837xd/
    8136                      .dwattr $C$DW$712, DW_AT_decl_line(0xe3f)
    8137                      .dwattr $C$DW$712, DW_AT_decl_column(0x0c)
    8138              
    8139              $C$DW$713       .dwtag  DW_TAG_member
    8140                      .dwattr $C$DW$713, DW_AT_type(*$C$DW$T$19)
    8141                      .dwattr $C$DW$713, DW_AT_name("GPIO138")
    8142                      .dwattr $C$DW$713, DW_AT_bit_offset(0x05)
    8143                      .dwattr $C$DW$713, DW_AT_bit_size(0x01)
    8144                      .dwattr $C$DW$713, DW_AT_accessibility(DW_ACCESS_public)
    8145                      .dwattr $C$DW$713, DW_AT_decl_file("/home/jose/ti/c2000/C2000Ware_26_01_00_00/device_support/f2837xd/
    8146                      .dwattr $C$DW$713, DW_AT_decl_line(0xe40)
    8147                      .dwattr $C$DW$713, DW_AT_decl_column(0x0c)
    8148              
    8149              $C$DW$714       .dwtag  DW_TAG_member
    8150                      .dwattr $C$DW$714, DW_AT_type(*$C$DW$T$19)
    8151                      .dwattr $C$DW$714, DW_AT_name("GPIO139")
    8152                      .dwattr $C$DW$714, DW_AT_bit_offset(0x04)
    8153                      .dwattr $C$DW$714, DW_AT_bit_size(0x01)
    8154                      .dwattr $C$DW$714, DW_AT_accessibility(DW_ACCESS_public)
    8155                      .dwattr $C$DW$714, DW_AT_decl_file("/home/jose/ti/c2000/C2000Ware_26_01_00_00/device_support/f2837xd/
    8156                      .dwattr $C$DW$714, DW_AT_decl_line(0xe41)
    8157                      .dwattr $C$DW$714, DW_AT_decl_column(0x0c)
    8158              
    8159              $C$DW$715       .dwtag  DW_TAG_member
    8160                      .dwattr $C$DW$715, DW_AT_type(*$C$DW$T$19)
TMS320C2000 Assembler Unix v25.11.0 Sat May 30 20:22:51 2026

Copyright (c) 1996-2018 Texas Instruments Incorporated
drv8305.asm                                                          PAGE  150

    8161                      .dwattr $C$DW$715, DW_AT_name("GPIO140")
    8162                      .dwattr $C$DW$715, DW_AT_bit_offset(0x03)
    8163                      .dwattr $C$DW$715, DW_AT_bit_size(0x01)
    8164                      .dwattr $C$DW$715, DW_AT_accessibility(DW_ACCESS_public)
    8165                      .dwattr $C$DW$715, DW_AT_decl_file("/home/jose/ti/c2000/C2000Ware_26_01_00_00/device_support/f2837xd/
    8166                      .dwattr $C$DW$715, DW_AT_decl_line(0xe42)
    8167                      .dwattr $C$DW$715, DW_AT_decl_column(0x0c)
    8168              
    8169              $C$DW$716       .dwtag  DW_TAG_member
    8170                      .dwattr $C$DW$716, DW_AT_type(*$C$DW$T$19)
    8171                      .dwattr $C$DW$716, DW_AT_name("GPIO141")
    8172                      .dwattr $C$DW$716, DW_AT_bit_offset(0x02)
    8173                      .dwattr $C$DW$716, DW_AT_bit_size(0x01)
    8174                      .dwattr $C$DW$716, DW_AT_accessibility(DW_ACCESS_public)
    8175                      .dwattr $C$DW$716, DW_AT_decl_file("/home/jose/ti/c2000/C2000Ware_26_01_00_00/device_support/f2837xd/
    8176                      .dwattr $C$DW$716, DW_AT_decl_line(0xe43)
    8177                      .dwattr $C$DW$716, DW_AT_decl_column(0x0c)
    8178              
    8179              $C$DW$717       .dwtag  DW_TAG_member
    8180                      .dwattr $C$DW$717, DW_AT_type(*$C$DW$T$19)
    8181                      .dwattr $C$DW$717, DW_AT_name("GPIO142")
    8182                      .dwattr $C$DW$717, DW_AT_bit_offset(0x01)
    8183                      .dwattr $C$DW$717, DW_AT_bit_size(0x01)
    8184                      .dwattr $C$DW$717, DW_AT_accessibility(DW_ACCESS_public)
    8185                      .dwattr $C$DW$717, DW_AT_decl_file("/home/jose/ti/c2000/C2000Ware_26_01_00_00/device_support/f2837xd/
    8186                      .dwattr $C$DW$717, DW_AT_decl_line(0xe44)
    8187                      .dwattr $C$DW$717, DW_AT_decl_column(0x0c)
    8188              
    8189              $C$DW$718       .dwtag  DW_TAG_member
    8190                      .dwattr $C$DW$718, DW_AT_type(*$C$DW$T$19)
    8191                      .dwattr $C$DW$718, DW_AT_name("GPIO143")
    8192                      .dwattr $C$DW$718, DW_AT_bit_offset(0x00)
    8193                      .dwattr $C$DW$718, DW_AT_bit_size(0x01)
    8194                      .dwattr $C$DW$718, DW_AT_accessibility(DW_ACCESS_public)
    8195                      .dwattr $C$DW$718, DW_AT_decl_file("/home/jose/ti/c2000/C2000Ware_26_01_00_00/device_support/f2837xd/
    8196                      .dwattr $C$DW$718, DW_AT_decl_line(0xe45)
    8197                      .dwattr $C$DW$718, DW_AT_decl_column(0x0c)
    8198              
    8199              $C$DW$719       .dwtag  DW_TAG_member
    8200                      .dwattr $C$DW$719, DW_AT_type(*$C$DW$T$19)
    8201                      .dwattr $C$DW$719, DW_AT_name("GPIO144")
    8202                      .dwattr $C$DW$719, DW_AT_bit_offset(0x0f)
    8203                      .dwattr $C$DW$719, DW_AT_bit_size(0x01)
    8204                      .dwattr $C$DW$719, DW_AT_data_member_location[DW_OP_plus_uconst 0x1]
    8205                      .dwattr $C$DW$719, DW_AT_accessibility(DW_ACCESS_public)
    8206                      .dwattr $C$DW$719, DW_AT_decl_file("/home/jose/ti/c2000/C2000Ware_26_01_00_00/device_support/f2837xd/
    8207                      .dwattr $C$DW$719, DW_AT_decl_line(0xe46)
    8208                      .dwattr $C$DW$719, DW_AT_decl_column(0x0c)
    8209              
    8210              $C$DW$720       .dwtag  DW_TAG_member
    8211                      .dwattr $C$DW$720, DW_AT_type(*$C$DW$T$19)
    8212                      .dwattr $C$DW$720, DW_AT_name("GPIO145")
    8213                      .dwattr $C$DW$720, DW_AT_bit_offset(0x0e)
    8214                      .dwattr $C$DW$720, DW_AT_bit_size(0x01)
    8215                      .dwattr $C$DW$720, DW_AT_data_member_location[DW_OP_plus_uconst 0x1]
TMS320C2000 Assembler Unix v25.11.0 Sat May 30 20:22:51 2026

Copyright (c) 1996-2018 Texas Instruments Incorporated
drv8305.asm                                                          PAGE  151

    8216                      .dwattr $C$DW$720, DW_AT_accessibility(DW_ACCESS_public)
    8217                      .dwattr $C$DW$720, DW_AT_decl_file("/home/jose/ti/c2000/C2000Ware_26_01_00_00/device_support/f2837xd/
    8218                      .dwattr $C$DW$720, DW_AT_decl_line(0xe47)
    8219                      .dwattr $C$DW$720, DW_AT_decl_column(0x0c)
    8220              
    8221              $C$DW$721       .dwtag  DW_TAG_member
    8222                      .dwattr $C$DW$721, DW_AT_type(*$C$DW$T$19)
    8223                      .dwattr $C$DW$721, DW_AT_name("GPIO146")
    8224                      .dwattr $C$DW$721, DW_AT_bit_offset(0x0d)
    8225                      .dwattr $C$DW$721, DW_AT_bit_size(0x01)
    8226                      .dwattr $C$DW$721, DW_AT_data_member_location[DW_OP_plus_uconst 0x1]
    8227                      .dwattr $C$DW$721, DW_AT_accessibility(DW_ACCESS_public)
    8228                      .dwattr $C$DW$721, DW_AT_decl_file("/home/jose/ti/c2000/C2000Ware_26_01_00_00/device_support/f2837xd/
    8229                      .dwattr $C$DW$721, DW_AT_decl_line(0xe48)
    8230                      .dwattr $C$DW$721, DW_AT_decl_column(0x0c)
    8231              
    8232              $C$DW$722       .dwtag  DW_TAG_member
    8233                      .dwattr $C$DW$722, DW_AT_type(*$C$DW$T$19)
    8234                      .dwattr $C$DW$722, DW_AT_name("GPIO147")
    8235                      .dwattr $C$DW$722, DW_AT_bit_offset(0x0c)
    8236                      .dwattr $C$DW$722, DW_AT_bit_size(0x01)
    8237                      .dwattr $C$DW$722, DW_AT_data_member_location[DW_OP_plus_uconst 0x1]
    8238                      .dwattr $C$DW$722, DW_AT_accessibility(DW_ACCESS_public)
    8239                      .dwattr $C$DW$722, DW_AT_decl_file("/home/jose/ti/c2000/C2000Ware_26_01_00_00/device_support/f2837xd/
    8240                      .dwattr $C$DW$722, DW_AT_decl_line(0xe49)
    8241                      .dwattr $C$DW$722, DW_AT_decl_column(0x0c)
    8242              
    8243              $C$DW$723       .dwtag  DW_TAG_member
    8244                      .dwattr $C$DW$723, DW_AT_type(*$C$DW$T$19)
    8245                      .dwattr $C$DW$723, DW_AT_name("GPIO148")
    8246                      .dwattr $C$DW$723, DW_AT_bit_offset(0x0b)
    8247                      .dwattr $C$DW$723, DW_AT_bit_size(0x01)
    8248                      .dwattr $C$DW$723, DW_AT_data_member_location[DW_OP_plus_uconst 0x1]
    8249                      .dwattr $C$DW$723, DW_AT_accessibility(DW_ACCESS_public)
    8250                      .dwattr $C$DW$723, DW_AT_decl_file("/home/jose/ti/c2000/C2000Ware_26_01_00_00/device_support/f2837xd/
    8251                      .dwattr $C$DW$723, DW_AT_decl_line(0xe4a)
    8252                      .dwattr $C$DW$723, DW_AT_decl_column(0x0c)
    8253              
    8254              $C$DW$724       .dwtag  DW_TAG_member
    8255                      .dwattr $C$DW$724, DW_AT_type(*$C$DW$T$19)
    8256                      .dwattr $C$DW$724, DW_AT_name("GPIO149")
    8257                      .dwattr $C$DW$724, DW_AT_bit_offset(0x0a)
    8258                      .dwattr $C$DW$724, DW_AT_bit_size(0x01)
    8259                      .dwattr $C$DW$724, DW_AT_data_member_location[DW_OP_plus_uconst 0x1]
    8260                      .dwattr $C$DW$724, DW_AT_accessibility(DW_ACCESS_public)
    8261                      .dwattr $C$DW$724, DW_AT_decl_file("/home/jose/ti/c2000/C2000Ware_26_01_00_00/device_support/f2837xd/
    8262                      .dwattr $C$DW$724, DW_AT_decl_line(0xe4b)
    8263                      .dwattr $C$DW$724, DW_AT_decl_column(0x0c)
    8264              
    8265              $C$DW$725       .dwtag  DW_TAG_member
    8266                      .dwattr $C$DW$725, DW_AT_type(*$C$DW$T$19)
    8267                      .dwattr $C$DW$725, DW_AT_name("GPIO150")
    8268                      .dwattr $C$DW$725, DW_AT_bit_offset(0x09)
    8269                      .dwattr $C$DW$725, DW_AT_bit_size(0x01)
    8270                      .dwattr $C$DW$725, DW_AT_data_member_location[DW_OP_plus_uconst 0x1]
TMS320C2000 Assembler Unix v25.11.0 Sat May 30 20:22:51 2026

Copyright (c) 1996-2018 Texas Instruments Incorporated
drv8305.asm                                                          PAGE  152

    8271                      .dwattr $C$DW$725, DW_AT_accessibility(DW_ACCESS_public)
    8272                      .dwattr $C$DW$725, DW_AT_decl_file("/home/jose/ti/c2000/C2000Ware_26_01_00_00/device_support/f2837xd/
    8273                      .dwattr $C$DW$725, DW_AT_decl_line(0xe4c)
    8274                      .dwattr $C$DW$725, DW_AT_decl_column(0x0c)
    8275              
    8276              $C$DW$726       .dwtag  DW_TAG_member
    8277                      .dwattr $C$DW$726, DW_AT_type(*$C$DW$T$19)
    8278                      .dwattr $C$DW$726, DW_AT_name("GPIO151")
    8279                      .dwattr $C$DW$726, DW_AT_bit_offset(0x08)
    8280                      .dwattr $C$DW$726, DW_AT_bit_size(0x01)
    8281                      .dwattr $C$DW$726, DW_AT_data_member_location[DW_OP_plus_uconst 0x1]
    8282                      .dwattr $C$DW$726, DW_AT_accessibility(DW_ACCESS_public)
    8283                      .dwattr $C$DW$726, DW_AT_decl_file("/home/jose/ti/c2000/C2000Ware_26_01_00_00/device_support/f2837xd/
    8284                      .dwattr $C$DW$726, DW_AT_decl_line(0xe4d)
    8285                      .dwattr $C$DW$726, DW_AT_decl_column(0x0c)
    8286              
    8287              $C$DW$727       .dwtag  DW_TAG_member
    8288                      .dwattr $C$DW$727, DW_AT_type(*$C$DW$T$19)
    8289                      .dwattr $C$DW$727, DW_AT_name("GPIO152")
    8290                      .dwattr $C$DW$727, DW_AT_bit_offset(0x07)
    8291                      .dwattr $C$DW$727, DW_AT_bit_size(0x01)
    8292                      .dwattr $C$DW$727, DW_AT_data_member_location[DW_OP_plus_uconst 0x1]
    8293                      .dwattr $C$DW$727, DW_AT_accessibility(DW_ACCESS_public)
    8294                      .dwattr $C$DW$727, DW_AT_decl_file("/home/jose/ti/c2000/C2000Ware_26_01_00_00/device_support/f2837xd/
    8295                      .dwattr $C$DW$727, DW_AT_decl_line(0xe4e)
    8296                      .dwattr $C$DW$727, DW_AT_decl_column(0x0c)
    8297              
    8298              $C$DW$728       .dwtag  DW_TAG_member
    8299                      .dwattr $C$DW$728, DW_AT_type(*$C$DW$T$19)
    8300                      .dwattr $C$DW$728, DW_AT_name("GPIO153")
    8301                      .dwattr $C$DW$728, DW_AT_bit_offset(0x06)
    8302                      .dwattr $C$DW$728, DW_AT_bit_size(0x01)
    8303                      .dwattr $C$DW$728, DW_AT_data_member_location[DW_OP_plus_uconst 0x1]
    8304                      .dwattr $C$DW$728, DW_AT_accessibility(DW_ACCESS_public)
    8305                      .dwattr $C$DW$728, DW_AT_decl_file("/home/jose/ti/c2000/C2000Ware_26_01_00_00/device_support/f2837xd/
    8306                      .dwattr $C$DW$728, DW_AT_decl_line(0xe4f)
    8307                      .dwattr $C$DW$728, DW_AT_decl_column(0x0c)
    8308              
    8309              $C$DW$729       .dwtag  DW_TAG_member
    8310                      .dwattr $C$DW$729, DW_AT_type(*$C$DW$T$19)
    8311                      .dwattr $C$DW$729, DW_AT_name("GPIO154")
    8312                      .dwattr $C$DW$729, DW_AT_bit_offset(0x05)
    8313                      .dwattr $C$DW$729, DW_AT_bit_size(0x01)
    8314                      .dwattr $C$DW$729, DW_AT_data_member_location[DW_OP_plus_uconst 0x1]
    8315                      .dwattr $C$DW$729, DW_AT_accessibility(DW_ACCESS_public)
    8316                      .dwattr $C$DW$729, DW_AT_decl_file("/home/jose/ti/c2000/C2000Ware_26_01_00_00/device_support/f2837xd/
    8317                      .dwattr $C$DW$729, DW_AT_decl_line(0xe50)
    8318                      .dwattr $C$DW$729, DW_AT_decl_column(0x0c)
    8319              
    8320              $C$DW$730       .dwtag  DW_TAG_member
    8321                      .dwattr $C$DW$730, DW_AT_type(*$C$DW$T$19)
    8322                      .dwattr $C$DW$730, DW_AT_name("GPIO155")
    8323                      .dwattr $C$DW$730, DW_AT_bit_offset(0x04)
    8324                      .dwattr $C$DW$730, DW_AT_bit_size(0x01)
    8325                      .dwattr $C$DW$730, DW_AT_data_member_location[DW_OP_plus_uconst 0x1]
TMS320C2000 Assembler Unix v25.11.0 Sat May 30 20:22:51 2026

Copyright (c) 1996-2018 Texas Instruments Incorporated
drv8305.asm                                                          PAGE  153

    8326                      .dwattr $C$DW$730, DW_AT_accessibility(DW_ACCESS_public)
    8327                      .dwattr $C$DW$730, DW_AT_decl_file("/home/jose/ti/c2000/C2000Ware_26_01_00_00/device_support/f2837xd/
    8328                      .dwattr $C$DW$730, DW_AT_decl_line(0xe51)
    8329                      .dwattr $C$DW$730, DW_AT_decl_column(0x0c)
    8330              
    8331              $C$DW$731       .dwtag  DW_TAG_member
    8332                      .dwattr $C$DW$731, DW_AT_type(*$C$DW$T$19)
    8333                      .dwattr $C$DW$731, DW_AT_name("GPIO156")
    8334                      .dwattr $C$DW$731, DW_AT_bit_offset(0x03)
    8335                      .dwattr $C$DW$731, DW_AT_bit_size(0x01)
    8336                      .dwattr $C$DW$731, DW_AT_data_member_location[DW_OP_plus_uconst 0x1]
    8337                      .dwattr $C$DW$731, DW_AT_accessibility(DW_ACCESS_public)
    8338                      .dwattr $C$DW$731, DW_AT_decl_file("/home/jose/ti/c2000/C2000Ware_26_01_00_00/device_support/f2837xd/
    8339                      .dwattr $C$DW$731, DW_AT_decl_line(0xe52)
    8340                      .dwattr $C$DW$731, DW_AT_decl_column(0x0c)
    8341              
    8342              $C$DW$732       .dwtag  DW_TAG_member
    8343                      .dwattr $C$DW$732, DW_AT_type(*$C$DW$T$19)
    8344                      .dwattr $C$DW$732, DW_AT_name("GPIO157")
    8345                      .dwattr $C$DW$732, DW_AT_bit_offset(0x02)
    8346                      .dwattr $C$DW$732, DW_AT_bit_size(0x01)
    8347                      .dwattr $C$DW$732, DW_AT_data_member_location[DW_OP_plus_uconst 0x1]
    8348                      .dwattr $C$DW$732, DW_AT_accessibility(DW_ACCESS_public)
    8349                      .dwattr $C$DW$732, DW_AT_decl_file("/home/jose/ti/c2000/C2000Ware_26_01_00_00/device_support/f2837xd/
    8350                      .dwattr $C$DW$732, DW_AT_decl_line(0xe53)
    8351                      .dwattr $C$DW$732, DW_AT_decl_column(0x0c)
    8352              
    8353              $C$DW$733       .dwtag  DW_TAG_member
    8354                      .dwattr $C$DW$733, DW_AT_type(*$C$DW$T$19)
    8355                      .dwattr $C$DW$733, DW_AT_name("GPIO158")
    8356                      .dwattr $C$DW$733, DW_AT_bit_offset(0x01)
    8357                      .dwattr $C$DW$733, DW_AT_bit_size(0x01)
    8358                      .dwattr $C$DW$733, DW_AT_data_member_location[DW_OP_plus_uconst 0x1]
    8359                      .dwattr $C$DW$733, DW_AT_accessibility(DW_ACCESS_public)
    8360                      .dwattr $C$DW$733, DW_AT_decl_file("/home/jose/ti/c2000/C2000Ware_26_01_00_00/device_support/f2837xd/
    8361                      .dwattr $C$DW$733, DW_AT_decl_line(0xe54)
    8362                      .dwattr $C$DW$733, DW_AT_decl_column(0x0c)
    8363              
    8364              $C$DW$734       .dwtag  DW_TAG_member
    8365                      .dwattr $C$DW$734, DW_AT_type(*$C$DW$T$19)
    8366                      .dwattr $C$DW$734, DW_AT_name("GPIO159")
    8367                      .dwattr $C$DW$734, DW_AT_bit_offset(0x00)
    8368                      .dwattr $C$DW$734, DW_AT_bit_size(0x01)
    8369                      .dwattr $C$DW$734, DW_AT_data_member_location[DW_OP_plus_uconst 0x1]
    8370                      .dwattr $C$DW$734, DW_AT_accessibility(DW_ACCESS_public)
    8371                      .dwattr $C$DW$734, DW_AT_decl_file("/home/jose/ti/c2000/C2000Ware_26_01_00_00/device_support/f2837xd/
    8372                      .dwattr $C$DW$734, DW_AT_decl_line(0xe55)
    8373                      .dwattr $C$DW$734, DW_AT_decl_column(0x0c)
    8374              
    8375                      .dwattr $C$DW$T$59, DW_AT_decl_file("/home/jose/ti/c2000/C2000Ware_26_01_00_00/device_support/f2837xd
    8376                      .dwattr $C$DW$T$59, DW_AT_decl_line(0xe35)
    8377                      .dwattr $C$DW$T$59, DW_AT_decl_column(0x08)
    8378                      .dwendtag $C$DW$T$59
    8379              
    8380                      .dwendtag $C$DW$TU$59
TMS320C2000 Assembler Unix v25.11.0 Sat May 30 20:22:51 2026

Copyright (c) 1996-2018 Texas Instruments Incorporated
drv8305.asm                                                          PAGE  154

    8381              
    8382              
    8383              $C$DW$TU$60     .dwtag  DW_TAG_type_unit
    8384                      .dwmtype  $C$DW$T$60
    8385              
    8386              $C$DW$T$60      .dwtag  DW_TAG_union_type
    8387                      .dwattr $C$DW$T$60, DW_AT_name("GPETOGGLE_REG")
    8388                      .dwattr $C$DW$T$60, DW_AT_byte_size(0x02)
    8389              $C$DW$735       .dwtag  DW_TAG_member
    8390                      .dwattr $C$DW$735, DW_AT_type(*$C$DW$T$21)
    8391                      .dwattr $C$DW$735, DW_AT_name("all")
    8392                      .dwattr $C$DW$735, DW_AT_accessibility(DW_ACCESS_public)
    8393                      .dwattr $C$DW$735, DW_AT_decl_file("/home/jose/ti/c2000/C2000Ware_26_01_00_00/device_support/f2837xd/
    8394                      .dwattr $C$DW$735, DW_AT_decl_line(0xe59)
    8395                      .dwattr $C$DW$735, DW_AT_decl_column(0x0d)
    8396              
    8397              $C$DW$736       .dwtag  DW_TAG_member
    8398                      .dwattr $C$DW$736, DW_AT_type(*$C$DW$T$59)
    8399                      .dwattr $C$DW$736, DW_AT_name("bit")
    8400                      .dwattr $C$DW$736, DW_AT_accessibility(DW_ACCESS_public)
    8401                      .dwattr $C$DW$736, DW_AT_decl_file("/home/jose/ti/c2000/C2000Ware_26_01_00_00/device_support/f2837xd/
    8402                      .dwattr $C$DW$736, DW_AT_decl_line(0xe5a)
    8403                      .dwattr $C$DW$736, DW_AT_decl_column(0x1d)
    8404              
    8405                      .dwattr $C$DW$T$60, DW_AT_decl_file("/home/jose/ti/c2000/C2000Ware_26_01_00_00/device_support/f2837xd
    8406                      .dwattr $C$DW$T$60, DW_AT_decl_line(0xe58)
    8407                      .dwattr $C$DW$T$60, DW_AT_decl_column(0x07)
    8408                      .dwendtag $C$DW$T$60
    8409              
    8410                      .dwendtag $C$DW$TU$60
    8411              
    8412              
    8413              $C$DW$TU$61     .dwtag  DW_TAG_type_unit
    8414                      .dwmtype  $C$DW$T$61
    8415              
    8416              $C$DW$T$61      .dwtag  DW_TAG_structure_type
    8417                      .dwattr $C$DW$T$61, DW_AT_name("GPFCLEAR_BITS")
    8418                      .dwattr $C$DW$T$61, DW_AT_byte_size(0x02)
    8419              $C$DW$737       .dwtag  DW_TAG_member
    8420                      .dwattr $C$DW$737, DW_AT_type(*$C$DW$T$19)
    8421                      .dwattr $C$DW$737, DW_AT_name("GPIO160")
    8422                      .dwattr $C$DW$737, DW_AT_bit_offset(0x0f)
    8423                      .dwattr $C$DW$737, DW_AT_bit_size(0x01)
    8424                      .dwattr $C$DW$737, DW_AT_accessibility(DW_ACCESS_public)
    8425                      .dwattr $C$DW$737, DW_AT_decl_file("/home/jose/ti/c2000/C2000Ware_26_01_00_00/device_support/f2837xd/
    8426                      .dwattr $C$DW$737, DW_AT_decl_line(0xeae)
    8427                      .dwattr $C$DW$737, DW_AT_decl_column(0x0c)
    8428              
    8429              $C$DW$738       .dwtag  DW_TAG_member
    8430                      .dwattr $C$DW$738, DW_AT_type(*$C$DW$T$19)
    8431                      .dwattr $C$DW$738, DW_AT_name("GPIO161")
    8432                      .dwattr $C$DW$738, DW_AT_bit_offset(0x0e)
    8433                      .dwattr $C$DW$738, DW_AT_bit_size(0x01)
    8434                      .dwattr $C$DW$738, DW_AT_accessibility(DW_ACCESS_public)
    8435                      .dwattr $C$DW$738, DW_AT_decl_file("/home/jose/ti/c2000/C2000Ware_26_01_00_00/device_support/f2837xd/
TMS320C2000 Assembler Unix v25.11.0 Sat May 30 20:22:51 2026

Copyright (c) 1996-2018 Texas Instruments Incorporated
drv8305.asm                                                          PAGE  155

    8436                      .dwattr $C$DW$738, DW_AT_decl_line(0xeaf)
    8437                      .dwattr $C$DW$738, DW_AT_decl_column(0x0c)
    8438              
    8439              $C$DW$739       .dwtag  DW_TAG_member
    8440                      .dwattr $C$DW$739, DW_AT_type(*$C$DW$T$19)
    8441                      .dwattr $C$DW$739, DW_AT_name("GPIO162")
    8442                      .dwattr $C$DW$739, DW_AT_bit_offset(0x0d)
    8443                      .dwattr $C$DW$739, DW_AT_bit_size(0x01)
    8444                      .dwattr $C$DW$739, DW_AT_accessibility(DW_ACCESS_public)
    8445                      .dwattr $C$DW$739, DW_AT_decl_file("/home/jose/ti/c2000/C2000Ware_26_01_00_00/device_support/f2837xd/
    8446                      .dwattr $C$DW$739, DW_AT_decl_line(0xeb0)
    8447                      .dwattr $C$DW$739, DW_AT_decl_column(0x0c)
    8448              
    8449              $C$DW$740       .dwtag  DW_TAG_member
    8450                      .dwattr $C$DW$740, DW_AT_type(*$C$DW$T$19)
    8451                      .dwattr $C$DW$740, DW_AT_name("GPIO163")
    8452                      .dwattr $C$DW$740, DW_AT_bit_offset(0x0c)
    8453                      .dwattr $C$DW$740, DW_AT_bit_size(0x01)
    8454                      .dwattr $C$DW$740, DW_AT_accessibility(DW_ACCESS_public)
    8455                      .dwattr $C$DW$740, DW_AT_decl_file("/home/jose/ti/c2000/C2000Ware_26_01_00_00/device_support/f2837xd/
    8456                      .dwattr $C$DW$740, DW_AT_decl_line(0xeb1)
    8457                      .dwattr $C$DW$740, DW_AT_decl_column(0x0c)
    8458              
    8459              $C$DW$741       .dwtag  DW_TAG_member
    8460                      .dwattr $C$DW$741, DW_AT_type(*$C$DW$T$19)
    8461                      .dwattr $C$DW$741, DW_AT_name("GPIO164")
    8462                      .dwattr $C$DW$741, DW_AT_bit_offset(0x0b)
    8463                      .dwattr $C$DW$741, DW_AT_bit_size(0x01)
    8464                      .dwattr $C$DW$741, DW_AT_accessibility(DW_ACCESS_public)
    8465                      .dwattr $C$DW$741, DW_AT_decl_file("/home/jose/ti/c2000/C2000Ware_26_01_00_00/device_support/f2837xd/
    8466                      .dwattr $C$DW$741, DW_AT_decl_line(0xeb2)
    8467                      .dwattr $C$DW$741, DW_AT_decl_column(0x0c)
    8468              
    8469              $C$DW$742       .dwtag  DW_TAG_member
    8470                      .dwattr $C$DW$742, DW_AT_type(*$C$DW$T$19)
    8471                      .dwattr $C$DW$742, DW_AT_name("GPIO165")
    8472                      .dwattr $C$DW$742, DW_AT_bit_offset(0x0a)
    8473                      .dwattr $C$DW$742, DW_AT_bit_size(0x01)
    8474                      .dwattr $C$DW$742, DW_AT_accessibility(DW_ACCESS_public)
    8475                      .dwattr $C$DW$742, DW_AT_decl_file("/home/jose/ti/c2000/C2000Ware_26_01_00_00/device_support/f2837xd/
    8476                      .dwattr $C$DW$742, DW_AT_decl_line(0xeb3)
    8477                      .dwattr $C$DW$742, DW_AT_decl_column(0x0c)
    8478              
    8479              $C$DW$743       .dwtag  DW_TAG_member
    8480                      .dwattr $C$DW$743, DW_AT_type(*$C$DW$T$19)
    8481                      .dwattr $C$DW$743, DW_AT_name("GPIO166")
    8482                      .dwattr $C$DW$743, DW_AT_bit_offset(0x09)
    8483                      .dwattr $C$DW$743, DW_AT_bit_size(0x01)
    8484                      .dwattr $C$DW$743, DW_AT_accessibility(DW_ACCESS_public)
    8485                      .dwattr $C$DW$743, DW_AT_decl_file("/home/jose/ti/c2000/C2000Ware_26_01_00_00/device_support/f2837xd/
    8486                      .dwattr $C$DW$743, DW_AT_decl_line(0xeb4)
    8487                      .dwattr $C$DW$743, DW_AT_decl_column(0x0c)
    8488              
    8489              $C$DW$744       .dwtag  DW_TAG_member
    8490                      .dwattr $C$DW$744, DW_AT_type(*$C$DW$T$19)
TMS320C2000 Assembler Unix v25.11.0 Sat May 30 20:22:51 2026

Copyright (c) 1996-2018 Texas Instruments Incorporated
drv8305.asm                                                          PAGE  156

    8491                      .dwattr $C$DW$744, DW_AT_name("GPIO167")
    8492                      .dwattr $C$DW$744, DW_AT_bit_offset(0x08)
    8493                      .dwattr $C$DW$744, DW_AT_bit_size(0x01)
    8494                      .dwattr $C$DW$744, DW_AT_accessibility(DW_ACCESS_public)
    8495                      .dwattr $C$DW$744, DW_AT_decl_file("/home/jose/ti/c2000/C2000Ware_26_01_00_00/device_support/f2837xd/
    8496                      .dwattr $C$DW$744, DW_AT_decl_line(0xeb5)
    8497                      .dwattr $C$DW$744, DW_AT_decl_column(0x0c)
    8498              
    8499              $C$DW$745       .dwtag  DW_TAG_member
    8500                      .dwattr $C$DW$745, DW_AT_type(*$C$DW$T$19)
    8501                      .dwattr $C$DW$745, DW_AT_name("GPIO168")
    8502                      .dwattr $C$DW$745, DW_AT_bit_offset(0x07)
    8503                      .dwattr $C$DW$745, DW_AT_bit_size(0x01)
    8504                      .dwattr $C$DW$745, DW_AT_accessibility(DW_ACCESS_public)
    8505                      .dwattr $C$DW$745, DW_AT_decl_file("/home/jose/ti/c2000/C2000Ware_26_01_00_00/device_support/f2837xd/
    8506                      .dwattr $C$DW$745, DW_AT_decl_line(0xeb6)
    8507                      .dwattr $C$DW$745, DW_AT_decl_column(0x0c)
    8508              
    8509              $C$DW$746       .dwtag  DW_TAG_member
    8510                      .dwattr $C$DW$746, DW_AT_type(*$C$DW$T$19)
    8511                      .dwattr $C$DW$746, DW_AT_name("rsvd1")
    8512                      .dwattr $C$DW$746, DW_AT_bit_offset(0x06)
    8513                      .dwattr $C$DW$746, DW_AT_bit_size(0x01)
    8514                      .dwattr $C$DW$746, DW_AT_accessibility(DW_ACCESS_public)
    8515                      .dwattr $C$DW$746, DW_AT_decl_file("/home/jose/ti/c2000/C2000Ware_26_01_00_00/device_support/f2837xd/
    8516                      .dwattr $C$DW$746, DW_AT_decl_line(0xeb7)
    8517                      .dwattr $C$DW$746, DW_AT_decl_column(0x0c)
    8518              
    8519              $C$DW$747       .dwtag  DW_TAG_member
    8520                      .dwattr $C$DW$747, DW_AT_type(*$C$DW$T$19)
    8521                      .dwattr $C$DW$747, DW_AT_name("rsvd2")
    8522                      .dwattr $C$DW$747, DW_AT_bit_offset(0x05)
    8523                      .dwattr $C$DW$747, DW_AT_bit_size(0x01)
    8524                      .dwattr $C$DW$747, DW_AT_accessibility(DW_ACCESS_public)
    8525                      .dwattr $C$DW$747, DW_AT_decl_file("/home/jose/ti/c2000/C2000Ware_26_01_00_00/device_support/f2837xd/
    8526                      .dwattr $C$DW$747, DW_AT_decl_line(0xeb8)
    8527                      .dwattr $C$DW$747, DW_AT_decl_column(0x0c)
    8528              
    8529              $C$DW$748       .dwtag  DW_TAG_member
    8530                      .dwattr $C$DW$748, DW_AT_type(*$C$DW$T$19)
    8531                      .dwattr $C$DW$748, DW_AT_name("rsvd3")
    8532                      .dwattr $C$DW$748, DW_AT_bit_offset(0x04)
    8533                      .dwattr $C$DW$748, DW_AT_bit_size(0x01)
    8534                      .dwattr $C$DW$748, DW_AT_accessibility(DW_ACCESS_public)
    8535                      .dwattr $C$DW$748, DW_AT_decl_file("/home/jose/ti/c2000/C2000Ware_26_01_00_00/device_support/f2837xd/
    8536                      .dwattr $C$DW$748, DW_AT_decl_line(0xeb9)
    8537                      .dwattr $C$DW$748, DW_AT_decl_column(0x0c)
    8538              
    8539              $C$DW$749       .dwtag  DW_TAG_member
    8540                      .dwattr $C$DW$749, DW_AT_type(*$C$DW$T$19)
    8541                      .dwattr $C$DW$749, DW_AT_name("rsvd4")
    8542                      .dwattr $C$DW$749, DW_AT_bit_offset(0x03)
    8543                      .dwattr $C$DW$749, DW_AT_bit_size(0x01)
    8544                      .dwattr $C$DW$749, DW_AT_accessibility(DW_ACCESS_public)
    8545                      .dwattr $C$DW$749, DW_AT_decl_file("/home/jose/ti/c2000/C2000Ware_26_01_00_00/device_support/f2837xd/
TMS320C2000 Assembler Unix v25.11.0 Sat May 30 20:22:51 2026

Copyright (c) 1996-2018 Texas Instruments Incorporated
drv8305.asm                                                          PAGE  157

    8546                      .dwattr $C$DW$749, DW_AT_decl_line(0xeba)
    8547                      .dwattr $C$DW$749, DW_AT_decl_column(0x0c)
    8548              
    8549              $C$DW$750       .dwtag  DW_TAG_member
    8550                      .dwattr $C$DW$750, DW_AT_type(*$C$DW$T$19)
    8551                      .dwattr $C$DW$750, DW_AT_name("rsvd5")
    8552                      .dwattr $C$DW$750, DW_AT_bit_offset(0x02)
    8553                      .dwattr $C$DW$750, DW_AT_bit_size(0x01)
    8554                      .dwattr $C$DW$750, DW_AT_accessibility(DW_ACCESS_public)
    8555                      .dwattr $C$DW$750, DW_AT_decl_file("/home/jose/ti/c2000/C2000Ware_26_01_00_00/device_support/f2837xd/
    8556                      .dwattr $C$DW$750, DW_AT_decl_line(0xebb)
    8557                      .dwattr $C$DW$750, DW_AT_decl_column(0x0c)
    8558              
    8559              $C$DW$751       .dwtag  DW_TAG_member
    8560                      .dwattr $C$DW$751, DW_AT_type(*$C$DW$T$19)
    8561                      .dwattr $C$DW$751, DW_AT_name("rsvd6")
    8562                      .dwattr $C$DW$751, DW_AT_bit_offset(0x01)
    8563                      .dwattr $C$DW$751, DW_AT_bit_size(0x01)
    8564                      .dwattr $C$DW$751, DW_AT_accessibility(DW_ACCESS_public)
    8565                      .dwattr $C$DW$751, DW_AT_decl_file("/home/jose/ti/c2000/C2000Ware_26_01_00_00/device_support/f2837xd/
    8566                      .dwattr $C$DW$751, DW_AT_decl_line(0xebc)
    8567                      .dwattr $C$DW$751, DW_AT_decl_column(0x0c)
    8568              
    8569              $C$DW$752       .dwtag  DW_TAG_member
    8570                      .dwattr $C$DW$752, DW_AT_type(*$C$DW$T$19)
    8571                      .dwattr $C$DW$752, DW_AT_name("rsvd7")
    8572                      .dwattr $C$DW$752, DW_AT_bit_offset(0x00)
    8573                      .dwattr $C$DW$752, DW_AT_bit_size(0x01)
    8574                      .dwattr $C$DW$752, DW_AT_accessibility(DW_ACCESS_public)
    8575                      .dwattr $C$DW$752, DW_AT_decl_file("/home/jose/ti/c2000/C2000Ware_26_01_00_00/device_support/f2837xd/
    8576                      .dwattr $C$DW$752, DW_AT_decl_line(0xebd)
    8577                      .dwattr $C$DW$752, DW_AT_decl_column(0x0c)
    8578              
    8579              $C$DW$753       .dwtag  DW_TAG_member
    8580                      .dwattr $C$DW$753, DW_AT_type(*$C$DW$T$19)
    8581                      .dwattr $C$DW$753, DW_AT_name("rsvd8")
    8582                      .dwattr $C$DW$753, DW_AT_bit_offset(0x0f)
    8583                      .dwattr $C$DW$753, DW_AT_bit_size(0x01)
    8584                      .dwattr $C$DW$753, DW_AT_data_member_location[DW_OP_plus_uconst 0x1]
    8585                      .dwattr $C$DW$753, DW_AT_accessibility(DW_ACCESS_public)
    8586                      .dwattr $C$DW$753, DW_AT_decl_file("/home/jose/ti/c2000/C2000Ware_26_01_00_00/device_support/f2837xd/
    8587                      .dwattr $C$DW$753, DW_AT_decl_line(0xebe)
    8588                      .dwattr $C$DW$753, DW_AT_decl_column(0x0c)
    8589              
    8590              $C$DW$754       .dwtag  DW_TAG_member
    8591                      .dwattr $C$DW$754, DW_AT_type(*$C$DW$T$19)
    8592                      .dwattr $C$DW$754, DW_AT_name("rsvd9")
    8593                      .dwattr $C$DW$754, DW_AT_bit_offset(0x0e)
    8594                      .dwattr $C$DW$754, DW_AT_bit_size(0x01)
    8595                      .dwattr $C$DW$754, DW_AT_data_member_location[DW_OP_plus_uconst 0x1]
    8596                      .dwattr $C$DW$754, DW_AT_accessibility(DW_ACCESS_public)
    8597                      .dwattr $C$DW$754, DW_AT_decl_file("/home/jose/ti/c2000/C2000Ware_26_01_00_00/device_support/f2837xd/
    8598                      .dwattr $C$DW$754, DW_AT_decl_line(0xebf)
    8599                      .dwattr $C$DW$754, DW_AT_decl_column(0x0c)
    8600              
TMS320C2000 Assembler Unix v25.11.0 Sat May 30 20:22:51 2026

Copyright (c) 1996-2018 Texas Instruments Incorporated
drv8305.asm                                                          PAGE  158

    8601              $C$DW$755       .dwtag  DW_TAG_member
    8602                      .dwattr $C$DW$755, DW_AT_type(*$C$DW$T$19)
    8603                      .dwattr $C$DW$755, DW_AT_name("rsvd10")
    8604                      .dwattr $C$DW$755, DW_AT_bit_offset(0x0d)
    8605                      .dwattr $C$DW$755, DW_AT_bit_size(0x01)
    8606                      .dwattr $C$DW$755, DW_AT_data_member_location[DW_OP_plus_uconst 0x1]
    8607                      .dwattr $C$DW$755, DW_AT_accessibility(DW_ACCESS_public)
    8608                      .dwattr $C$DW$755, DW_AT_decl_file("/home/jose/ti/c2000/C2000Ware_26_01_00_00/device_support/f2837xd/
    8609                      .dwattr $C$DW$755, DW_AT_decl_line(0xec0)
    8610                      .dwattr $C$DW$755, DW_AT_decl_column(0x0c)
    8611              
    8612              $C$DW$756       .dwtag  DW_TAG_member
    8613                      .dwattr $C$DW$756, DW_AT_type(*$C$DW$T$19)
    8614                      .dwattr $C$DW$756, DW_AT_name("rsvd11")
    8615                      .dwattr $C$DW$756, DW_AT_bit_offset(0x0c)
    8616                      .dwattr $C$DW$756, DW_AT_bit_size(0x01)
    8617                      .dwattr $C$DW$756, DW_AT_data_member_location[DW_OP_plus_uconst 0x1]
    8618                      .dwattr $C$DW$756, DW_AT_accessibility(DW_ACCESS_public)
    8619                      .dwattr $C$DW$756, DW_AT_decl_file("/home/jose/ti/c2000/C2000Ware_26_01_00_00/device_support/f2837xd/
    8620                      .dwattr $C$DW$756, DW_AT_decl_line(0xec1)
    8621                      .dwattr $C$DW$756, DW_AT_decl_column(0x0c)
    8622              
    8623              $C$DW$757       .dwtag  DW_TAG_member
    8624                      .dwattr $C$DW$757, DW_AT_type(*$C$DW$T$19)
    8625                      .dwattr $C$DW$757, DW_AT_name("rsvd12")
    8626                      .dwattr $C$DW$757, DW_AT_bit_offset(0x0b)
    8627                      .dwattr $C$DW$757, DW_AT_bit_size(0x01)
    8628                      .dwattr $C$DW$757, DW_AT_data_member_location[DW_OP_plus_uconst 0x1]
    8629                      .dwattr $C$DW$757, DW_AT_accessibility(DW_ACCESS_public)
    8630                      .dwattr $C$DW$757, DW_AT_decl_file("/home/jose/ti/c2000/C2000Ware_26_01_00_00/device_support/f2837xd/
    8631                      .dwattr $C$DW$757, DW_AT_decl_line(0xec2)
    8632                      .dwattr $C$DW$757, DW_AT_decl_column(0x0c)
    8633              
    8634              $C$DW$758       .dwtag  DW_TAG_member
    8635                      .dwattr $C$DW$758, DW_AT_type(*$C$DW$T$19)
    8636                      .dwattr $C$DW$758, DW_AT_name("rsvd13")
    8637                      .dwattr $C$DW$758, DW_AT_bit_offset(0x0a)
    8638                      .dwattr $C$DW$758, DW_AT_bit_size(0x01)
    8639                      .dwattr $C$DW$758, DW_AT_data_member_location[DW_OP_plus_uconst 0x1]
    8640                      .dwattr $C$DW$758, DW_AT_accessibility(DW_ACCESS_public)
    8641                      .dwattr $C$DW$758, DW_AT_decl_file("/home/jose/ti/c2000/C2000Ware_26_01_00_00/device_support/f2837xd/
    8642                      .dwattr $C$DW$758, DW_AT_decl_line(0xec3)
    8643                      .dwattr $C$DW$758, DW_AT_decl_column(0x0c)
    8644              
    8645              $C$DW$759       .dwtag  DW_TAG_member
    8646                      .dwattr $C$DW$759, DW_AT_type(*$C$DW$T$19)
    8647                      .dwattr $C$DW$759, DW_AT_name("rsvd14")
    8648                      .dwattr $C$DW$759, DW_AT_bit_offset(0x09)
    8649                      .dwattr $C$DW$759, DW_AT_bit_size(0x01)
    8650                      .dwattr $C$DW$759, DW_AT_data_member_location[DW_OP_plus_uconst 0x1]
    8651                      .dwattr $C$DW$759, DW_AT_accessibility(DW_ACCESS_public)
    8652                      .dwattr $C$DW$759, DW_AT_decl_file("/home/jose/ti/c2000/C2000Ware_26_01_00_00/device_support/f2837xd/
    8653                      .dwattr $C$DW$759, DW_AT_decl_line(0xec4)
    8654                      .dwattr $C$DW$759, DW_AT_decl_column(0x0c)
    8655              
TMS320C2000 Assembler Unix v25.11.0 Sat May 30 20:22:51 2026

Copyright (c) 1996-2018 Texas Instruments Incorporated
drv8305.asm                                                          PAGE  159

    8656              $C$DW$760       .dwtag  DW_TAG_member
    8657                      .dwattr $C$DW$760, DW_AT_type(*$C$DW$T$19)
    8658                      .dwattr $C$DW$760, DW_AT_name("rsvd15")
    8659                      .dwattr $C$DW$760, DW_AT_bit_offset(0x08)
    8660                      .dwattr $C$DW$760, DW_AT_bit_size(0x01)
    8661                      .dwattr $C$DW$760, DW_AT_data_member_location[DW_OP_plus_uconst 0x1]
    8662                      .dwattr $C$DW$760, DW_AT_accessibility(DW_ACCESS_public)
    8663                      .dwattr $C$DW$760, DW_AT_decl_file("/home/jose/ti/c2000/C2000Ware_26_01_00_00/device_support/f2837xd/
    8664                      .dwattr $C$DW$760, DW_AT_decl_line(0xec5)
    8665                      .dwattr $C$DW$760, DW_AT_decl_column(0x0c)
    8666              
    8667              $C$DW$761       .dwtag  DW_TAG_member
    8668                      .dwattr $C$DW$761, DW_AT_type(*$C$DW$T$19)
    8669                      .dwattr $C$DW$761, DW_AT_name("rsvd16")
    8670                      .dwattr $C$DW$761, DW_AT_bit_offset(0x07)
    8671                      .dwattr $C$DW$761, DW_AT_bit_size(0x01)
    8672                      .dwattr $C$DW$761, DW_AT_data_member_location[DW_OP_plus_uconst 0x1]
    8673                      .dwattr $C$DW$761, DW_AT_accessibility(DW_ACCESS_public)
    8674                      .dwattr $C$DW$761, DW_AT_decl_file("/home/jose/ti/c2000/C2000Ware_26_01_00_00/device_support/f2837xd/
    8675                      .dwattr $C$DW$761, DW_AT_decl_line(0xec6)
    8676                      .dwattr $C$DW$761, DW_AT_decl_column(0x0c)
    8677              
    8678              $C$DW$762       .dwtag  DW_TAG_member
    8679                      .dwattr $C$DW$762, DW_AT_type(*$C$DW$T$19)
    8680                      .dwattr $C$DW$762, DW_AT_name("rsvd17")
    8681                      .dwattr $C$DW$762, DW_AT_bit_offset(0x06)
    8682                      .dwattr $C$DW$762, DW_AT_bit_size(0x01)
    8683                      .dwattr $C$DW$762, DW_AT_data_member_location[DW_OP_plus_uconst 0x1]
    8684                      .dwattr $C$DW$762, DW_AT_accessibility(DW_ACCESS_public)
    8685                      .dwattr $C$DW$762, DW_AT_decl_file("/home/jose/ti/c2000/C2000Ware_26_01_00_00/device_support/f2837xd/
    8686                      .dwattr $C$DW$762, DW_AT_decl_line(0xec7)
    8687                      .dwattr $C$DW$762, DW_AT_decl_column(0x0c)
    8688              
    8689              $C$DW$763       .dwtag  DW_TAG_member
    8690                      .dwattr $C$DW$763, DW_AT_type(*$C$DW$T$19)
    8691                      .dwattr $C$DW$763, DW_AT_name("rsvd18")
    8692                      .dwattr $C$DW$763, DW_AT_bit_offset(0x05)
    8693                      .dwattr $C$DW$763, DW_AT_bit_size(0x01)
    8694                      .dwattr $C$DW$763, DW_AT_data_member_location[DW_OP_plus_uconst 0x1]
    8695                      .dwattr $C$DW$763, DW_AT_accessibility(DW_ACCESS_public)
    8696                      .dwattr $C$DW$763, DW_AT_decl_file("/home/jose/ti/c2000/C2000Ware_26_01_00_00/device_support/f2837xd/
    8697                      .dwattr $C$DW$763, DW_AT_decl_line(0xec8)
    8698                      .dwattr $C$DW$763, DW_AT_decl_column(0x0c)
    8699              
    8700              $C$DW$764       .dwtag  DW_TAG_member
    8701                      .dwattr $C$DW$764, DW_AT_type(*$C$DW$T$19)
    8702                      .dwattr $C$DW$764, DW_AT_name("rsvd19")
    8703                      .dwattr $C$DW$764, DW_AT_bit_offset(0x04)
    8704                      .dwattr $C$DW$764, DW_AT_bit_size(0x01)
    8705                      .dwattr $C$DW$764, DW_AT_data_member_location[DW_OP_plus_uconst 0x1]
    8706                      .dwattr $C$DW$764, DW_AT_accessibility(DW_ACCESS_public)
    8707                      .dwattr $C$DW$764, DW_AT_decl_file("/home/jose/ti/c2000/C2000Ware_26_01_00_00/device_support/f2837xd/
    8708                      .dwattr $C$DW$764, DW_AT_decl_line(0xec9)
    8709                      .dwattr $C$DW$764, DW_AT_decl_column(0x0c)
    8710              
TMS320C2000 Assembler Unix v25.11.0 Sat May 30 20:22:51 2026

Copyright (c) 1996-2018 Texas Instruments Incorporated
drv8305.asm                                                          PAGE  160

    8711              $C$DW$765       .dwtag  DW_TAG_member
    8712                      .dwattr $C$DW$765, DW_AT_type(*$C$DW$T$19)
    8713                      .dwattr $C$DW$765, DW_AT_name("rsvd20")
    8714                      .dwattr $C$DW$765, DW_AT_bit_offset(0x03)
    8715                      .dwattr $C$DW$765, DW_AT_bit_size(0x01)
    8716                      .dwattr $C$DW$765, DW_AT_data_member_location[DW_OP_plus_uconst 0x1]
    8717                      .dwattr $C$DW$765, DW_AT_accessibility(DW_ACCESS_public)
    8718                      .dwattr $C$DW$765, DW_AT_decl_file("/home/jose/ti/c2000/C2000Ware_26_01_00_00/device_support/f2837xd/
    8719                      .dwattr $C$DW$765, DW_AT_decl_line(0xeca)
    8720                      .dwattr $C$DW$765, DW_AT_decl_column(0x0c)
    8721              
    8722              $C$DW$766       .dwtag  DW_TAG_member
    8723                      .dwattr $C$DW$766, DW_AT_type(*$C$DW$T$19)
    8724                      .dwattr $C$DW$766, DW_AT_name("rsvd21")
    8725                      .dwattr $C$DW$766, DW_AT_bit_offset(0x02)
    8726                      .dwattr $C$DW$766, DW_AT_bit_size(0x01)
    8727                      .dwattr $C$DW$766, DW_AT_data_member_location[DW_OP_plus_uconst 0x1]
    8728                      .dwattr $C$DW$766, DW_AT_accessibility(DW_ACCESS_public)
    8729                      .dwattr $C$DW$766, DW_AT_decl_file("/home/jose/ti/c2000/C2000Ware_26_01_00_00/device_support/f2837xd/
    8730                      .dwattr $C$DW$766, DW_AT_decl_line(0xecb)
    8731                      .dwattr $C$DW$766, DW_AT_decl_column(0x0c)
    8732              
    8733              $C$DW$767       .dwtag  DW_TAG_member
    8734                      .dwattr $C$DW$767, DW_AT_type(*$C$DW$T$19)
    8735                      .dwattr $C$DW$767, DW_AT_name("rsvd22")
    8736                      .dwattr $C$DW$767, DW_AT_bit_offset(0x01)
    8737                      .dwattr $C$DW$767, DW_AT_bit_size(0x01)
    8738                      .dwattr $C$DW$767, DW_AT_data_member_location[DW_OP_plus_uconst 0x1]
    8739                      .dwattr $C$DW$767, DW_AT_accessibility(DW_ACCESS_public)
    8740                      .dwattr $C$DW$767, DW_AT_decl_file("/home/jose/ti/c2000/C2000Ware_26_01_00_00/device_support/f2837xd/
    8741                      .dwattr $C$DW$767, DW_AT_decl_line(0xecc)
    8742                      .dwattr $C$DW$767, DW_AT_decl_column(0x0c)
    8743              
    8744              $C$DW$768       .dwtag  DW_TAG_member
    8745                      .dwattr $C$DW$768, DW_AT_type(*$C$DW$T$19)
    8746                      .dwattr $C$DW$768, DW_AT_name("rsvd23")
    8747                      .dwattr $C$DW$768, DW_AT_bit_offset(0x00)
    8748                      .dwattr $C$DW$768, DW_AT_bit_size(0x01)
    8749                      .dwattr $C$DW$768, DW_AT_data_member_location[DW_OP_plus_uconst 0x1]
    8750                      .dwattr $C$DW$768, DW_AT_accessibility(DW_ACCESS_public)
    8751                      .dwattr $C$DW$768, DW_AT_decl_file("/home/jose/ti/c2000/C2000Ware_26_01_00_00/device_support/f2837xd/
    8752                      .dwattr $C$DW$768, DW_AT_decl_line(0xecd)
    8753                      .dwattr $C$DW$768, DW_AT_decl_column(0x0c)
    8754              
    8755                      .dwattr $C$DW$T$61, DW_AT_decl_file("/home/jose/ti/c2000/C2000Ware_26_01_00_00/device_support/f2837xd
    8756                      .dwattr $C$DW$T$61, DW_AT_decl_line(0xead)
    8757                      .dwattr $C$DW$T$61, DW_AT_decl_column(0x08)
    8758                      .dwendtag $C$DW$T$61
    8759              
    8760                      .dwendtag $C$DW$TU$61
    8761              
    8762              
    8763              $C$DW$TU$62     .dwtag  DW_TAG_type_unit
    8764                      .dwmtype  $C$DW$T$62
    8765              
TMS320C2000 Assembler Unix v25.11.0 Sat May 30 20:22:51 2026

Copyright (c) 1996-2018 Texas Instruments Incorporated
drv8305.asm                                                          PAGE  161

    8766              $C$DW$T$62      .dwtag  DW_TAG_union_type
    8767                      .dwattr $C$DW$T$62, DW_AT_name("GPFCLEAR_REG")
    8768                      .dwattr $C$DW$T$62, DW_AT_byte_size(0x02)
    8769              $C$DW$769       .dwtag  DW_TAG_member
    8770                      .dwattr $C$DW$769, DW_AT_type(*$C$DW$T$21)
    8771                      .dwattr $C$DW$769, DW_AT_name("all")
    8772                      .dwattr $C$DW$769, DW_AT_accessibility(DW_ACCESS_public)
    8773                      .dwattr $C$DW$769, DW_AT_decl_file("/home/jose/ti/c2000/C2000Ware_26_01_00_00/device_support/f2837xd/
    8774                      .dwattr $C$DW$769, DW_AT_decl_line(0xed1)
    8775                      .dwattr $C$DW$769, DW_AT_decl_column(0x0d)
    8776              
    8777              $C$DW$770       .dwtag  DW_TAG_member
    8778                      .dwattr $C$DW$770, DW_AT_type(*$C$DW$T$61)
    8779                      .dwattr $C$DW$770, DW_AT_name("bit")
    8780                      .dwattr $C$DW$770, DW_AT_accessibility(DW_ACCESS_public)
    8781                      .dwattr $C$DW$770, DW_AT_decl_file("/home/jose/ti/c2000/C2000Ware_26_01_00_00/device_support/f2837xd/
    8782                      .dwattr $C$DW$770, DW_AT_decl_line(0xed2)
    8783                      .dwattr $C$DW$770, DW_AT_decl_column(0x1c)
    8784              
    8785                      .dwattr $C$DW$T$62, DW_AT_decl_file("/home/jose/ti/c2000/C2000Ware_26_01_00_00/device_support/f2837xd
    8786                      .dwattr $C$DW$T$62, DW_AT_decl_line(0xed0)
    8787                      .dwattr $C$DW$T$62, DW_AT_decl_column(0x07)
    8788                      .dwendtag $C$DW$T$62
    8789              
    8790                      .dwendtag $C$DW$TU$62
    8791              
    8792              
    8793              $C$DW$TU$63     .dwtag  DW_TAG_type_unit
    8794                      .dwmtype  $C$DW$T$63
    8795              
    8796              $C$DW$T$63      .dwtag  DW_TAG_structure_type
    8797                      .dwattr $C$DW$T$63, DW_AT_name("GPFDAT_BITS")
    8798                      .dwattr $C$DW$T$63, DW_AT_byte_size(0x02)
    8799              $C$DW$771       .dwtag  DW_TAG_member
    8800                      .dwattr $C$DW$771, DW_AT_type(*$C$DW$T$19)
    8801                      .dwattr $C$DW$771, DW_AT_name("GPIO160")
    8802                      .dwattr $C$DW$771, DW_AT_bit_offset(0x0f)
    8803                      .dwattr $C$DW$771, DW_AT_bit_size(0x01)
    8804                      .dwattr $C$DW$771, DW_AT_accessibility(DW_ACCESS_public)
    8805                      .dwattr $C$DW$771, DW_AT_decl_file("/home/jose/ti/c2000/C2000Ware_26_01_00_00/device_support/f2837xd/
    8806                      .dwattr $C$DW$771, DW_AT_decl_line(0xe5e)
    8807                      .dwattr $C$DW$771, DW_AT_decl_column(0x0c)
    8808              
    8809              $C$DW$772       .dwtag  DW_TAG_member
    8810                      .dwattr $C$DW$772, DW_AT_type(*$C$DW$T$19)
    8811                      .dwattr $C$DW$772, DW_AT_name("GPIO161")
    8812                      .dwattr $C$DW$772, DW_AT_bit_offset(0x0e)
    8813                      .dwattr $C$DW$772, DW_AT_bit_size(0x01)
    8814                      .dwattr $C$DW$772, DW_AT_accessibility(DW_ACCESS_public)
    8815                      .dwattr $C$DW$772, DW_AT_decl_file("/home/jose/ti/c2000/C2000Ware_26_01_00_00/device_support/f2837xd/
    8816                      .dwattr $C$DW$772, DW_AT_decl_line(0xe5f)
    8817                      .dwattr $C$DW$772, DW_AT_decl_column(0x0c)
    8818              
    8819              $C$DW$773       .dwtag  DW_TAG_member
    8820                      .dwattr $C$DW$773, DW_AT_type(*$C$DW$T$19)
TMS320C2000 Assembler Unix v25.11.0 Sat May 30 20:22:51 2026

Copyright (c) 1996-2018 Texas Instruments Incorporated
drv8305.asm                                                          PAGE  162

    8821                      .dwattr $C$DW$773, DW_AT_name("GPIO162")
    8822                      .dwattr $C$DW$773, DW_AT_bit_offset(0x0d)
    8823                      .dwattr $C$DW$773, DW_AT_bit_size(0x01)
    8824                      .dwattr $C$DW$773, DW_AT_accessibility(DW_ACCESS_public)
    8825                      .dwattr $C$DW$773, DW_AT_decl_file("/home/jose/ti/c2000/C2000Ware_26_01_00_00/device_support/f2837xd/
    8826                      .dwattr $C$DW$773, DW_AT_decl_line(0xe60)
    8827                      .dwattr $C$DW$773, DW_AT_decl_column(0x0c)
    8828              
    8829              $C$DW$774       .dwtag  DW_TAG_member
    8830                      .dwattr $C$DW$774, DW_AT_type(*$C$DW$T$19)
    8831                      .dwattr $C$DW$774, DW_AT_name("GPIO163")
    8832                      .dwattr $C$DW$774, DW_AT_bit_offset(0x0c)
    8833                      .dwattr $C$DW$774, DW_AT_bit_size(0x01)
    8834                      .dwattr $C$DW$774, DW_AT_accessibility(DW_ACCESS_public)
    8835                      .dwattr $C$DW$774, DW_AT_decl_file("/home/jose/ti/c2000/C2000Ware_26_01_00_00/device_support/f2837xd/
    8836                      .dwattr $C$DW$774, DW_AT_decl_line(0xe61)
    8837                      .dwattr $C$DW$774, DW_AT_decl_column(0x0c)
    8838              
    8839              $C$DW$775       .dwtag  DW_TAG_member
    8840                      .dwattr $C$DW$775, DW_AT_type(*$C$DW$T$19)
    8841                      .dwattr $C$DW$775, DW_AT_name("GPIO164")
    8842                      .dwattr $C$DW$775, DW_AT_bit_offset(0x0b)
    8843                      .dwattr $C$DW$775, DW_AT_bit_size(0x01)
    8844                      .dwattr $C$DW$775, DW_AT_accessibility(DW_ACCESS_public)
    8845                      .dwattr $C$DW$775, DW_AT_decl_file("/home/jose/ti/c2000/C2000Ware_26_01_00_00/device_support/f2837xd/
    8846                      .dwattr $C$DW$775, DW_AT_decl_line(0xe62)
    8847                      .dwattr $C$DW$775, DW_AT_decl_column(0x0c)
    8848              
    8849              $C$DW$776       .dwtag  DW_TAG_member
    8850                      .dwattr $C$DW$776, DW_AT_type(*$C$DW$T$19)
    8851                      .dwattr $C$DW$776, DW_AT_name("GPIO165")
    8852                      .dwattr $C$DW$776, DW_AT_bit_offset(0x0a)
    8853                      .dwattr $C$DW$776, DW_AT_bit_size(0x01)
    8854                      .dwattr $C$DW$776, DW_AT_accessibility(DW_ACCESS_public)
    8855                      .dwattr $C$DW$776, DW_AT_decl_file("/home/jose/ti/c2000/C2000Ware_26_01_00_00/device_support/f2837xd/
    8856                      .dwattr $C$DW$776, DW_AT_decl_line(0xe63)
    8857                      .dwattr $C$DW$776, DW_AT_decl_column(0x0c)
    8858              
    8859              $C$DW$777       .dwtag  DW_TAG_member
    8860                      .dwattr $C$DW$777, DW_AT_type(*$C$DW$T$19)
    8861                      .dwattr $C$DW$777, DW_AT_name("GPIO166")
    8862                      .dwattr $C$DW$777, DW_AT_bit_offset(0x09)
    8863                      .dwattr $C$DW$777, DW_AT_bit_size(0x01)
    8864                      .dwattr $C$DW$777, DW_AT_accessibility(DW_ACCESS_public)
    8865                      .dwattr $C$DW$777, DW_AT_decl_file("/home/jose/ti/c2000/C2000Ware_26_01_00_00/device_support/f2837xd/
    8866                      .dwattr $C$DW$777, DW_AT_decl_line(0xe64)
    8867                      .dwattr $C$DW$777, DW_AT_decl_column(0x0c)
    8868              
    8869              $C$DW$778       .dwtag  DW_TAG_member
    8870                      .dwattr $C$DW$778, DW_AT_type(*$C$DW$T$19)
    8871                      .dwattr $C$DW$778, DW_AT_name("GPIO167")
    8872                      .dwattr $C$DW$778, DW_AT_bit_offset(0x08)
    8873                      .dwattr $C$DW$778, DW_AT_bit_size(0x01)
    8874                      .dwattr $C$DW$778, DW_AT_accessibility(DW_ACCESS_public)
    8875                      .dwattr $C$DW$778, DW_AT_decl_file("/home/jose/ti/c2000/C2000Ware_26_01_00_00/device_support/f2837xd/
TMS320C2000 Assembler Unix v25.11.0 Sat May 30 20:22:51 2026

Copyright (c) 1996-2018 Texas Instruments Incorporated
drv8305.asm                                                          PAGE  163

    8876                      .dwattr $C$DW$778, DW_AT_decl_line(0xe65)
    8877                      .dwattr $C$DW$778, DW_AT_decl_column(0x0c)
    8878              
    8879              $C$DW$779       .dwtag  DW_TAG_member
    8880                      .dwattr $C$DW$779, DW_AT_type(*$C$DW$T$19)
    8881                      .dwattr $C$DW$779, DW_AT_name("GPIO168")
    8882                      .dwattr $C$DW$779, DW_AT_bit_offset(0x07)
    8883                      .dwattr $C$DW$779, DW_AT_bit_size(0x01)
    8884                      .dwattr $C$DW$779, DW_AT_accessibility(DW_ACCESS_public)
    8885                      .dwattr $C$DW$779, DW_AT_decl_file("/home/jose/ti/c2000/C2000Ware_26_01_00_00/device_support/f2837xd/
    8886                      .dwattr $C$DW$779, DW_AT_decl_line(0xe66)
    8887                      .dwattr $C$DW$779, DW_AT_decl_column(0x0c)
    8888              
    8889              $C$DW$780       .dwtag  DW_TAG_member
    8890                      .dwattr $C$DW$780, DW_AT_type(*$C$DW$T$19)
    8891                      .dwattr $C$DW$780, DW_AT_name("rsvd1")
    8892                      .dwattr $C$DW$780, DW_AT_bit_offset(0x06)
    8893                      .dwattr $C$DW$780, DW_AT_bit_size(0x01)
    8894                      .dwattr $C$DW$780, DW_AT_accessibility(DW_ACCESS_public)
    8895                      .dwattr $C$DW$780, DW_AT_decl_file("/home/jose/ti/c2000/C2000Ware_26_01_00_00/device_support/f2837xd/
    8896                      .dwattr $C$DW$780, DW_AT_decl_line(0xe67)
    8897                      .dwattr $C$DW$780, DW_AT_decl_column(0x0c)
    8898              
    8899              $C$DW$781       .dwtag  DW_TAG_member
    8900                      .dwattr $C$DW$781, DW_AT_type(*$C$DW$T$19)
    8901                      .dwattr $C$DW$781, DW_AT_name("rsvd2")
    8902                      .dwattr $C$DW$781, DW_AT_bit_offset(0x05)
    8903                      .dwattr $C$DW$781, DW_AT_bit_size(0x01)
    8904                      .dwattr $C$DW$781, DW_AT_accessibility(DW_ACCESS_public)
    8905                      .dwattr $C$DW$781, DW_AT_decl_file("/home/jose/ti/c2000/C2000Ware_26_01_00_00/device_support/f2837xd/
    8906                      .dwattr $C$DW$781, DW_AT_decl_line(0xe68)
    8907                      .dwattr $C$DW$781, DW_AT_decl_column(0x0c)
    8908              
    8909              $C$DW$782       .dwtag  DW_TAG_member
    8910                      .dwattr $C$DW$782, DW_AT_type(*$C$DW$T$19)
    8911                      .dwattr $C$DW$782, DW_AT_name("rsvd3")
    8912                      .dwattr $C$DW$782, DW_AT_bit_offset(0x04)
    8913                      .dwattr $C$DW$782, DW_AT_bit_size(0x01)
    8914                      .dwattr $C$DW$782, DW_AT_accessibility(DW_ACCESS_public)
    8915                      .dwattr $C$DW$782, DW_AT_decl_file("/home/jose/ti/c2000/C2000Ware_26_01_00_00/device_support/f2837xd/
    8916                      .dwattr $C$DW$782, DW_AT_decl_line(0xe69)
    8917                      .dwattr $C$DW$782, DW_AT_decl_column(0x0c)
    8918              
    8919              $C$DW$783       .dwtag  DW_TAG_member
    8920                      .dwattr $C$DW$783, DW_AT_type(*$C$DW$T$19)
    8921                      .dwattr $C$DW$783, DW_AT_name("rsvd4")
    8922                      .dwattr $C$DW$783, DW_AT_bit_offset(0x03)
    8923                      .dwattr $C$DW$783, DW_AT_bit_size(0x01)
    8924                      .dwattr $C$DW$783, DW_AT_accessibility(DW_ACCESS_public)
    8925                      .dwattr $C$DW$783, DW_AT_decl_file("/home/jose/ti/c2000/C2000Ware_26_01_00_00/device_support/f2837xd/
    8926                      .dwattr $C$DW$783, DW_AT_decl_line(0xe6a)
    8927                      .dwattr $C$DW$783, DW_AT_decl_column(0x0c)
    8928              
    8929              $C$DW$784       .dwtag  DW_TAG_member
    8930                      .dwattr $C$DW$784, DW_AT_type(*$C$DW$T$19)
TMS320C2000 Assembler Unix v25.11.0 Sat May 30 20:22:51 2026

Copyright (c) 1996-2018 Texas Instruments Incorporated
drv8305.asm                                                          PAGE  164

    8931                      .dwattr $C$DW$784, DW_AT_name("rsvd5")
    8932                      .dwattr $C$DW$784, DW_AT_bit_offset(0x02)
    8933                      .dwattr $C$DW$784, DW_AT_bit_size(0x01)
    8934                      .dwattr $C$DW$784, DW_AT_accessibility(DW_ACCESS_public)
    8935                      .dwattr $C$DW$784, DW_AT_decl_file("/home/jose/ti/c2000/C2000Ware_26_01_00_00/device_support/f2837xd/
    8936                      .dwattr $C$DW$784, DW_AT_decl_line(0xe6b)
    8937                      .dwattr $C$DW$784, DW_AT_decl_column(0x0c)
    8938              
    8939              $C$DW$785       .dwtag  DW_TAG_member
    8940                      .dwattr $C$DW$785, DW_AT_type(*$C$DW$T$19)
    8941                      .dwattr $C$DW$785, DW_AT_name("rsvd6")
    8942                      .dwattr $C$DW$785, DW_AT_bit_offset(0x01)
    8943                      .dwattr $C$DW$785, DW_AT_bit_size(0x01)
    8944                      .dwattr $C$DW$785, DW_AT_accessibility(DW_ACCESS_public)
    8945                      .dwattr $C$DW$785, DW_AT_decl_file("/home/jose/ti/c2000/C2000Ware_26_01_00_00/device_support/f2837xd/
    8946                      .dwattr $C$DW$785, DW_AT_decl_line(0xe6c)
    8947                      .dwattr $C$DW$785, DW_AT_decl_column(0x0c)
    8948              
    8949              $C$DW$786       .dwtag  DW_TAG_member
    8950                      .dwattr $C$DW$786, DW_AT_type(*$C$DW$T$19)
    8951                      .dwattr $C$DW$786, DW_AT_name("rsvd7")
    8952                      .dwattr $C$DW$786, DW_AT_bit_offset(0x00)
    8953                      .dwattr $C$DW$786, DW_AT_bit_size(0x01)
    8954                      .dwattr $C$DW$786, DW_AT_accessibility(DW_ACCESS_public)
    8955                      .dwattr $C$DW$786, DW_AT_decl_file("/home/jose/ti/c2000/C2000Ware_26_01_00_00/device_support/f2837xd/
    8956                      .dwattr $C$DW$786, DW_AT_decl_line(0xe6d)
    8957                      .dwattr $C$DW$786, DW_AT_decl_column(0x0c)
    8958              
    8959              $C$DW$787       .dwtag  DW_TAG_member
    8960                      .dwattr $C$DW$787, DW_AT_type(*$C$DW$T$19)
    8961                      .dwattr $C$DW$787, DW_AT_name("rsvd8")
    8962                      .dwattr $C$DW$787, DW_AT_bit_offset(0x0f)
    8963                      .dwattr $C$DW$787, DW_AT_bit_size(0x01)
    8964                      .dwattr $C$DW$787, DW_AT_data_member_location[DW_OP_plus_uconst 0x1]
    8965                      .dwattr $C$DW$787, DW_AT_accessibility(DW_ACCESS_public)
    8966                      .dwattr $C$DW$787, DW_AT_decl_file("/home/jose/ti/c2000/C2000Ware_26_01_00_00/device_support/f2837xd/
    8967                      .dwattr $C$DW$787, DW_AT_decl_line(0xe6e)
    8968                      .dwattr $C$DW$787, DW_AT_decl_column(0x0c)
    8969              
    8970              $C$DW$788       .dwtag  DW_TAG_member
    8971                      .dwattr $C$DW$788, DW_AT_type(*$C$DW$T$19)
    8972                      .dwattr $C$DW$788, DW_AT_name("rsvd9")
    8973                      .dwattr $C$DW$788, DW_AT_bit_offset(0x0e)
    8974                      .dwattr $C$DW$788, DW_AT_bit_size(0x01)
    8975                      .dwattr $C$DW$788, DW_AT_data_member_location[DW_OP_plus_uconst 0x1]
    8976                      .dwattr $C$DW$788, DW_AT_accessibility(DW_ACCESS_public)
    8977                      .dwattr $C$DW$788, DW_AT_decl_file("/home/jose/ti/c2000/C2000Ware_26_01_00_00/device_support/f2837xd/
    8978                      .dwattr $C$DW$788, DW_AT_decl_line(0xe6f)
    8979                      .dwattr $C$DW$788, DW_AT_decl_column(0x0c)
    8980              
    8981              $C$DW$789       .dwtag  DW_TAG_member
    8982                      .dwattr $C$DW$789, DW_AT_type(*$C$DW$T$19)
    8983                      .dwattr $C$DW$789, DW_AT_name("rsvd10")
    8984                      .dwattr $C$DW$789, DW_AT_bit_offset(0x0d)
    8985                      .dwattr $C$DW$789, DW_AT_bit_size(0x01)
TMS320C2000 Assembler Unix v25.11.0 Sat May 30 20:22:51 2026

Copyright (c) 1996-2018 Texas Instruments Incorporated
drv8305.asm                                                          PAGE  165

    8986                      .dwattr $C$DW$789, DW_AT_data_member_location[DW_OP_plus_uconst 0x1]
    8987                      .dwattr $C$DW$789, DW_AT_accessibility(DW_ACCESS_public)
    8988                      .dwattr $C$DW$789, DW_AT_decl_file("/home/jose/ti/c2000/C2000Ware_26_01_00_00/device_support/f2837xd/
    8989                      .dwattr $C$DW$789, DW_AT_decl_line(0xe70)
    8990                      .dwattr $C$DW$789, DW_AT_decl_column(0x0c)
    8991              
    8992              $C$DW$790       .dwtag  DW_TAG_member
    8993                      .dwattr $C$DW$790, DW_AT_type(*$C$DW$T$19)
    8994                      .dwattr $C$DW$790, DW_AT_name("rsvd11")
    8995                      .dwattr $C$DW$790, DW_AT_bit_offset(0x0c)
    8996                      .dwattr $C$DW$790, DW_AT_bit_size(0x01)
    8997                      .dwattr $C$DW$790, DW_AT_data_member_location[DW_OP_plus_uconst 0x1]
    8998                      .dwattr $C$DW$790, DW_AT_accessibility(DW_ACCESS_public)
    8999                      .dwattr $C$DW$790, DW_AT_decl_file("/home/jose/ti/c2000/C2000Ware_26_01_00_00/device_support/f2837xd/
    9000                      .dwattr $C$DW$790, DW_AT_decl_line(0xe71)
    9001                      .dwattr $C$DW$790, DW_AT_decl_column(0x0c)
    9002              
    9003              $C$DW$791       .dwtag  DW_TAG_member
    9004                      .dwattr $C$DW$791, DW_AT_type(*$C$DW$T$19)
    9005                      .dwattr $C$DW$791, DW_AT_name("rsvd12")
    9006                      .dwattr $C$DW$791, DW_AT_bit_offset(0x0b)
    9007                      .dwattr $C$DW$791, DW_AT_bit_size(0x01)
    9008                      .dwattr $C$DW$791, DW_AT_data_member_location[DW_OP_plus_uconst 0x1]
    9009                      .dwattr $C$DW$791, DW_AT_accessibility(DW_ACCESS_public)
    9010                      .dwattr $C$DW$791, DW_AT_decl_file("/home/jose/ti/c2000/C2000Ware_26_01_00_00/device_support/f2837xd/
    9011                      .dwattr $C$DW$791, DW_AT_decl_line(0xe72)
    9012                      .dwattr $C$DW$791, DW_AT_decl_column(0x0c)
    9013              
    9014              $C$DW$792       .dwtag  DW_TAG_member
    9015                      .dwattr $C$DW$792, DW_AT_type(*$C$DW$T$19)
    9016                      .dwattr $C$DW$792, DW_AT_name("rsvd13")
    9017                      .dwattr $C$DW$792, DW_AT_bit_offset(0x0a)
    9018                      .dwattr $C$DW$792, DW_AT_bit_size(0x01)
    9019                      .dwattr $C$DW$792, DW_AT_data_member_location[DW_OP_plus_uconst 0x1]
    9020                      .dwattr $C$DW$792, DW_AT_accessibility(DW_ACCESS_public)
    9021                      .dwattr $C$DW$792, DW_AT_decl_file("/home/jose/ti/c2000/C2000Ware_26_01_00_00/device_support/f2837xd/
    9022                      .dwattr $C$DW$792, DW_AT_decl_line(0xe73)
    9023                      .dwattr $C$DW$792, DW_AT_decl_column(0x0c)
    9024              
    9025              $C$DW$793       .dwtag  DW_TAG_member
    9026                      .dwattr $C$DW$793, DW_AT_type(*$C$DW$T$19)
    9027                      .dwattr $C$DW$793, DW_AT_name("rsvd14")
    9028                      .dwattr $C$DW$793, DW_AT_bit_offset(0x09)
    9029                      .dwattr $C$DW$793, DW_AT_bit_size(0x01)
    9030                      .dwattr $C$DW$793, DW_AT_data_member_location[DW_OP_plus_uconst 0x1]
    9031                      .dwattr $C$DW$793, DW_AT_accessibility(DW_ACCESS_public)
    9032                      .dwattr $C$DW$793, DW_AT_decl_file("/home/jose/ti/c2000/C2000Ware_26_01_00_00/device_support/f2837xd/
    9033                      .dwattr $C$DW$793, DW_AT_decl_line(0xe74)
    9034                      .dwattr $C$DW$793, DW_AT_decl_column(0x0c)
    9035              
    9036              $C$DW$794       .dwtag  DW_TAG_member
    9037                      .dwattr $C$DW$794, DW_AT_type(*$C$DW$T$19)
    9038                      .dwattr $C$DW$794, DW_AT_name("rsvd15")
    9039                      .dwattr $C$DW$794, DW_AT_bit_offset(0x08)
    9040                      .dwattr $C$DW$794, DW_AT_bit_size(0x01)
TMS320C2000 Assembler Unix v25.11.0 Sat May 30 20:22:51 2026

Copyright (c) 1996-2018 Texas Instruments Incorporated
drv8305.asm                                                          PAGE  166

    9041                      .dwattr $C$DW$794, DW_AT_data_member_location[DW_OP_plus_uconst 0x1]
    9042                      .dwattr $C$DW$794, DW_AT_accessibility(DW_ACCESS_public)
    9043                      .dwattr $C$DW$794, DW_AT_decl_file("/home/jose/ti/c2000/C2000Ware_26_01_00_00/device_support/f2837xd/
    9044                      .dwattr $C$DW$794, DW_AT_decl_line(0xe75)
    9045                      .dwattr $C$DW$794, DW_AT_decl_column(0x0c)
    9046              
    9047              $C$DW$795       .dwtag  DW_TAG_member
    9048                      .dwattr $C$DW$795, DW_AT_type(*$C$DW$T$19)
    9049                      .dwattr $C$DW$795, DW_AT_name("rsvd16")
    9050                      .dwattr $C$DW$795, DW_AT_bit_offset(0x07)
    9051                      .dwattr $C$DW$795, DW_AT_bit_size(0x01)
    9052                      .dwattr $C$DW$795, DW_AT_data_member_location[DW_OP_plus_uconst 0x1]
    9053                      .dwattr $C$DW$795, DW_AT_accessibility(DW_ACCESS_public)
    9054                      .dwattr $C$DW$795, DW_AT_decl_file("/home/jose/ti/c2000/C2000Ware_26_01_00_00/device_support/f2837xd/
    9055                      .dwattr $C$DW$795, DW_AT_decl_line(0xe76)
    9056                      .dwattr $C$DW$795, DW_AT_decl_column(0x0c)
    9057              
    9058              $C$DW$796       .dwtag  DW_TAG_member
    9059                      .dwattr $C$DW$796, DW_AT_type(*$C$DW$T$19)
    9060                      .dwattr $C$DW$796, DW_AT_name("rsvd17")
    9061                      .dwattr $C$DW$796, DW_AT_bit_offset(0x06)
    9062                      .dwattr $C$DW$796, DW_AT_bit_size(0x01)
    9063                      .dwattr $C$DW$796, DW_AT_data_member_location[DW_OP_plus_uconst 0x1]
    9064                      .dwattr $C$DW$796, DW_AT_accessibility(DW_ACCESS_public)
    9065                      .dwattr $C$DW$796, DW_AT_decl_file("/home/jose/ti/c2000/C2000Ware_26_01_00_00/device_support/f2837xd/
    9066                      .dwattr $C$DW$796, DW_AT_decl_line(0xe77)
    9067                      .dwattr $C$DW$796, DW_AT_decl_column(0x0c)
    9068              
    9069              $C$DW$797       .dwtag  DW_TAG_member
    9070                      .dwattr $C$DW$797, DW_AT_type(*$C$DW$T$19)
    9071                      .dwattr $C$DW$797, DW_AT_name("rsvd18")
    9072                      .dwattr $C$DW$797, DW_AT_bit_offset(0x05)
    9073                      .dwattr $C$DW$797, DW_AT_bit_size(0x01)
    9074                      .dwattr $C$DW$797, DW_AT_data_member_location[DW_OP_plus_uconst 0x1]
    9075                      .dwattr $C$DW$797, DW_AT_accessibility(DW_ACCESS_public)
    9076                      .dwattr $C$DW$797, DW_AT_decl_file("/home/jose/ti/c2000/C2000Ware_26_01_00_00/device_support/f2837xd/
    9077                      .dwattr $C$DW$797, DW_AT_decl_line(0xe78)
    9078                      .dwattr $C$DW$797, DW_AT_decl_column(0x0c)
    9079              
    9080              $C$DW$798       .dwtag  DW_TAG_member
    9081                      .dwattr $C$DW$798, DW_AT_type(*$C$DW$T$19)
    9082                      .dwattr $C$DW$798, DW_AT_name("rsvd19")
    9083                      .dwattr $C$DW$798, DW_AT_bit_offset(0x04)
    9084                      .dwattr $C$DW$798, DW_AT_bit_size(0x01)
    9085                      .dwattr $C$DW$798, DW_AT_data_member_location[DW_OP_plus_uconst 0x1]
    9086                      .dwattr $C$DW$798, DW_AT_accessibility(DW_ACCESS_public)
    9087                      .dwattr $C$DW$798, DW_AT_decl_file("/home/jose/ti/c2000/C2000Ware_26_01_00_00/device_support/f2837xd/
    9088                      .dwattr $C$DW$798, DW_AT_decl_line(0xe79)
    9089                      .dwattr $C$DW$798, DW_AT_decl_column(0x0c)
    9090              
    9091              $C$DW$799       .dwtag  DW_TAG_member
    9092                      .dwattr $C$DW$799, DW_AT_type(*$C$DW$T$19)
    9093                      .dwattr $C$DW$799, DW_AT_name("rsvd20")
    9094                      .dwattr $C$DW$799, DW_AT_bit_offset(0x03)
    9095                      .dwattr $C$DW$799, DW_AT_bit_size(0x01)
TMS320C2000 Assembler Unix v25.11.0 Sat May 30 20:22:51 2026

Copyright (c) 1996-2018 Texas Instruments Incorporated
drv8305.asm                                                          PAGE  167

    9096                      .dwattr $C$DW$799, DW_AT_data_member_location[DW_OP_plus_uconst 0x1]
    9097                      .dwattr $C$DW$799, DW_AT_accessibility(DW_ACCESS_public)
    9098                      .dwattr $C$DW$799, DW_AT_decl_file("/home/jose/ti/c2000/C2000Ware_26_01_00_00/device_support/f2837xd/
    9099                      .dwattr $C$DW$799, DW_AT_decl_line(0xe7a)
    9100                      .dwattr $C$DW$799, DW_AT_decl_column(0x0c)
    9101              
    9102              $C$DW$800       .dwtag  DW_TAG_member
    9103                      .dwattr $C$DW$800, DW_AT_type(*$C$DW$T$19)
    9104                      .dwattr $C$DW$800, DW_AT_name("rsvd21")
    9105                      .dwattr $C$DW$800, DW_AT_bit_offset(0x02)
    9106                      .dwattr $C$DW$800, DW_AT_bit_size(0x01)
    9107                      .dwattr $C$DW$800, DW_AT_data_member_location[DW_OP_plus_uconst 0x1]
    9108                      .dwattr $C$DW$800, DW_AT_accessibility(DW_ACCESS_public)
    9109                      .dwattr $C$DW$800, DW_AT_decl_file("/home/jose/ti/c2000/C2000Ware_26_01_00_00/device_support/f2837xd/
    9110                      .dwattr $C$DW$800, DW_AT_decl_line(0xe7b)
    9111                      .dwattr $C$DW$800, DW_AT_decl_column(0x0c)
    9112              
    9113              $C$DW$801       .dwtag  DW_TAG_member
    9114                      .dwattr $C$DW$801, DW_AT_type(*$C$DW$T$19)
    9115                      .dwattr $C$DW$801, DW_AT_name("rsvd22")
    9116                      .dwattr $C$DW$801, DW_AT_bit_offset(0x01)
    9117                      .dwattr $C$DW$801, DW_AT_bit_size(0x01)
    9118                      .dwattr $C$DW$801, DW_AT_data_member_location[DW_OP_plus_uconst 0x1]
    9119                      .dwattr $C$DW$801, DW_AT_accessibility(DW_ACCESS_public)
    9120                      .dwattr $C$DW$801, DW_AT_decl_file("/home/jose/ti/c2000/C2000Ware_26_01_00_00/device_support/f2837xd/
    9121                      .dwattr $C$DW$801, DW_AT_decl_line(0xe7c)
    9122                      .dwattr $C$DW$801, DW_AT_decl_column(0x0c)
    9123              
    9124              $C$DW$802       .dwtag  DW_TAG_member
    9125                      .dwattr $C$DW$802, DW_AT_type(*$C$DW$T$19)
    9126                      .dwattr $C$DW$802, DW_AT_name("rsvd23")
    9127                      .dwattr $C$DW$802, DW_AT_bit_offset(0x00)
    9128                      .dwattr $C$DW$802, DW_AT_bit_size(0x01)
    9129                      .dwattr $C$DW$802, DW_AT_data_member_location[DW_OP_plus_uconst 0x1]
    9130                      .dwattr $C$DW$802, DW_AT_accessibility(DW_ACCESS_public)
    9131                      .dwattr $C$DW$802, DW_AT_decl_file("/home/jose/ti/c2000/C2000Ware_26_01_00_00/device_support/f2837xd/
    9132                      .dwattr $C$DW$802, DW_AT_decl_line(0xe7d)
    9133                      .dwattr $C$DW$802, DW_AT_decl_column(0x0c)
    9134              
    9135                      .dwattr $C$DW$T$63, DW_AT_decl_file("/home/jose/ti/c2000/C2000Ware_26_01_00_00/device_support/f2837xd
    9136                      .dwattr $C$DW$T$63, DW_AT_decl_line(0xe5d)
    9137                      .dwattr $C$DW$T$63, DW_AT_decl_column(0x08)
    9138                      .dwendtag $C$DW$T$63
    9139              
    9140                      .dwendtag $C$DW$TU$63
    9141              
    9142              
    9143              $C$DW$TU$64     .dwtag  DW_TAG_type_unit
    9144                      .dwmtype  $C$DW$T$64
    9145              
    9146              $C$DW$T$64      .dwtag  DW_TAG_union_type
    9147                      .dwattr $C$DW$T$64, DW_AT_name("GPFDAT_REG")
    9148                      .dwattr $C$DW$T$64, DW_AT_byte_size(0x02)
    9149              $C$DW$803       .dwtag  DW_TAG_member
    9150                      .dwattr $C$DW$803, DW_AT_type(*$C$DW$T$21)
TMS320C2000 Assembler Unix v25.11.0 Sat May 30 20:22:51 2026

Copyright (c) 1996-2018 Texas Instruments Incorporated
drv8305.asm                                                          PAGE  168

    9151                      .dwattr $C$DW$803, DW_AT_name("all")
    9152                      .dwattr $C$DW$803, DW_AT_accessibility(DW_ACCESS_public)
    9153                      .dwattr $C$DW$803, DW_AT_decl_file("/home/jose/ti/c2000/C2000Ware_26_01_00_00/device_support/f2837xd/
    9154                      .dwattr $C$DW$803, DW_AT_decl_line(0xe81)
    9155                      .dwattr $C$DW$803, DW_AT_decl_column(0x0d)
    9156              
    9157              $C$DW$804       .dwtag  DW_TAG_member
    9158                      .dwattr $C$DW$804, DW_AT_type(*$C$DW$T$63)
    9159                      .dwattr $C$DW$804, DW_AT_name("bit")
    9160                      .dwattr $C$DW$804, DW_AT_accessibility(DW_ACCESS_public)
    9161                      .dwattr $C$DW$804, DW_AT_decl_file("/home/jose/ti/c2000/C2000Ware_26_01_00_00/device_support/f2837xd/
    9162                      .dwattr $C$DW$804, DW_AT_decl_line(0xe82)
    9163                      .dwattr $C$DW$804, DW_AT_decl_column(0x1a)
    9164              
    9165                      .dwattr $C$DW$T$64, DW_AT_decl_file("/home/jose/ti/c2000/C2000Ware_26_01_00_00/device_support/f2837xd
    9166                      .dwattr $C$DW$T$64, DW_AT_decl_line(0xe80)
    9167                      .dwattr $C$DW$T$64, DW_AT_decl_column(0x07)
    9168                      .dwendtag $C$DW$T$64
    9169              
    9170                      .dwendtag $C$DW$TU$64
    9171              
    9172              
    9173              $C$DW$TU$65     .dwtag  DW_TAG_type_unit
    9174                      .dwmtype  $C$DW$T$65
    9175              
    9176              $C$DW$T$65      .dwtag  DW_TAG_structure_type
    9177                      .dwattr $C$DW$T$65, DW_AT_name("GPFSET_BITS")
    9178                      .dwattr $C$DW$T$65, DW_AT_byte_size(0x02)
    9179              $C$DW$805       .dwtag  DW_TAG_member
    9180                      .dwattr $C$DW$805, DW_AT_type(*$C$DW$T$19)
    9181                      .dwattr $C$DW$805, DW_AT_name("GPIO160")
    9182                      .dwattr $C$DW$805, DW_AT_bit_offset(0x0f)
    9183                      .dwattr $C$DW$805, DW_AT_bit_size(0x01)
    9184                      .dwattr $C$DW$805, DW_AT_accessibility(DW_ACCESS_public)
    9185                      .dwattr $C$DW$805, DW_AT_decl_file("/home/jose/ti/c2000/C2000Ware_26_01_00_00/device_support/f2837xd/
    9186                      .dwattr $C$DW$805, DW_AT_decl_line(0xe86)
    9187                      .dwattr $C$DW$805, DW_AT_decl_column(0x0c)
    9188              
    9189              $C$DW$806       .dwtag  DW_TAG_member
    9190                      .dwattr $C$DW$806, DW_AT_type(*$C$DW$T$19)
    9191                      .dwattr $C$DW$806, DW_AT_name("GPIO161")
    9192                      .dwattr $C$DW$806, DW_AT_bit_offset(0x0e)
    9193                      .dwattr $C$DW$806, DW_AT_bit_size(0x01)
    9194                      .dwattr $C$DW$806, DW_AT_accessibility(DW_ACCESS_public)
    9195                      .dwattr $C$DW$806, DW_AT_decl_file("/home/jose/ti/c2000/C2000Ware_26_01_00_00/device_support/f2837xd/
    9196                      .dwattr $C$DW$806, DW_AT_decl_line(0xe87)
    9197                      .dwattr $C$DW$806, DW_AT_decl_column(0x0c)
    9198              
    9199              $C$DW$807       .dwtag  DW_TAG_member
    9200                      .dwattr $C$DW$807, DW_AT_type(*$C$DW$T$19)
    9201                      .dwattr $C$DW$807, DW_AT_name("GPIO162")
    9202                      .dwattr $C$DW$807, DW_AT_bit_offset(0x0d)
    9203                      .dwattr $C$DW$807, DW_AT_bit_size(0x01)
    9204                      .dwattr $C$DW$807, DW_AT_accessibility(DW_ACCESS_public)
    9205                      .dwattr $C$DW$807, DW_AT_decl_file("/home/jose/ti/c2000/C2000Ware_26_01_00_00/device_support/f2837xd/
TMS320C2000 Assembler Unix v25.11.0 Sat May 30 20:22:51 2026

Copyright (c) 1996-2018 Texas Instruments Incorporated
drv8305.asm                                                          PAGE  169

    9206                      .dwattr $C$DW$807, DW_AT_decl_line(0xe88)
    9207                      .dwattr $C$DW$807, DW_AT_decl_column(0x0c)
    9208              
    9209              $C$DW$808       .dwtag  DW_TAG_member
    9210                      .dwattr $C$DW$808, DW_AT_type(*$C$DW$T$19)
    9211                      .dwattr $C$DW$808, DW_AT_name("GPIO163")
    9212                      .dwattr $C$DW$808, DW_AT_bit_offset(0x0c)
    9213                      .dwattr $C$DW$808, DW_AT_bit_size(0x01)
    9214                      .dwattr $C$DW$808, DW_AT_accessibility(DW_ACCESS_public)
    9215                      .dwattr $C$DW$808, DW_AT_decl_file("/home/jose/ti/c2000/C2000Ware_26_01_00_00/device_support/f2837xd/
    9216                      .dwattr $C$DW$808, DW_AT_decl_line(0xe89)
    9217                      .dwattr $C$DW$808, DW_AT_decl_column(0x0c)
    9218              
    9219              $C$DW$809       .dwtag  DW_TAG_member
    9220                      .dwattr $C$DW$809, DW_AT_type(*$C$DW$T$19)
    9221                      .dwattr $C$DW$809, DW_AT_name("GPIO164")
    9222                      .dwattr $C$DW$809, DW_AT_bit_offset(0x0b)
    9223                      .dwattr $C$DW$809, DW_AT_bit_size(0x01)
    9224                      .dwattr $C$DW$809, DW_AT_accessibility(DW_ACCESS_public)
    9225                      .dwattr $C$DW$809, DW_AT_decl_file("/home/jose/ti/c2000/C2000Ware_26_01_00_00/device_support/f2837xd/
    9226                      .dwattr $C$DW$809, DW_AT_decl_line(0xe8a)
    9227                      .dwattr $C$DW$809, DW_AT_decl_column(0x0c)
    9228              
    9229              $C$DW$810       .dwtag  DW_TAG_member
    9230                      .dwattr $C$DW$810, DW_AT_type(*$C$DW$T$19)
    9231                      .dwattr $C$DW$810, DW_AT_name("GPIO165")
    9232                      .dwattr $C$DW$810, DW_AT_bit_offset(0x0a)
    9233                      .dwattr $C$DW$810, DW_AT_bit_size(0x01)
    9234                      .dwattr $C$DW$810, DW_AT_accessibility(DW_ACCESS_public)
    9235                      .dwattr $C$DW$810, DW_AT_decl_file("/home/jose/ti/c2000/C2000Ware_26_01_00_00/device_support/f2837xd/
    9236                      .dwattr $C$DW$810, DW_AT_decl_line(0xe8b)
    9237                      .dwattr $C$DW$810, DW_AT_decl_column(0x0c)
    9238              
    9239              $C$DW$811       .dwtag  DW_TAG_member
    9240                      .dwattr $C$DW$811, DW_AT_type(*$C$DW$T$19)
    9241                      .dwattr $C$DW$811, DW_AT_name("GPIO166")
    9242                      .dwattr $C$DW$811, DW_AT_bit_offset(0x09)
    9243                      .dwattr $C$DW$811, DW_AT_bit_size(0x01)
    9244                      .dwattr $C$DW$811, DW_AT_accessibility(DW_ACCESS_public)
    9245                      .dwattr $C$DW$811, DW_AT_decl_file("/home/jose/ti/c2000/C2000Ware_26_01_00_00/device_support/f2837xd/
    9246                      .dwattr $C$DW$811, DW_AT_decl_line(0xe8c)
    9247                      .dwattr $C$DW$811, DW_AT_decl_column(0x0c)
    9248              
    9249              $C$DW$812       .dwtag  DW_TAG_member
    9250                      .dwattr $C$DW$812, DW_AT_type(*$C$DW$T$19)
    9251                      .dwattr $C$DW$812, DW_AT_name("GPIO167")
    9252                      .dwattr $C$DW$812, DW_AT_bit_offset(0x08)
    9253                      .dwattr $C$DW$812, DW_AT_bit_size(0x01)
    9254                      .dwattr $C$DW$812, DW_AT_accessibility(DW_ACCESS_public)
    9255                      .dwattr $C$DW$812, DW_AT_decl_file("/home/jose/ti/c2000/C2000Ware_26_01_00_00/device_support/f2837xd/
    9256                      .dwattr $C$DW$812, DW_AT_decl_line(0xe8d)
    9257                      .dwattr $C$DW$812, DW_AT_decl_column(0x0c)
    9258              
    9259              $C$DW$813       .dwtag  DW_TAG_member
    9260                      .dwattr $C$DW$813, DW_AT_type(*$C$DW$T$19)
TMS320C2000 Assembler Unix v25.11.0 Sat May 30 20:22:51 2026

Copyright (c) 1996-2018 Texas Instruments Incorporated
drv8305.asm                                                          PAGE  170

    9261                      .dwattr $C$DW$813, DW_AT_name("GPIO168")
    9262                      .dwattr $C$DW$813, DW_AT_bit_offset(0x07)
    9263                      .dwattr $C$DW$813, DW_AT_bit_size(0x01)
    9264                      .dwattr $C$DW$813, DW_AT_accessibility(DW_ACCESS_public)
    9265                      .dwattr $C$DW$813, DW_AT_decl_file("/home/jose/ti/c2000/C2000Ware_26_01_00_00/device_support/f2837xd/
    9266                      .dwattr $C$DW$813, DW_AT_decl_line(0xe8e)
    9267                      .dwattr $C$DW$813, DW_AT_decl_column(0x0c)
    9268              
    9269              $C$DW$814       .dwtag  DW_TAG_member
    9270                      .dwattr $C$DW$814, DW_AT_type(*$C$DW$T$19)
    9271                      .dwattr $C$DW$814, DW_AT_name("rsvd1")
    9272                      .dwattr $C$DW$814, DW_AT_bit_offset(0x06)
    9273                      .dwattr $C$DW$814, DW_AT_bit_size(0x01)
    9274                      .dwattr $C$DW$814, DW_AT_accessibility(DW_ACCESS_public)
    9275                      .dwattr $C$DW$814, DW_AT_decl_file("/home/jose/ti/c2000/C2000Ware_26_01_00_00/device_support/f2837xd/
    9276                      .dwattr $C$DW$814, DW_AT_decl_line(0xe8f)
    9277                      .dwattr $C$DW$814, DW_AT_decl_column(0x0c)
    9278              
    9279              $C$DW$815       .dwtag  DW_TAG_member
    9280                      .dwattr $C$DW$815, DW_AT_type(*$C$DW$T$19)
    9281                      .dwattr $C$DW$815, DW_AT_name("rsvd2")
    9282                      .dwattr $C$DW$815, DW_AT_bit_offset(0x05)
    9283                      .dwattr $C$DW$815, DW_AT_bit_size(0x01)
    9284                      .dwattr $C$DW$815, DW_AT_accessibility(DW_ACCESS_public)
    9285                      .dwattr $C$DW$815, DW_AT_decl_file("/home/jose/ti/c2000/C2000Ware_26_01_00_00/device_support/f2837xd/
    9286                      .dwattr $C$DW$815, DW_AT_decl_line(0xe90)
    9287                      .dwattr $C$DW$815, DW_AT_decl_column(0x0c)
    9288              
    9289              $C$DW$816       .dwtag  DW_TAG_member
    9290                      .dwattr $C$DW$816, DW_AT_type(*$C$DW$T$19)
    9291                      .dwattr $C$DW$816, DW_AT_name("rsvd3")
    9292                      .dwattr $C$DW$816, DW_AT_bit_offset(0x04)
    9293                      .dwattr $C$DW$816, DW_AT_bit_size(0x01)
    9294                      .dwattr $C$DW$816, DW_AT_accessibility(DW_ACCESS_public)
    9295                      .dwattr $C$DW$816, DW_AT_decl_file("/home/jose/ti/c2000/C2000Ware_26_01_00_00/device_support/f2837xd/
    9296                      .dwattr $C$DW$816, DW_AT_decl_line(0xe91)
    9297                      .dwattr $C$DW$816, DW_AT_decl_column(0x0c)
    9298              
    9299              $C$DW$817       .dwtag  DW_TAG_member
    9300                      .dwattr $C$DW$817, DW_AT_type(*$C$DW$T$19)
    9301                      .dwattr $C$DW$817, DW_AT_name("rsvd4")
    9302                      .dwattr $C$DW$817, DW_AT_bit_offset(0x03)
    9303                      .dwattr $C$DW$817, DW_AT_bit_size(0x01)
    9304                      .dwattr $C$DW$817, DW_AT_accessibility(DW_ACCESS_public)
    9305                      .dwattr $C$DW$817, DW_AT_decl_file("/home/jose/ti/c2000/C2000Ware_26_01_00_00/device_support/f2837xd/
    9306                      .dwattr $C$DW$817, DW_AT_decl_line(0xe92)
    9307                      .dwattr $C$DW$817, DW_AT_decl_column(0x0c)
    9308              
    9309              $C$DW$818       .dwtag  DW_TAG_member
    9310                      .dwattr $C$DW$818, DW_AT_type(*$C$DW$T$19)
    9311                      .dwattr $C$DW$818, DW_AT_name("rsvd5")
    9312                      .dwattr $C$DW$818, DW_AT_bit_offset(0x02)
    9313                      .dwattr $C$DW$818, DW_AT_bit_size(0x01)
    9314                      .dwattr $C$DW$818, DW_AT_accessibility(DW_ACCESS_public)
    9315                      .dwattr $C$DW$818, DW_AT_decl_file("/home/jose/ti/c2000/C2000Ware_26_01_00_00/device_support/f2837xd/
TMS320C2000 Assembler Unix v25.11.0 Sat May 30 20:22:51 2026

Copyright (c) 1996-2018 Texas Instruments Incorporated
drv8305.asm                                                          PAGE  171

    9316                      .dwattr $C$DW$818, DW_AT_decl_line(0xe93)
    9317                      .dwattr $C$DW$818, DW_AT_decl_column(0x0c)
    9318              
    9319              $C$DW$819       .dwtag  DW_TAG_member
    9320                      .dwattr $C$DW$819, DW_AT_type(*$C$DW$T$19)
    9321                      .dwattr $C$DW$819, DW_AT_name("rsvd6")
    9322                      .dwattr $C$DW$819, DW_AT_bit_offset(0x01)
    9323                      .dwattr $C$DW$819, DW_AT_bit_size(0x01)
    9324                      .dwattr $C$DW$819, DW_AT_accessibility(DW_ACCESS_public)
    9325                      .dwattr $C$DW$819, DW_AT_decl_file("/home/jose/ti/c2000/C2000Ware_26_01_00_00/device_support/f2837xd/
    9326                      .dwattr $C$DW$819, DW_AT_decl_line(0xe94)
    9327                      .dwattr $C$DW$819, DW_AT_decl_column(0x0c)
    9328              
    9329              $C$DW$820       .dwtag  DW_TAG_member
    9330                      .dwattr $C$DW$820, DW_AT_type(*$C$DW$T$19)
    9331                      .dwattr $C$DW$820, DW_AT_name("rsvd7")
    9332                      .dwattr $C$DW$820, DW_AT_bit_offset(0x00)
    9333                      .dwattr $C$DW$820, DW_AT_bit_size(0x01)
    9334                      .dwattr $C$DW$820, DW_AT_accessibility(DW_ACCESS_public)
    9335                      .dwattr $C$DW$820, DW_AT_decl_file("/home/jose/ti/c2000/C2000Ware_26_01_00_00/device_support/f2837xd/
    9336                      .dwattr $C$DW$820, DW_AT_decl_line(0xe95)
    9337                      .dwattr $C$DW$820, DW_AT_decl_column(0x0c)
    9338              
    9339              $C$DW$821       .dwtag  DW_TAG_member
    9340                      .dwattr $C$DW$821, DW_AT_type(*$C$DW$T$19)
    9341                      .dwattr $C$DW$821, DW_AT_name("rsvd8")
    9342                      .dwattr $C$DW$821, DW_AT_bit_offset(0x0f)
    9343                      .dwattr $C$DW$821, DW_AT_bit_size(0x01)
    9344                      .dwattr $C$DW$821, DW_AT_data_member_location[DW_OP_plus_uconst 0x1]
    9345                      .dwattr $C$DW$821, DW_AT_accessibility(DW_ACCESS_public)
    9346                      .dwattr $C$DW$821, DW_AT_decl_file("/home/jose/ti/c2000/C2000Ware_26_01_00_00/device_support/f2837xd/
    9347                      .dwattr $C$DW$821, DW_AT_decl_line(0xe96)
    9348                      .dwattr $C$DW$821, DW_AT_decl_column(0x0c)
    9349              
    9350              $C$DW$822       .dwtag  DW_TAG_member
    9351                      .dwattr $C$DW$822, DW_AT_type(*$C$DW$T$19)
    9352                      .dwattr $C$DW$822, DW_AT_name("rsvd9")
    9353                      .dwattr $C$DW$822, DW_AT_bit_offset(0x0e)
    9354                      .dwattr $C$DW$822, DW_AT_bit_size(0x01)
    9355                      .dwattr $C$DW$822, DW_AT_data_member_location[DW_OP_plus_uconst 0x1]
    9356                      .dwattr $C$DW$822, DW_AT_accessibility(DW_ACCESS_public)
    9357                      .dwattr $C$DW$822, DW_AT_decl_file("/home/jose/ti/c2000/C2000Ware_26_01_00_00/device_support/f2837xd/
    9358                      .dwattr $C$DW$822, DW_AT_decl_line(0xe97)
    9359                      .dwattr $C$DW$822, DW_AT_decl_column(0x0c)
    9360              
    9361              $C$DW$823       .dwtag  DW_TAG_member
    9362                      .dwattr $C$DW$823, DW_AT_type(*$C$DW$T$19)
    9363                      .dwattr $C$DW$823, DW_AT_name("rsvd10")
    9364                      .dwattr $C$DW$823, DW_AT_bit_offset(0x0d)
    9365                      .dwattr $C$DW$823, DW_AT_bit_size(0x01)
    9366                      .dwattr $C$DW$823, DW_AT_data_member_location[DW_OP_plus_uconst 0x1]
    9367                      .dwattr $C$DW$823, DW_AT_accessibility(DW_ACCESS_public)
    9368                      .dwattr $C$DW$823, DW_AT_decl_file("/home/jose/ti/c2000/C2000Ware_26_01_00_00/device_support/f2837xd/
    9369                      .dwattr $C$DW$823, DW_AT_decl_line(0xe98)
    9370                      .dwattr $C$DW$823, DW_AT_decl_column(0x0c)
TMS320C2000 Assembler Unix v25.11.0 Sat May 30 20:22:51 2026

Copyright (c) 1996-2018 Texas Instruments Incorporated
drv8305.asm                                                          PAGE  172

    9371              
    9372              $C$DW$824       .dwtag  DW_TAG_member
    9373                      .dwattr $C$DW$824, DW_AT_type(*$C$DW$T$19)
    9374                      .dwattr $C$DW$824, DW_AT_name("rsvd11")
    9375                      .dwattr $C$DW$824, DW_AT_bit_offset(0x0c)
    9376                      .dwattr $C$DW$824, DW_AT_bit_size(0x01)
    9377                      .dwattr $C$DW$824, DW_AT_data_member_location[DW_OP_plus_uconst 0x1]
    9378                      .dwattr $C$DW$824, DW_AT_accessibility(DW_ACCESS_public)
    9379                      .dwattr $C$DW$824, DW_AT_decl_file("/home/jose/ti/c2000/C2000Ware_26_01_00_00/device_support/f2837xd/
    9380                      .dwattr $C$DW$824, DW_AT_decl_line(0xe99)
    9381                      .dwattr $C$DW$824, DW_AT_decl_column(0x0c)
    9382              
    9383              $C$DW$825       .dwtag  DW_TAG_member
    9384                      .dwattr $C$DW$825, DW_AT_type(*$C$DW$T$19)
    9385                      .dwattr $C$DW$825, DW_AT_name("rsvd12")
    9386                      .dwattr $C$DW$825, DW_AT_bit_offset(0x0b)
    9387                      .dwattr $C$DW$825, DW_AT_bit_size(0x01)
    9388                      .dwattr $C$DW$825, DW_AT_data_member_location[DW_OP_plus_uconst 0x1]
    9389                      .dwattr $C$DW$825, DW_AT_accessibility(DW_ACCESS_public)
    9390                      .dwattr $C$DW$825, DW_AT_decl_file("/home/jose/ti/c2000/C2000Ware_26_01_00_00/device_support/f2837xd/
    9391                      .dwattr $C$DW$825, DW_AT_decl_line(0xe9a)
    9392                      .dwattr $C$DW$825, DW_AT_decl_column(0x0c)
    9393              
    9394              $C$DW$826       .dwtag  DW_TAG_member
    9395                      .dwattr $C$DW$826, DW_AT_type(*$C$DW$T$19)
    9396                      .dwattr $C$DW$826, DW_AT_name("rsvd13")
    9397                      .dwattr $C$DW$826, DW_AT_bit_offset(0x0a)
    9398                      .dwattr $C$DW$826, DW_AT_bit_size(0x01)
    9399                      .dwattr $C$DW$826, DW_AT_data_member_location[DW_OP_plus_uconst 0x1]
    9400                      .dwattr $C$DW$826, DW_AT_accessibility(DW_ACCESS_public)
    9401                      .dwattr $C$DW$826, DW_AT_decl_file("/home/jose/ti/c2000/C2000Ware_26_01_00_00/device_support/f2837xd/
    9402                      .dwattr $C$DW$826, DW_AT_decl_line(0xe9b)
    9403                      .dwattr $C$DW$826, DW_AT_decl_column(0x0c)
    9404              
    9405              $C$DW$827       .dwtag  DW_TAG_member
    9406                      .dwattr $C$DW$827, DW_AT_type(*$C$DW$T$19)
    9407                      .dwattr $C$DW$827, DW_AT_name("rsvd14")
    9408                      .dwattr $C$DW$827, DW_AT_bit_offset(0x09)
    9409                      .dwattr $C$DW$827, DW_AT_bit_size(0x01)
    9410                      .dwattr $C$DW$827, DW_AT_data_member_location[DW_OP_plus_uconst 0x1]
    9411                      .dwattr $C$DW$827, DW_AT_accessibility(DW_ACCESS_public)
    9412                      .dwattr $C$DW$827, DW_AT_decl_file("/home/jose/ti/c2000/C2000Ware_26_01_00_00/device_support/f2837xd/
    9413                      .dwattr $C$DW$827, DW_AT_decl_line(0xe9c)
    9414                      .dwattr $C$DW$827, DW_AT_decl_column(0x0c)
    9415              
    9416              $C$DW$828       .dwtag  DW_TAG_member
    9417                      .dwattr $C$DW$828, DW_AT_type(*$C$DW$T$19)
    9418                      .dwattr $C$DW$828, DW_AT_name("rsvd15")
    9419                      .dwattr $C$DW$828, DW_AT_bit_offset(0x08)
    9420                      .dwattr $C$DW$828, DW_AT_bit_size(0x01)
    9421                      .dwattr $C$DW$828, DW_AT_data_member_location[DW_OP_plus_uconst 0x1]
    9422                      .dwattr $C$DW$828, DW_AT_accessibility(DW_ACCESS_public)
    9423                      .dwattr $C$DW$828, DW_AT_decl_file("/home/jose/ti/c2000/C2000Ware_26_01_00_00/device_support/f2837xd/
    9424                      .dwattr $C$DW$828, DW_AT_decl_line(0xe9d)
    9425                      .dwattr $C$DW$828, DW_AT_decl_column(0x0c)
TMS320C2000 Assembler Unix v25.11.0 Sat May 30 20:22:51 2026

Copyright (c) 1996-2018 Texas Instruments Incorporated
drv8305.asm                                                          PAGE  173

    9426              
    9427              $C$DW$829       .dwtag  DW_TAG_member
    9428                      .dwattr $C$DW$829, DW_AT_type(*$C$DW$T$19)
    9429                      .dwattr $C$DW$829, DW_AT_name("rsvd16")
    9430                      .dwattr $C$DW$829, DW_AT_bit_offset(0x07)
    9431                      .dwattr $C$DW$829, DW_AT_bit_size(0x01)
    9432                      .dwattr $C$DW$829, DW_AT_data_member_location[DW_OP_plus_uconst 0x1]
    9433                      .dwattr $C$DW$829, DW_AT_accessibility(DW_ACCESS_public)
    9434                      .dwattr $C$DW$829, DW_AT_decl_file("/home/jose/ti/c2000/C2000Ware_26_01_00_00/device_support/f2837xd/
    9435                      .dwattr $C$DW$829, DW_AT_decl_line(0xe9e)
    9436                      .dwattr $C$DW$829, DW_AT_decl_column(0x0c)
    9437              
    9438              $C$DW$830       .dwtag  DW_TAG_member
    9439                      .dwattr $C$DW$830, DW_AT_type(*$C$DW$T$19)
    9440                      .dwattr $C$DW$830, DW_AT_name("rsvd17")
    9441                      .dwattr $C$DW$830, DW_AT_bit_offset(0x06)
    9442                      .dwattr $C$DW$830, DW_AT_bit_size(0x01)
    9443                      .dwattr $C$DW$830, DW_AT_data_member_location[DW_OP_plus_uconst 0x1]
    9444                      .dwattr $C$DW$830, DW_AT_accessibility(DW_ACCESS_public)
    9445                      .dwattr $C$DW$830, DW_AT_decl_file("/home/jose/ti/c2000/C2000Ware_26_01_00_00/device_support/f2837xd/
    9446                      .dwattr $C$DW$830, DW_AT_decl_line(0xe9f)
    9447                      .dwattr $C$DW$830, DW_AT_decl_column(0x0c)
    9448              
    9449              $C$DW$831       .dwtag  DW_TAG_member
    9450                      .dwattr $C$DW$831, DW_AT_type(*$C$DW$T$19)
    9451                      .dwattr $C$DW$831, DW_AT_name("rsvd18")
    9452                      .dwattr $C$DW$831, DW_AT_bit_offset(0x05)
    9453                      .dwattr $C$DW$831, DW_AT_bit_size(0x01)
    9454                      .dwattr $C$DW$831, DW_AT_data_member_location[DW_OP_plus_uconst 0x1]
    9455                      .dwattr $C$DW$831, DW_AT_accessibility(DW_ACCESS_public)
    9456                      .dwattr $C$DW$831, DW_AT_decl_file("/home/jose/ti/c2000/C2000Ware_26_01_00_00/device_support/f2837xd/
    9457                      .dwattr $C$DW$831, DW_AT_decl_line(0xea0)
    9458                      .dwattr $C$DW$831, DW_AT_decl_column(0x0c)
    9459              
    9460              $C$DW$832       .dwtag  DW_TAG_member
    9461                      .dwattr $C$DW$832, DW_AT_type(*$C$DW$T$19)
    9462                      .dwattr $C$DW$832, DW_AT_name("rsvd19")
    9463                      .dwattr $C$DW$832, DW_AT_bit_offset(0x04)
    9464                      .dwattr $C$DW$832, DW_AT_bit_size(0x01)
    9465                      .dwattr $C$DW$832, DW_AT_data_member_location[DW_OP_plus_uconst 0x1]
    9466                      .dwattr $C$DW$832, DW_AT_accessibility(DW_ACCESS_public)
    9467                      .dwattr $C$DW$832, DW_AT_decl_file("/home/jose/ti/c2000/C2000Ware_26_01_00_00/device_support/f2837xd/
    9468                      .dwattr $C$DW$832, DW_AT_decl_line(0xea1)
    9469                      .dwattr $C$DW$832, DW_AT_decl_column(0x0c)
    9470              
    9471              $C$DW$833       .dwtag  DW_TAG_member
    9472                      .dwattr $C$DW$833, DW_AT_type(*$C$DW$T$19)
    9473                      .dwattr $C$DW$833, DW_AT_name("rsvd20")
    9474                      .dwattr $C$DW$833, DW_AT_bit_offset(0x03)
    9475                      .dwattr $C$DW$833, DW_AT_bit_size(0x01)
    9476                      .dwattr $C$DW$833, DW_AT_data_member_location[DW_OP_plus_uconst 0x1]
    9477                      .dwattr $C$DW$833, DW_AT_accessibility(DW_ACCESS_public)
    9478                      .dwattr $C$DW$833, DW_AT_decl_file("/home/jose/ti/c2000/C2000Ware_26_01_00_00/device_support/f2837xd/
    9479                      .dwattr $C$DW$833, DW_AT_decl_line(0xea2)
    9480                      .dwattr $C$DW$833, DW_AT_decl_column(0x0c)
TMS320C2000 Assembler Unix v25.11.0 Sat May 30 20:22:51 2026

Copyright (c) 1996-2018 Texas Instruments Incorporated
drv8305.asm                                                          PAGE  174

    9481              
    9482              $C$DW$834       .dwtag  DW_TAG_member
    9483                      .dwattr $C$DW$834, DW_AT_type(*$C$DW$T$19)
    9484                      .dwattr $C$DW$834, DW_AT_name("rsvd21")
    9485                      .dwattr $C$DW$834, DW_AT_bit_offset(0x02)
    9486                      .dwattr $C$DW$834, DW_AT_bit_size(0x01)
    9487                      .dwattr $C$DW$834, DW_AT_data_member_location[DW_OP_plus_uconst 0x1]
    9488                      .dwattr $C$DW$834, DW_AT_accessibility(DW_ACCESS_public)
    9489                      .dwattr $C$DW$834, DW_AT_decl_file("/home/jose/ti/c2000/C2000Ware_26_01_00_00/device_support/f2837xd/
    9490                      .dwattr $C$DW$834, DW_AT_decl_line(0xea3)
    9491                      .dwattr $C$DW$834, DW_AT_decl_column(0x0c)
    9492              
    9493              $C$DW$835       .dwtag  DW_TAG_member
    9494                      .dwattr $C$DW$835, DW_AT_type(*$C$DW$T$19)
    9495                      .dwattr $C$DW$835, DW_AT_name("rsvd22")
    9496                      .dwattr $C$DW$835, DW_AT_bit_offset(0x01)
    9497                      .dwattr $C$DW$835, DW_AT_bit_size(0x01)
    9498                      .dwattr $C$DW$835, DW_AT_data_member_location[DW_OP_plus_uconst 0x1]
    9499                      .dwattr $C$DW$835, DW_AT_accessibility(DW_ACCESS_public)
    9500                      .dwattr $C$DW$835, DW_AT_decl_file("/home/jose/ti/c2000/C2000Ware_26_01_00_00/device_support/f2837xd/
    9501                      .dwattr $C$DW$835, DW_AT_decl_line(0xea4)
    9502                      .dwattr $C$DW$835, DW_AT_decl_column(0x0c)
    9503              
    9504              $C$DW$836       .dwtag  DW_TAG_member
    9505                      .dwattr $C$DW$836, DW_AT_type(*$C$DW$T$19)
    9506                      .dwattr $C$DW$836, DW_AT_name("rsvd23")
    9507                      .dwattr $C$DW$836, DW_AT_bit_offset(0x00)
    9508                      .dwattr $C$DW$836, DW_AT_bit_size(0x01)
    9509                      .dwattr $C$DW$836, DW_AT_data_member_location[DW_OP_plus_uconst 0x1]
    9510                      .dwattr $C$DW$836, DW_AT_accessibility(DW_ACCESS_public)
    9511                      .dwattr $C$DW$836, DW_AT_decl_file("/home/jose/ti/c2000/C2000Ware_26_01_00_00/device_support/f2837xd/
    9512                      .dwattr $C$DW$836, DW_AT_decl_line(0xea5)
    9513                      .dwattr $C$DW$836, DW_AT_decl_column(0x0c)
    9514              
    9515                      .dwattr $C$DW$T$65, DW_AT_decl_file("/home/jose/ti/c2000/C2000Ware_26_01_00_00/device_support/f2837xd
    9516                      .dwattr $C$DW$T$65, DW_AT_decl_line(0xe85)
    9517                      .dwattr $C$DW$T$65, DW_AT_decl_column(0x08)
    9518                      .dwendtag $C$DW$T$65
    9519              
    9520                      .dwendtag $C$DW$TU$65
    9521              
    9522              
    9523              $C$DW$TU$66     .dwtag  DW_TAG_type_unit
    9524                      .dwmtype  $C$DW$T$66
    9525              
    9526              $C$DW$T$66      .dwtag  DW_TAG_union_type
    9527                      .dwattr $C$DW$T$66, DW_AT_name("GPFSET_REG")
    9528                      .dwattr $C$DW$T$66, DW_AT_byte_size(0x02)
    9529              $C$DW$837       .dwtag  DW_TAG_member
    9530                      .dwattr $C$DW$837, DW_AT_type(*$C$DW$T$21)
    9531                      .dwattr $C$DW$837, DW_AT_name("all")
    9532                      .dwattr $C$DW$837, DW_AT_accessibility(DW_ACCESS_public)
    9533                      .dwattr $C$DW$837, DW_AT_decl_file("/home/jose/ti/c2000/C2000Ware_26_01_00_00/device_support/f2837xd/
    9534                      .dwattr $C$DW$837, DW_AT_decl_line(0xea9)
    9535                      .dwattr $C$DW$837, DW_AT_decl_column(0x0d)
TMS320C2000 Assembler Unix v25.11.0 Sat May 30 20:22:51 2026

Copyright (c) 1996-2018 Texas Instruments Incorporated
drv8305.asm                                                          PAGE  175

    9536              
    9537              $C$DW$838       .dwtag  DW_TAG_member
    9538                      .dwattr $C$DW$838, DW_AT_type(*$C$DW$T$65)
    9539                      .dwattr $C$DW$838, DW_AT_name("bit")
    9540                      .dwattr $C$DW$838, DW_AT_accessibility(DW_ACCESS_public)
    9541                      .dwattr $C$DW$838, DW_AT_decl_file("/home/jose/ti/c2000/C2000Ware_26_01_00_00/device_support/f2837xd/
    9542                      .dwattr $C$DW$838, DW_AT_decl_line(0xeaa)
    9543                      .dwattr $C$DW$838, DW_AT_decl_column(0x1a)
    9544              
    9545                      .dwattr $C$DW$T$66, DW_AT_decl_file("/home/jose/ti/c2000/C2000Ware_26_01_00_00/device_support/f2837xd
    9546                      .dwattr $C$DW$T$66, DW_AT_decl_line(0xea8)
    9547                      .dwattr $C$DW$T$66, DW_AT_decl_column(0x07)
    9548                      .dwendtag $C$DW$T$66
    9549              
    9550                      .dwendtag $C$DW$TU$66
    9551              
    9552              
    9553              $C$DW$TU$67     .dwtag  DW_TAG_type_unit
    9554                      .dwmtype  $C$DW$T$67
    9555              
    9556              $C$DW$T$67      .dwtag  DW_TAG_structure_type
    9557                      .dwattr $C$DW$T$67, DW_AT_name("GPFTOGGLE_BITS")
    9558                      .dwattr $C$DW$T$67, DW_AT_byte_size(0x02)
    9559              $C$DW$839       .dwtag  DW_TAG_member
    9560                      .dwattr $C$DW$839, DW_AT_type(*$C$DW$T$19)
    9561                      .dwattr $C$DW$839, DW_AT_name("GPIO160")
    9562                      .dwattr $C$DW$839, DW_AT_bit_offset(0x0f)
    9563                      .dwattr $C$DW$839, DW_AT_bit_size(0x01)
    9564                      .dwattr $C$DW$839, DW_AT_accessibility(DW_ACCESS_public)
    9565                      .dwattr $C$DW$839, DW_AT_decl_file("/home/jose/ti/c2000/C2000Ware_26_01_00_00/device_support/f2837xd/
    9566                      .dwattr $C$DW$839, DW_AT_decl_line(0xed6)
    9567                      .dwattr $C$DW$839, DW_AT_decl_column(0x0c)
    9568              
    9569              $C$DW$840       .dwtag  DW_TAG_member
    9570                      .dwattr $C$DW$840, DW_AT_type(*$C$DW$T$19)
    9571                      .dwattr $C$DW$840, DW_AT_name("GPIO161")
    9572                      .dwattr $C$DW$840, DW_AT_bit_offset(0x0e)
    9573                      .dwattr $C$DW$840, DW_AT_bit_size(0x01)
    9574                      .dwattr $C$DW$840, DW_AT_accessibility(DW_ACCESS_public)
    9575                      .dwattr $C$DW$840, DW_AT_decl_file("/home/jose/ti/c2000/C2000Ware_26_01_00_00/device_support/f2837xd/
    9576                      .dwattr $C$DW$840, DW_AT_decl_line(0xed7)
    9577                      .dwattr $C$DW$840, DW_AT_decl_column(0x0c)
    9578              
    9579              $C$DW$841       .dwtag  DW_TAG_member
    9580                      .dwattr $C$DW$841, DW_AT_type(*$C$DW$T$19)
    9581                      .dwattr $C$DW$841, DW_AT_name("GPIO162")
    9582                      .dwattr $C$DW$841, DW_AT_bit_offset(0x0d)
    9583                      .dwattr $C$DW$841, DW_AT_bit_size(0x01)
    9584                      .dwattr $C$DW$841, DW_AT_accessibility(DW_ACCESS_public)
    9585                      .dwattr $C$DW$841, DW_AT_decl_file("/home/jose/ti/c2000/C2000Ware_26_01_00_00/device_support/f2837xd/
    9586                      .dwattr $C$DW$841, DW_AT_decl_line(0xed8)
    9587                      .dwattr $C$DW$841, DW_AT_decl_column(0x0c)
    9588              
    9589              $C$DW$842       .dwtag  DW_TAG_member
    9590                      .dwattr $C$DW$842, DW_AT_type(*$C$DW$T$19)
TMS320C2000 Assembler Unix v25.11.0 Sat May 30 20:22:51 2026

Copyright (c) 1996-2018 Texas Instruments Incorporated
drv8305.asm                                                          PAGE  176

    9591                      .dwattr $C$DW$842, DW_AT_name("GPIO163")
    9592                      .dwattr $C$DW$842, DW_AT_bit_offset(0x0c)
    9593                      .dwattr $C$DW$842, DW_AT_bit_size(0x01)
    9594                      .dwattr $C$DW$842, DW_AT_accessibility(DW_ACCESS_public)
    9595                      .dwattr $C$DW$842, DW_AT_decl_file("/home/jose/ti/c2000/C2000Ware_26_01_00_00/device_support/f2837xd/
    9596                      .dwattr $C$DW$842, DW_AT_decl_line(0xed9)
    9597                      .dwattr $C$DW$842, DW_AT_decl_column(0x0c)
    9598              
    9599              $C$DW$843       .dwtag  DW_TAG_member
    9600                      .dwattr $C$DW$843, DW_AT_type(*$C$DW$T$19)
    9601                      .dwattr $C$DW$843, DW_AT_name("GPIO164")
    9602                      .dwattr $C$DW$843, DW_AT_bit_offset(0x0b)
    9603                      .dwattr $C$DW$843, DW_AT_bit_size(0x01)
    9604                      .dwattr $C$DW$843, DW_AT_accessibility(DW_ACCESS_public)
    9605                      .dwattr $C$DW$843, DW_AT_decl_file("/home/jose/ti/c2000/C2000Ware_26_01_00_00/device_support/f2837xd/
    9606                      .dwattr $C$DW$843, DW_AT_decl_line(0xeda)
    9607                      .dwattr $C$DW$843, DW_AT_decl_column(0x0c)
    9608              
    9609              $C$DW$844       .dwtag  DW_TAG_member
    9610                      .dwattr $C$DW$844, DW_AT_type(*$C$DW$T$19)
    9611                      .dwattr $C$DW$844, DW_AT_name("GPIO165")
    9612                      .dwattr $C$DW$844, DW_AT_bit_offset(0x0a)
    9613                      .dwattr $C$DW$844, DW_AT_bit_size(0x01)
    9614                      .dwattr $C$DW$844, DW_AT_accessibility(DW_ACCESS_public)
    9615                      .dwattr $C$DW$844, DW_AT_decl_file("/home/jose/ti/c2000/C2000Ware_26_01_00_00/device_support/f2837xd/
    9616                      .dwattr $C$DW$844, DW_AT_decl_line(0xedb)
    9617                      .dwattr $C$DW$844, DW_AT_decl_column(0x0c)
    9618              
    9619              $C$DW$845       .dwtag  DW_TAG_member
    9620                      .dwattr $C$DW$845, DW_AT_type(*$C$DW$T$19)
    9621                      .dwattr $C$DW$845, DW_AT_name("GPIO166")
    9622                      .dwattr $C$DW$845, DW_AT_bit_offset(0x09)
    9623                      .dwattr $C$DW$845, DW_AT_bit_size(0x01)
    9624                      .dwattr $C$DW$845, DW_AT_accessibility(DW_ACCESS_public)
    9625                      .dwattr $C$DW$845, DW_AT_decl_file("/home/jose/ti/c2000/C2000Ware_26_01_00_00/device_support/f2837xd/
    9626                      .dwattr $C$DW$845, DW_AT_decl_line(0xedc)
    9627                      .dwattr $C$DW$845, DW_AT_decl_column(0x0c)
    9628              
    9629              $C$DW$846       .dwtag  DW_TAG_member
    9630                      .dwattr $C$DW$846, DW_AT_type(*$C$DW$T$19)
    9631                      .dwattr $C$DW$846, DW_AT_name("GPIO167")
    9632                      .dwattr $C$DW$846, DW_AT_bit_offset(0x08)
    9633                      .dwattr $C$DW$846, DW_AT_bit_size(0x01)
    9634                      .dwattr $C$DW$846, DW_AT_accessibility(DW_ACCESS_public)
    9635                      .dwattr $C$DW$846, DW_AT_decl_file("/home/jose/ti/c2000/C2000Ware_26_01_00_00/device_support/f2837xd/
    9636                      .dwattr $C$DW$846, DW_AT_decl_line(0xedd)
    9637                      .dwattr $C$DW$846, DW_AT_decl_column(0x0c)
    9638              
    9639              $C$DW$847       .dwtag  DW_TAG_member
    9640                      .dwattr $C$DW$847, DW_AT_type(*$C$DW$T$19)
    9641                      .dwattr $C$DW$847, DW_AT_name("GPIO168")
    9642                      .dwattr $C$DW$847, DW_AT_bit_offset(0x07)
    9643                      .dwattr $C$DW$847, DW_AT_bit_size(0x01)
    9644                      .dwattr $C$DW$847, DW_AT_accessibility(DW_ACCESS_public)
    9645                      .dwattr $C$DW$847, DW_AT_decl_file("/home/jose/ti/c2000/C2000Ware_26_01_00_00/device_support/f2837xd/
TMS320C2000 Assembler Unix v25.11.0 Sat May 30 20:22:51 2026

Copyright (c) 1996-2018 Texas Instruments Incorporated
drv8305.asm                                                          PAGE  177

    9646                      .dwattr $C$DW$847, DW_AT_decl_line(0xede)
    9647                      .dwattr $C$DW$847, DW_AT_decl_column(0x0c)
    9648              
    9649              $C$DW$848       .dwtag  DW_TAG_member
    9650                      .dwattr $C$DW$848, DW_AT_type(*$C$DW$T$19)
    9651                      .dwattr $C$DW$848, DW_AT_name("rsvd1")
    9652                      .dwattr $C$DW$848, DW_AT_bit_offset(0x06)
    9653                      .dwattr $C$DW$848, DW_AT_bit_size(0x01)
    9654                      .dwattr $C$DW$848, DW_AT_accessibility(DW_ACCESS_public)
    9655                      .dwattr $C$DW$848, DW_AT_decl_file("/home/jose/ti/c2000/C2000Ware_26_01_00_00/device_support/f2837xd/
    9656                      .dwattr $C$DW$848, DW_AT_decl_line(0xedf)
    9657                      .dwattr $C$DW$848, DW_AT_decl_column(0x0c)
    9658              
    9659              $C$DW$849       .dwtag  DW_TAG_member
    9660                      .dwattr $C$DW$849, DW_AT_type(*$C$DW$T$19)
    9661                      .dwattr $C$DW$849, DW_AT_name("rsvd2")
    9662                      .dwattr $C$DW$849, DW_AT_bit_offset(0x05)
    9663                      .dwattr $C$DW$849, DW_AT_bit_size(0x01)
    9664                      .dwattr $C$DW$849, DW_AT_accessibility(DW_ACCESS_public)
    9665                      .dwattr $C$DW$849, DW_AT_decl_file("/home/jose/ti/c2000/C2000Ware_26_01_00_00/device_support/f2837xd/
    9666                      .dwattr $C$DW$849, DW_AT_decl_line(0xee0)
    9667                      .dwattr $C$DW$849, DW_AT_decl_column(0x0c)
    9668              
    9669              $C$DW$850       .dwtag  DW_TAG_member
    9670                      .dwattr $C$DW$850, DW_AT_type(*$C$DW$T$19)
    9671                      .dwattr $C$DW$850, DW_AT_name("rsvd3")
    9672                      .dwattr $C$DW$850, DW_AT_bit_offset(0x04)
    9673                      .dwattr $C$DW$850, DW_AT_bit_size(0x01)
    9674                      .dwattr $C$DW$850, DW_AT_accessibility(DW_ACCESS_public)
    9675                      .dwattr $C$DW$850, DW_AT_decl_file("/home/jose/ti/c2000/C2000Ware_26_01_00_00/device_support/f2837xd/
    9676                      .dwattr $C$DW$850, DW_AT_decl_line(0xee1)
    9677                      .dwattr $C$DW$850, DW_AT_decl_column(0x0c)
    9678              
    9679              $C$DW$851       .dwtag  DW_TAG_member
    9680                      .dwattr $C$DW$851, DW_AT_type(*$C$DW$T$19)
    9681                      .dwattr $C$DW$851, DW_AT_name("rsvd4")
    9682                      .dwattr $C$DW$851, DW_AT_bit_offset(0x03)
    9683                      .dwattr $C$DW$851, DW_AT_bit_size(0x01)
    9684                      .dwattr $C$DW$851, DW_AT_accessibility(DW_ACCESS_public)
    9685                      .dwattr $C$DW$851, DW_AT_decl_file("/home/jose/ti/c2000/C2000Ware_26_01_00_00/device_support/f2837xd/
    9686                      .dwattr $C$DW$851, DW_AT_decl_line(0xee2)
    9687                      .dwattr $C$DW$851, DW_AT_decl_column(0x0c)
    9688              
    9689              $C$DW$852       .dwtag  DW_TAG_member
    9690                      .dwattr $C$DW$852, DW_AT_type(*$C$DW$T$19)
    9691                      .dwattr $C$DW$852, DW_AT_name("rsvd5")
    9692                      .dwattr $C$DW$852, DW_AT_bit_offset(0x02)
    9693                      .dwattr $C$DW$852, DW_AT_bit_size(0x01)
    9694                      .dwattr $C$DW$852, DW_AT_accessibility(DW_ACCESS_public)
    9695                      .dwattr $C$DW$852, DW_AT_decl_file("/home/jose/ti/c2000/C2000Ware_26_01_00_00/device_support/f2837xd/
    9696                      .dwattr $C$DW$852, DW_AT_decl_line(0xee3)
    9697                      .dwattr $C$DW$852, DW_AT_decl_column(0x0c)
    9698              
    9699              $C$DW$853       .dwtag  DW_TAG_member
    9700                      .dwattr $C$DW$853, DW_AT_type(*$C$DW$T$19)
TMS320C2000 Assembler Unix v25.11.0 Sat May 30 20:22:51 2026

Copyright (c) 1996-2018 Texas Instruments Incorporated
drv8305.asm                                                          PAGE  178

    9701                      .dwattr $C$DW$853, DW_AT_name("rsvd6")
    9702                      .dwattr $C$DW$853, DW_AT_bit_offset(0x01)
    9703                      .dwattr $C$DW$853, DW_AT_bit_size(0x01)
    9704                      .dwattr $C$DW$853, DW_AT_accessibility(DW_ACCESS_public)
    9705                      .dwattr $C$DW$853, DW_AT_decl_file("/home/jose/ti/c2000/C2000Ware_26_01_00_00/device_support/f2837xd/
    9706                      .dwattr $C$DW$853, DW_AT_decl_line(0xee4)
    9707                      .dwattr $C$DW$853, DW_AT_decl_column(0x0c)
    9708              
    9709              $C$DW$854       .dwtag  DW_TAG_member
    9710                      .dwattr $C$DW$854, DW_AT_type(*$C$DW$T$19)
    9711                      .dwattr $C$DW$854, DW_AT_name("rsvd7")
    9712                      .dwattr $C$DW$854, DW_AT_bit_offset(0x00)
    9713                      .dwattr $C$DW$854, DW_AT_bit_size(0x01)
    9714                      .dwattr $C$DW$854, DW_AT_accessibility(DW_ACCESS_public)
    9715                      .dwattr $C$DW$854, DW_AT_decl_file("/home/jose/ti/c2000/C2000Ware_26_01_00_00/device_support/f2837xd/
    9716                      .dwattr $C$DW$854, DW_AT_decl_line(0xee5)
    9717                      .dwattr $C$DW$854, DW_AT_decl_column(0x0c)
    9718              
    9719              $C$DW$855       .dwtag  DW_TAG_member
    9720                      .dwattr $C$DW$855, DW_AT_type(*$C$DW$T$19)
    9721                      .dwattr $C$DW$855, DW_AT_name("rsvd8")
    9722                      .dwattr $C$DW$855, DW_AT_bit_offset(0x0f)
    9723                      .dwattr $C$DW$855, DW_AT_bit_size(0x01)
    9724                      .dwattr $C$DW$855, DW_AT_data_member_location[DW_OP_plus_uconst 0x1]
    9725                      .dwattr $C$DW$855, DW_AT_accessibility(DW_ACCESS_public)
    9726                      .dwattr $C$DW$855, DW_AT_decl_file("/home/jose/ti/c2000/C2000Ware_26_01_00_00/device_support/f2837xd/
    9727                      .dwattr $C$DW$855, DW_AT_decl_line(0xee6)
    9728                      .dwattr $C$DW$855, DW_AT_decl_column(0x0c)
    9729              
    9730              $C$DW$856       .dwtag  DW_TAG_member
    9731                      .dwattr $C$DW$856, DW_AT_type(*$C$DW$T$19)
    9732                      .dwattr $C$DW$856, DW_AT_name("rsvd9")
    9733                      .dwattr $C$DW$856, DW_AT_bit_offset(0x0e)
    9734                      .dwattr $C$DW$856, DW_AT_bit_size(0x01)
    9735                      .dwattr $C$DW$856, DW_AT_data_member_location[DW_OP_plus_uconst 0x1]
    9736                      .dwattr $C$DW$856, DW_AT_accessibility(DW_ACCESS_public)
    9737                      .dwattr $C$DW$856, DW_AT_decl_file("/home/jose/ti/c2000/C2000Ware_26_01_00_00/device_support/f2837xd/
    9738                      .dwattr $C$DW$856, DW_AT_decl_line(0xee7)
    9739                      .dwattr $C$DW$856, DW_AT_decl_column(0x0c)
    9740              
    9741              $C$DW$857       .dwtag  DW_TAG_member
    9742                      .dwattr $C$DW$857, DW_AT_type(*$C$DW$T$19)
    9743                      .dwattr $C$DW$857, DW_AT_name("rsvd10")
    9744                      .dwattr $C$DW$857, DW_AT_bit_offset(0x0d)
    9745                      .dwattr $C$DW$857, DW_AT_bit_size(0x01)
    9746                      .dwattr $C$DW$857, DW_AT_data_member_location[DW_OP_plus_uconst 0x1]
    9747                      .dwattr $C$DW$857, DW_AT_accessibility(DW_ACCESS_public)
    9748                      .dwattr $C$DW$857, DW_AT_decl_file("/home/jose/ti/c2000/C2000Ware_26_01_00_00/device_support/f2837xd/
    9749                      .dwattr $C$DW$857, DW_AT_decl_line(0xee8)
    9750                      .dwattr $C$DW$857, DW_AT_decl_column(0x0c)
    9751              
    9752              $C$DW$858       .dwtag  DW_TAG_member
    9753                      .dwattr $C$DW$858, DW_AT_type(*$C$DW$T$19)
    9754                      .dwattr $C$DW$858, DW_AT_name("rsvd11")
    9755                      .dwattr $C$DW$858, DW_AT_bit_offset(0x0c)
TMS320C2000 Assembler Unix v25.11.0 Sat May 30 20:22:51 2026

Copyright (c) 1996-2018 Texas Instruments Incorporated
drv8305.asm                                                          PAGE  179

    9756                      .dwattr $C$DW$858, DW_AT_bit_size(0x01)
    9757                      .dwattr $C$DW$858, DW_AT_data_member_location[DW_OP_plus_uconst 0x1]
    9758                      .dwattr $C$DW$858, DW_AT_accessibility(DW_ACCESS_public)
    9759                      .dwattr $C$DW$858, DW_AT_decl_file("/home/jose/ti/c2000/C2000Ware_26_01_00_00/device_support/f2837xd/
    9760                      .dwattr $C$DW$858, DW_AT_decl_line(0xee9)
    9761                      .dwattr $C$DW$858, DW_AT_decl_column(0x0c)
    9762              
    9763              $C$DW$859       .dwtag  DW_TAG_member
    9764                      .dwattr $C$DW$859, DW_AT_type(*$C$DW$T$19)
    9765                      .dwattr $C$DW$859, DW_AT_name("rsvd12")
    9766                      .dwattr $C$DW$859, DW_AT_bit_offset(0x0b)
    9767                      .dwattr $C$DW$859, DW_AT_bit_size(0x01)
    9768                      .dwattr $C$DW$859, DW_AT_data_member_location[DW_OP_plus_uconst 0x1]
    9769                      .dwattr $C$DW$859, DW_AT_accessibility(DW_ACCESS_public)
    9770                      .dwattr $C$DW$859, DW_AT_decl_file("/home/jose/ti/c2000/C2000Ware_26_01_00_00/device_support/f2837xd/
    9771                      .dwattr $C$DW$859, DW_AT_decl_line(0xeea)
    9772                      .dwattr $C$DW$859, DW_AT_decl_column(0x0c)
    9773              
    9774              $C$DW$860       .dwtag  DW_TAG_member
    9775                      .dwattr $C$DW$860, DW_AT_type(*$C$DW$T$19)
    9776                      .dwattr $C$DW$860, DW_AT_name("rsvd13")
    9777                      .dwattr $C$DW$860, DW_AT_bit_offset(0x0a)
    9778                      .dwattr $C$DW$860, DW_AT_bit_size(0x01)
    9779                      .dwattr $C$DW$860, DW_AT_data_member_location[DW_OP_plus_uconst 0x1]
    9780                      .dwattr $C$DW$860, DW_AT_accessibility(DW_ACCESS_public)
    9781                      .dwattr $C$DW$860, DW_AT_decl_file("/home/jose/ti/c2000/C2000Ware_26_01_00_00/device_support/f2837xd/
    9782                      .dwattr $C$DW$860, DW_AT_decl_line(0xeeb)
    9783                      .dwattr $C$DW$860, DW_AT_decl_column(0x0c)
    9784              
    9785              $C$DW$861       .dwtag  DW_TAG_member
    9786                      .dwattr $C$DW$861, DW_AT_type(*$C$DW$T$19)
    9787                      .dwattr $C$DW$861, DW_AT_name("rsvd14")
    9788                      .dwattr $C$DW$861, DW_AT_bit_offset(0x09)
    9789                      .dwattr $C$DW$861, DW_AT_bit_size(0x01)
    9790                      .dwattr $C$DW$861, DW_AT_data_member_location[DW_OP_plus_uconst 0x1]
    9791                      .dwattr $C$DW$861, DW_AT_accessibility(DW_ACCESS_public)
    9792                      .dwattr $C$DW$861, DW_AT_decl_file("/home/jose/ti/c2000/C2000Ware_26_01_00_00/device_support/f2837xd/
    9793                      .dwattr $C$DW$861, DW_AT_decl_line(0xeec)
    9794                      .dwattr $C$DW$861, DW_AT_decl_column(0x0c)
    9795              
    9796              $C$DW$862       .dwtag  DW_TAG_member
    9797                      .dwattr $C$DW$862, DW_AT_type(*$C$DW$T$19)
    9798                      .dwattr $C$DW$862, DW_AT_name("rsvd15")
    9799                      .dwattr $C$DW$862, DW_AT_bit_offset(0x08)
    9800                      .dwattr $C$DW$862, DW_AT_bit_size(0x01)
    9801                      .dwattr $C$DW$862, DW_AT_data_member_location[DW_OP_plus_uconst 0x1]
    9802                      .dwattr $C$DW$862, DW_AT_accessibility(DW_ACCESS_public)
    9803                      .dwattr $C$DW$862, DW_AT_decl_file("/home/jose/ti/c2000/C2000Ware_26_01_00_00/device_support/f2837xd/
    9804                      .dwattr $C$DW$862, DW_AT_decl_line(0xeed)
    9805                      .dwattr $C$DW$862, DW_AT_decl_column(0x0c)
    9806              
    9807              $C$DW$863       .dwtag  DW_TAG_member
    9808                      .dwattr $C$DW$863, DW_AT_type(*$C$DW$T$19)
    9809                      .dwattr $C$DW$863, DW_AT_name("rsvd16")
    9810                      .dwattr $C$DW$863, DW_AT_bit_offset(0x07)
TMS320C2000 Assembler Unix v25.11.0 Sat May 30 20:22:51 2026

Copyright (c) 1996-2018 Texas Instruments Incorporated
drv8305.asm                                                          PAGE  180

    9811                      .dwattr $C$DW$863, DW_AT_bit_size(0x01)
    9812                      .dwattr $C$DW$863, DW_AT_data_member_location[DW_OP_plus_uconst 0x1]
    9813                      .dwattr $C$DW$863, DW_AT_accessibility(DW_ACCESS_public)
    9814                      .dwattr $C$DW$863, DW_AT_decl_file("/home/jose/ti/c2000/C2000Ware_26_01_00_00/device_support/f2837xd/
    9815                      .dwattr $C$DW$863, DW_AT_decl_line(0xeee)
    9816                      .dwattr $C$DW$863, DW_AT_decl_column(0x0c)
    9817              
    9818              $C$DW$864       .dwtag  DW_TAG_member
    9819                      .dwattr $C$DW$864, DW_AT_type(*$C$DW$T$19)
    9820                      .dwattr $C$DW$864, DW_AT_name("rsvd17")
    9821                      .dwattr $C$DW$864, DW_AT_bit_offset(0x06)
    9822                      .dwattr $C$DW$864, DW_AT_bit_size(0x01)
    9823                      .dwattr $C$DW$864, DW_AT_data_member_location[DW_OP_plus_uconst 0x1]
    9824                      .dwattr $C$DW$864, DW_AT_accessibility(DW_ACCESS_public)
    9825                      .dwattr $C$DW$864, DW_AT_decl_file("/home/jose/ti/c2000/C2000Ware_26_01_00_00/device_support/f2837xd/
    9826                      .dwattr $C$DW$864, DW_AT_decl_line(0xeef)
    9827                      .dwattr $C$DW$864, DW_AT_decl_column(0x0c)
    9828              
    9829              $C$DW$865       .dwtag  DW_TAG_member
    9830                      .dwattr $C$DW$865, DW_AT_type(*$C$DW$T$19)
    9831                      .dwattr $C$DW$865, DW_AT_name("rsvd18")
    9832                      .dwattr $C$DW$865, DW_AT_bit_offset(0x05)
    9833                      .dwattr $C$DW$865, DW_AT_bit_size(0x01)
    9834                      .dwattr $C$DW$865, DW_AT_data_member_location[DW_OP_plus_uconst 0x1]
    9835                      .dwattr $C$DW$865, DW_AT_accessibility(DW_ACCESS_public)
    9836                      .dwattr $C$DW$865, DW_AT_decl_file("/home/jose/ti/c2000/C2000Ware_26_01_00_00/device_support/f2837xd/
    9837                      .dwattr $C$DW$865, DW_AT_decl_line(0xef0)
    9838                      .dwattr $C$DW$865, DW_AT_decl_column(0x0c)
    9839              
    9840              $C$DW$866       .dwtag  DW_TAG_member
    9841                      .dwattr $C$DW$866, DW_AT_type(*$C$DW$T$19)
    9842                      .dwattr $C$DW$866, DW_AT_name("rsvd19")
    9843                      .dwattr $C$DW$866, DW_AT_bit_offset(0x04)
    9844                      .dwattr $C$DW$866, DW_AT_bit_size(0x01)
    9845                      .dwattr $C$DW$866, DW_AT_data_member_location[DW_OP_plus_uconst 0x1]
    9846                      .dwattr $C$DW$866, DW_AT_accessibility(DW_ACCESS_public)
    9847                      .dwattr $C$DW$866, DW_AT_decl_file("/home/jose/ti/c2000/C2000Ware_26_01_00_00/device_support/f2837xd/
    9848                      .dwattr $C$DW$866, DW_AT_decl_line(0xef1)
    9849                      .dwattr $C$DW$866, DW_AT_decl_column(0x0c)
    9850              
    9851              $C$DW$867       .dwtag  DW_TAG_member
    9852                      .dwattr $C$DW$867, DW_AT_type(*$C$DW$T$19)
    9853                      .dwattr $C$DW$867, DW_AT_name("rsvd20")
    9854                      .dwattr $C$DW$867, DW_AT_bit_offset(0x03)
    9855                      .dwattr $C$DW$867, DW_AT_bit_size(0x01)
    9856                      .dwattr $C$DW$867, DW_AT_data_member_location[DW_OP_plus_uconst 0x1]
    9857                      .dwattr $C$DW$867, DW_AT_accessibility(DW_ACCESS_public)
    9858                      .dwattr $C$DW$867, DW_AT_decl_file("/home/jose/ti/c2000/C2000Ware_26_01_00_00/device_support/f2837xd/
    9859                      .dwattr $C$DW$867, DW_AT_decl_line(0xef2)
    9860                      .dwattr $C$DW$867, DW_AT_decl_column(0x0c)
    9861              
    9862              $C$DW$868       .dwtag  DW_TAG_member
    9863                      .dwattr $C$DW$868, DW_AT_type(*$C$DW$T$19)
    9864                      .dwattr $C$DW$868, DW_AT_name("rsvd21")
    9865                      .dwattr $C$DW$868, DW_AT_bit_offset(0x02)
TMS320C2000 Assembler Unix v25.11.0 Sat May 30 20:22:51 2026

Copyright (c) 1996-2018 Texas Instruments Incorporated
drv8305.asm                                                          PAGE  181

    9866                      .dwattr $C$DW$868, DW_AT_bit_size(0x01)
    9867                      .dwattr $C$DW$868, DW_AT_data_member_location[DW_OP_plus_uconst 0x1]
    9868                      .dwattr $C$DW$868, DW_AT_accessibility(DW_ACCESS_public)
    9869                      .dwattr $C$DW$868, DW_AT_decl_file("/home/jose/ti/c2000/C2000Ware_26_01_00_00/device_support/f2837xd/
    9870                      .dwattr $C$DW$868, DW_AT_decl_line(0xef3)
    9871                      .dwattr $C$DW$868, DW_AT_decl_column(0x0c)
    9872              
    9873              $C$DW$869       .dwtag  DW_TAG_member
    9874                      .dwattr $C$DW$869, DW_AT_type(*$C$DW$T$19)
    9875                      .dwattr $C$DW$869, DW_AT_name("rsvd22")
    9876                      .dwattr $C$DW$869, DW_AT_bit_offset(0x01)
    9877                      .dwattr $C$DW$869, DW_AT_bit_size(0x01)
    9878                      .dwattr $C$DW$869, DW_AT_data_member_location[DW_OP_plus_uconst 0x1]
    9879                      .dwattr $C$DW$869, DW_AT_accessibility(DW_ACCESS_public)
    9880                      .dwattr $C$DW$869, DW_AT_decl_file("/home/jose/ti/c2000/C2000Ware_26_01_00_00/device_support/f2837xd/
    9881                      .dwattr $C$DW$869, DW_AT_decl_line(0xef4)
    9882                      .dwattr $C$DW$869, DW_AT_decl_column(0x0c)
    9883              
    9884              $C$DW$870       .dwtag  DW_TAG_member
    9885                      .dwattr $C$DW$870, DW_AT_type(*$C$DW$T$19)
    9886                      .dwattr $C$DW$870, DW_AT_name("rsvd23")
    9887                      .dwattr $C$DW$870, DW_AT_bit_offset(0x00)
    9888                      .dwattr $C$DW$870, DW_AT_bit_size(0x01)
    9889                      .dwattr $C$DW$870, DW_AT_data_member_location[DW_OP_plus_uconst 0x1]
    9890                      .dwattr $C$DW$870, DW_AT_accessibility(DW_ACCESS_public)
    9891                      .dwattr $C$DW$870, DW_AT_decl_file("/home/jose/ti/c2000/C2000Ware_26_01_00_00/device_support/f2837xd/
    9892                      .dwattr $C$DW$870, DW_AT_decl_line(0xef5)
    9893                      .dwattr $C$DW$870, DW_AT_decl_column(0x0c)
    9894              
    9895                      .dwattr $C$DW$T$67, DW_AT_decl_file("/home/jose/ti/c2000/C2000Ware_26_01_00_00/device_support/f2837xd
    9896                      .dwattr $C$DW$T$67, DW_AT_decl_line(0xed5)
    9897                      .dwattr $C$DW$T$67, DW_AT_decl_column(0x08)
    9898                      .dwendtag $C$DW$T$67
    9899              
    9900                      .dwendtag $C$DW$TU$67
    9901              
    9902              
    9903              $C$DW$TU$68     .dwtag  DW_TAG_type_unit
    9904                      .dwmtype  $C$DW$T$68
    9905              
    9906              $C$DW$T$68      .dwtag  DW_TAG_union_type
    9907                      .dwattr $C$DW$T$68, DW_AT_name("GPFTOGGLE_REG")
    9908                      .dwattr $C$DW$T$68, DW_AT_byte_size(0x02)
    9909              $C$DW$871       .dwtag  DW_TAG_member
    9910                      .dwattr $C$DW$871, DW_AT_type(*$C$DW$T$21)
    9911                      .dwattr $C$DW$871, DW_AT_name("all")
    9912                      .dwattr $C$DW$871, DW_AT_accessibility(DW_ACCESS_public)
    9913                      .dwattr $C$DW$871, DW_AT_decl_file("/home/jose/ti/c2000/C2000Ware_26_01_00_00/device_support/f2837xd/
    9914                      .dwattr $C$DW$871, DW_AT_decl_line(0xef9)
    9915                      .dwattr $C$DW$871, DW_AT_decl_column(0x0d)
    9916              
    9917              $C$DW$872       .dwtag  DW_TAG_member
    9918                      .dwattr $C$DW$872, DW_AT_type(*$C$DW$T$67)
    9919                      .dwattr $C$DW$872, DW_AT_name("bit")
    9920                      .dwattr $C$DW$872, DW_AT_accessibility(DW_ACCESS_public)
TMS320C2000 Assembler Unix v25.11.0 Sat May 30 20:22:51 2026

Copyright (c) 1996-2018 Texas Instruments Incorporated
drv8305.asm                                                          PAGE  182

    9921                      .dwattr $C$DW$872, DW_AT_decl_file("/home/jose/ti/c2000/C2000Ware_26_01_00_00/device_support/f2837xd/
    9922                      .dwattr $C$DW$872, DW_AT_decl_line(0xefa)
    9923                      .dwattr $C$DW$872, DW_AT_decl_column(0x1d)
    9924              
    9925                      .dwattr $C$DW$T$68, DW_AT_decl_file("/home/jose/ti/c2000/C2000Ware_26_01_00_00/device_support/f2837xd
    9926                      .dwattr $C$DW$T$68, DW_AT_decl_line(0xef8)
    9927                      .dwattr $C$DW$T$68, DW_AT_decl_column(0x07)
    9928                      .dwendtag $C$DW$T$68
    9929              
    9930                      .dwendtag $C$DW$TU$68
    9931              
    9932              
    9933              $C$DW$TU$69     .dwtag  DW_TAG_type_unit
    9934                      .dwmtype  $C$DW$T$69
    9935              
    9936              $C$DW$T$69      .dwtag  DW_TAG_structure_type
    9937                      .dwattr $C$DW$T$69, DW_AT_name("GPIO_DATA_REGS")
    9938                      .dwattr $C$DW$T$69, DW_AT_byte_size(0x30)
    9939              $C$DW$873       .dwtag  DW_TAG_member
    9940                      .dwattr $C$DW$873, DW_AT_type(*$C$DW$T$24)
    9941                      .dwattr $C$DW$873, DW_AT_name("GPADAT")
    9942                      .dwattr $C$DW$873, DW_AT_accessibility(DW_ACCESS_public)
    9943                      .dwattr $C$DW$873, DW_AT_decl_file("/home/jose/ti/c2000/C2000Ware_26_01_00_00/device_support/f2837xd/
    9944                      .dwattr $C$DW$873, DW_AT_decl_line(0xefe)
    9945                      .dwattr $C$DW$873, DW_AT_decl_column(0x2e)
    9946              
    9947              $C$DW$874       .dwtag  DW_TAG_member
    9948                      .dwattr $C$DW$874, DW_AT_type(*$C$DW$T$26)
    9949                      .dwattr $C$DW$874, DW_AT_name("GPASET")
    9950                      .dwattr $C$DW$874, DW_AT_data_member_location[DW_OP_plus_uconst 0x2]
    9951                      .dwattr $C$DW$874, DW_AT_accessibility(DW_ACCESS_public)
    9952                      .dwattr $C$DW$874, DW_AT_decl_file("/home/jose/ti/c2000/C2000Ware_26_01_00_00/device_support/f2837xd/
    9953                      .dwattr $C$DW$874, DW_AT_decl_line(0xeff)
    9954                      .dwattr $C$DW$874, DW_AT_decl_column(0x2e)
    9955              
    9956              $C$DW$875       .dwtag  DW_TAG_member
    9957                      .dwattr $C$DW$875, DW_AT_type(*$C$DW$T$22)
    9958                      .dwattr $C$DW$875, DW_AT_name("GPACLEAR")
    9959                      .dwattr $C$DW$875, DW_AT_data_member_location[DW_OP_plus_uconst 0x4]
    9960                      .dwattr $C$DW$875, DW_AT_accessibility(DW_ACCESS_public)
    9961                      .dwattr $C$DW$875, DW_AT_decl_file("/home/jose/ti/c2000/C2000Ware_26_01_00_00/device_support/f2837xd/
    9962                      .dwattr $C$DW$875, DW_AT_decl_line(0xf00)
    9963                      .dwattr $C$DW$875, DW_AT_decl_column(0x2e)
    9964              
    9965              $C$DW$876       .dwtag  DW_TAG_member
    9966                      .dwattr $C$DW$876, DW_AT_type(*$C$DW$T$28)
    9967                      .dwattr $C$DW$876, DW_AT_name("GPATOGGLE")
    9968                      .dwattr $C$DW$876, DW_AT_data_member_location[DW_OP_plus_uconst 0x6]
    9969                      .dwattr $C$DW$876, DW_AT_accessibility(DW_ACCESS_public)
    9970                      .dwattr $C$DW$876, DW_AT_decl_file("/home/jose/ti/c2000/C2000Ware_26_01_00_00/device_support/f2837xd/
    9971                      .dwattr $C$DW$876, DW_AT_decl_line(0xf01)
    9972                      .dwattr $C$DW$876, DW_AT_decl_column(0x2e)
    9973              
    9974              $C$DW$877       .dwtag  DW_TAG_member
    9975                      .dwattr $C$DW$877, DW_AT_type(*$C$DW$T$32)
TMS320C2000 Assembler Unix v25.11.0 Sat May 30 20:22:51 2026

Copyright (c) 1996-2018 Texas Instruments Incorporated
drv8305.asm                                                          PAGE  183

    9976                      .dwattr $C$DW$877, DW_AT_name("GPBDAT")
    9977                      .dwattr $C$DW$877, DW_AT_data_member_location[DW_OP_plus_uconst 0x8]
    9978                      .dwattr $C$DW$877, DW_AT_accessibility(DW_ACCESS_public)
    9979                      .dwattr $C$DW$877, DW_AT_decl_file("/home/jose/ti/c2000/C2000Ware_26_01_00_00/device_support/f2837xd/
    9980                      .dwattr $C$DW$877, DW_AT_decl_line(0xf02)
    9981                      .dwattr $C$DW$877, DW_AT_decl_column(0x2e)
    9982              
    9983              $C$DW$878       .dwtag  DW_TAG_member
    9984                      .dwattr $C$DW$878, DW_AT_type(*$C$DW$T$34)
    9985                      .dwattr $C$DW$878, DW_AT_name("GPBSET")
    9986                      .dwattr $C$DW$878, DW_AT_data_member_location[DW_OP_plus_uconst 0xa]
    9987                      .dwattr $C$DW$878, DW_AT_accessibility(DW_ACCESS_public)
    9988                      .dwattr $C$DW$878, DW_AT_decl_file("/home/jose/ti/c2000/C2000Ware_26_01_00_00/device_support/f2837xd/
    9989                      .dwattr $C$DW$878, DW_AT_decl_line(0xf03)
    9990                      .dwattr $C$DW$878, DW_AT_decl_column(0x2e)
    9991              
    9992              $C$DW$879       .dwtag  DW_TAG_member
    9993                      .dwattr $C$DW$879, DW_AT_type(*$C$DW$T$30)
    9994                      .dwattr $C$DW$879, DW_AT_name("GPBCLEAR")
    9995                      .dwattr $C$DW$879, DW_AT_data_member_location[DW_OP_plus_uconst 0xc]
    9996                      .dwattr $C$DW$879, DW_AT_accessibility(DW_ACCESS_public)
    9997                      .dwattr $C$DW$879, DW_AT_decl_file("/home/jose/ti/c2000/C2000Ware_26_01_00_00/device_support/f2837xd/
    9998                      .dwattr $C$DW$879, DW_AT_decl_line(0xf04)
    9999                      .dwattr $C$DW$879, DW_AT_decl_column(0x2e)
   10000              
   10001              $C$DW$880       .dwtag  DW_TAG_member
   10002                      .dwattr $C$DW$880, DW_AT_type(*$C$DW$T$36)
   10003                      .dwattr $C$DW$880, DW_AT_name("GPBTOGGLE")
   10004                      .dwattr $C$DW$880, DW_AT_data_member_location[DW_OP_plus_uconst 0xe]
   10005                      .dwattr $C$DW$880, DW_AT_accessibility(DW_ACCESS_public)
   10006                      .dwattr $C$DW$880, DW_AT_decl_file("/home/jose/ti/c2000/C2000Ware_26_01_00_00/device_support/f2837xd/
   10007                      .dwattr $C$DW$880, DW_AT_decl_line(0xf05)
   10008                      .dwattr $C$DW$880, DW_AT_decl_column(0x2e)
   10009              
   10010              $C$DW$881       .dwtag  DW_TAG_member
   10011                      .dwattr $C$DW$881, DW_AT_type(*$C$DW$T$40)
   10012                      .dwattr $C$DW$881, DW_AT_name("GPCDAT")
   10013                      .dwattr $C$DW$881, DW_AT_data_member_location[DW_OP_plus_uconst 0x10]
   10014                      .dwattr $C$DW$881, DW_AT_accessibility(DW_ACCESS_public)
   10015                      .dwattr $C$DW$881, DW_AT_decl_file("/home/jose/ti/c2000/C2000Ware_26_01_00_00/device_support/f2837xd/
   10016                      .dwattr $C$DW$881, DW_AT_decl_line(0xf06)
   10017                      .dwattr $C$DW$881, DW_AT_decl_column(0x2e)
   10018              
   10019              $C$DW$882       .dwtag  DW_TAG_member
   10020                      .dwattr $C$DW$882, DW_AT_type(*$C$DW$T$42)
   10021                      .dwattr $C$DW$882, DW_AT_name("GPCSET")
   10022                      .dwattr $C$DW$882, DW_AT_data_member_location[DW_OP_plus_uconst 0x12]
   10023                      .dwattr $C$DW$882, DW_AT_accessibility(DW_ACCESS_public)
   10024                      .dwattr $C$DW$882, DW_AT_decl_file("/home/jose/ti/c2000/C2000Ware_26_01_00_00/device_support/f2837xd/
   10025                      .dwattr $C$DW$882, DW_AT_decl_line(0xf07)
   10026                      .dwattr $C$DW$882, DW_AT_decl_column(0x2e)
   10027              
   10028              $C$DW$883       .dwtag  DW_TAG_member
   10029                      .dwattr $C$DW$883, DW_AT_type(*$C$DW$T$38)
   10030                      .dwattr $C$DW$883, DW_AT_name("GPCCLEAR")
TMS320C2000 Assembler Unix v25.11.0 Sat May 30 20:22:51 2026

Copyright (c) 1996-2018 Texas Instruments Incorporated
drv8305.asm                                                          PAGE  184

   10031                      .dwattr $C$DW$883, DW_AT_data_member_location[DW_OP_plus_uconst 0x14]
   10032                      .dwattr $C$DW$883, DW_AT_accessibility(DW_ACCESS_public)
   10033                      .dwattr $C$DW$883, DW_AT_decl_file("/home/jose/ti/c2000/C2000Ware_26_01_00_00/device_support/f2837xd/
   10034                      .dwattr $C$DW$883, DW_AT_decl_line(0xf08)
   10035                      .dwattr $C$DW$883, DW_AT_decl_column(0x2e)
   10036              
   10037              $C$DW$884       .dwtag  DW_TAG_member
   10038                      .dwattr $C$DW$884, DW_AT_type(*$C$DW$T$44)
   10039                      .dwattr $C$DW$884, DW_AT_name("GPCTOGGLE")
   10040                      .dwattr $C$DW$884, DW_AT_data_member_location[DW_OP_plus_uconst 0x16]
   10041                      .dwattr $C$DW$884, DW_AT_accessibility(DW_ACCESS_public)
   10042                      .dwattr $C$DW$884, DW_AT_decl_file("/home/jose/ti/c2000/C2000Ware_26_01_00_00/device_support/f2837xd/
   10043                      .dwattr $C$DW$884, DW_AT_decl_line(0xf09)
   10044                      .dwattr $C$DW$884, DW_AT_decl_column(0x2e)
   10045              
   10046              $C$DW$885       .dwtag  DW_TAG_member
   10047                      .dwattr $C$DW$885, DW_AT_type(*$C$DW$T$48)
   10048                      .dwattr $C$DW$885, DW_AT_name("GPDDAT")
   10049                      .dwattr $C$DW$885, DW_AT_data_member_location[DW_OP_plus_uconst 0x18]
   10050                      .dwattr $C$DW$885, DW_AT_accessibility(DW_ACCESS_public)
   10051                      .dwattr $C$DW$885, DW_AT_decl_file("/home/jose/ti/c2000/C2000Ware_26_01_00_00/device_support/f2837xd/
   10052                      .dwattr $C$DW$885, DW_AT_decl_line(0xf0a)
   10053                      .dwattr $C$DW$885, DW_AT_decl_column(0x2e)
   10054              
   10055              $C$DW$886       .dwtag  DW_TAG_member
   10056                      .dwattr $C$DW$886, DW_AT_type(*$C$DW$T$50)
   10057                      .dwattr $C$DW$886, DW_AT_name("GPDSET")
   10058                      .dwattr $C$DW$886, DW_AT_data_member_location[DW_OP_plus_uconst 0x1a]
   10059                      .dwattr $C$DW$886, DW_AT_accessibility(DW_ACCESS_public)
   10060                      .dwattr $C$DW$886, DW_AT_decl_file("/home/jose/ti/c2000/C2000Ware_26_01_00_00/device_support/f2837xd/
   10061                      .dwattr $C$DW$886, DW_AT_decl_line(0xf0b)
   10062                      .dwattr $C$DW$886, DW_AT_decl_column(0x2e)
   10063              
   10064              $C$DW$887       .dwtag  DW_TAG_member
   10065                      .dwattr $C$DW$887, DW_AT_type(*$C$DW$T$46)
   10066                      .dwattr $C$DW$887, DW_AT_name("GPDCLEAR")
   10067                      .dwattr $C$DW$887, DW_AT_data_member_location[DW_OP_plus_uconst 0x1c]
   10068                      .dwattr $C$DW$887, DW_AT_accessibility(DW_ACCESS_public)
   10069                      .dwattr $C$DW$887, DW_AT_decl_file("/home/jose/ti/c2000/C2000Ware_26_01_00_00/device_support/f2837xd/
   10070                      .dwattr $C$DW$887, DW_AT_decl_line(0xf0c)
   10071                      .dwattr $C$DW$887, DW_AT_decl_column(0x2e)
   10072              
   10073              $C$DW$888       .dwtag  DW_TAG_member
   10074                      .dwattr $C$DW$888, DW_AT_type(*$C$DW$T$52)
   10075                      .dwattr $C$DW$888, DW_AT_name("GPDTOGGLE")
   10076                      .dwattr $C$DW$888, DW_AT_data_member_location[DW_OP_plus_uconst 0x1e]
   10077                      .dwattr $C$DW$888, DW_AT_accessibility(DW_ACCESS_public)
   10078                      .dwattr $C$DW$888, DW_AT_decl_file("/home/jose/ti/c2000/C2000Ware_26_01_00_00/device_support/f2837xd/
   10079                      .dwattr $C$DW$888, DW_AT_decl_line(0xf0d)
   10080                      .dwattr $C$DW$888, DW_AT_decl_column(0x2e)
   10081              
   10082              $C$DW$889       .dwtag  DW_TAG_member
   10083                      .dwattr $C$DW$889, DW_AT_type(*$C$DW$T$56)
   10084                      .dwattr $C$DW$889, DW_AT_name("GPEDAT")
   10085                      .dwattr $C$DW$889, DW_AT_data_member_location[DW_OP_plus_uconst 0x20]
TMS320C2000 Assembler Unix v25.11.0 Sat May 30 20:22:51 2026

Copyright (c) 1996-2018 Texas Instruments Incorporated
drv8305.asm                                                          PAGE  185

   10086                      .dwattr $C$DW$889, DW_AT_accessibility(DW_ACCESS_public)
   10087                      .dwattr $C$DW$889, DW_AT_decl_file("/home/jose/ti/c2000/C2000Ware_26_01_00_00/device_support/f2837xd/
   10088                      .dwattr $C$DW$889, DW_AT_decl_line(0xf0e)
   10089                      .dwattr $C$DW$889, DW_AT_decl_column(0x2e)
   10090              
   10091              $C$DW$890       .dwtag  DW_TAG_member
   10092                      .dwattr $C$DW$890, DW_AT_type(*$C$DW$T$58)
   10093                      .dwattr $C$DW$890, DW_AT_name("GPESET")
   10094                      .dwattr $C$DW$890, DW_AT_data_member_location[DW_OP_plus_uconst 0x22]
   10095                      .dwattr $C$DW$890, DW_AT_accessibility(DW_ACCESS_public)
   10096                      .dwattr $C$DW$890, DW_AT_decl_file("/home/jose/ti/c2000/C2000Ware_26_01_00_00/device_support/f2837xd/
   10097                      .dwattr $C$DW$890, DW_AT_decl_line(0xf0f)
   10098                      .dwattr $C$DW$890, DW_AT_decl_column(0x2e)
   10099              
   10100              $C$DW$891       .dwtag  DW_TAG_member
   10101                      .dwattr $C$DW$891, DW_AT_type(*$C$DW$T$54)
   10102                      .dwattr $C$DW$891, DW_AT_name("GPECLEAR")
   10103                      .dwattr $C$DW$891, DW_AT_data_member_location[DW_OP_plus_uconst 0x24]
   10104                      .dwattr $C$DW$891, DW_AT_accessibility(DW_ACCESS_public)
   10105                      .dwattr $C$DW$891, DW_AT_decl_file("/home/jose/ti/c2000/C2000Ware_26_01_00_00/device_support/f2837xd/
   10106                      .dwattr $C$DW$891, DW_AT_decl_line(0xf10)
   10107                      .dwattr $C$DW$891, DW_AT_decl_column(0x2e)
   10108              
   10109              $C$DW$892       .dwtag  DW_TAG_member
   10110                      .dwattr $C$DW$892, DW_AT_type(*$C$DW$T$60)
   10111                      .dwattr $C$DW$892, DW_AT_name("GPETOGGLE")
   10112                      .dwattr $C$DW$892, DW_AT_data_member_location[DW_OP_plus_uconst 0x26]
   10113                      .dwattr $C$DW$892, DW_AT_accessibility(DW_ACCESS_public)
   10114                      .dwattr $C$DW$892, DW_AT_decl_file("/home/jose/ti/c2000/C2000Ware_26_01_00_00/device_support/f2837xd/
   10115                      .dwattr $C$DW$892, DW_AT_decl_line(0xf11)
   10116                      .dwattr $C$DW$892, DW_AT_decl_column(0x2e)
   10117              
   10118              $C$DW$893       .dwtag  DW_TAG_member
   10119                      .dwattr $C$DW$893, DW_AT_type(*$C$DW$T$64)
   10120                      .dwattr $C$DW$893, DW_AT_name("GPFDAT")
   10121                      .dwattr $C$DW$893, DW_AT_data_member_location[DW_OP_plus_uconst 0x28]
   10122                      .dwattr $C$DW$893, DW_AT_accessibility(DW_ACCESS_public)
   10123                      .dwattr $C$DW$893, DW_AT_decl_file("/home/jose/ti/c2000/C2000Ware_26_01_00_00/device_support/f2837xd/
   10124                      .dwattr $C$DW$893, DW_AT_decl_line(0xf12)
   10125                      .dwattr $C$DW$893, DW_AT_decl_column(0x2e)
   10126              
   10127              $C$DW$894       .dwtag  DW_TAG_member
   10128                      .dwattr $C$DW$894, DW_AT_type(*$C$DW$T$66)
   10129                      .dwattr $C$DW$894, DW_AT_name("GPFSET")
   10130                      .dwattr $C$DW$894, DW_AT_data_member_location[DW_OP_plus_uconst 0x2a]
   10131                      .dwattr $C$DW$894, DW_AT_accessibility(DW_ACCESS_public)
   10132                      .dwattr $C$DW$894, DW_AT_decl_file("/home/jose/ti/c2000/C2000Ware_26_01_00_00/device_support/f2837xd/
   10133                      .dwattr $C$DW$894, DW_AT_decl_line(0xf13)
   10134                      .dwattr $C$DW$894, DW_AT_decl_column(0x2e)
   10135              
   10136              $C$DW$895       .dwtag  DW_TAG_member
   10137                      .dwattr $C$DW$895, DW_AT_type(*$C$DW$T$62)
   10138                      .dwattr $C$DW$895, DW_AT_name("GPFCLEAR")
   10139                      .dwattr $C$DW$895, DW_AT_data_member_location[DW_OP_plus_uconst 0x2c]
   10140                      .dwattr $C$DW$895, DW_AT_accessibility(DW_ACCESS_public)
TMS320C2000 Assembler Unix v25.11.0 Sat May 30 20:22:51 2026

Copyright (c) 1996-2018 Texas Instruments Incorporated
drv8305.asm                                                          PAGE  186

   10141                      .dwattr $C$DW$895, DW_AT_decl_file("/home/jose/ti/c2000/C2000Ware_26_01_00_00/device_support/f2837xd/
   10142                      .dwattr $C$DW$895, DW_AT_decl_line(0xf14)
   10143                      .dwattr $C$DW$895, DW_AT_decl_column(0x2e)
   10144              
   10145              $C$DW$896       .dwtag  DW_TAG_member
   10146                      .dwattr $C$DW$896, DW_AT_type(*$C$DW$T$68)
   10147                      .dwattr $C$DW$896, DW_AT_name("GPFTOGGLE")
   10148                      .dwattr $C$DW$896, DW_AT_data_member_location[DW_OP_plus_uconst 0x2e]
   10149                      .dwattr $C$DW$896, DW_AT_accessibility(DW_ACCESS_public)
   10150                      .dwattr $C$DW$896, DW_AT_decl_file("/home/jose/ti/c2000/C2000Ware_26_01_00_00/device_support/f2837xd/
   10151                      .dwattr $C$DW$896, DW_AT_decl_line(0xf15)
   10152                      .dwattr $C$DW$896, DW_AT_decl_column(0x2e)
   10153              
   10154                      .dwattr $C$DW$T$69, DW_AT_decl_file("/home/jose/ti/c2000/C2000Ware_26_01_00_00/device_support/f2837xd
   10155                      .dwattr $C$DW$T$69, DW_AT_decl_line(0xefd)
   10156                      .dwattr $C$DW$T$69, DW_AT_decl_column(0x08)
   10157                      .dwendtag $C$DW$T$69
   10158              
   10159                      .dwendtag $C$DW$TU$69
   10160              
   10161              
   10162              $C$DW$TU$99     .dwtag  DW_TAG_type_unit
   10163                      .dwmtype  $C$DW$T$99
   10164              $C$DW$897       .dwtag  DW_TAG_TI_far_type
   10165                      .dwattr $C$DW$897, DW_AT_type(*$C$DW$T$69)
   10166              
   10167              $C$DW$T$99      .dwtag  DW_TAG_volatile_type
   10168                      .dwattr $C$DW$T$99, DW_AT_type(*$C$DW$897)
   10169              
   10170                      .dwendtag $C$DW$TU$99
   10171              
   10172              
   10173              $C$DW$TU$70     .dwtag  DW_TAG_type_unit
   10174                      .dwmtype  $C$DW$T$70
   10175              
   10176              $C$DW$T$70      .dwtag  DW_TAG_structure_type
   10177                      .dwattr $C$DW$T$70, DW_AT_name("SPIBRR_BITS")
   10178                      .dwattr $C$DW$T$70, DW_AT_byte_size(0x01)
   10179              $C$DW$898       .dwtag  DW_TAG_member
   10180                      .dwattr $C$DW$898, DW_AT_type(*$C$DW$T$19)
   10181                      .dwattr $C$DW$898, DW_AT_name("SPI_BIT_RATE")
   10182                      .dwattr $C$DW$898, DW_AT_bit_offset(0x09)
   10183                      .dwattr $C$DW$898, DW_AT_bit_size(0x07)
   10184                      .dwattr $C$DW$898, DW_AT_accessibility(DW_ACCESS_public)
   10185                      .dwattr $C$DW$898, DW_AT_decl_file("/home/jose/ti/c2000/C2000Ware_26_01_00_00/device_support/f2837xd/
   10186                      .dwattr $C$DW$898, DW_AT_decl_line(0x60)
   10187                      .dwattr $C$DW$898, DW_AT_decl_column(0x0c)
   10188              
   10189              $C$DW$899       .dwtag  DW_TAG_member
   10190                      .dwattr $C$DW$899, DW_AT_type(*$C$DW$T$19)
   10191                      .dwattr $C$DW$899, DW_AT_name("rsvd1")
   10192                      .dwattr $C$DW$899, DW_AT_bit_offset(0x00)
   10193                      .dwattr $C$DW$899, DW_AT_bit_size(0x09)
   10194                      .dwattr $C$DW$899, DW_AT_accessibility(DW_ACCESS_public)
   10195                      .dwattr $C$DW$899, DW_AT_decl_file("/home/jose/ti/c2000/C2000Ware_26_01_00_00/device_support/f2837xd/
TMS320C2000 Assembler Unix v25.11.0 Sat May 30 20:22:51 2026

Copyright (c) 1996-2018 Texas Instruments Incorporated
drv8305.asm                                                          PAGE  187

   10196                      .dwattr $C$DW$899, DW_AT_decl_line(0x61)
   10197                      .dwattr $C$DW$899, DW_AT_decl_column(0x0c)
   10198              
   10199                      .dwattr $C$DW$T$70, DW_AT_decl_file("/home/jose/ti/c2000/C2000Ware_26_01_00_00/device_support/f2837xd
   10200                      .dwattr $C$DW$T$70, DW_AT_decl_line(0x5f)
   10201                      .dwattr $C$DW$T$70, DW_AT_decl_column(0x08)
   10202                      .dwendtag $C$DW$T$70
   10203              
   10204                      .dwendtag $C$DW$TU$70
   10205              
   10206              
   10207              $C$DW$TU$71     .dwtag  DW_TAG_type_unit
   10208                      .dwmtype  $C$DW$T$71
   10209              
   10210              $C$DW$T$71      .dwtag  DW_TAG_union_type
   10211                      .dwattr $C$DW$T$71, DW_AT_name("SPIBRR_REG")
   10212                      .dwattr $C$DW$T$71, DW_AT_byte_size(0x01)
   10213              $C$DW$900       .dwtag  DW_TAG_member
   10214                      .dwattr $C$DW$900, DW_AT_type(*$C$DW$T$19)
   10215                      .dwattr $C$DW$900, DW_AT_name("all")
   10216                      .dwattr $C$DW$900, DW_AT_accessibility(DW_ACCESS_public)
   10217                      .dwattr $C$DW$900, DW_AT_decl_file("/home/jose/ti/c2000/C2000Ware_26_01_00_00/device_support/f2837xd/
   10218                      .dwattr $C$DW$900, DW_AT_decl_line(0x65)
   10219                      .dwattr $C$DW$900, DW_AT_decl_column(0x0d)
   10220              
   10221              $C$DW$901       .dwtag  DW_TAG_member
   10222                      .dwattr $C$DW$901, DW_AT_type(*$C$DW$T$70)
   10223                      .dwattr $C$DW$901, DW_AT_name("bit")
   10224                      .dwattr $C$DW$901, DW_AT_accessibility(DW_ACCESS_public)
   10225                      .dwattr $C$DW$901, DW_AT_decl_file("/home/jose/ti/c2000/C2000Ware_26_01_00_00/device_support/f2837xd/
   10226                      .dwattr $C$DW$901, DW_AT_decl_line(0x66)
   10227                      .dwattr $C$DW$901, DW_AT_decl_column(0x1a)
   10228              
   10229                      .dwattr $C$DW$T$71, DW_AT_decl_file("/home/jose/ti/c2000/C2000Ware_26_01_00_00/device_support/f2837xd
   10230                      .dwattr $C$DW$T$71, DW_AT_decl_line(0x64)
   10231                      .dwattr $C$DW$T$71, DW_AT_decl_column(0x07)
   10232                      .dwendtag $C$DW$T$71
   10233              
   10234                      .dwendtag $C$DW$TU$71
   10235              
   10236              
   10237              $C$DW$TU$72     .dwtag  DW_TAG_type_unit
   10238                      .dwmtype  $C$DW$T$72
   10239              
   10240              $C$DW$T$72      .dwtag  DW_TAG_structure_type
   10241                      .dwattr $C$DW$T$72, DW_AT_name("SPICCR_BITS")
   10242                      .dwattr $C$DW$T$72, DW_AT_byte_size(0x01)
   10243              $C$DW$902       .dwtag  DW_TAG_member
   10244                      .dwattr $C$DW$902, DW_AT_type(*$C$DW$T$19)
   10245                      .dwattr $C$DW$902, DW_AT_name("SPICHAR")
   10246                      .dwattr $C$DW$902, DW_AT_bit_offset(0x0c)
   10247                      .dwattr $C$DW$902, DW_AT_bit_size(0x04)
   10248                      .dwattr $C$DW$902, DW_AT_accessibility(DW_ACCESS_public)
   10249                      .dwattr $C$DW$902, DW_AT_decl_file("/home/jose/ti/c2000/C2000Ware_26_01_00_00/device_support/f2837xd/
   10250                      .dwattr $C$DW$902, DW_AT_decl_line(0x37)
TMS320C2000 Assembler Unix v25.11.0 Sat May 30 20:22:51 2026

Copyright (c) 1996-2018 Texas Instruments Incorporated
drv8305.asm                                                          PAGE  188

   10251                      .dwattr $C$DW$902, DW_AT_decl_column(0x0c)
   10252              
   10253              $C$DW$903       .dwtag  DW_TAG_member
   10254                      .dwattr $C$DW$903, DW_AT_type(*$C$DW$T$19)
   10255                      .dwattr $C$DW$903, DW_AT_name("SPILBK")
   10256                      .dwattr $C$DW$903, DW_AT_bit_offset(0x0b)
   10257                      .dwattr $C$DW$903, DW_AT_bit_size(0x01)
   10258                      .dwattr $C$DW$903, DW_AT_accessibility(DW_ACCESS_public)
   10259                      .dwattr $C$DW$903, DW_AT_decl_file("/home/jose/ti/c2000/C2000Ware_26_01_00_00/device_support/f2837xd/
   10260                      .dwattr $C$DW$903, DW_AT_decl_line(0x38)
   10261                      .dwattr $C$DW$903, DW_AT_decl_column(0x0c)
   10262              
   10263              $C$DW$904       .dwtag  DW_TAG_member
   10264                      .dwattr $C$DW$904, DW_AT_type(*$C$DW$T$19)
   10265                      .dwattr $C$DW$904, DW_AT_name("HS_MODE")
   10266                      .dwattr $C$DW$904, DW_AT_bit_offset(0x0a)
   10267                      .dwattr $C$DW$904, DW_AT_bit_size(0x01)
   10268                      .dwattr $C$DW$904, DW_AT_accessibility(DW_ACCESS_public)
   10269                      .dwattr $C$DW$904, DW_AT_decl_file("/home/jose/ti/c2000/C2000Ware_26_01_00_00/device_support/f2837xd/
   10270                      .dwattr $C$DW$904, DW_AT_decl_line(0x39)
   10271                      .dwattr $C$DW$904, DW_AT_decl_column(0x0c)
   10272              
   10273              $C$DW$905       .dwtag  DW_TAG_member
   10274                      .dwattr $C$DW$905, DW_AT_type(*$C$DW$T$19)
   10275                      .dwattr $C$DW$905, DW_AT_name("CLKPOLARITY")
   10276                      .dwattr $C$DW$905, DW_AT_bit_offset(0x09)
   10277                      .dwattr $C$DW$905, DW_AT_bit_size(0x01)
   10278                      .dwattr $C$DW$905, DW_AT_accessibility(DW_ACCESS_public)
   10279                      .dwattr $C$DW$905, DW_AT_decl_file("/home/jose/ti/c2000/C2000Ware_26_01_00_00/device_support/f2837xd/
   10280                      .dwattr $C$DW$905, DW_AT_decl_line(0x3a)
   10281                      .dwattr $C$DW$905, DW_AT_decl_column(0x0c)
   10282              
   10283              $C$DW$906       .dwtag  DW_TAG_member
   10284                      .dwattr $C$DW$906, DW_AT_type(*$C$DW$T$19)
   10285                      .dwattr $C$DW$906, DW_AT_name("SPISWRESET")
   10286                      .dwattr $C$DW$906, DW_AT_bit_offset(0x08)
   10287                      .dwattr $C$DW$906, DW_AT_bit_size(0x01)
   10288                      .dwattr $C$DW$906, DW_AT_accessibility(DW_ACCESS_public)
   10289                      .dwattr $C$DW$906, DW_AT_decl_file("/home/jose/ti/c2000/C2000Ware_26_01_00_00/device_support/f2837xd/
   10290                      .dwattr $C$DW$906, DW_AT_decl_line(0x3b)
   10291                      .dwattr $C$DW$906, DW_AT_decl_column(0x0c)
   10292              
   10293              $C$DW$907       .dwtag  DW_TAG_member
   10294                      .dwattr $C$DW$907, DW_AT_type(*$C$DW$T$19)
   10295                      .dwattr $C$DW$907, DW_AT_name("rsvd1")
   10296                      .dwattr $C$DW$907, DW_AT_bit_offset(0x00)
   10297                      .dwattr $C$DW$907, DW_AT_bit_size(0x08)
   10298                      .dwattr $C$DW$907, DW_AT_accessibility(DW_ACCESS_public)
   10299                      .dwattr $C$DW$907, DW_AT_decl_file("/home/jose/ti/c2000/C2000Ware_26_01_00_00/device_support/f2837xd/
   10300                      .dwattr $C$DW$907, DW_AT_decl_line(0x3c)
   10301                      .dwattr $C$DW$907, DW_AT_decl_column(0x0c)
   10302              
   10303                      .dwattr $C$DW$T$72, DW_AT_decl_file("/home/jose/ti/c2000/C2000Ware_26_01_00_00/device_support/f2837xd
   10304                      .dwattr $C$DW$T$72, DW_AT_decl_line(0x36)
   10305                      .dwattr $C$DW$T$72, DW_AT_decl_column(0x08)
TMS320C2000 Assembler Unix v25.11.0 Sat May 30 20:22:51 2026

Copyright (c) 1996-2018 Texas Instruments Incorporated
drv8305.asm                                                          PAGE  189

   10306                      .dwendtag $C$DW$T$72
   10307              
   10308                      .dwendtag $C$DW$TU$72
   10309              
   10310              
   10311              $C$DW$TU$73     .dwtag  DW_TAG_type_unit
   10312                      .dwmtype  $C$DW$T$73
   10313              
   10314              $C$DW$T$73      .dwtag  DW_TAG_union_type
   10315                      .dwattr $C$DW$T$73, DW_AT_name("SPICCR_REG")
   10316                      .dwattr $C$DW$T$73, DW_AT_byte_size(0x01)
   10317              $C$DW$908       .dwtag  DW_TAG_member
   10318                      .dwattr $C$DW$908, DW_AT_type(*$C$DW$T$19)
   10319                      .dwattr $C$DW$908, DW_AT_name("all")
   10320                      .dwattr $C$DW$908, DW_AT_accessibility(DW_ACCESS_public)
   10321                      .dwattr $C$DW$908, DW_AT_decl_file("/home/jose/ti/c2000/C2000Ware_26_01_00_00/device_support/f2837xd/
   10322                      .dwattr $C$DW$908, DW_AT_decl_line(0x40)
   10323                      .dwattr $C$DW$908, DW_AT_decl_column(0x0d)
   10324              
   10325              $C$DW$909       .dwtag  DW_TAG_member
   10326                      .dwattr $C$DW$909, DW_AT_type(*$C$DW$T$72)
   10327                      .dwattr $C$DW$909, DW_AT_name("bit")
   10328                      .dwattr $C$DW$909, DW_AT_accessibility(DW_ACCESS_public)
   10329                      .dwattr $C$DW$909, DW_AT_decl_file("/home/jose/ti/c2000/C2000Ware_26_01_00_00/device_support/f2837xd/
   10330                      .dwattr $C$DW$909, DW_AT_decl_line(0x41)
   10331                      .dwattr $C$DW$909, DW_AT_decl_column(0x1a)
   10332              
   10333                      .dwattr $C$DW$T$73, DW_AT_decl_file("/home/jose/ti/c2000/C2000Ware_26_01_00_00/device_support/f2837xd
   10334                      .dwattr $C$DW$T$73, DW_AT_decl_line(0x3f)
   10335                      .dwattr $C$DW$T$73, DW_AT_decl_column(0x07)
   10336                      .dwendtag $C$DW$T$73
   10337              
   10338                      .dwendtag $C$DW$TU$73
   10339              
   10340              
   10341              $C$DW$TU$74     .dwtag  DW_TAG_type_unit
   10342                      .dwmtype  $C$DW$T$74
   10343              
   10344              $C$DW$T$74      .dwtag  DW_TAG_structure_type
   10345                      .dwattr $C$DW$T$74, DW_AT_name("SPICTL_BITS")
   10346                      .dwattr $C$DW$T$74, DW_AT_byte_size(0x01)
   10347              $C$DW$910       .dwtag  DW_TAG_member
   10348                      .dwattr $C$DW$910, DW_AT_type(*$C$DW$T$19)
   10349                      .dwattr $C$DW$910, DW_AT_name("SPIINTENA")
   10350                      .dwattr $C$DW$910, DW_AT_bit_offset(0x0f)
   10351                      .dwattr $C$DW$910, DW_AT_bit_size(0x01)
   10352                      .dwattr $C$DW$910, DW_AT_accessibility(DW_ACCESS_public)
   10353                      .dwattr $C$DW$910, DW_AT_decl_file("/home/jose/ti/c2000/C2000Ware_26_01_00_00/device_support/f2837xd/
   10354                      .dwattr $C$DW$910, DW_AT_decl_line(0x45)
   10355                      .dwattr $C$DW$910, DW_AT_decl_column(0x0c)
   10356              
   10357              $C$DW$911       .dwtag  DW_TAG_member
   10358                      .dwattr $C$DW$911, DW_AT_type(*$C$DW$T$19)
   10359                      .dwattr $C$DW$911, DW_AT_name("TALK")
   10360                      .dwattr $C$DW$911, DW_AT_bit_offset(0x0e)
TMS320C2000 Assembler Unix v25.11.0 Sat May 30 20:22:51 2026

Copyright (c) 1996-2018 Texas Instruments Incorporated
drv8305.asm                                                          PAGE  190

   10361                      .dwattr $C$DW$911, DW_AT_bit_size(0x01)
   10362                      .dwattr $C$DW$911, DW_AT_accessibility(DW_ACCESS_public)
   10363                      .dwattr $C$DW$911, DW_AT_decl_file("/home/jose/ti/c2000/C2000Ware_26_01_00_00/device_support/f2837xd/
   10364                      .dwattr $C$DW$911, DW_AT_decl_line(0x46)
   10365                      .dwattr $C$DW$911, DW_AT_decl_column(0x0c)
   10366              
   10367              $C$DW$912       .dwtag  DW_TAG_member
   10368                      .dwattr $C$DW$912, DW_AT_type(*$C$DW$T$19)
   10369                      .dwattr $C$DW$912, DW_AT_name("MASTER_SLAVE")
   10370                      .dwattr $C$DW$912, DW_AT_bit_offset(0x0d)
   10371                      .dwattr $C$DW$912, DW_AT_bit_size(0x01)
   10372                      .dwattr $C$DW$912, DW_AT_accessibility(DW_ACCESS_public)
   10373                      .dwattr $C$DW$912, DW_AT_decl_file("/home/jose/ti/c2000/C2000Ware_26_01_00_00/device_support/f2837xd/
   10374                      .dwattr $C$DW$912, DW_AT_decl_line(0x47)
   10375                      .dwattr $C$DW$912, DW_AT_decl_column(0x0c)
   10376              
   10377              $C$DW$913       .dwtag  DW_TAG_member
   10378                      .dwattr $C$DW$913, DW_AT_type(*$C$DW$T$19)
   10379                      .dwattr $C$DW$913, DW_AT_name("CLK_PHASE")
   10380                      .dwattr $C$DW$913, DW_AT_bit_offset(0x0c)
   10381                      .dwattr $C$DW$913, DW_AT_bit_size(0x01)
   10382                      .dwattr $C$DW$913, DW_AT_accessibility(DW_ACCESS_public)
   10383                      .dwattr $C$DW$913, DW_AT_decl_file("/home/jose/ti/c2000/C2000Ware_26_01_00_00/device_support/f2837xd/
   10384                      .dwattr $C$DW$913, DW_AT_decl_line(0x48)
   10385                      .dwattr $C$DW$913, DW_AT_decl_column(0x0c)
   10386              
   10387              $C$DW$914       .dwtag  DW_TAG_member
   10388                      .dwattr $C$DW$914, DW_AT_type(*$C$DW$T$19)
   10389                      .dwattr $C$DW$914, DW_AT_name("OVERRUNINTENA")
   10390                      .dwattr $C$DW$914, DW_AT_bit_offset(0x0b)
   10391                      .dwattr $C$DW$914, DW_AT_bit_size(0x01)
   10392                      .dwattr $C$DW$914, DW_AT_accessibility(DW_ACCESS_public)
   10393                      .dwattr $C$DW$914, DW_AT_decl_file("/home/jose/ti/c2000/C2000Ware_26_01_00_00/device_support/f2837xd/
   10394                      .dwattr $C$DW$914, DW_AT_decl_line(0x49)
   10395                      .dwattr $C$DW$914, DW_AT_decl_column(0x0c)
   10396              
   10397              $C$DW$915       .dwtag  DW_TAG_member
   10398                      .dwattr $C$DW$915, DW_AT_type(*$C$DW$T$19)
   10399                      .dwattr $C$DW$915, DW_AT_name("rsvd1")
   10400                      .dwattr $C$DW$915, DW_AT_bit_offset(0x00)
   10401                      .dwattr $C$DW$915, DW_AT_bit_size(0x0b)
   10402                      .dwattr $C$DW$915, DW_AT_accessibility(DW_ACCESS_public)
   10403                      .dwattr $C$DW$915, DW_AT_decl_file("/home/jose/ti/c2000/C2000Ware_26_01_00_00/device_support/f2837xd/
   10404                      .dwattr $C$DW$915, DW_AT_decl_line(0x4a)
   10405                      .dwattr $C$DW$915, DW_AT_decl_column(0x0c)
   10406              
   10407                      .dwattr $C$DW$T$74, DW_AT_decl_file("/home/jose/ti/c2000/C2000Ware_26_01_00_00/device_support/f2837xd
   10408                      .dwattr $C$DW$T$74, DW_AT_decl_line(0x44)
   10409                      .dwattr $C$DW$T$74, DW_AT_decl_column(0x08)
   10410                      .dwendtag $C$DW$T$74
   10411              
   10412                      .dwendtag $C$DW$TU$74
   10413              
   10414              
   10415              $C$DW$TU$75     .dwtag  DW_TAG_type_unit
TMS320C2000 Assembler Unix v25.11.0 Sat May 30 20:22:51 2026

Copyright (c) 1996-2018 Texas Instruments Incorporated
drv8305.asm                                                          PAGE  191

   10416                      .dwmtype  $C$DW$T$75
   10417              
   10418              $C$DW$T$75      .dwtag  DW_TAG_union_type
   10419                      .dwattr $C$DW$T$75, DW_AT_name("SPICTL_REG")
   10420                      .dwattr $C$DW$T$75, DW_AT_byte_size(0x01)
   10421              $C$DW$916       .dwtag  DW_TAG_member
   10422                      .dwattr $C$DW$916, DW_AT_type(*$C$DW$T$19)
   10423                      .dwattr $C$DW$916, DW_AT_name("all")
   10424                      .dwattr $C$DW$916, DW_AT_accessibility(DW_ACCESS_public)
   10425                      .dwattr $C$DW$916, DW_AT_decl_file("/home/jose/ti/c2000/C2000Ware_26_01_00_00/device_support/f2837xd/
   10426                      .dwattr $C$DW$916, DW_AT_decl_line(0x4e)
   10427                      .dwattr $C$DW$916, DW_AT_decl_column(0x0d)
   10428              
   10429              $C$DW$917       .dwtag  DW_TAG_member
   10430                      .dwattr $C$DW$917, DW_AT_type(*$C$DW$T$74)
   10431                      .dwattr $C$DW$917, DW_AT_name("bit")
   10432                      .dwattr $C$DW$917, DW_AT_accessibility(DW_ACCESS_public)
   10433                      .dwattr $C$DW$917, DW_AT_decl_file("/home/jose/ti/c2000/C2000Ware_26_01_00_00/device_support/f2837xd/
   10434                      .dwattr $C$DW$917, DW_AT_decl_line(0x4f)
   10435                      .dwattr $C$DW$917, DW_AT_decl_column(0x1a)
   10436              
   10437                      .dwattr $C$DW$T$75, DW_AT_decl_file("/home/jose/ti/c2000/C2000Ware_26_01_00_00/device_support/f2837xd
   10438                      .dwattr $C$DW$T$75, DW_AT_decl_line(0x4d)
   10439                      .dwattr $C$DW$T$75, DW_AT_decl_column(0x07)
   10440                      .dwendtag $C$DW$T$75
   10441              
   10442                      .dwendtag $C$DW$TU$75
   10443              
   10444              
   10445              $C$DW$TU$76     .dwtag  DW_TAG_type_unit
   10446                      .dwmtype  $C$DW$T$76
   10447              
   10448              $C$DW$T$76      .dwtag  DW_TAG_structure_type
   10449                      .dwattr $C$DW$T$76, DW_AT_name("SPIFFCT_BITS")
   10450                      .dwattr $C$DW$T$76, DW_AT_byte_size(0x01)
   10451              $C$DW$918       .dwtag  DW_TAG_member
   10452                      .dwattr $C$DW$918, DW_AT_type(*$C$DW$T$19)
   10453                      .dwattr $C$DW$918, DW_AT_name("TXDLY")
   10454                      .dwattr $C$DW$918, DW_AT_bit_offset(0x08)
   10455                      .dwattr $C$DW$918, DW_AT_bit_size(0x08)
   10456                      .dwattr $C$DW$918, DW_AT_accessibility(DW_ACCESS_public)
   10457                      .dwattr $C$DW$918, DW_AT_decl_file("/home/jose/ti/c2000/C2000Ware_26_01_00_00/device_support/f2837xd/
   10458                      .dwattr $C$DW$918, DW_AT_decl_line(0x8a)
   10459                      .dwattr $C$DW$918, DW_AT_decl_column(0x0c)
   10460              
   10461              $C$DW$919       .dwtag  DW_TAG_member
   10462                      .dwattr $C$DW$919, DW_AT_type(*$C$DW$T$19)
   10463                      .dwattr $C$DW$919, DW_AT_name("rsvd1")
   10464                      .dwattr $C$DW$919, DW_AT_bit_offset(0x00)
   10465                      .dwattr $C$DW$919, DW_AT_bit_size(0x08)
   10466                      .dwattr $C$DW$919, DW_AT_accessibility(DW_ACCESS_public)
   10467                      .dwattr $C$DW$919, DW_AT_decl_file("/home/jose/ti/c2000/C2000Ware_26_01_00_00/device_support/f2837xd/
   10468                      .dwattr $C$DW$919, DW_AT_decl_line(0x8b)
   10469                      .dwattr $C$DW$919, DW_AT_decl_column(0x0c)
   10470              
TMS320C2000 Assembler Unix v25.11.0 Sat May 30 20:22:51 2026

Copyright (c) 1996-2018 Texas Instruments Incorporated
drv8305.asm                                                          PAGE  192

   10471                      .dwattr $C$DW$T$76, DW_AT_decl_file("/home/jose/ti/c2000/C2000Ware_26_01_00_00/device_support/f2837xd
   10472                      .dwattr $C$DW$T$76, DW_AT_decl_line(0x89)
   10473                      .dwattr $C$DW$T$76, DW_AT_decl_column(0x08)
   10474                      .dwendtag $C$DW$T$76
   10475              
   10476                      .dwendtag $C$DW$TU$76
   10477              
   10478              
   10479              $C$DW$TU$77     .dwtag  DW_TAG_type_unit
   10480                      .dwmtype  $C$DW$T$77
   10481              
   10482              $C$DW$T$77      .dwtag  DW_TAG_union_type
   10483                      .dwattr $C$DW$T$77, DW_AT_name("SPIFFCT_REG")
   10484                      .dwattr $C$DW$T$77, DW_AT_byte_size(0x01)
   10485              $C$DW$920       .dwtag  DW_TAG_member
   10486                      .dwattr $C$DW$920, DW_AT_type(*$C$DW$T$19)
   10487                      .dwattr $C$DW$920, DW_AT_name("all")
   10488                      .dwattr $C$DW$920, DW_AT_accessibility(DW_ACCESS_public)
   10489                      .dwattr $C$DW$920, DW_AT_decl_file("/home/jose/ti/c2000/C2000Ware_26_01_00_00/device_support/f2837xd/
   10490                      .dwattr $C$DW$920, DW_AT_decl_line(0x8f)
   10491                      .dwattr $C$DW$920, DW_AT_decl_column(0x0d)
   10492              
   10493              $C$DW$921       .dwtag  DW_TAG_member
   10494                      .dwattr $C$DW$921, DW_AT_type(*$C$DW$T$76)
   10495                      .dwattr $C$DW$921, DW_AT_name("bit")
   10496                      .dwattr $C$DW$921, DW_AT_accessibility(DW_ACCESS_public)
   10497                      .dwattr $C$DW$921, DW_AT_decl_file("/home/jose/ti/c2000/C2000Ware_26_01_00_00/device_support/f2837xd/
   10498                      .dwattr $C$DW$921, DW_AT_decl_line(0x90)
   10499                      .dwattr $C$DW$921, DW_AT_decl_column(0x1b)
   10500              
   10501                      .dwattr $C$DW$T$77, DW_AT_decl_file("/home/jose/ti/c2000/C2000Ware_26_01_00_00/device_support/f2837xd
   10502                      .dwattr $C$DW$T$77, DW_AT_decl_line(0x8e)
   10503                      .dwattr $C$DW$T$77, DW_AT_decl_column(0x07)
   10504                      .dwendtag $C$DW$T$77
   10505              
   10506                      .dwendtag $C$DW$TU$77
   10507              
   10508              
   10509              $C$DW$TU$78     .dwtag  DW_TAG_type_unit
   10510                      .dwmtype  $C$DW$T$78
   10511              
   10512              $C$DW$T$78      .dwtag  DW_TAG_structure_type
   10513                      .dwattr $C$DW$T$78, DW_AT_name("SPIFFRX_BITS")
   10514                      .dwattr $C$DW$T$78, DW_AT_byte_size(0x01)
   10515              $C$DW$922       .dwtag  DW_TAG_member
   10516                      .dwattr $C$DW$922, DW_AT_type(*$C$DW$T$19)
   10517                      .dwattr $C$DW$922, DW_AT_name("RXFFIL")
   10518                      .dwattr $C$DW$922, DW_AT_bit_offset(0x0b)
   10519                      .dwattr $C$DW$922, DW_AT_bit_size(0x05)
   10520                      .dwattr $C$DW$922, DW_AT_accessibility(DW_ACCESS_public)
   10521                      .dwattr $C$DW$922, DW_AT_decl_file("/home/jose/ti/c2000/C2000Ware_26_01_00_00/device_support/f2837xd/
   10522                      .dwattr $C$DW$922, DW_AT_decl_line(0x7a)
   10523                      .dwattr $C$DW$922, DW_AT_decl_column(0x0c)
   10524              
   10525              $C$DW$923       .dwtag  DW_TAG_member
TMS320C2000 Assembler Unix v25.11.0 Sat May 30 20:22:51 2026

Copyright (c) 1996-2018 Texas Instruments Incorporated
drv8305.asm                                                          PAGE  193

   10526                      .dwattr $C$DW$923, DW_AT_type(*$C$DW$T$19)
   10527                      .dwattr $C$DW$923, DW_AT_name("RXFFIENA")
   10528                      .dwattr $C$DW$923, DW_AT_bit_offset(0x0a)
   10529                      .dwattr $C$DW$923, DW_AT_bit_size(0x01)
   10530                      .dwattr $C$DW$923, DW_AT_accessibility(DW_ACCESS_public)
   10531                      .dwattr $C$DW$923, DW_AT_decl_file("/home/jose/ti/c2000/C2000Ware_26_01_00_00/device_support/f2837xd/
   10532                      .dwattr $C$DW$923, DW_AT_decl_line(0x7b)
   10533                      .dwattr $C$DW$923, DW_AT_decl_column(0x0c)
   10534              
   10535              $C$DW$924       .dwtag  DW_TAG_member
   10536                      .dwattr $C$DW$924, DW_AT_type(*$C$DW$T$19)
   10537                      .dwattr $C$DW$924, DW_AT_name("RXFFINTCLR")
   10538                      .dwattr $C$DW$924, DW_AT_bit_offset(0x09)
   10539                      .dwattr $C$DW$924, DW_AT_bit_size(0x01)
   10540                      .dwattr $C$DW$924, DW_AT_accessibility(DW_ACCESS_public)
   10541                      .dwattr $C$DW$924, DW_AT_decl_file("/home/jose/ti/c2000/C2000Ware_26_01_00_00/device_support/f2837xd/
   10542                      .dwattr $C$DW$924, DW_AT_decl_line(0x7c)
   10543                      .dwattr $C$DW$924, DW_AT_decl_column(0x0c)
   10544              
   10545              $C$DW$925       .dwtag  DW_TAG_member
   10546                      .dwattr $C$DW$925, DW_AT_type(*$C$DW$T$19)
   10547                      .dwattr $C$DW$925, DW_AT_name("RXFFINT")
   10548                      .dwattr $C$DW$925, DW_AT_bit_offset(0x08)
   10549                      .dwattr $C$DW$925, DW_AT_bit_size(0x01)
   10550                      .dwattr $C$DW$925, DW_AT_accessibility(DW_ACCESS_public)
   10551                      .dwattr $C$DW$925, DW_AT_decl_file("/home/jose/ti/c2000/C2000Ware_26_01_00_00/device_support/f2837xd/
   10552                      .dwattr $C$DW$925, DW_AT_decl_line(0x7d)
   10553                      .dwattr $C$DW$925, DW_AT_decl_column(0x0c)
   10554              
   10555              $C$DW$926       .dwtag  DW_TAG_member
   10556                      .dwattr $C$DW$926, DW_AT_type(*$C$DW$T$19)
   10557                      .dwattr $C$DW$926, DW_AT_name("RXFFST")
   10558                      .dwattr $C$DW$926, DW_AT_bit_offset(0x03)
   10559                      .dwattr $C$DW$926, DW_AT_bit_size(0x05)
   10560                      .dwattr $C$DW$926, DW_AT_accessibility(DW_ACCESS_public)
   10561                      .dwattr $C$DW$926, DW_AT_decl_file("/home/jose/ti/c2000/C2000Ware_26_01_00_00/device_support/f2837xd/
   10562                      .dwattr $C$DW$926, DW_AT_decl_line(0x7e)
   10563                      .dwattr $C$DW$926, DW_AT_decl_column(0x0c)
   10564              
   10565              $C$DW$927       .dwtag  DW_TAG_member
   10566                      .dwattr $C$DW$927, DW_AT_type(*$C$DW$T$19)
   10567                      .dwattr $C$DW$927, DW_AT_name("RXFIFORESET")
   10568                      .dwattr $C$DW$927, DW_AT_bit_offset(0x02)
   10569                      .dwattr $C$DW$927, DW_AT_bit_size(0x01)
   10570                      .dwattr $C$DW$927, DW_AT_accessibility(DW_ACCESS_public)
   10571                      .dwattr $C$DW$927, DW_AT_decl_file("/home/jose/ti/c2000/C2000Ware_26_01_00_00/device_support/f2837xd/
   10572                      .dwattr $C$DW$927, DW_AT_decl_line(0x7f)
   10573                      .dwattr $C$DW$927, DW_AT_decl_column(0x0c)
   10574              
   10575              $C$DW$928       .dwtag  DW_TAG_member
   10576                      .dwattr $C$DW$928, DW_AT_type(*$C$DW$T$19)
   10577                      .dwattr $C$DW$928, DW_AT_name("RXFFOVFCLR")
   10578                      .dwattr $C$DW$928, DW_AT_bit_offset(0x01)
   10579                      .dwattr $C$DW$928, DW_AT_bit_size(0x01)
   10580                      .dwattr $C$DW$928, DW_AT_accessibility(DW_ACCESS_public)
TMS320C2000 Assembler Unix v25.11.0 Sat May 30 20:22:51 2026

Copyright (c) 1996-2018 Texas Instruments Incorporated
drv8305.asm                                                          PAGE  194

   10581                      .dwattr $C$DW$928, DW_AT_decl_file("/home/jose/ti/c2000/C2000Ware_26_01_00_00/device_support/f2837xd/
   10582                      .dwattr $C$DW$928, DW_AT_decl_line(0x80)
   10583                      .dwattr $C$DW$928, DW_AT_decl_column(0x0c)
   10584              
   10585              $C$DW$929       .dwtag  DW_TAG_member
   10586                      .dwattr $C$DW$929, DW_AT_type(*$C$DW$T$19)
   10587                      .dwattr $C$DW$929, DW_AT_name("RXFFOVF")
   10588                      .dwattr $C$DW$929, DW_AT_bit_offset(0x00)
   10589                      .dwattr $C$DW$929, DW_AT_bit_size(0x01)
   10590                      .dwattr $C$DW$929, DW_AT_accessibility(DW_ACCESS_public)
   10591                      .dwattr $C$DW$929, DW_AT_decl_file("/home/jose/ti/c2000/C2000Ware_26_01_00_00/device_support/f2837xd/
   10592                      .dwattr $C$DW$929, DW_AT_decl_line(0x81)
   10593                      .dwattr $C$DW$929, DW_AT_decl_column(0x0c)
   10594              
   10595                      .dwattr $C$DW$T$78, DW_AT_decl_file("/home/jose/ti/c2000/C2000Ware_26_01_00_00/device_support/f2837xd
   10596                      .dwattr $C$DW$T$78, DW_AT_decl_line(0x79)
   10597                      .dwattr $C$DW$T$78, DW_AT_decl_column(0x08)
   10598                      .dwendtag $C$DW$T$78
   10599              
   10600                      .dwendtag $C$DW$TU$78
   10601              
   10602              
   10603              $C$DW$TU$79     .dwtag  DW_TAG_type_unit
   10604                      .dwmtype  $C$DW$T$79
   10605              
   10606              $C$DW$T$79      .dwtag  DW_TAG_union_type
   10607                      .dwattr $C$DW$T$79, DW_AT_name("SPIFFRX_REG")
   10608                      .dwattr $C$DW$T$79, DW_AT_byte_size(0x01)
   10609              $C$DW$930       .dwtag  DW_TAG_member
   10610                      .dwattr $C$DW$930, DW_AT_type(*$C$DW$T$19)
   10611                      .dwattr $C$DW$930, DW_AT_name("all")
   10612                      .dwattr $C$DW$930, DW_AT_accessibility(DW_ACCESS_public)
   10613                      .dwattr $C$DW$930, DW_AT_decl_file("/home/jose/ti/c2000/C2000Ware_26_01_00_00/device_support/f2837xd/
   10614                      .dwattr $C$DW$930, DW_AT_decl_line(0x85)
   10615                      .dwattr $C$DW$930, DW_AT_decl_column(0x0d)
   10616              
   10617              $C$DW$931       .dwtag  DW_TAG_member
   10618                      .dwattr $C$DW$931, DW_AT_type(*$C$DW$T$78)
   10619                      .dwattr $C$DW$931, DW_AT_name("bit")
   10620                      .dwattr $C$DW$931, DW_AT_accessibility(DW_ACCESS_public)
   10621                      .dwattr $C$DW$931, DW_AT_decl_file("/home/jose/ti/c2000/C2000Ware_26_01_00_00/device_support/f2837xd/
   10622                      .dwattr $C$DW$931, DW_AT_decl_line(0x86)
   10623                      .dwattr $C$DW$931, DW_AT_decl_column(0x1b)
   10624              
   10625                      .dwattr $C$DW$T$79, DW_AT_decl_file("/home/jose/ti/c2000/C2000Ware_26_01_00_00/device_support/f2837xd
   10626                      .dwattr $C$DW$T$79, DW_AT_decl_line(0x84)
   10627                      .dwattr $C$DW$T$79, DW_AT_decl_column(0x07)
   10628                      .dwendtag $C$DW$T$79
   10629              
   10630                      .dwendtag $C$DW$TU$79
   10631              
   10632              
   10633              $C$DW$TU$80     .dwtag  DW_TAG_type_unit
   10634                      .dwmtype  $C$DW$T$80
   10635              
TMS320C2000 Assembler Unix v25.11.0 Sat May 30 20:22:51 2026

Copyright (c) 1996-2018 Texas Instruments Incorporated
drv8305.asm                                                          PAGE  195

   10636              $C$DW$T$80      .dwtag  DW_TAG_structure_type
   10637                      .dwattr $C$DW$T$80, DW_AT_name("SPIFFTX_BITS")
   10638                      .dwattr $C$DW$T$80, DW_AT_byte_size(0x01)
   10639              $C$DW$932       .dwtag  DW_TAG_member
   10640                      .dwattr $C$DW$932, DW_AT_type(*$C$DW$T$19)
   10641                      .dwattr $C$DW$932, DW_AT_name("TXFFIL")
   10642                      .dwattr $C$DW$932, DW_AT_bit_offset(0x0b)
   10643                      .dwattr $C$DW$932, DW_AT_bit_size(0x05)
   10644                      .dwattr $C$DW$932, DW_AT_accessibility(DW_ACCESS_public)
   10645                      .dwattr $C$DW$932, DW_AT_decl_file("/home/jose/ti/c2000/C2000Ware_26_01_00_00/device_support/f2837xd/
   10646                      .dwattr $C$DW$932, DW_AT_decl_line(0x6a)
   10647                      .dwattr $C$DW$932, DW_AT_decl_column(0x0c)
   10648              
   10649              $C$DW$933       .dwtag  DW_TAG_member
   10650                      .dwattr $C$DW$933, DW_AT_type(*$C$DW$T$19)
   10651                      .dwattr $C$DW$933, DW_AT_name("TXFFIENA")
   10652                      .dwattr $C$DW$933, DW_AT_bit_offset(0x0a)
   10653                      .dwattr $C$DW$933, DW_AT_bit_size(0x01)
   10654                      .dwattr $C$DW$933, DW_AT_accessibility(DW_ACCESS_public)
   10655                      .dwattr $C$DW$933, DW_AT_decl_file("/home/jose/ti/c2000/C2000Ware_26_01_00_00/device_support/f2837xd/
   10656                      .dwattr $C$DW$933, DW_AT_decl_line(0x6b)
   10657                      .dwattr $C$DW$933, DW_AT_decl_column(0x0c)
   10658              
   10659              $C$DW$934       .dwtag  DW_TAG_member
   10660                      .dwattr $C$DW$934, DW_AT_type(*$C$DW$T$19)
   10661                      .dwattr $C$DW$934, DW_AT_name("TXFFINTCLR")
   10662                      .dwattr $C$DW$934, DW_AT_bit_offset(0x09)
   10663                      .dwattr $C$DW$934, DW_AT_bit_size(0x01)
   10664                      .dwattr $C$DW$934, DW_AT_accessibility(DW_ACCESS_public)
   10665                      .dwattr $C$DW$934, DW_AT_decl_file("/home/jose/ti/c2000/C2000Ware_26_01_00_00/device_support/f2837xd/
   10666                      .dwattr $C$DW$934, DW_AT_decl_line(0x6c)
   10667                      .dwattr $C$DW$934, DW_AT_decl_column(0x0c)
   10668              
   10669              $C$DW$935       .dwtag  DW_TAG_member
   10670                      .dwattr $C$DW$935, DW_AT_type(*$C$DW$T$19)
   10671                      .dwattr $C$DW$935, DW_AT_name("TXFFINT")
   10672                      .dwattr $C$DW$935, DW_AT_bit_offset(0x08)
   10673                      .dwattr $C$DW$935, DW_AT_bit_size(0x01)
   10674                      .dwattr $C$DW$935, DW_AT_accessibility(DW_ACCESS_public)
   10675                      .dwattr $C$DW$935, DW_AT_decl_file("/home/jose/ti/c2000/C2000Ware_26_01_00_00/device_support/f2837xd/
   10676                      .dwattr $C$DW$935, DW_AT_decl_line(0x6d)
   10677                      .dwattr $C$DW$935, DW_AT_decl_column(0x0c)
   10678              
   10679              $C$DW$936       .dwtag  DW_TAG_member
   10680                      .dwattr $C$DW$936, DW_AT_type(*$C$DW$T$19)
   10681                      .dwattr $C$DW$936, DW_AT_name("TXFFST")
   10682                      .dwattr $C$DW$936, DW_AT_bit_offset(0x03)
   10683                      .dwattr $C$DW$936, DW_AT_bit_size(0x05)
   10684                      .dwattr $C$DW$936, DW_AT_accessibility(DW_ACCESS_public)
   10685                      .dwattr $C$DW$936, DW_AT_decl_file("/home/jose/ti/c2000/C2000Ware_26_01_00_00/device_support/f2837xd/
   10686                      .dwattr $C$DW$936, DW_AT_decl_line(0x6e)
   10687                      .dwattr $C$DW$936, DW_AT_decl_column(0x0c)
   10688              
   10689              $C$DW$937       .dwtag  DW_TAG_member
   10690                      .dwattr $C$DW$937, DW_AT_type(*$C$DW$T$19)
TMS320C2000 Assembler Unix v25.11.0 Sat May 30 20:22:51 2026

Copyright (c) 1996-2018 Texas Instruments Incorporated
drv8305.asm                                                          PAGE  196

   10691                      .dwattr $C$DW$937, DW_AT_name("TXFIFO")
   10692                      .dwattr $C$DW$937, DW_AT_bit_offset(0x02)
   10693                      .dwattr $C$DW$937, DW_AT_bit_size(0x01)
   10694                      .dwattr $C$DW$937, DW_AT_accessibility(DW_ACCESS_public)
   10695                      .dwattr $C$DW$937, DW_AT_decl_file("/home/jose/ti/c2000/C2000Ware_26_01_00_00/device_support/f2837xd/
   10696                      .dwattr $C$DW$937, DW_AT_decl_line(0x6f)
   10697                      .dwattr $C$DW$937, DW_AT_decl_column(0x0c)
   10698              
   10699              $C$DW$938       .dwtag  DW_TAG_member
   10700                      .dwattr $C$DW$938, DW_AT_type(*$C$DW$T$19)
   10701                      .dwattr $C$DW$938, DW_AT_name("SPIFFENA")
   10702                      .dwattr $C$DW$938, DW_AT_bit_offset(0x01)
   10703                      .dwattr $C$DW$938, DW_AT_bit_size(0x01)
   10704                      .dwattr $C$DW$938, DW_AT_accessibility(DW_ACCESS_public)
   10705                      .dwattr $C$DW$938, DW_AT_decl_file("/home/jose/ti/c2000/C2000Ware_26_01_00_00/device_support/f2837xd/
   10706                      .dwattr $C$DW$938, DW_AT_decl_line(0x70)
   10707                      .dwattr $C$DW$938, DW_AT_decl_column(0x0c)
   10708              
   10709              $C$DW$939       .dwtag  DW_TAG_member
   10710                      .dwattr $C$DW$939, DW_AT_type(*$C$DW$T$19)
   10711                      .dwattr $C$DW$939, DW_AT_name("SPIRST")
   10712                      .dwattr $C$DW$939, DW_AT_bit_offset(0x00)
   10713                      .dwattr $C$DW$939, DW_AT_bit_size(0x01)
   10714                      .dwattr $C$DW$939, DW_AT_accessibility(DW_ACCESS_public)
   10715                      .dwattr $C$DW$939, DW_AT_decl_file("/home/jose/ti/c2000/C2000Ware_26_01_00_00/device_support/f2837xd/
   10716                      .dwattr $C$DW$939, DW_AT_decl_line(0x71)
   10717                      .dwattr $C$DW$939, DW_AT_decl_column(0x0c)
   10718              
   10719                      .dwattr $C$DW$T$80, DW_AT_decl_file("/home/jose/ti/c2000/C2000Ware_26_01_00_00/device_support/f2837xd
   10720                      .dwattr $C$DW$T$80, DW_AT_decl_line(0x69)
   10721                      .dwattr $C$DW$T$80, DW_AT_decl_column(0x08)
   10722                      .dwendtag $C$DW$T$80
   10723              
   10724                      .dwendtag $C$DW$TU$80
   10725              
   10726              
   10727              $C$DW$TU$81     .dwtag  DW_TAG_type_unit
   10728                      .dwmtype  $C$DW$T$81
   10729              
   10730              $C$DW$T$81      .dwtag  DW_TAG_union_type
   10731                      .dwattr $C$DW$T$81, DW_AT_name("SPIFFTX_REG")
   10732                      .dwattr $C$DW$T$81, DW_AT_byte_size(0x01)
   10733              $C$DW$940       .dwtag  DW_TAG_member
   10734                      .dwattr $C$DW$940, DW_AT_type(*$C$DW$T$19)
   10735                      .dwattr $C$DW$940, DW_AT_name("all")
   10736                      .dwattr $C$DW$940, DW_AT_accessibility(DW_ACCESS_public)
   10737                      .dwattr $C$DW$940, DW_AT_decl_file("/home/jose/ti/c2000/C2000Ware_26_01_00_00/device_support/f2837xd/
   10738                      .dwattr $C$DW$940, DW_AT_decl_line(0x75)
   10739                      .dwattr $C$DW$940, DW_AT_decl_column(0x0d)
   10740              
   10741              $C$DW$941       .dwtag  DW_TAG_member
   10742                      .dwattr $C$DW$941, DW_AT_type(*$C$DW$T$80)
   10743                      .dwattr $C$DW$941, DW_AT_name("bit")
   10744                      .dwattr $C$DW$941, DW_AT_accessibility(DW_ACCESS_public)
   10745                      .dwattr $C$DW$941, DW_AT_decl_file("/home/jose/ti/c2000/C2000Ware_26_01_00_00/device_support/f2837xd/
TMS320C2000 Assembler Unix v25.11.0 Sat May 30 20:22:51 2026

Copyright (c) 1996-2018 Texas Instruments Incorporated
drv8305.asm                                                          PAGE  197

   10746                      .dwattr $C$DW$941, DW_AT_decl_line(0x76)
   10747                      .dwattr $C$DW$941, DW_AT_decl_column(0x1b)
   10748              
   10749                      .dwattr $C$DW$T$81, DW_AT_decl_file("/home/jose/ti/c2000/C2000Ware_26_01_00_00/device_support/f2837xd
   10750                      .dwattr $C$DW$T$81, DW_AT_decl_line(0x74)
   10751                      .dwattr $C$DW$T$81, DW_AT_decl_column(0x07)
   10752                      .dwendtag $C$DW$T$81
   10753              
   10754                      .dwendtag $C$DW$TU$81
   10755              
   10756              
   10757              $C$DW$TU$82     .dwtag  DW_TAG_type_unit
   10758                      .dwmtype  $C$DW$T$82
   10759              
   10760              $C$DW$T$82      .dwtag  DW_TAG_structure_type
   10761                      .dwattr $C$DW$T$82, DW_AT_name("SPIPRI_BITS")
   10762                      .dwattr $C$DW$T$82, DW_AT_byte_size(0x01)
   10763              $C$DW$942       .dwtag  DW_TAG_member
   10764                      .dwattr $C$DW$942, DW_AT_type(*$C$DW$T$19)
   10765                      .dwattr $C$DW$942, DW_AT_name("TRIWIRE")
   10766                      .dwattr $C$DW$942, DW_AT_bit_offset(0x0f)
   10767                      .dwattr $C$DW$942, DW_AT_bit_size(0x01)
   10768                      .dwattr $C$DW$942, DW_AT_accessibility(DW_ACCESS_public)
   10769                      .dwattr $C$DW$942, DW_AT_decl_file("/home/jose/ti/c2000/C2000Ware_26_01_00_00/device_support/f2837xd/
   10770                      .dwattr $C$DW$942, DW_AT_decl_line(0x94)
   10771                      .dwattr $C$DW$942, DW_AT_decl_column(0x0c)
   10772              
   10773              $C$DW$943       .dwtag  DW_TAG_member
   10774                      .dwattr $C$DW$943, DW_AT_type(*$C$DW$T$19)
   10775                      .dwattr $C$DW$943, DW_AT_name("STEINV")
   10776                      .dwattr $C$DW$943, DW_AT_bit_offset(0x0e)
   10777                      .dwattr $C$DW$943, DW_AT_bit_size(0x01)
   10778                      .dwattr $C$DW$943, DW_AT_accessibility(DW_ACCESS_public)
   10779                      .dwattr $C$DW$943, DW_AT_decl_file("/home/jose/ti/c2000/C2000Ware_26_01_00_00/device_support/f2837xd/
   10780                      .dwattr $C$DW$943, DW_AT_decl_line(0x95)
   10781                      .dwattr $C$DW$943, DW_AT_decl_column(0x0c)
   10782              
   10783              $C$DW$944       .dwtag  DW_TAG_member
   10784                      .dwattr $C$DW$944, DW_AT_type(*$C$DW$T$19)
   10785                      .dwattr $C$DW$944, DW_AT_name("rsvd1")
   10786                      .dwattr $C$DW$944, DW_AT_bit_offset(0x0c)
   10787                      .dwattr $C$DW$944, DW_AT_bit_size(0x02)
   10788                      .dwattr $C$DW$944, DW_AT_accessibility(DW_ACCESS_public)
   10789                      .dwattr $C$DW$944, DW_AT_decl_file("/home/jose/ti/c2000/C2000Ware_26_01_00_00/device_support/f2837xd/
   10790                      .dwattr $C$DW$944, DW_AT_decl_line(0x96)
   10791                      .dwattr $C$DW$944, DW_AT_decl_column(0x0c)
   10792              
   10793              $C$DW$945       .dwtag  DW_TAG_member
   10794                      .dwattr $C$DW$945, DW_AT_type(*$C$DW$T$19)
   10795                      .dwattr $C$DW$945, DW_AT_name("FREE")
   10796                      .dwattr $C$DW$945, DW_AT_bit_offset(0x0b)
   10797                      .dwattr $C$DW$945, DW_AT_bit_size(0x01)
   10798                      .dwattr $C$DW$945, DW_AT_accessibility(DW_ACCESS_public)
   10799                      .dwattr $C$DW$945, DW_AT_decl_file("/home/jose/ti/c2000/C2000Ware_26_01_00_00/device_support/f2837xd/
   10800                      .dwattr $C$DW$945, DW_AT_decl_line(0x97)
TMS320C2000 Assembler Unix v25.11.0 Sat May 30 20:22:51 2026

Copyright (c) 1996-2018 Texas Instruments Incorporated
drv8305.asm                                                          PAGE  198

   10801                      .dwattr $C$DW$945, DW_AT_decl_column(0x0c)
   10802              
   10803              $C$DW$946       .dwtag  DW_TAG_member
   10804                      .dwattr $C$DW$946, DW_AT_type(*$C$DW$T$19)
   10805                      .dwattr $C$DW$946, DW_AT_name("SOFT")
   10806                      .dwattr $C$DW$946, DW_AT_bit_offset(0x0a)
   10807                      .dwattr $C$DW$946, DW_AT_bit_size(0x01)
   10808                      .dwattr $C$DW$946, DW_AT_accessibility(DW_ACCESS_public)
   10809                      .dwattr $C$DW$946, DW_AT_decl_file("/home/jose/ti/c2000/C2000Ware_26_01_00_00/device_support/f2837xd/
   10810                      .dwattr $C$DW$946, DW_AT_decl_line(0x98)
   10811                      .dwattr $C$DW$946, DW_AT_decl_column(0x0c)
   10812              
   10813              $C$DW$947       .dwtag  DW_TAG_member
   10814                      .dwattr $C$DW$947, DW_AT_type(*$C$DW$T$19)
   10815                      .dwattr $C$DW$947, DW_AT_name("rsvd2")
   10816                      .dwattr $C$DW$947, DW_AT_bit_offset(0x09)
   10817                      .dwattr $C$DW$947, DW_AT_bit_size(0x01)
   10818                      .dwattr $C$DW$947, DW_AT_accessibility(DW_ACCESS_public)
   10819                      .dwattr $C$DW$947, DW_AT_decl_file("/home/jose/ti/c2000/C2000Ware_26_01_00_00/device_support/f2837xd/
   10820                      .dwattr $C$DW$947, DW_AT_decl_line(0x99)
   10821                      .dwattr $C$DW$947, DW_AT_decl_column(0x0c)
   10822              
   10823              $C$DW$948       .dwtag  DW_TAG_member
   10824                      .dwattr $C$DW$948, DW_AT_type(*$C$DW$T$19)
   10825                      .dwattr $C$DW$948, DW_AT_name("rsvd3")
   10826                      .dwattr $C$DW$948, DW_AT_bit_offset(0x00)
   10827                      .dwattr $C$DW$948, DW_AT_bit_size(0x09)
   10828                      .dwattr $C$DW$948, DW_AT_accessibility(DW_ACCESS_public)
   10829                      .dwattr $C$DW$948, DW_AT_decl_file("/home/jose/ti/c2000/C2000Ware_26_01_00_00/device_support/f2837xd/
   10830                      .dwattr $C$DW$948, DW_AT_decl_line(0x9a)
   10831                      .dwattr $C$DW$948, DW_AT_decl_column(0x0c)
   10832              
   10833                      .dwattr $C$DW$T$82, DW_AT_decl_file("/home/jose/ti/c2000/C2000Ware_26_01_00_00/device_support/f2837xd
   10834                      .dwattr $C$DW$T$82, DW_AT_decl_line(0x93)
   10835                      .dwattr $C$DW$T$82, DW_AT_decl_column(0x08)
   10836                      .dwendtag $C$DW$T$82
   10837              
   10838                      .dwendtag $C$DW$TU$82
   10839              
   10840              
   10841              $C$DW$TU$83     .dwtag  DW_TAG_type_unit
   10842                      .dwmtype  $C$DW$T$83
   10843              
   10844              $C$DW$T$83      .dwtag  DW_TAG_union_type
   10845                      .dwattr $C$DW$T$83, DW_AT_name("SPIPRI_REG")
   10846                      .dwattr $C$DW$T$83, DW_AT_byte_size(0x01)
   10847              $C$DW$949       .dwtag  DW_TAG_member
   10848                      .dwattr $C$DW$949, DW_AT_type(*$C$DW$T$19)
   10849                      .dwattr $C$DW$949, DW_AT_name("all")
   10850                      .dwattr $C$DW$949, DW_AT_accessibility(DW_ACCESS_public)
   10851                      .dwattr $C$DW$949, DW_AT_decl_file("/home/jose/ti/c2000/C2000Ware_26_01_00_00/device_support/f2837xd/
   10852                      .dwattr $C$DW$949, DW_AT_decl_line(0x9e)
   10853                      .dwattr $C$DW$949, DW_AT_decl_column(0x0d)
   10854              
   10855              $C$DW$950       .dwtag  DW_TAG_member
TMS320C2000 Assembler Unix v25.11.0 Sat May 30 20:22:51 2026

Copyright (c) 1996-2018 Texas Instruments Incorporated
drv8305.asm                                                          PAGE  199

   10856                      .dwattr $C$DW$950, DW_AT_type(*$C$DW$T$82)
   10857                      .dwattr $C$DW$950, DW_AT_name("bit")
   10858                      .dwattr $C$DW$950, DW_AT_accessibility(DW_ACCESS_public)
   10859                      .dwattr $C$DW$950, DW_AT_decl_file("/home/jose/ti/c2000/C2000Ware_26_01_00_00/device_support/f2837xd/
   10860                      .dwattr $C$DW$950, DW_AT_decl_line(0x9f)
   10861                      .dwattr $C$DW$950, DW_AT_decl_column(0x1a)
   10862              
   10863                      .dwattr $C$DW$T$83, DW_AT_decl_file("/home/jose/ti/c2000/C2000Ware_26_01_00_00/device_support/f2837xd
   10864                      .dwattr $C$DW$T$83, DW_AT_decl_line(0x9d)
   10865                      .dwattr $C$DW$T$83, DW_AT_decl_column(0x07)
   10866                      .dwendtag $C$DW$T$83
   10867              
   10868                      .dwendtag $C$DW$TU$83
   10869              
   10870              
   10871              $C$DW$TU$84     .dwtag  DW_TAG_type_unit
   10872                      .dwmtype  $C$DW$T$84
   10873              
   10874              $C$DW$T$84      .dwtag  DW_TAG_structure_type
   10875                      .dwattr $C$DW$T$84, DW_AT_name("SPISTS_BITS")
   10876                      .dwattr $C$DW$T$84, DW_AT_byte_size(0x01)
   10877              $C$DW$951       .dwtag  DW_TAG_member
   10878                      .dwattr $C$DW$951, DW_AT_type(*$C$DW$T$19)
   10879                      .dwattr $C$DW$951, DW_AT_name("rsvd1")
   10880                      .dwattr $C$DW$951, DW_AT_bit_offset(0x0b)
   10881                      .dwattr $C$DW$951, DW_AT_bit_size(0x05)
   10882                      .dwattr $C$DW$951, DW_AT_accessibility(DW_ACCESS_public)
   10883                      .dwattr $C$DW$951, DW_AT_decl_file("/home/jose/ti/c2000/C2000Ware_26_01_00_00/device_support/f2837xd/
   10884                      .dwattr $C$DW$951, DW_AT_decl_line(0x53)
   10885                      .dwattr $C$DW$951, DW_AT_decl_column(0x0c)
   10886              
   10887              $C$DW$952       .dwtag  DW_TAG_member
   10888                      .dwattr $C$DW$952, DW_AT_type(*$C$DW$T$19)
   10889                      .dwattr $C$DW$952, DW_AT_name("BUFFULL_FLAG")
   10890                      .dwattr $C$DW$952, DW_AT_bit_offset(0x0a)
   10891                      .dwattr $C$DW$952, DW_AT_bit_size(0x01)
   10892                      .dwattr $C$DW$952, DW_AT_accessibility(DW_ACCESS_public)
   10893                      .dwattr $C$DW$952, DW_AT_decl_file("/home/jose/ti/c2000/C2000Ware_26_01_00_00/device_support/f2837xd/
   10894                      .dwattr $C$DW$952, DW_AT_decl_line(0x54)
   10895                      .dwattr $C$DW$952, DW_AT_decl_column(0x0c)
   10896              
   10897              $C$DW$953       .dwtag  DW_TAG_member
   10898                      .dwattr $C$DW$953, DW_AT_type(*$C$DW$T$19)
   10899                      .dwattr $C$DW$953, DW_AT_name("INT_FLAG")
   10900                      .dwattr $C$DW$953, DW_AT_bit_offset(0x09)
   10901                      .dwattr $C$DW$953, DW_AT_bit_size(0x01)
   10902                      .dwattr $C$DW$953, DW_AT_accessibility(DW_ACCESS_public)
   10903                      .dwattr $C$DW$953, DW_AT_decl_file("/home/jose/ti/c2000/C2000Ware_26_01_00_00/device_support/f2837xd/
   10904                      .dwattr $C$DW$953, DW_AT_decl_line(0x55)
   10905                      .dwattr $C$DW$953, DW_AT_decl_column(0x0c)
   10906              
   10907              $C$DW$954       .dwtag  DW_TAG_member
   10908                      .dwattr $C$DW$954, DW_AT_type(*$C$DW$T$19)
   10909                      .dwattr $C$DW$954, DW_AT_name("OVERRUN_FLAG")
   10910                      .dwattr $C$DW$954, DW_AT_bit_offset(0x08)
TMS320C2000 Assembler Unix v25.11.0 Sat May 30 20:22:51 2026

Copyright (c) 1996-2018 Texas Instruments Incorporated
drv8305.asm                                                          PAGE  200

   10911                      .dwattr $C$DW$954, DW_AT_bit_size(0x01)
   10912                      .dwattr $C$DW$954, DW_AT_accessibility(DW_ACCESS_public)
   10913                      .dwattr $C$DW$954, DW_AT_decl_file("/home/jose/ti/c2000/C2000Ware_26_01_00_00/device_support/f2837xd/
   10914                      .dwattr $C$DW$954, DW_AT_decl_line(0x56)
   10915                      .dwattr $C$DW$954, DW_AT_decl_column(0x0c)
   10916              
   10917              $C$DW$955       .dwtag  DW_TAG_member
   10918                      .dwattr $C$DW$955, DW_AT_type(*$C$DW$T$19)
   10919                      .dwattr $C$DW$955, DW_AT_name("rsvd2")
   10920                      .dwattr $C$DW$955, DW_AT_bit_offset(0x00)
   10921                      .dwattr $C$DW$955, DW_AT_bit_size(0x08)
   10922                      .dwattr $C$DW$955, DW_AT_accessibility(DW_ACCESS_public)
   10923                      .dwattr $C$DW$955, DW_AT_decl_file("/home/jose/ti/c2000/C2000Ware_26_01_00_00/device_support/f2837xd/
   10924                      .dwattr $C$DW$955, DW_AT_decl_line(0x57)
   10925                      .dwattr $C$DW$955, DW_AT_decl_column(0x0c)
   10926              
   10927                      .dwattr $C$DW$T$84, DW_AT_decl_file("/home/jose/ti/c2000/C2000Ware_26_01_00_00/device_support/f2837xd
   10928                      .dwattr $C$DW$T$84, DW_AT_decl_line(0x52)
   10929                      .dwattr $C$DW$T$84, DW_AT_decl_column(0x08)
   10930                      .dwendtag $C$DW$T$84
   10931              
   10932                      .dwendtag $C$DW$TU$84
   10933              
   10934              
   10935              $C$DW$TU$85     .dwtag  DW_TAG_type_unit
   10936                      .dwmtype  $C$DW$T$85
   10937              
   10938              $C$DW$T$85      .dwtag  DW_TAG_union_type
   10939                      .dwattr $C$DW$T$85, DW_AT_name("SPISTS_REG")
   10940                      .dwattr $C$DW$T$85, DW_AT_byte_size(0x01)
   10941              $C$DW$956       .dwtag  DW_TAG_member
   10942                      .dwattr $C$DW$956, DW_AT_type(*$C$DW$T$19)
   10943                      .dwattr $C$DW$956, DW_AT_name("all")
   10944                      .dwattr $C$DW$956, DW_AT_accessibility(DW_ACCESS_public)
   10945                      .dwattr $C$DW$956, DW_AT_decl_file("/home/jose/ti/c2000/C2000Ware_26_01_00_00/device_support/f2837xd/
   10946                      .dwattr $C$DW$956, DW_AT_decl_line(0x5b)
   10947                      .dwattr $C$DW$956, DW_AT_decl_column(0x0d)
   10948              
   10949              $C$DW$957       .dwtag  DW_TAG_member
   10950                      .dwattr $C$DW$957, DW_AT_type(*$C$DW$T$84)
   10951                      .dwattr $C$DW$957, DW_AT_name("bit")
   10952                      .dwattr $C$DW$957, DW_AT_accessibility(DW_ACCESS_public)
   10953                      .dwattr $C$DW$957, DW_AT_decl_file("/home/jose/ti/c2000/C2000Ware_26_01_00_00/device_support/f2837xd/
   10954                      .dwattr $C$DW$957, DW_AT_decl_line(0x5c)
   10955                      .dwattr $C$DW$957, DW_AT_decl_column(0x1a)
   10956              
   10957                      .dwattr $C$DW$T$85, DW_AT_decl_file("/home/jose/ti/c2000/C2000Ware_26_01_00_00/device_support/f2837xd
   10958                      .dwattr $C$DW$T$85, DW_AT_decl_line(0x5a)
   10959                      .dwattr $C$DW$T$85, DW_AT_decl_column(0x07)
   10960                      .dwendtag $C$DW$T$85
   10961              
   10962                      .dwendtag $C$DW$TU$85
   10963              
   10964              
   10965              $C$DW$TU$87     .dwtag  DW_TAG_type_unit
TMS320C2000 Assembler Unix v25.11.0 Sat May 30 20:22:51 2026

Copyright (c) 1996-2018 Texas Instruments Incorporated
drv8305.asm                                                          PAGE  201

   10966                      .dwmtype  $C$DW$T$87
   10967              
   10968              $C$DW$T$87      .dwtag  DW_TAG_structure_type
   10969                      .dwattr $C$DW$T$87, DW_AT_name("SPI_REGS")
   10970                      .dwattr $C$DW$T$87, DW_AT_byte_size(0x10)
   10971              $C$DW$958       .dwtag  DW_TAG_member
   10972                      .dwattr $C$DW$958, DW_AT_type(*$C$DW$T$73)
   10973                      .dwattr $C$DW$958, DW_AT_name("SPICCR")
   10974                      .dwattr $C$DW$958, DW_AT_accessibility(DW_ACCESS_public)
   10975                      .dwattr $C$DW$958, DW_AT_decl_file("/home/jose/ti/c2000/C2000Ware_26_01_00_00/device_support/f2837xd/
   10976                      .dwattr $C$DW$958, DW_AT_decl_line(0xa3)
   10977                      .dwattr $C$DW$958, DW_AT_decl_column(0x2e)
   10978              
   10979              $C$DW$959       .dwtag  DW_TAG_member
   10980                      .dwattr $C$DW$959, DW_AT_type(*$C$DW$T$75)
   10981                      .dwattr $C$DW$959, DW_AT_name("SPICTL")
   10982                      .dwattr $C$DW$959, DW_AT_data_member_location[DW_OP_plus_uconst 0x1]
   10983                      .dwattr $C$DW$959, DW_AT_accessibility(DW_ACCESS_public)
   10984                      .dwattr $C$DW$959, DW_AT_decl_file("/home/jose/ti/c2000/C2000Ware_26_01_00_00/device_support/f2837xd/
   10985                      .dwattr $C$DW$959, DW_AT_decl_line(0xa4)
   10986                      .dwattr $C$DW$959, DW_AT_decl_column(0x2e)
   10987              
   10988              $C$DW$960       .dwtag  DW_TAG_member
   10989                      .dwattr $C$DW$960, DW_AT_type(*$C$DW$T$85)
   10990                      .dwattr $C$DW$960, DW_AT_name("SPISTS")
   10991                      .dwattr $C$DW$960, DW_AT_data_member_location[DW_OP_plus_uconst 0x2]
   10992                      .dwattr $C$DW$960, DW_AT_accessibility(DW_ACCESS_public)
   10993                      .dwattr $C$DW$960, DW_AT_decl_file("/home/jose/ti/c2000/C2000Ware_26_01_00_00/device_support/f2837xd/
   10994                      .dwattr $C$DW$960, DW_AT_decl_line(0xa5)
   10995                      .dwattr $C$DW$960, DW_AT_decl_column(0x2e)
   10996              
   10997              $C$DW$961       .dwtag  DW_TAG_member
   10998                      .dwattr $C$DW$961, DW_AT_type(*$C$DW$T$19)
   10999                      .dwattr $C$DW$961, DW_AT_name("rsvd1")
   11000                      .dwattr $C$DW$961, DW_AT_data_member_location[DW_OP_plus_uconst 0x3]
   11001                      .dwattr $C$DW$961, DW_AT_accessibility(DW_ACCESS_public)
   11002                      .dwattr $C$DW$961, DW_AT_decl_file("/home/jose/ti/c2000/C2000Ware_26_01_00_00/device_support/f2837xd/
   11003                      .dwattr $C$DW$961, DW_AT_decl_line(0xa6)
   11004                      .dwattr $C$DW$961, DW_AT_decl_column(0x2e)
   11005              
   11006              $C$DW$962       .dwtag  DW_TAG_member
   11007                      .dwattr $C$DW$962, DW_AT_type(*$C$DW$T$71)
   11008                      .dwattr $C$DW$962, DW_AT_name("SPIBRR")
   11009                      .dwattr $C$DW$962, DW_AT_data_member_location[DW_OP_plus_uconst 0x4]
   11010                      .dwattr $C$DW$962, DW_AT_accessibility(DW_ACCESS_public)
   11011                      .dwattr $C$DW$962, DW_AT_decl_file("/home/jose/ti/c2000/C2000Ware_26_01_00_00/device_support/f2837xd/
   11012                      .dwattr $C$DW$962, DW_AT_decl_line(0xa7)
   11013                      .dwattr $C$DW$962, DW_AT_decl_column(0x2e)
   11014              
   11015              $C$DW$963       .dwtag  DW_TAG_member
   11016                      .dwattr $C$DW$963, DW_AT_type(*$C$DW$T$19)
   11017                      .dwattr $C$DW$963, DW_AT_name("rsvd2")
   11018                      .dwattr $C$DW$963, DW_AT_data_member_location[DW_OP_plus_uconst 0x5]
   11019                      .dwattr $C$DW$963, DW_AT_accessibility(DW_ACCESS_public)
   11020                      .dwattr $C$DW$963, DW_AT_decl_file("/home/jose/ti/c2000/C2000Ware_26_01_00_00/device_support/f2837xd/
TMS320C2000 Assembler Unix v25.11.0 Sat May 30 20:22:51 2026

Copyright (c) 1996-2018 Texas Instruments Incorporated
drv8305.asm                                                          PAGE  202

   11021                      .dwattr $C$DW$963, DW_AT_decl_line(0xa8)
   11022                      .dwattr $C$DW$963, DW_AT_decl_column(0x2e)
   11023              
   11024              $C$DW$964       .dwtag  DW_TAG_member
   11025                      .dwattr $C$DW$964, DW_AT_type(*$C$DW$T$19)
   11026                      .dwattr $C$DW$964, DW_AT_name("SPIRXEMU")
   11027                      .dwattr $C$DW$964, DW_AT_data_member_location[DW_OP_plus_uconst 0x6]
   11028                      .dwattr $C$DW$964, DW_AT_accessibility(DW_ACCESS_public)
   11029                      .dwattr $C$DW$964, DW_AT_decl_file("/home/jose/ti/c2000/C2000Ware_26_01_00_00/device_support/f2837xd/
   11030                      .dwattr $C$DW$964, DW_AT_decl_line(0xa9)
   11031                      .dwattr $C$DW$964, DW_AT_decl_column(0x2e)
   11032              
   11033              $C$DW$965       .dwtag  DW_TAG_member
   11034                      .dwattr $C$DW$965, DW_AT_type(*$C$DW$T$19)
   11035                      .dwattr $C$DW$965, DW_AT_name("SPIRXBUF")
   11036                      .dwattr $C$DW$965, DW_AT_data_member_location[DW_OP_plus_uconst 0x7]
   11037                      .dwattr $C$DW$965, DW_AT_accessibility(DW_ACCESS_public)
   11038                      .dwattr $C$DW$965, DW_AT_decl_file("/home/jose/ti/c2000/C2000Ware_26_01_00_00/device_support/f2837xd/
   11039                      .dwattr $C$DW$965, DW_AT_decl_line(0xaa)
   11040                      .dwattr $C$DW$965, DW_AT_decl_column(0x2e)
   11041              
   11042              $C$DW$966       .dwtag  DW_TAG_member
   11043                      .dwattr $C$DW$966, DW_AT_type(*$C$DW$T$19)
   11044                      .dwattr $C$DW$966, DW_AT_name("SPITXBUF")
   11045                      .dwattr $C$DW$966, DW_AT_data_member_location[DW_OP_plus_uconst 0x8]
   11046                      .dwattr $C$DW$966, DW_AT_accessibility(DW_ACCESS_public)
   11047                      .dwattr $C$DW$966, DW_AT_decl_file("/home/jose/ti/c2000/C2000Ware_26_01_00_00/device_support/f2837xd/
   11048                      .dwattr $C$DW$966, DW_AT_decl_line(0xab)
   11049                      .dwattr $C$DW$966, DW_AT_decl_column(0x2e)
   11050              
   11051              $C$DW$967       .dwtag  DW_TAG_member
   11052                      .dwattr $C$DW$967, DW_AT_type(*$C$DW$T$19)
   11053                      .dwattr $C$DW$967, DW_AT_name("SPIDAT")
   11054                      .dwattr $C$DW$967, DW_AT_data_member_location[DW_OP_plus_uconst 0x9]
   11055                      .dwattr $C$DW$967, DW_AT_accessibility(DW_ACCESS_public)
   11056                      .dwattr $C$DW$967, DW_AT_decl_file("/home/jose/ti/c2000/C2000Ware_26_01_00_00/device_support/f2837xd/
   11057                      .dwattr $C$DW$967, DW_AT_decl_line(0xac)
   11058                      .dwattr $C$DW$967, DW_AT_decl_column(0x2e)
   11059              
   11060              $C$DW$968       .dwtag  DW_TAG_member
   11061                      .dwattr $C$DW$968, DW_AT_type(*$C$DW$T$81)
   11062                      .dwattr $C$DW$968, DW_AT_name("SPIFFTX")
   11063                      .dwattr $C$DW$968, DW_AT_data_member_location[DW_OP_plus_uconst 0xa]
   11064                      .dwattr $C$DW$968, DW_AT_accessibility(DW_ACCESS_public)
   11065                      .dwattr $C$DW$968, DW_AT_decl_file("/home/jose/ti/c2000/C2000Ware_26_01_00_00/device_support/f2837xd/
   11066                      .dwattr $C$DW$968, DW_AT_decl_line(0xad)
   11067                      .dwattr $C$DW$968, DW_AT_decl_column(0x2e)
   11068              
   11069              $C$DW$969       .dwtag  DW_TAG_member
   11070                      .dwattr $C$DW$969, DW_AT_type(*$C$DW$T$79)
   11071                      .dwattr $C$DW$969, DW_AT_name("SPIFFRX")
   11072                      .dwattr $C$DW$969, DW_AT_data_member_location[DW_OP_plus_uconst 0xb]
   11073                      .dwattr $C$DW$969, DW_AT_accessibility(DW_ACCESS_public)
   11074                      .dwattr $C$DW$969, DW_AT_decl_file("/home/jose/ti/c2000/C2000Ware_26_01_00_00/device_support/f2837xd/
   11075                      .dwattr $C$DW$969, DW_AT_decl_line(0xae)
TMS320C2000 Assembler Unix v25.11.0 Sat May 30 20:22:51 2026

Copyright (c) 1996-2018 Texas Instruments Incorporated
drv8305.asm                                                          PAGE  203

   11076                      .dwattr $C$DW$969, DW_AT_decl_column(0x2e)
   11077              
   11078              $C$DW$970       .dwtag  DW_TAG_member
   11079                      .dwattr $C$DW$970, DW_AT_type(*$C$DW$T$77)
   11080                      .dwattr $C$DW$970, DW_AT_name("SPIFFCT")
   11081                      .dwattr $C$DW$970, DW_AT_data_member_location[DW_OP_plus_uconst 0xc]
   11082                      .dwattr $C$DW$970, DW_AT_accessibility(DW_ACCESS_public)
   11083                      .dwattr $C$DW$970, DW_AT_decl_file("/home/jose/ti/c2000/C2000Ware_26_01_00_00/device_support/f2837xd/
   11084                      .dwattr $C$DW$970, DW_AT_decl_line(0xaf)
   11085                      .dwattr $C$DW$970, DW_AT_decl_column(0x2e)
   11086              
   11087              $C$DW$971       .dwtag  DW_TAG_member
   11088                      .dwattr $C$DW$971, DW_AT_type(*$C$DW$T$86)
   11089                      .dwattr $C$DW$971, DW_AT_name("rsvd3")
   11090                      .dwattr $C$DW$971, DW_AT_data_member_location[DW_OP_plus_uconst 0xd]
   11091                      .dwattr $C$DW$971, DW_AT_accessibility(DW_ACCESS_public)
   11092                      .dwattr $C$DW$971, DW_AT_decl_file("/home/jose/ti/c2000/C2000Ware_26_01_00_00/device_support/f2837xd/
   11093                      .dwattr $C$DW$971, DW_AT_decl_line(0xb0)
   11094                      .dwattr $C$DW$971, DW_AT_decl_column(0x2e)
   11095              
   11096              $C$DW$972       .dwtag  DW_TAG_member
   11097                      .dwattr $C$DW$972, DW_AT_type(*$C$DW$T$83)
   11098                      .dwattr $C$DW$972, DW_AT_name("SPIPRI")
   11099                      .dwattr $C$DW$972, DW_AT_data_member_location[DW_OP_plus_uconst 0xf]
   11100                      .dwattr $C$DW$972, DW_AT_accessibility(DW_ACCESS_public)
   11101                      .dwattr $C$DW$972, DW_AT_decl_file("/home/jose/ti/c2000/C2000Ware_26_01_00_00/device_support/f2837xd/
   11102                      .dwattr $C$DW$972, DW_AT_decl_line(0xb1)
   11103                      .dwattr $C$DW$972, DW_AT_decl_column(0x2e)
   11104              
   11105                      .dwattr $C$DW$T$87, DW_AT_decl_file("/home/jose/ti/c2000/C2000Ware_26_01_00_00/device_support/f2837xd
   11106                      .dwattr $C$DW$T$87, DW_AT_decl_line(0xa2)
   11107                      .dwattr $C$DW$T$87, DW_AT_decl_column(0x08)
   11108                      .dwendtag $C$DW$T$87
   11109              
   11110                      .dwendtag $C$DW$TU$87
   11111              
   11112              
   11113              $C$DW$TU$105    .dwtag  DW_TAG_type_unit
   11114                      .dwmtype  $C$DW$T$105
   11115              $C$DW$973       .dwtag  DW_TAG_TI_far_type
   11116                      .dwattr $C$DW$973, DW_AT_type(*$C$DW$T$87)
   11117              
   11118              $C$DW$T$105     .dwtag  DW_TAG_volatile_type
   11119                      .dwattr $C$DW$T$105, DW_AT_type(*$C$DW$973)
   11120              
   11121                      .dwendtag $C$DW$TU$105
   11122              
   11123              
   11124              $C$DW$TU$2      .dwtag  DW_TAG_type_unit
   11125                      .dwmtype  $C$DW$T$2
   11126              $C$DW$T$2       .dwtag  DW_TAG_unspecified_type
   11127                      .dwattr $C$DW$T$2, DW_AT_name("void")
   11128              
   11129                      .dwendtag $C$DW$TU$2
   11130              
TMS320C2000 Assembler Unix v25.11.0 Sat May 30 20:22:51 2026

Copyright (c) 1996-2018 Texas Instruments Incorporated
drv8305.asm                                                          PAGE  204

   11131              
   11132              $C$DW$TU$4      .dwtag  DW_TAG_type_unit
   11133                      .dwmtype  $C$DW$T$4
   11134              $C$DW$T$4       .dwtag  DW_TAG_base_type
   11135                      .dwattr $C$DW$T$4, DW_AT_encoding(DW_ATE_boolean)
   11136                      .dwattr $C$DW$T$4, DW_AT_name("bool")
   11137                      .dwattr $C$DW$T$4, DW_AT_byte_size(0x01)
   11138              
   11139                      .dwendtag $C$DW$TU$4
   11140              
   11141              
   11142              $C$DW$TU$5      .dwtag  DW_TAG_type_unit
   11143                      .dwmtype  $C$DW$T$5
   11144              $C$DW$T$5       .dwtag  DW_TAG_base_type
   11145                      .dwattr $C$DW$T$5, DW_AT_encoding(DW_ATE_signed_char)
   11146                      .dwattr $C$DW$T$5, DW_AT_name("signed char")
   11147                      .dwattr $C$DW$T$5, DW_AT_byte_size(0x01)
   11148              
   11149                      .dwendtag $C$DW$TU$5
   11150              
   11151              
   11152              $C$DW$TU$6      .dwtag  DW_TAG_type_unit
   11153                      .dwmtype  $C$DW$T$6
   11154              $C$DW$T$6       .dwtag  DW_TAG_base_type
   11155                      .dwattr $C$DW$T$6, DW_AT_encoding(DW_ATE_unsigned_char)
   11156                      .dwattr $C$DW$T$6, DW_AT_name("unsigned char")
   11157                      .dwattr $C$DW$T$6, DW_AT_byte_size(0x01)
   11158              
   11159                      .dwendtag $C$DW$TU$6
   11160              
   11161              
   11162              $C$DW$TU$7      .dwtag  DW_TAG_type_unit
   11163                      .dwmtype  $C$DW$T$7
   11164              $C$DW$T$7       .dwtag  DW_TAG_base_type
   11165                      .dwattr $C$DW$T$7, DW_AT_encoding(DW_ATE_signed_char)
   11166                      .dwattr $C$DW$T$7, DW_AT_name("wchar_t")
   11167                      .dwattr $C$DW$T$7, DW_AT_byte_size(0x02)
   11168              
   11169                      .dwendtag $C$DW$TU$7
   11170              
   11171              
   11172              $C$DW$TU$8      .dwtag  DW_TAG_type_unit
   11173                      .dwmtype  $C$DW$T$8
   11174              $C$DW$T$8       .dwtag  DW_TAG_base_type
   11175                      .dwattr $C$DW$T$8, DW_AT_encoding(DW_ATE_signed)
   11176                      .dwattr $C$DW$T$8, DW_AT_name("short")
   11177                      .dwattr $C$DW$T$8, DW_AT_byte_size(0x01)
   11178              
   11179                      .dwendtag $C$DW$TU$8
   11180              
   11181              
   11182              $C$DW$TU$9      .dwtag  DW_TAG_type_unit
   11183                      .dwmtype  $C$DW$T$9
   11184              $C$DW$T$9       .dwtag  DW_TAG_base_type
   11185                      .dwattr $C$DW$T$9, DW_AT_encoding(DW_ATE_unsigned)
TMS320C2000 Assembler Unix v25.11.0 Sat May 30 20:22:51 2026

Copyright (c) 1996-2018 Texas Instruments Incorporated
drv8305.asm                                                          PAGE  205

   11186                      .dwattr $C$DW$T$9, DW_AT_name("unsigned short")
   11187                      .dwattr $C$DW$T$9, DW_AT_byte_size(0x01)
   11188              
   11189                      .dwendtag $C$DW$TU$9
   11190              
   11191              
   11192              $C$DW$TU$113    .dwtag  DW_TAG_type_unit
   11193                      .dwmtype  $C$DW$T$113
   11194              $C$DW$T$113     .dwtag  DW_TAG_typedef
   11195                      .dwattr $C$DW$T$113, DW_AT_name("__uint16_t")
   11196                      .dwattr $C$DW$T$113, DW_AT_type(*$C$DW$T$9)
   11197                      .dwattr $C$DW$T$113, DW_AT_decl_file("/home/jose/ti/ccs2051/ccs/tools/compiler/ti-cgt-c2000_25.11.0.L
   11198                      .dwattr $C$DW$T$113, DW_AT_decl_line(0x41)
   11199                      .dwattr $C$DW$T$113, DW_AT_decl_column(0x1c)
   11200              
   11201                      .dwendtag $C$DW$TU$113
   11202              
   11203              
   11204              $C$DW$TU$114    .dwtag  DW_TAG_type_unit
   11205                      .dwmtype  $C$DW$T$114
   11206              $C$DW$T$114     .dwtag  DW_TAG_typedef
   11207                      .dwattr $C$DW$T$114, DW_AT_name("uint16_t")
   11208                      .dwattr $C$DW$T$114, DW_AT_type(*$C$DW$T$113)
   11209                      .dwattr $C$DW$T$114, DW_AT_decl_file("/home/jose/ti/ccs2051/ccs/tools/compiler/ti-cgt-c2000_25.11.0.L
   11210                      .dwattr $C$DW$T$114, DW_AT_decl_line(0x41)
   11211                      .dwattr $C$DW$T$114, DW_AT_decl_column(0x15)
   11212              
   11213                      .dwendtag $C$DW$TU$114
   11214              
   11215              
   11216              $C$DW$TU$120    .dwtag  DW_TAG_type_unit
   11217                      .dwmtype  $C$DW$T$120
   11218              $C$DW$974       .dwtag  DW_TAG_TI_far_type
   11219                      .dwattr $C$DW$974, DW_AT_type(*$C$DW$T$114)
   11220              
   11221              $C$DW$T$120     .dwtag  DW_TAG_const_type
   11222                      .dwattr $C$DW$T$120, DW_AT_type(*$C$DW$974)
   11223              
   11224                      .dwendtag $C$DW$TU$120
   11225              
   11226              
   11227              $C$DW$TU$10     .dwtag  DW_TAG_type_unit
   11228                      .dwmtype  $C$DW$T$10
   11229              $C$DW$T$10      .dwtag  DW_TAG_base_type
   11230                      .dwattr $C$DW$T$10, DW_AT_encoding(DW_ATE_signed)
   11231                      .dwattr $C$DW$T$10, DW_AT_name("int")
   11232                      .dwattr $C$DW$T$10, DW_AT_byte_size(0x01)
   11233              
   11234                      .dwendtag $C$DW$TU$10
   11235              
   11236              
   11237              $C$DW$TU$11     .dwtag  DW_TAG_type_unit
   11238                      .dwmtype  $C$DW$T$11
   11239              $C$DW$T$11      .dwtag  DW_TAG_base_type
   11240                      .dwattr $C$DW$T$11, DW_AT_encoding(DW_ATE_unsigned)
TMS320C2000 Assembler Unix v25.11.0 Sat May 30 20:22:51 2026

Copyright (c) 1996-2018 Texas Instruments Incorporated
drv8305.asm                                                          PAGE  206

   11241                      .dwattr $C$DW$T$11, DW_AT_name("unsigned int")
   11242                      .dwattr $C$DW$T$11, DW_AT_byte_size(0x01)
   11243              
   11244                      .dwendtag $C$DW$TU$11
   11245              
   11246              
   11247              $C$DW$TU$19     .dwtag  DW_TAG_type_unit
   11248                      .dwmtype  $C$DW$T$19
   11249              $C$DW$T$19      .dwtag  DW_TAG_typedef
   11250                      .dwattr $C$DW$T$19, DW_AT_name("Uint16")
   11251                      .dwattr $C$DW$T$19, DW_AT_type(*$C$DW$T$11)
   11252                      .dwattr $C$DW$T$19, DW_AT_decl_file("/home/jose/ti/c2000/C2000Ware_26_01_00_00/device_support/f2837xd
   11253                      .dwattr $C$DW$T$19, DW_AT_decl_line(0x124)
   11254                      .dwattr $C$DW$T$19, DW_AT_decl_column(0x31)
   11255              
   11256                      .dwendtag $C$DW$TU$19
   11257              
   11258              
   11259              $C$DW$TU$86     .dwtag  DW_TAG_type_unit
   11260                      .dwmtype  $C$DW$T$86
   11261              
   11262              $C$DW$T$86      .dwtag  DW_TAG_array_type
   11263                      .dwattr $C$DW$T$86, DW_AT_type(*$C$DW$T$19)
   11264                      .dwattr $C$DW$T$86, DW_AT_byte_size(0x02)
   11265              $C$DW$975       .dwtag  DW_TAG_subrange_type
   11266                      .dwattr $C$DW$975, DW_AT_upper_bound(0x01)
   11267              
   11268                      .dwendtag $C$DW$T$86
   11269              
   11270                      .dwendtag $C$DW$TU$86
   11271              
   11272              
   11273              $C$DW$TU$12     .dwtag  DW_TAG_type_unit
   11274                      .dwmtype  $C$DW$T$12
   11275              $C$DW$T$12      .dwtag  DW_TAG_base_type
   11276                      .dwattr $C$DW$T$12, DW_AT_encoding(DW_ATE_signed)
   11277                      .dwattr $C$DW$T$12, DW_AT_name("long")
   11278                      .dwattr $C$DW$T$12, DW_AT_byte_size(0x02)
   11279              
   11280                      .dwendtag $C$DW$TU$12
   11281              
   11282              
   11283              $C$DW$TU$13     .dwtag  DW_TAG_type_unit
   11284                      .dwmtype  $C$DW$T$13
   11285              $C$DW$T$13      .dwtag  DW_TAG_base_type
   11286                      .dwattr $C$DW$T$13, DW_AT_encoding(DW_ATE_unsigned)
   11287                      .dwattr $C$DW$T$13, DW_AT_name("unsigned long")
   11288                      .dwattr $C$DW$T$13, DW_AT_byte_size(0x02)
   11289              
   11290                      .dwendtag $C$DW$TU$13
   11291              
   11292              
   11293              $C$DW$TU$21     .dwtag  DW_TAG_type_unit
   11294                      .dwmtype  $C$DW$T$21
   11295              $C$DW$T$21      .dwtag  DW_TAG_typedef
TMS320C2000 Assembler Unix v25.11.0 Sat May 30 20:22:51 2026

Copyright (c) 1996-2018 Texas Instruments Incorporated
drv8305.asm                                                          PAGE  207

   11296                      .dwattr $C$DW$T$21, DW_AT_name("Uint32")
   11297                      .dwattr $C$DW$T$21, DW_AT_type(*$C$DW$T$13)
   11298                      .dwattr $C$DW$T$21, DW_AT_decl_file("/home/jose/ti/c2000/C2000Ware_26_01_00_00/device_support/f2837xd
   11299                      .dwattr $C$DW$T$21, DW_AT_decl_line(0x125)
   11300                      .dwattr $C$DW$T$21, DW_AT_decl_column(0x31)
   11301              
   11302                      .dwendtag $C$DW$TU$21
   11303              
   11304              
   11305              $C$DW$TU$14     .dwtag  DW_TAG_type_unit
   11306                      .dwmtype  $C$DW$T$14
   11307              $C$DW$T$14      .dwtag  DW_TAG_base_type
   11308                      .dwattr $C$DW$T$14, DW_AT_encoding(DW_ATE_signed)
   11309                      .dwattr $C$DW$T$14, DW_AT_name("long long")
   11310                      .dwattr $C$DW$T$14, DW_AT_byte_size(0x04)
   11311              
   11312                      .dwendtag $C$DW$TU$14
   11313              
   11314              
   11315              $C$DW$TU$15     .dwtag  DW_TAG_type_unit
   11316                      .dwmtype  $C$DW$T$15
   11317              $C$DW$T$15      .dwtag  DW_TAG_base_type
   11318                      .dwattr $C$DW$T$15, DW_AT_encoding(DW_ATE_unsigned)
   11319                      .dwattr $C$DW$T$15, DW_AT_name("unsigned long long")
   11320                      .dwattr $C$DW$T$15, DW_AT_byte_size(0x04)
   11321              
   11322                      .dwendtag $C$DW$TU$15
   11323              
   11324              
   11325              $C$DW$TU$16     .dwtag  DW_TAG_type_unit
   11326                      .dwmtype  $C$DW$T$16
   11327              $C$DW$T$16      .dwtag  DW_TAG_base_type
   11328                      .dwattr $C$DW$T$16, DW_AT_encoding(DW_ATE_float)
   11329                      .dwattr $C$DW$T$16, DW_AT_name("float")
   11330                      .dwattr $C$DW$T$16, DW_AT_byte_size(0x02)
   11331              
   11332                      .dwendtag $C$DW$TU$16
   11333              
   11334              
   11335              $C$DW$TU$17     .dwtag  DW_TAG_type_unit
   11336                      .dwmtype  $C$DW$T$17
   11337              $C$DW$T$17      .dwtag  DW_TAG_base_type
   11338                      .dwattr $C$DW$T$17, DW_AT_encoding(DW_ATE_float)
   11339                      .dwattr $C$DW$T$17, DW_AT_name("double")
   11340                      .dwattr $C$DW$T$17, DW_AT_byte_size(0x04)
   11341              
   11342                      .dwendtag $C$DW$TU$17
   11343              
   11344              
   11345              $C$DW$TU$18     .dwtag  DW_TAG_type_unit
   11346                      .dwmtype  $C$DW$T$18
   11347              $C$DW$T$18      .dwtag  DW_TAG_base_type
   11348                      .dwattr $C$DW$T$18, DW_AT_encoding(DW_ATE_float)
   11349                      .dwattr $C$DW$T$18, DW_AT_name("long double")
   11350                      .dwattr $C$DW$T$18, DW_AT_byte_size(0x04)
TMS320C2000 Assembler Unix v25.11.0 Sat May 30 20:22:51 2026

Copyright (c) 1996-2018 Texas Instruments Incorporated
drv8305.asm                                                          PAGE  208

   11351              
   11352                      .dwendtag $C$DW$TU$18
   11353              
   11354              
   11355              $C$DW$TU$126    .dwtag  DW_TAG_type_unit
   11356                      .dwmtype  $C$DW$T$126
   11357              $C$DW$T$126     .dwtag  DW_TAG_base_type
   11358                      .dwattr $C$DW$T$126, DW_AT_encoding(DW_ATE_unsigned_char)
   11359                      .dwattr $C$DW$T$126, DW_AT_name("unsigned char")
   11360                      .dwattr $C$DW$T$126, DW_AT_byte_size(0x01)
   11361              
   11362                      .dwendtag $C$DW$TU$126
   11363              

No Assembly Errors, No Assembly Warnings
