TMS320C2000 Assembler Unix v25.11.0 Sat May 30 20:22:51 2026

Copyright (c) 1996-2018 Texas Instruments Incorporated
hal_board.asm                                                        PAGE    1

       1              ;***************************************************************
       2              ;* TMS320C2000 G3 C/C++ Codegen                         Unix v25.11.0.LTS *
       3              ;* Date/Time created: Sat May 30 20:22:51 2026                 *
       4              ;***************************************************************
       5                      .compiler_opts --abi=eabi --cla_support=cla1 --diag_wrap=off --float_support=fpu32 --hll_source=on --
       6                      .asg    XAR2, FP
       7              
       8              $C$DW$CU        .dwtag  DW_TAG_compile_unit
       9                      .dwattr $C$DW$CU, DW_AT_name("../imported/hal/hal_board.c")
      10                      .dwattr $C$DW$CU, DW_AT_producer("TI TMS320C2000 G3 C/C++ Codegen Unix v25.11.0.LTS Copyright (c) 199
      11                      .dwattr $C$DW$CU, DW_AT_TI_version(0x01)
      12                      .dwattr $C$DW$CU, DW_AT_comp_dir("/home/jose/workspace_ccstheia/foc_f28379d/Debug_BOOSTXL_Teknic_QEP"
      13              
      14              $C$DW$1 .dwtag  DW_TAG_subprogram
      15                      .dwattr $C$DW$1, DW_AT_name("InitSysCtrl")
      16                      .dwattr $C$DW$1, DW_AT_linkage_name("InitSysCtrl")
      17                      .dwattr $C$DW$1, DW_AT_declaration
      18                      .dwattr $C$DW$1, DW_AT_external
      19                      .dwattr $C$DW$1, DW_AT_decl_file("/home/jose/ti/c2000/C2000Ware_26_01_00_00/device_support/f2837xd/co
      20                      .dwattr $C$DW$1, DW_AT_decl_line(0x57)
      21                      .dwattr $C$DW$1, DW_AT_decl_column(0x0d)
      22                      .dwendtag $C$DW$1
      23              
      24              
      25              $C$DW$2 .dwtag  DW_TAG_subprogram
      26                      .dwattr $C$DW$2, DW_AT_name("InitPieCtrl")
      27                      .dwattr $C$DW$2, DW_AT_linkage_name("InitPieCtrl")
      28                      .dwattr $C$DW$2, DW_AT_declaration
      29                      .dwattr $C$DW$2, DW_AT_external
      30                      .dwattr $C$DW$2, DW_AT_decl_file("/home/jose/ti/c2000/C2000Ware_26_01_00_00/device_support/f2837xd/co
      31                      .dwattr $C$DW$2, DW_AT_decl_line(0x52)
      32                      .dwattr $C$DW$2, DW_AT_decl_column(0x0d)
      33                      .dwendtag $C$DW$2
      34              
      35              
      36              $C$DW$3 .dwtag  DW_TAG_subprogram
      37                      .dwattr $C$DW$3, DW_AT_name("InitPieVectTable")
      38                      .dwattr $C$DW$3, DW_AT_linkage_name("InitPieVectTable")
      39                      .dwattr $C$DW$3, DW_AT_declaration
      40                      .dwattr $C$DW$3, DW_AT_external
      41                      .dwattr $C$DW$3, DW_AT_decl_file("/home/jose/ti/c2000/C2000Ware_26_01_00_00/device_support/f2837xd/co
      42                      .dwattr $C$DW$3, DW_AT_decl_line(0x53)
      43                      .dwattr $C$DW$3, DW_AT_decl_column(0x0d)
      44                      .dwendtag $C$DW$3
      45              
      46              
      47              $C$DW$4 .dwtag  DW_TAG_subprogram
      48                      .dwattr $C$DW$4, DW_AT_name("GPIO_SetupPinMux")
      49                      .dwattr $C$DW$4, DW_AT_linkage_name("GPIO_SetupPinMux")
      50                      .dwattr $C$DW$4, DW_AT_declaration
      51                      .dwattr $C$DW$4, DW_AT_external
      52                      .dwattr $C$DW$4, DW_AT_decl_file("/home/jose/ti/c2000/C2000Ware_26_01_00_00/device_support/f2837xd/co
      53                      .dwattr $C$DW$4, DW_AT_decl_line(0x102)
      54                      .dwattr $C$DW$4, DW_AT_decl_column(0x0d)
      55              $C$DW$5 .dwtag  DW_TAG_formal_parameter
TMS320C2000 Assembler Unix v25.11.0 Sat May 30 20:22:51 2026

Copyright (c) 1996-2018 Texas Instruments Incorporated
hal_board.asm                                                        PAGE    2

      56                      .dwattr $C$DW$5, DW_AT_type(*$C$DW$T$19)
      57              
      58              $C$DW$6 .dwtag  DW_TAG_formal_parameter
      59                      .dwattr $C$DW$6, DW_AT_type(*$C$DW$T$19)
      60              
      61              $C$DW$7 .dwtag  DW_TAG_formal_parameter
      62                      .dwattr $C$DW$7, DW_AT_type(*$C$DW$T$19)
      63              
      64                      .dwendtag $C$DW$4
      65              
      66              
      67              $C$DW$8 .dwtag  DW_TAG_subprogram
      68                      .dwattr $C$DW$8, DW_AT_name("GPIO_SetupPinOptions")
      69                      .dwattr $C$DW$8, DW_AT_linkage_name("GPIO_SetupPinOptions")
      70                      .dwattr $C$DW$8, DW_AT_declaration
      71                      .dwattr $C$DW$8, DW_AT_external
      72                      .dwattr $C$DW$8, DW_AT_decl_file("/home/jose/ti/c2000/C2000Ware_26_01_00_00/device_support/f2837xd/co
      73                      .dwattr $C$DW$8, DW_AT_decl_line(0x103)
      74                      .dwattr $C$DW$8, DW_AT_decl_column(0x0d)
      75              $C$DW$9 .dwtag  DW_TAG_formal_parameter
      76                      .dwattr $C$DW$9, DW_AT_type(*$C$DW$T$19)
      77              
      78              $C$DW$10        .dwtag  DW_TAG_formal_parameter
      79                      .dwattr $C$DW$10, DW_AT_type(*$C$DW$T$19)
      80              
      81              $C$DW$11        .dwtag  DW_TAG_formal_parameter
      82                      .dwattr $C$DW$11, DW_AT_type(*$C$DW$T$19)
      83              
      84                      .dwendtag $C$DW$8
      85              
      86              $C$DW$12        .dwtag  DW_TAG_variable
      87                      .dwattr $C$DW$12, DW_AT_name("GpioDataRegs")
      88                      .dwattr $C$DW$12, DW_AT_linkage_name("GpioDataRegs")
      89                      .dwattr $C$DW$12, DW_AT_type(*$C$DW$T$78)
      90                      .dwattr $C$DW$12, DW_AT_declaration
      91                      .dwattr $C$DW$12, DW_AT_external
      92                      .dwattr $C$DW$12, DW_AT_decl_file("/home/jose/ti/c2000/C2000Ware_26_01_00_00/device_support/f2837xd/h
      93                      .dwattr $C$DW$12, DW_AT_decl_line(0xf1d)
      94                      .dwattr $C$DW$12, DW_AT_decl_column(0x27)
      95              
      96              ;       /home/jose/ti/ccs2051/ccs/tools/compiler/ti-cgt-c2000_25.11.0.LTS/bin/opt2000 /tmp/TI6X0MYu7gS /tmp/T
      97              ;       /home/jose/ti/ccs2051/ccs/tools/compiler/ti-cgt-c2000_25.11.0.LTS/bin/acia2000 -@/tmp/TI6X0TB4B0N 
      98 00000000               .sect   ".text:hal_board_led_red"
      99                      .clink
     100                      .global ||hal_board_led_red||
     101              
     102              $C$DW$13        .dwtag  DW_TAG_subprogram
     103                      .dwattr $C$DW$13, DW_AT_name("hal_board_led_red")
     104                      .dwattr $C$DW$13, DW_AT_low_pc(||hal_board_led_red||)
     105                      .dwattr $C$DW$13, DW_AT_high_pc(0x00)
     106                      .dwattr $C$DW$13, DW_AT_linkage_name("hal_board_led_red")
     107                      .dwattr $C$DW$13, DW_AT_external
     108                      .dwattr $C$DW$13, DW_AT_decl_file("../imported/hal/hal_board.c")
     109                      .dwattr $C$DW$13, DW_AT_decl_line(0x26)
     110                      .dwattr $C$DW$13, DW_AT_decl_column(0x06)
TMS320C2000 Assembler Unix v25.11.0 Sat May 30 20:22:51 2026

Copyright (c) 1996-2018 Texas Instruments Incorporated
hal_board.asm                                                        PAGE    3

     111                      .dwattr $C$DW$13, DW_AT_TI_max_frame_size(-2)
     112                      .dwpsn  file "../imported/hal/hal_board.c",line 39,column 1,is_stmt,address ||hal_board_led_red||,isa
     113              
     114                      .dwfde $C$DW$CIE, ||hal_board_led_red||
     115              $C$DW$14        .dwtag  DW_TAG_formal_parameter
     116                      .dwattr $C$DW$14, DW_AT_name("on")
     117                      .dwattr $C$DW$14, DW_AT_type(*$C$DW$T$10)
     118                      .dwattr $C$DW$14, DW_AT_location[DW_OP_reg0]
     119              
     120              
     121              ;***************************************************************
     122              ;* FNAME: hal_board_led_red             FR SIZE:   0           *
     123              ;*                                                             *
     124              ;* FUNCTION ENVIRONMENT                                        *
     125              ;*                                                             *
     126              ;* FUNCTION PROPERTIES                                         *
     127              ;*                            0 Parameter,  0 Auto,  0 SOE     *
     128              ;***************************************************************
     129              
     130              ||hal_board_led_red||:
     131              ;* AL    assigned to on
     132              $C$DW$15        .dwtag  DW_TAG_variable
     133                      .dwattr $C$DW$15, DW_AT_name("on")
     134                      .dwattr $C$DW$15, DW_AT_type(*$C$DW$T$88)
     135                      .dwattr $C$DW$15, DW_AT_location[DW_OP_reg0]
     136              
     137                      .dwcfi  cfa_offset, -2
     138                      .dwcfi  save_reg_to_mem, 26, 0
     139                      .dwpsn  file "../imported/hal/hal_board.c",line 40,column 5,is_stmt,isa 0
     140 00000000 5200          CMPB      AL,#0                 ; [CPU_ALU] |40| 
     141 00000001 6006          B         ||$C$L1||,NEQ         ; [CPU_ALU] |40| 
     142                      ; branchcc occurs ; [] |40| 
     143                      .dwcfi  remember_state
     144 00000002 761F!         MOVW      DP,#||GpioDataRegs||+10 ; [CPU_ARAU] 
         00000003 0000 
     145                      .dwpsn  file "../imported/hal/hal_board.c",line 41,column 15,is_stmt,isa 0
     146 00000004 1A0A!         OR        @$BLOCKED(||GpioDataRegs||)+10,#0x0004 ; [CPU_ALU] |41| 
         00000005 0004 
     147              $C$DW$16        .dwtag  DW_TAG_TI_branch
     148                      .dwattr $C$DW$16, DW_AT_low_pc(0x00)
     149                      .dwattr $C$DW$16, DW_AT_TI_return
     150              
     151 00000006 0006          LRETR     ; [CPU_ALU] 
     152                      ; return occurs ; [] 
     153                      .dwcfi  restore_state
     154 00000007       ||$C$L1||:    
     155 00000007 761F!         MOVW      DP,#||GpioDataRegs||+12 ; [CPU_ARAU] 
         00000008 0000 
     156                      .dwpsn  file "../imported/hal/hal_board.c",line 40,column 15,is_stmt,isa 0
     157 00000009 1A0C!         OR        @$BLOCKED(||GpioDataRegs||)+12,#0x0004 ; [CPU_ALU] |40| 
         0000000a 0004 
     158              $C$DW$17        .dwtag  DW_TAG_TI_branch
     159                      .dwattr $C$DW$17, DW_AT_low_pc(0x00)
     160                      .dwattr $C$DW$17, DW_AT_TI_return
     161              
TMS320C2000 Assembler Unix v25.11.0 Sat May 30 20:22:51 2026

Copyright (c) 1996-2018 Texas Instruments Incorporated
hal_board.asm                                                        PAGE    4

     162 0000000b 0006          LRETR     ; [CPU_ALU] 
     163                      ; return occurs ; [] 
     164                      .dwattr $C$DW$13, DW_AT_TI_end_file("../imported/hal/hal_board.c")
     165                      .dwattr $C$DW$13, DW_AT_TI_end_line(0x2a)
     166                      .dwattr $C$DW$13, DW_AT_TI_end_column(0x01)
     167                      .dwendentry
     168                      .dwendtag $C$DW$13
     169              
     170 00000000               .sect   ".text:hal_board_led_blue"
     171                      .clink
     172                      .global ||hal_board_led_blue||
     173              
     174              $C$DW$18        .dwtag  DW_TAG_subprogram
     175                      .dwattr $C$DW$18, DW_AT_name("hal_board_led_blue")
     176                      .dwattr $C$DW$18, DW_AT_low_pc(||hal_board_led_blue||)
     177                      .dwattr $C$DW$18, DW_AT_high_pc(0x00)
     178                      .dwattr $C$DW$18, DW_AT_linkage_name("hal_board_led_blue")
     179                      .dwattr $C$DW$18, DW_AT_external
     180                      .dwattr $C$DW$18, DW_AT_decl_file("../imported/hal/hal_board.c")
     181                      .dwattr $C$DW$18, DW_AT_decl_line(0x20)
     182                      .dwattr $C$DW$18, DW_AT_decl_column(0x06)
     183                      .dwattr $C$DW$18, DW_AT_TI_max_frame_size(-2)
     184                      .dwpsn  file "../imported/hal/hal_board.c",line 33,column 1,is_stmt,address ||hal_board_led_blue||,is
     185              
     186                      .dwfde $C$DW$CIE, ||hal_board_led_blue||
     187              $C$DW$19        .dwtag  DW_TAG_formal_parameter
     188                      .dwattr $C$DW$19, DW_AT_name("on")
     189                      .dwattr $C$DW$19, DW_AT_type(*$C$DW$T$10)
     190                      .dwattr $C$DW$19, DW_AT_location[DW_OP_reg0]
     191              
     192              
     193              ;***************************************************************
     194              ;* FNAME: hal_board_led_blue            FR SIZE:   0           *
     195              ;*                                                             *
     196              ;* FUNCTION ENVIRONMENT                                        *
     197              ;*                                                             *
     198              ;* FUNCTION PROPERTIES                                         *
     199              ;*                            0 Parameter,  0 Auto,  0 SOE     *
     200              ;***************************************************************
     201              
     202              ||hal_board_led_blue||:
     203              ;* AL    assigned to on
     204              $C$DW$20        .dwtag  DW_TAG_variable
     205                      .dwattr $C$DW$20, DW_AT_name("on")
     206                      .dwattr $C$DW$20, DW_AT_type(*$C$DW$T$88)
     207                      .dwattr $C$DW$20, DW_AT_location[DW_OP_reg0]
     208              
     209                      .dwcfi  cfa_offset, -2
     210                      .dwcfi  save_reg_to_mem, 26, 0
     211                      .dwpsn  file "../imported/hal/hal_board.c",line 34,column 5,is_stmt,isa 0
     212 00000000 5200          CMPB      AL,#0                 ; [CPU_ALU] |34| 
     213 00000001 6006          B         ||$C$L2||,NEQ         ; [CPU_ALU] |34| 
     214                      ; branchcc occurs ; [] |34| 
     215                      .dwcfi  remember_state
     216 00000002 761F!         MOVW      DP,#||GpioDataRegs||+3 ; [CPU_ARAU] 
TMS320C2000 Assembler Unix v25.11.0 Sat May 30 20:22:51 2026

Copyright (c) 1996-2018 Texas Instruments Incorporated
hal_board.asm                                                        PAGE    5

         00000003 0000 
     217                      .dwpsn  file "../imported/hal/hal_board.c",line 35,column 15,is_stmt,isa 0
     218 00000004 1A03!         OR        @$BLOCKED(||GpioDataRegs||)+3,#0x8000 ; [CPU_ALU] |35| 
         00000005 8000 
     219              $C$DW$21        .dwtag  DW_TAG_TI_branch
     220                      .dwattr $C$DW$21, DW_AT_low_pc(0x00)
     221                      .dwattr $C$DW$21, DW_AT_TI_return
     222              
     223 00000006 0006          LRETR     ; [CPU_ALU] 
     224                      ; return occurs ; [] 
     225                      .dwcfi  restore_state
     226 00000007       ||$C$L2||:    
     227 00000007 761F!         MOVW      DP,#||GpioDataRegs||+5 ; [CPU_ARAU] 
         00000008 0000 
     228                      .dwpsn  file "../imported/hal/hal_board.c",line 34,column 15,is_stmt,isa 0
     229 00000009 1A05!         OR        @$BLOCKED(||GpioDataRegs||)+5,#0x8000 ; [CPU_ALU] |34| 
         0000000a 8000 
     230              $C$DW$22        .dwtag  DW_TAG_TI_branch
     231                      .dwattr $C$DW$22, DW_AT_low_pc(0x00)
     232                      .dwattr $C$DW$22, DW_AT_TI_return
     233              
     234 0000000b 0006          LRETR     ; [CPU_ALU] 
     235                      ; return occurs ; [] 
     236                      .dwattr $C$DW$18, DW_AT_TI_end_file("../imported/hal/hal_board.c")
     237                      .dwattr $C$DW$18, DW_AT_TI_end_line(0x24)
     238                      .dwattr $C$DW$18, DW_AT_TI_end_column(0x01)
     239                      .dwendentry
     240                      .dwendtag $C$DW$18
     241              
     242 00000000               .sect   ".text:hal_board_init"
     243                      .clink
     244                      .global ||hal_board_init||
     245              
     246              $C$DW$23        .dwtag  DW_TAG_subprogram
     247                      .dwattr $C$DW$23, DW_AT_name("hal_board_init")
     248                      .dwattr $C$DW$23, DW_AT_low_pc(||hal_board_init||)
     249                      .dwattr $C$DW$23, DW_AT_high_pc(0x00)
     250                      .dwattr $C$DW$23, DW_AT_linkage_name("hal_board_init")
     251                      .dwattr $C$DW$23, DW_AT_external
     252                      .dwattr $C$DW$23, DW_AT_decl_file("../imported/hal/hal_board.c")
     253                      .dwattr $C$DW$23, DW_AT_decl_line(0x05)
     254                      .dwattr $C$DW$23, DW_AT_decl_column(0x06)
     255                      .dwattr $C$DW$23, DW_AT_TI_max_frame_size(-4)
     256                      .dwpsn  file "../imported/hal/hal_board.c",line 6,column 1,is_stmt,address ||hal_board_init||,isa 0
     257              
     258                      .dwfde $C$DW$CIE, ||hal_board_init||
     259              
     260              ;***************************************************************
     261              ;* FNAME: hal_board_init                FR SIZE:   2           *
     262              ;*                                                             *
     263              ;* FUNCTION ENVIRONMENT                                        *
     264              ;*                                                             *
     265              ;* FUNCTION PROPERTIES                                         *
     266              ;*                            0 Parameter,  0 Auto,  2 SOE     *
     267              ;***************************************************************
TMS320C2000 Assembler Unix v25.11.0 Sat May 30 20:22:51 2026

Copyright (c) 1996-2018 Texas Instruments Incorporated
hal_board.asm                                                        PAGE    6

     268              
     269 00000000       ||hal_board_init||:
     270              ;* AR1   assigned to $O$C1
     271                      .dwcfi  cfa_offset, -2
     272                      .dwcfi  save_reg_to_mem, 26, 0
     273 00000000 B2BD          MOVL      *SP++,XAR1            ; [CPU_ALU] 
     274                      .dwcfi  save_reg_to_mem, 7, 2
     275                      .dwcfi  cfa_offset, -4
     276                      .dwpsn  file "../imported/hal/hal_board.c",line 7,column 5,is_stmt,isa 0
     277              $C$DW$24        .dwtag  DW_TAG_TI_branch
     278                      .dwattr $C$DW$24, DW_AT_low_pc(0x00)
     279                      .dwattr $C$DW$24, DW_AT_name("InitSysCtrl")
     280                      .dwattr $C$DW$24, DW_AT_TI_call
     281              
     282 00000001 7640!         LCR       #||InitSysCtrl||      ; [CPU_ALU] |7| 
         00000002 0000 
     283                      ; call occurs [#||InitSysCtrl||] ; [] |7| 
     284 00000003 3B10   setc INTM
     285 00000004 FF69          SPM       #0                    ; [CPU_ALU] 
     286                      .dwpsn  file "../imported/hal/hal_board.c",line 9,column 5,is_stmt,isa 0
     287              $C$DW$25        .dwtag  DW_TAG_TI_branch
     288                      .dwattr $C$DW$25, DW_AT_low_pc(0x00)
     289                      .dwattr $C$DW$25, DW_AT_name("InitPieCtrl")
     290                      .dwattr $C$DW$25, DW_AT_TI_call
     291              
     292 00000005 7640!         LCR       #||InitPieCtrl||      ; [CPU_ALU] |9| 
         00000006 0000 
     293                      ; call occurs [#||InitPieCtrl||] ; [] |9| 
     294                      .dwpsn  file "../imported/hal/hal_board.c",line 10,column 5,is_stmt,isa 0
     295 00000007 7626          AND       IER,#0x0000           ; [CPU_ALU] |10| 
         00000008 0000 
     296                      .dwpsn  file "../imported/hal/hal_board.c",line 11,column 5,is_stmt,isa 0
     297 00000009 762F          AND       IFR,#0x0000           ; [CPU_ALU] |11| 
         0000000a 0000 
     298                      .dwpsn  file "../imported/hal/hal_board.c",line 12,column 5,is_stmt,isa 0
     299              $C$DW$26        .dwtag  DW_TAG_TI_branch
     300                      .dwattr $C$DW$26, DW_AT_low_pc(0x00)
     301                      .dwattr $C$DW$26, DW_AT_name("InitPieVectTable")
     302                      .dwattr $C$DW$26, DW_AT_TI_call
     303              
     304 0000000b 7640!         LCR       #||InitPieVectTable|| ; [CPU_ALU] |12| 
         0000000c 0000 
     305                      ; call occurs [#||InitPieVectTable||] ; [] |12| 
     306 0000000d 7622   EALLOW
     307                      .dwpsn  file "../imported/hal/hal_board.c",line 16,column 5,is_stmt,isa 0
     308 0000000e 9A1F          MOVB      AL,#31                ; [CPU_ALU] |16| 
     309 0000000f D400          MOVB      XAR4,#0               ; [CPU_ALU] |16| 
     310 00000010 9B00          MOVB      AH,#0                 ; [CPU_ALU] |16| 
     311 00000011 FF69          SPM       #0                    ; [CPU_ALU] 
     312              $C$DW$27        .dwtag  DW_TAG_TI_branch
     313                      .dwattr $C$DW$27, DW_AT_low_pc(0x00)
     314                      .dwattr $C$DW$27, DW_AT_name("GPIO_SetupPinMux")
     315                      .dwattr $C$DW$27, DW_AT_TI_call
     316              
     317 00000012 7640!         LCR       #||GPIO_SetupPinMux|| ; [CPU_ALU] |16| 
TMS320C2000 Assembler Unix v25.11.0 Sat May 30 20:22:51 2026

Copyright (c) 1996-2018 Texas Instruments Incorporated
hal_board.asm                                                        PAGE    7

         00000013 0000 
     318                      ; call occurs [#||GPIO_SetupPinMux||] ; [] |16| 
     319                      .dwpsn  file "../imported/hal/hal_board.c",line 17,column 5,is_stmt,isa 0
     320 00000014 9A1F          MOVB      AL,#31                ; [CPU_ALU] |17| 
     321 00000015 D400          MOVB      XAR4,#0               ; [CPU_ALU] |17| 
     322 00000016 9B01          MOVB      AH,#1                 ; [CPU_ALU] |17| 
     323              $C$DW$28        .dwtag  DW_TAG_TI_branch
     324                      .dwattr $C$DW$28, DW_AT_low_pc(0x00)
     325                      .dwattr $C$DW$28, DW_AT_name("GPIO_SetupPinOptions")
     326                      .dwattr $C$DW$28, DW_AT_TI_call
     327              
     328 00000017 7640!         LCR       #||GPIO_SetupPinOptions|| ; [CPU_ALU] |17| 
         00000018 0000 
     329                      ; call occurs [#||GPIO_SetupPinOptions||] ; [] |17| 
     330                      .dwpsn  file "../imported/hal/hal_board.c",line 18,column 5,is_stmt,isa 0
     331 00000019 8D40!         MOVL      XAR1,#||GpioDataRegs|| ; [CPU_ARAU] |18| 
         0000001a 0000 
     332 0000001b 8AA1          MOVL      XAR4,XAR1             ; [CPU_ALU] |18| 
     333                      .dwpsn  file "../imported/hal/hal_board.c",line 20,column 5,is_stmt,isa 0
     334 0000001c 9A22          MOVB      AL,#34                ; [CPU_ALU] |20| 
     335 0000001d 9B00          MOVB      AH,#0                 ; [CPU_ALU] |20| 
     336                      .dwpsn  file "../imported/hal/hal_board.c",line 18,column 5,is_stmt,isa 0
     337 0000001e DC03          ADDB      XAR4,#3               ; [CPU_ALU] |18| 
     338 0000001f 1AC4          OR        *+XAR4[0],#0x8000     ; [CPU_ALU] |18| 
         00000020 8000 
     339                      .dwpsn  file "../imported/hal/hal_board.c",line 20,column 5,is_stmt,isa 0
     340 00000021 D400          MOVB      XAR4,#0               ; [CPU_ALU] |20| 
     341              $C$DW$29        .dwtag  DW_TAG_TI_branch
     342                      .dwattr $C$DW$29, DW_AT_low_pc(0x00)
     343                      .dwattr $C$DW$29, DW_AT_name("GPIO_SetupPinMux")
     344                      .dwattr $C$DW$29, DW_AT_TI_call
     345              
     346 00000022 7640!         LCR       #||GPIO_SetupPinMux|| ; [CPU_ALU] |20| 
         00000023 0000 
     347                      ; call occurs [#||GPIO_SetupPinMux||] ; [] |20| 
     348                      .dwpsn  file "../imported/hal/hal_board.c",line 21,column 5,is_stmt,isa 0
     349 00000024 9A22          MOVB      AL,#34                ; [CPU_ALU] |21| 
     350 00000025 D400          MOVB      XAR4,#0               ; [CPU_ALU] |21| 
     351 00000026 9B01          MOVB      AH,#1                 ; [CPU_ALU] |21| 
     352              $C$DW$30        .dwtag  DW_TAG_TI_branch
     353                      .dwattr $C$DW$30, DW_AT_low_pc(0x00)
     354                      .dwattr $C$DW$30, DW_AT_name("GPIO_SetupPinOptions")
     355                      .dwattr $C$DW$30, DW_AT_TI_call
     356              
     357 00000027 7640!         LCR       #||GPIO_SetupPinOptions|| ; [CPU_ALU] |21| 
         00000028 0000 
     358                      ; call occurs [#||GPIO_SetupPinOptions||] ; [] |21| 
     359                      .dwpsn  file "../imported/hal/hal_board.c",line 22,column 5,is_stmt,isa 0
     360 00000029 D90A          ADDB      XAR1,#10              ; [CPU_ALU] |22| 
     361                      .dwpsn  file "../imported/hal/hal_board.c",line 25,column 5,is_stmt,isa 0
     362 0000002a 9A7C          MOVB      AL,#124               ; [CPU_FPU] |25| 
     363 0000002b D400          MOVB      XAR4,#0               ; [CPU_FPU] |25| 
     364 0000002c 9B00          MOVB      AH,#0                 ; [CPU_FPU] |25| 
     365                      .dwpsn  file "../imported/hal/hal_board.c",line 22,column 5,is_stmt,isa 0
     366 0000002d 1AC1          OR        *+XAR1[0],#0x0004     ; [CPU_ALU] |22| 
TMS320C2000 Assembler Unix v25.11.0 Sat May 30 20:22:51 2026

Copyright (c) 1996-2018 Texas Instruments Incorporated
hal_board.asm                                                        PAGE    8

         0000002e 0004 
     367                      .dwpsn  file "../imported/hal/hal_board.c",line 25,column 5,is_stmt,isa 0
     368              $C$DW$31        .dwtag  DW_TAG_TI_branch
     369                      .dwattr $C$DW$31, DW_AT_low_pc(0x00)
     370                      .dwattr $C$DW$31, DW_AT_name("GPIO_SetupPinMux")
     371                      .dwattr $C$DW$31, DW_AT_TI_call
     372              
     373 0000002f 7640!         LCR       #||GPIO_SetupPinMux|| ; [CPU_ALU] |25| 
         00000030 0000 
     374                      ; call occurs [#||GPIO_SetupPinMux||] ; [] |25| 
     375                      .dwpsn  file "../imported/hal/hal_board.c",line 26,column 5,is_stmt,isa 0
     376 00000031 9A7C          MOVB      AL,#124               ; [CPU_ALU] |26| 
     377 00000032 D400          MOVB      XAR4,#0               ; [CPU_ALU] |26| 
     378 00000033 9B01          MOVB      AH,#1                 ; [CPU_ALU] |26| 
     379              $C$DW$32        .dwtag  DW_TAG_TI_branch
     380                      .dwattr $C$DW$32, DW_AT_low_pc(0x00)
     381                      .dwattr $C$DW$32, DW_AT_name("GPIO_SetupPinOptions")
     382                      .dwattr $C$DW$32, DW_AT_TI_call
     383              
     384 00000034 7640!         LCR       #||GPIO_SetupPinOptions|| ; [CPU_ALU] |26| 
         00000035 0000 
     385                      ; call occurs [#||GPIO_SetupPinOptions||] ; [] |26| 
     386                      .dwpsn  file "../imported/hal/hal_board.c",line 27,column 5,is_stmt,isa 0
     387 00000036 9A13          MOVB      AL,#19                ; [CPU_ALU] |27| 
     388 00000037 D400          MOVB      XAR4,#0               ; [CPU_ALU] |27| 
     389 00000038 9B00          MOVB      AH,#0                 ; [CPU_ALU] |27| 
     390              $C$DW$33        .dwtag  DW_TAG_TI_branch
     391                      .dwattr $C$DW$33, DW_AT_low_pc(0x00)
     392                      .dwattr $C$DW$33, DW_AT_name("GPIO_SetupPinMux")
     393                      .dwattr $C$DW$33, DW_AT_TI_call
     394              
     395 00000039 7640!         LCR       #||GPIO_SetupPinMux|| ; [CPU_ALU] |27| 
         0000003a 0000 
     396                      ; call occurs [#||GPIO_SetupPinMux||] ; [] |27| 
     397                      .dwpsn  file "../imported/hal/hal_board.c",line 28,column 5,is_stmt,isa 0
     398 0000003b 9A13          MOVB      AL,#19                ; [CPU_ALU] |28| 
     399 0000003c D401          MOVB      XAR4,#1               ; [CPU_ALU] |28| 
     400 0000003d 9B00          MOVB      AH,#0                 ; [CPU_ALU] |28| 
     401              $C$DW$34        .dwtag  DW_TAG_TI_branch
     402                      .dwattr $C$DW$34, DW_AT_low_pc(0x00)
     403                      .dwattr $C$DW$34, DW_AT_name("GPIO_SetupPinOptions")
     404                      .dwattr $C$DW$34, DW_AT_TI_call
     405              
     406 0000003e 7640!         LCR       #||GPIO_SetupPinOptions|| ; [CPU_ALU] |28| 
         0000003f 0000 
     407                      ; call occurs [#||GPIO_SetupPinOptions||] ; [] |28| 
     408 00000040 761A   EDIS
     409 00000041 FF69          SPM       #0                    ; [CPU_ALU] 
     410 00000042 8BBE          MOVL      XAR1,*--SP            ; [CPU_ALU] 
     411                      .dwcfi  cfa_offset, -2
     412                      .dwcfi  restore_reg, 7
     413              $C$DW$35        .dwtag  DW_TAG_TI_branch
     414                      .dwattr $C$DW$35, DW_AT_low_pc(0x00)
     415                      .dwattr $C$DW$35, DW_AT_TI_return
     416              
TMS320C2000 Assembler Unix v25.11.0 Sat May 30 20:22:51 2026

Copyright (c) 1996-2018 Texas Instruments Incorporated
hal_board.asm                                                        PAGE    9

     417 00000043 0006          LRETR     ; [CPU_ALU] 
     418                      ; return occurs ; [] 
     419                      .dwattr $C$DW$23, DW_AT_TI_end_file("../imported/hal/hal_board.c")
     420                      .dwattr $C$DW$23, DW_AT_TI_end_line(0x1e)
     421                      .dwattr $C$DW$23, DW_AT_TI_end_column(0x01)
     422                      .dwendentry
     423                      .dwendtag $C$DW$23
     424              
     425              ;**************************************************************
     426              ;* UNDEFINED EXTERNAL REFERENCES                              *
     427              ;**************************************************************
     428                      .global ||InitSysCtrl||
     429                      .global ||InitPieCtrl||
     430                      .global ||InitPieVectTable||
     431                      .global ||GPIO_SetupPinMux||
     432                      .global ||GPIO_SetupPinOptions||
     433                      .global ||GpioDataRegs||
     434              
     435              ;***************************************************************
     436              ;* BUILD ATTRIBUTES                                            *
     437              ;***************************************************************
     438                      .battr "c28xabi", Tag_File, 1, Tag_float_args(0)
     439                      .battr "c28xabi", Tag_File, 1, Tag_double_args(0)
     440                      .dwattr $C$DW$CU, DW_AT_language(DW_LANG_C)
     441              
     442              ;***************************************************************
     443              ;* DWARF CIE ENTRIES                                           *
     444              ;***************************************************************
     445              
     446              $C$DW$CIE       .dwcie 26
     447                      .dwcfi  cfa_register, 20
     448                      .dwcfi  cfa_offset, 0
     449                      .dwcfi  same_value, 28
     450                      .dwcfi  same_value, 6
     451                      .dwcfi  same_value, 7
     452                      .dwcfi  same_value, 8
     453                      .dwcfi  same_value, 9
     454                      .dwcfi  same_value, 10
     455                      .dwcfi  same_value, 11
     456                      .dwcfi  same_value, 59
     457                      .dwcfi  same_value, 63
     458                      .dwcfi  same_value, 67
     459                      .dwcfi  same_value, 71
     460                      .dwendentry
     461                      .dwendtag $C$DW$CU
     462              
     463              
     464              ;***************************************************************
     465              ;* TYPE INFORMATION                                            *
     466              ;***************************************************************
     467              
     468              $C$DW$TU$20     .dwtag  DW_TAG_type_unit
     469                      .dwmtype  $C$DW$T$20
     470              
     471              $C$DW$T$20      .dwtag  DW_TAG_structure_type
TMS320C2000 Assembler Unix v25.11.0 Sat May 30 20:22:51 2026

Copyright (c) 1996-2018 Texas Instruments Incorporated
hal_board.asm                                                        PAGE   10

     472                      .dwattr $C$DW$T$20, DW_AT_name("GPACLEAR_BITS")
     473                      .dwattr $C$DW$T$20, DW_AT_byte_size(0x02)
     474              $C$DW$36        .dwtag  DW_TAG_member
     475                      .dwattr $C$DW$36, DW_AT_type(*$C$DW$T$19)
     476                      .dwattr $C$DW$36, DW_AT_name("GPIO0")
     477                      .dwattr $C$DW$36, DW_AT_bit_offset(0x0f)
     478                      .dwattr $C$DW$36, DW_AT_bit_size(0x01)
     479                      .dwattr $C$DW$36, DW_AT_accessibility(DW_ACCESS_public)
     480                      .dwattr $C$DW$36, DW_AT_decl_file("/home/jose/ti/c2000/C2000Ware_26_01_00_00/device_support/f2837xd/h
     481                      .dwattr $C$DW$36, DW_AT_decl_line(0xb8e)
     482                      .dwattr $C$DW$36, DW_AT_decl_column(0x0c)
     483              
     484              $C$DW$37        .dwtag  DW_TAG_member
     485                      .dwattr $C$DW$37, DW_AT_type(*$C$DW$T$19)
     486                      .dwattr $C$DW$37, DW_AT_name("GPIO1")
     487                      .dwattr $C$DW$37, DW_AT_bit_offset(0x0e)
     488                      .dwattr $C$DW$37, DW_AT_bit_size(0x01)
     489                      .dwattr $C$DW$37, DW_AT_accessibility(DW_ACCESS_public)
     490                      .dwattr $C$DW$37, DW_AT_decl_file("/home/jose/ti/c2000/C2000Ware_26_01_00_00/device_support/f2837xd/h
     491                      .dwattr $C$DW$37, DW_AT_decl_line(0xb8f)
     492                      .dwattr $C$DW$37, DW_AT_decl_column(0x0c)
     493              
     494              $C$DW$38        .dwtag  DW_TAG_member
     495                      .dwattr $C$DW$38, DW_AT_type(*$C$DW$T$19)
     496                      .dwattr $C$DW$38, DW_AT_name("GPIO2")
     497                      .dwattr $C$DW$38, DW_AT_bit_offset(0x0d)
     498                      .dwattr $C$DW$38, DW_AT_bit_size(0x01)
     499                      .dwattr $C$DW$38, DW_AT_accessibility(DW_ACCESS_public)
     500                      .dwattr $C$DW$38, DW_AT_decl_file("/home/jose/ti/c2000/C2000Ware_26_01_00_00/device_support/f2837xd/h
     501                      .dwattr $C$DW$38, DW_AT_decl_line(0xb90)
     502                      .dwattr $C$DW$38, DW_AT_decl_column(0x0c)
     503              
     504              $C$DW$39        .dwtag  DW_TAG_member
     505                      .dwattr $C$DW$39, DW_AT_type(*$C$DW$T$19)
     506                      .dwattr $C$DW$39, DW_AT_name("GPIO3")
     507                      .dwattr $C$DW$39, DW_AT_bit_offset(0x0c)
     508                      .dwattr $C$DW$39, DW_AT_bit_size(0x01)
     509                      .dwattr $C$DW$39, DW_AT_accessibility(DW_ACCESS_public)
     510                      .dwattr $C$DW$39, DW_AT_decl_file("/home/jose/ti/c2000/C2000Ware_26_01_00_00/device_support/f2837xd/h
     511                      .dwattr $C$DW$39, DW_AT_decl_line(0xb91)
     512                      .dwattr $C$DW$39, DW_AT_decl_column(0x0c)
     513              
     514              $C$DW$40        .dwtag  DW_TAG_member
     515                      .dwattr $C$DW$40, DW_AT_type(*$C$DW$T$19)
     516                      .dwattr $C$DW$40, DW_AT_name("GPIO4")
     517                      .dwattr $C$DW$40, DW_AT_bit_offset(0x0b)
     518                      .dwattr $C$DW$40, DW_AT_bit_size(0x01)
     519                      .dwattr $C$DW$40, DW_AT_accessibility(DW_ACCESS_public)
     520                      .dwattr $C$DW$40, DW_AT_decl_file("/home/jose/ti/c2000/C2000Ware_26_01_00_00/device_support/f2837xd/h
     521                      .dwattr $C$DW$40, DW_AT_decl_line(0xb92)
     522                      .dwattr $C$DW$40, DW_AT_decl_column(0x0c)
     523              
     524              $C$DW$41        .dwtag  DW_TAG_member
     525                      .dwattr $C$DW$41, DW_AT_type(*$C$DW$T$19)
     526                      .dwattr $C$DW$41, DW_AT_name("GPIO5")
TMS320C2000 Assembler Unix v25.11.0 Sat May 30 20:22:51 2026

Copyright (c) 1996-2018 Texas Instruments Incorporated
hal_board.asm                                                        PAGE   11

     527                      .dwattr $C$DW$41, DW_AT_bit_offset(0x0a)
     528                      .dwattr $C$DW$41, DW_AT_bit_size(0x01)
     529                      .dwattr $C$DW$41, DW_AT_accessibility(DW_ACCESS_public)
     530                      .dwattr $C$DW$41, DW_AT_decl_file("/home/jose/ti/c2000/C2000Ware_26_01_00_00/device_support/f2837xd/h
     531                      .dwattr $C$DW$41, DW_AT_decl_line(0xb93)
     532                      .dwattr $C$DW$41, DW_AT_decl_column(0x0c)
     533              
     534              $C$DW$42        .dwtag  DW_TAG_member
     535                      .dwattr $C$DW$42, DW_AT_type(*$C$DW$T$19)
     536                      .dwattr $C$DW$42, DW_AT_name("GPIO6")
     537                      .dwattr $C$DW$42, DW_AT_bit_offset(0x09)
     538                      .dwattr $C$DW$42, DW_AT_bit_size(0x01)
     539                      .dwattr $C$DW$42, DW_AT_accessibility(DW_ACCESS_public)
     540                      .dwattr $C$DW$42, DW_AT_decl_file("/home/jose/ti/c2000/C2000Ware_26_01_00_00/device_support/f2837xd/h
     541                      .dwattr $C$DW$42, DW_AT_decl_line(0xb94)
     542                      .dwattr $C$DW$42, DW_AT_decl_column(0x0c)
     543              
     544              $C$DW$43        .dwtag  DW_TAG_member
     545                      .dwattr $C$DW$43, DW_AT_type(*$C$DW$T$19)
     546                      .dwattr $C$DW$43, DW_AT_name("GPIO7")
     547                      .dwattr $C$DW$43, DW_AT_bit_offset(0x08)
     548                      .dwattr $C$DW$43, DW_AT_bit_size(0x01)
     549                      .dwattr $C$DW$43, DW_AT_accessibility(DW_ACCESS_public)
     550                      .dwattr $C$DW$43, DW_AT_decl_file("/home/jose/ti/c2000/C2000Ware_26_01_00_00/device_support/f2837xd/h
     551                      .dwattr $C$DW$43, DW_AT_decl_line(0xb95)
     552                      .dwattr $C$DW$43, DW_AT_decl_column(0x0c)
     553              
     554              $C$DW$44        .dwtag  DW_TAG_member
     555                      .dwattr $C$DW$44, DW_AT_type(*$C$DW$T$19)
     556                      .dwattr $C$DW$44, DW_AT_name("GPIO8")
     557                      .dwattr $C$DW$44, DW_AT_bit_offset(0x07)
     558                      .dwattr $C$DW$44, DW_AT_bit_size(0x01)
     559                      .dwattr $C$DW$44, DW_AT_accessibility(DW_ACCESS_public)
     560                      .dwattr $C$DW$44, DW_AT_decl_file("/home/jose/ti/c2000/C2000Ware_26_01_00_00/device_support/f2837xd/h
     561                      .dwattr $C$DW$44, DW_AT_decl_line(0xb96)
     562                      .dwattr $C$DW$44, DW_AT_decl_column(0x0c)
     563              
     564              $C$DW$45        .dwtag  DW_TAG_member
     565                      .dwattr $C$DW$45, DW_AT_type(*$C$DW$T$19)
     566                      .dwattr $C$DW$45, DW_AT_name("GPIO9")
     567                      .dwattr $C$DW$45, DW_AT_bit_offset(0x06)
     568                      .dwattr $C$DW$45, DW_AT_bit_size(0x01)
     569                      .dwattr $C$DW$45, DW_AT_accessibility(DW_ACCESS_public)
     570                      .dwattr $C$DW$45, DW_AT_decl_file("/home/jose/ti/c2000/C2000Ware_26_01_00_00/device_support/f2837xd/h
     571                      .dwattr $C$DW$45, DW_AT_decl_line(0xb97)
     572                      .dwattr $C$DW$45, DW_AT_decl_column(0x0c)
     573              
     574              $C$DW$46        .dwtag  DW_TAG_member
     575                      .dwattr $C$DW$46, DW_AT_type(*$C$DW$T$19)
     576                      .dwattr $C$DW$46, DW_AT_name("GPIO10")
     577                      .dwattr $C$DW$46, DW_AT_bit_offset(0x05)
     578                      .dwattr $C$DW$46, DW_AT_bit_size(0x01)
     579                      .dwattr $C$DW$46, DW_AT_accessibility(DW_ACCESS_public)
     580                      .dwattr $C$DW$46, DW_AT_decl_file("/home/jose/ti/c2000/C2000Ware_26_01_00_00/device_support/f2837xd/h
     581                      .dwattr $C$DW$46, DW_AT_decl_line(0xb98)
TMS320C2000 Assembler Unix v25.11.0 Sat May 30 20:22:51 2026

Copyright (c) 1996-2018 Texas Instruments Incorporated
hal_board.asm                                                        PAGE   12

     582                      .dwattr $C$DW$46, DW_AT_decl_column(0x0c)
     583              
     584              $C$DW$47        .dwtag  DW_TAG_member
     585                      .dwattr $C$DW$47, DW_AT_type(*$C$DW$T$19)
     586                      .dwattr $C$DW$47, DW_AT_name("GPIO11")
     587                      .dwattr $C$DW$47, DW_AT_bit_offset(0x04)
     588                      .dwattr $C$DW$47, DW_AT_bit_size(0x01)
     589                      .dwattr $C$DW$47, DW_AT_accessibility(DW_ACCESS_public)
     590                      .dwattr $C$DW$47, DW_AT_decl_file("/home/jose/ti/c2000/C2000Ware_26_01_00_00/device_support/f2837xd/h
     591                      .dwattr $C$DW$47, DW_AT_decl_line(0xb99)
     592                      .dwattr $C$DW$47, DW_AT_decl_column(0x0c)
     593              
     594              $C$DW$48        .dwtag  DW_TAG_member
     595                      .dwattr $C$DW$48, DW_AT_type(*$C$DW$T$19)
     596                      .dwattr $C$DW$48, DW_AT_name("GPIO12")
     597                      .dwattr $C$DW$48, DW_AT_bit_offset(0x03)
     598                      .dwattr $C$DW$48, DW_AT_bit_size(0x01)
     599                      .dwattr $C$DW$48, DW_AT_accessibility(DW_ACCESS_public)
     600                      .dwattr $C$DW$48, DW_AT_decl_file("/home/jose/ti/c2000/C2000Ware_26_01_00_00/device_support/f2837xd/h
     601                      .dwattr $C$DW$48, DW_AT_decl_line(0xb9a)
     602                      .dwattr $C$DW$48, DW_AT_decl_column(0x0c)
     603              
     604              $C$DW$49        .dwtag  DW_TAG_member
     605                      .dwattr $C$DW$49, DW_AT_type(*$C$DW$T$19)
     606                      .dwattr $C$DW$49, DW_AT_name("GPIO13")
     607                      .dwattr $C$DW$49, DW_AT_bit_offset(0x02)
     608                      .dwattr $C$DW$49, DW_AT_bit_size(0x01)
     609                      .dwattr $C$DW$49, DW_AT_accessibility(DW_ACCESS_public)
     610                      .dwattr $C$DW$49, DW_AT_decl_file("/home/jose/ti/c2000/C2000Ware_26_01_00_00/device_support/f2837xd/h
     611                      .dwattr $C$DW$49, DW_AT_decl_line(0xb9b)
     612                      .dwattr $C$DW$49, DW_AT_decl_column(0x0c)
     613              
     614              $C$DW$50        .dwtag  DW_TAG_member
     615                      .dwattr $C$DW$50, DW_AT_type(*$C$DW$T$19)
     616                      .dwattr $C$DW$50, DW_AT_name("GPIO14")
     617                      .dwattr $C$DW$50, DW_AT_bit_offset(0x01)
     618                      .dwattr $C$DW$50, DW_AT_bit_size(0x01)
     619                      .dwattr $C$DW$50, DW_AT_accessibility(DW_ACCESS_public)
     620                      .dwattr $C$DW$50, DW_AT_decl_file("/home/jose/ti/c2000/C2000Ware_26_01_00_00/device_support/f2837xd/h
     621                      .dwattr $C$DW$50, DW_AT_decl_line(0xb9c)
     622                      .dwattr $C$DW$50, DW_AT_decl_column(0x0c)
     623              
     624              $C$DW$51        .dwtag  DW_TAG_member
     625                      .dwattr $C$DW$51, DW_AT_type(*$C$DW$T$19)
     626                      .dwattr $C$DW$51, DW_AT_name("GPIO15")
     627                      .dwattr $C$DW$51, DW_AT_bit_offset(0x00)
     628                      .dwattr $C$DW$51, DW_AT_bit_size(0x01)
     629                      .dwattr $C$DW$51, DW_AT_accessibility(DW_ACCESS_public)
     630                      .dwattr $C$DW$51, DW_AT_decl_file("/home/jose/ti/c2000/C2000Ware_26_01_00_00/device_support/f2837xd/h
     631                      .dwattr $C$DW$51, DW_AT_decl_line(0xb9d)
     632                      .dwattr $C$DW$51, DW_AT_decl_column(0x0c)
     633              
     634              $C$DW$52        .dwtag  DW_TAG_member
     635                      .dwattr $C$DW$52, DW_AT_type(*$C$DW$T$19)
     636                      .dwattr $C$DW$52, DW_AT_name("GPIO16")
TMS320C2000 Assembler Unix v25.11.0 Sat May 30 20:22:51 2026

Copyright (c) 1996-2018 Texas Instruments Incorporated
hal_board.asm                                                        PAGE   13

     637                      .dwattr $C$DW$52, DW_AT_bit_offset(0x0f)
     638                      .dwattr $C$DW$52, DW_AT_bit_size(0x01)
     639                      .dwattr $C$DW$52, DW_AT_data_member_location[DW_OP_plus_uconst 0x1]
     640                      .dwattr $C$DW$52, DW_AT_accessibility(DW_ACCESS_public)
     641                      .dwattr $C$DW$52, DW_AT_decl_file("/home/jose/ti/c2000/C2000Ware_26_01_00_00/device_support/f2837xd/h
     642                      .dwattr $C$DW$52, DW_AT_decl_line(0xb9e)
     643                      .dwattr $C$DW$52, DW_AT_decl_column(0x0c)
     644              
     645              $C$DW$53        .dwtag  DW_TAG_member
     646                      .dwattr $C$DW$53, DW_AT_type(*$C$DW$T$19)
     647                      .dwattr $C$DW$53, DW_AT_name("GPIO17")
     648                      .dwattr $C$DW$53, DW_AT_bit_offset(0x0e)
     649                      .dwattr $C$DW$53, DW_AT_bit_size(0x01)
     650                      .dwattr $C$DW$53, DW_AT_data_member_location[DW_OP_plus_uconst 0x1]
     651                      .dwattr $C$DW$53, DW_AT_accessibility(DW_ACCESS_public)
     652                      .dwattr $C$DW$53, DW_AT_decl_file("/home/jose/ti/c2000/C2000Ware_26_01_00_00/device_support/f2837xd/h
     653                      .dwattr $C$DW$53, DW_AT_decl_line(0xb9f)
     654                      .dwattr $C$DW$53, DW_AT_decl_column(0x0c)
     655              
     656              $C$DW$54        .dwtag  DW_TAG_member
     657                      .dwattr $C$DW$54, DW_AT_type(*$C$DW$T$19)
     658                      .dwattr $C$DW$54, DW_AT_name("GPIO18")
     659                      .dwattr $C$DW$54, DW_AT_bit_offset(0x0d)
     660                      .dwattr $C$DW$54, DW_AT_bit_size(0x01)
     661                      .dwattr $C$DW$54, DW_AT_data_member_location[DW_OP_plus_uconst 0x1]
     662                      .dwattr $C$DW$54, DW_AT_accessibility(DW_ACCESS_public)
     663                      .dwattr $C$DW$54, DW_AT_decl_file("/home/jose/ti/c2000/C2000Ware_26_01_00_00/device_support/f2837xd/h
     664                      .dwattr $C$DW$54, DW_AT_decl_line(0xba0)
     665                      .dwattr $C$DW$54, DW_AT_decl_column(0x0c)
     666              
     667              $C$DW$55        .dwtag  DW_TAG_member
     668                      .dwattr $C$DW$55, DW_AT_type(*$C$DW$T$19)
     669                      .dwattr $C$DW$55, DW_AT_name("GPIO19")
     670                      .dwattr $C$DW$55, DW_AT_bit_offset(0x0c)
     671                      .dwattr $C$DW$55, DW_AT_bit_size(0x01)
     672                      .dwattr $C$DW$55, DW_AT_data_member_location[DW_OP_plus_uconst 0x1]
     673                      .dwattr $C$DW$55, DW_AT_accessibility(DW_ACCESS_public)
     674                      .dwattr $C$DW$55, DW_AT_decl_file("/home/jose/ti/c2000/C2000Ware_26_01_00_00/device_support/f2837xd/h
     675                      .dwattr $C$DW$55, DW_AT_decl_line(0xba1)
     676                      .dwattr $C$DW$55, DW_AT_decl_column(0x0c)
     677              
     678              $C$DW$56        .dwtag  DW_TAG_member
     679                      .dwattr $C$DW$56, DW_AT_type(*$C$DW$T$19)
     680                      .dwattr $C$DW$56, DW_AT_name("GPIO20")
     681                      .dwattr $C$DW$56, DW_AT_bit_offset(0x0b)
     682                      .dwattr $C$DW$56, DW_AT_bit_size(0x01)
     683                      .dwattr $C$DW$56, DW_AT_data_member_location[DW_OP_plus_uconst 0x1]
     684                      .dwattr $C$DW$56, DW_AT_accessibility(DW_ACCESS_public)
     685                      .dwattr $C$DW$56, DW_AT_decl_file("/home/jose/ti/c2000/C2000Ware_26_01_00_00/device_support/f2837xd/h
     686                      .dwattr $C$DW$56, DW_AT_decl_line(0xba2)
     687                      .dwattr $C$DW$56, DW_AT_decl_column(0x0c)
     688              
     689              $C$DW$57        .dwtag  DW_TAG_member
     690                      .dwattr $C$DW$57, DW_AT_type(*$C$DW$T$19)
     691                      .dwattr $C$DW$57, DW_AT_name("GPIO21")
TMS320C2000 Assembler Unix v25.11.0 Sat May 30 20:22:51 2026

Copyright (c) 1996-2018 Texas Instruments Incorporated
hal_board.asm                                                        PAGE   14

     692                      .dwattr $C$DW$57, DW_AT_bit_offset(0x0a)
     693                      .dwattr $C$DW$57, DW_AT_bit_size(0x01)
     694                      .dwattr $C$DW$57, DW_AT_data_member_location[DW_OP_plus_uconst 0x1]
     695                      .dwattr $C$DW$57, DW_AT_accessibility(DW_ACCESS_public)
     696                      .dwattr $C$DW$57, DW_AT_decl_file("/home/jose/ti/c2000/C2000Ware_26_01_00_00/device_support/f2837xd/h
     697                      .dwattr $C$DW$57, DW_AT_decl_line(0xba3)
     698                      .dwattr $C$DW$57, DW_AT_decl_column(0x0c)
     699              
     700              $C$DW$58        .dwtag  DW_TAG_member
     701                      .dwattr $C$DW$58, DW_AT_type(*$C$DW$T$19)
     702                      .dwattr $C$DW$58, DW_AT_name("GPIO22")
     703                      .dwattr $C$DW$58, DW_AT_bit_offset(0x09)
     704                      .dwattr $C$DW$58, DW_AT_bit_size(0x01)
     705                      .dwattr $C$DW$58, DW_AT_data_member_location[DW_OP_plus_uconst 0x1]
     706                      .dwattr $C$DW$58, DW_AT_accessibility(DW_ACCESS_public)
     707                      .dwattr $C$DW$58, DW_AT_decl_file("/home/jose/ti/c2000/C2000Ware_26_01_00_00/device_support/f2837xd/h
     708                      .dwattr $C$DW$58, DW_AT_decl_line(0xba4)
     709                      .dwattr $C$DW$58, DW_AT_decl_column(0x0c)
     710              
     711              $C$DW$59        .dwtag  DW_TAG_member
     712                      .dwattr $C$DW$59, DW_AT_type(*$C$DW$T$19)
     713                      .dwattr $C$DW$59, DW_AT_name("GPIO23")
     714                      .dwattr $C$DW$59, DW_AT_bit_offset(0x08)
     715                      .dwattr $C$DW$59, DW_AT_bit_size(0x01)
     716                      .dwattr $C$DW$59, DW_AT_data_member_location[DW_OP_plus_uconst 0x1]
     717                      .dwattr $C$DW$59, DW_AT_accessibility(DW_ACCESS_public)
     718                      .dwattr $C$DW$59, DW_AT_decl_file("/home/jose/ti/c2000/C2000Ware_26_01_00_00/device_support/f2837xd/h
     719                      .dwattr $C$DW$59, DW_AT_decl_line(0xba5)
     720                      .dwattr $C$DW$59, DW_AT_decl_column(0x0c)
     721              
     722              $C$DW$60        .dwtag  DW_TAG_member
     723                      .dwattr $C$DW$60, DW_AT_type(*$C$DW$T$19)
     724                      .dwattr $C$DW$60, DW_AT_name("GPIO24")
     725                      .dwattr $C$DW$60, DW_AT_bit_offset(0x07)
     726                      .dwattr $C$DW$60, DW_AT_bit_size(0x01)
     727                      .dwattr $C$DW$60, DW_AT_data_member_location[DW_OP_plus_uconst 0x1]
     728                      .dwattr $C$DW$60, DW_AT_accessibility(DW_ACCESS_public)
     729                      .dwattr $C$DW$60, DW_AT_decl_file("/home/jose/ti/c2000/C2000Ware_26_01_00_00/device_support/f2837xd/h
     730                      .dwattr $C$DW$60, DW_AT_decl_line(0xba6)
     731                      .dwattr $C$DW$60, DW_AT_decl_column(0x0c)
     732              
     733              $C$DW$61        .dwtag  DW_TAG_member
     734                      .dwattr $C$DW$61, DW_AT_type(*$C$DW$T$19)
     735                      .dwattr $C$DW$61, DW_AT_name("GPIO25")
     736                      .dwattr $C$DW$61, DW_AT_bit_offset(0x06)
     737                      .dwattr $C$DW$61, DW_AT_bit_size(0x01)
     738                      .dwattr $C$DW$61, DW_AT_data_member_location[DW_OP_plus_uconst 0x1]
     739                      .dwattr $C$DW$61, DW_AT_accessibility(DW_ACCESS_public)
     740                      .dwattr $C$DW$61, DW_AT_decl_file("/home/jose/ti/c2000/C2000Ware_26_01_00_00/device_support/f2837xd/h
     741                      .dwattr $C$DW$61, DW_AT_decl_line(0xba7)
     742                      .dwattr $C$DW$61, DW_AT_decl_column(0x0c)
     743              
     744              $C$DW$62        .dwtag  DW_TAG_member
     745                      .dwattr $C$DW$62, DW_AT_type(*$C$DW$T$19)
     746                      .dwattr $C$DW$62, DW_AT_name("GPIO26")
TMS320C2000 Assembler Unix v25.11.0 Sat May 30 20:22:51 2026

Copyright (c) 1996-2018 Texas Instruments Incorporated
hal_board.asm                                                        PAGE   15

     747                      .dwattr $C$DW$62, DW_AT_bit_offset(0x05)
     748                      .dwattr $C$DW$62, DW_AT_bit_size(0x01)
     749                      .dwattr $C$DW$62, DW_AT_data_member_location[DW_OP_plus_uconst 0x1]
     750                      .dwattr $C$DW$62, DW_AT_accessibility(DW_ACCESS_public)
     751                      .dwattr $C$DW$62, DW_AT_decl_file("/home/jose/ti/c2000/C2000Ware_26_01_00_00/device_support/f2837xd/h
     752                      .dwattr $C$DW$62, DW_AT_decl_line(0xba8)
     753                      .dwattr $C$DW$62, DW_AT_decl_column(0x0c)
     754              
     755              $C$DW$63        .dwtag  DW_TAG_member
     756                      .dwattr $C$DW$63, DW_AT_type(*$C$DW$T$19)
     757                      .dwattr $C$DW$63, DW_AT_name("GPIO27")
     758                      .dwattr $C$DW$63, DW_AT_bit_offset(0x04)
     759                      .dwattr $C$DW$63, DW_AT_bit_size(0x01)
     760                      .dwattr $C$DW$63, DW_AT_data_member_location[DW_OP_plus_uconst 0x1]
     761                      .dwattr $C$DW$63, DW_AT_accessibility(DW_ACCESS_public)
     762                      .dwattr $C$DW$63, DW_AT_decl_file("/home/jose/ti/c2000/C2000Ware_26_01_00_00/device_support/f2837xd/h
     763                      .dwattr $C$DW$63, DW_AT_decl_line(0xba9)
     764                      .dwattr $C$DW$63, DW_AT_decl_column(0x0c)
     765              
     766              $C$DW$64        .dwtag  DW_TAG_member
     767                      .dwattr $C$DW$64, DW_AT_type(*$C$DW$T$19)
     768                      .dwattr $C$DW$64, DW_AT_name("GPIO28")
     769                      .dwattr $C$DW$64, DW_AT_bit_offset(0x03)
     770                      .dwattr $C$DW$64, DW_AT_bit_size(0x01)
     771                      .dwattr $C$DW$64, DW_AT_data_member_location[DW_OP_plus_uconst 0x1]
     772                      .dwattr $C$DW$64, DW_AT_accessibility(DW_ACCESS_public)
     773                      .dwattr $C$DW$64, DW_AT_decl_file("/home/jose/ti/c2000/C2000Ware_26_01_00_00/device_support/f2837xd/h
     774                      .dwattr $C$DW$64, DW_AT_decl_line(0xbaa)
     775                      .dwattr $C$DW$64, DW_AT_decl_column(0x0c)
     776              
     777              $C$DW$65        .dwtag  DW_TAG_member
     778                      .dwattr $C$DW$65, DW_AT_type(*$C$DW$T$19)
     779                      .dwattr $C$DW$65, DW_AT_name("GPIO29")
     780                      .dwattr $C$DW$65, DW_AT_bit_offset(0x02)
     781                      .dwattr $C$DW$65, DW_AT_bit_size(0x01)
     782                      .dwattr $C$DW$65, DW_AT_data_member_location[DW_OP_plus_uconst 0x1]
     783                      .dwattr $C$DW$65, DW_AT_accessibility(DW_ACCESS_public)
     784                      .dwattr $C$DW$65, DW_AT_decl_file("/home/jose/ti/c2000/C2000Ware_26_01_00_00/device_support/f2837xd/h
     785                      .dwattr $C$DW$65, DW_AT_decl_line(0xbab)
     786                      .dwattr $C$DW$65, DW_AT_decl_column(0x0c)
     787              
     788              $C$DW$66        .dwtag  DW_TAG_member
     789                      .dwattr $C$DW$66, DW_AT_type(*$C$DW$T$19)
     790                      .dwattr $C$DW$66, DW_AT_name("GPIO30")
     791                      .dwattr $C$DW$66, DW_AT_bit_offset(0x01)
     792                      .dwattr $C$DW$66, DW_AT_bit_size(0x01)
     793                      .dwattr $C$DW$66, DW_AT_data_member_location[DW_OP_plus_uconst 0x1]
     794                      .dwattr $C$DW$66, DW_AT_accessibility(DW_ACCESS_public)
     795                      .dwattr $C$DW$66, DW_AT_decl_file("/home/jose/ti/c2000/C2000Ware_26_01_00_00/device_support/f2837xd/h
     796                      .dwattr $C$DW$66, DW_AT_decl_line(0xbac)
     797                      .dwattr $C$DW$66, DW_AT_decl_column(0x0c)
     798              
     799              $C$DW$67        .dwtag  DW_TAG_member
     800                      .dwattr $C$DW$67, DW_AT_type(*$C$DW$T$19)
     801                      .dwattr $C$DW$67, DW_AT_name("GPIO31")
TMS320C2000 Assembler Unix v25.11.0 Sat May 30 20:22:51 2026

Copyright (c) 1996-2018 Texas Instruments Incorporated
hal_board.asm                                                        PAGE   16

     802                      .dwattr $C$DW$67, DW_AT_bit_offset(0x00)
     803                      .dwattr $C$DW$67, DW_AT_bit_size(0x01)
     804                      .dwattr $C$DW$67, DW_AT_data_member_location[DW_OP_plus_uconst 0x1]
     805                      .dwattr $C$DW$67, DW_AT_accessibility(DW_ACCESS_public)
     806                      .dwattr $C$DW$67, DW_AT_decl_file("/home/jose/ti/c2000/C2000Ware_26_01_00_00/device_support/f2837xd/h
     807                      .dwattr $C$DW$67, DW_AT_decl_line(0xbad)
     808                      .dwattr $C$DW$67, DW_AT_decl_column(0x0c)
     809              
     810                      .dwattr $C$DW$T$20, DW_AT_decl_file("/home/jose/ti/c2000/C2000Ware_26_01_00_00/device_support/f2837xd
     811                      .dwattr $C$DW$T$20, DW_AT_decl_line(0xb8d)
     812                      .dwattr $C$DW$T$20, DW_AT_decl_column(0x08)
     813                      .dwendtag $C$DW$T$20
     814              
     815                      .dwendtag $C$DW$TU$20
     816              
     817              
     818              $C$DW$TU$22     .dwtag  DW_TAG_type_unit
     819                      .dwmtype  $C$DW$T$22
     820              
     821              $C$DW$T$22      .dwtag  DW_TAG_union_type
     822                      .dwattr $C$DW$T$22, DW_AT_name("GPACLEAR_REG")
     823                      .dwattr $C$DW$T$22, DW_AT_byte_size(0x02)
     824              $C$DW$68        .dwtag  DW_TAG_member
     825                      .dwattr $C$DW$68, DW_AT_type(*$C$DW$T$21)
     826                      .dwattr $C$DW$68, DW_AT_name("all")
     827                      .dwattr $C$DW$68, DW_AT_accessibility(DW_ACCESS_public)
     828                      .dwattr $C$DW$68, DW_AT_decl_file("/home/jose/ti/c2000/C2000Ware_26_01_00_00/device_support/f2837xd/h
     829                      .dwattr $C$DW$68, DW_AT_decl_line(0xbb1)
     830                      .dwattr $C$DW$68, DW_AT_decl_column(0x0d)
     831              
     832              $C$DW$69        .dwtag  DW_TAG_member
     833                      .dwattr $C$DW$69, DW_AT_type(*$C$DW$T$20)
     834                      .dwattr $C$DW$69, DW_AT_name("bit")
     835                      .dwattr $C$DW$69, DW_AT_accessibility(DW_ACCESS_public)
     836                      .dwattr $C$DW$69, DW_AT_decl_file("/home/jose/ti/c2000/C2000Ware_26_01_00_00/device_support/f2837xd/h
     837                      .dwattr $C$DW$69, DW_AT_decl_line(0xbb2)
     838                      .dwattr $C$DW$69, DW_AT_decl_column(0x1c)
     839              
     840                      .dwattr $C$DW$T$22, DW_AT_decl_file("/home/jose/ti/c2000/C2000Ware_26_01_00_00/device_support/f2837xd
     841                      .dwattr $C$DW$T$22, DW_AT_decl_line(0xbb0)
     842                      .dwattr $C$DW$T$22, DW_AT_decl_column(0x07)
     843                      .dwendtag $C$DW$T$22
     844              
     845                      .dwendtag $C$DW$TU$22
     846              
     847              
     848              $C$DW$TU$23     .dwtag  DW_TAG_type_unit
     849                      .dwmtype  $C$DW$T$23
     850              
     851              $C$DW$T$23      .dwtag  DW_TAG_structure_type
     852                      .dwattr $C$DW$T$23, DW_AT_name("GPADAT_BITS")
     853                      .dwattr $C$DW$T$23, DW_AT_byte_size(0x02)
     854              $C$DW$70        .dwtag  DW_TAG_member
     855                      .dwattr $C$DW$70, DW_AT_type(*$C$DW$T$19)
     856                      .dwattr $C$DW$70, DW_AT_name("GPIO0")
TMS320C2000 Assembler Unix v25.11.0 Sat May 30 20:22:51 2026

Copyright (c) 1996-2018 Texas Instruments Incorporated
hal_board.asm                                                        PAGE   17

     857                      .dwattr $C$DW$70, DW_AT_bit_offset(0x0f)
     858                      .dwattr $C$DW$70, DW_AT_bit_size(0x01)
     859                      .dwattr $C$DW$70, DW_AT_accessibility(DW_ACCESS_public)
     860                      .dwattr $C$DW$70, DW_AT_decl_file("/home/jose/ti/c2000/C2000Ware_26_01_00_00/device_support/f2837xd/h
     861                      .dwattr $C$DW$70, DW_AT_decl_line(0xb3e)
     862                      .dwattr $C$DW$70, DW_AT_decl_column(0x0c)
     863              
     864              $C$DW$71        .dwtag  DW_TAG_member
     865                      .dwattr $C$DW$71, DW_AT_type(*$C$DW$T$19)
     866                      .dwattr $C$DW$71, DW_AT_name("GPIO1")
     867                      .dwattr $C$DW$71, DW_AT_bit_offset(0x0e)
     868                      .dwattr $C$DW$71, DW_AT_bit_size(0x01)
     869                      .dwattr $C$DW$71, DW_AT_accessibility(DW_ACCESS_public)
     870                      .dwattr $C$DW$71, DW_AT_decl_file("/home/jose/ti/c2000/C2000Ware_26_01_00_00/device_support/f2837xd/h
     871                      .dwattr $C$DW$71, DW_AT_decl_line(0xb3f)
     872                      .dwattr $C$DW$71, DW_AT_decl_column(0x0c)
     873              
     874              $C$DW$72        .dwtag  DW_TAG_member
     875                      .dwattr $C$DW$72, DW_AT_type(*$C$DW$T$19)
     876                      .dwattr $C$DW$72, DW_AT_name("GPIO2")
     877                      .dwattr $C$DW$72, DW_AT_bit_offset(0x0d)
     878                      .dwattr $C$DW$72, DW_AT_bit_size(0x01)
     879                      .dwattr $C$DW$72, DW_AT_accessibility(DW_ACCESS_public)
     880                      .dwattr $C$DW$72, DW_AT_decl_file("/home/jose/ti/c2000/C2000Ware_26_01_00_00/device_support/f2837xd/h
     881                      .dwattr $C$DW$72, DW_AT_decl_line(0xb40)
     882                      .dwattr $C$DW$72, DW_AT_decl_column(0x0c)
     883              
     884              $C$DW$73        .dwtag  DW_TAG_member
     885                      .dwattr $C$DW$73, DW_AT_type(*$C$DW$T$19)
     886                      .dwattr $C$DW$73, DW_AT_name("GPIO3")
     887                      .dwattr $C$DW$73, DW_AT_bit_offset(0x0c)
     888                      .dwattr $C$DW$73, DW_AT_bit_size(0x01)
     889                      .dwattr $C$DW$73, DW_AT_accessibility(DW_ACCESS_public)
     890                      .dwattr $C$DW$73, DW_AT_decl_file("/home/jose/ti/c2000/C2000Ware_26_01_00_00/device_support/f2837xd/h
     891                      .dwattr $C$DW$73, DW_AT_decl_line(0xb41)
     892                      .dwattr $C$DW$73, DW_AT_decl_column(0x0c)
     893              
     894              $C$DW$74        .dwtag  DW_TAG_member
     895                      .dwattr $C$DW$74, DW_AT_type(*$C$DW$T$19)
     896                      .dwattr $C$DW$74, DW_AT_name("GPIO4")
     897                      .dwattr $C$DW$74, DW_AT_bit_offset(0x0b)
     898                      .dwattr $C$DW$74, DW_AT_bit_size(0x01)
     899                      .dwattr $C$DW$74, DW_AT_accessibility(DW_ACCESS_public)
     900                      .dwattr $C$DW$74, DW_AT_decl_file("/home/jose/ti/c2000/C2000Ware_26_01_00_00/device_support/f2837xd/h
     901                      .dwattr $C$DW$74, DW_AT_decl_line(0xb42)
     902                      .dwattr $C$DW$74, DW_AT_decl_column(0x0c)
     903              
     904              $C$DW$75        .dwtag  DW_TAG_member
     905                      .dwattr $C$DW$75, DW_AT_type(*$C$DW$T$19)
     906                      .dwattr $C$DW$75, DW_AT_name("GPIO5")
     907                      .dwattr $C$DW$75, DW_AT_bit_offset(0x0a)
     908                      .dwattr $C$DW$75, DW_AT_bit_size(0x01)
     909                      .dwattr $C$DW$75, DW_AT_accessibility(DW_ACCESS_public)
     910                      .dwattr $C$DW$75, DW_AT_decl_file("/home/jose/ti/c2000/C2000Ware_26_01_00_00/device_support/f2837xd/h
     911                      .dwattr $C$DW$75, DW_AT_decl_line(0xb43)
TMS320C2000 Assembler Unix v25.11.0 Sat May 30 20:22:51 2026

Copyright (c) 1996-2018 Texas Instruments Incorporated
hal_board.asm                                                        PAGE   18

     912                      .dwattr $C$DW$75, DW_AT_decl_column(0x0c)
     913              
     914              $C$DW$76        .dwtag  DW_TAG_member
     915                      .dwattr $C$DW$76, DW_AT_type(*$C$DW$T$19)
     916                      .dwattr $C$DW$76, DW_AT_name("GPIO6")
     917                      .dwattr $C$DW$76, DW_AT_bit_offset(0x09)
     918                      .dwattr $C$DW$76, DW_AT_bit_size(0x01)
     919                      .dwattr $C$DW$76, DW_AT_accessibility(DW_ACCESS_public)
     920                      .dwattr $C$DW$76, DW_AT_decl_file("/home/jose/ti/c2000/C2000Ware_26_01_00_00/device_support/f2837xd/h
     921                      .dwattr $C$DW$76, DW_AT_decl_line(0xb44)
     922                      .dwattr $C$DW$76, DW_AT_decl_column(0x0c)
     923              
     924              $C$DW$77        .dwtag  DW_TAG_member
     925                      .dwattr $C$DW$77, DW_AT_type(*$C$DW$T$19)
     926                      .dwattr $C$DW$77, DW_AT_name("GPIO7")
     927                      .dwattr $C$DW$77, DW_AT_bit_offset(0x08)
     928                      .dwattr $C$DW$77, DW_AT_bit_size(0x01)
     929                      .dwattr $C$DW$77, DW_AT_accessibility(DW_ACCESS_public)
     930                      .dwattr $C$DW$77, DW_AT_decl_file("/home/jose/ti/c2000/C2000Ware_26_01_00_00/device_support/f2837xd/h
     931                      .dwattr $C$DW$77, DW_AT_decl_line(0xb45)
     932                      .dwattr $C$DW$77, DW_AT_decl_column(0x0c)
     933              
     934              $C$DW$78        .dwtag  DW_TAG_member
     935                      .dwattr $C$DW$78, DW_AT_type(*$C$DW$T$19)
     936                      .dwattr $C$DW$78, DW_AT_name("GPIO8")
     937                      .dwattr $C$DW$78, DW_AT_bit_offset(0x07)
     938                      .dwattr $C$DW$78, DW_AT_bit_size(0x01)
     939                      .dwattr $C$DW$78, DW_AT_accessibility(DW_ACCESS_public)
     940                      .dwattr $C$DW$78, DW_AT_decl_file("/home/jose/ti/c2000/C2000Ware_26_01_00_00/device_support/f2837xd/h
     941                      .dwattr $C$DW$78, DW_AT_decl_line(0xb46)
     942                      .dwattr $C$DW$78, DW_AT_decl_column(0x0c)
     943              
     944              $C$DW$79        .dwtag  DW_TAG_member
     945                      .dwattr $C$DW$79, DW_AT_type(*$C$DW$T$19)
     946                      .dwattr $C$DW$79, DW_AT_name("GPIO9")
     947                      .dwattr $C$DW$79, DW_AT_bit_offset(0x06)
     948                      .dwattr $C$DW$79, DW_AT_bit_size(0x01)
     949                      .dwattr $C$DW$79, DW_AT_accessibility(DW_ACCESS_public)
     950                      .dwattr $C$DW$79, DW_AT_decl_file("/home/jose/ti/c2000/C2000Ware_26_01_00_00/device_support/f2837xd/h
     951                      .dwattr $C$DW$79, DW_AT_decl_line(0xb47)
     952                      .dwattr $C$DW$79, DW_AT_decl_column(0x0c)
     953              
     954              $C$DW$80        .dwtag  DW_TAG_member
     955                      .dwattr $C$DW$80, DW_AT_type(*$C$DW$T$19)
     956                      .dwattr $C$DW$80, DW_AT_name("GPIO10")
     957                      .dwattr $C$DW$80, DW_AT_bit_offset(0x05)
     958                      .dwattr $C$DW$80, DW_AT_bit_size(0x01)
     959                      .dwattr $C$DW$80, DW_AT_accessibility(DW_ACCESS_public)
     960                      .dwattr $C$DW$80, DW_AT_decl_file("/home/jose/ti/c2000/C2000Ware_26_01_00_00/device_support/f2837xd/h
     961                      .dwattr $C$DW$80, DW_AT_decl_line(0xb48)
     962                      .dwattr $C$DW$80, DW_AT_decl_column(0x0c)
     963              
     964              $C$DW$81        .dwtag  DW_TAG_member
     965                      .dwattr $C$DW$81, DW_AT_type(*$C$DW$T$19)
     966                      .dwattr $C$DW$81, DW_AT_name("GPIO11")
TMS320C2000 Assembler Unix v25.11.0 Sat May 30 20:22:51 2026

Copyright (c) 1996-2018 Texas Instruments Incorporated
hal_board.asm                                                        PAGE   19

     967                      .dwattr $C$DW$81, DW_AT_bit_offset(0x04)
     968                      .dwattr $C$DW$81, DW_AT_bit_size(0x01)
     969                      .dwattr $C$DW$81, DW_AT_accessibility(DW_ACCESS_public)
     970                      .dwattr $C$DW$81, DW_AT_decl_file("/home/jose/ti/c2000/C2000Ware_26_01_00_00/device_support/f2837xd/h
     971                      .dwattr $C$DW$81, DW_AT_decl_line(0xb49)
     972                      .dwattr $C$DW$81, DW_AT_decl_column(0x0c)
     973              
     974              $C$DW$82        .dwtag  DW_TAG_member
     975                      .dwattr $C$DW$82, DW_AT_type(*$C$DW$T$19)
     976                      .dwattr $C$DW$82, DW_AT_name("GPIO12")
     977                      .dwattr $C$DW$82, DW_AT_bit_offset(0x03)
     978                      .dwattr $C$DW$82, DW_AT_bit_size(0x01)
     979                      .dwattr $C$DW$82, DW_AT_accessibility(DW_ACCESS_public)
     980                      .dwattr $C$DW$82, DW_AT_decl_file("/home/jose/ti/c2000/C2000Ware_26_01_00_00/device_support/f2837xd/h
     981                      .dwattr $C$DW$82, DW_AT_decl_line(0xb4a)
     982                      .dwattr $C$DW$82, DW_AT_decl_column(0x0c)
     983              
     984              $C$DW$83        .dwtag  DW_TAG_member
     985                      .dwattr $C$DW$83, DW_AT_type(*$C$DW$T$19)
     986                      .dwattr $C$DW$83, DW_AT_name("GPIO13")
     987                      .dwattr $C$DW$83, DW_AT_bit_offset(0x02)
     988                      .dwattr $C$DW$83, DW_AT_bit_size(0x01)
     989                      .dwattr $C$DW$83, DW_AT_accessibility(DW_ACCESS_public)
     990                      .dwattr $C$DW$83, DW_AT_decl_file("/home/jose/ti/c2000/C2000Ware_26_01_00_00/device_support/f2837xd/h
     991                      .dwattr $C$DW$83, DW_AT_decl_line(0xb4b)
     992                      .dwattr $C$DW$83, DW_AT_decl_column(0x0c)
     993              
     994              $C$DW$84        .dwtag  DW_TAG_member
     995                      .dwattr $C$DW$84, DW_AT_type(*$C$DW$T$19)
     996                      .dwattr $C$DW$84, DW_AT_name("GPIO14")
     997                      .dwattr $C$DW$84, DW_AT_bit_offset(0x01)
     998                      .dwattr $C$DW$84, DW_AT_bit_size(0x01)
     999                      .dwattr $C$DW$84, DW_AT_accessibility(DW_ACCESS_public)
    1000                      .dwattr $C$DW$84, DW_AT_decl_file("/home/jose/ti/c2000/C2000Ware_26_01_00_00/device_support/f2837xd/h
    1001                      .dwattr $C$DW$84, DW_AT_decl_line(0xb4c)
    1002                      .dwattr $C$DW$84, DW_AT_decl_column(0x0c)
    1003              
    1004              $C$DW$85        .dwtag  DW_TAG_member
    1005                      .dwattr $C$DW$85, DW_AT_type(*$C$DW$T$19)
    1006                      .dwattr $C$DW$85, DW_AT_name("GPIO15")
    1007                      .dwattr $C$DW$85, DW_AT_bit_offset(0x00)
    1008                      .dwattr $C$DW$85, DW_AT_bit_size(0x01)
    1009                      .dwattr $C$DW$85, DW_AT_accessibility(DW_ACCESS_public)
    1010                      .dwattr $C$DW$85, DW_AT_decl_file("/home/jose/ti/c2000/C2000Ware_26_01_00_00/device_support/f2837xd/h
    1011                      .dwattr $C$DW$85, DW_AT_decl_line(0xb4d)
    1012                      .dwattr $C$DW$85, DW_AT_decl_column(0x0c)
    1013              
    1014              $C$DW$86        .dwtag  DW_TAG_member
    1015                      .dwattr $C$DW$86, DW_AT_type(*$C$DW$T$19)
    1016                      .dwattr $C$DW$86, DW_AT_name("GPIO16")
    1017                      .dwattr $C$DW$86, DW_AT_bit_offset(0x0f)
    1018                      .dwattr $C$DW$86, DW_AT_bit_size(0x01)
    1019                      .dwattr $C$DW$86, DW_AT_data_member_location[DW_OP_plus_uconst 0x1]
    1020                      .dwattr $C$DW$86, DW_AT_accessibility(DW_ACCESS_public)
    1021                      .dwattr $C$DW$86, DW_AT_decl_file("/home/jose/ti/c2000/C2000Ware_26_01_00_00/device_support/f2837xd/h
TMS320C2000 Assembler Unix v25.11.0 Sat May 30 20:22:51 2026

Copyright (c) 1996-2018 Texas Instruments Incorporated
hal_board.asm                                                        PAGE   20

    1022                      .dwattr $C$DW$86, DW_AT_decl_line(0xb4e)
    1023                      .dwattr $C$DW$86, DW_AT_decl_column(0x0c)
    1024              
    1025              $C$DW$87        .dwtag  DW_TAG_member
    1026                      .dwattr $C$DW$87, DW_AT_type(*$C$DW$T$19)
    1027                      .dwattr $C$DW$87, DW_AT_name("GPIO17")
    1028                      .dwattr $C$DW$87, DW_AT_bit_offset(0x0e)
    1029                      .dwattr $C$DW$87, DW_AT_bit_size(0x01)
    1030                      .dwattr $C$DW$87, DW_AT_data_member_location[DW_OP_plus_uconst 0x1]
    1031                      .dwattr $C$DW$87, DW_AT_accessibility(DW_ACCESS_public)
    1032                      .dwattr $C$DW$87, DW_AT_decl_file("/home/jose/ti/c2000/C2000Ware_26_01_00_00/device_support/f2837xd/h
    1033                      .dwattr $C$DW$87, DW_AT_decl_line(0xb4f)
    1034                      .dwattr $C$DW$87, DW_AT_decl_column(0x0c)
    1035              
    1036              $C$DW$88        .dwtag  DW_TAG_member
    1037                      .dwattr $C$DW$88, DW_AT_type(*$C$DW$T$19)
    1038                      .dwattr $C$DW$88, DW_AT_name("GPIO18")
    1039                      .dwattr $C$DW$88, DW_AT_bit_offset(0x0d)
    1040                      .dwattr $C$DW$88, DW_AT_bit_size(0x01)
    1041                      .dwattr $C$DW$88, DW_AT_data_member_location[DW_OP_plus_uconst 0x1]
    1042                      .dwattr $C$DW$88, DW_AT_accessibility(DW_ACCESS_public)
    1043                      .dwattr $C$DW$88, DW_AT_decl_file("/home/jose/ti/c2000/C2000Ware_26_01_00_00/device_support/f2837xd/h
    1044                      .dwattr $C$DW$88, DW_AT_decl_line(0xb50)
    1045                      .dwattr $C$DW$88, DW_AT_decl_column(0x0c)
    1046              
    1047              $C$DW$89        .dwtag  DW_TAG_member
    1048                      .dwattr $C$DW$89, DW_AT_type(*$C$DW$T$19)
    1049                      .dwattr $C$DW$89, DW_AT_name("GPIO19")
    1050                      .dwattr $C$DW$89, DW_AT_bit_offset(0x0c)
    1051                      .dwattr $C$DW$89, DW_AT_bit_size(0x01)
    1052                      .dwattr $C$DW$89, DW_AT_data_member_location[DW_OP_plus_uconst 0x1]
    1053                      .dwattr $C$DW$89, DW_AT_accessibility(DW_ACCESS_public)
    1054                      .dwattr $C$DW$89, DW_AT_decl_file("/home/jose/ti/c2000/C2000Ware_26_01_00_00/device_support/f2837xd/h
    1055                      .dwattr $C$DW$89, DW_AT_decl_line(0xb51)
    1056                      .dwattr $C$DW$89, DW_AT_decl_column(0x0c)
    1057              
    1058              $C$DW$90        .dwtag  DW_TAG_member
    1059                      .dwattr $C$DW$90, DW_AT_type(*$C$DW$T$19)
    1060                      .dwattr $C$DW$90, DW_AT_name("GPIO20")
    1061                      .dwattr $C$DW$90, DW_AT_bit_offset(0x0b)
    1062                      .dwattr $C$DW$90, DW_AT_bit_size(0x01)
    1063                      .dwattr $C$DW$90, DW_AT_data_member_location[DW_OP_plus_uconst 0x1]
    1064                      .dwattr $C$DW$90, DW_AT_accessibility(DW_ACCESS_public)
    1065                      .dwattr $C$DW$90, DW_AT_decl_file("/home/jose/ti/c2000/C2000Ware_26_01_00_00/device_support/f2837xd/h
    1066                      .dwattr $C$DW$90, DW_AT_decl_line(0xb52)
    1067                      .dwattr $C$DW$90, DW_AT_decl_column(0x0c)
    1068              
    1069              $C$DW$91        .dwtag  DW_TAG_member
    1070                      .dwattr $C$DW$91, DW_AT_type(*$C$DW$T$19)
    1071                      .dwattr $C$DW$91, DW_AT_name("GPIO21")
    1072                      .dwattr $C$DW$91, DW_AT_bit_offset(0x0a)
    1073                      .dwattr $C$DW$91, DW_AT_bit_size(0x01)
    1074                      .dwattr $C$DW$91, DW_AT_data_member_location[DW_OP_plus_uconst 0x1]
    1075                      .dwattr $C$DW$91, DW_AT_accessibility(DW_ACCESS_public)
    1076                      .dwattr $C$DW$91, DW_AT_decl_file("/home/jose/ti/c2000/C2000Ware_26_01_00_00/device_support/f2837xd/h
TMS320C2000 Assembler Unix v25.11.0 Sat May 30 20:22:51 2026

Copyright (c) 1996-2018 Texas Instruments Incorporated
hal_board.asm                                                        PAGE   21

    1077                      .dwattr $C$DW$91, DW_AT_decl_line(0xb53)
    1078                      .dwattr $C$DW$91, DW_AT_decl_column(0x0c)
    1079              
    1080              $C$DW$92        .dwtag  DW_TAG_member
    1081                      .dwattr $C$DW$92, DW_AT_type(*$C$DW$T$19)
    1082                      .dwattr $C$DW$92, DW_AT_name("GPIO22")
    1083                      .dwattr $C$DW$92, DW_AT_bit_offset(0x09)
    1084                      .dwattr $C$DW$92, DW_AT_bit_size(0x01)
    1085                      .dwattr $C$DW$92, DW_AT_data_member_location[DW_OP_plus_uconst 0x1]
    1086                      .dwattr $C$DW$92, DW_AT_accessibility(DW_ACCESS_public)
    1087                      .dwattr $C$DW$92, DW_AT_decl_file("/home/jose/ti/c2000/C2000Ware_26_01_00_00/device_support/f2837xd/h
    1088                      .dwattr $C$DW$92, DW_AT_decl_line(0xb54)
    1089                      .dwattr $C$DW$92, DW_AT_decl_column(0x0c)
    1090              
    1091              $C$DW$93        .dwtag  DW_TAG_member
    1092                      .dwattr $C$DW$93, DW_AT_type(*$C$DW$T$19)
    1093                      .dwattr $C$DW$93, DW_AT_name("GPIO23")
    1094                      .dwattr $C$DW$93, DW_AT_bit_offset(0x08)
    1095                      .dwattr $C$DW$93, DW_AT_bit_size(0x01)
    1096                      .dwattr $C$DW$93, DW_AT_data_member_location[DW_OP_plus_uconst 0x1]
    1097                      .dwattr $C$DW$93, DW_AT_accessibility(DW_ACCESS_public)
    1098                      .dwattr $C$DW$93, DW_AT_decl_file("/home/jose/ti/c2000/C2000Ware_26_01_00_00/device_support/f2837xd/h
    1099                      .dwattr $C$DW$93, DW_AT_decl_line(0xb55)
    1100                      .dwattr $C$DW$93, DW_AT_decl_column(0x0c)
    1101              
    1102              $C$DW$94        .dwtag  DW_TAG_member
    1103                      .dwattr $C$DW$94, DW_AT_type(*$C$DW$T$19)
    1104                      .dwattr $C$DW$94, DW_AT_name("GPIO24")
    1105                      .dwattr $C$DW$94, DW_AT_bit_offset(0x07)
    1106                      .dwattr $C$DW$94, DW_AT_bit_size(0x01)
    1107                      .dwattr $C$DW$94, DW_AT_data_member_location[DW_OP_plus_uconst 0x1]
    1108                      .dwattr $C$DW$94, DW_AT_accessibility(DW_ACCESS_public)
    1109                      .dwattr $C$DW$94, DW_AT_decl_file("/home/jose/ti/c2000/C2000Ware_26_01_00_00/device_support/f2837xd/h
    1110                      .dwattr $C$DW$94, DW_AT_decl_line(0xb56)
    1111                      .dwattr $C$DW$94, DW_AT_decl_column(0x0c)
    1112              
    1113              $C$DW$95        .dwtag  DW_TAG_member
    1114                      .dwattr $C$DW$95, DW_AT_type(*$C$DW$T$19)
    1115                      .dwattr $C$DW$95, DW_AT_name("GPIO25")
    1116                      .dwattr $C$DW$95, DW_AT_bit_offset(0x06)
    1117                      .dwattr $C$DW$95, DW_AT_bit_size(0x01)
    1118                      .dwattr $C$DW$95, DW_AT_data_member_location[DW_OP_plus_uconst 0x1]
    1119                      .dwattr $C$DW$95, DW_AT_accessibility(DW_ACCESS_public)
    1120                      .dwattr $C$DW$95, DW_AT_decl_file("/home/jose/ti/c2000/C2000Ware_26_01_00_00/device_support/f2837xd/h
    1121                      .dwattr $C$DW$95, DW_AT_decl_line(0xb57)
    1122                      .dwattr $C$DW$95, DW_AT_decl_column(0x0c)
    1123              
    1124              $C$DW$96        .dwtag  DW_TAG_member
    1125                      .dwattr $C$DW$96, DW_AT_type(*$C$DW$T$19)
    1126                      .dwattr $C$DW$96, DW_AT_name("GPIO26")
    1127                      .dwattr $C$DW$96, DW_AT_bit_offset(0x05)
    1128                      .dwattr $C$DW$96, DW_AT_bit_size(0x01)
    1129                      .dwattr $C$DW$96, DW_AT_data_member_location[DW_OP_plus_uconst 0x1]
    1130                      .dwattr $C$DW$96, DW_AT_accessibility(DW_ACCESS_public)
    1131                      .dwattr $C$DW$96, DW_AT_decl_file("/home/jose/ti/c2000/C2000Ware_26_01_00_00/device_support/f2837xd/h
TMS320C2000 Assembler Unix v25.11.0 Sat May 30 20:22:51 2026

Copyright (c) 1996-2018 Texas Instruments Incorporated
hal_board.asm                                                        PAGE   22

    1132                      .dwattr $C$DW$96, DW_AT_decl_line(0xb58)
    1133                      .dwattr $C$DW$96, DW_AT_decl_column(0x0c)
    1134              
    1135              $C$DW$97        .dwtag  DW_TAG_member
    1136                      .dwattr $C$DW$97, DW_AT_type(*$C$DW$T$19)
    1137                      .dwattr $C$DW$97, DW_AT_name("GPIO27")
    1138                      .dwattr $C$DW$97, DW_AT_bit_offset(0x04)
    1139                      .dwattr $C$DW$97, DW_AT_bit_size(0x01)
    1140                      .dwattr $C$DW$97, DW_AT_data_member_location[DW_OP_plus_uconst 0x1]
    1141                      .dwattr $C$DW$97, DW_AT_accessibility(DW_ACCESS_public)
    1142                      .dwattr $C$DW$97, DW_AT_decl_file("/home/jose/ti/c2000/C2000Ware_26_01_00_00/device_support/f2837xd/h
    1143                      .dwattr $C$DW$97, DW_AT_decl_line(0xb59)
    1144                      .dwattr $C$DW$97, DW_AT_decl_column(0x0c)
    1145              
    1146              $C$DW$98        .dwtag  DW_TAG_member
    1147                      .dwattr $C$DW$98, DW_AT_type(*$C$DW$T$19)
    1148                      .dwattr $C$DW$98, DW_AT_name("GPIO28")
    1149                      .dwattr $C$DW$98, DW_AT_bit_offset(0x03)
    1150                      .dwattr $C$DW$98, DW_AT_bit_size(0x01)
    1151                      .dwattr $C$DW$98, DW_AT_data_member_location[DW_OP_plus_uconst 0x1]
    1152                      .dwattr $C$DW$98, DW_AT_accessibility(DW_ACCESS_public)
    1153                      .dwattr $C$DW$98, DW_AT_decl_file("/home/jose/ti/c2000/C2000Ware_26_01_00_00/device_support/f2837xd/h
    1154                      .dwattr $C$DW$98, DW_AT_decl_line(0xb5a)
    1155                      .dwattr $C$DW$98, DW_AT_decl_column(0x0c)
    1156              
    1157              $C$DW$99        .dwtag  DW_TAG_member
    1158                      .dwattr $C$DW$99, DW_AT_type(*$C$DW$T$19)
    1159                      .dwattr $C$DW$99, DW_AT_name("GPIO29")
    1160                      .dwattr $C$DW$99, DW_AT_bit_offset(0x02)
    1161                      .dwattr $C$DW$99, DW_AT_bit_size(0x01)
    1162                      .dwattr $C$DW$99, DW_AT_data_member_location[DW_OP_plus_uconst 0x1]
    1163                      .dwattr $C$DW$99, DW_AT_accessibility(DW_ACCESS_public)
    1164                      .dwattr $C$DW$99, DW_AT_decl_file("/home/jose/ti/c2000/C2000Ware_26_01_00_00/device_support/f2837xd/h
    1165                      .dwattr $C$DW$99, DW_AT_decl_line(0xb5b)
    1166                      .dwattr $C$DW$99, DW_AT_decl_column(0x0c)
    1167              
    1168              $C$DW$100       .dwtag  DW_TAG_member
    1169                      .dwattr $C$DW$100, DW_AT_type(*$C$DW$T$19)
    1170                      .dwattr $C$DW$100, DW_AT_name("GPIO30")
    1171                      .dwattr $C$DW$100, DW_AT_bit_offset(0x01)
    1172                      .dwattr $C$DW$100, DW_AT_bit_size(0x01)
    1173                      .dwattr $C$DW$100, DW_AT_data_member_location[DW_OP_plus_uconst 0x1]
    1174                      .dwattr $C$DW$100, DW_AT_accessibility(DW_ACCESS_public)
    1175                      .dwattr $C$DW$100, DW_AT_decl_file("/home/jose/ti/c2000/C2000Ware_26_01_00_00/device_support/f2837xd/
    1176                      .dwattr $C$DW$100, DW_AT_decl_line(0xb5c)
    1177                      .dwattr $C$DW$100, DW_AT_decl_column(0x0c)
    1178              
    1179              $C$DW$101       .dwtag  DW_TAG_member
    1180                      .dwattr $C$DW$101, DW_AT_type(*$C$DW$T$19)
    1181                      .dwattr $C$DW$101, DW_AT_name("GPIO31")
    1182                      .dwattr $C$DW$101, DW_AT_bit_offset(0x00)
    1183                      .dwattr $C$DW$101, DW_AT_bit_size(0x01)
    1184                      .dwattr $C$DW$101, DW_AT_data_member_location[DW_OP_plus_uconst 0x1]
    1185                      .dwattr $C$DW$101, DW_AT_accessibility(DW_ACCESS_public)
    1186                      .dwattr $C$DW$101, DW_AT_decl_file("/home/jose/ti/c2000/C2000Ware_26_01_00_00/device_support/f2837xd/
TMS320C2000 Assembler Unix v25.11.0 Sat May 30 20:22:51 2026

Copyright (c) 1996-2018 Texas Instruments Incorporated
hal_board.asm                                                        PAGE   23

    1187                      .dwattr $C$DW$101, DW_AT_decl_line(0xb5d)
    1188                      .dwattr $C$DW$101, DW_AT_decl_column(0x0c)
    1189              
    1190                      .dwattr $C$DW$T$23, DW_AT_decl_file("/home/jose/ti/c2000/C2000Ware_26_01_00_00/device_support/f2837xd
    1191                      .dwattr $C$DW$T$23, DW_AT_decl_line(0xb3d)
    1192                      .dwattr $C$DW$T$23, DW_AT_decl_column(0x08)
    1193                      .dwendtag $C$DW$T$23
    1194              
    1195                      .dwendtag $C$DW$TU$23
    1196              
    1197              
    1198              $C$DW$TU$24     .dwtag  DW_TAG_type_unit
    1199                      .dwmtype  $C$DW$T$24
    1200              
    1201              $C$DW$T$24      .dwtag  DW_TAG_union_type
    1202                      .dwattr $C$DW$T$24, DW_AT_name("GPADAT_REG")
    1203                      .dwattr $C$DW$T$24, DW_AT_byte_size(0x02)
    1204              $C$DW$102       .dwtag  DW_TAG_member
    1205                      .dwattr $C$DW$102, DW_AT_type(*$C$DW$T$21)
    1206                      .dwattr $C$DW$102, DW_AT_name("all")
    1207                      .dwattr $C$DW$102, DW_AT_accessibility(DW_ACCESS_public)
    1208                      .dwattr $C$DW$102, DW_AT_decl_file("/home/jose/ti/c2000/C2000Ware_26_01_00_00/device_support/f2837xd/
    1209                      .dwattr $C$DW$102, DW_AT_decl_line(0xb61)
    1210                      .dwattr $C$DW$102, DW_AT_decl_column(0x0d)
    1211              
    1212              $C$DW$103       .dwtag  DW_TAG_member
    1213                      .dwattr $C$DW$103, DW_AT_type(*$C$DW$T$23)
    1214                      .dwattr $C$DW$103, DW_AT_name("bit")
    1215                      .dwattr $C$DW$103, DW_AT_accessibility(DW_ACCESS_public)
    1216                      .dwattr $C$DW$103, DW_AT_decl_file("/home/jose/ti/c2000/C2000Ware_26_01_00_00/device_support/f2837xd/
    1217                      .dwattr $C$DW$103, DW_AT_decl_line(0xb62)
    1218                      .dwattr $C$DW$103, DW_AT_decl_column(0x1a)
    1219              
    1220                      .dwattr $C$DW$T$24, DW_AT_decl_file("/home/jose/ti/c2000/C2000Ware_26_01_00_00/device_support/f2837xd
    1221                      .dwattr $C$DW$T$24, DW_AT_decl_line(0xb60)
    1222                      .dwattr $C$DW$T$24, DW_AT_decl_column(0x07)
    1223                      .dwendtag $C$DW$T$24
    1224              
    1225                      .dwendtag $C$DW$TU$24
    1226              
    1227              
    1228              $C$DW$TU$25     .dwtag  DW_TAG_type_unit
    1229                      .dwmtype  $C$DW$T$25
    1230              
    1231              $C$DW$T$25      .dwtag  DW_TAG_structure_type
    1232                      .dwattr $C$DW$T$25, DW_AT_name("GPASET_BITS")
    1233                      .dwattr $C$DW$T$25, DW_AT_byte_size(0x02)
    1234              $C$DW$104       .dwtag  DW_TAG_member
    1235                      .dwattr $C$DW$104, DW_AT_type(*$C$DW$T$19)
    1236                      .dwattr $C$DW$104, DW_AT_name("GPIO0")
    1237                      .dwattr $C$DW$104, DW_AT_bit_offset(0x0f)
    1238                      .dwattr $C$DW$104, DW_AT_bit_size(0x01)
    1239                      .dwattr $C$DW$104, DW_AT_accessibility(DW_ACCESS_public)
    1240                      .dwattr $C$DW$104, DW_AT_decl_file("/home/jose/ti/c2000/C2000Ware_26_01_00_00/device_support/f2837xd/
    1241                      .dwattr $C$DW$104, DW_AT_decl_line(0xb66)
TMS320C2000 Assembler Unix v25.11.0 Sat May 30 20:22:51 2026

Copyright (c) 1996-2018 Texas Instruments Incorporated
hal_board.asm                                                        PAGE   24

    1242                      .dwattr $C$DW$104, DW_AT_decl_column(0x0c)
    1243              
    1244              $C$DW$105       .dwtag  DW_TAG_member
    1245                      .dwattr $C$DW$105, DW_AT_type(*$C$DW$T$19)
    1246                      .dwattr $C$DW$105, DW_AT_name("GPIO1")
    1247                      .dwattr $C$DW$105, DW_AT_bit_offset(0x0e)
    1248                      .dwattr $C$DW$105, DW_AT_bit_size(0x01)
    1249                      .dwattr $C$DW$105, DW_AT_accessibility(DW_ACCESS_public)
    1250                      .dwattr $C$DW$105, DW_AT_decl_file("/home/jose/ti/c2000/C2000Ware_26_01_00_00/device_support/f2837xd/
    1251                      .dwattr $C$DW$105, DW_AT_decl_line(0xb67)
    1252                      .dwattr $C$DW$105, DW_AT_decl_column(0x0c)
    1253              
    1254              $C$DW$106       .dwtag  DW_TAG_member
    1255                      .dwattr $C$DW$106, DW_AT_type(*$C$DW$T$19)
    1256                      .dwattr $C$DW$106, DW_AT_name("GPIO2")
    1257                      .dwattr $C$DW$106, DW_AT_bit_offset(0x0d)
    1258                      .dwattr $C$DW$106, DW_AT_bit_size(0x01)
    1259                      .dwattr $C$DW$106, DW_AT_accessibility(DW_ACCESS_public)
    1260                      .dwattr $C$DW$106, DW_AT_decl_file("/home/jose/ti/c2000/C2000Ware_26_01_00_00/device_support/f2837xd/
    1261                      .dwattr $C$DW$106, DW_AT_decl_line(0xb68)
    1262                      .dwattr $C$DW$106, DW_AT_decl_column(0x0c)
    1263              
    1264              $C$DW$107       .dwtag  DW_TAG_member
    1265                      .dwattr $C$DW$107, DW_AT_type(*$C$DW$T$19)
    1266                      .dwattr $C$DW$107, DW_AT_name("GPIO3")
    1267                      .dwattr $C$DW$107, DW_AT_bit_offset(0x0c)
    1268                      .dwattr $C$DW$107, DW_AT_bit_size(0x01)
    1269                      .dwattr $C$DW$107, DW_AT_accessibility(DW_ACCESS_public)
    1270                      .dwattr $C$DW$107, DW_AT_decl_file("/home/jose/ti/c2000/C2000Ware_26_01_00_00/device_support/f2837xd/
    1271                      .dwattr $C$DW$107, DW_AT_decl_line(0xb69)
    1272                      .dwattr $C$DW$107, DW_AT_decl_column(0x0c)
    1273              
    1274              $C$DW$108       .dwtag  DW_TAG_member
    1275                      .dwattr $C$DW$108, DW_AT_type(*$C$DW$T$19)
    1276                      .dwattr $C$DW$108, DW_AT_name("GPIO4")
    1277                      .dwattr $C$DW$108, DW_AT_bit_offset(0x0b)
    1278                      .dwattr $C$DW$108, DW_AT_bit_size(0x01)
    1279                      .dwattr $C$DW$108, DW_AT_accessibility(DW_ACCESS_public)
    1280                      .dwattr $C$DW$108, DW_AT_decl_file("/home/jose/ti/c2000/C2000Ware_26_01_00_00/device_support/f2837xd/
    1281                      .dwattr $C$DW$108, DW_AT_decl_line(0xb6a)
    1282                      .dwattr $C$DW$108, DW_AT_decl_column(0x0c)
    1283              
    1284              $C$DW$109       .dwtag  DW_TAG_member
    1285                      .dwattr $C$DW$109, DW_AT_type(*$C$DW$T$19)
    1286                      .dwattr $C$DW$109, DW_AT_name("GPIO5")
    1287                      .dwattr $C$DW$109, DW_AT_bit_offset(0x0a)
    1288                      .dwattr $C$DW$109, DW_AT_bit_size(0x01)
    1289                      .dwattr $C$DW$109, DW_AT_accessibility(DW_ACCESS_public)
    1290                      .dwattr $C$DW$109, DW_AT_decl_file("/home/jose/ti/c2000/C2000Ware_26_01_00_00/device_support/f2837xd/
    1291                      .dwattr $C$DW$109, DW_AT_decl_line(0xb6b)
    1292                      .dwattr $C$DW$109, DW_AT_decl_column(0x0c)
    1293              
    1294              $C$DW$110       .dwtag  DW_TAG_member
    1295                      .dwattr $C$DW$110, DW_AT_type(*$C$DW$T$19)
    1296                      .dwattr $C$DW$110, DW_AT_name("GPIO6")
TMS320C2000 Assembler Unix v25.11.0 Sat May 30 20:22:51 2026

Copyright (c) 1996-2018 Texas Instruments Incorporated
hal_board.asm                                                        PAGE   25

    1297                      .dwattr $C$DW$110, DW_AT_bit_offset(0x09)
    1298                      .dwattr $C$DW$110, DW_AT_bit_size(0x01)
    1299                      .dwattr $C$DW$110, DW_AT_accessibility(DW_ACCESS_public)
    1300                      .dwattr $C$DW$110, DW_AT_decl_file("/home/jose/ti/c2000/C2000Ware_26_01_00_00/device_support/f2837xd/
    1301                      .dwattr $C$DW$110, DW_AT_decl_line(0xb6c)
    1302                      .dwattr $C$DW$110, DW_AT_decl_column(0x0c)
    1303              
    1304              $C$DW$111       .dwtag  DW_TAG_member
    1305                      .dwattr $C$DW$111, DW_AT_type(*$C$DW$T$19)
    1306                      .dwattr $C$DW$111, DW_AT_name("GPIO7")
    1307                      .dwattr $C$DW$111, DW_AT_bit_offset(0x08)
    1308                      .dwattr $C$DW$111, DW_AT_bit_size(0x01)
    1309                      .dwattr $C$DW$111, DW_AT_accessibility(DW_ACCESS_public)
    1310                      .dwattr $C$DW$111, DW_AT_decl_file("/home/jose/ti/c2000/C2000Ware_26_01_00_00/device_support/f2837xd/
    1311                      .dwattr $C$DW$111, DW_AT_decl_line(0xb6d)
    1312                      .dwattr $C$DW$111, DW_AT_decl_column(0x0c)
    1313              
    1314              $C$DW$112       .dwtag  DW_TAG_member
    1315                      .dwattr $C$DW$112, DW_AT_type(*$C$DW$T$19)
    1316                      .dwattr $C$DW$112, DW_AT_name("GPIO8")
    1317                      .dwattr $C$DW$112, DW_AT_bit_offset(0x07)
    1318                      .dwattr $C$DW$112, DW_AT_bit_size(0x01)
    1319                      .dwattr $C$DW$112, DW_AT_accessibility(DW_ACCESS_public)
    1320                      .dwattr $C$DW$112, DW_AT_decl_file("/home/jose/ti/c2000/C2000Ware_26_01_00_00/device_support/f2837xd/
    1321                      .dwattr $C$DW$112, DW_AT_decl_line(0xb6e)
    1322                      .dwattr $C$DW$112, DW_AT_decl_column(0x0c)
    1323              
    1324              $C$DW$113       .dwtag  DW_TAG_member
    1325                      .dwattr $C$DW$113, DW_AT_type(*$C$DW$T$19)
    1326                      .dwattr $C$DW$113, DW_AT_name("GPIO9")
    1327                      .dwattr $C$DW$113, DW_AT_bit_offset(0x06)
    1328                      .dwattr $C$DW$113, DW_AT_bit_size(0x01)
    1329                      .dwattr $C$DW$113, DW_AT_accessibility(DW_ACCESS_public)
    1330                      .dwattr $C$DW$113, DW_AT_decl_file("/home/jose/ti/c2000/C2000Ware_26_01_00_00/device_support/f2837xd/
    1331                      .dwattr $C$DW$113, DW_AT_decl_line(0xb6f)
    1332                      .dwattr $C$DW$113, DW_AT_decl_column(0x0c)
    1333              
    1334              $C$DW$114       .dwtag  DW_TAG_member
    1335                      .dwattr $C$DW$114, DW_AT_type(*$C$DW$T$19)
    1336                      .dwattr $C$DW$114, DW_AT_name("GPIO10")
    1337                      .dwattr $C$DW$114, DW_AT_bit_offset(0x05)
    1338                      .dwattr $C$DW$114, DW_AT_bit_size(0x01)
    1339                      .dwattr $C$DW$114, DW_AT_accessibility(DW_ACCESS_public)
    1340                      .dwattr $C$DW$114, DW_AT_decl_file("/home/jose/ti/c2000/C2000Ware_26_01_00_00/device_support/f2837xd/
    1341                      .dwattr $C$DW$114, DW_AT_decl_line(0xb70)
    1342                      .dwattr $C$DW$114, DW_AT_decl_column(0x0c)
    1343              
    1344              $C$DW$115       .dwtag  DW_TAG_member
    1345                      .dwattr $C$DW$115, DW_AT_type(*$C$DW$T$19)
    1346                      .dwattr $C$DW$115, DW_AT_name("GPIO11")
    1347                      .dwattr $C$DW$115, DW_AT_bit_offset(0x04)
    1348                      .dwattr $C$DW$115, DW_AT_bit_size(0x01)
    1349                      .dwattr $C$DW$115, DW_AT_accessibility(DW_ACCESS_public)
    1350                      .dwattr $C$DW$115, DW_AT_decl_file("/home/jose/ti/c2000/C2000Ware_26_01_00_00/device_support/f2837xd/
    1351                      .dwattr $C$DW$115, DW_AT_decl_line(0xb71)
TMS320C2000 Assembler Unix v25.11.0 Sat May 30 20:22:51 2026

Copyright (c) 1996-2018 Texas Instruments Incorporated
hal_board.asm                                                        PAGE   26

    1352                      .dwattr $C$DW$115, DW_AT_decl_column(0x0c)
    1353              
    1354              $C$DW$116       .dwtag  DW_TAG_member
    1355                      .dwattr $C$DW$116, DW_AT_type(*$C$DW$T$19)
    1356                      .dwattr $C$DW$116, DW_AT_name("GPIO12")
    1357                      .dwattr $C$DW$116, DW_AT_bit_offset(0x03)
    1358                      .dwattr $C$DW$116, DW_AT_bit_size(0x01)
    1359                      .dwattr $C$DW$116, DW_AT_accessibility(DW_ACCESS_public)
    1360                      .dwattr $C$DW$116, DW_AT_decl_file("/home/jose/ti/c2000/C2000Ware_26_01_00_00/device_support/f2837xd/
    1361                      .dwattr $C$DW$116, DW_AT_decl_line(0xb72)
    1362                      .dwattr $C$DW$116, DW_AT_decl_column(0x0c)
    1363              
    1364              $C$DW$117       .dwtag  DW_TAG_member
    1365                      .dwattr $C$DW$117, DW_AT_type(*$C$DW$T$19)
    1366                      .dwattr $C$DW$117, DW_AT_name("GPIO13")
    1367                      .dwattr $C$DW$117, DW_AT_bit_offset(0x02)
    1368                      .dwattr $C$DW$117, DW_AT_bit_size(0x01)
    1369                      .dwattr $C$DW$117, DW_AT_accessibility(DW_ACCESS_public)
    1370                      .dwattr $C$DW$117, DW_AT_decl_file("/home/jose/ti/c2000/C2000Ware_26_01_00_00/device_support/f2837xd/
    1371                      .dwattr $C$DW$117, DW_AT_decl_line(0xb73)
    1372                      .dwattr $C$DW$117, DW_AT_decl_column(0x0c)
    1373              
    1374              $C$DW$118       .dwtag  DW_TAG_member
    1375                      .dwattr $C$DW$118, DW_AT_type(*$C$DW$T$19)
    1376                      .dwattr $C$DW$118, DW_AT_name("GPIO14")
    1377                      .dwattr $C$DW$118, DW_AT_bit_offset(0x01)
    1378                      .dwattr $C$DW$118, DW_AT_bit_size(0x01)
    1379                      .dwattr $C$DW$118, DW_AT_accessibility(DW_ACCESS_public)
    1380                      .dwattr $C$DW$118, DW_AT_decl_file("/home/jose/ti/c2000/C2000Ware_26_01_00_00/device_support/f2837xd/
    1381                      .dwattr $C$DW$118, DW_AT_decl_line(0xb74)
    1382                      .dwattr $C$DW$118, DW_AT_decl_column(0x0c)
    1383              
    1384              $C$DW$119       .dwtag  DW_TAG_member
    1385                      .dwattr $C$DW$119, DW_AT_type(*$C$DW$T$19)
    1386                      .dwattr $C$DW$119, DW_AT_name("GPIO15")
    1387                      .dwattr $C$DW$119, DW_AT_bit_offset(0x00)
    1388                      .dwattr $C$DW$119, DW_AT_bit_size(0x01)
    1389                      .dwattr $C$DW$119, DW_AT_accessibility(DW_ACCESS_public)
    1390                      .dwattr $C$DW$119, DW_AT_decl_file("/home/jose/ti/c2000/C2000Ware_26_01_00_00/device_support/f2837xd/
    1391                      .dwattr $C$DW$119, DW_AT_decl_line(0xb75)
    1392                      .dwattr $C$DW$119, DW_AT_decl_column(0x0c)
    1393              
    1394              $C$DW$120       .dwtag  DW_TAG_member
    1395                      .dwattr $C$DW$120, DW_AT_type(*$C$DW$T$19)
    1396                      .dwattr $C$DW$120, DW_AT_name("GPIO16")
    1397                      .dwattr $C$DW$120, DW_AT_bit_offset(0x0f)
    1398                      .dwattr $C$DW$120, DW_AT_bit_size(0x01)
    1399                      .dwattr $C$DW$120, DW_AT_data_member_location[DW_OP_plus_uconst 0x1]
    1400                      .dwattr $C$DW$120, DW_AT_accessibility(DW_ACCESS_public)
    1401                      .dwattr $C$DW$120, DW_AT_decl_file("/home/jose/ti/c2000/C2000Ware_26_01_00_00/device_support/f2837xd/
    1402                      .dwattr $C$DW$120, DW_AT_decl_line(0xb76)
    1403                      .dwattr $C$DW$120, DW_AT_decl_column(0x0c)
    1404              
    1405              $C$DW$121       .dwtag  DW_TAG_member
    1406                      .dwattr $C$DW$121, DW_AT_type(*$C$DW$T$19)
TMS320C2000 Assembler Unix v25.11.0 Sat May 30 20:22:51 2026

Copyright (c) 1996-2018 Texas Instruments Incorporated
hal_board.asm                                                        PAGE   27

    1407                      .dwattr $C$DW$121, DW_AT_name("GPIO17")
    1408                      .dwattr $C$DW$121, DW_AT_bit_offset(0x0e)
    1409                      .dwattr $C$DW$121, DW_AT_bit_size(0x01)
    1410                      .dwattr $C$DW$121, DW_AT_data_member_location[DW_OP_plus_uconst 0x1]
    1411                      .dwattr $C$DW$121, DW_AT_accessibility(DW_ACCESS_public)
    1412                      .dwattr $C$DW$121, DW_AT_decl_file("/home/jose/ti/c2000/C2000Ware_26_01_00_00/device_support/f2837xd/
    1413                      .dwattr $C$DW$121, DW_AT_decl_line(0xb77)
    1414                      .dwattr $C$DW$121, DW_AT_decl_column(0x0c)
    1415              
    1416              $C$DW$122       .dwtag  DW_TAG_member
    1417                      .dwattr $C$DW$122, DW_AT_type(*$C$DW$T$19)
    1418                      .dwattr $C$DW$122, DW_AT_name("GPIO18")
    1419                      .dwattr $C$DW$122, DW_AT_bit_offset(0x0d)
    1420                      .dwattr $C$DW$122, DW_AT_bit_size(0x01)
    1421                      .dwattr $C$DW$122, DW_AT_data_member_location[DW_OP_plus_uconst 0x1]
    1422                      .dwattr $C$DW$122, DW_AT_accessibility(DW_ACCESS_public)
    1423                      .dwattr $C$DW$122, DW_AT_decl_file("/home/jose/ti/c2000/C2000Ware_26_01_00_00/device_support/f2837xd/
    1424                      .dwattr $C$DW$122, DW_AT_decl_line(0xb78)
    1425                      .dwattr $C$DW$122, DW_AT_decl_column(0x0c)
    1426              
    1427              $C$DW$123       .dwtag  DW_TAG_member
    1428                      .dwattr $C$DW$123, DW_AT_type(*$C$DW$T$19)
    1429                      .dwattr $C$DW$123, DW_AT_name("GPIO19")
    1430                      .dwattr $C$DW$123, DW_AT_bit_offset(0x0c)
    1431                      .dwattr $C$DW$123, DW_AT_bit_size(0x01)
    1432                      .dwattr $C$DW$123, DW_AT_data_member_location[DW_OP_plus_uconst 0x1]
    1433                      .dwattr $C$DW$123, DW_AT_accessibility(DW_ACCESS_public)
    1434                      .dwattr $C$DW$123, DW_AT_decl_file("/home/jose/ti/c2000/C2000Ware_26_01_00_00/device_support/f2837xd/
    1435                      .dwattr $C$DW$123, DW_AT_decl_line(0xb79)
    1436                      .dwattr $C$DW$123, DW_AT_decl_column(0x0c)
    1437              
    1438              $C$DW$124       .dwtag  DW_TAG_member
    1439                      .dwattr $C$DW$124, DW_AT_type(*$C$DW$T$19)
    1440                      .dwattr $C$DW$124, DW_AT_name("GPIO20")
    1441                      .dwattr $C$DW$124, DW_AT_bit_offset(0x0b)
    1442                      .dwattr $C$DW$124, DW_AT_bit_size(0x01)
    1443                      .dwattr $C$DW$124, DW_AT_data_member_location[DW_OP_plus_uconst 0x1]
    1444                      .dwattr $C$DW$124, DW_AT_accessibility(DW_ACCESS_public)
    1445                      .dwattr $C$DW$124, DW_AT_decl_file("/home/jose/ti/c2000/C2000Ware_26_01_00_00/device_support/f2837xd/
    1446                      .dwattr $C$DW$124, DW_AT_decl_line(0xb7a)
    1447                      .dwattr $C$DW$124, DW_AT_decl_column(0x0c)
    1448              
    1449              $C$DW$125       .dwtag  DW_TAG_member
    1450                      .dwattr $C$DW$125, DW_AT_type(*$C$DW$T$19)
    1451                      .dwattr $C$DW$125, DW_AT_name("GPIO21")
    1452                      .dwattr $C$DW$125, DW_AT_bit_offset(0x0a)
    1453                      .dwattr $C$DW$125, DW_AT_bit_size(0x01)
    1454                      .dwattr $C$DW$125, DW_AT_data_member_location[DW_OP_plus_uconst 0x1]
    1455                      .dwattr $C$DW$125, DW_AT_accessibility(DW_ACCESS_public)
    1456                      .dwattr $C$DW$125, DW_AT_decl_file("/home/jose/ti/c2000/C2000Ware_26_01_00_00/device_support/f2837xd/
    1457                      .dwattr $C$DW$125, DW_AT_decl_line(0xb7b)
    1458                      .dwattr $C$DW$125, DW_AT_decl_column(0x0c)
    1459              
    1460              $C$DW$126       .dwtag  DW_TAG_member
    1461                      .dwattr $C$DW$126, DW_AT_type(*$C$DW$T$19)
TMS320C2000 Assembler Unix v25.11.0 Sat May 30 20:22:51 2026

Copyright (c) 1996-2018 Texas Instruments Incorporated
hal_board.asm                                                        PAGE   28

    1462                      .dwattr $C$DW$126, DW_AT_name("GPIO22")
    1463                      .dwattr $C$DW$126, DW_AT_bit_offset(0x09)
    1464                      .dwattr $C$DW$126, DW_AT_bit_size(0x01)
    1465                      .dwattr $C$DW$126, DW_AT_data_member_location[DW_OP_plus_uconst 0x1]
    1466                      .dwattr $C$DW$126, DW_AT_accessibility(DW_ACCESS_public)
    1467                      .dwattr $C$DW$126, DW_AT_decl_file("/home/jose/ti/c2000/C2000Ware_26_01_00_00/device_support/f2837xd/
    1468                      .dwattr $C$DW$126, DW_AT_decl_line(0xb7c)
    1469                      .dwattr $C$DW$126, DW_AT_decl_column(0x0c)
    1470              
    1471              $C$DW$127       .dwtag  DW_TAG_member
    1472                      .dwattr $C$DW$127, DW_AT_type(*$C$DW$T$19)
    1473                      .dwattr $C$DW$127, DW_AT_name("GPIO23")
    1474                      .dwattr $C$DW$127, DW_AT_bit_offset(0x08)
    1475                      .dwattr $C$DW$127, DW_AT_bit_size(0x01)
    1476                      .dwattr $C$DW$127, DW_AT_data_member_location[DW_OP_plus_uconst 0x1]
    1477                      .dwattr $C$DW$127, DW_AT_accessibility(DW_ACCESS_public)
    1478                      .dwattr $C$DW$127, DW_AT_decl_file("/home/jose/ti/c2000/C2000Ware_26_01_00_00/device_support/f2837xd/
    1479                      .dwattr $C$DW$127, DW_AT_decl_line(0xb7d)
    1480                      .dwattr $C$DW$127, DW_AT_decl_column(0x0c)
    1481              
    1482              $C$DW$128       .dwtag  DW_TAG_member
    1483                      .dwattr $C$DW$128, DW_AT_type(*$C$DW$T$19)
    1484                      .dwattr $C$DW$128, DW_AT_name("GPIO24")
    1485                      .dwattr $C$DW$128, DW_AT_bit_offset(0x07)
    1486                      .dwattr $C$DW$128, DW_AT_bit_size(0x01)
    1487                      .dwattr $C$DW$128, DW_AT_data_member_location[DW_OP_plus_uconst 0x1]
    1488                      .dwattr $C$DW$128, DW_AT_accessibility(DW_ACCESS_public)
    1489                      .dwattr $C$DW$128, DW_AT_decl_file("/home/jose/ti/c2000/C2000Ware_26_01_00_00/device_support/f2837xd/
    1490                      .dwattr $C$DW$128, DW_AT_decl_line(0xb7e)
    1491                      .dwattr $C$DW$128, DW_AT_decl_column(0x0c)
    1492              
    1493              $C$DW$129       .dwtag  DW_TAG_member
    1494                      .dwattr $C$DW$129, DW_AT_type(*$C$DW$T$19)
    1495                      .dwattr $C$DW$129, DW_AT_name("GPIO25")
    1496                      .dwattr $C$DW$129, DW_AT_bit_offset(0x06)
    1497                      .dwattr $C$DW$129, DW_AT_bit_size(0x01)
    1498                      .dwattr $C$DW$129, DW_AT_data_member_location[DW_OP_plus_uconst 0x1]
    1499                      .dwattr $C$DW$129, DW_AT_accessibility(DW_ACCESS_public)
    1500                      .dwattr $C$DW$129, DW_AT_decl_file("/home/jose/ti/c2000/C2000Ware_26_01_00_00/device_support/f2837xd/
    1501                      .dwattr $C$DW$129, DW_AT_decl_line(0xb7f)
    1502                      .dwattr $C$DW$129, DW_AT_decl_column(0x0c)
    1503              
    1504              $C$DW$130       .dwtag  DW_TAG_member
    1505                      .dwattr $C$DW$130, DW_AT_type(*$C$DW$T$19)
    1506                      .dwattr $C$DW$130, DW_AT_name("GPIO26")
    1507                      .dwattr $C$DW$130, DW_AT_bit_offset(0x05)
    1508                      .dwattr $C$DW$130, DW_AT_bit_size(0x01)
    1509                      .dwattr $C$DW$130, DW_AT_data_member_location[DW_OP_plus_uconst 0x1]
    1510                      .dwattr $C$DW$130, DW_AT_accessibility(DW_ACCESS_public)
    1511                      .dwattr $C$DW$130, DW_AT_decl_file("/home/jose/ti/c2000/C2000Ware_26_01_00_00/device_support/f2837xd/
    1512                      .dwattr $C$DW$130, DW_AT_decl_line(0xb80)
    1513                      .dwattr $C$DW$130, DW_AT_decl_column(0x0c)
    1514              
    1515              $C$DW$131       .dwtag  DW_TAG_member
    1516                      .dwattr $C$DW$131, DW_AT_type(*$C$DW$T$19)
TMS320C2000 Assembler Unix v25.11.0 Sat May 30 20:22:51 2026

Copyright (c) 1996-2018 Texas Instruments Incorporated
hal_board.asm                                                        PAGE   29

    1517                      .dwattr $C$DW$131, DW_AT_name("GPIO27")
    1518                      .dwattr $C$DW$131, DW_AT_bit_offset(0x04)
    1519                      .dwattr $C$DW$131, DW_AT_bit_size(0x01)
    1520                      .dwattr $C$DW$131, DW_AT_data_member_location[DW_OP_plus_uconst 0x1]
    1521                      .dwattr $C$DW$131, DW_AT_accessibility(DW_ACCESS_public)
    1522                      .dwattr $C$DW$131, DW_AT_decl_file("/home/jose/ti/c2000/C2000Ware_26_01_00_00/device_support/f2837xd/
    1523                      .dwattr $C$DW$131, DW_AT_decl_line(0xb81)
    1524                      .dwattr $C$DW$131, DW_AT_decl_column(0x0c)
    1525              
    1526              $C$DW$132       .dwtag  DW_TAG_member
    1527                      .dwattr $C$DW$132, DW_AT_type(*$C$DW$T$19)
    1528                      .dwattr $C$DW$132, DW_AT_name("GPIO28")
    1529                      .dwattr $C$DW$132, DW_AT_bit_offset(0x03)
    1530                      .dwattr $C$DW$132, DW_AT_bit_size(0x01)
    1531                      .dwattr $C$DW$132, DW_AT_data_member_location[DW_OP_plus_uconst 0x1]
    1532                      .dwattr $C$DW$132, DW_AT_accessibility(DW_ACCESS_public)
    1533                      .dwattr $C$DW$132, DW_AT_decl_file("/home/jose/ti/c2000/C2000Ware_26_01_00_00/device_support/f2837xd/
    1534                      .dwattr $C$DW$132, DW_AT_decl_line(0xb82)
    1535                      .dwattr $C$DW$132, DW_AT_decl_column(0x0c)
    1536              
    1537              $C$DW$133       .dwtag  DW_TAG_member
    1538                      .dwattr $C$DW$133, DW_AT_type(*$C$DW$T$19)
    1539                      .dwattr $C$DW$133, DW_AT_name("GPIO29")
    1540                      .dwattr $C$DW$133, DW_AT_bit_offset(0x02)
    1541                      .dwattr $C$DW$133, DW_AT_bit_size(0x01)
    1542                      .dwattr $C$DW$133, DW_AT_data_member_location[DW_OP_plus_uconst 0x1]
    1543                      .dwattr $C$DW$133, DW_AT_accessibility(DW_ACCESS_public)
    1544                      .dwattr $C$DW$133, DW_AT_decl_file("/home/jose/ti/c2000/C2000Ware_26_01_00_00/device_support/f2837xd/
    1545                      .dwattr $C$DW$133, DW_AT_decl_line(0xb83)
    1546                      .dwattr $C$DW$133, DW_AT_decl_column(0x0c)
    1547              
    1548              $C$DW$134       .dwtag  DW_TAG_member
    1549                      .dwattr $C$DW$134, DW_AT_type(*$C$DW$T$19)
    1550                      .dwattr $C$DW$134, DW_AT_name("GPIO30")
    1551                      .dwattr $C$DW$134, DW_AT_bit_offset(0x01)
    1552                      .dwattr $C$DW$134, DW_AT_bit_size(0x01)
    1553                      .dwattr $C$DW$134, DW_AT_data_member_location[DW_OP_plus_uconst 0x1]
    1554                      .dwattr $C$DW$134, DW_AT_accessibility(DW_ACCESS_public)
    1555                      .dwattr $C$DW$134, DW_AT_decl_file("/home/jose/ti/c2000/C2000Ware_26_01_00_00/device_support/f2837xd/
    1556                      .dwattr $C$DW$134, DW_AT_decl_line(0xb84)
    1557                      .dwattr $C$DW$134, DW_AT_decl_column(0x0c)
    1558              
    1559              $C$DW$135       .dwtag  DW_TAG_member
    1560                      .dwattr $C$DW$135, DW_AT_type(*$C$DW$T$19)
    1561                      .dwattr $C$DW$135, DW_AT_name("GPIO31")
    1562                      .dwattr $C$DW$135, DW_AT_bit_offset(0x00)
    1563                      .dwattr $C$DW$135, DW_AT_bit_size(0x01)
    1564                      .dwattr $C$DW$135, DW_AT_data_member_location[DW_OP_plus_uconst 0x1]
    1565                      .dwattr $C$DW$135, DW_AT_accessibility(DW_ACCESS_public)
    1566                      .dwattr $C$DW$135, DW_AT_decl_file("/home/jose/ti/c2000/C2000Ware_26_01_00_00/device_support/f2837xd/
    1567                      .dwattr $C$DW$135, DW_AT_decl_line(0xb85)
    1568                      .dwattr $C$DW$135, DW_AT_decl_column(0x0c)
    1569              
    1570                      .dwattr $C$DW$T$25, DW_AT_decl_file("/home/jose/ti/c2000/C2000Ware_26_01_00_00/device_support/f2837xd
    1571                      .dwattr $C$DW$T$25, DW_AT_decl_line(0xb65)
TMS320C2000 Assembler Unix v25.11.0 Sat May 30 20:22:51 2026

Copyright (c) 1996-2018 Texas Instruments Incorporated
hal_board.asm                                                        PAGE   30

    1572                      .dwattr $C$DW$T$25, DW_AT_decl_column(0x08)
    1573                      .dwendtag $C$DW$T$25
    1574              
    1575                      .dwendtag $C$DW$TU$25
    1576              
    1577              
    1578              $C$DW$TU$26     .dwtag  DW_TAG_type_unit
    1579                      .dwmtype  $C$DW$T$26
    1580              
    1581              $C$DW$T$26      .dwtag  DW_TAG_union_type
    1582                      .dwattr $C$DW$T$26, DW_AT_name("GPASET_REG")
    1583                      .dwattr $C$DW$T$26, DW_AT_byte_size(0x02)
    1584              $C$DW$136       .dwtag  DW_TAG_member
    1585                      .dwattr $C$DW$136, DW_AT_type(*$C$DW$T$21)
    1586                      .dwattr $C$DW$136, DW_AT_name("all")
    1587                      .dwattr $C$DW$136, DW_AT_accessibility(DW_ACCESS_public)
    1588                      .dwattr $C$DW$136, DW_AT_decl_file("/home/jose/ti/c2000/C2000Ware_26_01_00_00/device_support/f2837xd/
    1589                      .dwattr $C$DW$136, DW_AT_decl_line(0xb89)
    1590                      .dwattr $C$DW$136, DW_AT_decl_column(0x0d)
    1591              
    1592              $C$DW$137       .dwtag  DW_TAG_member
    1593                      .dwattr $C$DW$137, DW_AT_type(*$C$DW$T$25)
    1594                      .dwattr $C$DW$137, DW_AT_name("bit")
    1595                      .dwattr $C$DW$137, DW_AT_accessibility(DW_ACCESS_public)
    1596                      .dwattr $C$DW$137, DW_AT_decl_file("/home/jose/ti/c2000/C2000Ware_26_01_00_00/device_support/f2837xd/
    1597                      .dwattr $C$DW$137, DW_AT_decl_line(0xb8a)
    1598                      .dwattr $C$DW$137, DW_AT_decl_column(0x1a)
    1599              
    1600                      .dwattr $C$DW$T$26, DW_AT_decl_file("/home/jose/ti/c2000/C2000Ware_26_01_00_00/device_support/f2837xd
    1601                      .dwattr $C$DW$T$26, DW_AT_decl_line(0xb88)
    1602                      .dwattr $C$DW$T$26, DW_AT_decl_column(0x07)
    1603                      .dwendtag $C$DW$T$26
    1604              
    1605                      .dwendtag $C$DW$TU$26
    1606              
    1607              
    1608              $C$DW$TU$27     .dwtag  DW_TAG_type_unit
    1609                      .dwmtype  $C$DW$T$27
    1610              
    1611              $C$DW$T$27      .dwtag  DW_TAG_structure_type
    1612                      .dwattr $C$DW$T$27, DW_AT_name("GPATOGGLE_BITS")
    1613                      .dwattr $C$DW$T$27, DW_AT_byte_size(0x02)
    1614              $C$DW$138       .dwtag  DW_TAG_member
    1615                      .dwattr $C$DW$138, DW_AT_type(*$C$DW$T$19)
    1616                      .dwattr $C$DW$138, DW_AT_name("GPIO0")
    1617                      .dwattr $C$DW$138, DW_AT_bit_offset(0x0f)
    1618                      .dwattr $C$DW$138, DW_AT_bit_size(0x01)
    1619                      .dwattr $C$DW$138, DW_AT_accessibility(DW_ACCESS_public)
    1620                      .dwattr $C$DW$138, DW_AT_decl_file("/home/jose/ti/c2000/C2000Ware_26_01_00_00/device_support/f2837xd/
    1621                      .dwattr $C$DW$138, DW_AT_decl_line(0xbb6)
    1622                      .dwattr $C$DW$138, DW_AT_decl_column(0x0c)
    1623              
    1624              $C$DW$139       .dwtag  DW_TAG_member
    1625                      .dwattr $C$DW$139, DW_AT_type(*$C$DW$T$19)
    1626                      .dwattr $C$DW$139, DW_AT_name("GPIO1")
TMS320C2000 Assembler Unix v25.11.0 Sat May 30 20:22:51 2026

Copyright (c) 1996-2018 Texas Instruments Incorporated
hal_board.asm                                                        PAGE   31

    1627                      .dwattr $C$DW$139, DW_AT_bit_offset(0x0e)
    1628                      .dwattr $C$DW$139, DW_AT_bit_size(0x01)
    1629                      .dwattr $C$DW$139, DW_AT_accessibility(DW_ACCESS_public)
    1630                      .dwattr $C$DW$139, DW_AT_decl_file("/home/jose/ti/c2000/C2000Ware_26_01_00_00/device_support/f2837xd/
    1631                      .dwattr $C$DW$139, DW_AT_decl_line(0xbb7)
    1632                      .dwattr $C$DW$139, DW_AT_decl_column(0x0c)
    1633              
    1634              $C$DW$140       .dwtag  DW_TAG_member
    1635                      .dwattr $C$DW$140, DW_AT_type(*$C$DW$T$19)
    1636                      .dwattr $C$DW$140, DW_AT_name("GPIO2")
    1637                      .dwattr $C$DW$140, DW_AT_bit_offset(0x0d)
    1638                      .dwattr $C$DW$140, DW_AT_bit_size(0x01)
    1639                      .dwattr $C$DW$140, DW_AT_accessibility(DW_ACCESS_public)
    1640                      .dwattr $C$DW$140, DW_AT_decl_file("/home/jose/ti/c2000/C2000Ware_26_01_00_00/device_support/f2837xd/
    1641                      .dwattr $C$DW$140, DW_AT_decl_line(0xbb8)
    1642                      .dwattr $C$DW$140, DW_AT_decl_column(0x0c)
    1643              
    1644              $C$DW$141       .dwtag  DW_TAG_member
    1645                      .dwattr $C$DW$141, DW_AT_type(*$C$DW$T$19)
    1646                      .dwattr $C$DW$141, DW_AT_name("GPIO3")
    1647                      .dwattr $C$DW$141, DW_AT_bit_offset(0x0c)
    1648                      .dwattr $C$DW$141, DW_AT_bit_size(0x01)
    1649                      .dwattr $C$DW$141, DW_AT_accessibility(DW_ACCESS_public)
    1650                      .dwattr $C$DW$141, DW_AT_decl_file("/home/jose/ti/c2000/C2000Ware_26_01_00_00/device_support/f2837xd/
    1651                      .dwattr $C$DW$141, DW_AT_decl_line(0xbb9)
    1652                      .dwattr $C$DW$141, DW_AT_decl_column(0x0c)
    1653              
    1654              $C$DW$142       .dwtag  DW_TAG_member
    1655                      .dwattr $C$DW$142, DW_AT_type(*$C$DW$T$19)
    1656                      .dwattr $C$DW$142, DW_AT_name("GPIO4")
    1657                      .dwattr $C$DW$142, DW_AT_bit_offset(0x0b)
    1658                      .dwattr $C$DW$142, DW_AT_bit_size(0x01)
    1659                      .dwattr $C$DW$142, DW_AT_accessibility(DW_ACCESS_public)
    1660                      .dwattr $C$DW$142, DW_AT_decl_file("/home/jose/ti/c2000/C2000Ware_26_01_00_00/device_support/f2837xd/
    1661                      .dwattr $C$DW$142, DW_AT_decl_line(0xbba)
    1662                      .dwattr $C$DW$142, DW_AT_decl_column(0x0c)
    1663              
    1664              $C$DW$143       .dwtag  DW_TAG_member
    1665                      .dwattr $C$DW$143, DW_AT_type(*$C$DW$T$19)
    1666                      .dwattr $C$DW$143, DW_AT_name("GPIO5")
    1667                      .dwattr $C$DW$143, DW_AT_bit_offset(0x0a)
    1668                      .dwattr $C$DW$143, DW_AT_bit_size(0x01)
    1669                      .dwattr $C$DW$143, DW_AT_accessibility(DW_ACCESS_public)
    1670                      .dwattr $C$DW$143, DW_AT_decl_file("/home/jose/ti/c2000/C2000Ware_26_01_00_00/device_support/f2837xd/
    1671                      .dwattr $C$DW$143, DW_AT_decl_line(0xbbb)
    1672                      .dwattr $C$DW$143, DW_AT_decl_column(0x0c)
    1673              
    1674              $C$DW$144       .dwtag  DW_TAG_member
    1675                      .dwattr $C$DW$144, DW_AT_type(*$C$DW$T$19)
    1676                      .dwattr $C$DW$144, DW_AT_name("GPIO6")
    1677                      .dwattr $C$DW$144, DW_AT_bit_offset(0x09)
    1678                      .dwattr $C$DW$144, DW_AT_bit_size(0x01)
    1679                      .dwattr $C$DW$144, DW_AT_accessibility(DW_ACCESS_public)
    1680                      .dwattr $C$DW$144, DW_AT_decl_file("/home/jose/ti/c2000/C2000Ware_26_01_00_00/device_support/f2837xd/
    1681                      .dwattr $C$DW$144, DW_AT_decl_line(0xbbc)
TMS320C2000 Assembler Unix v25.11.0 Sat May 30 20:22:51 2026

Copyright (c) 1996-2018 Texas Instruments Incorporated
hal_board.asm                                                        PAGE   32

    1682                      .dwattr $C$DW$144, DW_AT_decl_column(0x0c)
    1683              
    1684              $C$DW$145       .dwtag  DW_TAG_member
    1685                      .dwattr $C$DW$145, DW_AT_type(*$C$DW$T$19)
    1686                      .dwattr $C$DW$145, DW_AT_name("GPIO7")
    1687                      .dwattr $C$DW$145, DW_AT_bit_offset(0x08)
    1688                      .dwattr $C$DW$145, DW_AT_bit_size(0x01)
    1689                      .dwattr $C$DW$145, DW_AT_accessibility(DW_ACCESS_public)
    1690                      .dwattr $C$DW$145, DW_AT_decl_file("/home/jose/ti/c2000/C2000Ware_26_01_00_00/device_support/f2837xd/
    1691                      .dwattr $C$DW$145, DW_AT_decl_line(0xbbd)
    1692                      .dwattr $C$DW$145, DW_AT_decl_column(0x0c)
    1693              
    1694              $C$DW$146       .dwtag  DW_TAG_member
    1695                      .dwattr $C$DW$146, DW_AT_type(*$C$DW$T$19)
    1696                      .dwattr $C$DW$146, DW_AT_name("GPIO8")
    1697                      .dwattr $C$DW$146, DW_AT_bit_offset(0x07)
    1698                      .dwattr $C$DW$146, DW_AT_bit_size(0x01)
    1699                      .dwattr $C$DW$146, DW_AT_accessibility(DW_ACCESS_public)
    1700                      .dwattr $C$DW$146, DW_AT_decl_file("/home/jose/ti/c2000/C2000Ware_26_01_00_00/device_support/f2837xd/
    1701                      .dwattr $C$DW$146, DW_AT_decl_line(0xbbe)
    1702                      .dwattr $C$DW$146, DW_AT_decl_column(0x0c)
    1703              
    1704              $C$DW$147       .dwtag  DW_TAG_member
    1705                      .dwattr $C$DW$147, DW_AT_type(*$C$DW$T$19)
    1706                      .dwattr $C$DW$147, DW_AT_name("GPIO9")
    1707                      .dwattr $C$DW$147, DW_AT_bit_offset(0x06)
    1708                      .dwattr $C$DW$147, DW_AT_bit_size(0x01)
    1709                      .dwattr $C$DW$147, DW_AT_accessibility(DW_ACCESS_public)
    1710                      .dwattr $C$DW$147, DW_AT_decl_file("/home/jose/ti/c2000/C2000Ware_26_01_00_00/device_support/f2837xd/
    1711                      .dwattr $C$DW$147, DW_AT_decl_line(0xbbf)
    1712                      .dwattr $C$DW$147, DW_AT_decl_column(0x0c)
    1713              
    1714              $C$DW$148       .dwtag  DW_TAG_member
    1715                      .dwattr $C$DW$148, DW_AT_type(*$C$DW$T$19)
    1716                      .dwattr $C$DW$148, DW_AT_name("GPIO10")
    1717                      .dwattr $C$DW$148, DW_AT_bit_offset(0x05)
    1718                      .dwattr $C$DW$148, DW_AT_bit_size(0x01)
    1719                      .dwattr $C$DW$148, DW_AT_accessibility(DW_ACCESS_public)
    1720                      .dwattr $C$DW$148, DW_AT_decl_file("/home/jose/ti/c2000/C2000Ware_26_01_00_00/device_support/f2837xd/
    1721                      .dwattr $C$DW$148, DW_AT_decl_line(0xbc0)
    1722                      .dwattr $C$DW$148, DW_AT_decl_column(0x0c)
    1723              
    1724              $C$DW$149       .dwtag  DW_TAG_member
    1725                      .dwattr $C$DW$149, DW_AT_type(*$C$DW$T$19)
    1726                      .dwattr $C$DW$149, DW_AT_name("GPIO11")
    1727                      .dwattr $C$DW$149, DW_AT_bit_offset(0x04)
    1728                      .dwattr $C$DW$149, DW_AT_bit_size(0x01)
    1729                      .dwattr $C$DW$149, DW_AT_accessibility(DW_ACCESS_public)
    1730                      .dwattr $C$DW$149, DW_AT_decl_file("/home/jose/ti/c2000/C2000Ware_26_01_00_00/device_support/f2837xd/
    1731                      .dwattr $C$DW$149, DW_AT_decl_line(0xbc1)
    1732                      .dwattr $C$DW$149, DW_AT_decl_column(0x0c)
    1733              
    1734              $C$DW$150       .dwtag  DW_TAG_member
    1735                      .dwattr $C$DW$150, DW_AT_type(*$C$DW$T$19)
    1736                      .dwattr $C$DW$150, DW_AT_name("GPIO12")
TMS320C2000 Assembler Unix v25.11.0 Sat May 30 20:22:51 2026

Copyright (c) 1996-2018 Texas Instruments Incorporated
hal_board.asm                                                        PAGE   33

    1737                      .dwattr $C$DW$150, DW_AT_bit_offset(0x03)
    1738                      .dwattr $C$DW$150, DW_AT_bit_size(0x01)
    1739                      .dwattr $C$DW$150, DW_AT_accessibility(DW_ACCESS_public)
    1740                      .dwattr $C$DW$150, DW_AT_decl_file("/home/jose/ti/c2000/C2000Ware_26_01_00_00/device_support/f2837xd/
    1741                      .dwattr $C$DW$150, DW_AT_decl_line(0xbc2)
    1742                      .dwattr $C$DW$150, DW_AT_decl_column(0x0c)
    1743              
    1744              $C$DW$151       .dwtag  DW_TAG_member
    1745                      .dwattr $C$DW$151, DW_AT_type(*$C$DW$T$19)
    1746                      .dwattr $C$DW$151, DW_AT_name("GPIO13")
    1747                      .dwattr $C$DW$151, DW_AT_bit_offset(0x02)
    1748                      .dwattr $C$DW$151, DW_AT_bit_size(0x01)
    1749                      .dwattr $C$DW$151, DW_AT_accessibility(DW_ACCESS_public)
    1750                      .dwattr $C$DW$151, DW_AT_decl_file("/home/jose/ti/c2000/C2000Ware_26_01_00_00/device_support/f2837xd/
    1751                      .dwattr $C$DW$151, DW_AT_decl_line(0xbc3)
    1752                      .dwattr $C$DW$151, DW_AT_decl_column(0x0c)
    1753              
    1754              $C$DW$152       .dwtag  DW_TAG_member
    1755                      .dwattr $C$DW$152, DW_AT_type(*$C$DW$T$19)
    1756                      .dwattr $C$DW$152, DW_AT_name("GPIO14")
    1757                      .dwattr $C$DW$152, DW_AT_bit_offset(0x01)
    1758                      .dwattr $C$DW$152, DW_AT_bit_size(0x01)
    1759                      .dwattr $C$DW$152, DW_AT_accessibility(DW_ACCESS_public)
    1760                      .dwattr $C$DW$152, DW_AT_decl_file("/home/jose/ti/c2000/C2000Ware_26_01_00_00/device_support/f2837xd/
    1761                      .dwattr $C$DW$152, DW_AT_decl_line(0xbc4)
    1762                      .dwattr $C$DW$152, DW_AT_decl_column(0x0c)
    1763              
    1764              $C$DW$153       .dwtag  DW_TAG_member
    1765                      .dwattr $C$DW$153, DW_AT_type(*$C$DW$T$19)
    1766                      .dwattr $C$DW$153, DW_AT_name("GPIO15")
    1767                      .dwattr $C$DW$153, DW_AT_bit_offset(0x00)
    1768                      .dwattr $C$DW$153, DW_AT_bit_size(0x01)
    1769                      .dwattr $C$DW$153, DW_AT_accessibility(DW_ACCESS_public)
    1770                      .dwattr $C$DW$153, DW_AT_decl_file("/home/jose/ti/c2000/C2000Ware_26_01_00_00/device_support/f2837xd/
    1771                      .dwattr $C$DW$153, DW_AT_decl_line(0xbc5)
    1772                      .dwattr $C$DW$153, DW_AT_decl_column(0x0c)
    1773              
    1774              $C$DW$154       .dwtag  DW_TAG_member
    1775                      .dwattr $C$DW$154, DW_AT_type(*$C$DW$T$19)
    1776                      .dwattr $C$DW$154, DW_AT_name("GPIO16")
    1777                      .dwattr $C$DW$154, DW_AT_bit_offset(0x0f)
    1778                      .dwattr $C$DW$154, DW_AT_bit_size(0x01)
    1779                      .dwattr $C$DW$154, DW_AT_data_member_location[DW_OP_plus_uconst 0x1]
    1780                      .dwattr $C$DW$154, DW_AT_accessibility(DW_ACCESS_public)
    1781                      .dwattr $C$DW$154, DW_AT_decl_file("/home/jose/ti/c2000/C2000Ware_26_01_00_00/device_support/f2837xd/
    1782                      .dwattr $C$DW$154, DW_AT_decl_line(0xbc6)
    1783                      .dwattr $C$DW$154, DW_AT_decl_column(0x0c)
    1784              
    1785              $C$DW$155       .dwtag  DW_TAG_member
    1786                      .dwattr $C$DW$155, DW_AT_type(*$C$DW$T$19)
    1787                      .dwattr $C$DW$155, DW_AT_name("GPIO17")
    1788                      .dwattr $C$DW$155, DW_AT_bit_offset(0x0e)
    1789                      .dwattr $C$DW$155, DW_AT_bit_size(0x01)
    1790                      .dwattr $C$DW$155, DW_AT_data_member_location[DW_OP_plus_uconst 0x1]
    1791                      .dwattr $C$DW$155, DW_AT_accessibility(DW_ACCESS_public)
TMS320C2000 Assembler Unix v25.11.0 Sat May 30 20:22:51 2026

Copyright (c) 1996-2018 Texas Instruments Incorporated
hal_board.asm                                                        PAGE   34

    1792                      .dwattr $C$DW$155, DW_AT_decl_file("/home/jose/ti/c2000/C2000Ware_26_01_00_00/device_support/f2837xd/
    1793                      .dwattr $C$DW$155, DW_AT_decl_line(0xbc7)
    1794                      .dwattr $C$DW$155, DW_AT_decl_column(0x0c)
    1795              
    1796              $C$DW$156       .dwtag  DW_TAG_member
    1797                      .dwattr $C$DW$156, DW_AT_type(*$C$DW$T$19)
    1798                      .dwattr $C$DW$156, DW_AT_name("GPIO18")
    1799                      .dwattr $C$DW$156, DW_AT_bit_offset(0x0d)
    1800                      .dwattr $C$DW$156, DW_AT_bit_size(0x01)
    1801                      .dwattr $C$DW$156, DW_AT_data_member_location[DW_OP_plus_uconst 0x1]
    1802                      .dwattr $C$DW$156, DW_AT_accessibility(DW_ACCESS_public)
    1803                      .dwattr $C$DW$156, DW_AT_decl_file("/home/jose/ti/c2000/C2000Ware_26_01_00_00/device_support/f2837xd/
    1804                      .dwattr $C$DW$156, DW_AT_decl_line(0xbc8)
    1805                      .dwattr $C$DW$156, DW_AT_decl_column(0x0c)
    1806              
    1807              $C$DW$157       .dwtag  DW_TAG_member
    1808                      .dwattr $C$DW$157, DW_AT_type(*$C$DW$T$19)
    1809                      .dwattr $C$DW$157, DW_AT_name("GPIO19")
    1810                      .dwattr $C$DW$157, DW_AT_bit_offset(0x0c)
    1811                      .dwattr $C$DW$157, DW_AT_bit_size(0x01)
    1812                      .dwattr $C$DW$157, DW_AT_data_member_location[DW_OP_plus_uconst 0x1]
    1813                      .dwattr $C$DW$157, DW_AT_accessibility(DW_ACCESS_public)
    1814                      .dwattr $C$DW$157, DW_AT_decl_file("/home/jose/ti/c2000/C2000Ware_26_01_00_00/device_support/f2837xd/
    1815                      .dwattr $C$DW$157, DW_AT_decl_line(0xbc9)
    1816                      .dwattr $C$DW$157, DW_AT_decl_column(0x0c)
    1817              
    1818              $C$DW$158       .dwtag  DW_TAG_member
    1819                      .dwattr $C$DW$158, DW_AT_type(*$C$DW$T$19)
    1820                      .dwattr $C$DW$158, DW_AT_name("GPIO20")
    1821                      .dwattr $C$DW$158, DW_AT_bit_offset(0x0b)
    1822                      .dwattr $C$DW$158, DW_AT_bit_size(0x01)
    1823                      .dwattr $C$DW$158, DW_AT_data_member_location[DW_OP_plus_uconst 0x1]
    1824                      .dwattr $C$DW$158, DW_AT_accessibility(DW_ACCESS_public)
    1825                      .dwattr $C$DW$158, DW_AT_decl_file("/home/jose/ti/c2000/C2000Ware_26_01_00_00/device_support/f2837xd/
    1826                      .dwattr $C$DW$158, DW_AT_decl_line(0xbca)
    1827                      .dwattr $C$DW$158, DW_AT_decl_column(0x0c)
    1828              
    1829              $C$DW$159       .dwtag  DW_TAG_member
    1830                      .dwattr $C$DW$159, DW_AT_type(*$C$DW$T$19)
    1831                      .dwattr $C$DW$159, DW_AT_name("GPIO21")
    1832                      .dwattr $C$DW$159, DW_AT_bit_offset(0x0a)
    1833                      .dwattr $C$DW$159, DW_AT_bit_size(0x01)
    1834                      .dwattr $C$DW$159, DW_AT_data_member_location[DW_OP_plus_uconst 0x1]
    1835                      .dwattr $C$DW$159, DW_AT_accessibility(DW_ACCESS_public)
    1836                      .dwattr $C$DW$159, DW_AT_decl_file("/home/jose/ti/c2000/C2000Ware_26_01_00_00/device_support/f2837xd/
    1837                      .dwattr $C$DW$159, DW_AT_decl_line(0xbcb)
    1838                      .dwattr $C$DW$159, DW_AT_decl_column(0x0c)
    1839              
    1840              $C$DW$160       .dwtag  DW_TAG_member
    1841                      .dwattr $C$DW$160, DW_AT_type(*$C$DW$T$19)
    1842                      .dwattr $C$DW$160, DW_AT_name("GPIO22")
    1843                      .dwattr $C$DW$160, DW_AT_bit_offset(0x09)
    1844                      .dwattr $C$DW$160, DW_AT_bit_size(0x01)
    1845                      .dwattr $C$DW$160, DW_AT_data_member_location[DW_OP_plus_uconst 0x1]
    1846                      .dwattr $C$DW$160, DW_AT_accessibility(DW_ACCESS_public)
TMS320C2000 Assembler Unix v25.11.0 Sat May 30 20:22:51 2026

Copyright (c) 1996-2018 Texas Instruments Incorporated
hal_board.asm                                                        PAGE   35

    1847                      .dwattr $C$DW$160, DW_AT_decl_file("/home/jose/ti/c2000/C2000Ware_26_01_00_00/device_support/f2837xd/
    1848                      .dwattr $C$DW$160, DW_AT_decl_line(0xbcc)
    1849                      .dwattr $C$DW$160, DW_AT_decl_column(0x0c)
    1850              
    1851              $C$DW$161       .dwtag  DW_TAG_member
    1852                      .dwattr $C$DW$161, DW_AT_type(*$C$DW$T$19)
    1853                      .dwattr $C$DW$161, DW_AT_name("GPIO23")
    1854                      .dwattr $C$DW$161, DW_AT_bit_offset(0x08)
    1855                      .dwattr $C$DW$161, DW_AT_bit_size(0x01)
    1856                      .dwattr $C$DW$161, DW_AT_data_member_location[DW_OP_plus_uconst 0x1]
    1857                      .dwattr $C$DW$161, DW_AT_accessibility(DW_ACCESS_public)
    1858                      .dwattr $C$DW$161, DW_AT_decl_file("/home/jose/ti/c2000/C2000Ware_26_01_00_00/device_support/f2837xd/
    1859                      .dwattr $C$DW$161, DW_AT_decl_line(0xbcd)
    1860                      .dwattr $C$DW$161, DW_AT_decl_column(0x0c)
    1861              
    1862              $C$DW$162       .dwtag  DW_TAG_member
    1863                      .dwattr $C$DW$162, DW_AT_type(*$C$DW$T$19)
    1864                      .dwattr $C$DW$162, DW_AT_name("GPIO24")
    1865                      .dwattr $C$DW$162, DW_AT_bit_offset(0x07)
    1866                      .dwattr $C$DW$162, DW_AT_bit_size(0x01)
    1867                      .dwattr $C$DW$162, DW_AT_data_member_location[DW_OP_plus_uconst 0x1]
    1868                      .dwattr $C$DW$162, DW_AT_accessibility(DW_ACCESS_public)
    1869                      .dwattr $C$DW$162, DW_AT_decl_file("/home/jose/ti/c2000/C2000Ware_26_01_00_00/device_support/f2837xd/
    1870                      .dwattr $C$DW$162, DW_AT_decl_line(0xbce)
    1871                      .dwattr $C$DW$162, DW_AT_decl_column(0x0c)
    1872              
    1873              $C$DW$163       .dwtag  DW_TAG_member
    1874                      .dwattr $C$DW$163, DW_AT_type(*$C$DW$T$19)
    1875                      .dwattr $C$DW$163, DW_AT_name("GPIO25")
    1876                      .dwattr $C$DW$163, DW_AT_bit_offset(0x06)
    1877                      .dwattr $C$DW$163, DW_AT_bit_size(0x01)
    1878                      .dwattr $C$DW$163, DW_AT_data_member_location[DW_OP_plus_uconst 0x1]
    1879                      .dwattr $C$DW$163, DW_AT_accessibility(DW_ACCESS_public)
    1880                      .dwattr $C$DW$163, DW_AT_decl_file("/home/jose/ti/c2000/C2000Ware_26_01_00_00/device_support/f2837xd/
    1881                      .dwattr $C$DW$163, DW_AT_decl_line(0xbcf)
    1882                      .dwattr $C$DW$163, DW_AT_decl_column(0x0c)
    1883              
    1884              $C$DW$164       .dwtag  DW_TAG_member
    1885                      .dwattr $C$DW$164, DW_AT_type(*$C$DW$T$19)
    1886                      .dwattr $C$DW$164, DW_AT_name("GPIO26")
    1887                      .dwattr $C$DW$164, DW_AT_bit_offset(0x05)
    1888                      .dwattr $C$DW$164, DW_AT_bit_size(0x01)
    1889                      .dwattr $C$DW$164, DW_AT_data_member_location[DW_OP_plus_uconst 0x1]
    1890                      .dwattr $C$DW$164, DW_AT_accessibility(DW_ACCESS_public)
    1891                      .dwattr $C$DW$164, DW_AT_decl_file("/home/jose/ti/c2000/C2000Ware_26_01_00_00/device_support/f2837xd/
    1892                      .dwattr $C$DW$164, DW_AT_decl_line(0xbd0)
    1893                      .dwattr $C$DW$164, DW_AT_decl_column(0x0c)
    1894              
    1895              $C$DW$165       .dwtag  DW_TAG_member
    1896                      .dwattr $C$DW$165, DW_AT_type(*$C$DW$T$19)
    1897                      .dwattr $C$DW$165, DW_AT_name("GPIO27")
    1898                      .dwattr $C$DW$165, DW_AT_bit_offset(0x04)
    1899                      .dwattr $C$DW$165, DW_AT_bit_size(0x01)
    1900                      .dwattr $C$DW$165, DW_AT_data_member_location[DW_OP_plus_uconst 0x1]
    1901                      .dwattr $C$DW$165, DW_AT_accessibility(DW_ACCESS_public)
TMS320C2000 Assembler Unix v25.11.0 Sat May 30 20:22:51 2026

Copyright (c) 1996-2018 Texas Instruments Incorporated
hal_board.asm                                                        PAGE   36

    1902                      .dwattr $C$DW$165, DW_AT_decl_file("/home/jose/ti/c2000/C2000Ware_26_01_00_00/device_support/f2837xd/
    1903                      .dwattr $C$DW$165, DW_AT_decl_line(0xbd1)
    1904                      .dwattr $C$DW$165, DW_AT_decl_column(0x0c)
    1905              
    1906              $C$DW$166       .dwtag  DW_TAG_member
    1907                      .dwattr $C$DW$166, DW_AT_type(*$C$DW$T$19)
    1908                      .dwattr $C$DW$166, DW_AT_name("GPIO28")
    1909                      .dwattr $C$DW$166, DW_AT_bit_offset(0x03)
    1910                      .dwattr $C$DW$166, DW_AT_bit_size(0x01)
    1911                      .dwattr $C$DW$166, DW_AT_data_member_location[DW_OP_plus_uconst 0x1]
    1912                      .dwattr $C$DW$166, DW_AT_accessibility(DW_ACCESS_public)
    1913                      .dwattr $C$DW$166, DW_AT_decl_file("/home/jose/ti/c2000/C2000Ware_26_01_00_00/device_support/f2837xd/
    1914                      .dwattr $C$DW$166, DW_AT_decl_line(0xbd2)
    1915                      .dwattr $C$DW$166, DW_AT_decl_column(0x0c)
    1916              
    1917              $C$DW$167       .dwtag  DW_TAG_member
    1918                      .dwattr $C$DW$167, DW_AT_type(*$C$DW$T$19)
    1919                      .dwattr $C$DW$167, DW_AT_name("GPIO29")
    1920                      .dwattr $C$DW$167, DW_AT_bit_offset(0x02)
    1921                      .dwattr $C$DW$167, DW_AT_bit_size(0x01)
    1922                      .dwattr $C$DW$167, DW_AT_data_member_location[DW_OP_plus_uconst 0x1]
    1923                      .dwattr $C$DW$167, DW_AT_accessibility(DW_ACCESS_public)
    1924                      .dwattr $C$DW$167, DW_AT_decl_file("/home/jose/ti/c2000/C2000Ware_26_01_00_00/device_support/f2837xd/
    1925                      .dwattr $C$DW$167, DW_AT_decl_line(0xbd3)
    1926                      .dwattr $C$DW$167, DW_AT_decl_column(0x0c)
    1927              
    1928              $C$DW$168       .dwtag  DW_TAG_member
    1929                      .dwattr $C$DW$168, DW_AT_type(*$C$DW$T$19)
    1930                      .dwattr $C$DW$168, DW_AT_name("GPIO30")
    1931                      .dwattr $C$DW$168, DW_AT_bit_offset(0x01)
    1932                      .dwattr $C$DW$168, DW_AT_bit_size(0x01)
    1933                      .dwattr $C$DW$168, DW_AT_data_member_location[DW_OP_plus_uconst 0x1]
    1934                      .dwattr $C$DW$168, DW_AT_accessibility(DW_ACCESS_public)
    1935                      .dwattr $C$DW$168, DW_AT_decl_file("/home/jose/ti/c2000/C2000Ware_26_01_00_00/device_support/f2837xd/
    1936                      .dwattr $C$DW$168, DW_AT_decl_line(0xbd4)
    1937                      .dwattr $C$DW$168, DW_AT_decl_column(0x0c)
    1938              
    1939              $C$DW$169       .dwtag  DW_TAG_member
    1940                      .dwattr $C$DW$169, DW_AT_type(*$C$DW$T$19)
    1941                      .dwattr $C$DW$169, DW_AT_name("GPIO31")
    1942                      .dwattr $C$DW$169, DW_AT_bit_offset(0x00)
    1943                      .dwattr $C$DW$169, DW_AT_bit_size(0x01)
    1944                      .dwattr $C$DW$169, DW_AT_data_member_location[DW_OP_plus_uconst 0x1]
    1945                      .dwattr $C$DW$169, DW_AT_accessibility(DW_ACCESS_public)
    1946                      .dwattr $C$DW$169, DW_AT_decl_file("/home/jose/ti/c2000/C2000Ware_26_01_00_00/device_support/f2837xd/
    1947                      .dwattr $C$DW$169, DW_AT_decl_line(0xbd5)
    1948                      .dwattr $C$DW$169, DW_AT_decl_column(0x0c)
    1949              
    1950                      .dwattr $C$DW$T$27, DW_AT_decl_file("/home/jose/ti/c2000/C2000Ware_26_01_00_00/device_support/f2837xd
    1951                      .dwattr $C$DW$T$27, DW_AT_decl_line(0xbb5)
    1952                      .dwattr $C$DW$T$27, DW_AT_decl_column(0x08)
    1953                      .dwendtag $C$DW$T$27
    1954              
    1955                      .dwendtag $C$DW$TU$27
    1956              
TMS320C2000 Assembler Unix v25.11.0 Sat May 30 20:22:51 2026

Copyright (c) 1996-2018 Texas Instruments Incorporated
hal_board.asm                                                        PAGE   37

    1957              
    1958              $C$DW$TU$28     .dwtag  DW_TAG_type_unit
    1959                      .dwmtype  $C$DW$T$28
    1960              
    1961              $C$DW$T$28      .dwtag  DW_TAG_union_type
    1962                      .dwattr $C$DW$T$28, DW_AT_name("GPATOGGLE_REG")
    1963                      .dwattr $C$DW$T$28, DW_AT_byte_size(0x02)
    1964              $C$DW$170       .dwtag  DW_TAG_member
    1965                      .dwattr $C$DW$170, DW_AT_type(*$C$DW$T$21)
    1966                      .dwattr $C$DW$170, DW_AT_name("all")
    1967                      .dwattr $C$DW$170, DW_AT_accessibility(DW_ACCESS_public)
    1968                      .dwattr $C$DW$170, DW_AT_decl_file("/home/jose/ti/c2000/C2000Ware_26_01_00_00/device_support/f2837xd/
    1969                      .dwattr $C$DW$170, DW_AT_decl_line(0xbd9)
    1970                      .dwattr $C$DW$170, DW_AT_decl_column(0x0d)
    1971              
    1972              $C$DW$171       .dwtag  DW_TAG_member
    1973                      .dwattr $C$DW$171, DW_AT_type(*$C$DW$T$27)
    1974                      .dwattr $C$DW$171, DW_AT_name("bit")
    1975                      .dwattr $C$DW$171, DW_AT_accessibility(DW_ACCESS_public)
    1976                      .dwattr $C$DW$171, DW_AT_decl_file("/home/jose/ti/c2000/C2000Ware_26_01_00_00/device_support/f2837xd/
    1977                      .dwattr $C$DW$171, DW_AT_decl_line(0xbda)
    1978                      .dwattr $C$DW$171, DW_AT_decl_column(0x1d)
    1979              
    1980                      .dwattr $C$DW$T$28, DW_AT_decl_file("/home/jose/ti/c2000/C2000Ware_26_01_00_00/device_support/f2837xd
    1981                      .dwattr $C$DW$T$28, DW_AT_decl_line(0xbd8)
    1982                      .dwattr $C$DW$T$28, DW_AT_decl_column(0x07)
    1983                      .dwendtag $C$DW$T$28
    1984              
    1985                      .dwendtag $C$DW$TU$28
    1986              
    1987              
    1988              $C$DW$TU$29     .dwtag  DW_TAG_type_unit
    1989                      .dwmtype  $C$DW$T$29
    1990              
    1991              $C$DW$T$29      .dwtag  DW_TAG_structure_type
    1992                      .dwattr $C$DW$T$29, DW_AT_name("GPBCLEAR_BITS")
    1993                      .dwattr $C$DW$T$29, DW_AT_byte_size(0x02)
    1994              $C$DW$172       .dwtag  DW_TAG_member
    1995                      .dwattr $C$DW$172, DW_AT_type(*$C$DW$T$19)
    1996                      .dwattr $C$DW$172, DW_AT_name("GPIO32")
    1997                      .dwattr $C$DW$172, DW_AT_bit_offset(0x0f)
    1998                      .dwattr $C$DW$172, DW_AT_bit_size(0x01)
    1999                      .dwattr $C$DW$172, DW_AT_accessibility(DW_ACCESS_public)
    2000                      .dwattr $C$DW$172, DW_AT_decl_file("/home/jose/ti/c2000/C2000Ware_26_01_00_00/device_support/f2837xd/
    2001                      .dwattr $C$DW$172, DW_AT_decl_line(0xc2e)
    2002                      .dwattr $C$DW$172, DW_AT_decl_column(0x0c)
    2003              
    2004              $C$DW$173       .dwtag  DW_TAG_member
    2005                      .dwattr $C$DW$173, DW_AT_type(*$C$DW$T$19)
    2006                      .dwattr $C$DW$173, DW_AT_name("GPIO33")
    2007                      .dwattr $C$DW$173, DW_AT_bit_offset(0x0e)
    2008                      .dwattr $C$DW$173, DW_AT_bit_size(0x01)
    2009                      .dwattr $C$DW$173, DW_AT_accessibility(DW_ACCESS_public)
    2010                      .dwattr $C$DW$173, DW_AT_decl_file("/home/jose/ti/c2000/C2000Ware_26_01_00_00/device_support/f2837xd/
    2011                      .dwattr $C$DW$173, DW_AT_decl_line(0xc2f)
TMS320C2000 Assembler Unix v25.11.0 Sat May 30 20:22:51 2026

Copyright (c) 1996-2018 Texas Instruments Incorporated
hal_board.asm                                                        PAGE   38

    2012                      .dwattr $C$DW$173, DW_AT_decl_column(0x0c)
    2013              
    2014              $C$DW$174       .dwtag  DW_TAG_member
    2015                      .dwattr $C$DW$174, DW_AT_type(*$C$DW$T$19)
    2016                      .dwattr $C$DW$174, DW_AT_name("GPIO34")
    2017                      .dwattr $C$DW$174, DW_AT_bit_offset(0x0d)
    2018                      .dwattr $C$DW$174, DW_AT_bit_size(0x01)
    2019                      .dwattr $C$DW$174, DW_AT_accessibility(DW_ACCESS_public)
    2020                      .dwattr $C$DW$174, DW_AT_decl_file("/home/jose/ti/c2000/C2000Ware_26_01_00_00/device_support/f2837xd/
    2021                      .dwattr $C$DW$174, DW_AT_decl_line(0xc30)
    2022                      .dwattr $C$DW$174, DW_AT_decl_column(0x0c)
    2023              
    2024              $C$DW$175       .dwtag  DW_TAG_member
    2025                      .dwattr $C$DW$175, DW_AT_type(*$C$DW$T$19)
    2026                      .dwattr $C$DW$175, DW_AT_name("GPIO35")
    2027                      .dwattr $C$DW$175, DW_AT_bit_offset(0x0c)
    2028                      .dwattr $C$DW$175, DW_AT_bit_size(0x01)
    2029                      .dwattr $C$DW$175, DW_AT_accessibility(DW_ACCESS_public)
    2030                      .dwattr $C$DW$175, DW_AT_decl_file("/home/jose/ti/c2000/C2000Ware_26_01_00_00/device_support/f2837xd/
    2031                      .dwattr $C$DW$175, DW_AT_decl_line(0xc31)
    2032                      .dwattr $C$DW$175, DW_AT_decl_column(0x0c)
    2033              
    2034              $C$DW$176       .dwtag  DW_TAG_member
    2035                      .dwattr $C$DW$176, DW_AT_type(*$C$DW$T$19)
    2036                      .dwattr $C$DW$176, DW_AT_name("GPIO36")
    2037                      .dwattr $C$DW$176, DW_AT_bit_offset(0x0b)
    2038                      .dwattr $C$DW$176, DW_AT_bit_size(0x01)
    2039                      .dwattr $C$DW$176, DW_AT_accessibility(DW_ACCESS_public)
    2040                      .dwattr $C$DW$176, DW_AT_decl_file("/home/jose/ti/c2000/C2000Ware_26_01_00_00/device_support/f2837xd/
    2041                      .dwattr $C$DW$176, DW_AT_decl_line(0xc32)
    2042                      .dwattr $C$DW$176, DW_AT_decl_column(0x0c)
    2043              
    2044              $C$DW$177       .dwtag  DW_TAG_member
    2045                      .dwattr $C$DW$177, DW_AT_type(*$C$DW$T$19)
    2046                      .dwattr $C$DW$177, DW_AT_name("GPIO37")
    2047                      .dwattr $C$DW$177, DW_AT_bit_offset(0x0a)
    2048                      .dwattr $C$DW$177, DW_AT_bit_size(0x01)
    2049                      .dwattr $C$DW$177, DW_AT_accessibility(DW_ACCESS_public)
    2050                      .dwattr $C$DW$177, DW_AT_decl_file("/home/jose/ti/c2000/C2000Ware_26_01_00_00/device_support/f2837xd/
    2051                      .dwattr $C$DW$177, DW_AT_decl_line(0xc33)
    2052                      .dwattr $C$DW$177, DW_AT_decl_column(0x0c)
    2053              
    2054              $C$DW$178       .dwtag  DW_TAG_member
    2055                      .dwattr $C$DW$178, DW_AT_type(*$C$DW$T$19)
    2056                      .dwattr $C$DW$178, DW_AT_name("GPIO38")
    2057                      .dwattr $C$DW$178, DW_AT_bit_offset(0x09)
    2058                      .dwattr $C$DW$178, DW_AT_bit_size(0x01)
    2059                      .dwattr $C$DW$178, DW_AT_accessibility(DW_ACCESS_public)
    2060                      .dwattr $C$DW$178, DW_AT_decl_file("/home/jose/ti/c2000/C2000Ware_26_01_00_00/device_support/f2837xd/
    2061                      .dwattr $C$DW$178, DW_AT_decl_line(0xc34)
    2062                      .dwattr $C$DW$178, DW_AT_decl_column(0x0c)
    2063              
    2064              $C$DW$179       .dwtag  DW_TAG_member
    2065                      .dwattr $C$DW$179, DW_AT_type(*$C$DW$T$19)
    2066                      .dwattr $C$DW$179, DW_AT_name("GPIO39")
TMS320C2000 Assembler Unix v25.11.0 Sat May 30 20:22:51 2026

Copyright (c) 1996-2018 Texas Instruments Incorporated
hal_board.asm                                                        PAGE   39

    2067                      .dwattr $C$DW$179, DW_AT_bit_offset(0x08)
    2068                      .dwattr $C$DW$179, DW_AT_bit_size(0x01)
    2069                      .dwattr $C$DW$179, DW_AT_accessibility(DW_ACCESS_public)
    2070                      .dwattr $C$DW$179, DW_AT_decl_file("/home/jose/ti/c2000/C2000Ware_26_01_00_00/device_support/f2837xd/
    2071                      .dwattr $C$DW$179, DW_AT_decl_line(0xc35)
    2072                      .dwattr $C$DW$179, DW_AT_decl_column(0x0c)
    2073              
    2074              $C$DW$180       .dwtag  DW_TAG_member
    2075                      .dwattr $C$DW$180, DW_AT_type(*$C$DW$T$19)
    2076                      .dwattr $C$DW$180, DW_AT_name("GPIO40")
    2077                      .dwattr $C$DW$180, DW_AT_bit_offset(0x07)
    2078                      .dwattr $C$DW$180, DW_AT_bit_size(0x01)
    2079                      .dwattr $C$DW$180, DW_AT_accessibility(DW_ACCESS_public)
    2080                      .dwattr $C$DW$180, DW_AT_decl_file("/home/jose/ti/c2000/C2000Ware_26_01_00_00/device_support/f2837xd/
    2081                      .dwattr $C$DW$180, DW_AT_decl_line(0xc36)
    2082                      .dwattr $C$DW$180, DW_AT_decl_column(0x0c)
    2083              
    2084              $C$DW$181       .dwtag  DW_TAG_member
    2085                      .dwattr $C$DW$181, DW_AT_type(*$C$DW$T$19)
    2086                      .dwattr $C$DW$181, DW_AT_name("GPIO41")
    2087                      .dwattr $C$DW$181, DW_AT_bit_offset(0x06)
    2088                      .dwattr $C$DW$181, DW_AT_bit_size(0x01)
    2089                      .dwattr $C$DW$181, DW_AT_accessibility(DW_ACCESS_public)
    2090                      .dwattr $C$DW$181, DW_AT_decl_file("/home/jose/ti/c2000/C2000Ware_26_01_00_00/device_support/f2837xd/
    2091                      .dwattr $C$DW$181, DW_AT_decl_line(0xc37)
    2092                      .dwattr $C$DW$181, DW_AT_decl_column(0x0c)
    2093              
    2094              $C$DW$182       .dwtag  DW_TAG_member
    2095                      .dwattr $C$DW$182, DW_AT_type(*$C$DW$T$19)
    2096                      .dwattr $C$DW$182, DW_AT_name("GPIO42")
    2097                      .dwattr $C$DW$182, DW_AT_bit_offset(0x05)
    2098                      .dwattr $C$DW$182, DW_AT_bit_size(0x01)
    2099                      .dwattr $C$DW$182, DW_AT_accessibility(DW_ACCESS_public)
    2100                      .dwattr $C$DW$182, DW_AT_decl_file("/home/jose/ti/c2000/C2000Ware_26_01_00_00/device_support/f2837xd/
    2101                      .dwattr $C$DW$182, DW_AT_decl_line(0xc38)
    2102                      .dwattr $C$DW$182, DW_AT_decl_column(0x0c)
    2103              
    2104              $C$DW$183       .dwtag  DW_TAG_member
    2105                      .dwattr $C$DW$183, DW_AT_type(*$C$DW$T$19)
    2106                      .dwattr $C$DW$183, DW_AT_name("GPIO43")
    2107                      .dwattr $C$DW$183, DW_AT_bit_offset(0x04)
    2108                      .dwattr $C$DW$183, DW_AT_bit_size(0x01)
    2109                      .dwattr $C$DW$183, DW_AT_accessibility(DW_ACCESS_public)
    2110                      .dwattr $C$DW$183, DW_AT_decl_file("/home/jose/ti/c2000/C2000Ware_26_01_00_00/device_support/f2837xd/
    2111                      .dwattr $C$DW$183, DW_AT_decl_line(0xc39)
    2112                      .dwattr $C$DW$183, DW_AT_decl_column(0x0c)
    2113              
    2114              $C$DW$184       .dwtag  DW_TAG_member
    2115                      .dwattr $C$DW$184, DW_AT_type(*$C$DW$T$19)
    2116                      .dwattr $C$DW$184, DW_AT_name("GPIO44")
    2117                      .dwattr $C$DW$184, DW_AT_bit_offset(0x03)
    2118                      .dwattr $C$DW$184, DW_AT_bit_size(0x01)
    2119                      .dwattr $C$DW$184, DW_AT_accessibility(DW_ACCESS_public)
    2120                      .dwattr $C$DW$184, DW_AT_decl_file("/home/jose/ti/c2000/C2000Ware_26_01_00_00/device_support/f2837xd/
    2121                      .dwattr $C$DW$184, DW_AT_decl_line(0xc3a)
TMS320C2000 Assembler Unix v25.11.0 Sat May 30 20:22:51 2026

Copyright (c) 1996-2018 Texas Instruments Incorporated
hal_board.asm                                                        PAGE   40

    2122                      .dwattr $C$DW$184, DW_AT_decl_column(0x0c)
    2123              
    2124              $C$DW$185       .dwtag  DW_TAG_member
    2125                      .dwattr $C$DW$185, DW_AT_type(*$C$DW$T$19)
    2126                      .dwattr $C$DW$185, DW_AT_name("GPIO45")
    2127                      .dwattr $C$DW$185, DW_AT_bit_offset(0x02)
    2128                      .dwattr $C$DW$185, DW_AT_bit_size(0x01)
    2129                      .dwattr $C$DW$185, DW_AT_accessibility(DW_ACCESS_public)
    2130                      .dwattr $C$DW$185, DW_AT_decl_file("/home/jose/ti/c2000/C2000Ware_26_01_00_00/device_support/f2837xd/
    2131                      .dwattr $C$DW$185, DW_AT_decl_line(0xc3b)
    2132                      .dwattr $C$DW$185, DW_AT_decl_column(0x0c)
    2133              
    2134              $C$DW$186       .dwtag  DW_TAG_member
    2135                      .dwattr $C$DW$186, DW_AT_type(*$C$DW$T$19)
    2136                      .dwattr $C$DW$186, DW_AT_name("GPIO46")
    2137                      .dwattr $C$DW$186, DW_AT_bit_offset(0x01)
    2138                      .dwattr $C$DW$186, DW_AT_bit_size(0x01)
    2139                      .dwattr $C$DW$186, DW_AT_accessibility(DW_ACCESS_public)
    2140                      .dwattr $C$DW$186, DW_AT_decl_file("/home/jose/ti/c2000/C2000Ware_26_01_00_00/device_support/f2837xd/
    2141                      .dwattr $C$DW$186, DW_AT_decl_line(0xc3c)
    2142                      .dwattr $C$DW$186, DW_AT_decl_column(0x0c)
    2143              
    2144              $C$DW$187       .dwtag  DW_TAG_member
    2145                      .dwattr $C$DW$187, DW_AT_type(*$C$DW$T$19)
    2146                      .dwattr $C$DW$187, DW_AT_name("GPIO47")
    2147                      .dwattr $C$DW$187, DW_AT_bit_offset(0x00)
    2148                      .dwattr $C$DW$187, DW_AT_bit_size(0x01)
    2149                      .dwattr $C$DW$187, DW_AT_accessibility(DW_ACCESS_public)
    2150                      .dwattr $C$DW$187, DW_AT_decl_file("/home/jose/ti/c2000/C2000Ware_26_01_00_00/device_support/f2837xd/
    2151                      .dwattr $C$DW$187, DW_AT_decl_line(0xc3d)
    2152                      .dwattr $C$DW$187, DW_AT_decl_column(0x0c)
    2153              
    2154              $C$DW$188       .dwtag  DW_TAG_member
    2155                      .dwattr $C$DW$188, DW_AT_type(*$C$DW$T$19)
    2156                      .dwattr $C$DW$188, DW_AT_name("GPIO48")
    2157                      .dwattr $C$DW$188, DW_AT_bit_offset(0x0f)
    2158                      .dwattr $C$DW$188, DW_AT_bit_size(0x01)
    2159                      .dwattr $C$DW$188, DW_AT_data_member_location[DW_OP_plus_uconst 0x1]
    2160                      .dwattr $C$DW$188, DW_AT_accessibility(DW_ACCESS_public)
    2161                      .dwattr $C$DW$188, DW_AT_decl_file("/home/jose/ti/c2000/C2000Ware_26_01_00_00/device_support/f2837xd/
    2162                      .dwattr $C$DW$188, DW_AT_decl_line(0xc3e)
    2163                      .dwattr $C$DW$188, DW_AT_decl_column(0x0c)
    2164              
    2165              $C$DW$189       .dwtag  DW_TAG_member
    2166                      .dwattr $C$DW$189, DW_AT_type(*$C$DW$T$19)
    2167                      .dwattr $C$DW$189, DW_AT_name("GPIO49")
    2168                      .dwattr $C$DW$189, DW_AT_bit_offset(0x0e)
    2169                      .dwattr $C$DW$189, DW_AT_bit_size(0x01)
    2170                      .dwattr $C$DW$189, DW_AT_data_member_location[DW_OP_plus_uconst 0x1]
    2171                      .dwattr $C$DW$189, DW_AT_accessibility(DW_ACCESS_public)
    2172                      .dwattr $C$DW$189, DW_AT_decl_file("/home/jose/ti/c2000/C2000Ware_26_01_00_00/device_support/f2837xd/
    2173                      .dwattr $C$DW$189, DW_AT_decl_line(0xc3f)
    2174                      .dwattr $C$DW$189, DW_AT_decl_column(0x0c)
    2175              
    2176              $C$DW$190       .dwtag  DW_TAG_member
TMS320C2000 Assembler Unix v25.11.0 Sat May 30 20:22:51 2026

Copyright (c) 1996-2018 Texas Instruments Incorporated
hal_board.asm                                                        PAGE   41

    2177                      .dwattr $C$DW$190, DW_AT_type(*$C$DW$T$19)
    2178                      .dwattr $C$DW$190, DW_AT_name("GPIO50")
    2179                      .dwattr $C$DW$190, DW_AT_bit_offset(0x0d)
    2180                      .dwattr $C$DW$190, DW_AT_bit_size(0x01)
    2181                      .dwattr $C$DW$190, DW_AT_data_member_location[DW_OP_plus_uconst 0x1]
    2182                      .dwattr $C$DW$190, DW_AT_accessibility(DW_ACCESS_public)
    2183                      .dwattr $C$DW$190, DW_AT_decl_file("/home/jose/ti/c2000/C2000Ware_26_01_00_00/device_support/f2837xd/
    2184                      .dwattr $C$DW$190, DW_AT_decl_line(0xc40)
    2185                      .dwattr $C$DW$190, DW_AT_decl_column(0x0c)
    2186              
    2187              $C$DW$191       .dwtag  DW_TAG_member
    2188                      .dwattr $C$DW$191, DW_AT_type(*$C$DW$T$19)
    2189                      .dwattr $C$DW$191, DW_AT_name("GPIO51")
    2190                      .dwattr $C$DW$191, DW_AT_bit_offset(0x0c)
    2191                      .dwattr $C$DW$191, DW_AT_bit_size(0x01)
    2192                      .dwattr $C$DW$191, DW_AT_data_member_location[DW_OP_plus_uconst 0x1]
    2193                      .dwattr $C$DW$191, DW_AT_accessibility(DW_ACCESS_public)
    2194                      .dwattr $C$DW$191, DW_AT_decl_file("/home/jose/ti/c2000/C2000Ware_26_01_00_00/device_support/f2837xd/
    2195                      .dwattr $C$DW$191, DW_AT_decl_line(0xc41)
    2196                      .dwattr $C$DW$191, DW_AT_decl_column(0x0c)
    2197              
    2198              $C$DW$192       .dwtag  DW_TAG_member
    2199                      .dwattr $C$DW$192, DW_AT_type(*$C$DW$T$19)
    2200                      .dwattr $C$DW$192, DW_AT_name("GPIO52")
    2201                      .dwattr $C$DW$192, DW_AT_bit_offset(0x0b)
    2202                      .dwattr $C$DW$192, DW_AT_bit_size(0x01)
    2203                      .dwattr $C$DW$192, DW_AT_data_member_location[DW_OP_plus_uconst 0x1]
    2204                      .dwattr $C$DW$192, DW_AT_accessibility(DW_ACCESS_public)
    2205                      .dwattr $C$DW$192, DW_AT_decl_file("/home/jose/ti/c2000/C2000Ware_26_01_00_00/device_support/f2837xd/
    2206                      .dwattr $C$DW$192, DW_AT_decl_line(0xc42)
    2207                      .dwattr $C$DW$192, DW_AT_decl_column(0x0c)
    2208              
    2209              $C$DW$193       .dwtag  DW_TAG_member
    2210                      .dwattr $C$DW$193, DW_AT_type(*$C$DW$T$19)
    2211                      .dwattr $C$DW$193, DW_AT_name("GPIO53")
    2212                      .dwattr $C$DW$193, DW_AT_bit_offset(0x0a)
    2213                      .dwattr $C$DW$193, DW_AT_bit_size(0x01)
    2214                      .dwattr $C$DW$193, DW_AT_data_member_location[DW_OP_plus_uconst 0x1]
    2215                      .dwattr $C$DW$193, DW_AT_accessibility(DW_ACCESS_public)
    2216                      .dwattr $C$DW$193, DW_AT_decl_file("/home/jose/ti/c2000/C2000Ware_26_01_00_00/device_support/f2837xd/
    2217                      .dwattr $C$DW$193, DW_AT_decl_line(0xc43)
    2218                      .dwattr $C$DW$193, DW_AT_decl_column(0x0c)
    2219              
    2220              $C$DW$194       .dwtag  DW_TAG_member
    2221                      .dwattr $C$DW$194, DW_AT_type(*$C$DW$T$19)
    2222                      .dwattr $C$DW$194, DW_AT_name("GPIO54")
    2223                      .dwattr $C$DW$194, DW_AT_bit_offset(0x09)
    2224                      .dwattr $C$DW$194, DW_AT_bit_size(0x01)
    2225                      .dwattr $C$DW$194, DW_AT_data_member_location[DW_OP_plus_uconst 0x1]
    2226                      .dwattr $C$DW$194, DW_AT_accessibility(DW_ACCESS_public)
    2227                      .dwattr $C$DW$194, DW_AT_decl_file("/home/jose/ti/c2000/C2000Ware_26_01_00_00/device_support/f2837xd/
    2228                      .dwattr $C$DW$194, DW_AT_decl_line(0xc44)
    2229                      .dwattr $C$DW$194, DW_AT_decl_column(0x0c)
    2230              
    2231              $C$DW$195       .dwtag  DW_TAG_member
TMS320C2000 Assembler Unix v25.11.0 Sat May 30 20:22:51 2026

Copyright (c) 1996-2018 Texas Instruments Incorporated
hal_board.asm                                                        PAGE   42

    2232                      .dwattr $C$DW$195, DW_AT_type(*$C$DW$T$19)
    2233                      .dwattr $C$DW$195, DW_AT_name("GPIO55")
    2234                      .dwattr $C$DW$195, DW_AT_bit_offset(0x08)
    2235                      .dwattr $C$DW$195, DW_AT_bit_size(0x01)
    2236                      .dwattr $C$DW$195, DW_AT_data_member_location[DW_OP_plus_uconst 0x1]
    2237                      .dwattr $C$DW$195, DW_AT_accessibility(DW_ACCESS_public)
    2238                      .dwattr $C$DW$195, DW_AT_decl_file("/home/jose/ti/c2000/C2000Ware_26_01_00_00/device_support/f2837xd/
    2239                      .dwattr $C$DW$195, DW_AT_decl_line(0xc45)
    2240                      .dwattr $C$DW$195, DW_AT_decl_column(0x0c)
    2241              
    2242              $C$DW$196       .dwtag  DW_TAG_member
    2243                      .dwattr $C$DW$196, DW_AT_type(*$C$DW$T$19)
    2244                      .dwattr $C$DW$196, DW_AT_name("GPIO56")
    2245                      .dwattr $C$DW$196, DW_AT_bit_offset(0x07)
    2246                      .dwattr $C$DW$196, DW_AT_bit_size(0x01)
    2247                      .dwattr $C$DW$196, DW_AT_data_member_location[DW_OP_plus_uconst 0x1]
    2248                      .dwattr $C$DW$196, DW_AT_accessibility(DW_ACCESS_public)
    2249                      .dwattr $C$DW$196, DW_AT_decl_file("/home/jose/ti/c2000/C2000Ware_26_01_00_00/device_support/f2837xd/
    2250                      .dwattr $C$DW$196, DW_AT_decl_line(0xc46)
    2251                      .dwattr $C$DW$196, DW_AT_decl_column(0x0c)
    2252              
    2253              $C$DW$197       .dwtag  DW_TAG_member
    2254                      .dwattr $C$DW$197, DW_AT_type(*$C$DW$T$19)
    2255                      .dwattr $C$DW$197, DW_AT_name("GPIO57")
    2256                      .dwattr $C$DW$197, DW_AT_bit_offset(0x06)
    2257                      .dwattr $C$DW$197, DW_AT_bit_size(0x01)
    2258                      .dwattr $C$DW$197, DW_AT_data_member_location[DW_OP_plus_uconst 0x1]
    2259                      .dwattr $C$DW$197, DW_AT_accessibility(DW_ACCESS_public)
    2260                      .dwattr $C$DW$197, DW_AT_decl_file("/home/jose/ti/c2000/C2000Ware_26_01_00_00/device_support/f2837xd/
    2261                      .dwattr $C$DW$197, DW_AT_decl_line(0xc47)
    2262                      .dwattr $C$DW$197, DW_AT_decl_column(0x0c)
    2263              
    2264              $C$DW$198       .dwtag  DW_TAG_member
    2265                      .dwattr $C$DW$198, DW_AT_type(*$C$DW$T$19)
    2266                      .dwattr $C$DW$198, DW_AT_name("GPIO58")
    2267                      .dwattr $C$DW$198, DW_AT_bit_offset(0x05)
    2268                      .dwattr $C$DW$198, DW_AT_bit_size(0x01)
    2269                      .dwattr $C$DW$198, DW_AT_data_member_location[DW_OP_plus_uconst 0x1]
    2270                      .dwattr $C$DW$198, DW_AT_accessibility(DW_ACCESS_public)
    2271                      .dwattr $C$DW$198, DW_AT_decl_file("/home/jose/ti/c2000/C2000Ware_26_01_00_00/device_support/f2837xd/
    2272                      .dwattr $C$DW$198, DW_AT_decl_line(0xc48)
    2273                      .dwattr $C$DW$198, DW_AT_decl_column(0x0c)
    2274              
    2275              $C$DW$199       .dwtag  DW_TAG_member
    2276                      .dwattr $C$DW$199, DW_AT_type(*$C$DW$T$19)
    2277                      .dwattr $C$DW$199, DW_AT_name("GPIO59")
    2278                      .dwattr $C$DW$199, DW_AT_bit_offset(0x04)
    2279                      .dwattr $C$DW$199, DW_AT_bit_size(0x01)
    2280                      .dwattr $C$DW$199, DW_AT_data_member_location[DW_OP_plus_uconst 0x1]
    2281                      .dwattr $C$DW$199, DW_AT_accessibility(DW_ACCESS_public)
    2282                      .dwattr $C$DW$199, DW_AT_decl_file("/home/jose/ti/c2000/C2000Ware_26_01_00_00/device_support/f2837xd/
    2283                      .dwattr $C$DW$199, DW_AT_decl_line(0xc49)
    2284                      .dwattr $C$DW$199, DW_AT_decl_column(0x0c)
    2285              
    2286              $C$DW$200       .dwtag  DW_TAG_member
TMS320C2000 Assembler Unix v25.11.0 Sat May 30 20:22:51 2026

Copyright (c) 1996-2018 Texas Instruments Incorporated
hal_board.asm                                                        PAGE   43

    2287                      .dwattr $C$DW$200, DW_AT_type(*$C$DW$T$19)
    2288                      .dwattr $C$DW$200, DW_AT_name("GPIO60")
    2289                      .dwattr $C$DW$200, DW_AT_bit_offset(0x03)
    2290                      .dwattr $C$DW$200, DW_AT_bit_size(0x01)
    2291                      .dwattr $C$DW$200, DW_AT_data_member_location[DW_OP_plus_uconst 0x1]
    2292                      .dwattr $C$DW$200, DW_AT_accessibility(DW_ACCESS_public)
    2293                      .dwattr $C$DW$200, DW_AT_decl_file("/home/jose/ti/c2000/C2000Ware_26_01_00_00/device_support/f2837xd/
    2294                      .dwattr $C$DW$200, DW_AT_decl_line(0xc4a)
    2295                      .dwattr $C$DW$200, DW_AT_decl_column(0x0c)
    2296              
    2297              $C$DW$201       .dwtag  DW_TAG_member
    2298                      .dwattr $C$DW$201, DW_AT_type(*$C$DW$T$19)
    2299                      .dwattr $C$DW$201, DW_AT_name("GPIO61")
    2300                      .dwattr $C$DW$201, DW_AT_bit_offset(0x02)
    2301                      .dwattr $C$DW$201, DW_AT_bit_size(0x01)
    2302                      .dwattr $C$DW$201, DW_AT_data_member_location[DW_OP_plus_uconst 0x1]
    2303                      .dwattr $C$DW$201, DW_AT_accessibility(DW_ACCESS_public)
    2304                      .dwattr $C$DW$201, DW_AT_decl_file("/home/jose/ti/c2000/C2000Ware_26_01_00_00/device_support/f2837xd/
    2305                      .dwattr $C$DW$201, DW_AT_decl_line(0xc4b)
    2306                      .dwattr $C$DW$201, DW_AT_decl_column(0x0c)
    2307              
    2308              $C$DW$202       .dwtag  DW_TAG_member
    2309                      .dwattr $C$DW$202, DW_AT_type(*$C$DW$T$19)
    2310                      .dwattr $C$DW$202, DW_AT_name("GPIO62")
    2311                      .dwattr $C$DW$202, DW_AT_bit_offset(0x01)
    2312                      .dwattr $C$DW$202, DW_AT_bit_size(0x01)
    2313                      .dwattr $C$DW$202, DW_AT_data_member_location[DW_OP_plus_uconst 0x1]
    2314                      .dwattr $C$DW$202, DW_AT_accessibility(DW_ACCESS_public)
    2315                      .dwattr $C$DW$202, DW_AT_decl_file("/home/jose/ti/c2000/C2000Ware_26_01_00_00/device_support/f2837xd/
    2316                      .dwattr $C$DW$202, DW_AT_decl_line(0xc4c)
    2317                      .dwattr $C$DW$202, DW_AT_decl_column(0x0c)
    2318              
    2319              $C$DW$203       .dwtag  DW_TAG_member
    2320                      .dwattr $C$DW$203, DW_AT_type(*$C$DW$T$19)
    2321                      .dwattr $C$DW$203, DW_AT_name("GPIO63")
    2322                      .dwattr $C$DW$203, DW_AT_bit_offset(0x00)
    2323                      .dwattr $C$DW$203, DW_AT_bit_size(0x01)
    2324                      .dwattr $C$DW$203, DW_AT_data_member_location[DW_OP_plus_uconst 0x1]
    2325                      .dwattr $C$DW$203, DW_AT_accessibility(DW_ACCESS_public)
    2326                      .dwattr $C$DW$203, DW_AT_decl_file("/home/jose/ti/c2000/C2000Ware_26_01_00_00/device_support/f2837xd/
    2327                      .dwattr $C$DW$203, DW_AT_decl_line(0xc4d)
    2328                      .dwattr $C$DW$203, DW_AT_decl_column(0x0c)
    2329              
    2330                      .dwattr $C$DW$T$29, DW_AT_decl_file("/home/jose/ti/c2000/C2000Ware_26_01_00_00/device_support/f2837xd
    2331                      .dwattr $C$DW$T$29, DW_AT_decl_line(0xc2d)
    2332                      .dwattr $C$DW$T$29, DW_AT_decl_column(0x08)
    2333                      .dwendtag $C$DW$T$29
    2334              
    2335                      .dwendtag $C$DW$TU$29
    2336              
    2337              
    2338              $C$DW$TU$30     .dwtag  DW_TAG_type_unit
    2339                      .dwmtype  $C$DW$T$30
    2340              
    2341              $C$DW$T$30      .dwtag  DW_TAG_union_type
TMS320C2000 Assembler Unix v25.11.0 Sat May 30 20:22:51 2026

Copyright (c) 1996-2018 Texas Instruments Incorporated
hal_board.asm                                                        PAGE   44

    2342                      .dwattr $C$DW$T$30, DW_AT_name("GPBCLEAR_REG")
    2343                      .dwattr $C$DW$T$30, DW_AT_byte_size(0x02)
    2344              $C$DW$204       .dwtag  DW_TAG_member
    2345                      .dwattr $C$DW$204, DW_AT_type(*$C$DW$T$21)
    2346                      .dwattr $C$DW$204, DW_AT_name("all")
    2347                      .dwattr $C$DW$204, DW_AT_accessibility(DW_ACCESS_public)
    2348                      .dwattr $C$DW$204, DW_AT_decl_file("/home/jose/ti/c2000/C2000Ware_26_01_00_00/device_support/f2837xd/
    2349                      .dwattr $C$DW$204, DW_AT_decl_line(0xc51)
    2350                      .dwattr $C$DW$204, DW_AT_decl_column(0x0d)
    2351              
    2352              $C$DW$205       .dwtag  DW_TAG_member
    2353                      .dwattr $C$DW$205, DW_AT_type(*$C$DW$T$29)
    2354                      .dwattr $C$DW$205, DW_AT_name("bit")
    2355                      .dwattr $C$DW$205, DW_AT_accessibility(DW_ACCESS_public)
    2356                      .dwattr $C$DW$205, DW_AT_decl_file("/home/jose/ti/c2000/C2000Ware_26_01_00_00/device_support/f2837xd/
    2357                      .dwattr $C$DW$205, DW_AT_decl_line(0xc52)
    2358                      .dwattr $C$DW$205, DW_AT_decl_column(0x1c)
    2359              
    2360                      .dwattr $C$DW$T$30, DW_AT_decl_file("/home/jose/ti/c2000/C2000Ware_26_01_00_00/device_support/f2837xd
    2361                      .dwattr $C$DW$T$30, DW_AT_decl_line(0xc50)
    2362                      .dwattr $C$DW$T$30, DW_AT_decl_column(0x07)
    2363                      .dwendtag $C$DW$T$30
    2364              
    2365                      .dwendtag $C$DW$TU$30
    2366              
    2367              
    2368              $C$DW$TU$31     .dwtag  DW_TAG_type_unit
    2369                      .dwmtype  $C$DW$T$31
    2370              
    2371              $C$DW$T$31      .dwtag  DW_TAG_structure_type
    2372                      .dwattr $C$DW$T$31, DW_AT_name("GPBDAT_BITS")
    2373                      .dwattr $C$DW$T$31, DW_AT_byte_size(0x02)
    2374              $C$DW$206       .dwtag  DW_TAG_member
    2375                      .dwattr $C$DW$206, DW_AT_type(*$C$DW$T$19)
    2376                      .dwattr $C$DW$206, DW_AT_name("GPIO32")
    2377                      .dwattr $C$DW$206, DW_AT_bit_offset(0x0f)
    2378                      .dwattr $C$DW$206, DW_AT_bit_size(0x01)
    2379                      .dwattr $C$DW$206, DW_AT_accessibility(DW_ACCESS_public)
    2380                      .dwattr $C$DW$206, DW_AT_decl_file("/home/jose/ti/c2000/C2000Ware_26_01_00_00/device_support/f2837xd/
    2381                      .dwattr $C$DW$206, DW_AT_decl_line(0xbde)
    2382                      .dwattr $C$DW$206, DW_AT_decl_column(0x0c)
    2383              
    2384              $C$DW$207       .dwtag  DW_TAG_member
    2385                      .dwattr $C$DW$207, DW_AT_type(*$C$DW$T$19)
    2386                      .dwattr $C$DW$207, DW_AT_name("GPIO33")
    2387                      .dwattr $C$DW$207, DW_AT_bit_offset(0x0e)
    2388                      .dwattr $C$DW$207, DW_AT_bit_size(0x01)
    2389                      .dwattr $C$DW$207, DW_AT_accessibility(DW_ACCESS_public)
    2390                      .dwattr $C$DW$207, DW_AT_decl_file("/home/jose/ti/c2000/C2000Ware_26_01_00_00/device_support/f2837xd/
    2391                      .dwattr $C$DW$207, DW_AT_decl_line(0xbdf)
    2392                      .dwattr $C$DW$207, DW_AT_decl_column(0x0c)
    2393              
    2394              $C$DW$208       .dwtag  DW_TAG_member
    2395                      .dwattr $C$DW$208, DW_AT_type(*$C$DW$T$19)
    2396                      .dwattr $C$DW$208, DW_AT_name("GPIO34")
TMS320C2000 Assembler Unix v25.11.0 Sat May 30 20:22:51 2026

Copyright (c) 1996-2018 Texas Instruments Incorporated
hal_board.asm                                                        PAGE   45

    2397                      .dwattr $C$DW$208, DW_AT_bit_offset(0x0d)
    2398                      .dwattr $C$DW$208, DW_AT_bit_size(0x01)
    2399                      .dwattr $C$DW$208, DW_AT_accessibility(DW_ACCESS_public)
    2400                      .dwattr $C$DW$208, DW_AT_decl_file("/home/jose/ti/c2000/C2000Ware_26_01_00_00/device_support/f2837xd/
    2401                      .dwattr $C$DW$208, DW_AT_decl_line(0xbe0)
    2402                      .dwattr $C$DW$208, DW_AT_decl_column(0x0c)
    2403              
    2404              $C$DW$209       .dwtag  DW_TAG_member
    2405                      .dwattr $C$DW$209, DW_AT_type(*$C$DW$T$19)
    2406                      .dwattr $C$DW$209, DW_AT_name("GPIO35")
    2407                      .dwattr $C$DW$209, DW_AT_bit_offset(0x0c)
    2408                      .dwattr $C$DW$209, DW_AT_bit_size(0x01)
    2409                      .dwattr $C$DW$209, DW_AT_accessibility(DW_ACCESS_public)
    2410                      .dwattr $C$DW$209, DW_AT_decl_file("/home/jose/ti/c2000/C2000Ware_26_01_00_00/device_support/f2837xd/
    2411                      .dwattr $C$DW$209, DW_AT_decl_line(0xbe1)
    2412                      .dwattr $C$DW$209, DW_AT_decl_column(0x0c)
    2413              
    2414              $C$DW$210       .dwtag  DW_TAG_member
    2415                      .dwattr $C$DW$210, DW_AT_type(*$C$DW$T$19)
    2416                      .dwattr $C$DW$210, DW_AT_name("GPIO36")
    2417                      .dwattr $C$DW$210, DW_AT_bit_offset(0x0b)
    2418                      .dwattr $C$DW$210, DW_AT_bit_size(0x01)
    2419                      .dwattr $C$DW$210, DW_AT_accessibility(DW_ACCESS_public)
    2420                      .dwattr $C$DW$210, DW_AT_decl_file("/home/jose/ti/c2000/C2000Ware_26_01_00_00/device_support/f2837xd/
    2421                      .dwattr $C$DW$210, DW_AT_decl_line(0xbe2)
    2422                      .dwattr $C$DW$210, DW_AT_decl_column(0x0c)
    2423              
    2424              $C$DW$211       .dwtag  DW_TAG_member
    2425                      .dwattr $C$DW$211, DW_AT_type(*$C$DW$T$19)
    2426                      .dwattr $C$DW$211, DW_AT_name("GPIO37")
    2427                      .dwattr $C$DW$211, DW_AT_bit_offset(0x0a)
    2428                      .dwattr $C$DW$211, DW_AT_bit_size(0x01)
    2429                      .dwattr $C$DW$211, DW_AT_accessibility(DW_ACCESS_public)
    2430                      .dwattr $C$DW$211, DW_AT_decl_file("/home/jose/ti/c2000/C2000Ware_26_01_00_00/device_support/f2837xd/
    2431                      .dwattr $C$DW$211, DW_AT_decl_line(0xbe3)
    2432                      .dwattr $C$DW$211, DW_AT_decl_column(0x0c)
    2433              
    2434              $C$DW$212       .dwtag  DW_TAG_member
    2435                      .dwattr $C$DW$212, DW_AT_type(*$C$DW$T$19)
    2436                      .dwattr $C$DW$212, DW_AT_name("GPIO38")
    2437                      .dwattr $C$DW$212, DW_AT_bit_offset(0x09)
    2438                      .dwattr $C$DW$212, DW_AT_bit_size(0x01)
    2439                      .dwattr $C$DW$212, DW_AT_accessibility(DW_ACCESS_public)
    2440                      .dwattr $C$DW$212, DW_AT_decl_file("/home/jose/ti/c2000/C2000Ware_26_01_00_00/device_support/f2837xd/
    2441                      .dwattr $C$DW$212, DW_AT_decl_line(0xbe4)
    2442                      .dwattr $C$DW$212, DW_AT_decl_column(0x0c)
    2443              
    2444              $C$DW$213       .dwtag  DW_TAG_member
    2445                      .dwattr $C$DW$213, DW_AT_type(*$C$DW$T$19)
    2446                      .dwattr $C$DW$213, DW_AT_name("GPIO39")
    2447                      .dwattr $C$DW$213, DW_AT_bit_offset(0x08)
    2448                      .dwattr $C$DW$213, DW_AT_bit_size(0x01)
    2449                      .dwattr $C$DW$213, DW_AT_accessibility(DW_ACCESS_public)
    2450                      .dwattr $C$DW$213, DW_AT_decl_file("/home/jose/ti/c2000/C2000Ware_26_01_00_00/device_support/f2837xd/
    2451                      .dwattr $C$DW$213, DW_AT_decl_line(0xbe5)
TMS320C2000 Assembler Unix v25.11.0 Sat May 30 20:22:51 2026

Copyright (c) 1996-2018 Texas Instruments Incorporated
hal_board.asm                                                        PAGE   46

    2452                      .dwattr $C$DW$213, DW_AT_decl_column(0x0c)
    2453              
    2454              $C$DW$214       .dwtag  DW_TAG_member
    2455                      .dwattr $C$DW$214, DW_AT_type(*$C$DW$T$19)
    2456                      .dwattr $C$DW$214, DW_AT_name("GPIO40")
    2457                      .dwattr $C$DW$214, DW_AT_bit_offset(0x07)
    2458                      .dwattr $C$DW$214, DW_AT_bit_size(0x01)
    2459                      .dwattr $C$DW$214, DW_AT_accessibility(DW_ACCESS_public)
    2460                      .dwattr $C$DW$214, DW_AT_decl_file("/home/jose/ti/c2000/C2000Ware_26_01_00_00/device_support/f2837xd/
    2461                      .dwattr $C$DW$214, DW_AT_decl_line(0xbe6)
    2462                      .dwattr $C$DW$214, DW_AT_decl_column(0x0c)
    2463              
    2464              $C$DW$215       .dwtag  DW_TAG_member
    2465                      .dwattr $C$DW$215, DW_AT_type(*$C$DW$T$19)
    2466                      .dwattr $C$DW$215, DW_AT_name("GPIO41")
    2467                      .dwattr $C$DW$215, DW_AT_bit_offset(0x06)
    2468                      .dwattr $C$DW$215, DW_AT_bit_size(0x01)
    2469                      .dwattr $C$DW$215, DW_AT_accessibility(DW_ACCESS_public)
    2470                      .dwattr $C$DW$215, DW_AT_decl_file("/home/jose/ti/c2000/C2000Ware_26_01_00_00/device_support/f2837xd/
    2471                      .dwattr $C$DW$215, DW_AT_decl_line(0xbe7)
    2472                      .dwattr $C$DW$215, DW_AT_decl_column(0x0c)
    2473              
    2474              $C$DW$216       .dwtag  DW_TAG_member
    2475                      .dwattr $C$DW$216, DW_AT_type(*$C$DW$T$19)
    2476                      .dwattr $C$DW$216, DW_AT_name("GPIO42")
    2477                      .dwattr $C$DW$216, DW_AT_bit_offset(0x05)
    2478                      .dwattr $C$DW$216, DW_AT_bit_size(0x01)
    2479                      .dwattr $C$DW$216, DW_AT_accessibility(DW_ACCESS_public)
    2480                      .dwattr $C$DW$216, DW_AT_decl_file("/home/jose/ti/c2000/C2000Ware_26_01_00_00/device_support/f2837xd/
    2481                      .dwattr $C$DW$216, DW_AT_decl_line(0xbe8)
    2482                      .dwattr $C$DW$216, DW_AT_decl_column(0x0c)
    2483              
    2484              $C$DW$217       .dwtag  DW_TAG_member
    2485                      .dwattr $C$DW$217, DW_AT_type(*$C$DW$T$19)
    2486                      .dwattr $C$DW$217, DW_AT_name("GPIO43")
    2487                      .dwattr $C$DW$217, DW_AT_bit_offset(0x04)
    2488                      .dwattr $C$DW$217, DW_AT_bit_size(0x01)
    2489                      .dwattr $C$DW$217, DW_AT_accessibility(DW_ACCESS_public)
    2490                      .dwattr $C$DW$217, DW_AT_decl_file("/home/jose/ti/c2000/C2000Ware_26_01_00_00/device_support/f2837xd/
    2491                      .dwattr $C$DW$217, DW_AT_decl_line(0xbe9)
    2492                      .dwattr $C$DW$217, DW_AT_decl_column(0x0c)
    2493              
    2494              $C$DW$218       .dwtag  DW_TAG_member
    2495                      .dwattr $C$DW$218, DW_AT_type(*$C$DW$T$19)
    2496                      .dwattr $C$DW$218, DW_AT_name("GPIO44")
    2497                      .dwattr $C$DW$218, DW_AT_bit_offset(0x03)
    2498                      .dwattr $C$DW$218, DW_AT_bit_size(0x01)
    2499                      .dwattr $C$DW$218, DW_AT_accessibility(DW_ACCESS_public)
    2500                      .dwattr $C$DW$218, DW_AT_decl_file("/home/jose/ti/c2000/C2000Ware_26_01_00_00/device_support/f2837xd/
    2501                      .dwattr $C$DW$218, DW_AT_decl_line(0xbea)
    2502                      .dwattr $C$DW$218, DW_AT_decl_column(0x0c)
    2503              
    2504              $C$DW$219       .dwtag  DW_TAG_member
    2505                      .dwattr $C$DW$219, DW_AT_type(*$C$DW$T$19)
    2506                      .dwattr $C$DW$219, DW_AT_name("GPIO45")
TMS320C2000 Assembler Unix v25.11.0 Sat May 30 20:22:51 2026

Copyright (c) 1996-2018 Texas Instruments Incorporated
hal_board.asm                                                        PAGE   47

    2507                      .dwattr $C$DW$219, DW_AT_bit_offset(0x02)
    2508                      .dwattr $C$DW$219, DW_AT_bit_size(0x01)
    2509                      .dwattr $C$DW$219, DW_AT_accessibility(DW_ACCESS_public)
    2510                      .dwattr $C$DW$219, DW_AT_decl_file("/home/jose/ti/c2000/C2000Ware_26_01_00_00/device_support/f2837xd/
    2511                      .dwattr $C$DW$219, DW_AT_decl_line(0xbeb)
    2512                      .dwattr $C$DW$219, DW_AT_decl_column(0x0c)
    2513              
    2514              $C$DW$220       .dwtag  DW_TAG_member
    2515                      .dwattr $C$DW$220, DW_AT_type(*$C$DW$T$19)
    2516                      .dwattr $C$DW$220, DW_AT_name("GPIO46")
    2517                      .dwattr $C$DW$220, DW_AT_bit_offset(0x01)
    2518                      .dwattr $C$DW$220, DW_AT_bit_size(0x01)
    2519                      .dwattr $C$DW$220, DW_AT_accessibility(DW_ACCESS_public)
    2520                      .dwattr $C$DW$220, DW_AT_decl_file("/home/jose/ti/c2000/C2000Ware_26_01_00_00/device_support/f2837xd/
    2521                      .dwattr $C$DW$220, DW_AT_decl_line(0xbec)
    2522                      .dwattr $C$DW$220, DW_AT_decl_column(0x0c)
    2523              
    2524              $C$DW$221       .dwtag  DW_TAG_member
    2525                      .dwattr $C$DW$221, DW_AT_type(*$C$DW$T$19)
    2526                      .dwattr $C$DW$221, DW_AT_name("GPIO47")
    2527                      .dwattr $C$DW$221, DW_AT_bit_offset(0x00)
    2528                      .dwattr $C$DW$221, DW_AT_bit_size(0x01)
    2529                      .dwattr $C$DW$221, DW_AT_accessibility(DW_ACCESS_public)
    2530                      .dwattr $C$DW$221, DW_AT_decl_file("/home/jose/ti/c2000/C2000Ware_26_01_00_00/device_support/f2837xd/
    2531                      .dwattr $C$DW$221, DW_AT_decl_line(0xbed)
    2532                      .dwattr $C$DW$221, DW_AT_decl_column(0x0c)
    2533              
    2534              $C$DW$222       .dwtag  DW_TAG_member
    2535                      .dwattr $C$DW$222, DW_AT_type(*$C$DW$T$19)
    2536                      .dwattr $C$DW$222, DW_AT_name("GPIO48")
    2537                      .dwattr $C$DW$222, DW_AT_bit_offset(0x0f)
    2538                      .dwattr $C$DW$222, DW_AT_bit_size(0x01)
    2539                      .dwattr $C$DW$222, DW_AT_data_member_location[DW_OP_plus_uconst 0x1]
    2540                      .dwattr $C$DW$222, DW_AT_accessibility(DW_ACCESS_public)
    2541                      .dwattr $C$DW$222, DW_AT_decl_file("/home/jose/ti/c2000/C2000Ware_26_01_00_00/device_support/f2837xd/
    2542                      .dwattr $C$DW$222, DW_AT_decl_line(0xbee)
    2543                      .dwattr $C$DW$222, DW_AT_decl_column(0x0c)
    2544              
    2545              $C$DW$223       .dwtag  DW_TAG_member
    2546                      .dwattr $C$DW$223, DW_AT_type(*$C$DW$T$19)
    2547                      .dwattr $C$DW$223, DW_AT_name("GPIO49")
    2548                      .dwattr $C$DW$223, DW_AT_bit_offset(0x0e)
    2549                      .dwattr $C$DW$223, DW_AT_bit_size(0x01)
    2550                      .dwattr $C$DW$223, DW_AT_data_member_location[DW_OP_plus_uconst 0x1]
    2551                      .dwattr $C$DW$223, DW_AT_accessibility(DW_ACCESS_public)
    2552                      .dwattr $C$DW$223, DW_AT_decl_file("/home/jose/ti/c2000/C2000Ware_26_01_00_00/device_support/f2837xd/
    2553                      .dwattr $C$DW$223, DW_AT_decl_line(0xbef)
    2554                      .dwattr $C$DW$223, DW_AT_decl_column(0x0c)
    2555              
    2556              $C$DW$224       .dwtag  DW_TAG_member
    2557                      .dwattr $C$DW$224, DW_AT_type(*$C$DW$T$19)
    2558                      .dwattr $C$DW$224, DW_AT_name("GPIO50")
    2559                      .dwattr $C$DW$224, DW_AT_bit_offset(0x0d)
    2560                      .dwattr $C$DW$224, DW_AT_bit_size(0x01)
    2561                      .dwattr $C$DW$224, DW_AT_data_member_location[DW_OP_plus_uconst 0x1]
TMS320C2000 Assembler Unix v25.11.0 Sat May 30 20:22:51 2026

Copyright (c) 1996-2018 Texas Instruments Incorporated
hal_board.asm                                                        PAGE   48

    2562                      .dwattr $C$DW$224, DW_AT_accessibility(DW_ACCESS_public)
    2563                      .dwattr $C$DW$224, DW_AT_decl_file("/home/jose/ti/c2000/C2000Ware_26_01_00_00/device_support/f2837xd/
    2564                      .dwattr $C$DW$224, DW_AT_decl_line(0xbf0)
    2565                      .dwattr $C$DW$224, DW_AT_decl_column(0x0c)
    2566              
    2567              $C$DW$225       .dwtag  DW_TAG_member
    2568                      .dwattr $C$DW$225, DW_AT_type(*$C$DW$T$19)
    2569                      .dwattr $C$DW$225, DW_AT_name("GPIO51")
    2570                      .dwattr $C$DW$225, DW_AT_bit_offset(0x0c)
    2571                      .dwattr $C$DW$225, DW_AT_bit_size(0x01)
    2572                      .dwattr $C$DW$225, DW_AT_data_member_location[DW_OP_plus_uconst 0x1]
    2573                      .dwattr $C$DW$225, DW_AT_accessibility(DW_ACCESS_public)
    2574                      .dwattr $C$DW$225, DW_AT_decl_file("/home/jose/ti/c2000/C2000Ware_26_01_00_00/device_support/f2837xd/
    2575                      .dwattr $C$DW$225, DW_AT_decl_line(0xbf1)
    2576                      .dwattr $C$DW$225, DW_AT_decl_column(0x0c)
    2577              
    2578              $C$DW$226       .dwtag  DW_TAG_member
    2579                      .dwattr $C$DW$226, DW_AT_type(*$C$DW$T$19)
    2580                      .dwattr $C$DW$226, DW_AT_name("GPIO52")
    2581                      .dwattr $C$DW$226, DW_AT_bit_offset(0x0b)
    2582                      .dwattr $C$DW$226, DW_AT_bit_size(0x01)
    2583                      .dwattr $C$DW$226, DW_AT_data_member_location[DW_OP_plus_uconst 0x1]
    2584                      .dwattr $C$DW$226, DW_AT_accessibility(DW_ACCESS_public)
    2585                      .dwattr $C$DW$226, DW_AT_decl_file("/home/jose/ti/c2000/C2000Ware_26_01_00_00/device_support/f2837xd/
    2586                      .dwattr $C$DW$226, DW_AT_decl_line(0xbf2)
    2587                      .dwattr $C$DW$226, DW_AT_decl_column(0x0c)
    2588              
    2589              $C$DW$227       .dwtag  DW_TAG_member
    2590                      .dwattr $C$DW$227, DW_AT_type(*$C$DW$T$19)
    2591                      .dwattr $C$DW$227, DW_AT_name("GPIO53")
    2592                      .dwattr $C$DW$227, DW_AT_bit_offset(0x0a)
    2593                      .dwattr $C$DW$227, DW_AT_bit_size(0x01)
    2594                      .dwattr $C$DW$227, DW_AT_data_member_location[DW_OP_plus_uconst 0x1]
    2595                      .dwattr $C$DW$227, DW_AT_accessibility(DW_ACCESS_public)
    2596                      .dwattr $C$DW$227, DW_AT_decl_file("/home/jose/ti/c2000/C2000Ware_26_01_00_00/device_support/f2837xd/
    2597                      .dwattr $C$DW$227, DW_AT_decl_line(0xbf3)
    2598                      .dwattr $C$DW$227, DW_AT_decl_column(0x0c)
    2599              
    2600              $C$DW$228       .dwtag  DW_TAG_member
    2601                      .dwattr $C$DW$228, DW_AT_type(*$C$DW$T$19)
    2602                      .dwattr $C$DW$228, DW_AT_name("GPIO54")
    2603                      .dwattr $C$DW$228, DW_AT_bit_offset(0x09)
    2604                      .dwattr $C$DW$228, DW_AT_bit_size(0x01)
    2605                      .dwattr $C$DW$228, DW_AT_data_member_location[DW_OP_plus_uconst 0x1]
    2606                      .dwattr $C$DW$228, DW_AT_accessibility(DW_ACCESS_public)
    2607                      .dwattr $C$DW$228, DW_AT_decl_file("/home/jose/ti/c2000/C2000Ware_26_01_00_00/device_support/f2837xd/
    2608                      .dwattr $C$DW$228, DW_AT_decl_line(0xbf4)
    2609                      .dwattr $C$DW$228, DW_AT_decl_column(0x0c)
    2610              
    2611              $C$DW$229       .dwtag  DW_TAG_member
    2612                      .dwattr $C$DW$229, DW_AT_type(*$C$DW$T$19)
    2613                      .dwattr $C$DW$229, DW_AT_name("GPIO55")
    2614                      .dwattr $C$DW$229, DW_AT_bit_offset(0x08)
    2615                      .dwattr $C$DW$229, DW_AT_bit_size(0x01)
    2616                      .dwattr $C$DW$229, DW_AT_data_member_location[DW_OP_plus_uconst 0x1]
TMS320C2000 Assembler Unix v25.11.0 Sat May 30 20:22:51 2026

Copyright (c) 1996-2018 Texas Instruments Incorporated
hal_board.asm                                                        PAGE   49

    2617                      .dwattr $C$DW$229, DW_AT_accessibility(DW_ACCESS_public)
    2618                      .dwattr $C$DW$229, DW_AT_decl_file("/home/jose/ti/c2000/C2000Ware_26_01_00_00/device_support/f2837xd/
    2619                      .dwattr $C$DW$229, DW_AT_decl_line(0xbf5)
    2620                      .dwattr $C$DW$229, DW_AT_decl_column(0x0c)
    2621              
    2622              $C$DW$230       .dwtag  DW_TAG_member
    2623                      .dwattr $C$DW$230, DW_AT_type(*$C$DW$T$19)
    2624                      .dwattr $C$DW$230, DW_AT_name("GPIO56")
    2625                      .dwattr $C$DW$230, DW_AT_bit_offset(0x07)
    2626                      .dwattr $C$DW$230, DW_AT_bit_size(0x01)
    2627                      .dwattr $C$DW$230, DW_AT_data_member_location[DW_OP_plus_uconst 0x1]
    2628                      .dwattr $C$DW$230, DW_AT_accessibility(DW_ACCESS_public)
    2629                      .dwattr $C$DW$230, DW_AT_decl_file("/home/jose/ti/c2000/C2000Ware_26_01_00_00/device_support/f2837xd/
    2630                      .dwattr $C$DW$230, DW_AT_decl_line(0xbf6)
    2631                      .dwattr $C$DW$230, DW_AT_decl_column(0x0c)
    2632              
    2633              $C$DW$231       .dwtag  DW_TAG_member
    2634                      .dwattr $C$DW$231, DW_AT_type(*$C$DW$T$19)
    2635                      .dwattr $C$DW$231, DW_AT_name("GPIO57")
    2636                      .dwattr $C$DW$231, DW_AT_bit_offset(0x06)
    2637                      .dwattr $C$DW$231, DW_AT_bit_size(0x01)
    2638                      .dwattr $C$DW$231, DW_AT_data_member_location[DW_OP_plus_uconst 0x1]
    2639                      .dwattr $C$DW$231, DW_AT_accessibility(DW_ACCESS_public)
    2640                      .dwattr $C$DW$231, DW_AT_decl_file("/home/jose/ti/c2000/C2000Ware_26_01_00_00/device_support/f2837xd/
    2641                      .dwattr $C$DW$231, DW_AT_decl_line(0xbf7)
    2642                      .dwattr $C$DW$231, DW_AT_decl_column(0x0c)
    2643              
    2644              $C$DW$232       .dwtag  DW_TAG_member
    2645                      .dwattr $C$DW$232, DW_AT_type(*$C$DW$T$19)
    2646                      .dwattr $C$DW$232, DW_AT_name("GPIO58")
    2647                      .dwattr $C$DW$232, DW_AT_bit_offset(0x05)
    2648                      .dwattr $C$DW$232, DW_AT_bit_size(0x01)
    2649                      .dwattr $C$DW$232, DW_AT_data_member_location[DW_OP_plus_uconst 0x1]
    2650                      .dwattr $C$DW$232, DW_AT_accessibility(DW_ACCESS_public)
    2651                      .dwattr $C$DW$232, DW_AT_decl_file("/home/jose/ti/c2000/C2000Ware_26_01_00_00/device_support/f2837xd/
    2652                      .dwattr $C$DW$232, DW_AT_decl_line(0xbf8)
    2653                      .dwattr $C$DW$232, DW_AT_decl_column(0x0c)
    2654              
    2655              $C$DW$233       .dwtag  DW_TAG_member
    2656                      .dwattr $C$DW$233, DW_AT_type(*$C$DW$T$19)
    2657                      .dwattr $C$DW$233, DW_AT_name("GPIO59")
    2658                      .dwattr $C$DW$233, DW_AT_bit_offset(0x04)
    2659                      .dwattr $C$DW$233, DW_AT_bit_size(0x01)
    2660                      .dwattr $C$DW$233, DW_AT_data_member_location[DW_OP_plus_uconst 0x1]
    2661                      .dwattr $C$DW$233, DW_AT_accessibility(DW_ACCESS_public)
    2662                      .dwattr $C$DW$233, DW_AT_decl_file("/home/jose/ti/c2000/C2000Ware_26_01_00_00/device_support/f2837xd/
    2663                      .dwattr $C$DW$233, DW_AT_decl_line(0xbf9)
    2664                      .dwattr $C$DW$233, DW_AT_decl_column(0x0c)
    2665              
    2666              $C$DW$234       .dwtag  DW_TAG_member
    2667                      .dwattr $C$DW$234, DW_AT_type(*$C$DW$T$19)
    2668                      .dwattr $C$DW$234, DW_AT_name("GPIO60")
    2669                      .dwattr $C$DW$234, DW_AT_bit_offset(0x03)
    2670                      .dwattr $C$DW$234, DW_AT_bit_size(0x01)
    2671                      .dwattr $C$DW$234, DW_AT_data_member_location[DW_OP_plus_uconst 0x1]
TMS320C2000 Assembler Unix v25.11.0 Sat May 30 20:22:51 2026

Copyright (c) 1996-2018 Texas Instruments Incorporated
hal_board.asm                                                        PAGE   50

    2672                      .dwattr $C$DW$234, DW_AT_accessibility(DW_ACCESS_public)
    2673                      .dwattr $C$DW$234, DW_AT_decl_file("/home/jose/ti/c2000/C2000Ware_26_01_00_00/device_support/f2837xd/
    2674                      .dwattr $C$DW$234, DW_AT_decl_line(0xbfa)
    2675                      .dwattr $C$DW$234, DW_AT_decl_column(0x0c)
    2676              
    2677              $C$DW$235       .dwtag  DW_TAG_member
    2678                      .dwattr $C$DW$235, DW_AT_type(*$C$DW$T$19)
    2679                      .dwattr $C$DW$235, DW_AT_name("GPIO61")
    2680                      .dwattr $C$DW$235, DW_AT_bit_offset(0x02)
    2681                      .dwattr $C$DW$235, DW_AT_bit_size(0x01)
    2682                      .dwattr $C$DW$235, DW_AT_data_member_location[DW_OP_plus_uconst 0x1]
    2683                      .dwattr $C$DW$235, DW_AT_accessibility(DW_ACCESS_public)
    2684                      .dwattr $C$DW$235, DW_AT_decl_file("/home/jose/ti/c2000/C2000Ware_26_01_00_00/device_support/f2837xd/
    2685                      .dwattr $C$DW$235, DW_AT_decl_line(0xbfb)
    2686                      .dwattr $C$DW$235, DW_AT_decl_column(0x0c)
    2687              
    2688              $C$DW$236       .dwtag  DW_TAG_member
    2689                      .dwattr $C$DW$236, DW_AT_type(*$C$DW$T$19)
    2690                      .dwattr $C$DW$236, DW_AT_name("GPIO62")
    2691                      .dwattr $C$DW$236, DW_AT_bit_offset(0x01)
    2692                      .dwattr $C$DW$236, DW_AT_bit_size(0x01)
    2693                      .dwattr $C$DW$236, DW_AT_data_member_location[DW_OP_plus_uconst 0x1]
    2694                      .dwattr $C$DW$236, DW_AT_accessibility(DW_ACCESS_public)
    2695                      .dwattr $C$DW$236, DW_AT_decl_file("/home/jose/ti/c2000/C2000Ware_26_01_00_00/device_support/f2837xd/
    2696                      .dwattr $C$DW$236, DW_AT_decl_line(0xbfc)
    2697                      .dwattr $C$DW$236, DW_AT_decl_column(0x0c)
    2698              
    2699              $C$DW$237       .dwtag  DW_TAG_member
    2700                      .dwattr $C$DW$237, DW_AT_type(*$C$DW$T$19)
    2701                      .dwattr $C$DW$237, DW_AT_name("GPIO63")
    2702                      .dwattr $C$DW$237, DW_AT_bit_offset(0x00)
    2703                      .dwattr $C$DW$237, DW_AT_bit_size(0x01)
    2704                      .dwattr $C$DW$237, DW_AT_data_member_location[DW_OP_plus_uconst 0x1]
    2705                      .dwattr $C$DW$237, DW_AT_accessibility(DW_ACCESS_public)
    2706                      .dwattr $C$DW$237, DW_AT_decl_file("/home/jose/ti/c2000/C2000Ware_26_01_00_00/device_support/f2837xd/
    2707                      .dwattr $C$DW$237, DW_AT_decl_line(0xbfd)
    2708                      .dwattr $C$DW$237, DW_AT_decl_column(0x0c)
    2709              
    2710                      .dwattr $C$DW$T$31, DW_AT_decl_file("/home/jose/ti/c2000/C2000Ware_26_01_00_00/device_support/f2837xd
    2711                      .dwattr $C$DW$T$31, DW_AT_decl_line(0xbdd)
    2712                      .dwattr $C$DW$T$31, DW_AT_decl_column(0x08)
    2713                      .dwendtag $C$DW$T$31
    2714              
    2715                      .dwendtag $C$DW$TU$31
    2716              
    2717              
    2718              $C$DW$TU$32     .dwtag  DW_TAG_type_unit
    2719                      .dwmtype  $C$DW$T$32
    2720              
    2721              $C$DW$T$32      .dwtag  DW_TAG_union_type
    2722                      .dwattr $C$DW$T$32, DW_AT_name("GPBDAT_REG")
    2723                      .dwattr $C$DW$T$32, DW_AT_byte_size(0x02)
    2724              $C$DW$238       .dwtag  DW_TAG_member
    2725                      .dwattr $C$DW$238, DW_AT_type(*$C$DW$T$21)
    2726                      .dwattr $C$DW$238, DW_AT_name("all")
TMS320C2000 Assembler Unix v25.11.0 Sat May 30 20:22:51 2026

Copyright (c) 1996-2018 Texas Instruments Incorporated
hal_board.asm                                                        PAGE   51

    2727                      .dwattr $C$DW$238, DW_AT_accessibility(DW_ACCESS_public)
    2728                      .dwattr $C$DW$238, DW_AT_decl_file("/home/jose/ti/c2000/C2000Ware_26_01_00_00/device_support/f2837xd/
    2729                      .dwattr $C$DW$238, DW_AT_decl_line(0xc01)
    2730                      .dwattr $C$DW$238, DW_AT_decl_column(0x0d)
    2731              
    2732              $C$DW$239       .dwtag  DW_TAG_member
    2733                      .dwattr $C$DW$239, DW_AT_type(*$C$DW$T$31)
    2734                      .dwattr $C$DW$239, DW_AT_name("bit")
    2735                      .dwattr $C$DW$239, DW_AT_accessibility(DW_ACCESS_public)
    2736                      .dwattr $C$DW$239, DW_AT_decl_file("/home/jose/ti/c2000/C2000Ware_26_01_00_00/device_support/f2837xd/
    2737                      .dwattr $C$DW$239, DW_AT_decl_line(0xc02)
    2738                      .dwattr $C$DW$239, DW_AT_decl_column(0x1a)
    2739              
    2740                      .dwattr $C$DW$T$32, DW_AT_decl_file("/home/jose/ti/c2000/C2000Ware_26_01_00_00/device_support/f2837xd
    2741                      .dwattr $C$DW$T$32, DW_AT_decl_line(0xc00)
    2742                      .dwattr $C$DW$T$32, DW_AT_decl_column(0x07)
    2743                      .dwendtag $C$DW$T$32
    2744              
    2745                      .dwendtag $C$DW$TU$32
    2746              
    2747              
    2748              $C$DW$TU$33     .dwtag  DW_TAG_type_unit
    2749                      .dwmtype  $C$DW$T$33
    2750              
    2751              $C$DW$T$33      .dwtag  DW_TAG_structure_type
    2752                      .dwattr $C$DW$T$33, DW_AT_name("GPBSET_BITS")
    2753                      .dwattr $C$DW$T$33, DW_AT_byte_size(0x02)
    2754              $C$DW$240       .dwtag  DW_TAG_member
    2755                      .dwattr $C$DW$240, DW_AT_type(*$C$DW$T$19)
    2756                      .dwattr $C$DW$240, DW_AT_name("GPIO32")
    2757                      .dwattr $C$DW$240, DW_AT_bit_offset(0x0f)
    2758                      .dwattr $C$DW$240, DW_AT_bit_size(0x01)
    2759                      .dwattr $C$DW$240, DW_AT_accessibility(DW_ACCESS_public)
    2760                      .dwattr $C$DW$240, DW_AT_decl_file("/home/jose/ti/c2000/C2000Ware_26_01_00_00/device_support/f2837xd/
    2761                      .dwattr $C$DW$240, DW_AT_decl_line(0xc06)
    2762                      .dwattr $C$DW$240, DW_AT_decl_column(0x0c)
    2763              
    2764              $C$DW$241       .dwtag  DW_TAG_member
    2765                      .dwattr $C$DW$241, DW_AT_type(*$C$DW$T$19)
    2766                      .dwattr $C$DW$241, DW_AT_name("GPIO33")
    2767                      .dwattr $C$DW$241, DW_AT_bit_offset(0x0e)
    2768                      .dwattr $C$DW$241, DW_AT_bit_size(0x01)
    2769                      .dwattr $C$DW$241, DW_AT_accessibility(DW_ACCESS_public)
    2770                      .dwattr $C$DW$241, DW_AT_decl_file("/home/jose/ti/c2000/C2000Ware_26_01_00_00/device_support/f2837xd/
    2771                      .dwattr $C$DW$241, DW_AT_decl_line(0xc07)
    2772                      .dwattr $C$DW$241, DW_AT_decl_column(0x0c)
    2773              
    2774              $C$DW$242       .dwtag  DW_TAG_member
    2775                      .dwattr $C$DW$242, DW_AT_type(*$C$DW$T$19)
    2776                      .dwattr $C$DW$242, DW_AT_name("GPIO34")
    2777                      .dwattr $C$DW$242, DW_AT_bit_offset(0x0d)
    2778                      .dwattr $C$DW$242, DW_AT_bit_size(0x01)
    2779                      .dwattr $C$DW$242, DW_AT_accessibility(DW_ACCESS_public)
    2780                      .dwattr $C$DW$242, DW_AT_decl_file("/home/jose/ti/c2000/C2000Ware_26_01_00_00/device_support/f2837xd/
    2781                      .dwattr $C$DW$242, DW_AT_decl_line(0xc08)
TMS320C2000 Assembler Unix v25.11.0 Sat May 30 20:22:51 2026

Copyright (c) 1996-2018 Texas Instruments Incorporated
hal_board.asm                                                        PAGE   52

    2782                      .dwattr $C$DW$242, DW_AT_decl_column(0x0c)
    2783              
    2784              $C$DW$243       .dwtag  DW_TAG_member
    2785                      .dwattr $C$DW$243, DW_AT_type(*$C$DW$T$19)
    2786                      .dwattr $C$DW$243, DW_AT_name("GPIO35")
    2787                      .dwattr $C$DW$243, DW_AT_bit_offset(0x0c)
    2788                      .dwattr $C$DW$243, DW_AT_bit_size(0x01)
    2789                      .dwattr $C$DW$243, DW_AT_accessibility(DW_ACCESS_public)
    2790                      .dwattr $C$DW$243, DW_AT_decl_file("/home/jose/ti/c2000/C2000Ware_26_01_00_00/device_support/f2837xd/
    2791                      .dwattr $C$DW$243, DW_AT_decl_line(0xc09)
    2792                      .dwattr $C$DW$243, DW_AT_decl_column(0x0c)
    2793              
    2794              $C$DW$244       .dwtag  DW_TAG_member
    2795                      .dwattr $C$DW$244, DW_AT_type(*$C$DW$T$19)
    2796                      .dwattr $C$DW$244, DW_AT_name("GPIO36")
    2797                      .dwattr $C$DW$244, DW_AT_bit_offset(0x0b)
    2798                      .dwattr $C$DW$244, DW_AT_bit_size(0x01)
    2799                      .dwattr $C$DW$244, DW_AT_accessibility(DW_ACCESS_public)
    2800                      .dwattr $C$DW$244, DW_AT_decl_file("/home/jose/ti/c2000/C2000Ware_26_01_00_00/device_support/f2837xd/
    2801                      .dwattr $C$DW$244, DW_AT_decl_line(0xc0a)
    2802                      .dwattr $C$DW$244, DW_AT_decl_column(0x0c)
    2803              
    2804              $C$DW$245       .dwtag  DW_TAG_member
    2805                      .dwattr $C$DW$245, DW_AT_type(*$C$DW$T$19)
    2806                      .dwattr $C$DW$245, DW_AT_name("GPIO37")
    2807                      .dwattr $C$DW$245, DW_AT_bit_offset(0x0a)
    2808                      .dwattr $C$DW$245, DW_AT_bit_size(0x01)
    2809                      .dwattr $C$DW$245, DW_AT_accessibility(DW_ACCESS_public)
    2810                      .dwattr $C$DW$245, DW_AT_decl_file("/home/jose/ti/c2000/C2000Ware_26_01_00_00/device_support/f2837xd/
    2811                      .dwattr $C$DW$245, DW_AT_decl_line(0xc0b)
    2812                      .dwattr $C$DW$245, DW_AT_decl_column(0x0c)
    2813              
    2814              $C$DW$246       .dwtag  DW_TAG_member
    2815                      .dwattr $C$DW$246, DW_AT_type(*$C$DW$T$19)
    2816                      .dwattr $C$DW$246, DW_AT_name("GPIO38")
    2817                      .dwattr $C$DW$246, DW_AT_bit_offset(0x09)
    2818                      .dwattr $C$DW$246, DW_AT_bit_size(0x01)
    2819                      .dwattr $C$DW$246, DW_AT_accessibility(DW_ACCESS_public)
    2820                      .dwattr $C$DW$246, DW_AT_decl_file("/home/jose/ti/c2000/C2000Ware_26_01_00_00/device_support/f2837xd/
    2821                      .dwattr $C$DW$246, DW_AT_decl_line(0xc0c)
    2822                      .dwattr $C$DW$246, DW_AT_decl_column(0x0c)
    2823              
    2824              $C$DW$247       .dwtag  DW_TAG_member
    2825                      .dwattr $C$DW$247, DW_AT_type(*$C$DW$T$19)
    2826                      .dwattr $C$DW$247, DW_AT_name("GPIO39")
    2827                      .dwattr $C$DW$247, DW_AT_bit_offset(0x08)
    2828                      .dwattr $C$DW$247, DW_AT_bit_size(0x01)
    2829                      .dwattr $C$DW$247, DW_AT_accessibility(DW_ACCESS_public)
    2830                      .dwattr $C$DW$247, DW_AT_decl_file("/home/jose/ti/c2000/C2000Ware_26_01_00_00/device_support/f2837xd/
    2831                      .dwattr $C$DW$247, DW_AT_decl_line(0xc0d)
    2832                      .dwattr $C$DW$247, DW_AT_decl_column(0x0c)
    2833              
    2834              $C$DW$248       .dwtag  DW_TAG_member
    2835                      .dwattr $C$DW$248, DW_AT_type(*$C$DW$T$19)
    2836                      .dwattr $C$DW$248, DW_AT_name("GPIO40")
TMS320C2000 Assembler Unix v25.11.0 Sat May 30 20:22:51 2026

Copyright (c) 1996-2018 Texas Instruments Incorporated
hal_board.asm                                                        PAGE   53

    2837                      .dwattr $C$DW$248, DW_AT_bit_offset(0x07)
    2838                      .dwattr $C$DW$248, DW_AT_bit_size(0x01)
    2839                      .dwattr $C$DW$248, DW_AT_accessibility(DW_ACCESS_public)
    2840                      .dwattr $C$DW$248, DW_AT_decl_file("/home/jose/ti/c2000/C2000Ware_26_01_00_00/device_support/f2837xd/
    2841                      .dwattr $C$DW$248, DW_AT_decl_line(0xc0e)
    2842                      .dwattr $C$DW$248, DW_AT_decl_column(0x0c)
    2843              
    2844              $C$DW$249       .dwtag  DW_TAG_member
    2845                      .dwattr $C$DW$249, DW_AT_type(*$C$DW$T$19)
    2846                      .dwattr $C$DW$249, DW_AT_name("GPIO41")
    2847                      .dwattr $C$DW$249, DW_AT_bit_offset(0x06)
    2848                      .dwattr $C$DW$249, DW_AT_bit_size(0x01)
    2849                      .dwattr $C$DW$249, DW_AT_accessibility(DW_ACCESS_public)
    2850                      .dwattr $C$DW$249, DW_AT_decl_file("/home/jose/ti/c2000/C2000Ware_26_01_00_00/device_support/f2837xd/
    2851                      .dwattr $C$DW$249, DW_AT_decl_line(0xc0f)
    2852                      .dwattr $C$DW$249, DW_AT_decl_column(0x0c)
    2853              
    2854              $C$DW$250       .dwtag  DW_TAG_member
    2855                      .dwattr $C$DW$250, DW_AT_type(*$C$DW$T$19)
    2856                      .dwattr $C$DW$250, DW_AT_name("GPIO42")
    2857                      .dwattr $C$DW$250, DW_AT_bit_offset(0x05)
    2858                      .dwattr $C$DW$250, DW_AT_bit_size(0x01)
    2859                      .dwattr $C$DW$250, DW_AT_accessibility(DW_ACCESS_public)
    2860                      .dwattr $C$DW$250, DW_AT_decl_file("/home/jose/ti/c2000/C2000Ware_26_01_00_00/device_support/f2837xd/
    2861                      .dwattr $C$DW$250, DW_AT_decl_line(0xc10)
    2862                      .dwattr $C$DW$250, DW_AT_decl_column(0x0c)
    2863              
    2864              $C$DW$251       .dwtag  DW_TAG_member
    2865                      .dwattr $C$DW$251, DW_AT_type(*$C$DW$T$19)
    2866                      .dwattr $C$DW$251, DW_AT_name("GPIO43")
    2867                      .dwattr $C$DW$251, DW_AT_bit_offset(0x04)
    2868                      .dwattr $C$DW$251, DW_AT_bit_size(0x01)
    2869                      .dwattr $C$DW$251, DW_AT_accessibility(DW_ACCESS_public)
    2870                      .dwattr $C$DW$251, DW_AT_decl_file("/home/jose/ti/c2000/C2000Ware_26_01_00_00/device_support/f2837xd/
    2871                      .dwattr $C$DW$251, DW_AT_decl_line(0xc11)
    2872                      .dwattr $C$DW$251, DW_AT_decl_column(0x0c)
    2873              
    2874              $C$DW$252       .dwtag  DW_TAG_member
    2875                      .dwattr $C$DW$252, DW_AT_type(*$C$DW$T$19)
    2876                      .dwattr $C$DW$252, DW_AT_name("GPIO44")
    2877                      .dwattr $C$DW$252, DW_AT_bit_offset(0x03)
    2878                      .dwattr $C$DW$252, DW_AT_bit_size(0x01)
    2879                      .dwattr $C$DW$252, DW_AT_accessibility(DW_ACCESS_public)
    2880                      .dwattr $C$DW$252, DW_AT_decl_file("/home/jose/ti/c2000/C2000Ware_26_01_00_00/device_support/f2837xd/
    2881                      .dwattr $C$DW$252, DW_AT_decl_line(0xc12)
    2882                      .dwattr $C$DW$252, DW_AT_decl_column(0x0c)
    2883              
    2884              $C$DW$253       .dwtag  DW_TAG_member
    2885                      .dwattr $C$DW$253, DW_AT_type(*$C$DW$T$19)
    2886                      .dwattr $C$DW$253, DW_AT_name("GPIO45")
    2887                      .dwattr $C$DW$253, DW_AT_bit_offset(0x02)
    2888                      .dwattr $C$DW$253, DW_AT_bit_size(0x01)
    2889                      .dwattr $C$DW$253, DW_AT_accessibility(DW_ACCESS_public)
    2890                      .dwattr $C$DW$253, DW_AT_decl_file("/home/jose/ti/c2000/C2000Ware_26_01_00_00/device_support/f2837xd/
    2891                      .dwattr $C$DW$253, DW_AT_decl_line(0xc13)
TMS320C2000 Assembler Unix v25.11.0 Sat May 30 20:22:51 2026

Copyright (c) 1996-2018 Texas Instruments Incorporated
hal_board.asm                                                        PAGE   54

    2892                      .dwattr $C$DW$253, DW_AT_decl_column(0x0c)
    2893              
    2894              $C$DW$254       .dwtag  DW_TAG_member
    2895                      .dwattr $C$DW$254, DW_AT_type(*$C$DW$T$19)
    2896                      .dwattr $C$DW$254, DW_AT_name("GPIO46")
    2897                      .dwattr $C$DW$254, DW_AT_bit_offset(0x01)
    2898                      .dwattr $C$DW$254, DW_AT_bit_size(0x01)
    2899                      .dwattr $C$DW$254, DW_AT_accessibility(DW_ACCESS_public)
    2900                      .dwattr $C$DW$254, DW_AT_decl_file("/home/jose/ti/c2000/C2000Ware_26_01_00_00/device_support/f2837xd/
    2901                      .dwattr $C$DW$254, DW_AT_decl_line(0xc14)
    2902                      .dwattr $C$DW$254, DW_AT_decl_column(0x0c)
    2903              
    2904              $C$DW$255       .dwtag  DW_TAG_member
    2905                      .dwattr $C$DW$255, DW_AT_type(*$C$DW$T$19)
    2906                      .dwattr $C$DW$255, DW_AT_name("GPIO47")
    2907                      .dwattr $C$DW$255, DW_AT_bit_offset(0x00)
    2908                      .dwattr $C$DW$255, DW_AT_bit_size(0x01)
    2909                      .dwattr $C$DW$255, DW_AT_accessibility(DW_ACCESS_public)
    2910                      .dwattr $C$DW$255, DW_AT_decl_file("/home/jose/ti/c2000/C2000Ware_26_01_00_00/device_support/f2837xd/
    2911                      .dwattr $C$DW$255, DW_AT_decl_line(0xc15)
    2912                      .dwattr $C$DW$255, DW_AT_decl_column(0x0c)
    2913              
    2914              $C$DW$256       .dwtag  DW_TAG_member
    2915                      .dwattr $C$DW$256, DW_AT_type(*$C$DW$T$19)
    2916                      .dwattr $C$DW$256, DW_AT_name("GPIO48")
    2917                      .dwattr $C$DW$256, DW_AT_bit_offset(0x0f)
    2918                      .dwattr $C$DW$256, DW_AT_bit_size(0x01)
    2919                      .dwattr $C$DW$256, DW_AT_data_member_location[DW_OP_plus_uconst 0x1]
    2920                      .dwattr $C$DW$256, DW_AT_accessibility(DW_ACCESS_public)
    2921                      .dwattr $C$DW$256, DW_AT_decl_file("/home/jose/ti/c2000/C2000Ware_26_01_00_00/device_support/f2837xd/
    2922                      .dwattr $C$DW$256, DW_AT_decl_line(0xc16)
    2923                      .dwattr $C$DW$256, DW_AT_decl_column(0x0c)
    2924              
    2925              $C$DW$257       .dwtag  DW_TAG_member
    2926                      .dwattr $C$DW$257, DW_AT_type(*$C$DW$T$19)
    2927                      .dwattr $C$DW$257, DW_AT_name("GPIO49")
    2928                      .dwattr $C$DW$257, DW_AT_bit_offset(0x0e)
    2929                      .dwattr $C$DW$257, DW_AT_bit_size(0x01)
    2930                      .dwattr $C$DW$257, DW_AT_data_member_location[DW_OP_plus_uconst 0x1]
    2931                      .dwattr $C$DW$257, DW_AT_accessibility(DW_ACCESS_public)
    2932                      .dwattr $C$DW$257, DW_AT_decl_file("/home/jose/ti/c2000/C2000Ware_26_01_00_00/device_support/f2837xd/
    2933                      .dwattr $C$DW$257, DW_AT_decl_line(0xc17)
    2934                      .dwattr $C$DW$257, DW_AT_decl_column(0x0c)
    2935              
    2936              $C$DW$258       .dwtag  DW_TAG_member
    2937                      .dwattr $C$DW$258, DW_AT_type(*$C$DW$T$19)
    2938                      .dwattr $C$DW$258, DW_AT_name("GPIO50")
    2939                      .dwattr $C$DW$258, DW_AT_bit_offset(0x0d)
    2940                      .dwattr $C$DW$258, DW_AT_bit_size(0x01)
    2941                      .dwattr $C$DW$258, DW_AT_data_member_location[DW_OP_plus_uconst 0x1]
    2942                      .dwattr $C$DW$258, DW_AT_accessibility(DW_ACCESS_public)
    2943                      .dwattr $C$DW$258, DW_AT_decl_file("/home/jose/ti/c2000/C2000Ware_26_01_00_00/device_support/f2837xd/
    2944                      .dwattr $C$DW$258, DW_AT_decl_line(0xc18)
    2945                      .dwattr $C$DW$258, DW_AT_decl_column(0x0c)
    2946              
TMS320C2000 Assembler Unix v25.11.0 Sat May 30 20:22:51 2026

Copyright (c) 1996-2018 Texas Instruments Incorporated
hal_board.asm                                                        PAGE   55

    2947              $C$DW$259       .dwtag  DW_TAG_member
    2948                      .dwattr $C$DW$259, DW_AT_type(*$C$DW$T$19)
    2949                      .dwattr $C$DW$259, DW_AT_name("GPIO51")
    2950                      .dwattr $C$DW$259, DW_AT_bit_offset(0x0c)
    2951                      .dwattr $C$DW$259, DW_AT_bit_size(0x01)
    2952                      .dwattr $C$DW$259, DW_AT_data_member_location[DW_OP_plus_uconst 0x1]
    2953                      .dwattr $C$DW$259, DW_AT_accessibility(DW_ACCESS_public)
    2954                      .dwattr $C$DW$259, DW_AT_decl_file("/home/jose/ti/c2000/C2000Ware_26_01_00_00/device_support/f2837xd/
    2955                      .dwattr $C$DW$259, DW_AT_decl_line(0xc19)
    2956                      .dwattr $C$DW$259, DW_AT_decl_column(0x0c)
    2957              
    2958              $C$DW$260       .dwtag  DW_TAG_member
    2959                      .dwattr $C$DW$260, DW_AT_type(*$C$DW$T$19)
    2960                      .dwattr $C$DW$260, DW_AT_name("GPIO52")
    2961                      .dwattr $C$DW$260, DW_AT_bit_offset(0x0b)
    2962                      .dwattr $C$DW$260, DW_AT_bit_size(0x01)
    2963                      .dwattr $C$DW$260, DW_AT_data_member_location[DW_OP_plus_uconst 0x1]
    2964                      .dwattr $C$DW$260, DW_AT_accessibility(DW_ACCESS_public)
    2965                      .dwattr $C$DW$260, DW_AT_decl_file("/home/jose/ti/c2000/C2000Ware_26_01_00_00/device_support/f2837xd/
    2966                      .dwattr $C$DW$260, DW_AT_decl_line(0xc1a)
    2967                      .dwattr $C$DW$260, DW_AT_decl_column(0x0c)
    2968              
    2969              $C$DW$261       .dwtag  DW_TAG_member
    2970                      .dwattr $C$DW$261, DW_AT_type(*$C$DW$T$19)
    2971                      .dwattr $C$DW$261, DW_AT_name("GPIO53")
    2972                      .dwattr $C$DW$261, DW_AT_bit_offset(0x0a)
    2973                      .dwattr $C$DW$261, DW_AT_bit_size(0x01)
    2974                      .dwattr $C$DW$261, DW_AT_data_member_location[DW_OP_plus_uconst 0x1]
    2975                      .dwattr $C$DW$261, DW_AT_accessibility(DW_ACCESS_public)
    2976                      .dwattr $C$DW$261, DW_AT_decl_file("/home/jose/ti/c2000/C2000Ware_26_01_00_00/device_support/f2837xd/
    2977                      .dwattr $C$DW$261, DW_AT_decl_line(0xc1b)
    2978                      .dwattr $C$DW$261, DW_AT_decl_column(0x0c)
    2979              
    2980              $C$DW$262       .dwtag  DW_TAG_member
    2981                      .dwattr $C$DW$262, DW_AT_type(*$C$DW$T$19)
    2982                      .dwattr $C$DW$262, DW_AT_name("GPIO54")
    2983                      .dwattr $C$DW$262, DW_AT_bit_offset(0x09)
    2984                      .dwattr $C$DW$262, DW_AT_bit_size(0x01)
    2985                      .dwattr $C$DW$262, DW_AT_data_member_location[DW_OP_plus_uconst 0x1]
    2986                      .dwattr $C$DW$262, DW_AT_accessibility(DW_ACCESS_public)
    2987                      .dwattr $C$DW$262, DW_AT_decl_file("/home/jose/ti/c2000/C2000Ware_26_01_00_00/device_support/f2837xd/
    2988                      .dwattr $C$DW$262, DW_AT_decl_line(0xc1c)
    2989                      .dwattr $C$DW$262, DW_AT_decl_column(0x0c)
    2990              
    2991              $C$DW$263       .dwtag  DW_TAG_member
    2992                      .dwattr $C$DW$263, DW_AT_type(*$C$DW$T$19)
    2993                      .dwattr $C$DW$263, DW_AT_name("GPIO55")
    2994                      .dwattr $C$DW$263, DW_AT_bit_offset(0x08)
    2995                      .dwattr $C$DW$263, DW_AT_bit_size(0x01)
    2996                      .dwattr $C$DW$263, DW_AT_data_member_location[DW_OP_plus_uconst 0x1]
    2997                      .dwattr $C$DW$263, DW_AT_accessibility(DW_ACCESS_public)
    2998                      .dwattr $C$DW$263, DW_AT_decl_file("/home/jose/ti/c2000/C2000Ware_26_01_00_00/device_support/f2837xd/
    2999                      .dwattr $C$DW$263, DW_AT_decl_line(0xc1d)
    3000                      .dwattr $C$DW$263, DW_AT_decl_column(0x0c)
    3001              
TMS320C2000 Assembler Unix v25.11.0 Sat May 30 20:22:51 2026

Copyright (c) 1996-2018 Texas Instruments Incorporated
hal_board.asm                                                        PAGE   56

    3002              $C$DW$264       .dwtag  DW_TAG_member
    3003                      .dwattr $C$DW$264, DW_AT_type(*$C$DW$T$19)
    3004                      .dwattr $C$DW$264, DW_AT_name("GPIO56")
    3005                      .dwattr $C$DW$264, DW_AT_bit_offset(0x07)
    3006                      .dwattr $C$DW$264, DW_AT_bit_size(0x01)
    3007                      .dwattr $C$DW$264, DW_AT_data_member_location[DW_OP_plus_uconst 0x1]
    3008                      .dwattr $C$DW$264, DW_AT_accessibility(DW_ACCESS_public)
    3009                      .dwattr $C$DW$264, DW_AT_decl_file("/home/jose/ti/c2000/C2000Ware_26_01_00_00/device_support/f2837xd/
    3010                      .dwattr $C$DW$264, DW_AT_decl_line(0xc1e)
    3011                      .dwattr $C$DW$264, DW_AT_decl_column(0x0c)
    3012              
    3013              $C$DW$265       .dwtag  DW_TAG_member
    3014                      .dwattr $C$DW$265, DW_AT_type(*$C$DW$T$19)
    3015                      .dwattr $C$DW$265, DW_AT_name("GPIO57")
    3016                      .dwattr $C$DW$265, DW_AT_bit_offset(0x06)
    3017                      .dwattr $C$DW$265, DW_AT_bit_size(0x01)
    3018                      .dwattr $C$DW$265, DW_AT_data_member_location[DW_OP_plus_uconst 0x1]
    3019                      .dwattr $C$DW$265, DW_AT_accessibility(DW_ACCESS_public)
    3020                      .dwattr $C$DW$265, DW_AT_decl_file("/home/jose/ti/c2000/C2000Ware_26_01_00_00/device_support/f2837xd/
    3021                      .dwattr $C$DW$265, DW_AT_decl_line(0xc1f)
    3022                      .dwattr $C$DW$265, DW_AT_decl_column(0x0c)
    3023              
    3024              $C$DW$266       .dwtag  DW_TAG_member
    3025                      .dwattr $C$DW$266, DW_AT_type(*$C$DW$T$19)
    3026                      .dwattr $C$DW$266, DW_AT_name("GPIO58")
    3027                      .dwattr $C$DW$266, DW_AT_bit_offset(0x05)
    3028                      .dwattr $C$DW$266, DW_AT_bit_size(0x01)
    3029                      .dwattr $C$DW$266, DW_AT_data_member_location[DW_OP_plus_uconst 0x1]
    3030                      .dwattr $C$DW$266, DW_AT_accessibility(DW_ACCESS_public)
    3031                      .dwattr $C$DW$266, DW_AT_decl_file("/home/jose/ti/c2000/C2000Ware_26_01_00_00/device_support/f2837xd/
    3032                      .dwattr $C$DW$266, DW_AT_decl_line(0xc20)
    3033                      .dwattr $C$DW$266, DW_AT_decl_column(0x0c)
    3034              
    3035              $C$DW$267       .dwtag  DW_TAG_member
    3036                      .dwattr $C$DW$267, DW_AT_type(*$C$DW$T$19)
    3037                      .dwattr $C$DW$267, DW_AT_name("GPIO59")
    3038                      .dwattr $C$DW$267, DW_AT_bit_offset(0x04)
    3039                      .dwattr $C$DW$267, DW_AT_bit_size(0x01)
    3040                      .dwattr $C$DW$267, DW_AT_data_member_location[DW_OP_plus_uconst 0x1]
    3041                      .dwattr $C$DW$267, DW_AT_accessibility(DW_ACCESS_public)
    3042                      .dwattr $C$DW$267, DW_AT_decl_file("/home/jose/ti/c2000/C2000Ware_26_01_00_00/device_support/f2837xd/
    3043                      .dwattr $C$DW$267, DW_AT_decl_line(0xc21)
    3044                      .dwattr $C$DW$267, DW_AT_decl_column(0x0c)
    3045              
    3046              $C$DW$268       .dwtag  DW_TAG_member
    3047                      .dwattr $C$DW$268, DW_AT_type(*$C$DW$T$19)
    3048                      .dwattr $C$DW$268, DW_AT_name("GPIO60")
    3049                      .dwattr $C$DW$268, DW_AT_bit_offset(0x03)
    3050                      .dwattr $C$DW$268, DW_AT_bit_size(0x01)
    3051                      .dwattr $C$DW$268, DW_AT_data_member_location[DW_OP_plus_uconst 0x1]
    3052                      .dwattr $C$DW$268, DW_AT_accessibility(DW_ACCESS_public)
    3053                      .dwattr $C$DW$268, DW_AT_decl_file("/home/jose/ti/c2000/C2000Ware_26_01_00_00/device_support/f2837xd/
    3054                      .dwattr $C$DW$268, DW_AT_decl_line(0xc22)
    3055                      .dwattr $C$DW$268, DW_AT_decl_column(0x0c)
    3056              
TMS320C2000 Assembler Unix v25.11.0 Sat May 30 20:22:51 2026

Copyright (c) 1996-2018 Texas Instruments Incorporated
hal_board.asm                                                        PAGE   57

    3057              $C$DW$269       .dwtag  DW_TAG_member
    3058                      .dwattr $C$DW$269, DW_AT_type(*$C$DW$T$19)
    3059                      .dwattr $C$DW$269, DW_AT_name("GPIO61")
    3060                      .dwattr $C$DW$269, DW_AT_bit_offset(0x02)
    3061                      .dwattr $C$DW$269, DW_AT_bit_size(0x01)
    3062                      .dwattr $C$DW$269, DW_AT_data_member_location[DW_OP_plus_uconst 0x1]
    3063                      .dwattr $C$DW$269, DW_AT_accessibility(DW_ACCESS_public)
    3064                      .dwattr $C$DW$269, DW_AT_decl_file("/home/jose/ti/c2000/C2000Ware_26_01_00_00/device_support/f2837xd/
    3065                      .dwattr $C$DW$269, DW_AT_decl_line(0xc23)
    3066                      .dwattr $C$DW$269, DW_AT_decl_column(0x0c)
    3067              
    3068              $C$DW$270       .dwtag  DW_TAG_member
    3069                      .dwattr $C$DW$270, DW_AT_type(*$C$DW$T$19)
    3070                      .dwattr $C$DW$270, DW_AT_name("GPIO62")
    3071                      .dwattr $C$DW$270, DW_AT_bit_offset(0x01)
    3072                      .dwattr $C$DW$270, DW_AT_bit_size(0x01)
    3073                      .dwattr $C$DW$270, DW_AT_data_member_location[DW_OP_plus_uconst 0x1]
    3074                      .dwattr $C$DW$270, DW_AT_accessibility(DW_ACCESS_public)
    3075                      .dwattr $C$DW$270, DW_AT_decl_file("/home/jose/ti/c2000/C2000Ware_26_01_00_00/device_support/f2837xd/
    3076                      .dwattr $C$DW$270, DW_AT_decl_line(0xc24)
    3077                      .dwattr $C$DW$270, DW_AT_decl_column(0x0c)
    3078              
    3079              $C$DW$271       .dwtag  DW_TAG_member
    3080                      .dwattr $C$DW$271, DW_AT_type(*$C$DW$T$19)
    3081                      .dwattr $C$DW$271, DW_AT_name("GPIO63")
    3082                      .dwattr $C$DW$271, DW_AT_bit_offset(0x00)
    3083                      .dwattr $C$DW$271, DW_AT_bit_size(0x01)
    3084                      .dwattr $C$DW$271, DW_AT_data_member_location[DW_OP_plus_uconst 0x1]
    3085                      .dwattr $C$DW$271, DW_AT_accessibility(DW_ACCESS_public)
    3086                      .dwattr $C$DW$271, DW_AT_decl_file("/home/jose/ti/c2000/C2000Ware_26_01_00_00/device_support/f2837xd/
    3087                      .dwattr $C$DW$271, DW_AT_decl_line(0xc25)
    3088                      .dwattr $C$DW$271, DW_AT_decl_column(0x0c)
    3089              
    3090                      .dwattr $C$DW$T$33, DW_AT_decl_file("/home/jose/ti/c2000/C2000Ware_26_01_00_00/device_support/f2837xd
    3091                      .dwattr $C$DW$T$33, DW_AT_decl_line(0xc05)
    3092                      .dwattr $C$DW$T$33, DW_AT_decl_column(0x08)
    3093                      .dwendtag $C$DW$T$33
    3094              
    3095                      .dwendtag $C$DW$TU$33
    3096              
    3097              
    3098              $C$DW$TU$34     .dwtag  DW_TAG_type_unit
    3099                      .dwmtype  $C$DW$T$34
    3100              
    3101              $C$DW$T$34      .dwtag  DW_TAG_union_type
    3102                      .dwattr $C$DW$T$34, DW_AT_name("GPBSET_REG")
    3103                      .dwattr $C$DW$T$34, DW_AT_byte_size(0x02)
    3104              $C$DW$272       .dwtag  DW_TAG_member
    3105                      .dwattr $C$DW$272, DW_AT_type(*$C$DW$T$21)
    3106                      .dwattr $C$DW$272, DW_AT_name("all")
    3107                      .dwattr $C$DW$272, DW_AT_accessibility(DW_ACCESS_public)
    3108                      .dwattr $C$DW$272, DW_AT_decl_file("/home/jose/ti/c2000/C2000Ware_26_01_00_00/device_support/f2837xd/
    3109                      .dwattr $C$DW$272, DW_AT_decl_line(0xc29)
    3110                      .dwattr $C$DW$272, DW_AT_decl_column(0x0d)
    3111              
TMS320C2000 Assembler Unix v25.11.0 Sat May 30 20:22:51 2026

Copyright (c) 1996-2018 Texas Instruments Incorporated
hal_board.asm                                                        PAGE   58

    3112              $C$DW$273       .dwtag  DW_TAG_member
    3113                      .dwattr $C$DW$273, DW_AT_type(*$C$DW$T$33)
    3114                      .dwattr $C$DW$273, DW_AT_name("bit")
    3115                      .dwattr $C$DW$273, DW_AT_accessibility(DW_ACCESS_public)
    3116                      .dwattr $C$DW$273, DW_AT_decl_file("/home/jose/ti/c2000/C2000Ware_26_01_00_00/device_support/f2837xd/
    3117                      .dwattr $C$DW$273, DW_AT_decl_line(0xc2a)
    3118                      .dwattr $C$DW$273, DW_AT_decl_column(0x1a)
    3119              
    3120                      .dwattr $C$DW$T$34, DW_AT_decl_file("/home/jose/ti/c2000/C2000Ware_26_01_00_00/device_support/f2837xd
    3121                      .dwattr $C$DW$T$34, DW_AT_decl_line(0xc28)
    3122                      .dwattr $C$DW$T$34, DW_AT_decl_column(0x07)
    3123                      .dwendtag $C$DW$T$34
    3124              
    3125                      .dwendtag $C$DW$TU$34
    3126              
    3127              
    3128              $C$DW$TU$35     .dwtag  DW_TAG_type_unit
    3129                      .dwmtype  $C$DW$T$35
    3130              
    3131              $C$DW$T$35      .dwtag  DW_TAG_structure_type
    3132                      .dwattr $C$DW$T$35, DW_AT_name("GPBTOGGLE_BITS")
    3133                      .dwattr $C$DW$T$35, DW_AT_byte_size(0x02)
    3134              $C$DW$274       .dwtag  DW_TAG_member
    3135                      .dwattr $C$DW$274, DW_AT_type(*$C$DW$T$19)
    3136                      .dwattr $C$DW$274, DW_AT_name("GPIO32")
    3137                      .dwattr $C$DW$274, DW_AT_bit_offset(0x0f)
    3138                      .dwattr $C$DW$274, DW_AT_bit_size(0x01)
    3139                      .dwattr $C$DW$274, DW_AT_accessibility(DW_ACCESS_public)
    3140                      .dwattr $C$DW$274, DW_AT_decl_file("/home/jose/ti/c2000/C2000Ware_26_01_00_00/device_support/f2837xd/
    3141                      .dwattr $C$DW$274, DW_AT_decl_line(0xc56)
    3142                      .dwattr $C$DW$274, DW_AT_decl_column(0x0c)
    3143              
    3144              $C$DW$275       .dwtag  DW_TAG_member
    3145                      .dwattr $C$DW$275, DW_AT_type(*$C$DW$T$19)
    3146                      .dwattr $C$DW$275, DW_AT_name("GPIO33")
    3147                      .dwattr $C$DW$275, DW_AT_bit_offset(0x0e)
    3148                      .dwattr $C$DW$275, DW_AT_bit_size(0x01)
    3149                      .dwattr $C$DW$275, DW_AT_accessibility(DW_ACCESS_public)
    3150                      .dwattr $C$DW$275, DW_AT_decl_file("/home/jose/ti/c2000/C2000Ware_26_01_00_00/device_support/f2837xd/
    3151                      .dwattr $C$DW$275, DW_AT_decl_line(0xc57)
    3152                      .dwattr $C$DW$275, DW_AT_decl_column(0x0c)
    3153              
    3154              $C$DW$276       .dwtag  DW_TAG_member
    3155                      .dwattr $C$DW$276, DW_AT_type(*$C$DW$T$19)
    3156                      .dwattr $C$DW$276, DW_AT_name("GPIO34")
    3157                      .dwattr $C$DW$276, DW_AT_bit_offset(0x0d)
    3158                      .dwattr $C$DW$276, DW_AT_bit_size(0x01)
    3159                      .dwattr $C$DW$276, DW_AT_accessibility(DW_ACCESS_public)
    3160                      .dwattr $C$DW$276, DW_AT_decl_file("/home/jose/ti/c2000/C2000Ware_26_01_00_00/device_support/f2837xd/
    3161                      .dwattr $C$DW$276, DW_AT_decl_line(0xc58)
    3162                      .dwattr $C$DW$276, DW_AT_decl_column(0x0c)
    3163              
    3164              $C$DW$277       .dwtag  DW_TAG_member
    3165                      .dwattr $C$DW$277, DW_AT_type(*$C$DW$T$19)
    3166                      .dwattr $C$DW$277, DW_AT_name("GPIO35")
TMS320C2000 Assembler Unix v25.11.0 Sat May 30 20:22:51 2026

Copyright (c) 1996-2018 Texas Instruments Incorporated
hal_board.asm                                                        PAGE   59

    3167                      .dwattr $C$DW$277, DW_AT_bit_offset(0x0c)
    3168                      .dwattr $C$DW$277, DW_AT_bit_size(0x01)
    3169                      .dwattr $C$DW$277, DW_AT_accessibility(DW_ACCESS_public)
    3170                      .dwattr $C$DW$277, DW_AT_decl_file("/home/jose/ti/c2000/C2000Ware_26_01_00_00/device_support/f2837xd/
    3171                      .dwattr $C$DW$277, DW_AT_decl_line(0xc59)
    3172                      .dwattr $C$DW$277, DW_AT_decl_column(0x0c)
    3173              
    3174              $C$DW$278       .dwtag  DW_TAG_member
    3175                      .dwattr $C$DW$278, DW_AT_type(*$C$DW$T$19)
    3176                      .dwattr $C$DW$278, DW_AT_name("GPIO36")
    3177                      .dwattr $C$DW$278, DW_AT_bit_offset(0x0b)
    3178                      .dwattr $C$DW$278, DW_AT_bit_size(0x01)
    3179                      .dwattr $C$DW$278, DW_AT_accessibility(DW_ACCESS_public)
    3180                      .dwattr $C$DW$278, DW_AT_decl_file("/home/jose/ti/c2000/C2000Ware_26_01_00_00/device_support/f2837xd/
    3181                      .dwattr $C$DW$278, DW_AT_decl_line(0xc5a)
    3182                      .dwattr $C$DW$278, DW_AT_decl_column(0x0c)
    3183              
    3184              $C$DW$279       .dwtag  DW_TAG_member
    3185                      .dwattr $C$DW$279, DW_AT_type(*$C$DW$T$19)
    3186                      .dwattr $C$DW$279, DW_AT_name("GPIO37")
    3187                      .dwattr $C$DW$279, DW_AT_bit_offset(0x0a)
    3188                      .dwattr $C$DW$279, DW_AT_bit_size(0x01)
    3189                      .dwattr $C$DW$279, DW_AT_accessibility(DW_ACCESS_public)
    3190                      .dwattr $C$DW$279, DW_AT_decl_file("/home/jose/ti/c2000/C2000Ware_26_01_00_00/device_support/f2837xd/
    3191                      .dwattr $C$DW$279, DW_AT_decl_line(0xc5b)
    3192                      .dwattr $C$DW$279, DW_AT_decl_column(0x0c)
    3193              
    3194              $C$DW$280       .dwtag  DW_TAG_member
    3195                      .dwattr $C$DW$280, DW_AT_type(*$C$DW$T$19)
    3196                      .dwattr $C$DW$280, DW_AT_name("GPIO38")
    3197                      .dwattr $C$DW$280, DW_AT_bit_offset(0x09)
    3198                      .dwattr $C$DW$280, DW_AT_bit_size(0x01)
    3199                      .dwattr $C$DW$280, DW_AT_accessibility(DW_ACCESS_public)
    3200                      .dwattr $C$DW$280, DW_AT_decl_file("/home/jose/ti/c2000/C2000Ware_26_01_00_00/device_support/f2837xd/
    3201                      .dwattr $C$DW$280, DW_AT_decl_line(0xc5c)
    3202                      .dwattr $C$DW$280, DW_AT_decl_column(0x0c)
    3203              
    3204              $C$DW$281       .dwtag  DW_TAG_member
    3205                      .dwattr $C$DW$281, DW_AT_type(*$C$DW$T$19)
    3206                      .dwattr $C$DW$281, DW_AT_name("GPIO39")
    3207                      .dwattr $C$DW$281, DW_AT_bit_offset(0x08)
    3208                      .dwattr $C$DW$281, DW_AT_bit_size(0x01)
    3209                      .dwattr $C$DW$281, DW_AT_accessibility(DW_ACCESS_public)
    3210                      .dwattr $C$DW$281, DW_AT_decl_file("/home/jose/ti/c2000/C2000Ware_26_01_00_00/device_support/f2837xd/
    3211                      .dwattr $C$DW$281, DW_AT_decl_line(0xc5d)
    3212                      .dwattr $C$DW$281, DW_AT_decl_column(0x0c)
    3213              
    3214              $C$DW$282       .dwtag  DW_TAG_member
    3215                      .dwattr $C$DW$282, DW_AT_type(*$C$DW$T$19)
    3216                      .dwattr $C$DW$282, DW_AT_name("GPIO40")
    3217                      .dwattr $C$DW$282, DW_AT_bit_offset(0x07)
    3218                      .dwattr $C$DW$282, DW_AT_bit_size(0x01)
    3219                      .dwattr $C$DW$282, DW_AT_accessibility(DW_ACCESS_public)
    3220                      .dwattr $C$DW$282, DW_AT_decl_file("/home/jose/ti/c2000/C2000Ware_26_01_00_00/device_support/f2837xd/
    3221                      .dwattr $C$DW$282, DW_AT_decl_line(0xc5e)
TMS320C2000 Assembler Unix v25.11.0 Sat May 30 20:22:51 2026

Copyright (c) 1996-2018 Texas Instruments Incorporated
hal_board.asm                                                        PAGE   60

    3222                      .dwattr $C$DW$282, DW_AT_decl_column(0x0c)
    3223              
    3224              $C$DW$283       .dwtag  DW_TAG_member
    3225                      .dwattr $C$DW$283, DW_AT_type(*$C$DW$T$19)
    3226                      .dwattr $C$DW$283, DW_AT_name("GPIO41")
    3227                      .dwattr $C$DW$283, DW_AT_bit_offset(0x06)
    3228                      .dwattr $C$DW$283, DW_AT_bit_size(0x01)
    3229                      .dwattr $C$DW$283, DW_AT_accessibility(DW_ACCESS_public)
    3230                      .dwattr $C$DW$283, DW_AT_decl_file("/home/jose/ti/c2000/C2000Ware_26_01_00_00/device_support/f2837xd/
    3231                      .dwattr $C$DW$283, DW_AT_decl_line(0xc5f)
    3232                      .dwattr $C$DW$283, DW_AT_decl_column(0x0c)
    3233              
    3234              $C$DW$284       .dwtag  DW_TAG_member
    3235                      .dwattr $C$DW$284, DW_AT_type(*$C$DW$T$19)
    3236                      .dwattr $C$DW$284, DW_AT_name("GPIO42")
    3237                      .dwattr $C$DW$284, DW_AT_bit_offset(0x05)
    3238                      .dwattr $C$DW$284, DW_AT_bit_size(0x01)
    3239                      .dwattr $C$DW$284, DW_AT_accessibility(DW_ACCESS_public)
    3240                      .dwattr $C$DW$284, DW_AT_decl_file("/home/jose/ti/c2000/C2000Ware_26_01_00_00/device_support/f2837xd/
    3241                      .dwattr $C$DW$284, DW_AT_decl_line(0xc60)
    3242                      .dwattr $C$DW$284, DW_AT_decl_column(0x0c)
    3243              
    3244              $C$DW$285       .dwtag  DW_TAG_member
    3245                      .dwattr $C$DW$285, DW_AT_type(*$C$DW$T$19)
    3246                      .dwattr $C$DW$285, DW_AT_name("GPIO43")
    3247                      .dwattr $C$DW$285, DW_AT_bit_offset(0x04)
    3248                      .dwattr $C$DW$285, DW_AT_bit_size(0x01)
    3249                      .dwattr $C$DW$285, DW_AT_accessibility(DW_ACCESS_public)
    3250                      .dwattr $C$DW$285, DW_AT_decl_file("/home/jose/ti/c2000/C2000Ware_26_01_00_00/device_support/f2837xd/
    3251                      .dwattr $C$DW$285, DW_AT_decl_line(0xc61)
    3252                      .dwattr $C$DW$285, DW_AT_decl_column(0x0c)
    3253              
    3254              $C$DW$286       .dwtag  DW_TAG_member
    3255                      .dwattr $C$DW$286, DW_AT_type(*$C$DW$T$19)
    3256                      .dwattr $C$DW$286, DW_AT_name("GPIO44")
    3257                      .dwattr $C$DW$286, DW_AT_bit_offset(0x03)
    3258                      .dwattr $C$DW$286, DW_AT_bit_size(0x01)
    3259                      .dwattr $C$DW$286, DW_AT_accessibility(DW_ACCESS_public)
    3260                      .dwattr $C$DW$286, DW_AT_decl_file("/home/jose/ti/c2000/C2000Ware_26_01_00_00/device_support/f2837xd/
    3261                      .dwattr $C$DW$286, DW_AT_decl_line(0xc62)
    3262                      .dwattr $C$DW$286, DW_AT_decl_column(0x0c)
    3263              
    3264              $C$DW$287       .dwtag  DW_TAG_member
    3265                      .dwattr $C$DW$287, DW_AT_type(*$C$DW$T$19)
    3266                      .dwattr $C$DW$287, DW_AT_name("GPIO45")
    3267                      .dwattr $C$DW$287, DW_AT_bit_offset(0x02)
    3268                      .dwattr $C$DW$287, DW_AT_bit_size(0x01)
    3269                      .dwattr $C$DW$287, DW_AT_accessibility(DW_ACCESS_public)
    3270                      .dwattr $C$DW$287, DW_AT_decl_file("/home/jose/ti/c2000/C2000Ware_26_01_00_00/device_support/f2837xd/
    3271                      .dwattr $C$DW$287, DW_AT_decl_line(0xc63)
    3272                      .dwattr $C$DW$287, DW_AT_decl_column(0x0c)
    3273              
    3274              $C$DW$288       .dwtag  DW_TAG_member
    3275                      .dwattr $C$DW$288, DW_AT_type(*$C$DW$T$19)
    3276                      .dwattr $C$DW$288, DW_AT_name("GPIO46")
TMS320C2000 Assembler Unix v25.11.0 Sat May 30 20:22:51 2026

Copyright (c) 1996-2018 Texas Instruments Incorporated
hal_board.asm                                                        PAGE   61

    3277                      .dwattr $C$DW$288, DW_AT_bit_offset(0x01)
    3278                      .dwattr $C$DW$288, DW_AT_bit_size(0x01)
    3279                      .dwattr $C$DW$288, DW_AT_accessibility(DW_ACCESS_public)
    3280                      .dwattr $C$DW$288, DW_AT_decl_file("/home/jose/ti/c2000/C2000Ware_26_01_00_00/device_support/f2837xd/
    3281                      .dwattr $C$DW$288, DW_AT_decl_line(0xc64)
    3282                      .dwattr $C$DW$288, DW_AT_decl_column(0x0c)
    3283              
    3284              $C$DW$289       .dwtag  DW_TAG_member
    3285                      .dwattr $C$DW$289, DW_AT_type(*$C$DW$T$19)
    3286                      .dwattr $C$DW$289, DW_AT_name("GPIO47")
    3287                      .dwattr $C$DW$289, DW_AT_bit_offset(0x00)
    3288                      .dwattr $C$DW$289, DW_AT_bit_size(0x01)
    3289                      .dwattr $C$DW$289, DW_AT_accessibility(DW_ACCESS_public)
    3290                      .dwattr $C$DW$289, DW_AT_decl_file("/home/jose/ti/c2000/C2000Ware_26_01_00_00/device_support/f2837xd/
    3291                      .dwattr $C$DW$289, DW_AT_decl_line(0xc65)
    3292                      .dwattr $C$DW$289, DW_AT_decl_column(0x0c)
    3293              
    3294              $C$DW$290       .dwtag  DW_TAG_member
    3295                      .dwattr $C$DW$290, DW_AT_type(*$C$DW$T$19)
    3296                      .dwattr $C$DW$290, DW_AT_name("GPIO48")
    3297                      .dwattr $C$DW$290, DW_AT_bit_offset(0x0f)
    3298                      .dwattr $C$DW$290, DW_AT_bit_size(0x01)
    3299                      .dwattr $C$DW$290, DW_AT_data_member_location[DW_OP_plus_uconst 0x1]
    3300                      .dwattr $C$DW$290, DW_AT_accessibility(DW_ACCESS_public)
    3301                      .dwattr $C$DW$290, DW_AT_decl_file("/home/jose/ti/c2000/C2000Ware_26_01_00_00/device_support/f2837xd/
    3302                      .dwattr $C$DW$290, DW_AT_decl_line(0xc66)
    3303                      .dwattr $C$DW$290, DW_AT_decl_column(0x0c)
    3304              
    3305              $C$DW$291       .dwtag  DW_TAG_member
    3306                      .dwattr $C$DW$291, DW_AT_type(*$C$DW$T$19)
    3307                      .dwattr $C$DW$291, DW_AT_name("GPIO49")
    3308                      .dwattr $C$DW$291, DW_AT_bit_offset(0x0e)
    3309                      .dwattr $C$DW$291, DW_AT_bit_size(0x01)
    3310                      .dwattr $C$DW$291, DW_AT_data_member_location[DW_OP_plus_uconst 0x1]
    3311                      .dwattr $C$DW$291, DW_AT_accessibility(DW_ACCESS_public)
    3312                      .dwattr $C$DW$291, DW_AT_decl_file("/home/jose/ti/c2000/C2000Ware_26_01_00_00/device_support/f2837xd/
    3313                      .dwattr $C$DW$291, DW_AT_decl_line(0xc67)
    3314                      .dwattr $C$DW$291, DW_AT_decl_column(0x0c)
    3315              
    3316              $C$DW$292       .dwtag  DW_TAG_member
    3317                      .dwattr $C$DW$292, DW_AT_type(*$C$DW$T$19)
    3318                      .dwattr $C$DW$292, DW_AT_name("GPIO50")
    3319                      .dwattr $C$DW$292, DW_AT_bit_offset(0x0d)
    3320                      .dwattr $C$DW$292, DW_AT_bit_size(0x01)
    3321                      .dwattr $C$DW$292, DW_AT_data_member_location[DW_OP_plus_uconst 0x1]
    3322                      .dwattr $C$DW$292, DW_AT_accessibility(DW_ACCESS_public)
    3323                      .dwattr $C$DW$292, DW_AT_decl_file("/home/jose/ti/c2000/C2000Ware_26_01_00_00/device_support/f2837xd/
    3324                      .dwattr $C$DW$292, DW_AT_decl_line(0xc68)
    3325                      .dwattr $C$DW$292, DW_AT_decl_column(0x0c)
    3326              
    3327              $C$DW$293       .dwtag  DW_TAG_member
    3328                      .dwattr $C$DW$293, DW_AT_type(*$C$DW$T$19)
    3329                      .dwattr $C$DW$293, DW_AT_name("GPIO51")
    3330                      .dwattr $C$DW$293, DW_AT_bit_offset(0x0c)
    3331                      .dwattr $C$DW$293, DW_AT_bit_size(0x01)
TMS320C2000 Assembler Unix v25.11.0 Sat May 30 20:22:51 2026

Copyright (c) 1996-2018 Texas Instruments Incorporated
hal_board.asm                                                        PAGE   62

    3332                      .dwattr $C$DW$293, DW_AT_data_member_location[DW_OP_plus_uconst 0x1]
    3333                      .dwattr $C$DW$293, DW_AT_accessibility(DW_ACCESS_public)
    3334                      .dwattr $C$DW$293, DW_AT_decl_file("/home/jose/ti/c2000/C2000Ware_26_01_00_00/device_support/f2837xd/
    3335                      .dwattr $C$DW$293, DW_AT_decl_line(0xc69)
    3336                      .dwattr $C$DW$293, DW_AT_decl_column(0x0c)
    3337              
    3338              $C$DW$294       .dwtag  DW_TAG_member
    3339                      .dwattr $C$DW$294, DW_AT_type(*$C$DW$T$19)
    3340                      .dwattr $C$DW$294, DW_AT_name("GPIO52")
    3341                      .dwattr $C$DW$294, DW_AT_bit_offset(0x0b)
    3342                      .dwattr $C$DW$294, DW_AT_bit_size(0x01)
    3343                      .dwattr $C$DW$294, DW_AT_data_member_location[DW_OP_plus_uconst 0x1]
    3344                      .dwattr $C$DW$294, DW_AT_accessibility(DW_ACCESS_public)
    3345                      .dwattr $C$DW$294, DW_AT_decl_file("/home/jose/ti/c2000/C2000Ware_26_01_00_00/device_support/f2837xd/
    3346                      .dwattr $C$DW$294, DW_AT_decl_line(0xc6a)
    3347                      .dwattr $C$DW$294, DW_AT_decl_column(0x0c)
    3348              
    3349              $C$DW$295       .dwtag  DW_TAG_member
    3350                      .dwattr $C$DW$295, DW_AT_type(*$C$DW$T$19)
    3351                      .dwattr $C$DW$295, DW_AT_name("GPIO53")
    3352                      .dwattr $C$DW$295, DW_AT_bit_offset(0x0a)
    3353                      .dwattr $C$DW$295, DW_AT_bit_size(0x01)
    3354                      .dwattr $C$DW$295, DW_AT_data_member_location[DW_OP_plus_uconst 0x1]
    3355                      .dwattr $C$DW$295, DW_AT_accessibility(DW_ACCESS_public)
    3356                      .dwattr $C$DW$295, DW_AT_decl_file("/home/jose/ti/c2000/C2000Ware_26_01_00_00/device_support/f2837xd/
    3357                      .dwattr $C$DW$295, DW_AT_decl_line(0xc6b)
    3358                      .dwattr $C$DW$295, DW_AT_decl_column(0x0c)
    3359              
    3360              $C$DW$296       .dwtag  DW_TAG_member
    3361                      .dwattr $C$DW$296, DW_AT_type(*$C$DW$T$19)
    3362                      .dwattr $C$DW$296, DW_AT_name("GPIO54")
    3363                      .dwattr $C$DW$296, DW_AT_bit_offset(0x09)
    3364                      .dwattr $C$DW$296, DW_AT_bit_size(0x01)
    3365                      .dwattr $C$DW$296, DW_AT_data_member_location[DW_OP_plus_uconst 0x1]
    3366                      .dwattr $C$DW$296, DW_AT_accessibility(DW_ACCESS_public)
    3367                      .dwattr $C$DW$296, DW_AT_decl_file("/home/jose/ti/c2000/C2000Ware_26_01_00_00/device_support/f2837xd/
    3368                      .dwattr $C$DW$296, DW_AT_decl_line(0xc6c)
    3369                      .dwattr $C$DW$296, DW_AT_decl_column(0x0c)
    3370              
    3371              $C$DW$297       .dwtag  DW_TAG_member
    3372                      .dwattr $C$DW$297, DW_AT_type(*$C$DW$T$19)
    3373                      .dwattr $C$DW$297, DW_AT_name("GPIO55")
    3374                      .dwattr $C$DW$297, DW_AT_bit_offset(0x08)
    3375                      .dwattr $C$DW$297, DW_AT_bit_size(0x01)
    3376                      .dwattr $C$DW$297, DW_AT_data_member_location[DW_OP_plus_uconst 0x1]
    3377                      .dwattr $C$DW$297, DW_AT_accessibility(DW_ACCESS_public)
    3378                      .dwattr $C$DW$297, DW_AT_decl_file("/home/jose/ti/c2000/C2000Ware_26_01_00_00/device_support/f2837xd/
    3379                      .dwattr $C$DW$297, DW_AT_decl_line(0xc6d)
    3380                      .dwattr $C$DW$297, DW_AT_decl_column(0x0c)
    3381              
    3382              $C$DW$298       .dwtag  DW_TAG_member
    3383                      .dwattr $C$DW$298, DW_AT_type(*$C$DW$T$19)
    3384                      .dwattr $C$DW$298, DW_AT_name("GPIO56")
    3385                      .dwattr $C$DW$298, DW_AT_bit_offset(0x07)
    3386                      .dwattr $C$DW$298, DW_AT_bit_size(0x01)
TMS320C2000 Assembler Unix v25.11.0 Sat May 30 20:22:51 2026

Copyright (c) 1996-2018 Texas Instruments Incorporated
hal_board.asm                                                        PAGE   63

    3387                      .dwattr $C$DW$298, DW_AT_data_member_location[DW_OP_plus_uconst 0x1]
    3388                      .dwattr $C$DW$298, DW_AT_accessibility(DW_ACCESS_public)
    3389                      .dwattr $C$DW$298, DW_AT_decl_file("/home/jose/ti/c2000/C2000Ware_26_01_00_00/device_support/f2837xd/
    3390                      .dwattr $C$DW$298, DW_AT_decl_line(0xc6e)
    3391                      .dwattr $C$DW$298, DW_AT_decl_column(0x0c)
    3392              
    3393              $C$DW$299       .dwtag  DW_TAG_member
    3394                      .dwattr $C$DW$299, DW_AT_type(*$C$DW$T$19)
    3395                      .dwattr $C$DW$299, DW_AT_name("GPIO57")
    3396                      .dwattr $C$DW$299, DW_AT_bit_offset(0x06)
    3397                      .dwattr $C$DW$299, DW_AT_bit_size(0x01)
    3398                      .dwattr $C$DW$299, DW_AT_data_member_location[DW_OP_plus_uconst 0x1]
    3399                      .dwattr $C$DW$299, DW_AT_accessibility(DW_ACCESS_public)
    3400                      .dwattr $C$DW$299, DW_AT_decl_file("/home/jose/ti/c2000/C2000Ware_26_01_00_00/device_support/f2837xd/
    3401                      .dwattr $C$DW$299, DW_AT_decl_line(0xc6f)
    3402                      .dwattr $C$DW$299, DW_AT_decl_column(0x0c)
    3403              
    3404              $C$DW$300       .dwtag  DW_TAG_member
    3405                      .dwattr $C$DW$300, DW_AT_type(*$C$DW$T$19)
    3406                      .dwattr $C$DW$300, DW_AT_name("GPIO58")
    3407                      .dwattr $C$DW$300, DW_AT_bit_offset(0x05)
    3408                      .dwattr $C$DW$300, DW_AT_bit_size(0x01)
    3409                      .dwattr $C$DW$300, DW_AT_data_member_location[DW_OP_plus_uconst 0x1]
    3410                      .dwattr $C$DW$300, DW_AT_accessibility(DW_ACCESS_public)
    3411                      .dwattr $C$DW$300, DW_AT_decl_file("/home/jose/ti/c2000/C2000Ware_26_01_00_00/device_support/f2837xd/
    3412                      .dwattr $C$DW$300, DW_AT_decl_line(0xc70)
    3413                      .dwattr $C$DW$300, DW_AT_decl_column(0x0c)
    3414              
    3415              $C$DW$301       .dwtag  DW_TAG_member
    3416                      .dwattr $C$DW$301, DW_AT_type(*$C$DW$T$19)
    3417                      .dwattr $C$DW$301, DW_AT_name("GPIO59")
    3418                      .dwattr $C$DW$301, DW_AT_bit_offset(0x04)
    3419                      .dwattr $C$DW$301, DW_AT_bit_size(0x01)
    3420                      .dwattr $C$DW$301, DW_AT_data_member_location[DW_OP_plus_uconst 0x1]
    3421                      .dwattr $C$DW$301, DW_AT_accessibility(DW_ACCESS_public)
    3422                      .dwattr $C$DW$301, DW_AT_decl_file("/home/jose/ti/c2000/C2000Ware_26_01_00_00/device_support/f2837xd/
    3423                      .dwattr $C$DW$301, DW_AT_decl_line(0xc71)
    3424                      .dwattr $C$DW$301, DW_AT_decl_column(0x0c)
    3425              
    3426              $C$DW$302       .dwtag  DW_TAG_member
    3427                      .dwattr $C$DW$302, DW_AT_type(*$C$DW$T$19)
    3428                      .dwattr $C$DW$302, DW_AT_name("GPIO60")
    3429                      .dwattr $C$DW$302, DW_AT_bit_offset(0x03)
    3430                      .dwattr $C$DW$302, DW_AT_bit_size(0x01)
    3431                      .dwattr $C$DW$302, DW_AT_data_member_location[DW_OP_plus_uconst 0x1]
    3432                      .dwattr $C$DW$302, DW_AT_accessibility(DW_ACCESS_public)
    3433                      .dwattr $C$DW$302, DW_AT_decl_file("/home/jose/ti/c2000/C2000Ware_26_01_00_00/device_support/f2837xd/
    3434                      .dwattr $C$DW$302, DW_AT_decl_line(0xc72)
    3435                      .dwattr $C$DW$302, DW_AT_decl_column(0x0c)
    3436              
    3437              $C$DW$303       .dwtag  DW_TAG_member
    3438                      .dwattr $C$DW$303, DW_AT_type(*$C$DW$T$19)
    3439                      .dwattr $C$DW$303, DW_AT_name("GPIO61")
    3440                      .dwattr $C$DW$303, DW_AT_bit_offset(0x02)
    3441                      .dwattr $C$DW$303, DW_AT_bit_size(0x01)
TMS320C2000 Assembler Unix v25.11.0 Sat May 30 20:22:51 2026

Copyright (c) 1996-2018 Texas Instruments Incorporated
hal_board.asm                                                        PAGE   64

    3442                      .dwattr $C$DW$303, DW_AT_data_member_location[DW_OP_plus_uconst 0x1]
    3443                      .dwattr $C$DW$303, DW_AT_accessibility(DW_ACCESS_public)
    3444                      .dwattr $C$DW$303, DW_AT_decl_file("/home/jose/ti/c2000/C2000Ware_26_01_00_00/device_support/f2837xd/
    3445                      .dwattr $C$DW$303, DW_AT_decl_line(0xc73)
    3446                      .dwattr $C$DW$303, DW_AT_decl_column(0x0c)
    3447              
    3448              $C$DW$304       .dwtag  DW_TAG_member
    3449                      .dwattr $C$DW$304, DW_AT_type(*$C$DW$T$19)
    3450                      .dwattr $C$DW$304, DW_AT_name("GPIO62")
    3451                      .dwattr $C$DW$304, DW_AT_bit_offset(0x01)
    3452                      .dwattr $C$DW$304, DW_AT_bit_size(0x01)
    3453                      .dwattr $C$DW$304, DW_AT_data_member_location[DW_OP_plus_uconst 0x1]
    3454                      .dwattr $C$DW$304, DW_AT_accessibility(DW_ACCESS_public)
    3455                      .dwattr $C$DW$304, DW_AT_decl_file("/home/jose/ti/c2000/C2000Ware_26_01_00_00/device_support/f2837xd/
    3456                      .dwattr $C$DW$304, DW_AT_decl_line(0xc74)
    3457                      .dwattr $C$DW$304, DW_AT_decl_column(0x0c)
    3458              
    3459              $C$DW$305       .dwtag  DW_TAG_member
    3460                      .dwattr $C$DW$305, DW_AT_type(*$C$DW$T$19)
    3461                      .dwattr $C$DW$305, DW_AT_name("GPIO63")
    3462                      .dwattr $C$DW$305, DW_AT_bit_offset(0x00)
    3463                      .dwattr $C$DW$305, DW_AT_bit_size(0x01)
    3464                      .dwattr $C$DW$305, DW_AT_data_member_location[DW_OP_plus_uconst 0x1]
    3465                      .dwattr $C$DW$305, DW_AT_accessibility(DW_ACCESS_public)
    3466                      .dwattr $C$DW$305, DW_AT_decl_file("/home/jose/ti/c2000/C2000Ware_26_01_00_00/device_support/f2837xd/
    3467                      .dwattr $C$DW$305, DW_AT_decl_line(0xc75)
    3468                      .dwattr $C$DW$305, DW_AT_decl_column(0x0c)
    3469              
    3470                      .dwattr $C$DW$T$35, DW_AT_decl_file("/home/jose/ti/c2000/C2000Ware_26_01_00_00/device_support/f2837xd
    3471                      .dwattr $C$DW$T$35, DW_AT_decl_line(0xc55)
    3472                      .dwattr $C$DW$T$35, DW_AT_decl_column(0x08)
    3473                      .dwendtag $C$DW$T$35
    3474              
    3475                      .dwendtag $C$DW$TU$35
    3476              
    3477              
    3478              $C$DW$TU$36     .dwtag  DW_TAG_type_unit
    3479                      .dwmtype  $C$DW$T$36
    3480              
    3481              $C$DW$T$36      .dwtag  DW_TAG_union_type
    3482                      .dwattr $C$DW$T$36, DW_AT_name("GPBTOGGLE_REG")
    3483                      .dwattr $C$DW$T$36, DW_AT_byte_size(0x02)
    3484              $C$DW$306       .dwtag  DW_TAG_member
    3485                      .dwattr $C$DW$306, DW_AT_type(*$C$DW$T$21)
    3486                      .dwattr $C$DW$306, DW_AT_name("all")
    3487                      .dwattr $C$DW$306, DW_AT_accessibility(DW_ACCESS_public)
    3488                      .dwattr $C$DW$306, DW_AT_decl_file("/home/jose/ti/c2000/C2000Ware_26_01_00_00/device_support/f2837xd/
    3489                      .dwattr $C$DW$306, DW_AT_decl_line(0xc79)
    3490                      .dwattr $C$DW$306, DW_AT_decl_column(0x0d)
    3491              
    3492              $C$DW$307       .dwtag  DW_TAG_member
    3493                      .dwattr $C$DW$307, DW_AT_type(*$C$DW$T$35)
    3494                      .dwattr $C$DW$307, DW_AT_name("bit")
    3495                      .dwattr $C$DW$307, DW_AT_accessibility(DW_ACCESS_public)
    3496                      .dwattr $C$DW$307, DW_AT_decl_file("/home/jose/ti/c2000/C2000Ware_26_01_00_00/device_support/f2837xd/
TMS320C2000 Assembler Unix v25.11.0 Sat May 30 20:22:51 2026

Copyright (c) 1996-2018 Texas Instruments Incorporated
hal_board.asm                                                        PAGE   65

    3497                      .dwattr $C$DW$307, DW_AT_decl_line(0xc7a)
    3498                      .dwattr $C$DW$307, DW_AT_decl_column(0x1d)
    3499              
    3500                      .dwattr $C$DW$T$36, DW_AT_decl_file("/home/jose/ti/c2000/C2000Ware_26_01_00_00/device_support/f2837xd
    3501                      .dwattr $C$DW$T$36, DW_AT_decl_line(0xc78)
    3502                      .dwattr $C$DW$T$36, DW_AT_decl_column(0x07)
    3503                      .dwendtag $C$DW$T$36
    3504              
    3505                      .dwendtag $C$DW$TU$36
    3506              
    3507              
    3508              $C$DW$TU$37     .dwtag  DW_TAG_type_unit
    3509                      .dwmtype  $C$DW$T$37
    3510              
    3511              $C$DW$T$37      .dwtag  DW_TAG_structure_type
    3512                      .dwattr $C$DW$T$37, DW_AT_name("GPCCLEAR_BITS")
    3513                      .dwattr $C$DW$T$37, DW_AT_byte_size(0x02)
    3514              $C$DW$308       .dwtag  DW_TAG_member
    3515                      .dwattr $C$DW$308, DW_AT_type(*$C$DW$T$19)
    3516                      .dwattr $C$DW$308, DW_AT_name("GPIO64")
    3517                      .dwattr $C$DW$308, DW_AT_bit_offset(0x0f)
    3518                      .dwattr $C$DW$308, DW_AT_bit_size(0x01)
    3519                      .dwattr $C$DW$308, DW_AT_accessibility(DW_ACCESS_public)
    3520                      .dwattr $C$DW$308, DW_AT_decl_file("/home/jose/ti/c2000/C2000Ware_26_01_00_00/device_support/f2837xd/
    3521                      .dwattr $C$DW$308, DW_AT_decl_line(0xcce)
    3522                      .dwattr $C$DW$308, DW_AT_decl_column(0x0c)
    3523              
    3524              $C$DW$309       .dwtag  DW_TAG_member
    3525                      .dwattr $C$DW$309, DW_AT_type(*$C$DW$T$19)
    3526                      .dwattr $C$DW$309, DW_AT_name("GPIO65")
    3527                      .dwattr $C$DW$309, DW_AT_bit_offset(0x0e)
    3528                      .dwattr $C$DW$309, DW_AT_bit_size(0x01)
    3529                      .dwattr $C$DW$309, DW_AT_accessibility(DW_ACCESS_public)
    3530                      .dwattr $C$DW$309, DW_AT_decl_file("/home/jose/ti/c2000/C2000Ware_26_01_00_00/device_support/f2837xd/
    3531                      .dwattr $C$DW$309, DW_AT_decl_line(0xccf)
    3532                      .dwattr $C$DW$309, DW_AT_decl_column(0x0c)
    3533              
    3534              $C$DW$310       .dwtag  DW_TAG_member
    3535                      .dwattr $C$DW$310, DW_AT_type(*$C$DW$T$19)
    3536                      .dwattr $C$DW$310, DW_AT_name("GPIO66")
    3537                      .dwattr $C$DW$310, DW_AT_bit_offset(0x0d)
    3538                      .dwattr $C$DW$310, DW_AT_bit_size(0x01)
    3539                      .dwattr $C$DW$310, DW_AT_accessibility(DW_ACCESS_public)
    3540                      .dwattr $C$DW$310, DW_AT_decl_file("/home/jose/ti/c2000/C2000Ware_26_01_00_00/device_support/f2837xd/
    3541                      .dwattr $C$DW$310, DW_AT_decl_line(0xcd0)
    3542                      .dwattr $C$DW$310, DW_AT_decl_column(0x0c)
    3543              
    3544              $C$DW$311       .dwtag  DW_TAG_member
    3545                      .dwattr $C$DW$311, DW_AT_type(*$C$DW$T$19)
    3546                      .dwattr $C$DW$311, DW_AT_name("GPIO67")
    3547                      .dwattr $C$DW$311, DW_AT_bit_offset(0x0c)
    3548                      .dwattr $C$DW$311, DW_AT_bit_size(0x01)
    3549                      .dwattr $C$DW$311, DW_AT_accessibility(DW_ACCESS_public)
    3550                      .dwattr $C$DW$311, DW_AT_decl_file("/home/jose/ti/c2000/C2000Ware_26_01_00_00/device_support/f2837xd/
    3551                      .dwattr $C$DW$311, DW_AT_decl_line(0xcd1)
TMS320C2000 Assembler Unix v25.11.0 Sat May 30 20:22:51 2026

Copyright (c) 1996-2018 Texas Instruments Incorporated
hal_board.asm                                                        PAGE   66

    3552                      .dwattr $C$DW$311, DW_AT_decl_column(0x0c)
    3553              
    3554              $C$DW$312       .dwtag  DW_TAG_member
    3555                      .dwattr $C$DW$312, DW_AT_type(*$C$DW$T$19)
    3556                      .dwattr $C$DW$312, DW_AT_name("GPIO68")
    3557                      .dwattr $C$DW$312, DW_AT_bit_offset(0x0b)
    3558                      .dwattr $C$DW$312, DW_AT_bit_size(0x01)
    3559                      .dwattr $C$DW$312, DW_AT_accessibility(DW_ACCESS_public)
    3560                      .dwattr $C$DW$312, DW_AT_decl_file("/home/jose/ti/c2000/C2000Ware_26_01_00_00/device_support/f2837xd/
    3561                      .dwattr $C$DW$312, DW_AT_decl_line(0xcd2)
    3562                      .dwattr $C$DW$312, DW_AT_decl_column(0x0c)
    3563              
    3564              $C$DW$313       .dwtag  DW_TAG_member
    3565                      .dwattr $C$DW$313, DW_AT_type(*$C$DW$T$19)
    3566                      .dwattr $C$DW$313, DW_AT_name("GPIO69")
    3567                      .dwattr $C$DW$313, DW_AT_bit_offset(0x0a)
    3568                      .dwattr $C$DW$313, DW_AT_bit_size(0x01)
    3569                      .dwattr $C$DW$313, DW_AT_accessibility(DW_ACCESS_public)
    3570                      .dwattr $C$DW$313, DW_AT_decl_file("/home/jose/ti/c2000/C2000Ware_26_01_00_00/device_support/f2837xd/
    3571                      .dwattr $C$DW$313, DW_AT_decl_line(0xcd3)
    3572                      .dwattr $C$DW$313, DW_AT_decl_column(0x0c)
    3573              
    3574              $C$DW$314       .dwtag  DW_TAG_member
    3575                      .dwattr $C$DW$314, DW_AT_type(*$C$DW$T$19)
    3576                      .dwattr $C$DW$314, DW_AT_name("GPIO70")
    3577                      .dwattr $C$DW$314, DW_AT_bit_offset(0x09)
    3578                      .dwattr $C$DW$314, DW_AT_bit_size(0x01)
    3579                      .dwattr $C$DW$314, DW_AT_accessibility(DW_ACCESS_public)
    3580                      .dwattr $C$DW$314, DW_AT_decl_file("/home/jose/ti/c2000/C2000Ware_26_01_00_00/device_support/f2837xd/
    3581                      .dwattr $C$DW$314, DW_AT_decl_line(0xcd4)
    3582                      .dwattr $C$DW$314, DW_AT_decl_column(0x0c)
    3583              
    3584              $C$DW$315       .dwtag  DW_TAG_member
    3585                      .dwattr $C$DW$315, DW_AT_type(*$C$DW$T$19)
    3586                      .dwattr $C$DW$315, DW_AT_name("GPIO71")
    3587                      .dwattr $C$DW$315, DW_AT_bit_offset(0x08)
    3588                      .dwattr $C$DW$315, DW_AT_bit_size(0x01)
    3589                      .dwattr $C$DW$315, DW_AT_accessibility(DW_ACCESS_public)
    3590                      .dwattr $C$DW$315, DW_AT_decl_file("/home/jose/ti/c2000/C2000Ware_26_01_00_00/device_support/f2837xd/
    3591                      .dwattr $C$DW$315, DW_AT_decl_line(0xcd5)
    3592                      .dwattr $C$DW$315, DW_AT_decl_column(0x0c)
    3593              
    3594              $C$DW$316       .dwtag  DW_TAG_member
    3595                      .dwattr $C$DW$316, DW_AT_type(*$C$DW$T$19)
    3596                      .dwattr $C$DW$316, DW_AT_name("GPIO72")
    3597                      .dwattr $C$DW$316, DW_AT_bit_offset(0x07)
    3598                      .dwattr $C$DW$316, DW_AT_bit_size(0x01)
    3599                      .dwattr $C$DW$316, DW_AT_accessibility(DW_ACCESS_public)
    3600                      .dwattr $C$DW$316, DW_AT_decl_file("/home/jose/ti/c2000/C2000Ware_26_01_00_00/device_support/f2837xd/
    3601                      .dwattr $C$DW$316, DW_AT_decl_line(0xcd6)
    3602                      .dwattr $C$DW$316, DW_AT_decl_column(0x0c)
    3603              
    3604              $C$DW$317       .dwtag  DW_TAG_member
    3605                      .dwattr $C$DW$317, DW_AT_type(*$C$DW$T$19)
    3606                      .dwattr $C$DW$317, DW_AT_name("GPIO73")
TMS320C2000 Assembler Unix v25.11.0 Sat May 30 20:22:51 2026

Copyright (c) 1996-2018 Texas Instruments Incorporated
hal_board.asm                                                        PAGE   67

    3607                      .dwattr $C$DW$317, DW_AT_bit_offset(0x06)
    3608                      .dwattr $C$DW$317, DW_AT_bit_size(0x01)
    3609                      .dwattr $C$DW$317, DW_AT_accessibility(DW_ACCESS_public)
    3610                      .dwattr $C$DW$317, DW_AT_decl_file("/home/jose/ti/c2000/C2000Ware_26_01_00_00/device_support/f2837xd/
    3611                      .dwattr $C$DW$317, DW_AT_decl_line(0xcd7)
    3612                      .dwattr $C$DW$317, DW_AT_decl_column(0x0c)
    3613              
    3614              $C$DW$318       .dwtag  DW_TAG_member
    3615                      .dwattr $C$DW$318, DW_AT_type(*$C$DW$T$19)
    3616                      .dwattr $C$DW$318, DW_AT_name("GPIO74")
    3617                      .dwattr $C$DW$318, DW_AT_bit_offset(0x05)
    3618                      .dwattr $C$DW$318, DW_AT_bit_size(0x01)
    3619                      .dwattr $C$DW$318, DW_AT_accessibility(DW_ACCESS_public)
    3620                      .dwattr $C$DW$318, DW_AT_decl_file("/home/jose/ti/c2000/C2000Ware_26_01_00_00/device_support/f2837xd/
    3621                      .dwattr $C$DW$318, DW_AT_decl_line(0xcd8)
    3622                      .dwattr $C$DW$318, DW_AT_decl_column(0x0c)
    3623              
    3624              $C$DW$319       .dwtag  DW_TAG_member
    3625                      .dwattr $C$DW$319, DW_AT_type(*$C$DW$T$19)
    3626                      .dwattr $C$DW$319, DW_AT_name("GPIO75")
    3627                      .dwattr $C$DW$319, DW_AT_bit_offset(0x04)
    3628                      .dwattr $C$DW$319, DW_AT_bit_size(0x01)
    3629                      .dwattr $C$DW$319, DW_AT_accessibility(DW_ACCESS_public)
    3630                      .dwattr $C$DW$319, DW_AT_decl_file("/home/jose/ti/c2000/C2000Ware_26_01_00_00/device_support/f2837xd/
    3631                      .dwattr $C$DW$319, DW_AT_decl_line(0xcd9)
    3632                      .dwattr $C$DW$319, DW_AT_decl_column(0x0c)
    3633              
    3634              $C$DW$320       .dwtag  DW_TAG_member
    3635                      .dwattr $C$DW$320, DW_AT_type(*$C$DW$T$19)
    3636                      .dwattr $C$DW$320, DW_AT_name("GPIO76")
    3637                      .dwattr $C$DW$320, DW_AT_bit_offset(0x03)
    3638                      .dwattr $C$DW$320, DW_AT_bit_size(0x01)
    3639                      .dwattr $C$DW$320, DW_AT_accessibility(DW_ACCESS_public)
    3640                      .dwattr $C$DW$320, DW_AT_decl_file("/home/jose/ti/c2000/C2000Ware_26_01_00_00/device_support/f2837xd/
    3641                      .dwattr $C$DW$320, DW_AT_decl_line(0xcda)
    3642                      .dwattr $C$DW$320, DW_AT_decl_column(0x0c)
    3643              
    3644              $C$DW$321       .dwtag  DW_TAG_member
    3645                      .dwattr $C$DW$321, DW_AT_type(*$C$DW$T$19)
    3646                      .dwattr $C$DW$321, DW_AT_name("GPIO77")
    3647                      .dwattr $C$DW$321, DW_AT_bit_offset(0x02)
    3648                      .dwattr $C$DW$321, DW_AT_bit_size(0x01)
    3649                      .dwattr $C$DW$321, DW_AT_accessibility(DW_ACCESS_public)
    3650                      .dwattr $C$DW$321, DW_AT_decl_file("/home/jose/ti/c2000/C2000Ware_26_01_00_00/device_support/f2837xd/
    3651                      .dwattr $C$DW$321, DW_AT_decl_line(0xcdb)
    3652                      .dwattr $C$DW$321, DW_AT_decl_column(0x0c)
    3653              
    3654              $C$DW$322       .dwtag  DW_TAG_member
    3655                      .dwattr $C$DW$322, DW_AT_type(*$C$DW$T$19)
    3656                      .dwattr $C$DW$322, DW_AT_name("GPIO78")
    3657                      .dwattr $C$DW$322, DW_AT_bit_offset(0x01)
    3658                      .dwattr $C$DW$322, DW_AT_bit_size(0x01)
    3659                      .dwattr $C$DW$322, DW_AT_accessibility(DW_ACCESS_public)
    3660                      .dwattr $C$DW$322, DW_AT_decl_file("/home/jose/ti/c2000/C2000Ware_26_01_00_00/device_support/f2837xd/
    3661                      .dwattr $C$DW$322, DW_AT_decl_line(0xcdc)
TMS320C2000 Assembler Unix v25.11.0 Sat May 30 20:22:51 2026

Copyright (c) 1996-2018 Texas Instruments Incorporated
hal_board.asm                                                        PAGE   68

    3662                      .dwattr $C$DW$322, DW_AT_decl_column(0x0c)
    3663              
    3664              $C$DW$323       .dwtag  DW_TAG_member
    3665                      .dwattr $C$DW$323, DW_AT_type(*$C$DW$T$19)
    3666                      .dwattr $C$DW$323, DW_AT_name("GPIO79")
    3667                      .dwattr $C$DW$323, DW_AT_bit_offset(0x00)
    3668                      .dwattr $C$DW$323, DW_AT_bit_size(0x01)
    3669                      .dwattr $C$DW$323, DW_AT_accessibility(DW_ACCESS_public)
    3670                      .dwattr $C$DW$323, DW_AT_decl_file("/home/jose/ti/c2000/C2000Ware_26_01_00_00/device_support/f2837xd/
    3671                      .dwattr $C$DW$323, DW_AT_decl_line(0xcdd)
    3672                      .dwattr $C$DW$323, DW_AT_decl_column(0x0c)
    3673              
    3674              $C$DW$324       .dwtag  DW_TAG_member
    3675                      .dwattr $C$DW$324, DW_AT_type(*$C$DW$T$19)
    3676                      .dwattr $C$DW$324, DW_AT_name("GPIO80")
    3677                      .dwattr $C$DW$324, DW_AT_bit_offset(0x0f)
    3678                      .dwattr $C$DW$324, DW_AT_bit_size(0x01)
    3679                      .dwattr $C$DW$324, DW_AT_data_member_location[DW_OP_plus_uconst 0x1]
    3680                      .dwattr $C$DW$324, DW_AT_accessibility(DW_ACCESS_public)
    3681                      .dwattr $C$DW$324, DW_AT_decl_file("/home/jose/ti/c2000/C2000Ware_26_01_00_00/device_support/f2837xd/
    3682                      .dwattr $C$DW$324, DW_AT_decl_line(0xcde)
    3683                      .dwattr $C$DW$324, DW_AT_decl_column(0x0c)
    3684              
    3685              $C$DW$325       .dwtag  DW_TAG_member
    3686                      .dwattr $C$DW$325, DW_AT_type(*$C$DW$T$19)
    3687                      .dwattr $C$DW$325, DW_AT_name("GPIO81")
    3688                      .dwattr $C$DW$325, DW_AT_bit_offset(0x0e)
    3689                      .dwattr $C$DW$325, DW_AT_bit_size(0x01)
    3690                      .dwattr $C$DW$325, DW_AT_data_member_location[DW_OP_plus_uconst 0x1]
    3691                      .dwattr $C$DW$325, DW_AT_accessibility(DW_ACCESS_public)
    3692                      .dwattr $C$DW$325, DW_AT_decl_file("/home/jose/ti/c2000/C2000Ware_26_01_00_00/device_support/f2837xd/
    3693                      .dwattr $C$DW$325, DW_AT_decl_line(0xcdf)
    3694                      .dwattr $C$DW$325, DW_AT_decl_column(0x0c)
    3695              
    3696              $C$DW$326       .dwtag  DW_TAG_member
    3697                      .dwattr $C$DW$326, DW_AT_type(*$C$DW$T$19)
    3698                      .dwattr $C$DW$326, DW_AT_name("GPIO82")
    3699                      .dwattr $C$DW$326, DW_AT_bit_offset(0x0d)
    3700                      .dwattr $C$DW$326, DW_AT_bit_size(0x01)
    3701                      .dwattr $C$DW$326, DW_AT_data_member_location[DW_OP_plus_uconst 0x1]
    3702                      .dwattr $C$DW$326, DW_AT_accessibility(DW_ACCESS_public)
    3703                      .dwattr $C$DW$326, DW_AT_decl_file("/home/jose/ti/c2000/C2000Ware_26_01_00_00/device_support/f2837xd/
    3704                      .dwattr $C$DW$326, DW_AT_decl_line(0xce0)
    3705                      .dwattr $C$DW$326, DW_AT_decl_column(0x0c)
    3706              
    3707              $C$DW$327       .dwtag  DW_TAG_member
    3708                      .dwattr $C$DW$327, DW_AT_type(*$C$DW$T$19)
    3709                      .dwattr $C$DW$327, DW_AT_name("GPIO83")
    3710                      .dwattr $C$DW$327, DW_AT_bit_offset(0x0c)
    3711                      .dwattr $C$DW$327, DW_AT_bit_size(0x01)
    3712                      .dwattr $C$DW$327, DW_AT_data_member_location[DW_OP_plus_uconst 0x1]
    3713                      .dwattr $C$DW$327, DW_AT_accessibility(DW_ACCESS_public)
    3714                      .dwattr $C$DW$327, DW_AT_decl_file("/home/jose/ti/c2000/C2000Ware_26_01_00_00/device_support/f2837xd/
    3715                      .dwattr $C$DW$327, DW_AT_decl_line(0xce1)
    3716                      .dwattr $C$DW$327, DW_AT_decl_column(0x0c)
TMS320C2000 Assembler Unix v25.11.0 Sat May 30 20:22:51 2026

Copyright (c) 1996-2018 Texas Instruments Incorporated
hal_board.asm                                                        PAGE   69

    3717              
    3718              $C$DW$328       .dwtag  DW_TAG_member
    3719                      .dwattr $C$DW$328, DW_AT_type(*$C$DW$T$19)
    3720                      .dwattr $C$DW$328, DW_AT_name("GPIO84")
    3721                      .dwattr $C$DW$328, DW_AT_bit_offset(0x0b)
    3722                      .dwattr $C$DW$328, DW_AT_bit_size(0x01)
    3723                      .dwattr $C$DW$328, DW_AT_data_member_location[DW_OP_plus_uconst 0x1]
    3724                      .dwattr $C$DW$328, DW_AT_accessibility(DW_ACCESS_public)
    3725                      .dwattr $C$DW$328, DW_AT_decl_file("/home/jose/ti/c2000/C2000Ware_26_01_00_00/device_support/f2837xd/
    3726                      .dwattr $C$DW$328, DW_AT_decl_line(0xce2)
    3727                      .dwattr $C$DW$328, DW_AT_decl_column(0x0c)
    3728              
    3729              $C$DW$329       .dwtag  DW_TAG_member
    3730                      .dwattr $C$DW$329, DW_AT_type(*$C$DW$T$19)
    3731                      .dwattr $C$DW$329, DW_AT_name("GPIO85")
    3732                      .dwattr $C$DW$329, DW_AT_bit_offset(0x0a)
    3733                      .dwattr $C$DW$329, DW_AT_bit_size(0x01)
    3734                      .dwattr $C$DW$329, DW_AT_data_member_location[DW_OP_plus_uconst 0x1]
    3735                      .dwattr $C$DW$329, DW_AT_accessibility(DW_ACCESS_public)
    3736                      .dwattr $C$DW$329, DW_AT_decl_file("/home/jose/ti/c2000/C2000Ware_26_01_00_00/device_support/f2837xd/
    3737                      .dwattr $C$DW$329, DW_AT_decl_line(0xce3)
    3738                      .dwattr $C$DW$329, DW_AT_decl_column(0x0c)
    3739              
    3740              $C$DW$330       .dwtag  DW_TAG_member
    3741                      .dwattr $C$DW$330, DW_AT_type(*$C$DW$T$19)
    3742                      .dwattr $C$DW$330, DW_AT_name("GPIO86")
    3743                      .dwattr $C$DW$330, DW_AT_bit_offset(0x09)
    3744                      .dwattr $C$DW$330, DW_AT_bit_size(0x01)
    3745                      .dwattr $C$DW$330, DW_AT_data_member_location[DW_OP_plus_uconst 0x1]
    3746                      .dwattr $C$DW$330, DW_AT_accessibility(DW_ACCESS_public)
    3747                      .dwattr $C$DW$330, DW_AT_decl_file("/home/jose/ti/c2000/C2000Ware_26_01_00_00/device_support/f2837xd/
    3748                      .dwattr $C$DW$330, DW_AT_decl_line(0xce4)
    3749                      .dwattr $C$DW$330, DW_AT_decl_column(0x0c)
    3750              
    3751              $C$DW$331       .dwtag  DW_TAG_member
    3752                      .dwattr $C$DW$331, DW_AT_type(*$C$DW$T$19)
    3753                      .dwattr $C$DW$331, DW_AT_name("GPIO87")
    3754                      .dwattr $C$DW$331, DW_AT_bit_offset(0x08)
    3755                      .dwattr $C$DW$331, DW_AT_bit_size(0x01)
    3756                      .dwattr $C$DW$331, DW_AT_data_member_location[DW_OP_plus_uconst 0x1]
    3757                      .dwattr $C$DW$331, DW_AT_accessibility(DW_ACCESS_public)
    3758                      .dwattr $C$DW$331, DW_AT_decl_file("/home/jose/ti/c2000/C2000Ware_26_01_00_00/device_support/f2837xd/
    3759                      .dwattr $C$DW$331, DW_AT_decl_line(0xce5)
    3760                      .dwattr $C$DW$331, DW_AT_decl_column(0x0c)
    3761              
    3762              $C$DW$332       .dwtag  DW_TAG_member
    3763                      .dwattr $C$DW$332, DW_AT_type(*$C$DW$T$19)
    3764                      .dwattr $C$DW$332, DW_AT_name("GPIO88")
    3765                      .dwattr $C$DW$332, DW_AT_bit_offset(0x07)
    3766                      .dwattr $C$DW$332, DW_AT_bit_size(0x01)
    3767                      .dwattr $C$DW$332, DW_AT_data_member_location[DW_OP_plus_uconst 0x1]
    3768                      .dwattr $C$DW$332, DW_AT_accessibility(DW_ACCESS_public)
    3769                      .dwattr $C$DW$332, DW_AT_decl_file("/home/jose/ti/c2000/C2000Ware_26_01_00_00/device_support/f2837xd/
    3770                      .dwattr $C$DW$332, DW_AT_decl_line(0xce6)
    3771                      .dwattr $C$DW$332, DW_AT_decl_column(0x0c)
TMS320C2000 Assembler Unix v25.11.0 Sat May 30 20:22:51 2026

Copyright (c) 1996-2018 Texas Instruments Incorporated
hal_board.asm                                                        PAGE   70

    3772              
    3773              $C$DW$333       .dwtag  DW_TAG_member
    3774                      .dwattr $C$DW$333, DW_AT_type(*$C$DW$T$19)
    3775                      .dwattr $C$DW$333, DW_AT_name("GPIO89")
    3776                      .dwattr $C$DW$333, DW_AT_bit_offset(0x06)
    3777                      .dwattr $C$DW$333, DW_AT_bit_size(0x01)
    3778                      .dwattr $C$DW$333, DW_AT_data_member_location[DW_OP_plus_uconst 0x1]
    3779                      .dwattr $C$DW$333, DW_AT_accessibility(DW_ACCESS_public)
    3780                      .dwattr $C$DW$333, DW_AT_decl_file("/home/jose/ti/c2000/C2000Ware_26_01_00_00/device_support/f2837xd/
    3781                      .dwattr $C$DW$333, DW_AT_decl_line(0xce7)
    3782                      .dwattr $C$DW$333, DW_AT_decl_column(0x0c)
    3783              
    3784              $C$DW$334       .dwtag  DW_TAG_member
    3785                      .dwattr $C$DW$334, DW_AT_type(*$C$DW$T$19)
    3786                      .dwattr $C$DW$334, DW_AT_name("GPIO90")
    3787                      .dwattr $C$DW$334, DW_AT_bit_offset(0x05)
    3788                      .dwattr $C$DW$334, DW_AT_bit_size(0x01)
    3789                      .dwattr $C$DW$334, DW_AT_data_member_location[DW_OP_plus_uconst 0x1]
    3790                      .dwattr $C$DW$334, DW_AT_accessibility(DW_ACCESS_public)
    3791                      .dwattr $C$DW$334, DW_AT_decl_file("/home/jose/ti/c2000/C2000Ware_26_01_00_00/device_support/f2837xd/
    3792                      .dwattr $C$DW$334, DW_AT_decl_line(0xce8)
    3793                      .dwattr $C$DW$334, DW_AT_decl_column(0x0c)
    3794              
    3795              $C$DW$335       .dwtag  DW_TAG_member
    3796                      .dwattr $C$DW$335, DW_AT_type(*$C$DW$T$19)
    3797                      .dwattr $C$DW$335, DW_AT_name("GPIO91")
    3798                      .dwattr $C$DW$335, DW_AT_bit_offset(0x04)
    3799                      .dwattr $C$DW$335, DW_AT_bit_size(0x01)
    3800                      .dwattr $C$DW$335, DW_AT_data_member_location[DW_OP_plus_uconst 0x1]
    3801                      .dwattr $C$DW$335, DW_AT_accessibility(DW_ACCESS_public)
    3802                      .dwattr $C$DW$335, DW_AT_decl_file("/home/jose/ti/c2000/C2000Ware_26_01_00_00/device_support/f2837xd/
    3803                      .dwattr $C$DW$335, DW_AT_decl_line(0xce9)
    3804                      .dwattr $C$DW$335, DW_AT_decl_column(0x0c)
    3805              
    3806              $C$DW$336       .dwtag  DW_TAG_member
    3807                      .dwattr $C$DW$336, DW_AT_type(*$C$DW$T$19)
    3808                      .dwattr $C$DW$336, DW_AT_name("GPIO92")
    3809                      .dwattr $C$DW$336, DW_AT_bit_offset(0x03)
    3810                      .dwattr $C$DW$336, DW_AT_bit_size(0x01)
    3811                      .dwattr $C$DW$336, DW_AT_data_member_location[DW_OP_plus_uconst 0x1]
    3812                      .dwattr $C$DW$336, DW_AT_accessibility(DW_ACCESS_public)
    3813                      .dwattr $C$DW$336, DW_AT_decl_file("/home/jose/ti/c2000/C2000Ware_26_01_00_00/device_support/f2837xd/
    3814                      .dwattr $C$DW$336, DW_AT_decl_line(0xcea)
    3815                      .dwattr $C$DW$336, DW_AT_decl_column(0x0c)
    3816              
    3817              $C$DW$337       .dwtag  DW_TAG_member
    3818                      .dwattr $C$DW$337, DW_AT_type(*$C$DW$T$19)
    3819                      .dwattr $C$DW$337, DW_AT_name("GPIO93")
    3820                      .dwattr $C$DW$337, DW_AT_bit_offset(0x02)
    3821                      .dwattr $C$DW$337, DW_AT_bit_size(0x01)
    3822                      .dwattr $C$DW$337, DW_AT_data_member_location[DW_OP_plus_uconst 0x1]
    3823                      .dwattr $C$DW$337, DW_AT_accessibility(DW_ACCESS_public)
    3824                      .dwattr $C$DW$337, DW_AT_decl_file("/home/jose/ti/c2000/C2000Ware_26_01_00_00/device_support/f2837xd/
    3825                      .dwattr $C$DW$337, DW_AT_decl_line(0xceb)
    3826                      .dwattr $C$DW$337, DW_AT_decl_column(0x0c)
TMS320C2000 Assembler Unix v25.11.0 Sat May 30 20:22:51 2026

Copyright (c) 1996-2018 Texas Instruments Incorporated
hal_board.asm                                                        PAGE   71

    3827              
    3828              $C$DW$338       .dwtag  DW_TAG_member
    3829                      .dwattr $C$DW$338, DW_AT_type(*$C$DW$T$19)
    3830                      .dwattr $C$DW$338, DW_AT_name("GPIO94")
    3831                      .dwattr $C$DW$338, DW_AT_bit_offset(0x01)
    3832                      .dwattr $C$DW$338, DW_AT_bit_size(0x01)
    3833                      .dwattr $C$DW$338, DW_AT_data_member_location[DW_OP_plus_uconst 0x1]
    3834                      .dwattr $C$DW$338, DW_AT_accessibility(DW_ACCESS_public)
    3835                      .dwattr $C$DW$338, DW_AT_decl_file("/home/jose/ti/c2000/C2000Ware_26_01_00_00/device_support/f2837xd/
    3836                      .dwattr $C$DW$338, DW_AT_decl_line(0xcec)
    3837                      .dwattr $C$DW$338, DW_AT_decl_column(0x0c)
    3838              
    3839              $C$DW$339       .dwtag  DW_TAG_member
    3840                      .dwattr $C$DW$339, DW_AT_type(*$C$DW$T$19)
    3841                      .dwattr $C$DW$339, DW_AT_name("GPIO95")
    3842                      .dwattr $C$DW$339, DW_AT_bit_offset(0x00)
    3843                      .dwattr $C$DW$339, DW_AT_bit_size(0x01)
    3844                      .dwattr $C$DW$339, DW_AT_data_member_location[DW_OP_plus_uconst 0x1]
    3845                      .dwattr $C$DW$339, DW_AT_accessibility(DW_ACCESS_public)
    3846                      .dwattr $C$DW$339, DW_AT_decl_file("/home/jose/ti/c2000/C2000Ware_26_01_00_00/device_support/f2837xd/
    3847                      .dwattr $C$DW$339, DW_AT_decl_line(0xced)
    3848                      .dwattr $C$DW$339, DW_AT_decl_column(0x0c)
    3849              
    3850                      .dwattr $C$DW$T$37, DW_AT_decl_file("/home/jose/ti/c2000/C2000Ware_26_01_00_00/device_support/f2837xd
    3851                      .dwattr $C$DW$T$37, DW_AT_decl_line(0xccd)
    3852                      .dwattr $C$DW$T$37, DW_AT_decl_column(0x08)
    3853                      .dwendtag $C$DW$T$37
    3854              
    3855                      .dwendtag $C$DW$TU$37
    3856              
    3857              
    3858              $C$DW$TU$38     .dwtag  DW_TAG_type_unit
    3859                      .dwmtype  $C$DW$T$38
    3860              
    3861              $C$DW$T$38      .dwtag  DW_TAG_union_type
    3862                      .dwattr $C$DW$T$38, DW_AT_name("GPCCLEAR_REG")
    3863                      .dwattr $C$DW$T$38, DW_AT_byte_size(0x02)
    3864              $C$DW$340       .dwtag  DW_TAG_member
    3865                      .dwattr $C$DW$340, DW_AT_type(*$C$DW$T$21)
    3866                      .dwattr $C$DW$340, DW_AT_name("all")
    3867                      .dwattr $C$DW$340, DW_AT_accessibility(DW_ACCESS_public)
    3868                      .dwattr $C$DW$340, DW_AT_decl_file("/home/jose/ti/c2000/C2000Ware_26_01_00_00/device_support/f2837xd/
    3869                      .dwattr $C$DW$340, DW_AT_decl_line(0xcf1)
    3870                      .dwattr $C$DW$340, DW_AT_decl_column(0x0d)
    3871              
    3872              $C$DW$341       .dwtag  DW_TAG_member
    3873                      .dwattr $C$DW$341, DW_AT_type(*$C$DW$T$37)
    3874                      .dwattr $C$DW$341, DW_AT_name("bit")
    3875                      .dwattr $C$DW$341, DW_AT_accessibility(DW_ACCESS_public)
    3876                      .dwattr $C$DW$341, DW_AT_decl_file("/home/jose/ti/c2000/C2000Ware_26_01_00_00/device_support/f2837xd/
    3877                      .dwattr $C$DW$341, DW_AT_decl_line(0xcf2)
    3878                      .dwattr $C$DW$341, DW_AT_decl_column(0x1c)
    3879              
    3880                      .dwattr $C$DW$T$38, DW_AT_decl_file("/home/jose/ti/c2000/C2000Ware_26_01_00_00/device_support/f2837xd
    3881                      .dwattr $C$DW$T$38, DW_AT_decl_line(0xcf0)
TMS320C2000 Assembler Unix v25.11.0 Sat May 30 20:22:51 2026

Copyright (c) 1996-2018 Texas Instruments Incorporated
hal_board.asm                                                        PAGE   72

    3882                      .dwattr $C$DW$T$38, DW_AT_decl_column(0x07)
    3883                      .dwendtag $C$DW$T$38
    3884              
    3885                      .dwendtag $C$DW$TU$38
    3886              
    3887              
    3888              $C$DW$TU$39     .dwtag  DW_TAG_type_unit
    3889                      .dwmtype  $C$DW$T$39
    3890              
    3891              $C$DW$T$39      .dwtag  DW_TAG_structure_type
    3892                      .dwattr $C$DW$T$39, DW_AT_name("GPCDAT_BITS")
    3893                      .dwattr $C$DW$T$39, DW_AT_byte_size(0x02)
    3894              $C$DW$342       .dwtag  DW_TAG_member
    3895                      .dwattr $C$DW$342, DW_AT_type(*$C$DW$T$19)
    3896                      .dwattr $C$DW$342, DW_AT_name("GPIO64")
    3897                      .dwattr $C$DW$342, DW_AT_bit_offset(0x0f)
    3898                      .dwattr $C$DW$342, DW_AT_bit_size(0x01)
    3899                      .dwattr $C$DW$342, DW_AT_accessibility(DW_ACCESS_public)
    3900                      .dwattr $C$DW$342, DW_AT_decl_file("/home/jose/ti/c2000/C2000Ware_26_01_00_00/device_support/f2837xd/
    3901                      .dwattr $C$DW$342, DW_AT_decl_line(0xc7e)
    3902                      .dwattr $C$DW$342, DW_AT_decl_column(0x0c)
    3903              
    3904              $C$DW$343       .dwtag  DW_TAG_member
    3905                      .dwattr $C$DW$343, DW_AT_type(*$C$DW$T$19)
    3906                      .dwattr $C$DW$343, DW_AT_name("GPIO65")
    3907                      .dwattr $C$DW$343, DW_AT_bit_offset(0x0e)
    3908                      .dwattr $C$DW$343, DW_AT_bit_size(0x01)
    3909                      .dwattr $C$DW$343, DW_AT_accessibility(DW_ACCESS_public)
    3910                      .dwattr $C$DW$343, DW_AT_decl_file("/home/jose/ti/c2000/C2000Ware_26_01_00_00/device_support/f2837xd/
    3911                      .dwattr $C$DW$343, DW_AT_decl_line(0xc7f)
    3912                      .dwattr $C$DW$343, DW_AT_decl_column(0x0c)
    3913              
    3914              $C$DW$344       .dwtag  DW_TAG_member
    3915                      .dwattr $C$DW$344, DW_AT_type(*$C$DW$T$19)
    3916                      .dwattr $C$DW$344, DW_AT_name("GPIO66")
    3917                      .dwattr $C$DW$344, DW_AT_bit_offset(0x0d)
    3918                      .dwattr $C$DW$344, DW_AT_bit_size(0x01)
    3919                      .dwattr $C$DW$344, DW_AT_accessibility(DW_ACCESS_public)
    3920                      .dwattr $C$DW$344, DW_AT_decl_file("/home/jose/ti/c2000/C2000Ware_26_01_00_00/device_support/f2837xd/
    3921                      .dwattr $C$DW$344, DW_AT_decl_line(0xc80)
    3922                      .dwattr $C$DW$344, DW_AT_decl_column(0x0c)
    3923              
    3924              $C$DW$345       .dwtag  DW_TAG_member
    3925                      .dwattr $C$DW$345, DW_AT_type(*$C$DW$T$19)
    3926                      .dwattr $C$DW$345, DW_AT_name("GPIO67")
    3927                      .dwattr $C$DW$345, DW_AT_bit_offset(0x0c)
    3928                      .dwattr $C$DW$345, DW_AT_bit_size(0x01)
    3929                      .dwattr $C$DW$345, DW_AT_accessibility(DW_ACCESS_public)
    3930                      .dwattr $C$DW$345, DW_AT_decl_file("/home/jose/ti/c2000/C2000Ware_26_01_00_00/device_support/f2837xd/
    3931                      .dwattr $C$DW$345, DW_AT_decl_line(0xc81)
    3932                      .dwattr $C$DW$345, DW_AT_decl_column(0x0c)
    3933              
    3934              $C$DW$346       .dwtag  DW_TAG_member
    3935                      .dwattr $C$DW$346, DW_AT_type(*$C$DW$T$19)
    3936                      .dwattr $C$DW$346, DW_AT_name("GPIO68")
TMS320C2000 Assembler Unix v25.11.0 Sat May 30 20:22:51 2026

Copyright (c) 1996-2018 Texas Instruments Incorporated
hal_board.asm                                                        PAGE   73

    3937                      .dwattr $C$DW$346, DW_AT_bit_offset(0x0b)
    3938                      .dwattr $C$DW$346, DW_AT_bit_size(0x01)
    3939                      .dwattr $C$DW$346, DW_AT_accessibility(DW_ACCESS_public)
    3940                      .dwattr $C$DW$346, DW_AT_decl_file("/home/jose/ti/c2000/C2000Ware_26_01_00_00/device_support/f2837xd/
    3941                      .dwattr $C$DW$346, DW_AT_decl_line(0xc82)
    3942                      .dwattr $C$DW$346, DW_AT_decl_column(0x0c)
    3943              
    3944              $C$DW$347       .dwtag  DW_TAG_member
    3945                      .dwattr $C$DW$347, DW_AT_type(*$C$DW$T$19)
    3946                      .dwattr $C$DW$347, DW_AT_name("GPIO69")
    3947                      .dwattr $C$DW$347, DW_AT_bit_offset(0x0a)
    3948                      .dwattr $C$DW$347, DW_AT_bit_size(0x01)
    3949                      .dwattr $C$DW$347, DW_AT_accessibility(DW_ACCESS_public)
    3950                      .dwattr $C$DW$347, DW_AT_decl_file("/home/jose/ti/c2000/C2000Ware_26_01_00_00/device_support/f2837xd/
    3951                      .dwattr $C$DW$347, DW_AT_decl_line(0xc83)
    3952                      .dwattr $C$DW$347, DW_AT_decl_column(0x0c)
    3953              
    3954              $C$DW$348       .dwtag  DW_TAG_member
    3955                      .dwattr $C$DW$348, DW_AT_type(*$C$DW$T$19)
    3956                      .dwattr $C$DW$348, DW_AT_name("GPIO70")
    3957                      .dwattr $C$DW$348, DW_AT_bit_offset(0x09)
    3958                      .dwattr $C$DW$348, DW_AT_bit_size(0x01)
    3959                      .dwattr $C$DW$348, DW_AT_accessibility(DW_ACCESS_public)
    3960                      .dwattr $C$DW$348, DW_AT_decl_file("/home/jose/ti/c2000/C2000Ware_26_01_00_00/device_support/f2837xd/
    3961                      .dwattr $C$DW$348, DW_AT_decl_line(0xc84)
    3962                      .dwattr $C$DW$348, DW_AT_decl_column(0x0c)
    3963              
    3964              $C$DW$349       .dwtag  DW_TAG_member
    3965                      .dwattr $C$DW$349, DW_AT_type(*$C$DW$T$19)
    3966                      .dwattr $C$DW$349, DW_AT_name("GPIO71")
    3967                      .dwattr $C$DW$349, DW_AT_bit_offset(0x08)
    3968                      .dwattr $C$DW$349, DW_AT_bit_size(0x01)
    3969                      .dwattr $C$DW$349, DW_AT_accessibility(DW_ACCESS_public)
    3970                      .dwattr $C$DW$349, DW_AT_decl_file("/home/jose/ti/c2000/C2000Ware_26_01_00_00/device_support/f2837xd/
    3971                      .dwattr $C$DW$349, DW_AT_decl_line(0xc85)
    3972                      .dwattr $C$DW$349, DW_AT_decl_column(0x0c)
    3973              
    3974              $C$DW$350       .dwtag  DW_TAG_member
    3975                      .dwattr $C$DW$350, DW_AT_type(*$C$DW$T$19)
    3976                      .dwattr $C$DW$350, DW_AT_name("GPIO72")
    3977                      .dwattr $C$DW$350, DW_AT_bit_offset(0x07)
    3978                      .dwattr $C$DW$350, DW_AT_bit_size(0x01)
    3979                      .dwattr $C$DW$350, DW_AT_accessibility(DW_ACCESS_public)
    3980                      .dwattr $C$DW$350, DW_AT_decl_file("/home/jose/ti/c2000/C2000Ware_26_01_00_00/device_support/f2837xd/
    3981                      .dwattr $C$DW$350, DW_AT_decl_line(0xc86)
    3982                      .dwattr $C$DW$350, DW_AT_decl_column(0x0c)
    3983              
    3984              $C$DW$351       .dwtag  DW_TAG_member
    3985                      .dwattr $C$DW$351, DW_AT_type(*$C$DW$T$19)
    3986                      .dwattr $C$DW$351, DW_AT_name("GPIO73")
    3987                      .dwattr $C$DW$351, DW_AT_bit_offset(0x06)
    3988                      .dwattr $C$DW$351, DW_AT_bit_size(0x01)
    3989                      .dwattr $C$DW$351, DW_AT_accessibility(DW_ACCESS_public)
    3990                      .dwattr $C$DW$351, DW_AT_decl_file("/home/jose/ti/c2000/C2000Ware_26_01_00_00/device_support/f2837xd/
    3991                      .dwattr $C$DW$351, DW_AT_decl_line(0xc87)
TMS320C2000 Assembler Unix v25.11.0 Sat May 30 20:22:51 2026

Copyright (c) 1996-2018 Texas Instruments Incorporated
hal_board.asm                                                        PAGE   74

    3992                      .dwattr $C$DW$351, DW_AT_decl_column(0x0c)
    3993              
    3994              $C$DW$352       .dwtag  DW_TAG_member
    3995                      .dwattr $C$DW$352, DW_AT_type(*$C$DW$T$19)
    3996                      .dwattr $C$DW$352, DW_AT_name("GPIO74")
    3997                      .dwattr $C$DW$352, DW_AT_bit_offset(0x05)
    3998                      .dwattr $C$DW$352, DW_AT_bit_size(0x01)
    3999                      .dwattr $C$DW$352, DW_AT_accessibility(DW_ACCESS_public)
    4000                      .dwattr $C$DW$352, DW_AT_decl_file("/home/jose/ti/c2000/C2000Ware_26_01_00_00/device_support/f2837xd/
    4001                      .dwattr $C$DW$352, DW_AT_decl_line(0xc88)
    4002                      .dwattr $C$DW$352, DW_AT_decl_column(0x0c)
    4003              
    4004              $C$DW$353       .dwtag  DW_TAG_member
    4005                      .dwattr $C$DW$353, DW_AT_type(*$C$DW$T$19)
    4006                      .dwattr $C$DW$353, DW_AT_name("GPIO75")
    4007                      .dwattr $C$DW$353, DW_AT_bit_offset(0x04)
    4008                      .dwattr $C$DW$353, DW_AT_bit_size(0x01)
    4009                      .dwattr $C$DW$353, DW_AT_accessibility(DW_ACCESS_public)
    4010                      .dwattr $C$DW$353, DW_AT_decl_file("/home/jose/ti/c2000/C2000Ware_26_01_00_00/device_support/f2837xd/
    4011                      .dwattr $C$DW$353, DW_AT_decl_line(0xc89)
    4012                      .dwattr $C$DW$353, DW_AT_decl_column(0x0c)
    4013              
    4014              $C$DW$354       .dwtag  DW_TAG_member
    4015                      .dwattr $C$DW$354, DW_AT_type(*$C$DW$T$19)
    4016                      .dwattr $C$DW$354, DW_AT_name("GPIO76")
    4017                      .dwattr $C$DW$354, DW_AT_bit_offset(0x03)
    4018                      .dwattr $C$DW$354, DW_AT_bit_size(0x01)
    4019                      .dwattr $C$DW$354, DW_AT_accessibility(DW_ACCESS_public)
    4020                      .dwattr $C$DW$354, DW_AT_decl_file("/home/jose/ti/c2000/C2000Ware_26_01_00_00/device_support/f2837xd/
    4021                      .dwattr $C$DW$354, DW_AT_decl_line(0xc8a)
    4022                      .dwattr $C$DW$354, DW_AT_decl_column(0x0c)
    4023              
    4024              $C$DW$355       .dwtag  DW_TAG_member
    4025                      .dwattr $C$DW$355, DW_AT_type(*$C$DW$T$19)
    4026                      .dwattr $C$DW$355, DW_AT_name("GPIO77")
    4027                      .dwattr $C$DW$355, DW_AT_bit_offset(0x02)
    4028                      .dwattr $C$DW$355, DW_AT_bit_size(0x01)
    4029                      .dwattr $C$DW$355, DW_AT_accessibility(DW_ACCESS_public)
    4030                      .dwattr $C$DW$355, DW_AT_decl_file("/home/jose/ti/c2000/C2000Ware_26_01_00_00/device_support/f2837xd/
    4031                      .dwattr $C$DW$355, DW_AT_decl_line(0xc8b)
    4032                      .dwattr $C$DW$355, DW_AT_decl_column(0x0c)
    4033              
    4034              $C$DW$356       .dwtag  DW_TAG_member
    4035                      .dwattr $C$DW$356, DW_AT_type(*$C$DW$T$19)
    4036                      .dwattr $C$DW$356, DW_AT_name("GPIO78")
    4037                      .dwattr $C$DW$356, DW_AT_bit_offset(0x01)
    4038                      .dwattr $C$DW$356, DW_AT_bit_size(0x01)
    4039                      .dwattr $C$DW$356, DW_AT_accessibility(DW_ACCESS_public)
    4040                      .dwattr $C$DW$356, DW_AT_decl_file("/home/jose/ti/c2000/C2000Ware_26_01_00_00/device_support/f2837xd/
    4041                      .dwattr $C$DW$356, DW_AT_decl_line(0xc8c)
    4042                      .dwattr $C$DW$356, DW_AT_decl_column(0x0c)
    4043              
    4044              $C$DW$357       .dwtag  DW_TAG_member
    4045                      .dwattr $C$DW$357, DW_AT_type(*$C$DW$T$19)
    4046                      .dwattr $C$DW$357, DW_AT_name("GPIO79")
TMS320C2000 Assembler Unix v25.11.0 Sat May 30 20:22:51 2026

Copyright (c) 1996-2018 Texas Instruments Incorporated
hal_board.asm                                                        PAGE   75

    4047                      .dwattr $C$DW$357, DW_AT_bit_offset(0x00)
    4048                      .dwattr $C$DW$357, DW_AT_bit_size(0x01)
    4049                      .dwattr $C$DW$357, DW_AT_accessibility(DW_ACCESS_public)
    4050                      .dwattr $C$DW$357, DW_AT_decl_file("/home/jose/ti/c2000/C2000Ware_26_01_00_00/device_support/f2837xd/
    4051                      .dwattr $C$DW$357, DW_AT_decl_line(0xc8d)
    4052                      .dwattr $C$DW$357, DW_AT_decl_column(0x0c)
    4053              
    4054              $C$DW$358       .dwtag  DW_TAG_member
    4055                      .dwattr $C$DW$358, DW_AT_type(*$C$DW$T$19)
    4056                      .dwattr $C$DW$358, DW_AT_name("GPIO80")
    4057                      .dwattr $C$DW$358, DW_AT_bit_offset(0x0f)
    4058                      .dwattr $C$DW$358, DW_AT_bit_size(0x01)
    4059                      .dwattr $C$DW$358, DW_AT_data_member_location[DW_OP_plus_uconst 0x1]
    4060                      .dwattr $C$DW$358, DW_AT_accessibility(DW_ACCESS_public)
    4061                      .dwattr $C$DW$358, DW_AT_decl_file("/home/jose/ti/c2000/C2000Ware_26_01_00_00/device_support/f2837xd/
    4062                      .dwattr $C$DW$358, DW_AT_decl_line(0xc8e)
    4063                      .dwattr $C$DW$358, DW_AT_decl_column(0x0c)
    4064              
    4065              $C$DW$359       .dwtag  DW_TAG_member
    4066                      .dwattr $C$DW$359, DW_AT_type(*$C$DW$T$19)
    4067                      .dwattr $C$DW$359, DW_AT_name("GPIO81")
    4068                      .dwattr $C$DW$359, DW_AT_bit_offset(0x0e)
    4069                      .dwattr $C$DW$359, DW_AT_bit_size(0x01)
    4070                      .dwattr $C$DW$359, DW_AT_data_member_location[DW_OP_plus_uconst 0x1]
    4071                      .dwattr $C$DW$359, DW_AT_accessibility(DW_ACCESS_public)
    4072                      .dwattr $C$DW$359, DW_AT_decl_file("/home/jose/ti/c2000/C2000Ware_26_01_00_00/device_support/f2837xd/
    4073                      .dwattr $C$DW$359, DW_AT_decl_line(0xc8f)
    4074                      .dwattr $C$DW$359, DW_AT_decl_column(0x0c)
    4075              
    4076              $C$DW$360       .dwtag  DW_TAG_member
    4077                      .dwattr $C$DW$360, DW_AT_type(*$C$DW$T$19)
    4078                      .dwattr $C$DW$360, DW_AT_name("GPIO82")
    4079                      .dwattr $C$DW$360, DW_AT_bit_offset(0x0d)
    4080                      .dwattr $C$DW$360, DW_AT_bit_size(0x01)
    4081                      .dwattr $C$DW$360, DW_AT_data_member_location[DW_OP_plus_uconst 0x1]
    4082                      .dwattr $C$DW$360, DW_AT_accessibility(DW_ACCESS_public)
    4083                      .dwattr $C$DW$360, DW_AT_decl_file("/home/jose/ti/c2000/C2000Ware_26_01_00_00/device_support/f2837xd/
    4084                      .dwattr $C$DW$360, DW_AT_decl_line(0xc90)
    4085                      .dwattr $C$DW$360, DW_AT_decl_column(0x0c)
    4086              
    4087              $C$DW$361       .dwtag  DW_TAG_member
    4088                      .dwattr $C$DW$361, DW_AT_type(*$C$DW$T$19)
    4089                      .dwattr $C$DW$361, DW_AT_name("GPIO83")
    4090                      .dwattr $C$DW$361, DW_AT_bit_offset(0x0c)
    4091                      .dwattr $C$DW$361, DW_AT_bit_size(0x01)
    4092                      .dwattr $C$DW$361, DW_AT_data_member_location[DW_OP_plus_uconst 0x1]
    4093                      .dwattr $C$DW$361, DW_AT_accessibility(DW_ACCESS_public)
    4094                      .dwattr $C$DW$361, DW_AT_decl_file("/home/jose/ti/c2000/C2000Ware_26_01_00_00/device_support/f2837xd/
    4095                      .dwattr $C$DW$361, DW_AT_decl_line(0xc91)
    4096                      .dwattr $C$DW$361, DW_AT_decl_column(0x0c)
    4097              
    4098              $C$DW$362       .dwtag  DW_TAG_member
    4099                      .dwattr $C$DW$362, DW_AT_type(*$C$DW$T$19)
    4100                      .dwattr $C$DW$362, DW_AT_name("GPIO84")
    4101                      .dwattr $C$DW$362, DW_AT_bit_offset(0x0b)
TMS320C2000 Assembler Unix v25.11.0 Sat May 30 20:22:51 2026

Copyright (c) 1996-2018 Texas Instruments Incorporated
hal_board.asm                                                        PAGE   76

    4102                      .dwattr $C$DW$362, DW_AT_bit_size(0x01)
    4103                      .dwattr $C$DW$362, DW_AT_data_member_location[DW_OP_plus_uconst 0x1]
    4104                      .dwattr $C$DW$362, DW_AT_accessibility(DW_ACCESS_public)
    4105                      .dwattr $C$DW$362, DW_AT_decl_file("/home/jose/ti/c2000/C2000Ware_26_01_00_00/device_support/f2837xd/
    4106                      .dwattr $C$DW$362, DW_AT_decl_line(0xc92)
    4107                      .dwattr $C$DW$362, DW_AT_decl_column(0x0c)
    4108              
    4109              $C$DW$363       .dwtag  DW_TAG_member
    4110                      .dwattr $C$DW$363, DW_AT_type(*$C$DW$T$19)
    4111                      .dwattr $C$DW$363, DW_AT_name("GPIO85")
    4112                      .dwattr $C$DW$363, DW_AT_bit_offset(0x0a)
    4113                      .dwattr $C$DW$363, DW_AT_bit_size(0x01)
    4114                      .dwattr $C$DW$363, DW_AT_data_member_location[DW_OP_plus_uconst 0x1]
    4115                      .dwattr $C$DW$363, DW_AT_accessibility(DW_ACCESS_public)
    4116                      .dwattr $C$DW$363, DW_AT_decl_file("/home/jose/ti/c2000/C2000Ware_26_01_00_00/device_support/f2837xd/
    4117                      .dwattr $C$DW$363, DW_AT_decl_line(0xc93)
    4118                      .dwattr $C$DW$363, DW_AT_decl_column(0x0c)
    4119              
    4120              $C$DW$364       .dwtag  DW_TAG_member
    4121                      .dwattr $C$DW$364, DW_AT_type(*$C$DW$T$19)
    4122                      .dwattr $C$DW$364, DW_AT_name("GPIO86")
    4123                      .dwattr $C$DW$364, DW_AT_bit_offset(0x09)
    4124                      .dwattr $C$DW$364, DW_AT_bit_size(0x01)
    4125                      .dwattr $C$DW$364, DW_AT_data_member_location[DW_OP_plus_uconst 0x1]
    4126                      .dwattr $C$DW$364, DW_AT_accessibility(DW_ACCESS_public)
    4127                      .dwattr $C$DW$364, DW_AT_decl_file("/home/jose/ti/c2000/C2000Ware_26_01_00_00/device_support/f2837xd/
    4128                      .dwattr $C$DW$364, DW_AT_decl_line(0xc94)
    4129                      .dwattr $C$DW$364, DW_AT_decl_column(0x0c)
    4130              
    4131              $C$DW$365       .dwtag  DW_TAG_member
    4132                      .dwattr $C$DW$365, DW_AT_type(*$C$DW$T$19)
    4133                      .dwattr $C$DW$365, DW_AT_name("GPIO87")
    4134                      .dwattr $C$DW$365, DW_AT_bit_offset(0x08)
    4135                      .dwattr $C$DW$365, DW_AT_bit_size(0x01)
    4136                      .dwattr $C$DW$365, DW_AT_data_member_location[DW_OP_plus_uconst 0x1]
    4137                      .dwattr $C$DW$365, DW_AT_accessibility(DW_ACCESS_public)
    4138                      .dwattr $C$DW$365, DW_AT_decl_file("/home/jose/ti/c2000/C2000Ware_26_01_00_00/device_support/f2837xd/
    4139                      .dwattr $C$DW$365, DW_AT_decl_line(0xc95)
    4140                      .dwattr $C$DW$365, DW_AT_decl_column(0x0c)
    4141              
    4142              $C$DW$366       .dwtag  DW_TAG_member
    4143                      .dwattr $C$DW$366, DW_AT_type(*$C$DW$T$19)
    4144                      .dwattr $C$DW$366, DW_AT_name("GPIO88")
    4145                      .dwattr $C$DW$366, DW_AT_bit_offset(0x07)
    4146                      .dwattr $C$DW$366, DW_AT_bit_size(0x01)
    4147                      .dwattr $C$DW$366, DW_AT_data_member_location[DW_OP_plus_uconst 0x1]
    4148                      .dwattr $C$DW$366, DW_AT_accessibility(DW_ACCESS_public)
    4149                      .dwattr $C$DW$366, DW_AT_decl_file("/home/jose/ti/c2000/C2000Ware_26_01_00_00/device_support/f2837xd/
    4150                      .dwattr $C$DW$366, DW_AT_decl_line(0xc96)
    4151                      .dwattr $C$DW$366, DW_AT_decl_column(0x0c)
    4152              
    4153              $C$DW$367       .dwtag  DW_TAG_member
    4154                      .dwattr $C$DW$367, DW_AT_type(*$C$DW$T$19)
    4155                      .dwattr $C$DW$367, DW_AT_name("GPIO89")
    4156                      .dwattr $C$DW$367, DW_AT_bit_offset(0x06)
TMS320C2000 Assembler Unix v25.11.0 Sat May 30 20:22:51 2026

Copyright (c) 1996-2018 Texas Instruments Incorporated
hal_board.asm                                                        PAGE   77

    4157                      .dwattr $C$DW$367, DW_AT_bit_size(0x01)
    4158                      .dwattr $C$DW$367, DW_AT_data_member_location[DW_OP_plus_uconst 0x1]
    4159                      .dwattr $C$DW$367, DW_AT_accessibility(DW_ACCESS_public)
    4160                      .dwattr $C$DW$367, DW_AT_decl_file("/home/jose/ti/c2000/C2000Ware_26_01_00_00/device_support/f2837xd/
    4161                      .dwattr $C$DW$367, DW_AT_decl_line(0xc97)
    4162                      .dwattr $C$DW$367, DW_AT_decl_column(0x0c)
    4163              
    4164              $C$DW$368       .dwtag  DW_TAG_member
    4165                      .dwattr $C$DW$368, DW_AT_type(*$C$DW$T$19)
    4166                      .dwattr $C$DW$368, DW_AT_name("GPIO90")
    4167                      .dwattr $C$DW$368, DW_AT_bit_offset(0x05)
    4168                      .dwattr $C$DW$368, DW_AT_bit_size(0x01)
    4169                      .dwattr $C$DW$368, DW_AT_data_member_location[DW_OP_plus_uconst 0x1]
    4170                      .dwattr $C$DW$368, DW_AT_accessibility(DW_ACCESS_public)
    4171                      .dwattr $C$DW$368, DW_AT_decl_file("/home/jose/ti/c2000/C2000Ware_26_01_00_00/device_support/f2837xd/
    4172                      .dwattr $C$DW$368, DW_AT_decl_line(0xc98)
    4173                      .dwattr $C$DW$368, DW_AT_decl_column(0x0c)
    4174              
    4175              $C$DW$369       .dwtag  DW_TAG_member
    4176                      .dwattr $C$DW$369, DW_AT_type(*$C$DW$T$19)
    4177                      .dwattr $C$DW$369, DW_AT_name("GPIO91")
    4178                      .dwattr $C$DW$369, DW_AT_bit_offset(0x04)
    4179                      .dwattr $C$DW$369, DW_AT_bit_size(0x01)
    4180                      .dwattr $C$DW$369, DW_AT_data_member_location[DW_OP_plus_uconst 0x1]
    4181                      .dwattr $C$DW$369, DW_AT_accessibility(DW_ACCESS_public)
    4182                      .dwattr $C$DW$369, DW_AT_decl_file("/home/jose/ti/c2000/C2000Ware_26_01_00_00/device_support/f2837xd/
    4183                      .dwattr $C$DW$369, DW_AT_decl_line(0xc99)
    4184                      .dwattr $C$DW$369, DW_AT_decl_column(0x0c)
    4185              
    4186              $C$DW$370       .dwtag  DW_TAG_member
    4187                      .dwattr $C$DW$370, DW_AT_type(*$C$DW$T$19)
    4188                      .dwattr $C$DW$370, DW_AT_name("GPIO92")
    4189                      .dwattr $C$DW$370, DW_AT_bit_offset(0x03)
    4190                      .dwattr $C$DW$370, DW_AT_bit_size(0x01)
    4191                      .dwattr $C$DW$370, DW_AT_data_member_location[DW_OP_plus_uconst 0x1]
    4192                      .dwattr $C$DW$370, DW_AT_accessibility(DW_ACCESS_public)
    4193                      .dwattr $C$DW$370, DW_AT_decl_file("/home/jose/ti/c2000/C2000Ware_26_01_00_00/device_support/f2837xd/
    4194                      .dwattr $C$DW$370, DW_AT_decl_line(0xc9a)
    4195                      .dwattr $C$DW$370, DW_AT_decl_column(0x0c)
    4196              
    4197              $C$DW$371       .dwtag  DW_TAG_member
    4198                      .dwattr $C$DW$371, DW_AT_type(*$C$DW$T$19)
    4199                      .dwattr $C$DW$371, DW_AT_name("GPIO93")
    4200                      .dwattr $C$DW$371, DW_AT_bit_offset(0x02)
    4201                      .dwattr $C$DW$371, DW_AT_bit_size(0x01)
    4202                      .dwattr $C$DW$371, DW_AT_data_member_location[DW_OP_plus_uconst 0x1]
    4203                      .dwattr $C$DW$371, DW_AT_accessibility(DW_ACCESS_public)
    4204                      .dwattr $C$DW$371, DW_AT_decl_file("/home/jose/ti/c2000/C2000Ware_26_01_00_00/device_support/f2837xd/
    4205                      .dwattr $C$DW$371, DW_AT_decl_line(0xc9b)
    4206                      .dwattr $C$DW$371, DW_AT_decl_column(0x0c)
    4207              
    4208              $C$DW$372       .dwtag  DW_TAG_member
    4209                      .dwattr $C$DW$372, DW_AT_type(*$C$DW$T$19)
    4210                      .dwattr $C$DW$372, DW_AT_name("GPIO94")
    4211                      .dwattr $C$DW$372, DW_AT_bit_offset(0x01)
TMS320C2000 Assembler Unix v25.11.0 Sat May 30 20:22:51 2026

Copyright (c) 1996-2018 Texas Instruments Incorporated
hal_board.asm                                                        PAGE   78

    4212                      .dwattr $C$DW$372, DW_AT_bit_size(0x01)
    4213                      .dwattr $C$DW$372, DW_AT_data_member_location[DW_OP_plus_uconst 0x1]
    4214                      .dwattr $C$DW$372, DW_AT_accessibility(DW_ACCESS_public)
    4215                      .dwattr $C$DW$372, DW_AT_decl_file("/home/jose/ti/c2000/C2000Ware_26_01_00_00/device_support/f2837xd/
    4216                      .dwattr $C$DW$372, DW_AT_decl_line(0xc9c)
    4217                      .dwattr $C$DW$372, DW_AT_decl_column(0x0c)
    4218              
    4219              $C$DW$373       .dwtag  DW_TAG_member
    4220                      .dwattr $C$DW$373, DW_AT_type(*$C$DW$T$19)
    4221                      .dwattr $C$DW$373, DW_AT_name("GPIO95")
    4222                      .dwattr $C$DW$373, DW_AT_bit_offset(0x00)
    4223                      .dwattr $C$DW$373, DW_AT_bit_size(0x01)
    4224                      .dwattr $C$DW$373, DW_AT_data_member_location[DW_OP_plus_uconst 0x1]
    4225                      .dwattr $C$DW$373, DW_AT_accessibility(DW_ACCESS_public)
    4226                      .dwattr $C$DW$373, DW_AT_decl_file("/home/jose/ti/c2000/C2000Ware_26_01_00_00/device_support/f2837xd/
    4227                      .dwattr $C$DW$373, DW_AT_decl_line(0xc9d)
    4228                      .dwattr $C$DW$373, DW_AT_decl_column(0x0c)
    4229              
    4230                      .dwattr $C$DW$T$39, DW_AT_decl_file("/home/jose/ti/c2000/C2000Ware_26_01_00_00/device_support/f2837xd
    4231                      .dwattr $C$DW$T$39, DW_AT_decl_line(0xc7d)
    4232                      .dwattr $C$DW$T$39, DW_AT_decl_column(0x08)
    4233                      .dwendtag $C$DW$T$39
    4234              
    4235                      .dwendtag $C$DW$TU$39
    4236              
    4237              
    4238              $C$DW$TU$40     .dwtag  DW_TAG_type_unit
    4239                      .dwmtype  $C$DW$T$40
    4240              
    4241              $C$DW$T$40      .dwtag  DW_TAG_union_type
    4242                      .dwattr $C$DW$T$40, DW_AT_name("GPCDAT_REG")
    4243                      .dwattr $C$DW$T$40, DW_AT_byte_size(0x02)
    4244              $C$DW$374       .dwtag  DW_TAG_member
    4245                      .dwattr $C$DW$374, DW_AT_type(*$C$DW$T$21)
    4246                      .dwattr $C$DW$374, DW_AT_name("all")
    4247                      .dwattr $C$DW$374, DW_AT_accessibility(DW_ACCESS_public)
    4248                      .dwattr $C$DW$374, DW_AT_decl_file("/home/jose/ti/c2000/C2000Ware_26_01_00_00/device_support/f2837xd/
    4249                      .dwattr $C$DW$374, DW_AT_decl_line(0xca1)
    4250                      .dwattr $C$DW$374, DW_AT_decl_column(0x0d)
    4251              
    4252              $C$DW$375       .dwtag  DW_TAG_member
    4253                      .dwattr $C$DW$375, DW_AT_type(*$C$DW$T$39)
    4254                      .dwattr $C$DW$375, DW_AT_name("bit")
    4255                      .dwattr $C$DW$375, DW_AT_accessibility(DW_ACCESS_public)
    4256                      .dwattr $C$DW$375, DW_AT_decl_file("/home/jose/ti/c2000/C2000Ware_26_01_00_00/device_support/f2837xd/
    4257                      .dwattr $C$DW$375, DW_AT_decl_line(0xca2)
    4258                      .dwattr $C$DW$375, DW_AT_decl_column(0x1a)
    4259              
    4260                      .dwattr $C$DW$T$40, DW_AT_decl_file("/home/jose/ti/c2000/C2000Ware_26_01_00_00/device_support/f2837xd
    4261                      .dwattr $C$DW$T$40, DW_AT_decl_line(0xca0)
    4262                      .dwattr $C$DW$T$40, DW_AT_decl_column(0x07)
    4263                      .dwendtag $C$DW$T$40
    4264              
    4265                      .dwendtag $C$DW$TU$40
    4266              
TMS320C2000 Assembler Unix v25.11.0 Sat May 30 20:22:51 2026

Copyright (c) 1996-2018 Texas Instruments Incorporated
hal_board.asm                                                        PAGE   79

    4267              
    4268              $C$DW$TU$41     .dwtag  DW_TAG_type_unit
    4269                      .dwmtype  $C$DW$T$41
    4270              
    4271              $C$DW$T$41      .dwtag  DW_TAG_structure_type
    4272                      .dwattr $C$DW$T$41, DW_AT_name("GPCSET_BITS")
    4273                      .dwattr $C$DW$T$41, DW_AT_byte_size(0x02)
    4274              $C$DW$376       .dwtag  DW_TAG_member
    4275                      .dwattr $C$DW$376, DW_AT_type(*$C$DW$T$19)
    4276                      .dwattr $C$DW$376, DW_AT_name("GPIO64")
    4277                      .dwattr $C$DW$376, DW_AT_bit_offset(0x0f)
    4278                      .dwattr $C$DW$376, DW_AT_bit_size(0x01)
    4279                      .dwattr $C$DW$376, DW_AT_accessibility(DW_ACCESS_public)
    4280                      .dwattr $C$DW$376, DW_AT_decl_file("/home/jose/ti/c2000/C2000Ware_26_01_00_00/device_support/f2837xd/
    4281                      .dwattr $C$DW$376, DW_AT_decl_line(0xca6)
    4282                      .dwattr $C$DW$376, DW_AT_decl_column(0x0c)
    4283              
    4284              $C$DW$377       .dwtag  DW_TAG_member
    4285                      .dwattr $C$DW$377, DW_AT_type(*$C$DW$T$19)
    4286                      .dwattr $C$DW$377, DW_AT_name("GPIO65")
    4287                      .dwattr $C$DW$377, DW_AT_bit_offset(0x0e)
    4288                      .dwattr $C$DW$377, DW_AT_bit_size(0x01)
    4289                      .dwattr $C$DW$377, DW_AT_accessibility(DW_ACCESS_public)
    4290                      .dwattr $C$DW$377, DW_AT_decl_file("/home/jose/ti/c2000/C2000Ware_26_01_00_00/device_support/f2837xd/
    4291                      .dwattr $C$DW$377, DW_AT_decl_line(0xca7)
    4292                      .dwattr $C$DW$377, DW_AT_decl_column(0x0c)
    4293              
    4294              $C$DW$378       .dwtag  DW_TAG_member
    4295                      .dwattr $C$DW$378, DW_AT_type(*$C$DW$T$19)
    4296                      .dwattr $C$DW$378, DW_AT_name("GPIO66")
    4297                      .dwattr $C$DW$378, DW_AT_bit_offset(0x0d)
    4298                      .dwattr $C$DW$378, DW_AT_bit_size(0x01)
    4299                      .dwattr $C$DW$378, DW_AT_accessibility(DW_ACCESS_public)
    4300                      .dwattr $C$DW$378, DW_AT_decl_file("/home/jose/ti/c2000/C2000Ware_26_01_00_00/device_support/f2837xd/
    4301                      .dwattr $C$DW$378, DW_AT_decl_line(0xca8)
    4302                      .dwattr $C$DW$378, DW_AT_decl_column(0x0c)
    4303              
    4304              $C$DW$379       .dwtag  DW_TAG_member
    4305                      .dwattr $C$DW$379, DW_AT_type(*$C$DW$T$19)
    4306                      .dwattr $C$DW$379, DW_AT_name("GPIO67")
    4307                      .dwattr $C$DW$379, DW_AT_bit_offset(0x0c)
    4308                      .dwattr $C$DW$379, DW_AT_bit_size(0x01)
    4309                      .dwattr $C$DW$379, DW_AT_accessibility(DW_ACCESS_public)
    4310                      .dwattr $C$DW$379, DW_AT_decl_file("/home/jose/ti/c2000/C2000Ware_26_01_00_00/device_support/f2837xd/
    4311                      .dwattr $C$DW$379, DW_AT_decl_line(0xca9)
    4312                      .dwattr $C$DW$379, DW_AT_decl_column(0x0c)
    4313              
    4314              $C$DW$380       .dwtag  DW_TAG_member
    4315                      .dwattr $C$DW$380, DW_AT_type(*$C$DW$T$19)
    4316                      .dwattr $C$DW$380, DW_AT_name("GPIO68")
    4317                      .dwattr $C$DW$380, DW_AT_bit_offset(0x0b)
    4318                      .dwattr $C$DW$380, DW_AT_bit_size(0x01)
    4319                      .dwattr $C$DW$380, DW_AT_accessibility(DW_ACCESS_public)
    4320                      .dwattr $C$DW$380, DW_AT_decl_file("/home/jose/ti/c2000/C2000Ware_26_01_00_00/device_support/f2837xd/
    4321                      .dwattr $C$DW$380, DW_AT_decl_line(0xcaa)
TMS320C2000 Assembler Unix v25.11.0 Sat May 30 20:22:51 2026

Copyright (c) 1996-2018 Texas Instruments Incorporated
hal_board.asm                                                        PAGE   80

    4322                      .dwattr $C$DW$380, DW_AT_decl_column(0x0c)
    4323              
    4324              $C$DW$381       .dwtag  DW_TAG_member
    4325                      .dwattr $C$DW$381, DW_AT_type(*$C$DW$T$19)
    4326                      .dwattr $C$DW$381, DW_AT_name("GPIO69")
    4327                      .dwattr $C$DW$381, DW_AT_bit_offset(0x0a)
    4328                      .dwattr $C$DW$381, DW_AT_bit_size(0x01)
    4329                      .dwattr $C$DW$381, DW_AT_accessibility(DW_ACCESS_public)
    4330                      .dwattr $C$DW$381, DW_AT_decl_file("/home/jose/ti/c2000/C2000Ware_26_01_00_00/device_support/f2837xd/
    4331                      .dwattr $C$DW$381, DW_AT_decl_line(0xcab)
    4332                      .dwattr $C$DW$381, DW_AT_decl_column(0x0c)
    4333              
    4334              $C$DW$382       .dwtag  DW_TAG_member
    4335                      .dwattr $C$DW$382, DW_AT_type(*$C$DW$T$19)
    4336                      .dwattr $C$DW$382, DW_AT_name("GPIO70")
    4337                      .dwattr $C$DW$382, DW_AT_bit_offset(0x09)
    4338                      .dwattr $C$DW$382, DW_AT_bit_size(0x01)
    4339                      .dwattr $C$DW$382, DW_AT_accessibility(DW_ACCESS_public)
    4340                      .dwattr $C$DW$382, DW_AT_decl_file("/home/jose/ti/c2000/C2000Ware_26_01_00_00/device_support/f2837xd/
    4341                      .dwattr $C$DW$382, DW_AT_decl_line(0xcac)
    4342                      .dwattr $C$DW$382, DW_AT_decl_column(0x0c)
    4343              
    4344              $C$DW$383       .dwtag  DW_TAG_member
    4345                      .dwattr $C$DW$383, DW_AT_type(*$C$DW$T$19)
    4346                      .dwattr $C$DW$383, DW_AT_name("GPIO71")
    4347                      .dwattr $C$DW$383, DW_AT_bit_offset(0x08)
    4348                      .dwattr $C$DW$383, DW_AT_bit_size(0x01)
    4349                      .dwattr $C$DW$383, DW_AT_accessibility(DW_ACCESS_public)
    4350                      .dwattr $C$DW$383, DW_AT_decl_file("/home/jose/ti/c2000/C2000Ware_26_01_00_00/device_support/f2837xd/
    4351                      .dwattr $C$DW$383, DW_AT_decl_line(0xcad)
    4352                      .dwattr $C$DW$383, DW_AT_decl_column(0x0c)
    4353              
    4354              $C$DW$384       .dwtag  DW_TAG_member
    4355                      .dwattr $C$DW$384, DW_AT_type(*$C$DW$T$19)
    4356                      .dwattr $C$DW$384, DW_AT_name("GPIO72")
    4357                      .dwattr $C$DW$384, DW_AT_bit_offset(0x07)
    4358                      .dwattr $C$DW$384, DW_AT_bit_size(0x01)
    4359                      .dwattr $C$DW$384, DW_AT_accessibility(DW_ACCESS_public)
    4360                      .dwattr $C$DW$384, DW_AT_decl_file("/home/jose/ti/c2000/C2000Ware_26_01_00_00/device_support/f2837xd/
    4361                      .dwattr $C$DW$384, DW_AT_decl_line(0xcae)
    4362                      .dwattr $C$DW$384, DW_AT_decl_column(0x0c)
    4363              
    4364              $C$DW$385       .dwtag  DW_TAG_member
    4365                      .dwattr $C$DW$385, DW_AT_type(*$C$DW$T$19)
    4366                      .dwattr $C$DW$385, DW_AT_name("GPIO73")
    4367                      .dwattr $C$DW$385, DW_AT_bit_offset(0x06)
    4368                      .dwattr $C$DW$385, DW_AT_bit_size(0x01)
    4369                      .dwattr $C$DW$385, DW_AT_accessibility(DW_ACCESS_public)
    4370                      .dwattr $C$DW$385, DW_AT_decl_file("/home/jose/ti/c2000/C2000Ware_26_01_00_00/device_support/f2837xd/
    4371                      .dwattr $C$DW$385, DW_AT_decl_line(0xcaf)
    4372                      .dwattr $C$DW$385, DW_AT_decl_column(0x0c)
    4373              
    4374              $C$DW$386       .dwtag  DW_TAG_member
    4375                      .dwattr $C$DW$386, DW_AT_type(*$C$DW$T$19)
    4376                      .dwattr $C$DW$386, DW_AT_name("GPIO74")
TMS320C2000 Assembler Unix v25.11.0 Sat May 30 20:22:51 2026

Copyright (c) 1996-2018 Texas Instruments Incorporated
hal_board.asm                                                        PAGE   81

    4377                      .dwattr $C$DW$386, DW_AT_bit_offset(0x05)
    4378                      .dwattr $C$DW$386, DW_AT_bit_size(0x01)
    4379                      .dwattr $C$DW$386, DW_AT_accessibility(DW_ACCESS_public)
    4380                      .dwattr $C$DW$386, DW_AT_decl_file("/home/jose/ti/c2000/C2000Ware_26_01_00_00/device_support/f2837xd/
    4381                      .dwattr $C$DW$386, DW_AT_decl_line(0xcb0)
    4382                      .dwattr $C$DW$386, DW_AT_decl_column(0x0c)
    4383              
    4384              $C$DW$387       .dwtag  DW_TAG_member
    4385                      .dwattr $C$DW$387, DW_AT_type(*$C$DW$T$19)
    4386                      .dwattr $C$DW$387, DW_AT_name("GPIO75")
    4387                      .dwattr $C$DW$387, DW_AT_bit_offset(0x04)
    4388                      .dwattr $C$DW$387, DW_AT_bit_size(0x01)
    4389                      .dwattr $C$DW$387, DW_AT_accessibility(DW_ACCESS_public)
    4390                      .dwattr $C$DW$387, DW_AT_decl_file("/home/jose/ti/c2000/C2000Ware_26_01_00_00/device_support/f2837xd/
    4391                      .dwattr $C$DW$387, DW_AT_decl_line(0xcb1)
    4392                      .dwattr $C$DW$387, DW_AT_decl_column(0x0c)
    4393              
    4394              $C$DW$388       .dwtag  DW_TAG_member
    4395                      .dwattr $C$DW$388, DW_AT_type(*$C$DW$T$19)
    4396                      .dwattr $C$DW$388, DW_AT_name("GPIO76")
    4397                      .dwattr $C$DW$388, DW_AT_bit_offset(0x03)
    4398                      .dwattr $C$DW$388, DW_AT_bit_size(0x01)
    4399                      .dwattr $C$DW$388, DW_AT_accessibility(DW_ACCESS_public)
    4400                      .dwattr $C$DW$388, DW_AT_decl_file("/home/jose/ti/c2000/C2000Ware_26_01_00_00/device_support/f2837xd/
    4401                      .dwattr $C$DW$388, DW_AT_decl_line(0xcb2)
    4402                      .dwattr $C$DW$388, DW_AT_decl_column(0x0c)
    4403              
    4404              $C$DW$389       .dwtag  DW_TAG_member
    4405                      .dwattr $C$DW$389, DW_AT_type(*$C$DW$T$19)
    4406                      .dwattr $C$DW$389, DW_AT_name("GPIO77")
    4407                      .dwattr $C$DW$389, DW_AT_bit_offset(0x02)
    4408                      .dwattr $C$DW$389, DW_AT_bit_size(0x01)
    4409                      .dwattr $C$DW$389, DW_AT_accessibility(DW_ACCESS_public)
    4410                      .dwattr $C$DW$389, DW_AT_decl_file("/home/jose/ti/c2000/C2000Ware_26_01_00_00/device_support/f2837xd/
    4411                      .dwattr $C$DW$389, DW_AT_decl_line(0xcb3)
    4412                      .dwattr $C$DW$389, DW_AT_decl_column(0x0c)
    4413              
    4414              $C$DW$390       .dwtag  DW_TAG_member
    4415                      .dwattr $C$DW$390, DW_AT_type(*$C$DW$T$19)
    4416                      .dwattr $C$DW$390, DW_AT_name("GPIO78")
    4417                      .dwattr $C$DW$390, DW_AT_bit_offset(0x01)
    4418                      .dwattr $C$DW$390, DW_AT_bit_size(0x01)
    4419                      .dwattr $C$DW$390, DW_AT_accessibility(DW_ACCESS_public)
    4420                      .dwattr $C$DW$390, DW_AT_decl_file("/home/jose/ti/c2000/C2000Ware_26_01_00_00/device_support/f2837xd/
    4421                      .dwattr $C$DW$390, DW_AT_decl_line(0xcb4)
    4422                      .dwattr $C$DW$390, DW_AT_decl_column(0x0c)
    4423              
    4424              $C$DW$391       .dwtag  DW_TAG_member
    4425                      .dwattr $C$DW$391, DW_AT_type(*$C$DW$T$19)
    4426                      .dwattr $C$DW$391, DW_AT_name("GPIO79")
    4427                      .dwattr $C$DW$391, DW_AT_bit_offset(0x00)
    4428                      .dwattr $C$DW$391, DW_AT_bit_size(0x01)
    4429                      .dwattr $C$DW$391, DW_AT_accessibility(DW_ACCESS_public)
    4430                      .dwattr $C$DW$391, DW_AT_decl_file("/home/jose/ti/c2000/C2000Ware_26_01_00_00/device_support/f2837xd/
    4431                      .dwattr $C$DW$391, DW_AT_decl_line(0xcb5)
TMS320C2000 Assembler Unix v25.11.0 Sat May 30 20:22:51 2026

Copyright (c) 1996-2018 Texas Instruments Incorporated
hal_board.asm                                                        PAGE   82

    4432                      .dwattr $C$DW$391, DW_AT_decl_column(0x0c)
    4433              
    4434              $C$DW$392       .dwtag  DW_TAG_member
    4435                      .dwattr $C$DW$392, DW_AT_type(*$C$DW$T$19)
    4436                      .dwattr $C$DW$392, DW_AT_name("GPIO80")
    4437                      .dwattr $C$DW$392, DW_AT_bit_offset(0x0f)
    4438                      .dwattr $C$DW$392, DW_AT_bit_size(0x01)
    4439                      .dwattr $C$DW$392, DW_AT_data_member_location[DW_OP_plus_uconst 0x1]
    4440                      .dwattr $C$DW$392, DW_AT_accessibility(DW_ACCESS_public)
    4441                      .dwattr $C$DW$392, DW_AT_decl_file("/home/jose/ti/c2000/C2000Ware_26_01_00_00/device_support/f2837xd/
    4442                      .dwattr $C$DW$392, DW_AT_decl_line(0xcb6)
    4443                      .dwattr $C$DW$392, DW_AT_decl_column(0x0c)
    4444              
    4445              $C$DW$393       .dwtag  DW_TAG_member
    4446                      .dwattr $C$DW$393, DW_AT_type(*$C$DW$T$19)
    4447                      .dwattr $C$DW$393, DW_AT_name("GPIO81")
    4448                      .dwattr $C$DW$393, DW_AT_bit_offset(0x0e)
    4449                      .dwattr $C$DW$393, DW_AT_bit_size(0x01)
    4450                      .dwattr $C$DW$393, DW_AT_data_member_location[DW_OP_plus_uconst 0x1]
    4451                      .dwattr $C$DW$393, DW_AT_accessibility(DW_ACCESS_public)
    4452                      .dwattr $C$DW$393, DW_AT_decl_file("/home/jose/ti/c2000/C2000Ware_26_01_00_00/device_support/f2837xd/
    4453                      .dwattr $C$DW$393, DW_AT_decl_line(0xcb7)
    4454                      .dwattr $C$DW$393, DW_AT_decl_column(0x0c)
    4455              
    4456              $C$DW$394       .dwtag  DW_TAG_member
    4457                      .dwattr $C$DW$394, DW_AT_type(*$C$DW$T$19)
    4458                      .dwattr $C$DW$394, DW_AT_name("GPIO82")
    4459                      .dwattr $C$DW$394, DW_AT_bit_offset(0x0d)
    4460                      .dwattr $C$DW$394, DW_AT_bit_size(0x01)
    4461                      .dwattr $C$DW$394, DW_AT_data_member_location[DW_OP_plus_uconst 0x1]
    4462                      .dwattr $C$DW$394, DW_AT_accessibility(DW_ACCESS_public)
    4463                      .dwattr $C$DW$394, DW_AT_decl_file("/home/jose/ti/c2000/C2000Ware_26_01_00_00/device_support/f2837xd/
    4464                      .dwattr $C$DW$394, DW_AT_decl_line(0xcb8)
    4465                      .dwattr $C$DW$394, DW_AT_decl_column(0x0c)
    4466              
    4467              $C$DW$395       .dwtag  DW_TAG_member
    4468                      .dwattr $C$DW$395, DW_AT_type(*$C$DW$T$19)
    4469                      .dwattr $C$DW$395, DW_AT_name("GPIO83")
    4470                      .dwattr $C$DW$395, DW_AT_bit_offset(0x0c)
    4471                      .dwattr $C$DW$395, DW_AT_bit_size(0x01)
    4472                      .dwattr $C$DW$395, DW_AT_data_member_location[DW_OP_plus_uconst 0x1]
    4473                      .dwattr $C$DW$395, DW_AT_accessibility(DW_ACCESS_public)
    4474                      .dwattr $C$DW$395, DW_AT_decl_file("/home/jose/ti/c2000/C2000Ware_26_01_00_00/device_support/f2837xd/
    4475                      .dwattr $C$DW$395, DW_AT_decl_line(0xcb9)
    4476                      .dwattr $C$DW$395, DW_AT_decl_column(0x0c)
    4477              
    4478              $C$DW$396       .dwtag  DW_TAG_member
    4479                      .dwattr $C$DW$396, DW_AT_type(*$C$DW$T$19)
    4480                      .dwattr $C$DW$396, DW_AT_name("GPIO84")
    4481                      .dwattr $C$DW$396, DW_AT_bit_offset(0x0b)
    4482                      .dwattr $C$DW$396, DW_AT_bit_size(0x01)
    4483                      .dwattr $C$DW$396, DW_AT_data_member_location[DW_OP_plus_uconst 0x1]
    4484                      .dwattr $C$DW$396, DW_AT_accessibility(DW_ACCESS_public)
    4485                      .dwattr $C$DW$396, DW_AT_decl_file("/home/jose/ti/c2000/C2000Ware_26_01_00_00/device_support/f2837xd/
    4486                      .dwattr $C$DW$396, DW_AT_decl_line(0xcba)
TMS320C2000 Assembler Unix v25.11.0 Sat May 30 20:22:51 2026

Copyright (c) 1996-2018 Texas Instruments Incorporated
hal_board.asm                                                        PAGE   83

    4487                      .dwattr $C$DW$396, DW_AT_decl_column(0x0c)
    4488              
    4489              $C$DW$397       .dwtag  DW_TAG_member
    4490                      .dwattr $C$DW$397, DW_AT_type(*$C$DW$T$19)
    4491                      .dwattr $C$DW$397, DW_AT_name("GPIO85")
    4492                      .dwattr $C$DW$397, DW_AT_bit_offset(0x0a)
    4493                      .dwattr $C$DW$397, DW_AT_bit_size(0x01)
    4494                      .dwattr $C$DW$397, DW_AT_data_member_location[DW_OP_plus_uconst 0x1]
    4495                      .dwattr $C$DW$397, DW_AT_accessibility(DW_ACCESS_public)
    4496                      .dwattr $C$DW$397, DW_AT_decl_file("/home/jose/ti/c2000/C2000Ware_26_01_00_00/device_support/f2837xd/
    4497                      .dwattr $C$DW$397, DW_AT_decl_line(0xcbb)
    4498                      .dwattr $C$DW$397, DW_AT_decl_column(0x0c)
    4499              
    4500              $C$DW$398       .dwtag  DW_TAG_member
    4501                      .dwattr $C$DW$398, DW_AT_type(*$C$DW$T$19)
    4502                      .dwattr $C$DW$398, DW_AT_name("GPIO86")
    4503                      .dwattr $C$DW$398, DW_AT_bit_offset(0x09)
    4504                      .dwattr $C$DW$398, DW_AT_bit_size(0x01)
    4505                      .dwattr $C$DW$398, DW_AT_data_member_location[DW_OP_plus_uconst 0x1]
    4506                      .dwattr $C$DW$398, DW_AT_accessibility(DW_ACCESS_public)
    4507                      .dwattr $C$DW$398, DW_AT_decl_file("/home/jose/ti/c2000/C2000Ware_26_01_00_00/device_support/f2837xd/
    4508                      .dwattr $C$DW$398, DW_AT_decl_line(0xcbc)
    4509                      .dwattr $C$DW$398, DW_AT_decl_column(0x0c)
    4510              
    4511              $C$DW$399       .dwtag  DW_TAG_member
    4512                      .dwattr $C$DW$399, DW_AT_type(*$C$DW$T$19)
    4513                      .dwattr $C$DW$399, DW_AT_name("GPIO87")
    4514                      .dwattr $C$DW$399, DW_AT_bit_offset(0x08)
    4515                      .dwattr $C$DW$399, DW_AT_bit_size(0x01)
    4516                      .dwattr $C$DW$399, DW_AT_data_member_location[DW_OP_plus_uconst 0x1]
    4517                      .dwattr $C$DW$399, DW_AT_accessibility(DW_ACCESS_public)
    4518                      .dwattr $C$DW$399, DW_AT_decl_file("/home/jose/ti/c2000/C2000Ware_26_01_00_00/device_support/f2837xd/
    4519                      .dwattr $C$DW$399, DW_AT_decl_line(0xcbd)
    4520                      .dwattr $C$DW$399, DW_AT_decl_column(0x0c)
    4521              
    4522              $C$DW$400       .dwtag  DW_TAG_member
    4523                      .dwattr $C$DW$400, DW_AT_type(*$C$DW$T$19)
    4524                      .dwattr $C$DW$400, DW_AT_name("GPIO88")
    4525                      .dwattr $C$DW$400, DW_AT_bit_offset(0x07)
    4526                      .dwattr $C$DW$400, DW_AT_bit_size(0x01)
    4527                      .dwattr $C$DW$400, DW_AT_data_member_location[DW_OP_plus_uconst 0x1]
    4528                      .dwattr $C$DW$400, DW_AT_accessibility(DW_ACCESS_public)
    4529                      .dwattr $C$DW$400, DW_AT_decl_file("/home/jose/ti/c2000/C2000Ware_26_01_00_00/device_support/f2837xd/
    4530                      .dwattr $C$DW$400, DW_AT_decl_line(0xcbe)
    4531                      .dwattr $C$DW$400, DW_AT_decl_column(0x0c)
    4532              
    4533              $C$DW$401       .dwtag  DW_TAG_member
    4534                      .dwattr $C$DW$401, DW_AT_type(*$C$DW$T$19)
    4535                      .dwattr $C$DW$401, DW_AT_name("GPIO89")
    4536                      .dwattr $C$DW$401, DW_AT_bit_offset(0x06)
    4537                      .dwattr $C$DW$401, DW_AT_bit_size(0x01)
    4538                      .dwattr $C$DW$401, DW_AT_data_member_location[DW_OP_plus_uconst 0x1]
    4539                      .dwattr $C$DW$401, DW_AT_accessibility(DW_ACCESS_public)
    4540                      .dwattr $C$DW$401, DW_AT_decl_file("/home/jose/ti/c2000/C2000Ware_26_01_00_00/device_support/f2837xd/
    4541                      .dwattr $C$DW$401, DW_AT_decl_line(0xcbf)
TMS320C2000 Assembler Unix v25.11.0 Sat May 30 20:22:51 2026

Copyright (c) 1996-2018 Texas Instruments Incorporated
hal_board.asm                                                        PAGE   84

    4542                      .dwattr $C$DW$401, DW_AT_decl_column(0x0c)
    4543              
    4544              $C$DW$402       .dwtag  DW_TAG_member
    4545                      .dwattr $C$DW$402, DW_AT_type(*$C$DW$T$19)
    4546                      .dwattr $C$DW$402, DW_AT_name("GPIO90")
    4547                      .dwattr $C$DW$402, DW_AT_bit_offset(0x05)
    4548                      .dwattr $C$DW$402, DW_AT_bit_size(0x01)
    4549                      .dwattr $C$DW$402, DW_AT_data_member_location[DW_OP_plus_uconst 0x1]
    4550                      .dwattr $C$DW$402, DW_AT_accessibility(DW_ACCESS_public)
    4551                      .dwattr $C$DW$402, DW_AT_decl_file("/home/jose/ti/c2000/C2000Ware_26_01_00_00/device_support/f2837xd/
    4552                      .dwattr $C$DW$402, DW_AT_decl_line(0xcc0)
    4553                      .dwattr $C$DW$402, DW_AT_decl_column(0x0c)
    4554              
    4555              $C$DW$403       .dwtag  DW_TAG_member
    4556                      .dwattr $C$DW$403, DW_AT_type(*$C$DW$T$19)
    4557                      .dwattr $C$DW$403, DW_AT_name("GPIO91")
    4558                      .dwattr $C$DW$403, DW_AT_bit_offset(0x04)
    4559                      .dwattr $C$DW$403, DW_AT_bit_size(0x01)
    4560                      .dwattr $C$DW$403, DW_AT_data_member_location[DW_OP_plus_uconst 0x1]
    4561                      .dwattr $C$DW$403, DW_AT_accessibility(DW_ACCESS_public)
    4562                      .dwattr $C$DW$403, DW_AT_decl_file("/home/jose/ti/c2000/C2000Ware_26_01_00_00/device_support/f2837xd/
    4563                      .dwattr $C$DW$403, DW_AT_decl_line(0xcc1)
    4564                      .dwattr $C$DW$403, DW_AT_decl_column(0x0c)
    4565              
    4566              $C$DW$404       .dwtag  DW_TAG_member
    4567                      .dwattr $C$DW$404, DW_AT_type(*$C$DW$T$19)
    4568                      .dwattr $C$DW$404, DW_AT_name("GPIO92")
    4569                      .dwattr $C$DW$404, DW_AT_bit_offset(0x03)
    4570                      .dwattr $C$DW$404, DW_AT_bit_size(0x01)
    4571                      .dwattr $C$DW$404, DW_AT_data_member_location[DW_OP_plus_uconst 0x1]
    4572                      .dwattr $C$DW$404, DW_AT_accessibility(DW_ACCESS_public)
    4573                      .dwattr $C$DW$404, DW_AT_decl_file("/home/jose/ti/c2000/C2000Ware_26_01_00_00/device_support/f2837xd/
    4574                      .dwattr $C$DW$404, DW_AT_decl_line(0xcc2)
    4575                      .dwattr $C$DW$404, DW_AT_decl_column(0x0c)
    4576              
    4577              $C$DW$405       .dwtag  DW_TAG_member
    4578                      .dwattr $C$DW$405, DW_AT_type(*$C$DW$T$19)
    4579                      .dwattr $C$DW$405, DW_AT_name("GPIO93")
    4580                      .dwattr $C$DW$405, DW_AT_bit_offset(0x02)
    4581                      .dwattr $C$DW$405, DW_AT_bit_size(0x01)
    4582                      .dwattr $C$DW$405, DW_AT_data_member_location[DW_OP_plus_uconst 0x1]
    4583                      .dwattr $C$DW$405, DW_AT_accessibility(DW_ACCESS_public)
    4584                      .dwattr $C$DW$405, DW_AT_decl_file("/home/jose/ti/c2000/C2000Ware_26_01_00_00/device_support/f2837xd/
    4585                      .dwattr $C$DW$405, DW_AT_decl_line(0xcc3)
    4586                      .dwattr $C$DW$405, DW_AT_decl_column(0x0c)
    4587              
    4588              $C$DW$406       .dwtag  DW_TAG_member
    4589                      .dwattr $C$DW$406, DW_AT_type(*$C$DW$T$19)
    4590                      .dwattr $C$DW$406, DW_AT_name("GPIO94")
    4591                      .dwattr $C$DW$406, DW_AT_bit_offset(0x01)
    4592                      .dwattr $C$DW$406, DW_AT_bit_size(0x01)
    4593                      .dwattr $C$DW$406, DW_AT_data_member_location[DW_OP_plus_uconst 0x1]
    4594                      .dwattr $C$DW$406, DW_AT_accessibility(DW_ACCESS_public)
    4595                      .dwattr $C$DW$406, DW_AT_decl_file("/home/jose/ti/c2000/C2000Ware_26_01_00_00/device_support/f2837xd/
    4596                      .dwattr $C$DW$406, DW_AT_decl_line(0xcc4)
TMS320C2000 Assembler Unix v25.11.0 Sat May 30 20:22:51 2026

Copyright (c) 1996-2018 Texas Instruments Incorporated
hal_board.asm                                                        PAGE   85

    4597                      .dwattr $C$DW$406, DW_AT_decl_column(0x0c)
    4598              
    4599              $C$DW$407       .dwtag  DW_TAG_member
    4600                      .dwattr $C$DW$407, DW_AT_type(*$C$DW$T$19)
    4601                      .dwattr $C$DW$407, DW_AT_name("GPIO95")
    4602                      .dwattr $C$DW$407, DW_AT_bit_offset(0x00)
    4603                      .dwattr $C$DW$407, DW_AT_bit_size(0x01)
    4604                      .dwattr $C$DW$407, DW_AT_data_member_location[DW_OP_plus_uconst 0x1]
    4605                      .dwattr $C$DW$407, DW_AT_accessibility(DW_ACCESS_public)
    4606                      .dwattr $C$DW$407, DW_AT_decl_file("/home/jose/ti/c2000/C2000Ware_26_01_00_00/device_support/f2837xd/
    4607                      .dwattr $C$DW$407, DW_AT_decl_line(0xcc5)
    4608                      .dwattr $C$DW$407, DW_AT_decl_column(0x0c)
    4609              
    4610                      .dwattr $C$DW$T$41, DW_AT_decl_file("/home/jose/ti/c2000/C2000Ware_26_01_00_00/device_support/f2837xd
    4611                      .dwattr $C$DW$T$41, DW_AT_decl_line(0xca5)
    4612                      .dwattr $C$DW$T$41, DW_AT_decl_column(0x08)
    4613                      .dwendtag $C$DW$T$41
    4614              
    4615                      .dwendtag $C$DW$TU$41
    4616              
    4617              
    4618              $C$DW$TU$42     .dwtag  DW_TAG_type_unit
    4619                      .dwmtype  $C$DW$T$42
    4620              
    4621              $C$DW$T$42      .dwtag  DW_TAG_union_type
    4622                      .dwattr $C$DW$T$42, DW_AT_name("GPCSET_REG")
    4623                      .dwattr $C$DW$T$42, DW_AT_byte_size(0x02)
    4624              $C$DW$408       .dwtag  DW_TAG_member
    4625                      .dwattr $C$DW$408, DW_AT_type(*$C$DW$T$21)
    4626                      .dwattr $C$DW$408, DW_AT_name("all")
    4627                      .dwattr $C$DW$408, DW_AT_accessibility(DW_ACCESS_public)
    4628                      .dwattr $C$DW$408, DW_AT_decl_file("/home/jose/ti/c2000/C2000Ware_26_01_00_00/device_support/f2837xd/
    4629                      .dwattr $C$DW$408, DW_AT_decl_line(0xcc9)
    4630                      .dwattr $C$DW$408, DW_AT_decl_column(0x0d)
    4631              
    4632              $C$DW$409       .dwtag  DW_TAG_member
    4633                      .dwattr $C$DW$409, DW_AT_type(*$C$DW$T$41)
    4634                      .dwattr $C$DW$409, DW_AT_name("bit")
    4635                      .dwattr $C$DW$409, DW_AT_accessibility(DW_ACCESS_public)
    4636                      .dwattr $C$DW$409, DW_AT_decl_file("/home/jose/ti/c2000/C2000Ware_26_01_00_00/device_support/f2837xd/
    4637                      .dwattr $C$DW$409, DW_AT_decl_line(0xcca)
    4638                      .dwattr $C$DW$409, DW_AT_decl_column(0x1a)
    4639              
    4640                      .dwattr $C$DW$T$42, DW_AT_decl_file("/home/jose/ti/c2000/C2000Ware_26_01_00_00/device_support/f2837xd
    4641                      .dwattr $C$DW$T$42, DW_AT_decl_line(0xcc8)
    4642                      .dwattr $C$DW$T$42, DW_AT_decl_column(0x07)
    4643                      .dwendtag $C$DW$T$42
    4644              
    4645                      .dwendtag $C$DW$TU$42
    4646              
    4647              
    4648              $C$DW$TU$43     .dwtag  DW_TAG_type_unit
    4649                      .dwmtype  $C$DW$T$43
    4650              
    4651              $C$DW$T$43      .dwtag  DW_TAG_structure_type
TMS320C2000 Assembler Unix v25.11.0 Sat May 30 20:22:51 2026

Copyright (c) 1996-2018 Texas Instruments Incorporated
hal_board.asm                                                        PAGE   86

    4652                      .dwattr $C$DW$T$43, DW_AT_name("GPCTOGGLE_BITS")
    4653                      .dwattr $C$DW$T$43, DW_AT_byte_size(0x02)
    4654              $C$DW$410       .dwtag  DW_TAG_member
    4655                      .dwattr $C$DW$410, DW_AT_type(*$C$DW$T$19)
    4656                      .dwattr $C$DW$410, DW_AT_name("GPIO64")
    4657                      .dwattr $C$DW$410, DW_AT_bit_offset(0x0f)
    4658                      .dwattr $C$DW$410, DW_AT_bit_size(0x01)
    4659                      .dwattr $C$DW$410, DW_AT_accessibility(DW_ACCESS_public)
    4660                      .dwattr $C$DW$410, DW_AT_decl_file("/home/jose/ti/c2000/C2000Ware_26_01_00_00/device_support/f2837xd/
    4661                      .dwattr $C$DW$410, DW_AT_decl_line(0xcf6)
    4662                      .dwattr $C$DW$410, DW_AT_decl_column(0x0c)
    4663              
    4664              $C$DW$411       .dwtag  DW_TAG_member
    4665                      .dwattr $C$DW$411, DW_AT_type(*$C$DW$T$19)
    4666                      .dwattr $C$DW$411, DW_AT_name("GPIO65")
    4667                      .dwattr $C$DW$411, DW_AT_bit_offset(0x0e)
    4668                      .dwattr $C$DW$411, DW_AT_bit_size(0x01)
    4669                      .dwattr $C$DW$411, DW_AT_accessibility(DW_ACCESS_public)
    4670                      .dwattr $C$DW$411, DW_AT_decl_file("/home/jose/ti/c2000/C2000Ware_26_01_00_00/device_support/f2837xd/
    4671                      .dwattr $C$DW$411, DW_AT_decl_line(0xcf7)
    4672                      .dwattr $C$DW$411, DW_AT_decl_column(0x0c)
    4673              
    4674              $C$DW$412       .dwtag  DW_TAG_member
    4675                      .dwattr $C$DW$412, DW_AT_type(*$C$DW$T$19)
    4676                      .dwattr $C$DW$412, DW_AT_name("GPIO66")
    4677                      .dwattr $C$DW$412, DW_AT_bit_offset(0x0d)
    4678                      .dwattr $C$DW$412, DW_AT_bit_size(0x01)
    4679                      .dwattr $C$DW$412, DW_AT_accessibility(DW_ACCESS_public)
    4680                      .dwattr $C$DW$412, DW_AT_decl_file("/home/jose/ti/c2000/C2000Ware_26_01_00_00/device_support/f2837xd/
    4681                      .dwattr $C$DW$412, DW_AT_decl_line(0xcf8)
    4682                      .dwattr $C$DW$412, DW_AT_decl_column(0x0c)
    4683              
    4684              $C$DW$413       .dwtag  DW_TAG_member
    4685                      .dwattr $C$DW$413, DW_AT_type(*$C$DW$T$19)
    4686                      .dwattr $C$DW$413, DW_AT_name("GPIO67")
    4687                      .dwattr $C$DW$413, DW_AT_bit_offset(0x0c)
    4688                      .dwattr $C$DW$413, DW_AT_bit_size(0x01)
    4689                      .dwattr $C$DW$413, DW_AT_accessibility(DW_ACCESS_public)
    4690                      .dwattr $C$DW$413, DW_AT_decl_file("/home/jose/ti/c2000/C2000Ware_26_01_00_00/device_support/f2837xd/
    4691                      .dwattr $C$DW$413, DW_AT_decl_line(0xcf9)
    4692                      .dwattr $C$DW$413, DW_AT_decl_column(0x0c)
    4693              
    4694              $C$DW$414       .dwtag  DW_TAG_member
    4695                      .dwattr $C$DW$414, DW_AT_type(*$C$DW$T$19)
    4696                      .dwattr $C$DW$414, DW_AT_name("GPIO68")
    4697                      .dwattr $C$DW$414, DW_AT_bit_offset(0x0b)
    4698                      .dwattr $C$DW$414, DW_AT_bit_size(0x01)
    4699                      .dwattr $C$DW$414, DW_AT_accessibility(DW_ACCESS_public)
    4700                      .dwattr $C$DW$414, DW_AT_decl_file("/home/jose/ti/c2000/C2000Ware_26_01_00_00/device_support/f2837xd/
    4701                      .dwattr $C$DW$414, DW_AT_decl_line(0xcfa)
    4702                      .dwattr $C$DW$414, DW_AT_decl_column(0x0c)
    4703              
    4704              $C$DW$415       .dwtag  DW_TAG_member
    4705                      .dwattr $C$DW$415, DW_AT_type(*$C$DW$T$19)
    4706                      .dwattr $C$DW$415, DW_AT_name("GPIO69")
TMS320C2000 Assembler Unix v25.11.0 Sat May 30 20:22:51 2026

Copyright (c) 1996-2018 Texas Instruments Incorporated
hal_board.asm                                                        PAGE   87

    4707                      .dwattr $C$DW$415, DW_AT_bit_offset(0x0a)
    4708                      .dwattr $C$DW$415, DW_AT_bit_size(0x01)
    4709                      .dwattr $C$DW$415, DW_AT_accessibility(DW_ACCESS_public)
    4710                      .dwattr $C$DW$415, DW_AT_decl_file("/home/jose/ti/c2000/C2000Ware_26_01_00_00/device_support/f2837xd/
    4711                      .dwattr $C$DW$415, DW_AT_decl_line(0xcfb)
    4712                      .dwattr $C$DW$415, DW_AT_decl_column(0x0c)
    4713              
    4714              $C$DW$416       .dwtag  DW_TAG_member
    4715                      .dwattr $C$DW$416, DW_AT_type(*$C$DW$T$19)
    4716                      .dwattr $C$DW$416, DW_AT_name("GPIO70")
    4717                      .dwattr $C$DW$416, DW_AT_bit_offset(0x09)
    4718                      .dwattr $C$DW$416, DW_AT_bit_size(0x01)
    4719                      .dwattr $C$DW$416, DW_AT_accessibility(DW_ACCESS_public)
    4720                      .dwattr $C$DW$416, DW_AT_decl_file("/home/jose/ti/c2000/C2000Ware_26_01_00_00/device_support/f2837xd/
    4721                      .dwattr $C$DW$416, DW_AT_decl_line(0xcfc)
    4722                      .dwattr $C$DW$416, DW_AT_decl_column(0x0c)
    4723              
    4724              $C$DW$417       .dwtag  DW_TAG_member
    4725                      .dwattr $C$DW$417, DW_AT_type(*$C$DW$T$19)
    4726                      .dwattr $C$DW$417, DW_AT_name("GPIO71")
    4727                      .dwattr $C$DW$417, DW_AT_bit_offset(0x08)
    4728                      .dwattr $C$DW$417, DW_AT_bit_size(0x01)
    4729                      .dwattr $C$DW$417, DW_AT_accessibility(DW_ACCESS_public)
    4730                      .dwattr $C$DW$417, DW_AT_decl_file("/home/jose/ti/c2000/C2000Ware_26_01_00_00/device_support/f2837xd/
    4731                      .dwattr $C$DW$417, DW_AT_decl_line(0xcfd)
    4732                      .dwattr $C$DW$417, DW_AT_decl_column(0x0c)
    4733              
    4734              $C$DW$418       .dwtag  DW_TAG_member
    4735                      .dwattr $C$DW$418, DW_AT_type(*$C$DW$T$19)
    4736                      .dwattr $C$DW$418, DW_AT_name("GPIO72")
    4737                      .dwattr $C$DW$418, DW_AT_bit_offset(0x07)
    4738                      .dwattr $C$DW$418, DW_AT_bit_size(0x01)
    4739                      .dwattr $C$DW$418, DW_AT_accessibility(DW_ACCESS_public)
    4740                      .dwattr $C$DW$418, DW_AT_decl_file("/home/jose/ti/c2000/C2000Ware_26_01_00_00/device_support/f2837xd/
    4741                      .dwattr $C$DW$418, DW_AT_decl_line(0xcfe)
    4742                      .dwattr $C$DW$418, DW_AT_decl_column(0x0c)
    4743              
    4744              $C$DW$419       .dwtag  DW_TAG_member
    4745                      .dwattr $C$DW$419, DW_AT_type(*$C$DW$T$19)
    4746                      .dwattr $C$DW$419, DW_AT_name("GPIO73")
    4747                      .dwattr $C$DW$419, DW_AT_bit_offset(0x06)
    4748                      .dwattr $C$DW$419, DW_AT_bit_size(0x01)
    4749                      .dwattr $C$DW$419, DW_AT_accessibility(DW_ACCESS_public)
    4750                      .dwattr $C$DW$419, DW_AT_decl_file("/home/jose/ti/c2000/C2000Ware_26_01_00_00/device_support/f2837xd/
    4751                      .dwattr $C$DW$419, DW_AT_decl_line(0xcff)
    4752                      .dwattr $C$DW$419, DW_AT_decl_column(0x0c)
    4753              
    4754              $C$DW$420       .dwtag  DW_TAG_member
    4755                      .dwattr $C$DW$420, DW_AT_type(*$C$DW$T$19)
    4756                      .dwattr $C$DW$420, DW_AT_name("GPIO74")
    4757                      .dwattr $C$DW$420, DW_AT_bit_offset(0x05)
    4758                      .dwattr $C$DW$420, DW_AT_bit_size(0x01)
    4759                      .dwattr $C$DW$420, DW_AT_accessibility(DW_ACCESS_public)
    4760                      .dwattr $C$DW$420, DW_AT_decl_file("/home/jose/ti/c2000/C2000Ware_26_01_00_00/device_support/f2837xd/
    4761                      .dwattr $C$DW$420, DW_AT_decl_line(0xd00)
TMS320C2000 Assembler Unix v25.11.0 Sat May 30 20:22:51 2026

Copyright (c) 1996-2018 Texas Instruments Incorporated
hal_board.asm                                                        PAGE   88

    4762                      .dwattr $C$DW$420, DW_AT_decl_column(0x0c)
    4763              
    4764              $C$DW$421       .dwtag  DW_TAG_member
    4765                      .dwattr $C$DW$421, DW_AT_type(*$C$DW$T$19)
    4766                      .dwattr $C$DW$421, DW_AT_name("GPIO75")
    4767                      .dwattr $C$DW$421, DW_AT_bit_offset(0x04)
    4768                      .dwattr $C$DW$421, DW_AT_bit_size(0x01)
    4769                      .dwattr $C$DW$421, DW_AT_accessibility(DW_ACCESS_public)
    4770                      .dwattr $C$DW$421, DW_AT_decl_file("/home/jose/ti/c2000/C2000Ware_26_01_00_00/device_support/f2837xd/
    4771                      .dwattr $C$DW$421, DW_AT_decl_line(0xd01)
    4772                      .dwattr $C$DW$421, DW_AT_decl_column(0x0c)
    4773              
    4774              $C$DW$422       .dwtag  DW_TAG_member
    4775                      .dwattr $C$DW$422, DW_AT_type(*$C$DW$T$19)
    4776                      .dwattr $C$DW$422, DW_AT_name("GPIO76")
    4777                      .dwattr $C$DW$422, DW_AT_bit_offset(0x03)
    4778                      .dwattr $C$DW$422, DW_AT_bit_size(0x01)
    4779                      .dwattr $C$DW$422, DW_AT_accessibility(DW_ACCESS_public)
    4780                      .dwattr $C$DW$422, DW_AT_decl_file("/home/jose/ti/c2000/C2000Ware_26_01_00_00/device_support/f2837xd/
    4781                      .dwattr $C$DW$422, DW_AT_decl_line(0xd02)
    4782                      .dwattr $C$DW$422, DW_AT_decl_column(0x0c)
    4783              
    4784              $C$DW$423       .dwtag  DW_TAG_member
    4785                      .dwattr $C$DW$423, DW_AT_type(*$C$DW$T$19)
    4786                      .dwattr $C$DW$423, DW_AT_name("GPIO77")
    4787                      .dwattr $C$DW$423, DW_AT_bit_offset(0x02)
    4788                      .dwattr $C$DW$423, DW_AT_bit_size(0x01)
    4789                      .dwattr $C$DW$423, DW_AT_accessibility(DW_ACCESS_public)
    4790                      .dwattr $C$DW$423, DW_AT_decl_file("/home/jose/ti/c2000/C2000Ware_26_01_00_00/device_support/f2837xd/
    4791                      .dwattr $C$DW$423, DW_AT_decl_line(0xd03)
    4792                      .dwattr $C$DW$423, DW_AT_decl_column(0x0c)
    4793              
    4794              $C$DW$424       .dwtag  DW_TAG_member
    4795                      .dwattr $C$DW$424, DW_AT_type(*$C$DW$T$19)
    4796                      .dwattr $C$DW$424, DW_AT_name("GPIO78")
    4797                      .dwattr $C$DW$424, DW_AT_bit_offset(0x01)
    4798                      .dwattr $C$DW$424, DW_AT_bit_size(0x01)
    4799                      .dwattr $C$DW$424, DW_AT_accessibility(DW_ACCESS_public)
    4800                      .dwattr $C$DW$424, DW_AT_decl_file("/home/jose/ti/c2000/C2000Ware_26_01_00_00/device_support/f2837xd/
    4801                      .dwattr $C$DW$424, DW_AT_decl_line(0xd04)
    4802                      .dwattr $C$DW$424, DW_AT_decl_column(0x0c)
    4803              
    4804              $C$DW$425       .dwtag  DW_TAG_member
    4805                      .dwattr $C$DW$425, DW_AT_type(*$C$DW$T$19)
    4806                      .dwattr $C$DW$425, DW_AT_name("GPIO79")
    4807                      .dwattr $C$DW$425, DW_AT_bit_offset(0x00)
    4808                      .dwattr $C$DW$425, DW_AT_bit_size(0x01)
    4809                      .dwattr $C$DW$425, DW_AT_accessibility(DW_ACCESS_public)
    4810                      .dwattr $C$DW$425, DW_AT_decl_file("/home/jose/ti/c2000/C2000Ware_26_01_00_00/device_support/f2837xd/
    4811                      .dwattr $C$DW$425, DW_AT_decl_line(0xd05)
    4812                      .dwattr $C$DW$425, DW_AT_decl_column(0x0c)
    4813              
    4814              $C$DW$426       .dwtag  DW_TAG_member
    4815                      .dwattr $C$DW$426, DW_AT_type(*$C$DW$T$19)
    4816                      .dwattr $C$DW$426, DW_AT_name("GPIO80")
TMS320C2000 Assembler Unix v25.11.0 Sat May 30 20:22:51 2026

Copyright (c) 1996-2018 Texas Instruments Incorporated
hal_board.asm                                                        PAGE   89

    4817                      .dwattr $C$DW$426, DW_AT_bit_offset(0x0f)
    4818                      .dwattr $C$DW$426, DW_AT_bit_size(0x01)
    4819                      .dwattr $C$DW$426, DW_AT_data_member_location[DW_OP_plus_uconst 0x1]
    4820                      .dwattr $C$DW$426, DW_AT_accessibility(DW_ACCESS_public)
    4821                      .dwattr $C$DW$426, DW_AT_decl_file("/home/jose/ti/c2000/C2000Ware_26_01_00_00/device_support/f2837xd/
    4822                      .dwattr $C$DW$426, DW_AT_decl_line(0xd06)
    4823                      .dwattr $C$DW$426, DW_AT_decl_column(0x0c)
    4824              
    4825              $C$DW$427       .dwtag  DW_TAG_member
    4826                      .dwattr $C$DW$427, DW_AT_type(*$C$DW$T$19)
    4827                      .dwattr $C$DW$427, DW_AT_name("GPIO81")
    4828                      .dwattr $C$DW$427, DW_AT_bit_offset(0x0e)
    4829                      .dwattr $C$DW$427, DW_AT_bit_size(0x01)
    4830                      .dwattr $C$DW$427, DW_AT_data_member_location[DW_OP_plus_uconst 0x1]
    4831                      .dwattr $C$DW$427, DW_AT_accessibility(DW_ACCESS_public)
    4832                      .dwattr $C$DW$427, DW_AT_decl_file("/home/jose/ti/c2000/C2000Ware_26_01_00_00/device_support/f2837xd/
    4833                      .dwattr $C$DW$427, DW_AT_decl_line(0xd07)
    4834                      .dwattr $C$DW$427, DW_AT_decl_column(0x0c)
    4835              
    4836              $C$DW$428       .dwtag  DW_TAG_member
    4837                      .dwattr $C$DW$428, DW_AT_type(*$C$DW$T$19)
    4838                      .dwattr $C$DW$428, DW_AT_name("GPIO82")
    4839                      .dwattr $C$DW$428, DW_AT_bit_offset(0x0d)
    4840                      .dwattr $C$DW$428, DW_AT_bit_size(0x01)
    4841                      .dwattr $C$DW$428, DW_AT_data_member_location[DW_OP_plus_uconst 0x1]
    4842                      .dwattr $C$DW$428, DW_AT_accessibility(DW_ACCESS_public)
    4843                      .dwattr $C$DW$428, DW_AT_decl_file("/home/jose/ti/c2000/C2000Ware_26_01_00_00/device_support/f2837xd/
    4844                      .dwattr $C$DW$428, DW_AT_decl_line(0xd08)
    4845                      .dwattr $C$DW$428, DW_AT_decl_column(0x0c)
    4846              
    4847              $C$DW$429       .dwtag  DW_TAG_member
    4848                      .dwattr $C$DW$429, DW_AT_type(*$C$DW$T$19)
    4849                      .dwattr $C$DW$429, DW_AT_name("GPIO83")
    4850                      .dwattr $C$DW$429, DW_AT_bit_offset(0x0c)
    4851                      .dwattr $C$DW$429, DW_AT_bit_size(0x01)
    4852                      .dwattr $C$DW$429, DW_AT_data_member_location[DW_OP_plus_uconst 0x1]
    4853                      .dwattr $C$DW$429, DW_AT_accessibility(DW_ACCESS_public)
    4854                      .dwattr $C$DW$429, DW_AT_decl_file("/home/jose/ti/c2000/C2000Ware_26_01_00_00/device_support/f2837xd/
    4855                      .dwattr $C$DW$429, DW_AT_decl_line(0xd09)
    4856                      .dwattr $C$DW$429, DW_AT_decl_column(0x0c)
    4857              
    4858              $C$DW$430       .dwtag  DW_TAG_member
    4859                      .dwattr $C$DW$430, DW_AT_type(*$C$DW$T$19)
    4860                      .dwattr $C$DW$430, DW_AT_name("GPIO84")
    4861                      .dwattr $C$DW$430, DW_AT_bit_offset(0x0b)
    4862                      .dwattr $C$DW$430, DW_AT_bit_size(0x01)
    4863                      .dwattr $C$DW$430, DW_AT_data_member_location[DW_OP_plus_uconst 0x1]
    4864                      .dwattr $C$DW$430, DW_AT_accessibility(DW_ACCESS_public)
    4865                      .dwattr $C$DW$430, DW_AT_decl_file("/home/jose/ti/c2000/C2000Ware_26_01_00_00/device_support/f2837xd/
    4866                      .dwattr $C$DW$430, DW_AT_decl_line(0xd0a)
    4867                      .dwattr $C$DW$430, DW_AT_decl_column(0x0c)
    4868              
    4869              $C$DW$431       .dwtag  DW_TAG_member
    4870                      .dwattr $C$DW$431, DW_AT_type(*$C$DW$T$19)
    4871                      .dwattr $C$DW$431, DW_AT_name("GPIO85")
TMS320C2000 Assembler Unix v25.11.0 Sat May 30 20:22:51 2026

Copyright (c) 1996-2018 Texas Instruments Incorporated
hal_board.asm                                                        PAGE   90

    4872                      .dwattr $C$DW$431, DW_AT_bit_offset(0x0a)
    4873                      .dwattr $C$DW$431, DW_AT_bit_size(0x01)
    4874                      .dwattr $C$DW$431, DW_AT_data_member_location[DW_OP_plus_uconst 0x1]
    4875                      .dwattr $C$DW$431, DW_AT_accessibility(DW_ACCESS_public)
    4876                      .dwattr $C$DW$431, DW_AT_decl_file("/home/jose/ti/c2000/C2000Ware_26_01_00_00/device_support/f2837xd/
    4877                      .dwattr $C$DW$431, DW_AT_decl_line(0xd0b)
    4878                      .dwattr $C$DW$431, DW_AT_decl_column(0x0c)
    4879              
    4880              $C$DW$432       .dwtag  DW_TAG_member
    4881                      .dwattr $C$DW$432, DW_AT_type(*$C$DW$T$19)
    4882                      .dwattr $C$DW$432, DW_AT_name("GPIO86")
    4883                      .dwattr $C$DW$432, DW_AT_bit_offset(0x09)
    4884                      .dwattr $C$DW$432, DW_AT_bit_size(0x01)
    4885                      .dwattr $C$DW$432, DW_AT_data_member_location[DW_OP_plus_uconst 0x1]
    4886                      .dwattr $C$DW$432, DW_AT_accessibility(DW_ACCESS_public)
    4887                      .dwattr $C$DW$432, DW_AT_decl_file("/home/jose/ti/c2000/C2000Ware_26_01_00_00/device_support/f2837xd/
    4888                      .dwattr $C$DW$432, DW_AT_decl_line(0xd0c)
    4889                      .dwattr $C$DW$432, DW_AT_decl_column(0x0c)
    4890              
    4891              $C$DW$433       .dwtag  DW_TAG_member
    4892                      .dwattr $C$DW$433, DW_AT_type(*$C$DW$T$19)
    4893                      .dwattr $C$DW$433, DW_AT_name("GPIO87")
    4894                      .dwattr $C$DW$433, DW_AT_bit_offset(0x08)
    4895                      .dwattr $C$DW$433, DW_AT_bit_size(0x01)
    4896                      .dwattr $C$DW$433, DW_AT_data_member_location[DW_OP_plus_uconst 0x1]
    4897                      .dwattr $C$DW$433, DW_AT_accessibility(DW_ACCESS_public)
    4898                      .dwattr $C$DW$433, DW_AT_decl_file("/home/jose/ti/c2000/C2000Ware_26_01_00_00/device_support/f2837xd/
    4899                      .dwattr $C$DW$433, DW_AT_decl_line(0xd0d)
    4900                      .dwattr $C$DW$433, DW_AT_decl_column(0x0c)
    4901              
    4902              $C$DW$434       .dwtag  DW_TAG_member
    4903                      .dwattr $C$DW$434, DW_AT_type(*$C$DW$T$19)
    4904                      .dwattr $C$DW$434, DW_AT_name("GPIO88")
    4905                      .dwattr $C$DW$434, DW_AT_bit_offset(0x07)
    4906                      .dwattr $C$DW$434, DW_AT_bit_size(0x01)
    4907                      .dwattr $C$DW$434, DW_AT_data_member_location[DW_OP_plus_uconst 0x1]
    4908                      .dwattr $C$DW$434, DW_AT_accessibility(DW_ACCESS_public)
    4909                      .dwattr $C$DW$434, DW_AT_decl_file("/home/jose/ti/c2000/C2000Ware_26_01_00_00/device_support/f2837xd/
    4910                      .dwattr $C$DW$434, DW_AT_decl_line(0xd0e)
    4911                      .dwattr $C$DW$434, DW_AT_decl_column(0x0c)
    4912              
    4913              $C$DW$435       .dwtag  DW_TAG_member
    4914                      .dwattr $C$DW$435, DW_AT_type(*$C$DW$T$19)
    4915                      .dwattr $C$DW$435, DW_AT_name("GPIO89")
    4916                      .dwattr $C$DW$435, DW_AT_bit_offset(0x06)
    4917                      .dwattr $C$DW$435, DW_AT_bit_size(0x01)
    4918                      .dwattr $C$DW$435, DW_AT_data_member_location[DW_OP_plus_uconst 0x1]
    4919                      .dwattr $C$DW$435, DW_AT_accessibility(DW_ACCESS_public)
    4920                      .dwattr $C$DW$435, DW_AT_decl_file("/home/jose/ti/c2000/C2000Ware_26_01_00_00/device_support/f2837xd/
    4921                      .dwattr $C$DW$435, DW_AT_decl_line(0xd0f)
    4922                      .dwattr $C$DW$435, DW_AT_decl_column(0x0c)
    4923              
    4924              $C$DW$436       .dwtag  DW_TAG_member
    4925                      .dwattr $C$DW$436, DW_AT_type(*$C$DW$T$19)
    4926                      .dwattr $C$DW$436, DW_AT_name("GPIO90")
TMS320C2000 Assembler Unix v25.11.0 Sat May 30 20:22:51 2026

Copyright (c) 1996-2018 Texas Instruments Incorporated
hal_board.asm                                                        PAGE   91

    4927                      .dwattr $C$DW$436, DW_AT_bit_offset(0x05)
    4928                      .dwattr $C$DW$436, DW_AT_bit_size(0x01)
    4929                      .dwattr $C$DW$436, DW_AT_data_member_location[DW_OP_plus_uconst 0x1]
    4930                      .dwattr $C$DW$436, DW_AT_accessibility(DW_ACCESS_public)
    4931                      .dwattr $C$DW$436, DW_AT_decl_file("/home/jose/ti/c2000/C2000Ware_26_01_00_00/device_support/f2837xd/
    4932                      .dwattr $C$DW$436, DW_AT_decl_line(0xd10)
    4933                      .dwattr $C$DW$436, DW_AT_decl_column(0x0c)
    4934              
    4935              $C$DW$437       .dwtag  DW_TAG_member
    4936                      .dwattr $C$DW$437, DW_AT_type(*$C$DW$T$19)
    4937                      .dwattr $C$DW$437, DW_AT_name("GPIO91")
    4938                      .dwattr $C$DW$437, DW_AT_bit_offset(0x04)
    4939                      .dwattr $C$DW$437, DW_AT_bit_size(0x01)
    4940                      .dwattr $C$DW$437, DW_AT_data_member_location[DW_OP_plus_uconst 0x1]
    4941                      .dwattr $C$DW$437, DW_AT_accessibility(DW_ACCESS_public)
    4942                      .dwattr $C$DW$437, DW_AT_decl_file("/home/jose/ti/c2000/C2000Ware_26_01_00_00/device_support/f2837xd/
    4943                      .dwattr $C$DW$437, DW_AT_decl_line(0xd11)
    4944                      .dwattr $C$DW$437, DW_AT_decl_column(0x0c)
    4945              
    4946              $C$DW$438       .dwtag  DW_TAG_member
    4947                      .dwattr $C$DW$438, DW_AT_type(*$C$DW$T$19)
    4948                      .dwattr $C$DW$438, DW_AT_name("GPIO92")
    4949                      .dwattr $C$DW$438, DW_AT_bit_offset(0x03)
    4950                      .dwattr $C$DW$438, DW_AT_bit_size(0x01)
    4951                      .dwattr $C$DW$438, DW_AT_data_member_location[DW_OP_plus_uconst 0x1]
    4952                      .dwattr $C$DW$438, DW_AT_accessibility(DW_ACCESS_public)
    4953                      .dwattr $C$DW$438, DW_AT_decl_file("/home/jose/ti/c2000/C2000Ware_26_01_00_00/device_support/f2837xd/
    4954                      .dwattr $C$DW$438, DW_AT_decl_line(0xd12)
    4955                      .dwattr $C$DW$438, DW_AT_decl_column(0x0c)
    4956              
    4957              $C$DW$439       .dwtag  DW_TAG_member
    4958                      .dwattr $C$DW$439, DW_AT_type(*$C$DW$T$19)
    4959                      .dwattr $C$DW$439, DW_AT_name("GPIO93")
    4960                      .dwattr $C$DW$439, DW_AT_bit_offset(0x02)
    4961                      .dwattr $C$DW$439, DW_AT_bit_size(0x01)
    4962                      .dwattr $C$DW$439, DW_AT_data_member_location[DW_OP_plus_uconst 0x1]
    4963                      .dwattr $C$DW$439, DW_AT_accessibility(DW_ACCESS_public)
    4964                      .dwattr $C$DW$439, DW_AT_decl_file("/home/jose/ti/c2000/C2000Ware_26_01_00_00/device_support/f2837xd/
    4965                      .dwattr $C$DW$439, DW_AT_decl_line(0xd13)
    4966                      .dwattr $C$DW$439, DW_AT_decl_column(0x0c)
    4967              
    4968              $C$DW$440       .dwtag  DW_TAG_member
    4969                      .dwattr $C$DW$440, DW_AT_type(*$C$DW$T$19)
    4970                      .dwattr $C$DW$440, DW_AT_name("GPIO94")
    4971                      .dwattr $C$DW$440, DW_AT_bit_offset(0x01)
    4972                      .dwattr $C$DW$440, DW_AT_bit_size(0x01)
    4973                      .dwattr $C$DW$440, DW_AT_data_member_location[DW_OP_plus_uconst 0x1]
    4974                      .dwattr $C$DW$440, DW_AT_accessibility(DW_ACCESS_public)
    4975                      .dwattr $C$DW$440, DW_AT_decl_file("/home/jose/ti/c2000/C2000Ware_26_01_00_00/device_support/f2837xd/
    4976                      .dwattr $C$DW$440, DW_AT_decl_line(0xd14)
    4977                      .dwattr $C$DW$440, DW_AT_decl_column(0x0c)
    4978              
    4979              $C$DW$441       .dwtag  DW_TAG_member
    4980                      .dwattr $C$DW$441, DW_AT_type(*$C$DW$T$19)
    4981                      .dwattr $C$DW$441, DW_AT_name("GPIO95")
TMS320C2000 Assembler Unix v25.11.0 Sat May 30 20:22:51 2026

Copyright (c) 1996-2018 Texas Instruments Incorporated
hal_board.asm                                                        PAGE   92

    4982                      .dwattr $C$DW$441, DW_AT_bit_offset(0x00)
    4983                      .dwattr $C$DW$441, DW_AT_bit_size(0x01)
    4984                      .dwattr $C$DW$441, DW_AT_data_member_location[DW_OP_plus_uconst 0x1]
    4985                      .dwattr $C$DW$441, DW_AT_accessibility(DW_ACCESS_public)
    4986                      .dwattr $C$DW$441, DW_AT_decl_file("/home/jose/ti/c2000/C2000Ware_26_01_00_00/device_support/f2837xd/
    4987                      .dwattr $C$DW$441, DW_AT_decl_line(0xd15)
    4988                      .dwattr $C$DW$441, DW_AT_decl_column(0x0c)
    4989              
    4990                      .dwattr $C$DW$T$43, DW_AT_decl_file("/home/jose/ti/c2000/C2000Ware_26_01_00_00/device_support/f2837xd
    4991                      .dwattr $C$DW$T$43, DW_AT_decl_line(0xcf5)
    4992                      .dwattr $C$DW$T$43, DW_AT_decl_column(0x08)
    4993                      .dwendtag $C$DW$T$43
    4994              
    4995                      .dwendtag $C$DW$TU$43
    4996              
    4997              
    4998              $C$DW$TU$44     .dwtag  DW_TAG_type_unit
    4999                      .dwmtype  $C$DW$T$44
    5000              
    5001              $C$DW$T$44      .dwtag  DW_TAG_union_type
    5002                      .dwattr $C$DW$T$44, DW_AT_name("GPCTOGGLE_REG")
    5003                      .dwattr $C$DW$T$44, DW_AT_byte_size(0x02)
    5004              $C$DW$442       .dwtag  DW_TAG_member
    5005                      .dwattr $C$DW$442, DW_AT_type(*$C$DW$T$21)
    5006                      .dwattr $C$DW$442, DW_AT_name("all")
    5007                      .dwattr $C$DW$442, DW_AT_accessibility(DW_ACCESS_public)
    5008                      .dwattr $C$DW$442, DW_AT_decl_file("/home/jose/ti/c2000/C2000Ware_26_01_00_00/device_support/f2837xd/
    5009                      .dwattr $C$DW$442, DW_AT_decl_line(0xd19)
    5010                      .dwattr $C$DW$442, DW_AT_decl_column(0x0d)
    5011              
    5012              $C$DW$443       .dwtag  DW_TAG_member
    5013                      .dwattr $C$DW$443, DW_AT_type(*$C$DW$T$43)
    5014                      .dwattr $C$DW$443, DW_AT_name("bit")
    5015                      .dwattr $C$DW$443, DW_AT_accessibility(DW_ACCESS_public)
    5016                      .dwattr $C$DW$443, DW_AT_decl_file("/home/jose/ti/c2000/C2000Ware_26_01_00_00/device_support/f2837xd/
    5017                      .dwattr $C$DW$443, DW_AT_decl_line(0xd1a)
    5018                      .dwattr $C$DW$443, DW_AT_decl_column(0x1d)
    5019              
    5020                      .dwattr $C$DW$T$44, DW_AT_decl_file("/home/jose/ti/c2000/C2000Ware_26_01_00_00/device_support/f2837xd
    5021                      .dwattr $C$DW$T$44, DW_AT_decl_line(0xd18)
    5022                      .dwattr $C$DW$T$44, DW_AT_decl_column(0x07)
    5023                      .dwendtag $C$DW$T$44
    5024              
    5025                      .dwendtag $C$DW$TU$44
    5026              
    5027              
    5028              $C$DW$TU$45     .dwtag  DW_TAG_type_unit
    5029                      .dwmtype  $C$DW$T$45
    5030              
    5031              $C$DW$T$45      .dwtag  DW_TAG_structure_type
    5032                      .dwattr $C$DW$T$45, DW_AT_name("GPDCLEAR_BITS")
    5033                      .dwattr $C$DW$T$45, DW_AT_byte_size(0x02)
    5034              $C$DW$444       .dwtag  DW_TAG_member
    5035                      .dwattr $C$DW$444, DW_AT_type(*$C$DW$T$19)
    5036                      .dwattr $C$DW$444, DW_AT_name("GPIO96")
TMS320C2000 Assembler Unix v25.11.0 Sat May 30 20:22:51 2026

Copyright (c) 1996-2018 Texas Instruments Incorporated
hal_board.asm                                                        PAGE   93

    5037                      .dwattr $C$DW$444, DW_AT_bit_offset(0x0f)
    5038                      .dwattr $C$DW$444, DW_AT_bit_size(0x01)
    5039                      .dwattr $C$DW$444, DW_AT_accessibility(DW_ACCESS_public)
    5040                      .dwattr $C$DW$444, DW_AT_decl_file("/home/jose/ti/c2000/C2000Ware_26_01_00_00/device_support/f2837xd/
    5041                      .dwattr $C$DW$444, DW_AT_decl_line(0xd6e)
    5042                      .dwattr $C$DW$444, DW_AT_decl_column(0x0c)
    5043              
    5044              $C$DW$445       .dwtag  DW_TAG_member
    5045                      .dwattr $C$DW$445, DW_AT_type(*$C$DW$T$19)
    5046                      .dwattr $C$DW$445, DW_AT_name("GPIO97")
    5047                      .dwattr $C$DW$445, DW_AT_bit_offset(0x0e)
    5048                      .dwattr $C$DW$445, DW_AT_bit_size(0x01)
    5049                      .dwattr $C$DW$445, DW_AT_accessibility(DW_ACCESS_public)
    5050                      .dwattr $C$DW$445, DW_AT_decl_file("/home/jose/ti/c2000/C2000Ware_26_01_00_00/device_support/f2837xd/
    5051                      .dwattr $C$DW$445, DW_AT_decl_line(0xd6f)
    5052                      .dwattr $C$DW$445, DW_AT_decl_column(0x0c)
    5053              
    5054              $C$DW$446       .dwtag  DW_TAG_member
    5055                      .dwattr $C$DW$446, DW_AT_type(*$C$DW$T$19)
    5056                      .dwattr $C$DW$446, DW_AT_name("GPIO98")
    5057                      .dwattr $C$DW$446, DW_AT_bit_offset(0x0d)
    5058                      .dwattr $C$DW$446, DW_AT_bit_size(0x01)
    5059                      .dwattr $C$DW$446, DW_AT_accessibility(DW_ACCESS_public)
    5060                      .dwattr $C$DW$446, DW_AT_decl_file("/home/jose/ti/c2000/C2000Ware_26_01_00_00/device_support/f2837xd/
    5061                      .dwattr $C$DW$446, DW_AT_decl_line(0xd70)
    5062                      .dwattr $C$DW$446, DW_AT_decl_column(0x0c)
    5063              
    5064              $C$DW$447       .dwtag  DW_TAG_member
    5065                      .dwattr $C$DW$447, DW_AT_type(*$C$DW$T$19)
    5066                      .dwattr $C$DW$447, DW_AT_name("GPIO99")
    5067                      .dwattr $C$DW$447, DW_AT_bit_offset(0x0c)
    5068                      .dwattr $C$DW$447, DW_AT_bit_size(0x01)
    5069                      .dwattr $C$DW$447, DW_AT_accessibility(DW_ACCESS_public)
    5070                      .dwattr $C$DW$447, DW_AT_decl_file("/home/jose/ti/c2000/C2000Ware_26_01_00_00/device_support/f2837xd/
    5071                      .dwattr $C$DW$447, DW_AT_decl_line(0xd71)
    5072                      .dwattr $C$DW$447, DW_AT_decl_column(0x0c)
    5073              
    5074              $C$DW$448       .dwtag  DW_TAG_member
    5075                      .dwattr $C$DW$448, DW_AT_type(*$C$DW$T$19)
    5076                      .dwattr $C$DW$448, DW_AT_name("GPIO100")
    5077                      .dwattr $C$DW$448, DW_AT_bit_offset(0x0b)
    5078                      .dwattr $C$DW$448, DW_AT_bit_size(0x01)
    5079                      .dwattr $C$DW$448, DW_AT_accessibility(DW_ACCESS_public)
    5080                      .dwattr $C$DW$448, DW_AT_decl_file("/home/jose/ti/c2000/C2000Ware_26_01_00_00/device_support/f2837xd/
    5081                      .dwattr $C$DW$448, DW_AT_decl_line(0xd72)
    5082                      .dwattr $C$DW$448, DW_AT_decl_column(0x0c)
    5083              
    5084              $C$DW$449       .dwtag  DW_TAG_member
    5085                      .dwattr $C$DW$449, DW_AT_type(*$C$DW$T$19)
    5086                      .dwattr $C$DW$449, DW_AT_name("GPIO101")
    5087                      .dwattr $C$DW$449, DW_AT_bit_offset(0x0a)
    5088                      .dwattr $C$DW$449, DW_AT_bit_size(0x01)
    5089                      .dwattr $C$DW$449, DW_AT_accessibility(DW_ACCESS_public)
    5090                      .dwattr $C$DW$449, DW_AT_decl_file("/home/jose/ti/c2000/C2000Ware_26_01_00_00/device_support/f2837xd/
    5091                      .dwattr $C$DW$449, DW_AT_decl_line(0xd73)
TMS320C2000 Assembler Unix v25.11.0 Sat May 30 20:22:51 2026

Copyright (c) 1996-2018 Texas Instruments Incorporated
hal_board.asm                                                        PAGE   94

    5092                      .dwattr $C$DW$449, DW_AT_decl_column(0x0c)
    5093              
    5094              $C$DW$450       .dwtag  DW_TAG_member
    5095                      .dwattr $C$DW$450, DW_AT_type(*$C$DW$T$19)
    5096                      .dwattr $C$DW$450, DW_AT_name("GPIO102")
    5097                      .dwattr $C$DW$450, DW_AT_bit_offset(0x09)
    5098                      .dwattr $C$DW$450, DW_AT_bit_size(0x01)
    5099                      .dwattr $C$DW$450, DW_AT_accessibility(DW_ACCESS_public)
    5100                      .dwattr $C$DW$450, DW_AT_decl_file("/home/jose/ti/c2000/C2000Ware_26_01_00_00/device_support/f2837xd/
    5101                      .dwattr $C$DW$450, DW_AT_decl_line(0xd74)
    5102                      .dwattr $C$DW$450, DW_AT_decl_column(0x0c)
    5103              
    5104              $C$DW$451       .dwtag  DW_TAG_member
    5105                      .dwattr $C$DW$451, DW_AT_type(*$C$DW$T$19)
    5106                      .dwattr $C$DW$451, DW_AT_name("GPIO103")
    5107                      .dwattr $C$DW$451, DW_AT_bit_offset(0x08)
    5108                      .dwattr $C$DW$451, DW_AT_bit_size(0x01)
    5109                      .dwattr $C$DW$451, DW_AT_accessibility(DW_ACCESS_public)
    5110                      .dwattr $C$DW$451, DW_AT_decl_file("/home/jose/ti/c2000/C2000Ware_26_01_00_00/device_support/f2837xd/
    5111                      .dwattr $C$DW$451, DW_AT_decl_line(0xd75)
    5112                      .dwattr $C$DW$451, DW_AT_decl_column(0x0c)
    5113              
    5114              $C$DW$452       .dwtag  DW_TAG_member
    5115                      .dwattr $C$DW$452, DW_AT_type(*$C$DW$T$19)
    5116                      .dwattr $C$DW$452, DW_AT_name("GPIO104")
    5117                      .dwattr $C$DW$452, DW_AT_bit_offset(0x07)
    5118                      .dwattr $C$DW$452, DW_AT_bit_size(0x01)
    5119                      .dwattr $C$DW$452, DW_AT_accessibility(DW_ACCESS_public)
    5120                      .dwattr $C$DW$452, DW_AT_decl_file("/home/jose/ti/c2000/C2000Ware_26_01_00_00/device_support/f2837xd/
    5121                      .dwattr $C$DW$452, DW_AT_decl_line(0xd76)
    5122                      .dwattr $C$DW$452, DW_AT_decl_column(0x0c)
    5123              
    5124              $C$DW$453       .dwtag  DW_TAG_member
    5125                      .dwattr $C$DW$453, DW_AT_type(*$C$DW$T$19)
    5126                      .dwattr $C$DW$453, DW_AT_name("GPIO105")
    5127                      .dwattr $C$DW$453, DW_AT_bit_offset(0x06)
    5128                      .dwattr $C$DW$453, DW_AT_bit_size(0x01)
    5129                      .dwattr $C$DW$453, DW_AT_accessibility(DW_ACCESS_public)
    5130                      .dwattr $C$DW$453, DW_AT_decl_file("/home/jose/ti/c2000/C2000Ware_26_01_00_00/device_support/f2837xd/
    5131                      .dwattr $C$DW$453, DW_AT_decl_line(0xd77)
    5132                      .dwattr $C$DW$453, DW_AT_decl_column(0x0c)
    5133              
    5134              $C$DW$454       .dwtag  DW_TAG_member
    5135                      .dwattr $C$DW$454, DW_AT_type(*$C$DW$T$19)
    5136                      .dwattr $C$DW$454, DW_AT_name("GPIO106")
    5137                      .dwattr $C$DW$454, DW_AT_bit_offset(0x05)
    5138                      .dwattr $C$DW$454, DW_AT_bit_size(0x01)
    5139                      .dwattr $C$DW$454, DW_AT_accessibility(DW_ACCESS_public)
    5140                      .dwattr $C$DW$454, DW_AT_decl_file("/home/jose/ti/c2000/C2000Ware_26_01_00_00/device_support/f2837xd/
    5141                      .dwattr $C$DW$454, DW_AT_decl_line(0xd78)
    5142                      .dwattr $C$DW$454, DW_AT_decl_column(0x0c)
    5143              
    5144              $C$DW$455       .dwtag  DW_TAG_member
    5145                      .dwattr $C$DW$455, DW_AT_type(*$C$DW$T$19)
    5146                      .dwattr $C$DW$455, DW_AT_name("GPIO107")
TMS320C2000 Assembler Unix v25.11.0 Sat May 30 20:22:51 2026

Copyright (c) 1996-2018 Texas Instruments Incorporated
hal_board.asm                                                        PAGE   95

    5147                      .dwattr $C$DW$455, DW_AT_bit_offset(0x04)
    5148                      .dwattr $C$DW$455, DW_AT_bit_size(0x01)
    5149                      .dwattr $C$DW$455, DW_AT_accessibility(DW_ACCESS_public)
    5150                      .dwattr $C$DW$455, DW_AT_decl_file("/home/jose/ti/c2000/C2000Ware_26_01_00_00/device_support/f2837xd/
    5151                      .dwattr $C$DW$455, DW_AT_decl_line(0xd79)
    5152                      .dwattr $C$DW$455, DW_AT_decl_column(0x0c)
    5153              
    5154              $C$DW$456       .dwtag  DW_TAG_member
    5155                      .dwattr $C$DW$456, DW_AT_type(*$C$DW$T$19)
    5156                      .dwattr $C$DW$456, DW_AT_name("GPIO108")
    5157                      .dwattr $C$DW$456, DW_AT_bit_offset(0x03)
    5158                      .dwattr $C$DW$456, DW_AT_bit_size(0x01)
    5159                      .dwattr $C$DW$456, DW_AT_accessibility(DW_ACCESS_public)
    5160                      .dwattr $C$DW$456, DW_AT_decl_file("/home/jose/ti/c2000/C2000Ware_26_01_00_00/device_support/f2837xd/
    5161                      .dwattr $C$DW$456, DW_AT_decl_line(0xd7a)
    5162                      .dwattr $C$DW$456, DW_AT_decl_column(0x0c)
    5163              
    5164              $C$DW$457       .dwtag  DW_TAG_member
    5165                      .dwattr $C$DW$457, DW_AT_type(*$C$DW$T$19)
    5166                      .dwattr $C$DW$457, DW_AT_name("GPIO109")
    5167                      .dwattr $C$DW$457, DW_AT_bit_offset(0x02)
    5168                      .dwattr $C$DW$457, DW_AT_bit_size(0x01)
    5169                      .dwattr $C$DW$457, DW_AT_accessibility(DW_ACCESS_public)
    5170                      .dwattr $C$DW$457, DW_AT_decl_file("/home/jose/ti/c2000/C2000Ware_26_01_00_00/device_support/f2837xd/
    5171                      .dwattr $C$DW$457, DW_AT_decl_line(0xd7b)
    5172                      .dwattr $C$DW$457, DW_AT_decl_column(0x0c)
    5173              
    5174              $C$DW$458       .dwtag  DW_TAG_member
    5175                      .dwattr $C$DW$458, DW_AT_type(*$C$DW$T$19)
    5176                      .dwattr $C$DW$458, DW_AT_name("GPIO110")
    5177                      .dwattr $C$DW$458, DW_AT_bit_offset(0x01)
    5178                      .dwattr $C$DW$458, DW_AT_bit_size(0x01)
    5179                      .dwattr $C$DW$458, DW_AT_accessibility(DW_ACCESS_public)
    5180                      .dwattr $C$DW$458, DW_AT_decl_file("/home/jose/ti/c2000/C2000Ware_26_01_00_00/device_support/f2837xd/
    5181                      .dwattr $C$DW$458, DW_AT_decl_line(0xd7c)
    5182                      .dwattr $C$DW$458, DW_AT_decl_column(0x0c)
    5183              
    5184              $C$DW$459       .dwtag  DW_TAG_member
    5185                      .dwattr $C$DW$459, DW_AT_type(*$C$DW$T$19)
    5186                      .dwattr $C$DW$459, DW_AT_name("GPIO111")
    5187                      .dwattr $C$DW$459, DW_AT_bit_offset(0x00)
    5188                      .dwattr $C$DW$459, DW_AT_bit_size(0x01)
    5189                      .dwattr $C$DW$459, DW_AT_accessibility(DW_ACCESS_public)
    5190                      .dwattr $C$DW$459, DW_AT_decl_file("/home/jose/ti/c2000/C2000Ware_26_01_00_00/device_support/f2837xd/
    5191                      .dwattr $C$DW$459, DW_AT_decl_line(0xd7d)
    5192                      .dwattr $C$DW$459, DW_AT_decl_column(0x0c)
    5193              
    5194              $C$DW$460       .dwtag  DW_TAG_member
    5195                      .dwattr $C$DW$460, DW_AT_type(*$C$DW$T$19)
    5196                      .dwattr $C$DW$460, DW_AT_name("GPIO112")
    5197                      .dwattr $C$DW$460, DW_AT_bit_offset(0x0f)
    5198                      .dwattr $C$DW$460, DW_AT_bit_size(0x01)
    5199                      .dwattr $C$DW$460, DW_AT_data_member_location[DW_OP_plus_uconst 0x1]
    5200                      .dwattr $C$DW$460, DW_AT_accessibility(DW_ACCESS_public)
    5201                      .dwattr $C$DW$460, DW_AT_decl_file("/home/jose/ti/c2000/C2000Ware_26_01_00_00/device_support/f2837xd/
TMS320C2000 Assembler Unix v25.11.0 Sat May 30 20:22:51 2026

Copyright (c) 1996-2018 Texas Instruments Incorporated
hal_board.asm                                                        PAGE   96

    5202                      .dwattr $C$DW$460, DW_AT_decl_line(0xd7e)
    5203                      .dwattr $C$DW$460, DW_AT_decl_column(0x0c)
    5204              
    5205              $C$DW$461       .dwtag  DW_TAG_member
    5206                      .dwattr $C$DW$461, DW_AT_type(*$C$DW$T$19)
    5207                      .dwattr $C$DW$461, DW_AT_name("GPIO113")
    5208                      .dwattr $C$DW$461, DW_AT_bit_offset(0x0e)
    5209                      .dwattr $C$DW$461, DW_AT_bit_size(0x01)
    5210                      .dwattr $C$DW$461, DW_AT_data_member_location[DW_OP_plus_uconst 0x1]
    5211                      .dwattr $C$DW$461, DW_AT_accessibility(DW_ACCESS_public)
    5212                      .dwattr $C$DW$461, DW_AT_decl_file("/home/jose/ti/c2000/C2000Ware_26_01_00_00/device_support/f2837xd/
    5213                      .dwattr $C$DW$461, DW_AT_decl_line(0xd7f)
    5214                      .dwattr $C$DW$461, DW_AT_decl_column(0x0c)
    5215              
    5216              $C$DW$462       .dwtag  DW_TAG_member
    5217                      .dwattr $C$DW$462, DW_AT_type(*$C$DW$T$19)
    5218                      .dwattr $C$DW$462, DW_AT_name("GPIO114")
    5219                      .dwattr $C$DW$462, DW_AT_bit_offset(0x0d)
    5220                      .dwattr $C$DW$462, DW_AT_bit_size(0x01)
    5221                      .dwattr $C$DW$462, DW_AT_data_member_location[DW_OP_plus_uconst 0x1]
    5222                      .dwattr $C$DW$462, DW_AT_accessibility(DW_ACCESS_public)
    5223                      .dwattr $C$DW$462, DW_AT_decl_file("/home/jose/ti/c2000/C2000Ware_26_01_00_00/device_support/f2837xd/
    5224                      .dwattr $C$DW$462, DW_AT_decl_line(0xd80)
    5225                      .dwattr $C$DW$462, DW_AT_decl_column(0x0c)
    5226              
    5227              $C$DW$463       .dwtag  DW_TAG_member
    5228                      .dwattr $C$DW$463, DW_AT_type(*$C$DW$T$19)
    5229                      .dwattr $C$DW$463, DW_AT_name("GPIO115")
    5230                      .dwattr $C$DW$463, DW_AT_bit_offset(0x0c)
    5231                      .dwattr $C$DW$463, DW_AT_bit_size(0x01)
    5232                      .dwattr $C$DW$463, DW_AT_data_member_location[DW_OP_plus_uconst 0x1]
    5233                      .dwattr $C$DW$463, DW_AT_accessibility(DW_ACCESS_public)
    5234                      .dwattr $C$DW$463, DW_AT_decl_file("/home/jose/ti/c2000/C2000Ware_26_01_00_00/device_support/f2837xd/
    5235                      .dwattr $C$DW$463, DW_AT_decl_line(0xd81)
    5236                      .dwattr $C$DW$463, DW_AT_decl_column(0x0c)
    5237              
    5238              $C$DW$464       .dwtag  DW_TAG_member
    5239                      .dwattr $C$DW$464, DW_AT_type(*$C$DW$T$19)
    5240                      .dwattr $C$DW$464, DW_AT_name("GPIO116")
    5241                      .dwattr $C$DW$464, DW_AT_bit_offset(0x0b)
    5242                      .dwattr $C$DW$464, DW_AT_bit_size(0x01)
    5243                      .dwattr $C$DW$464, DW_AT_data_member_location[DW_OP_plus_uconst 0x1]
    5244                      .dwattr $C$DW$464, DW_AT_accessibility(DW_ACCESS_public)
    5245                      .dwattr $C$DW$464, DW_AT_decl_file("/home/jose/ti/c2000/C2000Ware_26_01_00_00/device_support/f2837xd/
    5246                      .dwattr $C$DW$464, DW_AT_decl_line(0xd82)
    5247                      .dwattr $C$DW$464, DW_AT_decl_column(0x0c)
    5248              
    5249              $C$DW$465       .dwtag  DW_TAG_member
    5250                      .dwattr $C$DW$465, DW_AT_type(*$C$DW$T$19)
    5251                      .dwattr $C$DW$465, DW_AT_name("GPIO117")
    5252                      .dwattr $C$DW$465, DW_AT_bit_offset(0x0a)
    5253                      .dwattr $C$DW$465, DW_AT_bit_size(0x01)
    5254                      .dwattr $C$DW$465, DW_AT_data_member_location[DW_OP_plus_uconst 0x1]
    5255                      .dwattr $C$DW$465, DW_AT_accessibility(DW_ACCESS_public)
    5256                      .dwattr $C$DW$465, DW_AT_decl_file("/home/jose/ti/c2000/C2000Ware_26_01_00_00/device_support/f2837xd/
TMS320C2000 Assembler Unix v25.11.0 Sat May 30 20:22:51 2026

Copyright (c) 1996-2018 Texas Instruments Incorporated
hal_board.asm                                                        PAGE   97

    5257                      .dwattr $C$DW$465, DW_AT_decl_line(0xd83)
    5258                      .dwattr $C$DW$465, DW_AT_decl_column(0x0c)
    5259              
    5260              $C$DW$466       .dwtag  DW_TAG_member
    5261                      .dwattr $C$DW$466, DW_AT_type(*$C$DW$T$19)
    5262                      .dwattr $C$DW$466, DW_AT_name("GPIO118")
    5263                      .dwattr $C$DW$466, DW_AT_bit_offset(0x09)
    5264                      .dwattr $C$DW$466, DW_AT_bit_size(0x01)
    5265                      .dwattr $C$DW$466, DW_AT_data_member_location[DW_OP_plus_uconst 0x1]
    5266                      .dwattr $C$DW$466, DW_AT_accessibility(DW_ACCESS_public)
    5267                      .dwattr $C$DW$466, DW_AT_decl_file("/home/jose/ti/c2000/C2000Ware_26_01_00_00/device_support/f2837xd/
    5268                      .dwattr $C$DW$466, DW_AT_decl_line(0xd84)
    5269                      .dwattr $C$DW$466, DW_AT_decl_column(0x0c)
    5270              
    5271              $C$DW$467       .dwtag  DW_TAG_member
    5272                      .dwattr $C$DW$467, DW_AT_type(*$C$DW$T$19)
    5273                      .dwattr $C$DW$467, DW_AT_name("GPIO119")
    5274                      .dwattr $C$DW$467, DW_AT_bit_offset(0x08)
    5275                      .dwattr $C$DW$467, DW_AT_bit_size(0x01)
    5276                      .dwattr $C$DW$467, DW_AT_data_member_location[DW_OP_plus_uconst 0x1]
    5277                      .dwattr $C$DW$467, DW_AT_accessibility(DW_ACCESS_public)
    5278                      .dwattr $C$DW$467, DW_AT_decl_file("/home/jose/ti/c2000/C2000Ware_26_01_00_00/device_support/f2837xd/
    5279                      .dwattr $C$DW$467, DW_AT_decl_line(0xd85)
    5280                      .dwattr $C$DW$467, DW_AT_decl_column(0x0c)
    5281              
    5282              $C$DW$468       .dwtag  DW_TAG_member
    5283                      .dwattr $C$DW$468, DW_AT_type(*$C$DW$T$19)
    5284                      .dwattr $C$DW$468, DW_AT_name("GPIO120")
    5285                      .dwattr $C$DW$468, DW_AT_bit_offset(0x07)
    5286                      .dwattr $C$DW$468, DW_AT_bit_size(0x01)
    5287                      .dwattr $C$DW$468, DW_AT_data_member_location[DW_OP_plus_uconst 0x1]
    5288                      .dwattr $C$DW$468, DW_AT_accessibility(DW_ACCESS_public)
    5289                      .dwattr $C$DW$468, DW_AT_decl_file("/home/jose/ti/c2000/C2000Ware_26_01_00_00/device_support/f2837xd/
    5290                      .dwattr $C$DW$468, DW_AT_decl_line(0xd86)
    5291                      .dwattr $C$DW$468, DW_AT_decl_column(0x0c)
    5292              
    5293              $C$DW$469       .dwtag  DW_TAG_member
    5294                      .dwattr $C$DW$469, DW_AT_type(*$C$DW$T$19)
    5295                      .dwattr $C$DW$469, DW_AT_name("GPIO121")
    5296                      .dwattr $C$DW$469, DW_AT_bit_offset(0x06)
    5297                      .dwattr $C$DW$469, DW_AT_bit_size(0x01)
    5298                      .dwattr $C$DW$469, DW_AT_data_member_location[DW_OP_plus_uconst 0x1]
    5299                      .dwattr $C$DW$469, DW_AT_accessibility(DW_ACCESS_public)
    5300                      .dwattr $C$DW$469, DW_AT_decl_file("/home/jose/ti/c2000/C2000Ware_26_01_00_00/device_support/f2837xd/
    5301                      .dwattr $C$DW$469, DW_AT_decl_line(0xd87)
    5302                      .dwattr $C$DW$469, DW_AT_decl_column(0x0c)
    5303              
    5304              $C$DW$470       .dwtag  DW_TAG_member
    5305                      .dwattr $C$DW$470, DW_AT_type(*$C$DW$T$19)
    5306                      .dwattr $C$DW$470, DW_AT_name("GPIO122")
    5307                      .dwattr $C$DW$470, DW_AT_bit_offset(0x05)
    5308                      .dwattr $C$DW$470, DW_AT_bit_size(0x01)
    5309                      .dwattr $C$DW$470, DW_AT_data_member_location[DW_OP_plus_uconst 0x1]
    5310                      .dwattr $C$DW$470, DW_AT_accessibility(DW_ACCESS_public)
    5311                      .dwattr $C$DW$470, DW_AT_decl_file("/home/jose/ti/c2000/C2000Ware_26_01_00_00/device_support/f2837xd/
TMS320C2000 Assembler Unix v25.11.0 Sat May 30 20:22:51 2026

Copyright (c) 1996-2018 Texas Instruments Incorporated
hal_board.asm                                                        PAGE   98

    5312                      .dwattr $C$DW$470, DW_AT_decl_line(0xd88)
    5313                      .dwattr $C$DW$470, DW_AT_decl_column(0x0c)
    5314              
    5315              $C$DW$471       .dwtag  DW_TAG_member
    5316                      .dwattr $C$DW$471, DW_AT_type(*$C$DW$T$19)
    5317                      .dwattr $C$DW$471, DW_AT_name("GPIO123")
    5318                      .dwattr $C$DW$471, DW_AT_bit_offset(0x04)
    5319                      .dwattr $C$DW$471, DW_AT_bit_size(0x01)
    5320                      .dwattr $C$DW$471, DW_AT_data_member_location[DW_OP_plus_uconst 0x1]
    5321                      .dwattr $C$DW$471, DW_AT_accessibility(DW_ACCESS_public)
    5322                      .dwattr $C$DW$471, DW_AT_decl_file("/home/jose/ti/c2000/C2000Ware_26_01_00_00/device_support/f2837xd/
    5323                      .dwattr $C$DW$471, DW_AT_decl_line(0xd89)
    5324                      .dwattr $C$DW$471, DW_AT_decl_column(0x0c)
    5325              
    5326              $C$DW$472       .dwtag  DW_TAG_member
    5327                      .dwattr $C$DW$472, DW_AT_type(*$C$DW$T$19)
    5328                      .dwattr $C$DW$472, DW_AT_name("GPIO124")
    5329                      .dwattr $C$DW$472, DW_AT_bit_offset(0x03)
    5330                      .dwattr $C$DW$472, DW_AT_bit_size(0x01)
    5331                      .dwattr $C$DW$472, DW_AT_data_member_location[DW_OP_plus_uconst 0x1]
    5332                      .dwattr $C$DW$472, DW_AT_accessibility(DW_ACCESS_public)
    5333                      .dwattr $C$DW$472, DW_AT_decl_file("/home/jose/ti/c2000/C2000Ware_26_01_00_00/device_support/f2837xd/
    5334                      .dwattr $C$DW$472, DW_AT_decl_line(0xd8a)
    5335                      .dwattr $C$DW$472, DW_AT_decl_column(0x0c)
    5336              
    5337              $C$DW$473       .dwtag  DW_TAG_member
    5338                      .dwattr $C$DW$473, DW_AT_type(*$C$DW$T$19)
    5339                      .dwattr $C$DW$473, DW_AT_name("GPIO125")
    5340                      .dwattr $C$DW$473, DW_AT_bit_offset(0x02)
    5341                      .dwattr $C$DW$473, DW_AT_bit_size(0x01)
    5342                      .dwattr $C$DW$473, DW_AT_data_member_location[DW_OP_plus_uconst 0x1]
    5343                      .dwattr $C$DW$473, DW_AT_accessibility(DW_ACCESS_public)
    5344                      .dwattr $C$DW$473, DW_AT_decl_file("/home/jose/ti/c2000/C2000Ware_26_01_00_00/device_support/f2837xd/
    5345                      .dwattr $C$DW$473, DW_AT_decl_line(0xd8b)
    5346                      .dwattr $C$DW$473, DW_AT_decl_column(0x0c)
    5347              
    5348              $C$DW$474       .dwtag  DW_TAG_member
    5349                      .dwattr $C$DW$474, DW_AT_type(*$C$DW$T$19)
    5350                      .dwattr $C$DW$474, DW_AT_name("GPIO126")
    5351                      .dwattr $C$DW$474, DW_AT_bit_offset(0x01)
    5352                      .dwattr $C$DW$474, DW_AT_bit_size(0x01)
    5353                      .dwattr $C$DW$474, DW_AT_data_member_location[DW_OP_plus_uconst 0x1]
    5354                      .dwattr $C$DW$474, DW_AT_accessibility(DW_ACCESS_public)
    5355                      .dwattr $C$DW$474, DW_AT_decl_file("/home/jose/ti/c2000/C2000Ware_26_01_00_00/device_support/f2837xd/
    5356                      .dwattr $C$DW$474, DW_AT_decl_line(0xd8c)
    5357                      .dwattr $C$DW$474, DW_AT_decl_column(0x0c)
    5358              
    5359              $C$DW$475       .dwtag  DW_TAG_member
    5360                      .dwattr $C$DW$475, DW_AT_type(*$C$DW$T$19)
    5361                      .dwattr $C$DW$475, DW_AT_name("GPIO127")
    5362                      .dwattr $C$DW$475, DW_AT_bit_offset(0x00)
    5363                      .dwattr $C$DW$475, DW_AT_bit_size(0x01)
    5364                      .dwattr $C$DW$475, DW_AT_data_member_location[DW_OP_plus_uconst 0x1]
    5365                      .dwattr $C$DW$475, DW_AT_accessibility(DW_ACCESS_public)
    5366                      .dwattr $C$DW$475, DW_AT_decl_file("/home/jose/ti/c2000/C2000Ware_26_01_00_00/device_support/f2837xd/
TMS320C2000 Assembler Unix v25.11.0 Sat May 30 20:22:51 2026

Copyright (c) 1996-2018 Texas Instruments Incorporated
hal_board.asm                                                        PAGE   99

    5367                      .dwattr $C$DW$475, DW_AT_decl_line(0xd8d)
    5368                      .dwattr $C$DW$475, DW_AT_decl_column(0x0c)
    5369              
    5370                      .dwattr $C$DW$T$45, DW_AT_decl_file("/home/jose/ti/c2000/C2000Ware_26_01_00_00/device_support/f2837xd
    5371                      .dwattr $C$DW$T$45, DW_AT_decl_line(0xd6d)
    5372                      .dwattr $C$DW$T$45, DW_AT_decl_column(0x08)
    5373                      .dwendtag $C$DW$T$45
    5374              
    5375                      .dwendtag $C$DW$TU$45
    5376              
    5377              
    5378              $C$DW$TU$46     .dwtag  DW_TAG_type_unit
    5379                      .dwmtype  $C$DW$T$46
    5380              
    5381              $C$DW$T$46      .dwtag  DW_TAG_union_type
    5382                      .dwattr $C$DW$T$46, DW_AT_name("GPDCLEAR_REG")
    5383                      .dwattr $C$DW$T$46, DW_AT_byte_size(0x02)
    5384              $C$DW$476       .dwtag  DW_TAG_member
    5385                      .dwattr $C$DW$476, DW_AT_type(*$C$DW$T$21)
    5386                      .dwattr $C$DW$476, DW_AT_name("all")
    5387                      .dwattr $C$DW$476, DW_AT_accessibility(DW_ACCESS_public)
    5388                      .dwattr $C$DW$476, DW_AT_decl_file("/home/jose/ti/c2000/C2000Ware_26_01_00_00/device_support/f2837xd/
    5389                      .dwattr $C$DW$476, DW_AT_decl_line(0xd91)
    5390                      .dwattr $C$DW$476, DW_AT_decl_column(0x0d)
    5391              
    5392              $C$DW$477       .dwtag  DW_TAG_member
    5393                      .dwattr $C$DW$477, DW_AT_type(*$C$DW$T$45)
    5394                      .dwattr $C$DW$477, DW_AT_name("bit")
    5395                      .dwattr $C$DW$477, DW_AT_accessibility(DW_ACCESS_public)
    5396                      .dwattr $C$DW$477, DW_AT_decl_file("/home/jose/ti/c2000/C2000Ware_26_01_00_00/device_support/f2837xd/
    5397                      .dwattr $C$DW$477, DW_AT_decl_line(0xd92)
    5398                      .dwattr $C$DW$477, DW_AT_decl_column(0x1c)
    5399              
    5400                      .dwattr $C$DW$T$46, DW_AT_decl_file("/home/jose/ti/c2000/C2000Ware_26_01_00_00/device_support/f2837xd
    5401                      .dwattr $C$DW$T$46, DW_AT_decl_line(0xd90)
    5402                      .dwattr $C$DW$T$46, DW_AT_decl_column(0x07)
    5403                      .dwendtag $C$DW$T$46
    5404              
    5405                      .dwendtag $C$DW$TU$46
    5406              
    5407              
    5408              $C$DW$TU$47     .dwtag  DW_TAG_type_unit
    5409                      .dwmtype  $C$DW$T$47
    5410              
    5411              $C$DW$T$47      .dwtag  DW_TAG_structure_type
    5412                      .dwattr $C$DW$T$47, DW_AT_name("GPDDAT_BITS")
    5413                      .dwattr $C$DW$T$47, DW_AT_byte_size(0x02)
    5414              $C$DW$478       .dwtag  DW_TAG_member
    5415                      .dwattr $C$DW$478, DW_AT_type(*$C$DW$T$19)
    5416                      .dwattr $C$DW$478, DW_AT_name("GPIO96")
    5417                      .dwattr $C$DW$478, DW_AT_bit_offset(0x0f)
    5418                      .dwattr $C$DW$478, DW_AT_bit_size(0x01)
    5419                      .dwattr $C$DW$478, DW_AT_accessibility(DW_ACCESS_public)
    5420                      .dwattr $C$DW$478, DW_AT_decl_file("/home/jose/ti/c2000/C2000Ware_26_01_00_00/device_support/f2837xd/
    5421                      .dwattr $C$DW$478, DW_AT_decl_line(0xd1e)
TMS320C2000 Assembler Unix v25.11.0 Sat May 30 20:22:51 2026

Copyright (c) 1996-2018 Texas Instruments Incorporated
hal_board.asm                                                        PAGE  100

    5422                      .dwattr $C$DW$478, DW_AT_decl_column(0x0c)
    5423              
    5424              $C$DW$479       .dwtag  DW_TAG_member
    5425                      .dwattr $C$DW$479, DW_AT_type(*$C$DW$T$19)
    5426                      .dwattr $C$DW$479, DW_AT_name("GPIO97")
    5427                      .dwattr $C$DW$479, DW_AT_bit_offset(0x0e)
    5428                      .dwattr $C$DW$479, DW_AT_bit_size(0x01)
    5429                      .dwattr $C$DW$479, DW_AT_accessibility(DW_ACCESS_public)
    5430                      .dwattr $C$DW$479, DW_AT_decl_file("/home/jose/ti/c2000/C2000Ware_26_01_00_00/device_support/f2837xd/
    5431                      .dwattr $C$DW$479, DW_AT_decl_line(0xd1f)
    5432                      .dwattr $C$DW$479, DW_AT_decl_column(0x0c)
    5433              
    5434              $C$DW$480       .dwtag  DW_TAG_member
    5435                      .dwattr $C$DW$480, DW_AT_type(*$C$DW$T$19)
    5436                      .dwattr $C$DW$480, DW_AT_name("GPIO98")
    5437                      .dwattr $C$DW$480, DW_AT_bit_offset(0x0d)
    5438                      .dwattr $C$DW$480, DW_AT_bit_size(0x01)
    5439                      .dwattr $C$DW$480, DW_AT_accessibility(DW_ACCESS_public)
    5440                      .dwattr $C$DW$480, DW_AT_decl_file("/home/jose/ti/c2000/C2000Ware_26_01_00_00/device_support/f2837xd/
    5441                      .dwattr $C$DW$480, DW_AT_decl_line(0xd20)
    5442                      .dwattr $C$DW$480, DW_AT_decl_column(0x0c)
    5443              
    5444              $C$DW$481       .dwtag  DW_TAG_member
    5445                      .dwattr $C$DW$481, DW_AT_type(*$C$DW$T$19)
    5446                      .dwattr $C$DW$481, DW_AT_name("GPIO99")
    5447                      .dwattr $C$DW$481, DW_AT_bit_offset(0x0c)
    5448                      .dwattr $C$DW$481, DW_AT_bit_size(0x01)
    5449                      .dwattr $C$DW$481, DW_AT_accessibility(DW_ACCESS_public)
    5450                      .dwattr $C$DW$481, DW_AT_decl_file("/home/jose/ti/c2000/C2000Ware_26_01_00_00/device_support/f2837xd/
    5451                      .dwattr $C$DW$481, DW_AT_decl_line(0xd21)
    5452                      .dwattr $C$DW$481, DW_AT_decl_column(0x0c)
    5453              
    5454              $C$DW$482       .dwtag  DW_TAG_member
    5455                      .dwattr $C$DW$482, DW_AT_type(*$C$DW$T$19)
    5456                      .dwattr $C$DW$482, DW_AT_name("GPIO100")
    5457                      .dwattr $C$DW$482, DW_AT_bit_offset(0x0b)
    5458                      .dwattr $C$DW$482, DW_AT_bit_size(0x01)
    5459                      .dwattr $C$DW$482, DW_AT_accessibility(DW_ACCESS_public)
    5460                      .dwattr $C$DW$482, DW_AT_decl_file("/home/jose/ti/c2000/C2000Ware_26_01_00_00/device_support/f2837xd/
    5461                      .dwattr $C$DW$482, DW_AT_decl_line(0xd22)
    5462                      .dwattr $C$DW$482, DW_AT_decl_column(0x0c)
    5463              
    5464              $C$DW$483       .dwtag  DW_TAG_member
    5465                      .dwattr $C$DW$483, DW_AT_type(*$C$DW$T$19)
    5466                      .dwattr $C$DW$483, DW_AT_name("GPIO101")
    5467                      .dwattr $C$DW$483, DW_AT_bit_offset(0x0a)
    5468                      .dwattr $C$DW$483, DW_AT_bit_size(0x01)
    5469                      .dwattr $C$DW$483, DW_AT_accessibility(DW_ACCESS_public)
    5470                      .dwattr $C$DW$483, DW_AT_decl_file("/home/jose/ti/c2000/C2000Ware_26_01_00_00/device_support/f2837xd/
    5471                      .dwattr $C$DW$483, DW_AT_decl_line(0xd23)
    5472                      .dwattr $C$DW$483, DW_AT_decl_column(0x0c)
    5473              
    5474              $C$DW$484       .dwtag  DW_TAG_member
    5475                      .dwattr $C$DW$484, DW_AT_type(*$C$DW$T$19)
    5476                      .dwattr $C$DW$484, DW_AT_name("GPIO102")
TMS320C2000 Assembler Unix v25.11.0 Sat May 30 20:22:51 2026

Copyright (c) 1996-2018 Texas Instruments Incorporated
hal_board.asm                                                        PAGE  101

    5477                      .dwattr $C$DW$484, DW_AT_bit_offset(0x09)
    5478                      .dwattr $C$DW$484, DW_AT_bit_size(0x01)
    5479                      .dwattr $C$DW$484, DW_AT_accessibility(DW_ACCESS_public)
    5480                      .dwattr $C$DW$484, DW_AT_decl_file("/home/jose/ti/c2000/C2000Ware_26_01_00_00/device_support/f2837xd/
    5481                      .dwattr $C$DW$484, DW_AT_decl_line(0xd24)
    5482                      .dwattr $C$DW$484, DW_AT_decl_column(0x0c)
    5483              
    5484              $C$DW$485       .dwtag  DW_TAG_member
    5485                      .dwattr $C$DW$485, DW_AT_type(*$C$DW$T$19)
    5486                      .dwattr $C$DW$485, DW_AT_name("GPIO103")
    5487                      .dwattr $C$DW$485, DW_AT_bit_offset(0x08)
    5488                      .dwattr $C$DW$485, DW_AT_bit_size(0x01)
    5489                      .dwattr $C$DW$485, DW_AT_accessibility(DW_ACCESS_public)
    5490                      .dwattr $C$DW$485, DW_AT_decl_file("/home/jose/ti/c2000/C2000Ware_26_01_00_00/device_support/f2837xd/
    5491                      .dwattr $C$DW$485, DW_AT_decl_line(0xd25)
    5492                      .dwattr $C$DW$485, DW_AT_decl_column(0x0c)
    5493              
    5494              $C$DW$486       .dwtag  DW_TAG_member
    5495                      .dwattr $C$DW$486, DW_AT_type(*$C$DW$T$19)
    5496                      .dwattr $C$DW$486, DW_AT_name("GPIO104")
    5497                      .dwattr $C$DW$486, DW_AT_bit_offset(0x07)
    5498                      .dwattr $C$DW$486, DW_AT_bit_size(0x01)
    5499                      .dwattr $C$DW$486, DW_AT_accessibility(DW_ACCESS_public)
    5500                      .dwattr $C$DW$486, DW_AT_decl_file("/home/jose/ti/c2000/C2000Ware_26_01_00_00/device_support/f2837xd/
    5501                      .dwattr $C$DW$486, DW_AT_decl_line(0xd26)
    5502                      .dwattr $C$DW$486, DW_AT_decl_column(0x0c)
    5503              
    5504              $C$DW$487       .dwtag  DW_TAG_member
    5505                      .dwattr $C$DW$487, DW_AT_type(*$C$DW$T$19)
    5506                      .dwattr $C$DW$487, DW_AT_name("GPIO105")
    5507                      .dwattr $C$DW$487, DW_AT_bit_offset(0x06)
    5508                      .dwattr $C$DW$487, DW_AT_bit_size(0x01)
    5509                      .dwattr $C$DW$487, DW_AT_accessibility(DW_ACCESS_public)
    5510                      .dwattr $C$DW$487, DW_AT_decl_file("/home/jose/ti/c2000/C2000Ware_26_01_00_00/device_support/f2837xd/
    5511                      .dwattr $C$DW$487, DW_AT_decl_line(0xd27)
    5512                      .dwattr $C$DW$487, DW_AT_decl_column(0x0c)
    5513              
    5514              $C$DW$488       .dwtag  DW_TAG_member
    5515                      .dwattr $C$DW$488, DW_AT_type(*$C$DW$T$19)
    5516                      .dwattr $C$DW$488, DW_AT_name("GPIO106")
    5517                      .dwattr $C$DW$488, DW_AT_bit_offset(0x05)
    5518                      .dwattr $C$DW$488, DW_AT_bit_size(0x01)
    5519                      .dwattr $C$DW$488, DW_AT_accessibility(DW_ACCESS_public)
    5520                      .dwattr $C$DW$488, DW_AT_decl_file("/home/jose/ti/c2000/C2000Ware_26_01_00_00/device_support/f2837xd/
    5521                      .dwattr $C$DW$488, DW_AT_decl_line(0xd28)
    5522                      .dwattr $C$DW$488, DW_AT_decl_column(0x0c)
    5523              
    5524              $C$DW$489       .dwtag  DW_TAG_member
    5525                      .dwattr $C$DW$489, DW_AT_type(*$C$DW$T$19)
    5526                      .dwattr $C$DW$489, DW_AT_name("GPIO107")
    5527                      .dwattr $C$DW$489, DW_AT_bit_offset(0x04)
    5528                      .dwattr $C$DW$489, DW_AT_bit_size(0x01)
    5529                      .dwattr $C$DW$489, DW_AT_accessibility(DW_ACCESS_public)
    5530                      .dwattr $C$DW$489, DW_AT_decl_file("/home/jose/ti/c2000/C2000Ware_26_01_00_00/device_support/f2837xd/
    5531                      .dwattr $C$DW$489, DW_AT_decl_line(0xd29)
TMS320C2000 Assembler Unix v25.11.0 Sat May 30 20:22:51 2026

Copyright (c) 1996-2018 Texas Instruments Incorporated
hal_board.asm                                                        PAGE  102

    5532                      .dwattr $C$DW$489, DW_AT_decl_column(0x0c)
    5533              
    5534              $C$DW$490       .dwtag  DW_TAG_member
    5535                      .dwattr $C$DW$490, DW_AT_type(*$C$DW$T$19)
    5536                      .dwattr $C$DW$490, DW_AT_name("GPIO108")
    5537                      .dwattr $C$DW$490, DW_AT_bit_offset(0x03)
    5538                      .dwattr $C$DW$490, DW_AT_bit_size(0x01)
    5539                      .dwattr $C$DW$490, DW_AT_accessibility(DW_ACCESS_public)
    5540                      .dwattr $C$DW$490, DW_AT_decl_file("/home/jose/ti/c2000/C2000Ware_26_01_00_00/device_support/f2837xd/
    5541                      .dwattr $C$DW$490, DW_AT_decl_line(0xd2a)
    5542                      .dwattr $C$DW$490, DW_AT_decl_column(0x0c)
    5543              
    5544              $C$DW$491       .dwtag  DW_TAG_member
    5545                      .dwattr $C$DW$491, DW_AT_type(*$C$DW$T$19)
    5546                      .dwattr $C$DW$491, DW_AT_name("GPIO109")
    5547                      .dwattr $C$DW$491, DW_AT_bit_offset(0x02)
    5548                      .dwattr $C$DW$491, DW_AT_bit_size(0x01)
    5549                      .dwattr $C$DW$491, DW_AT_accessibility(DW_ACCESS_public)
    5550                      .dwattr $C$DW$491, DW_AT_decl_file("/home/jose/ti/c2000/C2000Ware_26_01_00_00/device_support/f2837xd/
    5551                      .dwattr $C$DW$491, DW_AT_decl_line(0xd2b)
    5552                      .dwattr $C$DW$491, DW_AT_decl_column(0x0c)
    5553              
    5554              $C$DW$492       .dwtag  DW_TAG_member
    5555                      .dwattr $C$DW$492, DW_AT_type(*$C$DW$T$19)
    5556                      .dwattr $C$DW$492, DW_AT_name("GPIO110")
    5557                      .dwattr $C$DW$492, DW_AT_bit_offset(0x01)
    5558                      .dwattr $C$DW$492, DW_AT_bit_size(0x01)
    5559                      .dwattr $C$DW$492, DW_AT_accessibility(DW_ACCESS_public)
    5560                      .dwattr $C$DW$492, DW_AT_decl_file("/home/jose/ti/c2000/C2000Ware_26_01_00_00/device_support/f2837xd/
    5561                      .dwattr $C$DW$492, DW_AT_decl_line(0xd2c)
    5562                      .dwattr $C$DW$492, DW_AT_decl_column(0x0c)
    5563              
    5564              $C$DW$493       .dwtag  DW_TAG_member
    5565                      .dwattr $C$DW$493, DW_AT_type(*$C$DW$T$19)
    5566                      .dwattr $C$DW$493, DW_AT_name("GPIO111")
    5567                      .dwattr $C$DW$493, DW_AT_bit_offset(0x00)
    5568                      .dwattr $C$DW$493, DW_AT_bit_size(0x01)
    5569                      .dwattr $C$DW$493, DW_AT_accessibility(DW_ACCESS_public)
    5570                      .dwattr $C$DW$493, DW_AT_decl_file("/home/jose/ti/c2000/C2000Ware_26_01_00_00/device_support/f2837xd/
    5571                      .dwattr $C$DW$493, DW_AT_decl_line(0xd2d)
    5572                      .dwattr $C$DW$493, DW_AT_decl_column(0x0c)
    5573              
    5574              $C$DW$494       .dwtag  DW_TAG_member
    5575                      .dwattr $C$DW$494, DW_AT_type(*$C$DW$T$19)
    5576                      .dwattr $C$DW$494, DW_AT_name("GPIO112")
    5577                      .dwattr $C$DW$494, DW_AT_bit_offset(0x0f)
    5578                      .dwattr $C$DW$494, DW_AT_bit_size(0x01)
    5579                      .dwattr $C$DW$494, DW_AT_data_member_location[DW_OP_plus_uconst 0x1]
    5580                      .dwattr $C$DW$494, DW_AT_accessibility(DW_ACCESS_public)
    5581                      .dwattr $C$DW$494, DW_AT_decl_file("/home/jose/ti/c2000/C2000Ware_26_01_00_00/device_support/f2837xd/
    5582                      .dwattr $C$DW$494, DW_AT_decl_line(0xd2e)
    5583                      .dwattr $C$DW$494, DW_AT_decl_column(0x0c)
    5584              
    5585              $C$DW$495       .dwtag  DW_TAG_member
    5586                      .dwattr $C$DW$495, DW_AT_type(*$C$DW$T$19)
TMS320C2000 Assembler Unix v25.11.0 Sat May 30 20:22:51 2026

Copyright (c) 1996-2018 Texas Instruments Incorporated
hal_board.asm                                                        PAGE  103

    5587                      .dwattr $C$DW$495, DW_AT_name("GPIO113")
    5588                      .dwattr $C$DW$495, DW_AT_bit_offset(0x0e)
    5589                      .dwattr $C$DW$495, DW_AT_bit_size(0x01)
    5590                      .dwattr $C$DW$495, DW_AT_data_member_location[DW_OP_plus_uconst 0x1]
    5591                      .dwattr $C$DW$495, DW_AT_accessibility(DW_ACCESS_public)
    5592                      .dwattr $C$DW$495, DW_AT_decl_file("/home/jose/ti/c2000/C2000Ware_26_01_00_00/device_support/f2837xd/
    5593                      .dwattr $C$DW$495, DW_AT_decl_line(0xd2f)
    5594                      .dwattr $C$DW$495, DW_AT_decl_column(0x0c)
    5595              
    5596              $C$DW$496       .dwtag  DW_TAG_member
    5597                      .dwattr $C$DW$496, DW_AT_type(*$C$DW$T$19)
    5598                      .dwattr $C$DW$496, DW_AT_name("GPIO114")
    5599                      .dwattr $C$DW$496, DW_AT_bit_offset(0x0d)
    5600                      .dwattr $C$DW$496, DW_AT_bit_size(0x01)
    5601                      .dwattr $C$DW$496, DW_AT_data_member_location[DW_OP_plus_uconst 0x1]
    5602                      .dwattr $C$DW$496, DW_AT_accessibility(DW_ACCESS_public)
    5603                      .dwattr $C$DW$496, DW_AT_decl_file("/home/jose/ti/c2000/C2000Ware_26_01_00_00/device_support/f2837xd/
    5604                      .dwattr $C$DW$496, DW_AT_decl_line(0xd30)
    5605                      .dwattr $C$DW$496, DW_AT_decl_column(0x0c)
    5606              
    5607              $C$DW$497       .dwtag  DW_TAG_member
    5608                      .dwattr $C$DW$497, DW_AT_type(*$C$DW$T$19)
    5609                      .dwattr $C$DW$497, DW_AT_name("GPIO115")
    5610                      .dwattr $C$DW$497, DW_AT_bit_offset(0x0c)
    5611                      .dwattr $C$DW$497, DW_AT_bit_size(0x01)
    5612                      .dwattr $C$DW$497, DW_AT_data_member_location[DW_OP_plus_uconst 0x1]
    5613                      .dwattr $C$DW$497, DW_AT_accessibility(DW_ACCESS_public)
    5614                      .dwattr $C$DW$497, DW_AT_decl_file("/home/jose/ti/c2000/C2000Ware_26_01_00_00/device_support/f2837xd/
    5615                      .dwattr $C$DW$497, DW_AT_decl_line(0xd31)
    5616                      .dwattr $C$DW$497, DW_AT_decl_column(0x0c)
    5617              
    5618              $C$DW$498       .dwtag  DW_TAG_member
    5619                      .dwattr $C$DW$498, DW_AT_type(*$C$DW$T$19)
    5620                      .dwattr $C$DW$498, DW_AT_name("GPIO116")
    5621                      .dwattr $C$DW$498, DW_AT_bit_offset(0x0b)
    5622                      .dwattr $C$DW$498, DW_AT_bit_size(0x01)
    5623                      .dwattr $C$DW$498, DW_AT_data_member_location[DW_OP_plus_uconst 0x1]
    5624                      .dwattr $C$DW$498, DW_AT_accessibility(DW_ACCESS_public)
    5625                      .dwattr $C$DW$498, DW_AT_decl_file("/home/jose/ti/c2000/C2000Ware_26_01_00_00/device_support/f2837xd/
    5626                      .dwattr $C$DW$498, DW_AT_decl_line(0xd32)
    5627                      .dwattr $C$DW$498, DW_AT_decl_column(0x0c)
    5628              
    5629              $C$DW$499       .dwtag  DW_TAG_member
    5630                      .dwattr $C$DW$499, DW_AT_type(*$C$DW$T$19)
    5631                      .dwattr $C$DW$499, DW_AT_name("GPIO117")
    5632                      .dwattr $C$DW$499, DW_AT_bit_offset(0x0a)
    5633                      .dwattr $C$DW$499, DW_AT_bit_size(0x01)
    5634                      .dwattr $C$DW$499, DW_AT_data_member_location[DW_OP_plus_uconst 0x1]
    5635                      .dwattr $C$DW$499, DW_AT_accessibility(DW_ACCESS_public)
    5636                      .dwattr $C$DW$499, DW_AT_decl_file("/home/jose/ti/c2000/C2000Ware_26_01_00_00/device_support/f2837xd/
    5637                      .dwattr $C$DW$499, DW_AT_decl_line(0xd33)
    5638                      .dwattr $C$DW$499, DW_AT_decl_column(0x0c)
    5639              
    5640              $C$DW$500       .dwtag  DW_TAG_member
    5641                      .dwattr $C$DW$500, DW_AT_type(*$C$DW$T$19)
TMS320C2000 Assembler Unix v25.11.0 Sat May 30 20:22:51 2026

Copyright (c) 1996-2018 Texas Instruments Incorporated
hal_board.asm                                                        PAGE  104

    5642                      .dwattr $C$DW$500, DW_AT_name("GPIO118")
    5643                      .dwattr $C$DW$500, DW_AT_bit_offset(0x09)
    5644                      .dwattr $C$DW$500, DW_AT_bit_size(0x01)
    5645                      .dwattr $C$DW$500, DW_AT_data_member_location[DW_OP_plus_uconst 0x1]
    5646                      .dwattr $C$DW$500, DW_AT_accessibility(DW_ACCESS_public)
    5647                      .dwattr $C$DW$500, DW_AT_decl_file("/home/jose/ti/c2000/C2000Ware_26_01_00_00/device_support/f2837xd/
    5648                      .dwattr $C$DW$500, DW_AT_decl_line(0xd34)
    5649                      .dwattr $C$DW$500, DW_AT_decl_column(0x0c)
    5650              
    5651              $C$DW$501       .dwtag  DW_TAG_member
    5652                      .dwattr $C$DW$501, DW_AT_type(*$C$DW$T$19)
    5653                      .dwattr $C$DW$501, DW_AT_name("GPIO119")
    5654                      .dwattr $C$DW$501, DW_AT_bit_offset(0x08)
    5655                      .dwattr $C$DW$501, DW_AT_bit_size(0x01)
    5656                      .dwattr $C$DW$501, DW_AT_data_member_location[DW_OP_plus_uconst 0x1]
    5657                      .dwattr $C$DW$501, DW_AT_accessibility(DW_ACCESS_public)
    5658                      .dwattr $C$DW$501, DW_AT_decl_file("/home/jose/ti/c2000/C2000Ware_26_01_00_00/device_support/f2837xd/
    5659                      .dwattr $C$DW$501, DW_AT_decl_line(0xd35)
    5660                      .dwattr $C$DW$501, DW_AT_decl_column(0x0c)
    5661              
    5662              $C$DW$502       .dwtag  DW_TAG_member
    5663                      .dwattr $C$DW$502, DW_AT_type(*$C$DW$T$19)
    5664                      .dwattr $C$DW$502, DW_AT_name("GPIO120")
    5665                      .dwattr $C$DW$502, DW_AT_bit_offset(0x07)
    5666                      .dwattr $C$DW$502, DW_AT_bit_size(0x01)
    5667                      .dwattr $C$DW$502, DW_AT_data_member_location[DW_OP_plus_uconst 0x1]
    5668                      .dwattr $C$DW$502, DW_AT_accessibility(DW_ACCESS_public)
    5669                      .dwattr $C$DW$502, DW_AT_decl_file("/home/jose/ti/c2000/C2000Ware_26_01_00_00/device_support/f2837xd/
    5670                      .dwattr $C$DW$502, DW_AT_decl_line(0xd36)
    5671                      .dwattr $C$DW$502, DW_AT_decl_column(0x0c)
    5672              
    5673              $C$DW$503       .dwtag  DW_TAG_member
    5674                      .dwattr $C$DW$503, DW_AT_type(*$C$DW$T$19)
    5675                      .dwattr $C$DW$503, DW_AT_name("GPIO121")
    5676                      .dwattr $C$DW$503, DW_AT_bit_offset(0x06)
    5677                      .dwattr $C$DW$503, DW_AT_bit_size(0x01)
    5678                      .dwattr $C$DW$503, DW_AT_data_member_location[DW_OP_plus_uconst 0x1]
    5679                      .dwattr $C$DW$503, DW_AT_accessibility(DW_ACCESS_public)
    5680                      .dwattr $C$DW$503, DW_AT_decl_file("/home/jose/ti/c2000/C2000Ware_26_01_00_00/device_support/f2837xd/
    5681                      .dwattr $C$DW$503, DW_AT_decl_line(0xd37)
    5682                      .dwattr $C$DW$503, DW_AT_decl_column(0x0c)
    5683              
    5684              $C$DW$504       .dwtag  DW_TAG_member
    5685                      .dwattr $C$DW$504, DW_AT_type(*$C$DW$T$19)
    5686                      .dwattr $C$DW$504, DW_AT_name("GPIO122")
    5687                      .dwattr $C$DW$504, DW_AT_bit_offset(0x05)
    5688                      .dwattr $C$DW$504, DW_AT_bit_size(0x01)
    5689                      .dwattr $C$DW$504, DW_AT_data_member_location[DW_OP_plus_uconst 0x1]
    5690                      .dwattr $C$DW$504, DW_AT_accessibility(DW_ACCESS_public)
    5691                      .dwattr $C$DW$504, DW_AT_decl_file("/home/jose/ti/c2000/C2000Ware_26_01_00_00/device_support/f2837xd/
    5692                      .dwattr $C$DW$504, DW_AT_decl_line(0xd38)
    5693                      .dwattr $C$DW$504, DW_AT_decl_column(0x0c)
    5694              
    5695              $C$DW$505       .dwtag  DW_TAG_member
    5696                      .dwattr $C$DW$505, DW_AT_type(*$C$DW$T$19)
TMS320C2000 Assembler Unix v25.11.0 Sat May 30 20:22:51 2026

Copyright (c) 1996-2018 Texas Instruments Incorporated
hal_board.asm                                                        PAGE  105

    5697                      .dwattr $C$DW$505, DW_AT_name("GPIO123")
    5698                      .dwattr $C$DW$505, DW_AT_bit_offset(0x04)
    5699                      .dwattr $C$DW$505, DW_AT_bit_size(0x01)
    5700                      .dwattr $C$DW$505, DW_AT_data_member_location[DW_OP_plus_uconst 0x1]
    5701                      .dwattr $C$DW$505, DW_AT_accessibility(DW_ACCESS_public)
    5702                      .dwattr $C$DW$505, DW_AT_decl_file("/home/jose/ti/c2000/C2000Ware_26_01_00_00/device_support/f2837xd/
    5703                      .dwattr $C$DW$505, DW_AT_decl_line(0xd39)
    5704                      .dwattr $C$DW$505, DW_AT_decl_column(0x0c)
    5705              
    5706              $C$DW$506       .dwtag  DW_TAG_member
    5707                      .dwattr $C$DW$506, DW_AT_type(*$C$DW$T$19)
    5708                      .dwattr $C$DW$506, DW_AT_name("GPIO124")
    5709                      .dwattr $C$DW$506, DW_AT_bit_offset(0x03)
    5710                      .dwattr $C$DW$506, DW_AT_bit_size(0x01)
    5711                      .dwattr $C$DW$506, DW_AT_data_member_location[DW_OP_plus_uconst 0x1]
    5712                      .dwattr $C$DW$506, DW_AT_accessibility(DW_ACCESS_public)
    5713                      .dwattr $C$DW$506, DW_AT_decl_file("/home/jose/ti/c2000/C2000Ware_26_01_00_00/device_support/f2837xd/
    5714                      .dwattr $C$DW$506, DW_AT_decl_line(0xd3a)
    5715                      .dwattr $C$DW$506, DW_AT_decl_column(0x0c)
    5716              
    5717              $C$DW$507       .dwtag  DW_TAG_member
    5718                      .dwattr $C$DW$507, DW_AT_type(*$C$DW$T$19)
    5719                      .dwattr $C$DW$507, DW_AT_name("GPIO125")
    5720                      .dwattr $C$DW$507, DW_AT_bit_offset(0x02)
    5721                      .dwattr $C$DW$507, DW_AT_bit_size(0x01)
    5722                      .dwattr $C$DW$507, DW_AT_data_member_location[DW_OP_plus_uconst 0x1]
    5723                      .dwattr $C$DW$507, DW_AT_accessibility(DW_ACCESS_public)
    5724                      .dwattr $C$DW$507, DW_AT_decl_file("/home/jose/ti/c2000/C2000Ware_26_01_00_00/device_support/f2837xd/
    5725                      .dwattr $C$DW$507, DW_AT_decl_line(0xd3b)
    5726                      .dwattr $C$DW$507, DW_AT_decl_column(0x0c)
    5727              
    5728              $C$DW$508       .dwtag  DW_TAG_member
    5729                      .dwattr $C$DW$508, DW_AT_type(*$C$DW$T$19)
    5730                      .dwattr $C$DW$508, DW_AT_name("GPIO126")
    5731                      .dwattr $C$DW$508, DW_AT_bit_offset(0x01)
    5732                      .dwattr $C$DW$508, DW_AT_bit_size(0x01)
    5733                      .dwattr $C$DW$508, DW_AT_data_member_location[DW_OP_plus_uconst 0x1]
    5734                      .dwattr $C$DW$508, DW_AT_accessibility(DW_ACCESS_public)
    5735                      .dwattr $C$DW$508, DW_AT_decl_file("/home/jose/ti/c2000/C2000Ware_26_01_00_00/device_support/f2837xd/
    5736                      .dwattr $C$DW$508, DW_AT_decl_line(0xd3c)
    5737                      .dwattr $C$DW$508, DW_AT_decl_column(0x0c)
    5738              
    5739              $C$DW$509       .dwtag  DW_TAG_member
    5740                      .dwattr $C$DW$509, DW_AT_type(*$C$DW$T$19)
    5741                      .dwattr $C$DW$509, DW_AT_name("GPIO127")
    5742                      .dwattr $C$DW$509, DW_AT_bit_offset(0x00)
    5743                      .dwattr $C$DW$509, DW_AT_bit_size(0x01)
    5744                      .dwattr $C$DW$509, DW_AT_data_member_location[DW_OP_plus_uconst 0x1]
    5745                      .dwattr $C$DW$509, DW_AT_accessibility(DW_ACCESS_public)
    5746                      .dwattr $C$DW$509, DW_AT_decl_file("/home/jose/ti/c2000/C2000Ware_26_01_00_00/device_support/f2837xd/
    5747                      .dwattr $C$DW$509, DW_AT_decl_line(0xd3d)
    5748                      .dwattr $C$DW$509, DW_AT_decl_column(0x0c)
    5749              
    5750                      .dwattr $C$DW$T$47, DW_AT_decl_file("/home/jose/ti/c2000/C2000Ware_26_01_00_00/device_support/f2837xd
    5751                      .dwattr $C$DW$T$47, DW_AT_decl_line(0xd1d)
TMS320C2000 Assembler Unix v25.11.0 Sat May 30 20:22:51 2026

Copyright (c) 1996-2018 Texas Instruments Incorporated
hal_board.asm                                                        PAGE  106

    5752                      .dwattr $C$DW$T$47, DW_AT_decl_column(0x08)
    5753                      .dwendtag $C$DW$T$47
    5754              
    5755                      .dwendtag $C$DW$TU$47
    5756              
    5757              
    5758              $C$DW$TU$48     .dwtag  DW_TAG_type_unit
    5759                      .dwmtype  $C$DW$T$48
    5760              
    5761              $C$DW$T$48      .dwtag  DW_TAG_union_type
    5762                      .dwattr $C$DW$T$48, DW_AT_name("GPDDAT_REG")
    5763                      .dwattr $C$DW$T$48, DW_AT_byte_size(0x02)
    5764              $C$DW$510       .dwtag  DW_TAG_member
    5765                      .dwattr $C$DW$510, DW_AT_type(*$C$DW$T$21)
    5766                      .dwattr $C$DW$510, DW_AT_name("all")
    5767                      .dwattr $C$DW$510, DW_AT_accessibility(DW_ACCESS_public)
    5768                      .dwattr $C$DW$510, DW_AT_decl_file("/home/jose/ti/c2000/C2000Ware_26_01_00_00/device_support/f2837xd/
    5769                      .dwattr $C$DW$510, DW_AT_decl_line(0xd41)
    5770                      .dwattr $C$DW$510, DW_AT_decl_column(0x0d)
    5771              
    5772              $C$DW$511       .dwtag  DW_TAG_member
    5773                      .dwattr $C$DW$511, DW_AT_type(*$C$DW$T$47)
    5774                      .dwattr $C$DW$511, DW_AT_name("bit")
    5775                      .dwattr $C$DW$511, DW_AT_accessibility(DW_ACCESS_public)
    5776                      .dwattr $C$DW$511, DW_AT_decl_file("/home/jose/ti/c2000/C2000Ware_26_01_00_00/device_support/f2837xd/
    5777                      .dwattr $C$DW$511, DW_AT_decl_line(0xd42)
    5778                      .dwattr $C$DW$511, DW_AT_decl_column(0x1a)
    5779              
    5780                      .dwattr $C$DW$T$48, DW_AT_decl_file("/home/jose/ti/c2000/C2000Ware_26_01_00_00/device_support/f2837xd
    5781                      .dwattr $C$DW$T$48, DW_AT_decl_line(0xd40)
    5782                      .dwattr $C$DW$T$48, DW_AT_decl_column(0x07)
    5783                      .dwendtag $C$DW$T$48
    5784              
    5785                      .dwendtag $C$DW$TU$48
    5786              
    5787              
    5788              $C$DW$TU$49     .dwtag  DW_TAG_type_unit
    5789                      .dwmtype  $C$DW$T$49
    5790              
    5791              $C$DW$T$49      .dwtag  DW_TAG_structure_type
    5792                      .dwattr $C$DW$T$49, DW_AT_name("GPDSET_BITS")
    5793                      .dwattr $C$DW$T$49, DW_AT_byte_size(0x02)
    5794              $C$DW$512       .dwtag  DW_TAG_member
    5795                      .dwattr $C$DW$512, DW_AT_type(*$C$DW$T$19)
    5796                      .dwattr $C$DW$512, DW_AT_name("GPIO96")
    5797                      .dwattr $C$DW$512, DW_AT_bit_offset(0x0f)
    5798                      .dwattr $C$DW$512, DW_AT_bit_size(0x01)
    5799                      .dwattr $C$DW$512, DW_AT_accessibility(DW_ACCESS_public)
    5800                      .dwattr $C$DW$512, DW_AT_decl_file("/home/jose/ti/c2000/C2000Ware_26_01_00_00/device_support/f2837xd/
    5801                      .dwattr $C$DW$512, DW_AT_decl_line(0xd46)
    5802                      .dwattr $C$DW$512, DW_AT_decl_column(0x0c)
    5803              
    5804              $C$DW$513       .dwtag  DW_TAG_member
    5805                      .dwattr $C$DW$513, DW_AT_type(*$C$DW$T$19)
    5806                      .dwattr $C$DW$513, DW_AT_name("GPIO97")
TMS320C2000 Assembler Unix v25.11.0 Sat May 30 20:22:51 2026

Copyright (c) 1996-2018 Texas Instruments Incorporated
hal_board.asm                                                        PAGE  107

    5807                      .dwattr $C$DW$513, DW_AT_bit_offset(0x0e)
    5808                      .dwattr $C$DW$513, DW_AT_bit_size(0x01)
    5809                      .dwattr $C$DW$513, DW_AT_accessibility(DW_ACCESS_public)
    5810                      .dwattr $C$DW$513, DW_AT_decl_file("/home/jose/ti/c2000/C2000Ware_26_01_00_00/device_support/f2837xd/
    5811                      .dwattr $C$DW$513, DW_AT_decl_line(0xd47)
    5812                      .dwattr $C$DW$513, DW_AT_decl_column(0x0c)
    5813              
    5814              $C$DW$514       .dwtag  DW_TAG_member
    5815                      .dwattr $C$DW$514, DW_AT_type(*$C$DW$T$19)
    5816                      .dwattr $C$DW$514, DW_AT_name("GPIO98")
    5817                      .dwattr $C$DW$514, DW_AT_bit_offset(0x0d)
    5818                      .dwattr $C$DW$514, DW_AT_bit_size(0x01)
    5819                      .dwattr $C$DW$514, DW_AT_accessibility(DW_ACCESS_public)
    5820                      .dwattr $C$DW$514, DW_AT_decl_file("/home/jose/ti/c2000/C2000Ware_26_01_00_00/device_support/f2837xd/
    5821                      .dwattr $C$DW$514, DW_AT_decl_line(0xd48)
    5822                      .dwattr $C$DW$514, DW_AT_decl_column(0x0c)
    5823              
    5824              $C$DW$515       .dwtag  DW_TAG_member
    5825                      .dwattr $C$DW$515, DW_AT_type(*$C$DW$T$19)
    5826                      .dwattr $C$DW$515, DW_AT_name("GPIO99")
    5827                      .dwattr $C$DW$515, DW_AT_bit_offset(0x0c)
    5828                      .dwattr $C$DW$515, DW_AT_bit_size(0x01)
    5829                      .dwattr $C$DW$515, DW_AT_accessibility(DW_ACCESS_public)
    5830                      .dwattr $C$DW$515, DW_AT_decl_file("/home/jose/ti/c2000/C2000Ware_26_01_00_00/device_support/f2837xd/
    5831                      .dwattr $C$DW$515, DW_AT_decl_line(0xd49)
    5832                      .dwattr $C$DW$515, DW_AT_decl_column(0x0c)
    5833              
    5834              $C$DW$516       .dwtag  DW_TAG_member
    5835                      .dwattr $C$DW$516, DW_AT_type(*$C$DW$T$19)
    5836                      .dwattr $C$DW$516, DW_AT_name("GPIO100")
    5837                      .dwattr $C$DW$516, DW_AT_bit_offset(0x0b)
    5838                      .dwattr $C$DW$516, DW_AT_bit_size(0x01)
    5839                      .dwattr $C$DW$516, DW_AT_accessibility(DW_ACCESS_public)
    5840                      .dwattr $C$DW$516, DW_AT_decl_file("/home/jose/ti/c2000/C2000Ware_26_01_00_00/device_support/f2837xd/
    5841                      .dwattr $C$DW$516, DW_AT_decl_line(0xd4a)
    5842                      .dwattr $C$DW$516, DW_AT_decl_column(0x0c)
    5843              
    5844              $C$DW$517       .dwtag  DW_TAG_member
    5845                      .dwattr $C$DW$517, DW_AT_type(*$C$DW$T$19)
    5846                      .dwattr $C$DW$517, DW_AT_name("GPIO101")
    5847                      .dwattr $C$DW$517, DW_AT_bit_offset(0x0a)
    5848                      .dwattr $C$DW$517, DW_AT_bit_size(0x01)
    5849                      .dwattr $C$DW$517, DW_AT_accessibility(DW_ACCESS_public)
    5850                      .dwattr $C$DW$517, DW_AT_decl_file("/home/jose/ti/c2000/C2000Ware_26_01_00_00/device_support/f2837xd/
    5851                      .dwattr $C$DW$517, DW_AT_decl_line(0xd4b)
    5852                      .dwattr $C$DW$517, DW_AT_decl_column(0x0c)
    5853              
    5854              $C$DW$518       .dwtag  DW_TAG_member
    5855                      .dwattr $C$DW$518, DW_AT_type(*$C$DW$T$19)
    5856                      .dwattr $C$DW$518, DW_AT_name("GPIO102")
    5857                      .dwattr $C$DW$518, DW_AT_bit_offset(0x09)
    5858                      .dwattr $C$DW$518, DW_AT_bit_size(0x01)
    5859                      .dwattr $C$DW$518, DW_AT_accessibility(DW_ACCESS_public)
    5860                      .dwattr $C$DW$518, DW_AT_decl_file("/home/jose/ti/c2000/C2000Ware_26_01_00_00/device_support/f2837xd/
    5861                      .dwattr $C$DW$518, DW_AT_decl_line(0xd4c)
TMS320C2000 Assembler Unix v25.11.0 Sat May 30 20:22:51 2026

Copyright (c) 1996-2018 Texas Instruments Incorporated
hal_board.asm                                                        PAGE  108

    5862                      .dwattr $C$DW$518, DW_AT_decl_column(0x0c)
    5863              
    5864              $C$DW$519       .dwtag  DW_TAG_member
    5865                      .dwattr $C$DW$519, DW_AT_type(*$C$DW$T$19)
    5866                      .dwattr $C$DW$519, DW_AT_name("GPIO103")
    5867                      .dwattr $C$DW$519, DW_AT_bit_offset(0x08)
    5868                      .dwattr $C$DW$519, DW_AT_bit_size(0x01)
    5869                      .dwattr $C$DW$519, DW_AT_accessibility(DW_ACCESS_public)
    5870                      .dwattr $C$DW$519, DW_AT_decl_file("/home/jose/ti/c2000/C2000Ware_26_01_00_00/device_support/f2837xd/
    5871                      .dwattr $C$DW$519, DW_AT_decl_line(0xd4d)
    5872                      .dwattr $C$DW$519, DW_AT_decl_column(0x0c)
    5873              
    5874              $C$DW$520       .dwtag  DW_TAG_member
    5875                      .dwattr $C$DW$520, DW_AT_type(*$C$DW$T$19)
    5876                      .dwattr $C$DW$520, DW_AT_name("GPIO104")
    5877                      .dwattr $C$DW$520, DW_AT_bit_offset(0x07)
    5878                      .dwattr $C$DW$520, DW_AT_bit_size(0x01)
    5879                      .dwattr $C$DW$520, DW_AT_accessibility(DW_ACCESS_public)
    5880                      .dwattr $C$DW$520, DW_AT_decl_file("/home/jose/ti/c2000/C2000Ware_26_01_00_00/device_support/f2837xd/
    5881                      .dwattr $C$DW$520, DW_AT_decl_line(0xd4e)
    5882                      .dwattr $C$DW$520, DW_AT_decl_column(0x0c)
    5883              
    5884              $C$DW$521       .dwtag  DW_TAG_member
    5885                      .dwattr $C$DW$521, DW_AT_type(*$C$DW$T$19)
    5886                      .dwattr $C$DW$521, DW_AT_name("GPIO105")
    5887                      .dwattr $C$DW$521, DW_AT_bit_offset(0x06)
    5888                      .dwattr $C$DW$521, DW_AT_bit_size(0x01)
    5889                      .dwattr $C$DW$521, DW_AT_accessibility(DW_ACCESS_public)
    5890                      .dwattr $C$DW$521, DW_AT_decl_file("/home/jose/ti/c2000/C2000Ware_26_01_00_00/device_support/f2837xd/
    5891                      .dwattr $C$DW$521, DW_AT_decl_line(0xd4f)
    5892                      .dwattr $C$DW$521, DW_AT_decl_column(0x0c)
    5893              
    5894              $C$DW$522       .dwtag  DW_TAG_member
    5895                      .dwattr $C$DW$522, DW_AT_type(*$C$DW$T$19)
    5896                      .dwattr $C$DW$522, DW_AT_name("GPIO106")
    5897                      .dwattr $C$DW$522, DW_AT_bit_offset(0x05)
    5898                      .dwattr $C$DW$522, DW_AT_bit_size(0x01)
    5899                      .dwattr $C$DW$522, DW_AT_accessibility(DW_ACCESS_public)
    5900                      .dwattr $C$DW$522, DW_AT_decl_file("/home/jose/ti/c2000/C2000Ware_26_01_00_00/device_support/f2837xd/
    5901                      .dwattr $C$DW$522, DW_AT_decl_line(0xd50)
    5902                      .dwattr $C$DW$522, DW_AT_decl_column(0x0c)
    5903              
    5904              $C$DW$523       .dwtag  DW_TAG_member
    5905                      .dwattr $C$DW$523, DW_AT_type(*$C$DW$T$19)
    5906                      .dwattr $C$DW$523, DW_AT_name("GPIO107")
    5907                      .dwattr $C$DW$523, DW_AT_bit_offset(0x04)
    5908                      .dwattr $C$DW$523, DW_AT_bit_size(0x01)
    5909                      .dwattr $C$DW$523, DW_AT_accessibility(DW_ACCESS_public)
    5910                      .dwattr $C$DW$523, DW_AT_decl_file("/home/jose/ti/c2000/C2000Ware_26_01_00_00/device_support/f2837xd/
    5911                      .dwattr $C$DW$523, DW_AT_decl_line(0xd51)
    5912                      .dwattr $C$DW$523, DW_AT_decl_column(0x0c)
    5913              
    5914              $C$DW$524       .dwtag  DW_TAG_member
    5915                      .dwattr $C$DW$524, DW_AT_type(*$C$DW$T$19)
    5916                      .dwattr $C$DW$524, DW_AT_name("GPIO108")
TMS320C2000 Assembler Unix v25.11.0 Sat May 30 20:22:51 2026

Copyright (c) 1996-2018 Texas Instruments Incorporated
hal_board.asm                                                        PAGE  109

    5917                      .dwattr $C$DW$524, DW_AT_bit_offset(0x03)
    5918                      .dwattr $C$DW$524, DW_AT_bit_size(0x01)
    5919                      .dwattr $C$DW$524, DW_AT_accessibility(DW_ACCESS_public)
    5920                      .dwattr $C$DW$524, DW_AT_decl_file("/home/jose/ti/c2000/C2000Ware_26_01_00_00/device_support/f2837xd/
    5921                      .dwattr $C$DW$524, DW_AT_decl_line(0xd52)
    5922                      .dwattr $C$DW$524, DW_AT_decl_column(0x0c)
    5923              
    5924              $C$DW$525       .dwtag  DW_TAG_member
    5925                      .dwattr $C$DW$525, DW_AT_type(*$C$DW$T$19)
    5926                      .dwattr $C$DW$525, DW_AT_name("GPIO109")
    5927                      .dwattr $C$DW$525, DW_AT_bit_offset(0x02)
    5928                      .dwattr $C$DW$525, DW_AT_bit_size(0x01)
    5929                      .dwattr $C$DW$525, DW_AT_accessibility(DW_ACCESS_public)
    5930                      .dwattr $C$DW$525, DW_AT_decl_file("/home/jose/ti/c2000/C2000Ware_26_01_00_00/device_support/f2837xd/
    5931                      .dwattr $C$DW$525, DW_AT_decl_line(0xd53)
    5932                      .dwattr $C$DW$525, DW_AT_decl_column(0x0c)
    5933              
    5934              $C$DW$526       .dwtag  DW_TAG_member
    5935                      .dwattr $C$DW$526, DW_AT_type(*$C$DW$T$19)
    5936                      .dwattr $C$DW$526, DW_AT_name("GPIO110")
    5937                      .dwattr $C$DW$526, DW_AT_bit_offset(0x01)
    5938                      .dwattr $C$DW$526, DW_AT_bit_size(0x01)
    5939                      .dwattr $C$DW$526, DW_AT_accessibility(DW_ACCESS_public)
    5940                      .dwattr $C$DW$526, DW_AT_decl_file("/home/jose/ti/c2000/C2000Ware_26_01_00_00/device_support/f2837xd/
    5941                      .dwattr $C$DW$526, DW_AT_decl_line(0xd54)
    5942                      .dwattr $C$DW$526, DW_AT_decl_column(0x0c)
    5943              
    5944              $C$DW$527       .dwtag  DW_TAG_member
    5945                      .dwattr $C$DW$527, DW_AT_type(*$C$DW$T$19)
    5946                      .dwattr $C$DW$527, DW_AT_name("GPIO111")
    5947                      .dwattr $C$DW$527, DW_AT_bit_offset(0x00)
    5948                      .dwattr $C$DW$527, DW_AT_bit_size(0x01)
    5949                      .dwattr $C$DW$527, DW_AT_accessibility(DW_ACCESS_public)
    5950                      .dwattr $C$DW$527, DW_AT_decl_file("/home/jose/ti/c2000/C2000Ware_26_01_00_00/device_support/f2837xd/
    5951                      .dwattr $C$DW$527, DW_AT_decl_line(0xd55)
    5952                      .dwattr $C$DW$527, DW_AT_decl_column(0x0c)
    5953              
    5954              $C$DW$528       .dwtag  DW_TAG_member
    5955                      .dwattr $C$DW$528, DW_AT_type(*$C$DW$T$19)
    5956                      .dwattr $C$DW$528, DW_AT_name("GPIO112")
    5957                      .dwattr $C$DW$528, DW_AT_bit_offset(0x0f)
    5958                      .dwattr $C$DW$528, DW_AT_bit_size(0x01)
    5959                      .dwattr $C$DW$528, DW_AT_data_member_location[DW_OP_plus_uconst 0x1]
    5960                      .dwattr $C$DW$528, DW_AT_accessibility(DW_ACCESS_public)
    5961                      .dwattr $C$DW$528, DW_AT_decl_file("/home/jose/ti/c2000/C2000Ware_26_01_00_00/device_support/f2837xd/
    5962                      .dwattr $C$DW$528, DW_AT_decl_line(0xd56)
    5963                      .dwattr $C$DW$528, DW_AT_decl_column(0x0c)
    5964              
    5965              $C$DW$529       .dwtag  DW_TAG_member
    5966                      .dwattr $C$DW$529, DW_AT_type(*$C$DW$T$19)
    5967                      .dwattr $C$DW$529, DW_AT_name("GPIO113")
    5968                      .dwattr $C$DW$529, DW_AT_bit_offset(0x0e)
    5969                      .dwattr $C$DW$529, DW_AT_bit_size(0x01)
    5970                      .dwattr $C$DW$529, DW_AT_data_member_location[DW_OP_plus_uconst 0x1]
    5971                      .dwattr $C$DW$529, DW_AT_accessibility(DW_ACCESS_public)
TMS320C2000 Assembler Unix v25.11.0 Sat May 30 20:22:51 2026

Copyright (c) 1996-2018 Texas Instruments Incorporated
hal_board.asm                                                        PAGE  110

    5972                      .dwattr $C$DW$529, DW_AT_decl_file("/home/jose/ti/c2000/C2000Ware_26_01_00_00/device_support/f2837xd/
    5973                      .dwattr $C$DW$529, DW_AT_decl_line(0xd57)
    5974                      .dwattr $C$DW$529, DW_AT_decl_column(0x0c)
    5975              
    5976              $C$DW$530       .dwtag  DW_TAG_member
    5977                      .dwattr $C$DW$530, DW_AT_type(*$C$DW$T$19)
    5978                      .dwattr $C$DW$530, DW_AT_name("GPIO114")
    5979                      .dwattr $C$DW$530, DW_AT_bit_offset(0x0d)
    5980                      .dwattr $C$DW$530, DW_AT_bit_size(0x01)
    5981                      .dwattr $C$DW$530, DW_AT_data_member_location[DW_OP_plus_uconst 0x1]
    5982                      .dwattr $C$DW$530, DW_AT_accessibility(DW_ACCESS_public)
    5983                      .dwattr $C$DW$530, DW_AT_decl_file("/home/jose/ti/c2000/C2000Ware_26_01_00_00/device_support/f2837xd/
    5984                      .dwattr $C$DW$530, DW_AT_decl_line(0xd58)
    5985                      .dwattr $C$DW$530, DW_AT_decl_column(0x0c)
    5986              
    5987              $C$DW$531       .dwtag  DW_TAG_member
    5988                      .dwattr $C$DW$531, DW_AT_type(*$C$DW$T$19)
    5989                      .dwattr $C$DW$531, DW_AT_name("GPIO115")
    5990                      .dwattr $C$DW$531, DW_AT_bit_offset(0x0c)
    5991                      .dwattr $C$DW$531, DW_AT_bit_size(0x01)
    5992                      .dwattr $C$DW$531, DW_AT_data_member_location[DW_OP_plus_uconst 0x1]
    5993                      .dwattr $C$DW$531, DW_AT_accessibility(DW_ACCESS_public)
    5994                      .dwattr $C$DW$531, DW_AT_decl_file("/home/jose/ti/c2000/C2000Ware_26_01_00_00/device_support/f2837xd/
    5995                      .dwattr $C$DW$531, DW_AT_decl_line(0xd59)
    5996                      .dwattr $C$DW$531, DW_AT_decl_column(0x0c)
    5997              
    5998              $C$DW$532       .dwtag  DW_TAG_member
    5999                      .dwattr $C$DW$532, DW_AT_type(*$C$DW$T$19)
    6000                      .dwattr $C$DW$532, DW_AT_name("GPIO116")
    6001                      .dwattr $C$DW$532, DW_AT_bit_offset(0x0b)
    6002                      .dwattr $C$DW$532, DW_AT_bit_size(0x01)
    6003                      .dwattr $C$DW$532, DW_AT_data_member_location[DW_OP_plus_uconst 0x1]
    6004                      .dwattr $C$DW$532, DW_AT_accessibility(DW_ACCESS_public)
    6005                      .dwattr $C$DW$532, DW_AT_decl_file("/home/jose/ti/c2000/C2000Ware_26_01_00_00/device_support/f2837xd/
    6006                      .dwattr $C$DW$532, DW_AT_decl_line(0xd5a)
    6007                      .dwattr $C$DW$532, DW_AT_decl_column(0x0c)
    6008              
    6009              $C$DW$533       .dwtag  DW_TAG_member
    6010                      .dwattr $C$DW$533, DW_AT_type(*$C$DW$T$19)
    6011                      .dwattr $C$DW$533, DW_AT_name("GPIO117")
    6012                      .dwattr $C$DW$533, DW_AT_bit_offset(0x0a)
    6013                      .dwattr $C$DW$533, DW_AT_bit_size(0x01)
    6014                      .dwattr $C$DW$533, DW_AT_data_member_location[DW_OP_plus_uconst 0x1]
    6015                      .dwattr $C$DW$533, DW_AT_accessibility(DW_ACCESS_public)
    6016                      .dwattr $C$DW$533, DW_AT_decl_file("/home/jose/ti/c2000/C2000Ware_26_01_00_00/device_support/f2837xd/
    6017                      .dwattr $C$DW$533, DW_AT_decl_line(0xd5b)
    6018                      .dwattr $C$DW$533, DW_AT_decl_column(0x0c)
    6019              
    6020              $C$DW$534       .dwtag  DW_TAG_member
    6021                      .dwattr $C$DW$534, DW_AT_type(*$C$DW$T$19)
    6022                      .dwattr $C$DW$534, DW_AT_name("GPIO118")
    6023                      .dwattr $C$DW$534, DW_AT_bit_offset(0x09)
    6024                      .dwattr $C$DW$534, DW_AT_bit_size(0x01)
    6025                      .dwattr $C$DW$534, DW_AT_data_member_location[DW_OP_plus_uconst 0x1]
    6026                      .dwattr $C$DW$534, DW_AT_accessibility(DW_ACCESS_public)
TMS320C2000 Assembler Unix v25.11.0 Sat May 30 20:22:51 2026

Copyright (c) 1996-2018 Texas Instruments Incorporated
hal_board.asm                                                        PAGE  111

    6027                      .dwattr $C$DW$534, DW_AT_decl_file("/home/jose/ti/c2000/C2000Ware_26_01_00_00/device_support/f2837xd/
    6028                      .dwattr $C$DW$534, DW_AT_decl_line(0xd5c)
    6029                      .dwattr $C$DW$534, DW_AT_decl_column(0x0c)
    6030              
    6031              $C$DW$535       .dwtag  DW_TAG_member
    6032                      .dwattr $C$DW$535, DW_AT_type(*$C$DW$T$19)
    6033                      .dwattr $C$DW$535, DW_AT_name("GPIO119")
    6034                      .dwattr $C$DW$535, DW_AT_bit_offset(0x08)
    6035                      .dwattr $C$DW$535, DW_AT_bit_size(0x01)
    6036                      .dwattr $C$DW$535, DW_AT_data_member_location[DW_OP_plus_uconst 0x1]
    6037                      .dwattr $C$DW$535, DW_AT_accessibility(DW_ACCESS_public)
    6038                      .dwattr $C$DW$535, DW_AT_decl_file("/home/jose/ti/c2000/C2000Ware_26_01_00_00/device_support/f2837xd/
    6039                      .dwattr $C$DW$535, DW_AT_decl_line(0xd5d)
    6040                      .dwattr $C$DW$535, DW_AT_decl_column(0x0c)
    6041              
    6042              $C$DW$536       .dwtag  DW_TAG_member
    6043                      .dwattr $C$DW$536, DW_AT_type(*$C$DW$T$19)
    6044                      .dwattr $C$DW$536, DW_AT_name("GPIO120")
    6045                      .dwattr $C$DW$536, DW_AT_bit_offset(0x07)
    6046                      .dwattr $C$DW$536, DW_AT_bit_size(0x01)
    6047                      .dwattr $C$DW$536, DW_AT_data_member_location[DW_OP_plus_uconst 0x1]
    6048                      .dwattr $C$DW$536, DW_AT_accessibility(DW_ACCESS_public)
    6049                      .dwattr $C$DW$536, DW_AT_decl_file("/home/jose/ti/c2000/C2000Ware_26_01_00_00/device_support/f2837xd/
    6050                      .dwattr $C$DW$536, DW_AT_decl_line(0xd5e)
    6051                      .dwattr $C$DW$536, DW_AT_decl_column(0x0c)
    6052              
    6053              $C$DW$537       .dwtag  DW_TAG_member
    6054                      .dwattr $C$DW$537, DW_AT_type(*$C$DW$T$19)
    6055                      .dwattr $C$DW$537, DW_AT_name("GPIO121")
    6056                      .dwattr $C$DW$537, DW_AT_bit_offset(0x06)
    6057                      .dwattr $C$DW$537, DW_AT_bit_size(0x01)
    6058                      .dwattr $C$DW$537, DW_AT_data_member_location[DW_OP_plus_uconst 0x1]
    6059                      .dwattr $C$DW$537, DW_AT_accessibility(DW_ACCESS_public)
    6060                      .dwattr $C$DW$537, DW_AT_decl_file("/home/jose/ti/c2000/C2000Ware_26_01_00_00/device_support/f2837xd/
    6061                      .dwattr $C$DW$537, DW_AT_decl_line(0xd5f)
    6062                      .dwattr $C$DW$537, DW_AT_decl_column(0x0c)
    6063              
    6064              $C$DW$538       .dwtag  DW_TAG_member
    6065                      .dwattr $C$DW$538, DW_AT_type(*$C$DW$T$19)
    6066                      .dwattr $C$DW$538, DW_AT_name("GPIO122")
    6067                      .dwattr $C$DW$538, DW_AT_bit_offset(0x05)
    6068                      .dwattr $C$DW$538, DW_AT_bit_size(0x01)
    6069                      .dwattr $C$DW$538, DW_AT_data_member_location[DW_OP_plus_uconst 0x1]
    6070                      .dwattr $C$DW$538, DW_AT_accessibility(DW_ACCESS_public)
    6071                      .dwattr $C$DW$538, DW_AT_decl_file("/home/jose/ti/c2000/C2000Ware_26_01_00_00/device_support/f2837xd/
    6072                      .dwattr $C$DW$538, DW_AT_decl_line(0xd60)
    6073                      .dwattr $C$DW$538, DW_AT_decl_column(0x0c)
    6074              
    6075              $C$DW$539       .dwtag  DW_TAG_member
    6076                      .dwattr $C$DW$539, DW_AT_type(*$C$DW$T$19)
    6077                      .dwattr $C$DW$539, DW_AT_name("GPIO123")
    6078                      .dwattr $C$DW$539, DW_AT_bit_offset(0x04)
    6079                      .dwattr $C$DW$539, DW_AT_bit_size(0x01)
    6080                      .dwattr $C$DW$539, DW_AT_data_member_location[DW_OP_plus_uconst 0x1]
    6081                      .dwattr $C$DW$539, DW_AT_accessibility(DW_ACCESS_public)
TMS320C2000 Assembler Unix v25.11.0 Sat May 30 20:22:51 2026

Copyright (c) 1996-2018 Texas Instruments Incorporated
hal_board.asm                                                        PAGE  112

    6082                      .dwattr $C$DW$539, DW_AT_decl_file("/home/jose/ti/c2000/C2000Ware_26_01_00_00/device_support/f2837xd/
    6083                      .dwattr $C$DW$539, DW_AT_decl_line(0xd61)
    6084                      .dwattr $C$DW$539, DW_AT_decl_column(0x0c)
    6085              
    6086              $C$DW$540       .dwtag  DW_TAG_member
    6087                      .dwattr $C$DW$540, DW_AT_type(*$C$DW$T$19)
    6088                      .dwattr $C$DW$540, DW_AT_name("GPIO124")
    6089                      .dwattr $C$DW$540, DW_AT_bit_offset(0x03)
    6090                      .dwattr $C$DW$540, DW_AT_bit_size(0x01)
    6091                      .dwattr $C$DW$540, DW_AT_data_member_location[DW_OP_plus_uconst 0x1]
    6092                      .dwattr $C$DW$540, DW_AT_accessibility(DW_ACCESS_public)
    6093                      .dwattr $C$DW$540, DW_AT_decl_file("/home/jose/ti/c2000/C2000Ware_26_01_00_00/device_support/f2837xd/
    6094                      .dwattr $C$DW$540, DW_AT_decl_line(0xd62)
    6095                      .dwattr $C$DW$540, DW_AT_decl_column(0x0c)
    6096              
    6097              $C$DW$541       .dwtag  DW_TAG_member
    6098                      .dwattr $C$DW$541, DW_AT_type(*$C$DW$T$19)
    6099                      .dwattr $C$DW$541, DW_AT_name("GPIO125")
    6100                      .dwattr $C$DW$541, DW_AT_bit_offset(0x02)
    6101                      .dwattr $C$DW$541, DW_AT_bit_size(0x01)
    6102                      .dwattr $C$DW$541, DW_AT_data_member_location[DW_OP_plus_uconst 0x1]
    6103                      .dwattr $C$DW$541, DW_AT_accessibility(DW_ACCESS_public)
    6104                      .dwattr $C$DW$541, DW_AT_decl_file("/home/jose/ti/c2000/C2000Ware_26_01_00_00/device_support/f2837xd/
    6105                      .dwattr $C$DW$541, DW_AT_decl_line(0xd63)
    6106                      .dwattr $C$DW$541, DW_AT_decl_column(0x0c)
    6107              
    6108              $C$DW$542       .dwtag  DW_TAG_member
    6109                      .dwattr $C$DW$542, DW_AT_type(*$C$DW$T$19)
    6110                      .dwattr $C$DW$542, DW_AT_name("GPIO126")
    6111                      .dwattr $C$DW$542, DW_AT_bit_offset(0x01)
    6112                      .dwattr $C$DW$542, DW_AT_bit_size(0x01)
    6113                      .dwattr $C$DW$542, DW_AT_data_member_location[DW_OP_plus_uconst 0x1]
    6114                      .dwattr $C$DW$542, DW_AT_accessibility(DW_ACCESS_public)
    6115                      .dwattr $C$DW$542, DW_AT_decl_file("/home/jose/ti/c2000/C2000Ware_26_01_00_00/device_support/f2837xd/
    6116                      .dwattr $C$DW$542, DW_AT_decl_line(0xd64)
    6117                      .dwattr $C$DW$542, DW_AT_decl_column(0x0c)
    6118              
    6119              $C$DW$543       .dwtag  DW_TAG_member
    6120                      .dwattr $C$DW$543, DW_AT_type(*$C$DW$T$19)
    6121                      .dwattr $C$DW$543, DW_AT_name("GPIO127")
    6122                      .dwattr $C$DW$543, DW_AT_bit_offset(0x00)
    6123                      .dwattr $C$DW$543, DW_AT_bit_size(0x01)
    6124                      .dwattr $C$DW$543, DW_AT_data_member_location[DW_OP_plus_uconst 0x1]
    6125                      .dwattr $C$DW$543, DW_AT_accessibility(DW_ACCESS_public)
    6126                      .dwattr $C$DW$543, DW_AT_decl_file("/home/jose/ti/c2000/C2000Ware_26_01_00_00/device_support/f2837xd/
    6127                      .dwattr $C$DW$543, DW_AT_decl_line(0xd65)
    6128                      .dwattr $C$DW$543, DW_AT_decl_column(0x0c)
    6129              
    6130                      .dwattr $C$DW$T$49, DW_AT_decl_file("/home/jose/ti/c2000/C2000Ware_26_01_00_00/device_support/f2837xd
    6131                      .dwattr $C$DW$T$49, DW_AT_decl_line(0xd45)
    6132                      .dwattr $C$DW$T$49, DW_AT_decl_column(0x08)
    6133                      .dwendtag $C$DW$T$49
    6134              
    6135                      .dwendtag $C$DW$TU$49
    6136              
TMS320C2000 Assembler Unix v25.11.0 Sat May 30 20:22:51 2026

Copyright (c) 1996-2018 Texas Instruments Incorporated
hal_board.asm                                                        PAGE  113

    6137              
    6138              $C$DW$TU$50     .dwtag  DW_TAG_type_unit
    6139                      .dwmtype  $C$DW$T$50
    6140              
    6141              $C$DW$T$50      .dwtag  DW_TAG_union_type
    6142                      .dwattr $C$DW$T$50, DW_AT_name("GPDSET_REG")
    6143                      .dwattr $C$DW$T$50, DW_AT_byte_size(0x02)
    6144              $C$DW$544       .dwtag  DW_TAG_member
    6145                      .dwattr $C$DW$544, DW_AT_type(*$C$DW$T$21)
    6146                      .dwattr $C$DW$544, DW_AT_name("all")
    6147                      .dwattr $C$DW$544, DW_AT_accessibility(DW_ACCESS_public)
    6148                      .dwattr $C$DW$544, DW_AT_decl_file("/home/jose/ti/c2000/C2000Ware_26_01_00_00/device_support/f2837xd/
    6149                      .dwattr $C$DW$544, DW_AT_decl_line(0xd69)
    6150                      .dwattr $C$DW$544, DW_AT_decl_column(0x0d)
    6151              
    6152              $C$DW$545       .dwtag  DW_TAG_member
    6153                      .dwattr $C$DW$545, DW_AT_type(*$C$DW$T$49)
    6154                      .dwattr $C$DW$545, DW_AT_name("bit")
    6155                      .dwattr $C$DW$545, DW_AT_accessibility(DW_ACCESS_public)
    6156                      .dwattr $C$DW$545, DW_AT_decl_file("/home/jose/ti/c2000/C2000Ware_26_01_00_00/device_support/f2837xd/
    6157                      .dwattr $C$DW$545, DW_AT_decl_line(0xd6a)
    6158                      .dwattr $C$DW$545, DW_AT_decl_column(0x1a)
    6159              
    6160                      .dwattr $C$DW$T$50, DW_AT_decl_file("/home/jose/ti/c2000/C2000Ware_26_01_00_00/device_support/f2837xd
    6161                      .dwattr $C$DW$T$50, DW_AT_decl_line(0xd68)
    6162                      .dwattr $C$DW$T$50, DW_AT_decl_column(0x07)
    6163                      .dwendtag $C$DW$T$50
    6164              
    6165                      .dwendtag $C$DW$TU$50
    6166              
    6167              
    6168              $C$DW$TU$51     .dwtag  DW_TAG_type_unit
    6169                      .dwmtype  $C$DW$T$51
    6170              
    6171              $C$DW$T$51      .dwtag  DW_TAG_structure_type
    6172                      .dwattr $C$DW$T$51, DW_AT_name("GPDTOGGLE_BITS")
    6173                      .dwattr $C$DW$T$51, DW_AT_byte_size(0x02)
    6174              $C$DW$546       .dwtag  DW_TAG_member
    6175                      .dwattr $C$DW$546, DW_AT_type(*$C$DW$T$19)
    6176                      .dwattr $C$DW$546, DW_AT_name("GPIO96")
    6177                      .dwattr $C$DW$546, DW_AT_bit_offset(0x0f)
    6178                      .dwattr $C$DW$546, DW_AT_bit_size(0x01)
    6179                      .dwattr $C$DW$546, DW_AT_accessibility(DW_ACCESS_public)
    6180                      .dwattr $C$DW$546, DW_AT_decl_file("/home/jose/ti/c2000/C2000Ware_26_01_00_00/device_support/f2837xd/
    6181                      .dwattr $C$DW$546, DW_AT_decl_line(0xd96)
    6182                      .dwattr $C$DW$546, DW_AT_decl_column(0x0c)
    6183              
    6184              $C$DW$547       .dwtag  DW_TAG_member
    6185                      .dwattr $C$DW$547, DW_AT_type(*$C$DW$T$19)
    6186                      .dwattr $C$DW$547, DW_AT_name("GPIO97")
    6187                      .dwattr $C$DW$547, DW_AT_bit_offset(0x0e)
    6188                      .dwattr $C$DW$547, DW_AT_bit_size(0x01)
    6189                      .dwattr $C$DW$547, DW_AT_accessibility(DW_ACCESS_public)
    6190                      .dwattr $C$DW$547, DW_AT_decl_file("/home/jose/ti/c2000/C2000Ware_26_01_00_00/device_support/f2837xd/
    6191                      .dwattr $C$DW$547, DW_AT_decl_line(0xd97)
TMS320C2000 Assembler Unix v25.11.0 Sat May 30 20:22:51 2026

Copyright (c) 1996-2018 Texas Instruments Incorporated
hal_board.asm                                                        PAGE  114

    6192                      .dwattr $C$DW$547, DW_AT_decl_column(0x0c)
    6193              
    6194              $C$DW$548       .dwtag  DW_TAG_member
    6195                      .dwattr $C$DW$548, DW_AT_type(*$C$DW$T$19)
    6196                      .dwattr $C$DW$548, DW_AT_name("GPIO98")
    6197                      .dwattr $C$DW$548, DW_AT_bit_offset(0x0d)
    6198                      .dwattr $C$DW$548, DW_AT_bit_size(0x01)
    6199                      .dwattr $C$DW$548, DW_AT_accessibility(DW_ACCESS_public)
    6200                      .dwattr $C$DW$548, DW_AT_decl_file("/home/jose/ti/c2000/C2000Ware_26_01_00_00/device_support/f2837xd/
    6201                      .dwattr $C$DW$548, DW_AT_decl_line(0xd98)
    6202                      .dwattr $C$DW$548, DW_AT_decl_column(0x0c)
    6203              
    6204              $C$DW$549       .dwtag  DW_TAG_member
    6205                      .dwattr $C$DW$549, DW_AT_type(*$C$DW$T$19)
    6206                      .dwattr $C$DW$549, DW_AT_name("GPIO99")
    6207                      .dwattr $C$DW$549, DW_AT_bit_offset(0x0c)
    6208                      .dwattr $C$DW$549, DW_AT_bit_size(0x01)
    6209                      .dwattr $C$DW$549, DW_AT_accessibility(DW_ACCESS_public)
    6210                      .dwattr $C$DW$549, DW_AT_decl_file("/home/jose/ti/c2000/C2000Ware_26_01_00_00/device_support/f2837xd/
    6211                      .dwattr $C$DW$549, DW_AT_decl_line(0xd99)
    6212                      .dwattr $C$DW$549, DW_AT_decl_column(0x0c)
    6213              
    6214              $C$DW$550       .dwtag  DW_TAG_member
    6215                      .dwattr $C$DW$550, DW_AT_type(*$C$DW$T$19)
    6216                      .dwattr $C$DW$550, DW_AT_name("GPIO100")
    6217                      .dwattr $C$DW$550, DW_AT_bit_offset(0x0b)
    6218                      .dwattr $C$DW$550, DW_AT_bit_size(0x01)
    6219                      .dwattr $C$DW$550, DW_AT_accessibility(DW_ACCESS_public)
    6220                      .dwattr $C$DW$550, DW_AT_decl_file("/home/jose/ti/c2000/C2000Ware_26_01_00_00/device_support/f2837xd/
    6221                      .dwattr $C$DW$550, DW_AT_decl_line(0xd9a)
    6222                      .dwattr $C$DW$550, DW_AT_decl_column(0x0c)
    6223              
    6224              $C$DW$551       .dwtag  DW_TAG_member
    6225                      .dwattr $C$DW$551, DW_AT_type(*$C$DW$T$19)
    6226                      .dwattr $C$DW$551, DW_AT_name("GPIO101")
    6227                      .dwattr $C$DW$551, DW_AT_bit_offset(0x0a)
    6228                      .dwattr $C$DW$551, DW_AT_bit_size(0x01)
    6229                      .dwattr $C$DW$551, DW_AT_accessibility(DW_ACCESS_public)
    6230                      .dwattr $C$DW$551, DW_AT_decl_file("/home/jose/ti/c2000/C2000Ware_26_01_00_00/device_support/f2837xd/
    6231                      .dwattr $C$DW$551, DW_AT_decl_line(0xd9b)
    6232                      .dwattr $C$DW$551, DW_AT_decl_column(0x0c)
    6233              
    6234              $C$DW$552       .dwtag  DW_TAG_member
    6235                      .dwattr $C$DW$552, DW_AT_type(*$C$DW$T$19)
    6236                      .dwattr $C$DW$552, DW_AT_name("GPIO102")
    6237                      .dwattr $C$DW$552, DW_AT_bit_offset(0x09)
    6238                      .dwattr $C$DW$552, DW_AT_bit_size(0x01)
    6239                      .dwattr $C$DW$552, DW_AT_accessibility(DW_ACCESS_public)
    6240                      .dwattr $C$DW$552, DW_AT_decl_file("/home/jose/ti/c2000/C2000Ware_26_01_00_00/device_support/f2837xd/
    6241                      .dwattr $C$DW$552, DW_AT_decl_line(0xd9c)
    6242                      .dwattr $C$DW$552, DW_AT_decl_column(0x0c)
    6243              
    6244              $C$DW$553       .dwtag  DW_TAG_member
    6245                      .dwattr $C$DW$553, DW_AT_type(*$C$DW$T$19)
    6246                      .dwattr $C$DW$553, DW_AT_name("GPIO103")
TMS320C2000 Assembler Unix v25.11.0 Sat May 30 20:22:51 2026

Copyright (c) 1996-2018 Texas Instruments Incorporated
hal_board.asm                                                        PAGE  115

    6247                      .dwattr $C$DW$553, DW_AT_bit_offset(0x08)
    6248                      .dwattr $C$DW$553, DW_AT_bit_size(0x01)
    6249                      .dwattr $C$DW$553, DW_AT_accessibility(DW_ACCESS_public)
    6250                      .dwattr $C$DW$553, DW_AT_decl_file("/home/jose/ti/c2000/C2000Ware_26_01_00_00/device_support/f2837xd/
    6251                      .dwattr $C$DW$553, DW_AT_decl_line(0xd9d)
    6252                      .dwattr $C$DW$553, DW_AT_decl_column(0x0c)
    6253              
    6254              $C$DW$554       .dwtag  DW_TAG_member
    6255                      .dwattr $C$DW$554, DW_AT_type(*$C$DW$T$19)
    6256                      .dwattr $C$DW$554, DW_AT_name("GPIO104")
    6257                      .dwattr $C$DW$554, DW_AT_bit_offset(0x07)
    6258                      .dwattr $C$DW$554, DW_AT_bit_size(0x01)
    6259                      .dwattr $C$DW$554, DW_AT_accessibility(DW_ACCESS_public)
    6260                      .dwattr $C$DW$554, DW_AT_decl_file("/home/jose/ti/c2000/C2000Ware_26_01_00_00/device_support/f2837xd/
    6261                      .dwattr $C$DW$554, DW_AT_decl_line(0xd9e)
    6262                      .dwattr $C$DW$554, DW_AT_decl_column(0x0c)
    6263              
    6264              $C$DW$555       .dwtag  DW_TAG_member
    6265                      .dwattr $C$DW$555, DW_AT_type(*$C$DW$T$19)
    6266                      .dwattr $C$DW$555, DW_AT_name("GPIO105")
    6267                      .dwattr $C$DW$555, DW_AT_bit_offset(0x06)
    6268                      .dwattr $C$DW$555, DW_AT_bit_size(0x01)
    6269                      .dwattr $C$DW$555, DW_AT_accessibility(DW_ACCESS_public)
    6270                      .dwattr $C$DW$555, DW_AT_decl_file("/home/jose/ti/c2000/C2000Ware_26_01_00_00/device_support/f2837xd/
    6271                      .dwattr $C$DW$555, DW_AT_decl_line(0xd9f)
    6272                      .dwattr $C$DW$555, DW_AT_decl_column(0x0c)
    6273              
    6274              $C$DW$556       .dwtag  DW_TAG_member
    6275                      .dwattr $C$DW$556, DW_AT_type(*$C$DW$T$19)
    6276                      .dwattr $C$DW$556, DW_AT_name("GPIO106")
    6277                      .dwattr $C$DW$556, DW_AT_bit_offset(0x05)
    6278                      .dwattr $C$DW$556, DW_AT_bit_size(0x01)
    6279                      .dwattr $C$DW$556, DW_AT_accessibility(DW_ACCESS_public)
    6280                      .dwattr $C$DW$556, DW_AT_decl_file("/home/jose/ti/c2000/C2000Ware_26_01_00_00/device_support/f2837xd/
    6281                      .dwattr $C$DW$556, DW_AT_decl_line(0xda0)
    6282                      .dwattr $C$DW$556, DW_AT_decl_column(0x0c)
    6283              
    6284              $C$DW$557       .dwtag  DW_TAG_member
    6285                      .dwattr $C$DW$557, DW_AT_type(*$C$DW$T$19)
    6286                      .dwattr $C$DW$557, DW_AT_name("GPIO107")
    6287                      .dwattr $C$DW$557, DW_AT_bit_offset(0x04)
    6288                      .dwattr $C$DW$557, DW_AT_bit_size(0x01)
    6289                      .dwattr $C$DW$557, DW_AT_accessibility(DW_ACCESS_public)
    6290                      .dwattr $C$DW$557, DW_AT_decl_file("/home/jose/ti/c2000/C2000Ware_26_01_00_00/device_support/f2837xd/
    6291                      .dwattr $C$DW$557, DW_AT_decl_line(0xda1)
    6292                      .dwattr $C$DW$557, DW_AT_decl_column(0x0c)
    6293              
    6294              $C$DW$558       .dwtag  DW_TAG_member
    6295                      .dwattr $C$DW$558, DW_AT_type(*$C$DW$T$19)
    6296                      .dwattr $C$DW$558, DW_AT_name("GPIO108")
    6297                      .dwattr $C$DW$558, DW_AT_bit_offset(0x03)
    6298                      .dwattr $C$DW$558, DW_AT_bit_size(0x01)
    6299                      .dwattr $C$DW$558, DW_AT_accessibility(DW_ACCESS_public)
    6300                      .dwattr $C$DW$558, DW_AT_decl_file("/home/jose/ti/c2000/C2000Ware_26_01_00_00/device_support/f2837xd/
    6301                      .dwattr $C$DW$558, DW_AT_decl_line(0xda2)
TMS320C2000 Assembler Unix v25.11.0 Sat May 30 20:22:51 2026

Copyright (c) 1996-2018 Texas Instruments Incorporated
hal_board.asm                                                        PAGE  116

    6302                      .dwattr $C$DW$558, DW_AT_decl_column(0x0c)
    6303              
    6304              $C$DW$559       .dwtag  DW_TAG_member
    6305                      .dwattr $C$DW$559, DW_AT_type(*$C$DW$T$19)
    6306                      .dwattr $C$DW$559, DW_AT_name("GPIO109")
    6307                      .dwattr $C$DW$559, DW_AT_bit_offset(0x02)
    6308                      .dwattr $C$DW$559, DW_AT_bit_size(0x01)
    6309                      .dwattr $C$DW$559, DW_AT_accessibility(DW_ACCESS_public)
    6310                      .dwattr $C$DW$559, DW_AT_decl_file("/home/jose/ti/c2000/C2000Ware_26_01_00_00/device_support/f2837xd/
    6311                      .dwattr $C$DW$559, DW_AT_decl_line(0xda3)
    6312                      .dwattr $C$DW$559, DW_AT_decl_column(0x0c)
    6313              
    6314              $C$DW$560       .dwtag  DW_TAG_member
    6315                      .dwattr $C$DW$560, DW_AT_type(*$C$DW$T$19)
    6316                      .dwattr $C$DW$560, DW_AT_name("GPIO110")
    6317                      .dwattr $C$DW$560, DW_AT_bit_offset(0x01)
    6318                      .dwattr $C$DW$560, DW_AT_bit_size(0x01)
    6319                      .dwattr $C$DW$560, DW_AT_accessibility(DW_ACCESS_public)
    6320                      .dwattr $C$DW$560, DW_AT_decl_file("/home/jose/ti/c2000/C2000Ware_26_01_00_00/device_support/f2837xd/
    6321                      .dwattr $C$DW$560, DW_AT_decl_line(0xda4)
    6322                      .dwattr $C$DW$560, DW_AT_decl_column(0x0c)
    6323              
    6324              $C$DW$561       .dwtag  DW_TAG_member
    6325                      .dwattr $C$DW$561, DW_AT_type(*$C$DW$T$19)
    6326                      .dwattr $C$DW$561, DW_AT_name("GPIO111")
    6327                      .dwattr $C$DW$561, DW_AT_bit_offset(0x00)
    6328                      .dwattr $C$DW$561, DW_AT_bit_size(0x01)
    6329                      .dwattr $C$DW$561, DW_AT_accessibility(DW_ACCESS_public)
    6330                      .dwattr $C$DW$561, DW_AT_decl_file("/home/jose/ti/c2000/C2000Ware_26_01_00_00/device_support/f2837xd/
    6331                      .dwattr $C$DW$561, DW_AT_decl_line(0xda5)
    6332                      .dwattr $C$DW$561, DW_AT_decl_column(0x0c)
    6333              
    6334              $C$DW$562       .dwtag  DW_TAG_member
    6335                      .dwattr $C$DW$562, DW_AT_type(*$C$DW$T$19)
    6336                      .dwattr $C$DW$562, DW_AT_name("GPIO112")
    6337                      .dwattr $C$DW$562, DW_AT_bit_offset(0x0f)
    6338                      .dwattr $C$DW$562, DW_AT_bit_size(0x01)
    6339                      .dwattr $C$DW$562, DW_AT_data_member_location[DW_OP_plus_uconst 0x1]
    6340                      .dwattr $C$DW$562, DW_AT_accessibility(DW_ACCESS_public)
    6341                      .dwattr $C$DW$562, DW_AT_decl_file("/home/jose/ti/c2000/C2000Ware_26_01_00_00/device_support/f2837xd/
    6342                      .dwattr $C$DW$562, DW_AT_decl_line(0xda6)
    6343                      .dwattr $C$DW$562, DW_AT_decl_column(0x0c)
    6344              
    6345              $C$DW$563       .dwtag  DW_TAG_member
    6346                      .dwattr $C$DW$563, DW_AT_type(*$C$DW$T$19)
    6347                      .dwattr $C$DW$563, DW_AT_name("GPIO113")
    6348                      .dwattr $C$DW$563, DW_AT_bit_offset(0x0e)
    6349                      .dwattr $C$DW$563, DW_AT_bit_size(0x01)
    6350                      .dwattr $C$DW$563, DW_AT_data_member_location[DW_OP_plus_uconst 0x1]
    6351                      .dwattr $C$DW$563, DW_AT_accessibility(DW_ACCESS_public)
    6352                      .dwattr $C$DW$563, DW_AT_decl_file("/home/jose/ti/c2000/C2000Ware_26_01_00_00/device_support/f2837xd/
    6353                      .dwattr $C$DW$563, DW_AT_decl_line(0xda7)
    6354                      .dwattr $C$DW$563, DW_AT_decl_column(0x0c)
    6355              
    6356              $C$DW$564       .dwtag  DW_TAG_member
TMS320C2000 Assembler Unix v25.11.0 Sat May 30 20:22:51 2026

Copyright (c) 1996-2018 Texas Instruments Incorporated
hal_board.asm                                                        PAGE  117

    6357                      .dwattr $C$DW$564, DW_AT_type(*$C$DW$T$19)
    6358                      .dwattr $C$DW$564, DW_AT_name("GPIO114")
    6359                      .dwattr $C$DW$564, DW_AT_bit_offset(0x0d)
    6360                      .dwattr $C$DW$564, DW_AT_bit_size(0x01)
    6361                      .dwattr $C$DW$564, DW_AT_data_member_location[DW_OP_plus_uconst 0x1]
    6362                      .dwattr $C$DW$564, DW_AT_accessibility(DW_ACCESS_public)
    6363                      .dwattr $C$DW$564, DW_AT_decl_file("/home/jose/ti/c2000/C2000Ware_26_01_00_00/device_support/f2837xd/
    6364                      .dwattr $C$DW$564, DW_AT_decl_line(0xda8)
    6365                      .dwattr $C$DW$564, DW_AT_decl_column(0x0c)
    6366              
    6367              $C$DW$565       .dwtag  DW_TAG_member
    6368                      .dwattr $C$DW$565, DW_AT_type(*$C$DW$T$19)
    6369                      .dwattr $C$DW$565, DW_AT_name("GPIO115")
    6370                      .dwattr $C$DW$565, DW_AT_bit_offset(0x0c)
    6371                      .dwattr $C$DW$565, DW_AT_bit_size(0x01)
    6372                      .dwattr $C$DW$565, DW_AT_data_member_location[DW_OP_plus_uconst 0x1]
    6373                      .dwattr $C$DW$565, DW_AT_accessibility(DW_ACCESS_public)
    6374                      .dwattr $C$DW$565, DW_AT_decl_file("/home/jose/ti/c2000/C2000Ware_26_01_00_00/device_support/f2837xd/
    6375                      .dwattr $C$DW$565, DW_AT_decl_line(0xda9)
    6376                      .dwattr $C$DW$565, DW_AT_decl_column(0x0c)
    6377              
    6378              $C$DW$566       .dwtag  DW_TAG_member
    6379                      .dwattr $C$DW$566, DW_AT_type(*$C$DW$T$19)
    6380                      .dwattr $C$DW$566, DW_AT_name("GPIO116")
    6381                      .dwattr $C$DW$566, DW_AT_bit_offset(0x0b)
    6382                      .dwattr $C$DW$566, DW_AT_bit_size(0x01)
    6383                      .dwattr $C$DW$566, DW_AT_data_member_location[DW_OP_plus_uconst 0x1]
    6384                      .dwattr $C$DW$566, DW_AT_accessibility(DW_ACCESS_public)
    6385                      .dwattr $C$DW$566, DW_AT_decl_file("/home/jose/ti/c2000/C2000Ware_26_01_00_00/device_support/f2837xd/
    6386                      .dwattr $C$DW$566, DW_AT_decl_line(0xdaa)
    6387                      .dwattr $C$DW$566, DW_AT_decl_column(0x0c)
    6388              
    6389              $C$DW$567       .dwtag  DW_TAG_member
    6390                      .dwattr $C$DW$567, DW_AT_type(*$C$DW$T$19)
    6391                      .dwattr $C$DW$567, DW_AT_name("GPIO117")
    6392                      .dwattr $C$DW$567, DW_AT_bit_offset(0x0a)
    6393                      .dwattr $C$DW$567, DW_AT_bit_size(0x01)
    6394                      .dwattr $C$DW$567, DW_AT_data_member_location[DW_OP_plus_uconst 0x1]
    6395                      .dwattr $C$DW$567, DW_AT_accessibility(DW_ACCESS_public)
    6396                      .dwattr $C$DW$567, DW_AT_decl_file("/home/jose/ti/c2000/C2000Ware_26_01_00_00/device_support/f2837xd/
    6397                      .dwattr $C$DW$567, DW_AT_decl_line(0xdab)
    6398                      .dwattr $C$DW$567, DW_AT_decl_column(0x0c)
    6399              
    6400              $C$DW$568       .dwtag  DW_TAG_member
    6401                      .dwattr $C$DW$568, DW_AT_type(*$C$DW$T$19)
    6402                      .dwattr $C$DW$568, DW_AT_name("GPIO118")
    6403                      .dwattr $C$DW$568, DW_AT_bit_offset(0x09)
    6404                      .dwattr $C$DW$568, DW_AT_bit_size(0x01)
    6405                      .dwattr $C$DW$568, DW_AT_data_member_location[DW_OP_plus_uconst 0x1]
    6406                      .dwattr $C$DW$568, DW_AT_accessibility(DW_ACCESS_public)
    6407                      .dwattr $C$DW$568, DW_AT_decl_file("/home/jose/ti/c2000/C2000Ware_26_01_00_00/device_support/f2837xd/
    6408                      .dwattr $C$DW$568, DW_AT_decl_line(0xdac)
    6409                      .dwattr $C$DW$568, DW_AT_decl_column(0x0c)
    6410              
    6411              $C$DW$569       .dwtag  DW_TAG_member
TMS320C2000 Assembler Unix v25.11.0 Sat May 30 20:22:51 2026

Copyright (c) 1996-2018 Texas Instruments Incorporated
hal_board.asm                                                        PAGE  118

    6412                      .dwattr $C$DW$569, DW_AT_type(*$C$DW$T$19)
    6413                      .dwattr $C$DW$569, DW_AT_name("GPIO119")
    6414                      .dwattr $C$DW$569, DW_AT_bit_offset(0x08)
    6415                      .dwattr $C$DW$569, DW_AT_bit_size(0x01)
    6416                      .dwattr $C$DW$569, DW_AT_data_member_location[DW_OP_plus_uconst 0x1]
    6417                      .dwattr $C$DW$569, DW_AT_accessibility(DW_ACCESS_public)
    6418                      .dwattr $C$DW$569, DW_AT_decl_file("/home/jose/ti/c2000/C2000Ware_26_01_00_00/device_support/f2837xd/
    6419                      .dwattr $C$DW$569, DW_AT_decl_line(0xdad)
    6420                      .dwattr $C$DW$569, DW_AT_decl_column(0x0c)
    6421              
    6422              $C$DW$570       .dwtag  DW_TAG_member
    6423                      .dwattr $C$DW$570, DW_AT_type(*$C$DW$T$19)
    6424                      .dwattr $C$DW$570, DW_AT_name("GPIO120")
    6425                      .dwattr $C$DW$570, DW_AT_bit_offset(0x07)
    6426                      .dwattr $C$DW$570, DW_AT_bit_size(0x01)
    6427                      .dwattr $C$DW$570, DW_AT_data_member_location[DW_OP_plus_uconst 0x1]
    6428                      .dwattr $C$DW$570, DW_AT_accessibility(DW_ACCESS_public)
    6429                      .dwattr $C$DW$570, DW_AT_decl_file("/home/jose/ti/c2000/C2000Ware_26_01_00_00/device_support/f2837xd/
    6430                      .dwattr $C$DW$570, DW_AT_decl_line(0xdae)
    6431                      .dwattr $C$DW$570, DW_AT_decl_column(0x0c)
    6432              
    6433              $C$DW$571       .dwtag  DW_TAG_member
    6434                      .dwattr $C$DW$571, DW_AT_type(*$C$DW$T$19)
    6435                      .dwattr $C$DW$571, DW_AT_name("GPIO121")
    6436                      .dwattr $C$DW$571, DW_AT_bit_offset(0x06)
    6437                      .dwattr $C$DW$571, DW_AT_bit_size(0x01)
    6438                      .dwattr $C$DW$571, DW_AT_data_member_location[DW_OP_plus_uconst 0x1]
    6439                      .dwattr $C$DW$571, DW_AT_accessibility(DW_ACCESS_public)
    6440                      .dwattr $C$DW$571, DW_AT_decl_file("/home/jose/ti/c2000/C2000Ware_26_01_00_00/device_support/f2837xd/
    6441                      .dwattr $C$DW$571, DW_AT_decl_line(0xdaf)
    6442                      .dwattr $C$DW$571, DW_AT_decl_column(0x0c)
    6443              
    6444              $C$DW$572       .dwtag  DW_TAG_member
    6445                      .dwattr $C$DW$572, DW_AT_type(*$C$DW$T$19)
    6446                      .dwattr $C$DW$572, DW_AT_name("GPIO122")
    6447                      .dwattr $C$DW$572, DW_AT_bit_offset(0x05)
    6448                      .dwattr $C$DW$572, DW_AT_bit_size(0x01)
    6449                      .dwattr $C$DW$572, DW_AT_data_member_location[DW_OP_plus_uconst 0x1]
    6450                      .dwattr $C$DW$572, DW_AT_accessibility(DW_ACCESS_public)
    6451                      .dwattr $C$DW$572, DW_AT_decl_file("/home/jose/ti/c2000/C2000Ware_26_01_00_00/device_support/f2837xd/
    6452                      .dwattr $C$DW$572, DW_AT_decl_line(0xdb0)
    6453                      .dwattr $C$DW$572, DW_AT_decl_column(0x0c)
    6454              
    6455              $C$DW$573       .dwtag  DW_TAG_member
    6456                      .dwattr $C$DW$573, DW_AT_type(*$C$DW$T$19)
    6457                      .dwattr $C$DW$573, DW_AT_name("GPIO123")
    6458                      .dwattr $C$DW$573, DW_AT_bit_offset(0x04)
    6459                      .dwattr $C$DW$573, DW_AT_bit_size(0x01)
    6460                      .dwattr $C$DW$573, DW_AT_data_member_location[DW_OP_plus_uconst 0x1]
    6461                      .dwattr $C$DW$573, DW_AT_accessibility(DW_ACCESS_public)
    6462                      .dwattr $C$DW$573, DW_AT_decl_file("/home/jose/ti/c2000/C2000Ware_26_01_00_00/device_support/f2837xd/
    6463                      .dwattr $C$DW$573, DW_AT_decl_line(0xdb1)
    6464                      .dwattr $C$DW$573, DW_AT_decl_column(0x0c)
    6465              
    6466              $C$DW$574       .dwtag  DW_TAG_member
TMS320C2000 Assembler Unix v25.11.0 Sat May 30 20:22:51 2026

Copyright (c) 1996-2018 Texas Instruments Incorporated
hal_board.asm                                                        PAGE  119

    6467                      .dwattr $C$DW$574, DW_AT_type(*$C$DW$T$19)
    6468                      .dwattr $C$DW$574, DW_AT_name("GPIO124")
    6469                      .dwattr $C$DW$574, DW_AT_bit_offset(0x03)
    6470                      .dwattr $C$DW$574, DW_AT_bit_size(0x01)
    6471                      .dwattr $C$DW$574, DW_AT_data_member_location[DW_OP_plus_uconst 0x1]
    6472                      .dwattr $C$DW$574, DW_AT_accessibility(DW_ACCESS_public)
    6473                      .dwattr $C$DW$574, DW_AT_decl_file("/home/jose/ti/c2000/C2000Ware_26_01_00_00/device_support/f2837xd/
    6474                      .dwattr $C$DW$574, DW_AT_decl_line(0xdb2)
    6475                      .dwattr $C$DW$574, DW_AT_decl_column(0x0c)
    6476              
    6477              $C$DW$575       .dwtag  DW_TAG_member
    6478                      .dwattr $C$DW$575, DW_AT_type(*$C$DW$T$19)
    6479                      .dwattr $C$DW$575, DW_AT_name("GPIO125")
    6480                      .dwattr $C$DW$575, DW_AT_bit_offset(0x02)
    6481                      .dwattr $C$DW$575, DW_AT_bit_size(0x01)
    6482                      .dwattr $C$DW$575, DW_AT_data_member_location[DW_OP_plus_uconst 0x1]
    6483                      .dwattr $C$DW$575, DW_AT_accessibility(DW_ACCESS_public)
    6484                      .dwattr $C$DW$575, DW_AT_decl_file("/home/jose/ti/c2000/C2000Ware_26_01_00_00/device_support/f2837xd/
    6485                      .dwattr $C$DW$575, DW_AT_decl_line(0xdb3)
    6486                      .dwattr $C$DW$575, DW_AT_decl_column(0x0c)
    6487              
    6488              $C$DW$576       .dwtag  DW_TAG_member
    6489                      .dwattr $C$DW$576, DW_AT_type(*$C$DW$T$19)
    6490                      .dwattr $C$DW$576, DW_AT_name("GPIO126")
    6491                      .dwattr $C$DW$576, DW_AT_bit_offset(0x01)
    6492                      .dwattr $C$DW$576, DW_AT_bit_size(0x01)
    6493                      .dwattr $C$DW$576, DW_AT_data_member_location[DW_OP_plus_uconst 0x1]
    6494                      .dwattr $C$DW$576, DW_AT_accessibility(DW_ACCESS_public)
    6495                      .dwattr $C$DW$576, DW_AT_decl_file("/home/jose/ti/c2000/C2000Ware_26_01_00_00/device_support/f2837xd/
    6496                      .dwattr $C$DW$576, DW_AT_decl_line(0xdb4)
    6497                      .dwattr $C$DW$576, DW_AT_decl_column(0x0c)
    6498              
    6499              $C$DW$577       .dwtag  DW_TAG_member
    6500                      .dwattr $C$DW$577, DW_AT_type(*$C$DW$T$19)
    6501                      .dwattr $C$DW$577, DW_AT_name("GPIO127")
    6502                      .dwattr $C$DW$577, DW_AT_bit_offset(0x00)
    6503                      .dwattr $C$DW$577, DW_AT_bit_size(0x01)
    6504                      .dwattr $C$DW$577, DW_AT_data_member_location[DW_OP_plus_uconst 0x1]
    6505                      .dwattr $C$DW$577, DW_AT_accessibility(DW_ACCESS_public)
    6506                      .dwattr $C$DW$577, DW_AT_decl_file("/home/jose/ti/c2000/C2000Ware_26_01_00_00/device_support/f2837xd/
    6507                      .dwattr $C$DW$577, DW_AT_decl_line(0xdb5)
    6508                      .dwattr $C$DW$577, DW_AT_decl_column(0x0c)
    6509              
    6510                      .dwattr $C$DW$T$51, DW_AT_decl_file("/home/jose/ti/c2000/C2000Ware_26_01_00_00/device_support/f2837xd
    6511                      .dwattr $C$DW$T$51, DW_AT_decl_line(0xd95)
    6512                      .dwattr $C$DW$T$51, DW_AT_decl_column(0x08)
    6513                      .dwendtag $C$DW$T$51
    6514              
    6515                      .dwendtag $C$DW$TU$51
    6516              
    6517              
    6518              $C$DW$TU$52     .dwtag  DW_TAG_type_unit
    6519                      .dwmtype  $C$DW$T$52
    6520              
    6521              $C$DW$T$52      .dwtag  DW_TAG_union_type
TMS320C2000 Assembler Unix v25.11.0 Sat May 30 20:22:51 2026

Copyright (c) 1996-2018 Texas Instruments Incorporated
hal_board.asm                                                        PAGE  120

    6522                      .dwattr $C$DW$T$52, DW_AT_name("GPDTOGGLE_REG")
    6523                      .dwattr $C$DW$T$52, DW_AT_byte_size(0x02)
    6524              $C$DW$578       .dwtag  DW_TAG_member
    6525                      .dwattr $C$DW$578, DW_AT_type(*$C$DW$T$21)
    6526                      .dwattr $C$DW$578, DW_AT_name("all")
    6527                      .dwattr $C$DW$578, DW_AT_accessibility(DW_ACCESS_public)
    6528                      .dwattr $C$DW$578, DW_AT_decl_file("/home/jose/ti/c2000/C2000Ware_26_01_00_00/device_support/f2837xd/
    6529                      .dwattr $C$DW$578, DW_AT_decl_line(0xdb9)
    6530                      .dwattr $C$DW$578, DW_AT_decl_column(0x0d)
    6531              
    6532              $C$DW$579       .dwtag  DW_TAG_member
    6533                      .dwattr $C$DW$579, DW_AT_type(*$C$DW$T$51)
    6534                      .dwattr $C$DW$579, DW_AT_name("bit")
    6535                      .dwattr $C$DW$579, DW_AT_accessibility(DW_ACCESS_public)
    6536                      .dwattr $C$DW$579, DW_AT_decl_file("/home/jose/ti/c2000/C2000Ware_26_01_00_00/device_support/f2837xd/
    6537                      .dwattr $C$DW$579, DW_AT_decl_line(0xdba)
    6538                      .dwattr $C$DW$579, DW_AT_decl_column(0x1d)
    6539              
    6540                      .dwattr $C$DW$T$52, DW_AT_decl_file("/home/jose/ti/c2000/C2000Ware_26_01_00_00/device_support/f2837xd
    6541                      .dwattr $C$DW$T$52, DW_AT_decl_line(0xdb8)
    6542                      .dwattr $C$DW$T$52, DW_AT_decl_column(0x07)
    6543                      .dwendtag $C$DW$T$52
    6544              
    6545                      .dwendtag $C$DW$TU$52
    6546              
    6547              
    6548              $C$DW$TU$53     .dwtag  DW_TAG_type_unit
    6549                      .dwmtype  $C$DW$T$53
    6550              
    6551              $C$DW$T$53      .dwtag  DW_TAG_structure_type
    6552                      .dwattr $C$DW$T$53, DW_AT_name("GPECLEAR_BITS")
    6553                      .dwattr $C$DW$T$53, DW_AT_byte_size(0x02)
    6554              $C$DW$580       .dwtag  DW_TAG_member
    6555                      .dwattr $C$DW$580, DW_AT_type(*$C$DW$T$19)
    6556                      .dwattr $C$DW$580, DW_AT_name("GPIO128")
    6557                      .dwattr $C$DW$580, DW_AT_bit_offset(0x0f)
    6558                      .dwattr $C$DW$580, DW_AT_bit_size(0x01)
    6559                      .dwattr $C$DW$580, DW_AT_accessibility(DW_ACCESS_public)
    6560                      .dwattr $C$DW$580, DW_AT_decl_file("/home/jose/ti/c2000/C2000Ware_26_01_00_00/device_support/f2837xd/
    6561                      .dwattr $C$DW$580, DW_AT_decl_line(0xe0e)
    6562                      .dwattr $C$DW$580, DW_AT_decl_column(0x0c)
    6563              
    6564              $C$DW$581       .dwtag  DW_TAG_member
    6565                      .dwattr $C$DW$581, DW_AT_type(*$C$DW$T$19)
    6566                      .dwattr $C$DW$581, DW_AT_name("GPIO129")
    6567                      .dwattr $C$DW$581, DW_AT_bit_offset(0x0e)
    6568                      .dwattr $C$DW$581, DW_AT_bit_size(0x01)
    6569                      .dwattr $C$DW$581, DW_AT_accessibility(DW_ACCESS_public)
    6570                      .dwattr $C$DW$581, DW_AT_decl_file("/home/jose/ti/c2000/C2000Ware_26_01_00_00/device_support/f2837xd/
    6571                      .dwattr $C$DW$581, DW_AT_decl_line(0xe0f)
    6572                      .dwattr $C$DW$581, DW_AT_decl_column(0x0c)
    6573              
    6574              $C$DW$582       .dwtag  DW_TAG_member
    6575                      .dwattr $C$DW$582, DW_AT_type(*$C$DW$T$19)
    6576                      .dwattr $C$DW$582, DW_AT_name("GPIO130")
TMS320C2000 Assembler Unix v25.11.0 Sat May 30 20:22:51 2026

Copyright (c) 1996-2018 Texas Instruments Incorporated
hal_board.asm                                                        PAGE  121

    6577                      .dwattr $C$DW$582, DW_AT_bit_offset(0x0d)
    6578                      .dwattr $C$DW$582, DW_AT_bit_size(0x01)
    6579                      .dwattr $C$DW$582, DW_AT_accessibility(DW_ACCESS_public)
    6580                      .dwattr $C$DW$582, DW_AT_decl_file("/home/jose/ti/c2000/C2000Ware_26_01_00_00/device_support/f2837xd/
    6581                      .dwattr $C$DW$582, DW_AT_decl_line(0xe10)
    6582                      .dwattr $C$DW$582, DW_AT_decl_column(0x0c)
    6583              
    6584              $C$DW$583       .dwtag  DW_TAG_member
    6585                      .dwattr $C$DW$583, DW_AT_type(*$C$DW$T$19)
    6586                      .dwattr $C$DW$583, DW_AT_name("GPIO131")
    6587                      .dwattr $C$DW$583, DW_AT_bit_offset(0x0c)
    6588                      .dwattr $C$DW$583, DW_AT_bit_size(0x01)
    6589                      .dwattr $C$DW$583, DW_AT_accessibility(DW_ACCESS_public)
    6590                      .dwattr $C$DW$583, DW_AT_decl_file("/home/jose/ti/c2000/C2000Ware_26_01_00_00/device_support/f2837xd/
    6591                      .dwattr $C$DW$583, DW_AT_decl_line(0xe11)
    6592                      .dwattr $C$DW$583, DW_AT_decl_column(0x0c)
    6593              
    6594              $C$DW$584       .dwtag  DW_TAG_member
    6595                      .dwattr $C$DW$584, DW_AT_type(*$C$DW$T$19)
    6596                      .dwattr $C$DW$584, DW_AT_name("GPIO132")
    6597                      .dwattr $C$DW$584, DW_AT_bit_offset(0x0b)
    6598                      .dwattr $C$DW$584, DW_AT_bit_size(0x01)
    6599                      .dwattr $C$DW$584, DW_AT_accessibility(DW_ACCESS_public)
    6600                      .dwattr $C$DW$584, DW_AT_decl_file("/home/jose/ti/c2000/C2000Ware_26_01_00_00/device_support/f2837xd/
    6601                      .dwattr $C$DW$584, DW_AT_decl_line(0xe12)
    6602                      .dwattr $C$DW$584, DW_AT_decl_column(0x0c)
    6603              
    6604              $C$DW$585       .dwtag  DW_TAG_member
    6605                      .dwattr $C$DW$585, DW_AT_type(*$C$DW$T$19)
    6606                      .dwattr $C$DW$585, DW_AT_name("GPIO133")
    6607                      .dwattr $C$DW$585, DW_AT_bit_offset(0x0a)
    6608                      .dwattr $C$DW$585, DW_AT_bit_size(0x01)
    6609                      .dwattr $C$DW$585, DW_AT_accessibility(DW_ACCESS_public)
    6610                      .dwattr $C$DW$585, DW_AT_decl_file("/home/jose/ti/c2000/C2000Ware_26_01_00_00/device_support/f2837xd/
    6611                      .dwattr $C$DW$585, DW_AT_decl_line(0xe13)
    6612                      .dwattr $C$DW$585, DW_AT_decl_column(0x0c)
    6613              
    6614              $C$DW$586       .dwtag  DW_TAG_member
    6615                      .dwattr $C$DW$586, DW_AT_type(*$C$DW$T$19)
    6616                      .dwattr $C$DW$586, DW_AT_name("GPIO134")
    6617                      .dwattr $C$DW$586, DW_AT_bit_offset(0x09)
    6618                      .dwattr $C$DW$586, DW_AT_bit_size(0x01)
    6619                      .dwattr $C$DW$586, DW_AT_accessibility(DW_ACCESS_public)
    6620                      .dwattr $C$DW$586, DW_AT_decl_file("/home/jose/ti/c2000/C2000Ware_26_01_00_00/device_support/f2837xd/
    6621                      .dwattr $C$DW$586, DW_AT_decl_line(0xe14)
    6622                      .dwattr $C$DW$586, DW_AT_decl_column(0x0c)
    6623              
    6624              $C$DW$587       .dwtag  DW_TAG_member
    6625                      .dwattr $C$DW$587, DW_AT_type(*$C$DW$T$19)
    6626                      .dwattr $C$DW$587, DW_AT_name("GPIO135")
    6627                      .dwattr $C$DW$587, DW_AT_bit_offset(0x08)
    6628                      .dwattr $C$DW$587, DW_AT_bit_size(0x01)
    6629                      .dwattr $C$DW$587, DW_AT_accessibility(DW_ACCESS_public)
    6630                      .dwattr $C$DW$587, DW_AT_decl_file("/home/jose/ti/c2000/C2000Ware_26_01_00_00/device_support/f2837xd/
    6631                      .dwattr $C$DW$587, DW_AT_decl_line(0xe15)
TMS320C2000 Assembler Unix v25.11.0 Sat May 30 20:22:51 2026

Copyright (c) 1996-2018 Texas Instruments Incorporated
hal_board.asm                                                        PAGE  122

    6632                      .dwattr $C$DW$587, DW_AT_decl_column(0x0c)
    6633              
    6634              $C$DW$588       .dwtag  DW_TAG_member
    6635                      .dwattr $C$DW$588, DW_AT_type(*$C$DW$T$19)
    6636                      .dwattr $C$DW$588, DW_AT_name("GPIO136")
    6637                      .dwattr $C$DW$588, DW_AT_bit_offset(0x07)
    6638                      .dwattr $C$DW$588, DW_AT_bit_size(0x01)
    6639                      .dwattr $C$DW$588, DW_AT_accessibility(DW_ACCESS_public)
    6640                      .dwattr $C$DW$588, DW_AT_decl_file("/home/jose/ti/c2000/C2000Ware_26_01_00_00/device_support/f2837xd/
    6641                      .dwattr $C$DW$588, DW_AT_decl_line(0xe16)
    6642                      .dwattr $C$DW$588, DW_AT_decl_column(0x0c)
    6643              
    6644              $C$DW$589       .dwtag  DW_TAG_member
    6645                      .dwattr $C$DW$589, DW_AT_type(*$C$DW$T$19)
    6646                      .dwattr $C$DW$589, DW_AT_name("GPIO137")
    6647                      .dwattr $C$DW$589, DW_AT_bit_offset(0x06)
    6648                      .dwattr $C$DW$589, DW_AT_bit_size(0x01)
    6649                      .dwattr $C$DW$589, DW_AT_accessibility(DW_ACCESS_public)
    6650                      .dwattr $C$DW$589, DW_AT_decl_file("/home/jose/ti/c2000/C2000Ware_26_01_00_00/device_support/f2837xd/
    6651                      .dwattr $C$DW$589, DW_AT_decl_line(0xe17)
    6652                      .dwattr $C$DW$589, DW_AT_decl_column(0x0c)
    6653              
    6654              $C$DW$590       .dwtag  DW_TAG_member
    6655                      .dwattr $C$DW$590, DW_AT_type(*$C$DW$T$19)
    6656                      .dwattr $C$DW$590, DW_AT_name("GPIO138")
    6657                      .dwattr $C$DW$590, DW_AT_bit_offset(0x05)
    6658                      .dwattr $C$DW$590, DW_AT_bit_size(0x01)
    6659                      .dwattr $C$DW$590, DW_AT_accessibility(DW_ACCESS_public)
    6660                      .dwattr $C$DW$590, DW_AT_decl_file("/home/jose/ti/c2000/C2000Ware_26_01_00_00/device_support/f2837xd/
    6661                      .dwattr $C$DW$590, DW_AT_decl_line(0xe18)
    6662                      .dwattr $C$DW$590, DW_AT_decl_column(0x0c)
    6663              
    6664              $C$DW$591       .dwtag  DW_TAG_member
    6665                      .dwattr $C$DW$591, DW_AT_type(*$C$DW$T$19)
    6666                      .dwattr $C$DW$591, DW_AT_name("GPIO139")
    6667                      .dwattr $C$DW$591, DW_AT_bit_offset(0x04)
    6668                      .dwattr $C$DW$591, DW_AT_bit_size(0x01)
    6669                      .dwattr $C$DW$591, DW_AT_accessibility(DW_ACCESS_public)
    6670                      .dwattr $C$DW$591, DW_AT_decl_file("/home/jose/ti/c2000/C2000Ware_26_01_00_00/device_support/f2837xd/
    6671                      .dwattr $C$DW$591, DW_AT_decl_line(0xe19)
    6672                      .dwattr $C$DW$591, DW_AT_decl_column(0x0c)
    6673              
    6674              $C$DW$592       .dwtag  DW_TAG_member
    6675                      .dwattr $C$DW$592, DW_AT_type(*$C$DW$T$19)
    6676                      .dwattr $C$DW$592, DW_AT_name("GPIO140")
    6677                      .dwattr $C$DW$592, DW_AT_bit_offset(0x03)
    6678                      .dwattr $C$DW$592, DW_AT_bit_size(0x01)
    6679                      .dwattr $C$DW$592, DW_AT_accessibility(DW_ACCESS_public)
    6680                      .dwattr $C$DW$592, DW_AT_decl_file("/home/jose/ti/c2000/C2000Ware_26_01_00_00/device_support/f2837xd/
    6681                      .dwattr $C$DW$592, DW_AT_decl_line(0xe1a)
    6682                      .dwattr $C$DW$592, DW_AT_decl_column(0x0c)
    6683              
    6684              $C$DW$593       .dwtag  DW_TAG_member
    6685                      .dwattr $C$DW$593, DW_AT_type(*$C$DW$T$19)
    6686                      .dwattr $C$DW$593, DW_AT_name("GPIO141")
TMS320C2000 Assembler Unix v25.11.0 Sat May 30 20:22:51 2026

Copyright (c) 1996-2018 Texas Instruments Incorporated
hal_board.asm                                                        PAGE  123

    6687                      .dwattr $C$DW$593, DW_AT_bit_offset(0x02)
    6688                      .dwattr $C$DW$593, DW_AT_bit_size(0x01)
    6689                      .dwattr $C$DW$593, DW_AT_accessibility(DW_ACCESS_public)
    6690                      .dwattr $C$DW$593, DW_AT_decl_file("/home/jose/ti/c2000/C2000Ware_26_01_00_00/device_support/f2837xd/
    6691                      .dwattr $C$DW$593, DW_AT_decl_line(0xe1b)
    6692                      .dwattr $C$DW$593, DW_AT_decl_column(0x0c)
    6693              
    6694              $C$DW$594       .dwtag  DW_TAG_member
    6695                      .dwattr $C$DW$594, DW_AT_type(*$C$DW$T$19)
    6696                      .dwattr $C$DW$594, DW_AT_name("GPIO142")
    6697                      .dwattr $C$DW$594, DW_AT_bit_offset(0x01)
    6698                      .dwattr $C$DW$594, DW_AT_bit_size(0x01)
    6699                      .dwattr $C$DW$594, DW_AT_accessibility(DW_ACCESS_public)
    6700                      .dwattr $C$DW$594, DW_AT_decl_file("/home/jose/ti/c2000/C2000Ware_26_01_00_00/device_support/f2837xd/
    6701                      .dwattr $C$DW$594, DW_AT_decl_line(0xe1c)
    6702                      .dwattr $C$DW$594, DW_AT_decl_column(0x0c)
    6703              
    6704              $C$DW$595       .dwtag  DW_TAG_member
    6705                      .dwattr $C$DW$595, DW_AT_type(*$C$DW$T$19)
    6706                      .dwattr $C$DW$595, DW_AT_name("GPIO143")
    6707                      .dwattr $C$DW$595, DW_AT_bit_offset(0x00)
    6708                      .dwattr $C$DW$595, DW_AT_bit_size(0x01)
    6709                      .dwattr $C$DW$595, DW_AT_accessibility(DW_ACCESS_public)
    6710                      .dwattr $C$DW$595, DW_AT_decl_file("/home/jose/ti/c2000/C2000Ware_26_01_00_00/device_support/f2837xd/
    6711                      .dwattr $C$DW$595, DW_AT_decl_line(0xe1d)
    6712                      .dwattr $C$DW$595, DW_AT_decl_column(0x0c)
    6713              
    6714              $C$DW$596       .dwtag  DW_TAG_member
    6715                      .dwattr $C$DW$596, DW_AT_type(*$C$DW$T$19)
    6716                      .dwattr $C$DW$596, DW_AT_name("GPIO144")
    6717                      .dwattr $C$DW$596, DW_AT_bit_offset(0x0f)
    6718                      .dwattr $C$DW$596, DW_AT_bit_size(0x01)
    6719                      .dwattr $C$DW$596, DW_AT_data_member_location[DW_OP_plus_uconst 0x1]
    6720                      .dwattr $C$DW$596, DW_AT_accessibility(DW_ACCESS_public)
    6721                      .dwattr $C$DW$596, DW_AT_decl_file("/home/jose/ti/c2000/C2000Ware_26_01_00_00/device_support/f2837xd/
    6722                      .dwattr $C$DW$596, DW_AT_decl_line(0xe1e)
    6723                      .dwattr $C$DW$596, DW_AT_decl_column(0x0c)
    6724              
    6725              $C$DW$597       .dwtag  DW_TAG_member
    6726                      .dwattr $C$DW$597, DW_AT_type(*$C$DW$T$19)
    6727                      .dwattr $C$DW$597, DW_AT_name("GPIO145")
    6728                      .dwattr $C$DW$597, DW_AT_bit_offset(0x0e)
    6729                      .dwattr $C$DW$597, DW_AT_bit_size(0x01)
    6730                      .dwattr $C$DW$597, DW_AT_data_member_location[DW_OP_plus_uconst 0x1]
    6731                      .dwattr $C$DW$597, DW_AT_accessibility(DW_ACCESS_public)
    6732                      .dwattr $C$DW$597, DW_AT_decl_file("/home/jose/ti/c2000/C2000Ware_26_01_00_00/device_support/f2837xd/
    6733                      .dwattr $C$DW$597, DW_AT_decl_line(0xe1f)
    6734                      .dwattr $C$DW$597, DW_AT_decl_column(0x0c)
    6735              
    6736              $C$DW$598       .dwtag  DW_TAG_member
    6737                      .dwattr $C$DW$598, DW_AT_type(*$C$DW$T$19)
    6738                      .dwattr $C$DW$598, DW_AT_name("GPIO146")
    6739                      .dwattr $C$DW$598, DW_AT_bit_offset(0x0d)
    6740                      .dwattr $C$DW$598, DW_AT_bit_size(0x01)
    6741                      .dwattr $C$DW$598, DW_AT_data_member_location[DW_OP_plus_uconst 0x1]
TMS320C2000 Assembler Unix v25.11.0 Sat May 30 20:22:51 2026

Copyright (c) 1996-2018 Texas Instruments Incorporated
hal_board.asm                                                        PAGE  124

    6742                      .dwattr $C$DW$598, DW_AT_accessibility(DW_ACCESS_public)
    6743                      .dwattr $C$DW$598, DW_AT_decl_file("/home/jose/ti/c2000/C2000Ware_26_01_00_00/device_support/f2837xd/
    6744                      .dwattr $C$DW$598, DW_AT_decl_line(0xe20)
    6745                      .dwattr $C$DW$598, DW_AT_decl_column(0x0c)
    6746              
    6747              $C$DW$599       .dwtag  DW_TAG_member
    6748                      .dwattr $C$DW$599, DW_AT_type(*$C$DW$T$19)
    6749                      .dwattr $C$DW$599, DW_AT_name("GPIO147")
    6750                      .dwattr $C$DW$599, DW_AT_bit_offset(0x0c)
    6751                      .dwattr $C$DW$599, DW_AT_bit_size(0x01)
    6752                      .dwattr $C$DW$599, DW_AT_data_member_location[DW_OP_plus_uconst 0x1]
    6753                      .dwattr $C$DW$599, DW_AT_accessibility(DW_ACCESS_public)
    6754                      .dwattr $C$DW$599, DW_AT_decl_file("/home/jose/ti/c2000/C2000Ware_26_01_00_00/device_support/f2837xd/
    6755                      .dwattr $C$DW$599, DW_AT_decl_line(0xe21)
    6756                      .dwattr $C$DW$599, DW_AT_decl_column(0x0c)
    6757              
    6758              $C$DW$600       .dwtag  DW_TAG_member
    6759                      .dwattr $C$DW$600, DW_AT_type(*$C$DW$T$19)
    6760                      .dwattr $C$DW$600, DW_AT_name("GPIO148")
    6761                      .dwattr $C$DW$600, DW_AT_bit_offset(0x0b)
    6762                      .dwattr $C$DW$600, DW_AT_bit_size(0x01)
    6763                      .dwattr $C$DW$600, DW_AT_data_member_location[DW_OP_plus_uconst 0x1]
    6764                      .dwattr $C$DW$600, DW_AT_accessibility(DW_ACCESS_public)
    6765                      .dwattr $C$DW$600, DW_AT_decl_file("/home/jose/ti/c2000/C2000Ware_26_01_00_00/device_support/f2837xd/
    6766                      .dwattr $C$DW$600, DW_AT_decl_line(0xe22)
    6767                      .dwattr $C$DW$600, DW_AT_decl_column(0x0c)
    6768              
    6769              $C$DW$601       .dwtag  DW_TAG_member
    6770                      .dwattr $C$DW$601, DW_AT_type(*$C$DW$T$19)
    6771                      .dwattr $C$DW$601, DW_AT_name("GPIO149")
    6772                      .dwattr $C$DW$601, DW_AT_bit_offset(0x0a)
    6773                      .dwattr $C$DW$601, DW_AT_bit_size(0x01)
    6774                      .dwattr $C$DW$601, DW_AT_data_member_location[DW_OP_plus_uconst 0x1]
    6775                      .dwattr $C$DW$601, DW_AT_accessibility(DW_ACCESS_public)
    6776                      .dwattr $C$DW$601, DW_AT_decl_file("/home/jose/ti/c2000/C2000Ware_26_01_00_00/device_support/f2837xd/
    6777                      .dwattr $C$DW$601, DW_AT_decl_line(0xe23)
    6778                      .dwattr $C$DW$601, DW_AT_decl_column(0x0c)
    6779              
    6780              $C$DW$602       .dwtag  DW_TAG_member
    6781                      .dwattr $C$DW$602, DW_AT_type(*$C$DW$T$19)
    6782                      .dwattr $C$DW$602, DW_AT_name("GPIO150")
    6783                      .dwattr $C$DW$602, DW_AT_bit_offset(0x09)
    6784                      .dwattr $C$DW$602, DW_AT_bit_size(0x01)
    6785                      .dwattr $C$DW$602, DW_AT_data_member_location[DW_OP_plus_uconst 0x1]
    6786                      .dwattr $C$DW$602, DW_AT_accessibility(DW_ACCESS_public)
    6787                      .dwattr $C$DW$602, DW_AT_decl_file("/home/jose/ti/c2000/C2000Ware_26_01_00_00/device_support/f2837xd/
    6788                      .dwattr $C$DW$602, DW_AT_decl_line(0xe24)
    6789                      .dwattr $C$DW$602, DW_AT_decl_column(0x0c)
    6790              
    6791              $C$DW$603       .dwtag  DW_TAG_member
    6792                      .dwattr $C$DW$603, DW_AT_type(*$C$DW$T$19)
    6793                      .dwattr $C$DW$603, DW_AT_name("GPIO151")
    6794                      .dwattr $C$DW$603, DW_AT_bit_offset(0x08)
    6795                      .dwattr $C$DW$603, DW_AT_bit_size(0x01)
    6796                      .dwattr $C$DW$603, DW_AT_data_member_location[DW_OP_plus_uconst 0x1]
TMS320C2000 Assembler Unix v25.11.0 Sat May 30 20:22:51 2026

Copyright (c) 1996-2018 Texas Instruments Incorporated
hal_board.asm                                                        PAGE  125

    6797                      .dwattr $C$DW$603, DW_AT_accessibility(DW_ACCESS_public)
    6798                      .dwattr $C$DW$603, DW_AT_decl_file("/home/jose/ti/c2000/C2000Ware_26_01_00_00/device_support/f2837xd/
    6799                      .dwattr $C$DW$603, DW_AT_decl_line(0xe25)
    6800                      .dwattr $C$DW$603, DW_AT_decl_column(0x0c)
    6801              
    6802              $C$DW$604       .dwtag  DW_TAG_member
    6803                      .dwattr $C$DW$604, DW_AT_type(*$C$DW$T$19)
    6804                      .dwattr $C$DW$604, DW_AT_name("GPIO152")
    6805                      .dwattr $C$DW$604, DW_AT_bit_offset(0x07)
    6806                      .dwattr $C$DW$604, DW_AT_bit_size(0x01)
    6807                      .dwattr $C$DW$604, DW_AT_data_member_location[DW_OP_plus_uconst 0x1]
    6808                      .dwattr $C$DW$604, DW_AT_accessibility(DW_ACCESS_public)
    6809                      .dwattr $C$DW$604, DW_AT_decl_file("/home/jose/ti/c2000/C2000Ware_26_01_00_00/device_support/f2837xd/
    6810                      .dwattr $C$DW$604, DW_AT_decl_line(0xe26)
    6811                      .dwattr $C$DW$604, DW_AT_decl_column(0x0c)
    6812              
    6813              $C$DW$605       .dwtag  DW_TAG_member
    6814                      .dwattr $C$DW$605, DW_AT_type(*$C$DW$T$19)
    6815                      .dwattr $C$DW$605, DW_AT_name("GPIO153")
    6816                      .dwattr $C$DW$605, DW_AT_bit_offset(0x06)
    6817                      .dwattr $C$DW$605, DW_AT_bit_size(0x01)
    6818                      .dwattr $C$DW$605, DW_AT_data_member_location[DW_OP_plus_uconst 0x1]
    6819                      .dwattr $C$DW$605, DW_AT_accessibility(DW_ACCESS_public)
    6820                      .dwattr $C$DW$605, DW_AT_decl_file("/home/jose/ti/c2000/C2000Ware_26_01_00_00/device_support/f2837xd/
    6821                      .dwattr $C$DW$605, DW_AT_decl_line(0xe27)
    6822                      .dwattr $C$DW$605, DW_AT_decl_column(0x0c)
    6823              
    6824              $C$DW$606       .dwtag  DW_TAG_member
    6825                      .dwattr $C$DW$606, DW_AT_type(*$C$DW$T$19)
    6826                      .dwattr $C$DW$606, DW_AT_name("GPIO154")
    6827                      .dwattr $C$DW$606, DW_AT_bit_offset(0x05)
    6828                      .dwattr $C$DW$606, DW_AT_bit_size(0x01)
    6829                      .dwattr $C$DW$606, DW_AT_data_member_location[DW_OP_plus_uconst 0x1]
    6830                      .dwattr $C$DW$606, DW_AT_accessibility(DW_ACCESS_public)
    6831                      .dwattr $C$DW$606, DW_AT_decl_file("/home/jose/ti/c2000/C2000Ware_26_01_00_00/device_support/f2837xd/
    6832                      .dwattr $C$DW$606, DW_AT_decl_line(0xe28)
    6833                      .dwattr $C$DW$606, DW_AT_decl_column(0x0c)
    6834              
    6835              $C$DW$607       .dwtag  DW_TAG_member
    6836                      .dwattr $C$DW$607, DW_AT_type(*$C$DW$T$19)
    6837                      .dwattr $C$DW$607, DW_AT_name("GPIO155")
    6838                      .dwattr $C$DW$607, DW_AT_bit_offset(0x04)
    6839                      .dwattr $C$DW$607, DW_AT_bit_size(0x01)
    6840                      .dwattr $C$DW$607, DW_AT_data_member_location[DW_OP_plus_uconst 0x1]
    6841                      .dwattr $C$DW$607, DW_AT_accessibility(DW_ACCESS_public)
    6842                      .dwattr $C$DW$607, DW_AT_decl_file("/home/jose/ti/c2000/C2000Ware_26_01_00_00/device_support/f2837xd/
    6843                      .dwattr $C$DW$607, DW_AT_decl_line(0xe29)
    6844                      .dwattr $C$DW$607, DW_AT_decl_column(0x0c)
    6845              
    6846              $C$DW$608       .dwtag  DW_TAG_member
    6847                      .dwattr $C$DW$608, DW_AT_type(*$C$DW$T$19)
    6848                      .dwattr $C$DW$608, DW_AT_name("GPIO156")
    6849                      .dwattr $C$DW$608, DW_AT_bit_offset(0x03)
    6850                      .dwattr $C$DW$608, DW_AT_bit_size(0x01)
    6851                      .dwattr $C$DW$608, DW_AT_data_member_location[DW_OP_plus_uconst 0x1]
TMS320C2000 Assembler Unix v25.11.0 Sat May 30 20:22:51 2026

Copyright (c) 1996-2018 Texas Instruments Incorporated
hal_board.asm                                                        PAGE  126

    6852                      .dwattr $C$DW$608, DW_AT_accessibility(DW_ACCESS_public)
    6853                      .dwattr $C$DW$608, DW_AT_decl_file("/home/jose/ti/c2000/C2000Ware_26_01_00_00/device_support/f2837xd/
    6854                      .dwattr $C$DW$608, DW_AT_decl_line(0xe2a)
    6855                      .dwattr $C$DW$608, DW_AT_decl_column(0x0c)
    6856              
    6857              $C$DW$609       .dwtag  DW_TAG_member
    6858                      .dwattr $C$DW$609, DW_AT_type(*$C$DW$T$19)
    6859                      .dwattr $C$DW$609, DW_AT_name("GPIO157")
    6860                      .dwattr $C$DW$609, DW_AT_bit_offset(0x02)
    6861                      .dwattr $C$DW$609, DW_AT_bit_size(0x01)
    6862                      .dwattr $C$DW$609, DW_AT_data_member_location[DW_OP_plus_uconst 0x1]
    6863                      .dwattr $C$DW$609, DW_AT_accessibility(DW_ACCESS_public)
    6864                      .dwattr $C$DW$609, DW_AT_decl_file("/home/jose/ti/c2000/C2000Ware_26_01_00_00/device_support/f2837xd/
    6865                      .dwattr $C$DW$609, DW_AT_decl_line(0xe2b)
    6866                      .dwattr $C$DW$609, DW_AT_decl_column(0x0c)
    6867              
    6868              $C$DW$610       .dwtag  DW_TAG_member
    6869                      .dwattr $C$DW$610, DW_AT_type(*$C$DW$T$19)
    6870                      .dwattr $C$DW$610, DW_AT_name("GPIO158")
    6871                      .dwattr $C$DW$610, DW_AT_bit_offset(0x01)
    6872                      .dwattr $C$DW$610, DW_AT_bit_size(0x01)
    6873                      .dwattr $C$DW$610, DW_AT_data_member_location[DW_OP_plus_uconst 0x1]
    6874                      .dwattr $C$DW$610, DW_AT_accessibility(DW_ACCESS_public)
    6875                      .dwattr $C$DW$610, DW_AT_decl_file("/home/jose/ti/c2000/C2000Ware_26_01_00_00/device_support/f2837xd/
    6876                      .dwattr $C$DW$610, DW_AT_decl_line(0xe2c)
    6877                      .dwattr $C$DW$610, DW_AT_decl_column(0x0c)
    6878              
    6879              $C$DW$611       .dwtag  DW_TAG_member
    6880                      .dwattr $C$DW$611, DW_AT_type(*$C$DW$T$19)
    6881                      .dwattr $C$DW$611, DW_AT_name("GPIO159")
    6882                      .dwattr $C$DW$611, DW_AT_bit_offset(0x00)
    6883                      .dwattr $C$DW$611, DW_AT_bit_size(0x01)
    6884                      .dwattr $C$DW$611, DW_AT_data_member_location[DW_OP_plus_uconst 0x1]
    6885                      .dwattr $C$DW$611, DW_AT_accessibility(DW_ACCESS_public)
    6886                      .dwattr $C$DW$611, DW_AT_decl_file("/home/jose/ti/c2000/C2000Ware_26_01_00_00/device_support/f2837xd/
    6887                      .dwattr $C$DW$611, DW_AT_decl_line(0xe2d)
    6888                      .dwattr $C$DW$611, DW_AT_decl_column(0x0c)
    6889              
    6890                      .dwattr $C$DW$T$53, DW_AT_decl_file("/home/jose/ti/c2000/C2000Ware_26_01_00_00/device_support/f2837xd
    6891                      .dwattr $C$DW$T$53, DW_AT_decl_line(0xe0d)
    6892                      .dwattr $C$DW$T$53, DW_AT_decl_column(0x08)
    6893                      .dwendtag $C$DW$T$53
    6894              
    6895                      .dwendtag $C$DW$TU$53
    6896              
    6897              
    6898              $C$DW$TU$54     .dwtag  DW_TAG_type_unit
    6899                      .dwmtype  $C$DW$T$54
    6900              
    6901              $C$DW$T$54      .dwtag  DW_TAG_union_type
    6902                      .dwattr $C$DW$T$54, DW_AT_name("GPECLEAR_REG")
    6903                      .dwattr $C$DW$T$54, DW_AT_byte_size(0x02)
    6904              $C$DW$612       .dwtag  DW_TAG_member
    6905                      .dwattr $C$DW$612, DW_AT_type(*$C$DW$T$21)
    6906                      .dwattr $C$DW$612, DW_AT_name("all")
TMS320C2000 Assembler Unix v25.11.0 Sat May 30 20:22:51 2026

Copyright (c) 1996-2018 Texas Instruments Incorporated
hal_board.asm                                                        PAGE  127

    6907                      .dwattr $C$DW$612, DW_AT_accessibility(DW_ACCESS_public)
    6908                      .dwattr $C$DW$612, DW_AT_decl_file("/home/jose/ti/c2000/C2000Ware_26_01_00_00/device_support/f2837xd/
    6909                      .dwattr $C$DW$612, DW_AT_decl_line(0xe31)
    6910                      .dwattr $C$DW$612, DW_AT_decl_column(0x0d)
    6911              
    6912              $C$DW$613       .dwtag  DW_TAG_member
    6913                      .dwattr $C$DW$613, DW_AT_type(*$C$DW$T$53)
    6914                      .dwattr $C$DW$613, DW_AT_name("bit")
    6915                      .dwattr $C$DW$613, DW_AT_accessibility(DW_ACCESS_public)
    6916                      .dwattr $C$DW$613, DW_AT_decl_file("/home/jose/ti/c2000/C2000Ware_26_01_00_00/device_support/f2837xd/
    6917                      .dwattr $C$DW$613, DW_AT_decl_line(0xe32)
    6918                      .dwattr $C$DW$613, DW_AT_decl_column(0x1c)
    6919              
    6920                      .dwattr $C$DW$T$54, DW_AT_decl_file("/home/jose/ti/c2000/C2000Ware_26_01_00_00/device_support/f2837xd
    6921                      .dwattr $C$DW$T$54, DW_AT_decl_line(0xe30)
    6922                      .dwattr $C$DW$T$54, DW_AT_decl_column(0x07)
    6923                      .dwendtag $C$DW$T$54
    6924              
    6925                      .dwendtag $C$DW$TU$54
    6926              
    6927              
    6928              $C$DW$TU$55     .dwtag  DW_TAG_type_unit
    6929                      .dwmtype  $C$DW$T$55
    6930              
    6931              $C$DW$T$55      .dwtag  DW_TAG_structure_type
    6932                      .dwattr $C$DW$T$55, DW_AT_name("GPEDAT_BITS")
    6933                      .dwattr $C$DW$T$55, DW_AT_byte_size(0x02)
    6934              $C$DW$614       .dwtag  DW_TAG_member
    6935                      .dwattr $C$DW$614, DW_AT_type(*$C$DW$T$19)
    6936                      .dwattr $C$DW$614, DW_AT_name("GPIO128")
    6937                      .dwattr $C$DW$614, DW_AT_bit_offset(0x0f)
    6938                      .dwattr $C$DW$614, DW_AT_bit_size(0x01)
    6939                      .dwattr $C$DW$614, DW_AT_accessibility(DW_ACCESS_public)
    6940                      .dwattr $C$DW$614, DW_AT_decl_file("/home/jose/ti/c2000/C2000Ware_26_01_00_00/device_support/f2837xd/
    6941                      .dwattr $C$DW$614, DW_AT_decl_line(0xdbe)
    6942                      .dwattr $C$DW$614, DW_AT_decl_column(0x0c)
    6943              
    6944              $C$DW$615       .dwtag  DW_TAG_member
    6945                      .dwattr $C$DW$615, DW_AT_type(*$C$DW$T$19)
    6946                      .dwattr $C$DW$615, DW_AT_name("GPIO129")
    6947                      .dwattr $C$DW$615, DW_AT_bit_offset(0x0e)
    6948                      .dwattr $C$DW$615, DW_AT_bit_size(0x01)
    6949                      .dwattr $C$DW$615, DW_AT_accessibility(DW_ACCESS_public)
    6950                      .dwattr $C$DW$615, DW_AT_decl_file("/home/jose/ti/c2000/C2000Ware_26_01_00_00/device_support/f2837xd/
    6951                      .dwattr $C$DW$615, DW_AT_decl_line(0xdbf)
    6952                      .dwattr $C$DW$615, DW_AT_decl_column(0x0c)
    6953              
    6954              $C$DW$616       .dwtag  DW_TAG_member
    6955                      .dwattr $C$DW$616, DW_AT_type(*$C$DW$T$19)
    6956                      .dwattr $C$DW$616, DW_AT_name("GPIO130")
    6957                      .dwattr $C$DW$616, DW_AT_bit_offset(0x0d)
    6958                      .dwattr $C$DW$616, DW_AT_bit_size(0x01)
    6959                      .dwattr $C$DW$616, DW_AT_accessibility(DW_ACCESS_public)
    6960                      .dwattr $C$DW$616, DW_AT_decl_file("/home/jose/ti/c2000/C2000Ware_26_01_00_00/device_support/f2837xd/
    6961                      .dwattr $C$DW$616, DW_AT_decl_line(0xdc0)
TMS320C2000 Assembler Unix v25.11.0 Sat May 30 20:22:51 2026

Copyright (c) 1996-2018 Texas Instruments Incorporated
hal_board.asm                                                        PAGE  128

    6962                      .dwattr $C$DW$616, DW_AT_decl_column(0x0c)
    6963              
    6964              $C$DW$617       .dwtag  DW_TAG_member
    6965                      .dwattr $C$DW$617, DW_AT_type(*$C$DW$T$19)
    6966                      .dwattr $C$DW$617, DW_AT_name("GPIO131")
    6967                      .dwattr $C$DW$617, DW_AT_bit_offset(0x0c)
    6968                      .dwattr $C$DW$617, DW_AT_bit_size(0x01)
    6969                      .dwattr $C$DW$617, DW_AT_accessibility(DW_ACCESS_public)
    6970                      .dwattr $C$DW$617, DW_AT_decl_file("/home/jose/ti/c2000/C2000Ware_26_01_00_00/device_support/f2837xd/
    6971                      .dwattr $C$DW$617, DW_AT_decl_line(0xdc1)
    6972                      .dwattr $C$DW$617, DW_AT_decl_column(0x0c)
    6973              
    6974              $C$DW$618       .dwtag  DW_TAG_member
    6975                      .dwattr $C$DW$618, DW_AT_type(*$C$DW$T$19)
    6976                      .dwattr $C$DW$618, DW_AT_name("GPIO132")
    6977                      .dwattr $C$DW$618, DW_AT_bit_offset(0x0b)
    6978                      .dwattr $C$DW$618, DW_AT_bit_size(0x01)
    6979                      .dwattr $C$DW$618, DW_AT_accessibility(DW_ACCESS_public)
    6980                      .dwattr $C$DW$618, DW_AT_decl_file("/home/jose/ti/c2000/C2000Ware_26_01_00_00/device_support/f2837xd/
    6981                      .dwattr $C$DW$618, DW_AT_decl_line(0xdc2)
    6982                      .dwattr $C$DW$618, DW_AT_decl_column(0x0c)
    6983              
    6984              $C$DW$619       .dwtag  DW_TAG_member
    6985                      .dwattr $C$DW$619, DW_AT_type(*$C$DW$T$19)
    6986                      .dwattr $C$DW$619, DW_AT_name("GPIO133")
    6987                      .dwattr $C$DW$619, DW_AT_bit_offset(0x0a)
    6988                      .dwattr $C$DW$619, DW_AT_bit_size(0x01)
    6989                      .dwattr $C$DW$619, DW_AT_accessibility(DW_ACCESS_public)
    6990                      .dwattr $C$DW$619, DW_AT_decl_file("/home/jose/ti/c2000/C2000Ware_26_01_00_00/device_support/f2837xd/
    6991                      .dwattr $C$DW$619, DW_AT_decl_line(0xdc3)
    6992                      .dwattr $C$DW$619, DW_AT_decl_column(0x0c)
    6993              
    6994              $C$DW$620       .dwtag  DW_TAG_member
    6995                      .dwattr $C$DW$620, DW_AT_type(*$C$DW$T$19)
    6996                      .dwattr $C$DW$620, DW_AT_name("GPIO134")
    6997                      .dwattr $C$DW$620, DW_AT_bit_offset(0x09)
    6998                      .dwattr $C$DW$620, DW_AT_bit_size(0x01)
    6999                      .dwattr $C$DW$620, DW_AT_accessibility(DW_ACCESS_public)
    7000                      .dwattr $C$DW$620, DW_AT_decl_file("/home/jose/ti/c2000/C2000Ware_26_01_00_00/device_support/f2837xd/
    7001                      .dwattr $C$DW$620, DW_AT_decl_line(0xdc4)
    7002                      .dwattr $C$DW$620, DW_AT_decl_column(0x0c)
    7003              
    7004              $C$DW$621       .dwtag  DW_TAG_member
    7005                      .dwattr $C$DW$621, DW_AT_type(*$C$DW$T$19)
    7006                      .dwattr $C$DW$621, DW_AT_name("GPIO135")
    7007                      .dwattr $C$DW$621, DW_AT_bit_offset(0x08)
    7008                      .dwattr $C$DW$621, DW_AT_bit_size(0x01)
    7009                      .dwattr $C$DW$621, DW_AT_accessibility(DW_ACCESS_public)
    7010                      .dwattr $C$DW$621, DW_AT_decl_file("/home/jose/ti/c2000/C2000Ware_26_01_00_00/device_support/f2837xd/
    7011                      .dwattr $C$DW$621, DW_AT_decl_line(0xdc5)
    7012                      .dwattr $C$DW$621, DW_AT_decl_column(0x0c)
    7013              
    7014              $C$DW$622       .dwtag  DW_TAG_member
    7015                      .dwattr $C$DW$622, DW_AT_type(*$C$DW$T$19)
    7016                      .dwattr $C$DW$622, DW_AT_name("GPIO136")
TMS320C2000 Assembler Unix v25.11.0 Sat May 30 20:22:51 2026

Copyright (c) 1996-2018 Texas Instruments Incorporated
hal_board.asm                                                        PAGE  129

    7017                      .dwattr $C$DW$622, DW_AT_bit_offset(0x07)
    7018                      .dwattr $C$DW$622, DW_AT_bit_size(0x01)
    7019                      .dwattr $C$DW$622, DW_AT_accessibility(DW_ACCESS_public)
    7020                      .dwattr $C$DW$622, DW_AT_decl_file("/home/jose/ti/c2000/C2000Ware_26_01_00_00/device_support/f2837xd/
    7021                      .dwattr $C$DW$622, DW_AT_decl_line(0xdc6)
    7022                      .dwattr $C$DW$622, DW_AT_decl_column(0x0c)
    7023              
    7024              $C$DW$623       .dwtag  DW_TAG_member
    7025                      .dwattr $C$DW$623, DW_AT_type(*$C$DW$T$19)
    7026                      .dwattr $C$DW$623, DW_AT_name("GPIO137")
    7027                      .dwattr $C$DW$623, DW_AT_bit_offset(0x06)
    7028                      .dwattr $C$DW$623, DW_AT_bit_size(0x01)
    7029                      .dwattr $C$DW$623, DW_AT_accessibility(DW_ACCESS_public)
    7030                      .dwattr $C$DW$623, DW_AT_decl_file("/home/jose/ti/c2000/C2000Ware_26_01_00_00/device_support/f2837xd/
    7031                      .dwattr $C$DW$623, DW_AT_decl_line(0xdc7)
    7032                      .dwattr $C$DW$623, DW_AT_decl_column(0x0c)
    7033              
    7034              $C$DW$624       .dwtag  DW_TAG_member
    7035                      .dwattr $C$DW$624, DW_AT_type(*$C$DW$T$19)
    7036                      .dwattr $C$DW$624, DW_AT_name("GPIO138")
    7037                      .dwattr $C$DW$624, DW_AT_bit_offset(0x05)
    7038                      .dwattr $C$DW$624, DW_AT_bit_size(0x01)
    7039                      .dwattr $C$DW$624, DW_AT_accessibility(DW_ACCESS_public)
    7040                      .dwattr $C$DW$624, DW_AT_decl_file("/home/jose/ti/c2000/C2000Ware_26_01_00_00/device_support/f2837xd/
    7041                      .dwattr $C$DW$624, DW_AT_decl_line(0xdc8)
    7042                      .dwattr $C$DW$624, DW_AT_decl_column(0x0c)
    7043              
    7044              $C$DW$625       .dwtag  DW_TAG_member
    7045                      .dwattr $C$DW$625, DW_AT_type(*$C$DW$T$19)
    7046                      .dwattr $C$DW$625, DW_AT_name("GPIO139")
    7047                      .dwattr $C$DW$625, DW_AT_bit_offset(0x04)
    7048                      .dwattr $C$DW$625, DW_AT_bit_size(0x01)
    7049                      .dwattr $C$DW$625, DW_AT_accessibility(DW_ACCESS_public)
    7050                      .dwattr $C$DW$625, DW_AT_decl_file("/home/jose/ti/c2000/C2000Ware_26_01_00_00/device_support/f2837xd/
    7051                      .dwattr $C$DW$625, DW_AT_decl_line(0xdc9)
    7052                      .dwattr $C$DW$625, DW_AT_decl_column(0x0c)
    7053              
    7054              $C$DW$626       .dwtag  DW_TAG_member
    7055                      .dwattr $C$DW$626, DW_AT_type(*$C$DW$T$19)
    7056                      .dwattr $C$DW$626, DW_AT_name("GPIO140")
    7057                      .dwattr $C$DW$626, DW_AT_bit_offset(0x03)
    7058                      .dwattr $C$DW$626, DW_AT_bit_size(0x01)
    7059                      .dwattr $C$DW$626, DW_AT_accessibility(DW_ACCESS_public)
    7060                      .dwattr $C$DW$626, DW_AT_decl_file("/home/jose/ti/c2000/C2000Ware_26_01_00_00/device_support/f2837xd/
    7061                      .dwattr $C$DW$626, DW_AT_decl_line(0xdca)
    7062                      .dwattr $C$DW$626, DW_AT_decl_column(0x0c)
    7063              
    7064              $C$DW$627       .dwtag  DW_TAG_member
    7065                      .dwattr $C$DW$627, DW_AT_type(*$C$DW$T$19)
    7066                      .dwattr $C$DW$627, DW_AT_name("GPIO141")
    7067                      .dwattr $C$DW$627, DW_AT_bit_offset(0x02)
    7068                      .dwattr $C$DW$627, DW_AT_bit_size(0x01)
    7069                      .dwattr $C$DW$627, DW_AT_accessibility(DW_ACCESS_public)
    7070                      .dwattr $C$DW$627, DW_AT_decl_file("/home/jose/ti/c2000/C2000Ware_26_01_00_00/device_support/f2837xd/
    7071                      .dwattr $C$DW$627, DW_AT_decl_line(0xdcb)
TMS320C2000 Assembler Unix v25.11.0 Sat May 30 20:22:51 2026

Copyright (c) 1996-2018 Texas Instruments Incorporated
hal_board.asm                                                        PAGE  130

    7072                      .dwattr $C$DW$627, DW_AT_decl_column(0x0c)
    7073              
    7074              $C$DW$628       .dwtag  DW_TAG_member
    7075                      .dwattr $C$DW$628, DW_AT_type(*$C$DW$T$19)
    7076                      .dwattr $C$DW$628, DW_AT_name("GPIO142")
    7077                      .dwattr $C$DW$628, DW_AT_bit_offset(0x01)
    7078                      .dwattr $C$DW$628, DW_AT_bit_size(0x01)
    7079                      .dwattr $C$DW$628, DW_AT_accessibility(DW_ACCESS_public)
    7080                      .dwattr $C$DW$628, DW_AT_decl_file("/home/jose/ti/c2000/C2000Ware_26_01_00_00/device_support/f2837xd/
    7081                      .dwattr $C$DW$628, DW_AT_decl_line(0xdcc)
    7082                      .dwattr $C$DW$628, DW_AT_decl_column(0x0c)
    7083              
    7084              $C$DW$629       .dwtag  DW_TAG_member
    7085                      .dwattr $C$DW$629, DW_AT_type(*$C$DW$T$19)
    7086                      .dwattr $C$DW$629, DW_AT_name("GPIO143")
    7087                      .dwattr $C$DW$629, DW_AT_bit_offset(0x00)
    7088                      .dwattr $C$DW$629, DW_AT_bit_size(0x01)
    7089                      .dwattr $C$DW$629, DW_AT_accessibility(DW_ACCESS_public)
    7090                      .dwattr $C$DW$629, DW_AT_decl_file("/home/jose/ti/c2000/C2000Ware_26_01_00_00/device_support/f2837xd/
    7091                      .dwattr $C$DW$629, DW_AT_decl_line(0xdcd)
    7092                      .dwattr $C$DW$629, DW_AT_decl_column(0x0c)
    7093              
    7094              $C$DW$630       .dwtag  DW_TAG_member
    7095                      .dwattr $C$DW$630, DW_AT_type(*$C$DW$T$19)
    7096                      .dwattr $C$DW$630, DW_AT_name("GPIO144")
    7097                      .dwattr $C$DW$630, DW_AT_bit_offset(0x0f)
    7098                      .dwattr $C$DW$630, DW_AT_bit_size(0x01)
    7099                      .dwattr $C$DW$630, DW_AT_data_member_location[DW_OP_plus_uconst 0x1]
    7100                      .dwattr $C$DW$630, DW_AT_accessibility(DW_ACCESS_public)
    7101                      .dwattr $C$DW$630, DW_AT_decl_file("/home/jose/ti/c2000/C2000Ware_26_01_00_00/device_support/f2837xd/
    7102                      .dwattr $C$DW$630, DW_AT_decl_line(0xdce)
    7103                      .dwattr $C$DW$630, DW_AT_decl_column(0x0c)
    7104              
    7105              $C$DW$631       .dwtag  DW_TAG_member
    7106                      .dwattr $C$DW$631, DW_AT_type(*$C$DW$T$19)
    7107                      .dwattr $C$DW$631, DW_AT_name("GPIO145")
    7108                      .dwattr $C$DW$631, DW_AT_bit_offset(0x0e)
    7109                      .dwattr $C$DW$631, DW_AT_bit_size(0x01)
    7110                      .dwattr $C$DW$631, DW_AT_data_member_location[DW_OP_plus_uconst 0x1]
    7111                      .dwattr $C$DW$631, DW_AT_accessibility(DW_ACCESS_public)
    7112                      .dwattr $C$DW$631, DW_AT_decl_file("/home/jose/ti/c2000/C2000Ware_26_01_00_00/device_support/f2837xd/
    7113                      .dwattr $C$DW$631, DW_AT_decl_line(0xdcf)
    7114                      .dwattr $C$DW$631, DW_AT_decl_column(0x0c)
    7115              
    7116              $C$DW$632       .dwtag  DW_TAG_member
    7117                      .dwattr $C$DW$632, DW_AT_type(*$C$DW$T$19)
    7118                      .dwattr $C$DW$632, DW_AT_name("GPIO146")
    7119                      .dwattr $C$DW$632, DW_AT_bit_offset(0x0d)
    7120                      .dwattr $C$DW$632, DW_AT_bit_size(0x01)
    7121                      .dwattr $C$DW$632, DW_AT_data_member_location[DW_OP_plus_uconst 0x1]
    7122                      .dwattr $C$DW$632, DW_AT_accessibility(DW_ACCESS_public)
    7123                      .dwattr $C$DW$632, DW_AT_decl_file("/home/jose/ti/c2000/C2000Ware_26_01_00_00/device_support/f2837xd/
    7124                      .dwattr $C$DW$632, DW_AT_decl_line(0xdd0)
    7125                      .dwattr $C$DW$632, DW_AT_decl_column(0x0c)
    7126              
TMS320C2000 Assembler Unix v25.11.0 Sat May 30 20:22:51 2026

Copyright (c) 1996-2018 Texas Instruments Incorporated
hal_board.asm                                                        PAGE  131

    7127              $C$DW$633       .dwtag  DW_TAG_member
    7128                      .dwattr $C$DW$633, DW_AT_type(*$C$DW$T$19)
    7129                      .dwattr $C$DW$633, DW_AT_name("GPIO147")
    7130                      .dwattr $C$DW$633, DW_AT_bit_offset(0x0c)
    7131                      .dwattr $C$DW$633, DW_AT_bit_size(0x01)
    7132                      .dwattr $C$DW$633, DW_AT_data_member_location[DW_OP_plus_uconst 0x1]
    7133                      .dwattr $C$DW$633, DW_AT_accessibility(DW_ACCESS_public)
    7134                      .dwattr $C$DW$633, DW_AT_decl_file("/home/jose/ti/c2000/C2000Ware_26_01_00_00/device_support/f2837xd/
    7135                      .dwattr $C$DW$633, DW_AT_decl_line(0xdd1)
    7136                      .dwattr $C$DW$633, DW_AT_decl_column(0x0c)
    7137              
    7138              $C$DW$634       .dwtag  DW_TAG_member
    7139                      .dwattr $C$DW$634, DW_AT_type(*$C$DW$T$19)
    7140                      .dwattr $C$DW$634, DW_AT_name("GPIO148")
    7141                      .dwattr $C$DW$634, DW_AT_bit_offset(0x0b)
    7142                      .dwattr $C$DW$634, DW_AT_bit_size(0x01)
    7143                      .dwattr $C$DW$634, DW_AT_data_member_location[DW_OP_plus_uconst 0x1]
    7144                      .dwattr $C$DW$634, DW_AT_accessibility(DW_ACCESS_public)
    7145                      .dwattr $C$DW$634, DW_AT_decl_file("/home/jose/ti/c2000/C2000Ware_26_01_00_00/device_support/f2837xd/
    7146                      .dwattr $C$DW$634, DW_AT_decl_line(0xdd2)
    7147                      .dwattr $C$DW$634, DW_AT_decl_column(0x0c)
    7148              
    7149              $C$DW$635       .dwtag  DW_TAG_member
    7150                      .dwattr $C$DW$635, DW_AT_type(*$C$DW$T$19)
    7151                      .dwattr $C$DW$635, DW_AT_name("GPIO149")
    7152                      .dwattr $C$DW$635, DW_AT_bit_offset(0x0a)
    7153                      .dwattr $C$DW$635, DW_AT_bit_size(0x01)
    7154                      .dwattr $C$DW$635, DW_AT_data_member_location[DW_OP_plus_uconst 0x1]
    7155                      .dwattr $C$DW$635, DW_AT_accessibility(DW_ACCESS_public)
    7156                      .dwattr $C$DW$635, DW_AT_decl_file("/home/jose/ti/c2000/C2000Ware_26_01_00_00/device_support/f2837xd/
    7157                      .dwattr $C$DW$635, DW_AT_decl_line(0xdd3)
    7158                      .dwattr $C$DW$635, DW_AT_decl_column(0x0c)
    7159              
    7160              $C$DW$636       .dwtag  DW_TAG_member
    7161                      .dwattr $C$DW$636, DW_AT_type(*$C$DW$T$19)
    7162                      .dwattr $C$DW$636, DW_AT_name("GPIO150")
    7163                      .dwattr $C$DW$636, DW_AT_bit_offset(0x09)
    7164                      .dwattr $C$DW$636, DW_AT_bit_size(0x01)
    7165                      .dwattr $C$DW$636, DW_AT_data_member_location[DW_OP_plus_uconst 0x1]
    7166                      .dwattr $C$DW$636, DW_AT_accessibility(DW_ACCESS_public)
    7167                      .dwattr $C$DW$636, DW_AT_decl_file("/home/jose/ti/c2000/C2000Ware_26_01_00_00/device_support/f2837xd/
    7168                      .dwattr $C$DW$636, DW_AT_decl_line(0xdd4)
    7169                      .dwattr $C$DW$636, DW_AT_decl_column(0x0c)
    7170              
    7171              $C$DW$637       .dwtag  DW_TAG_member
    7172                      .dwattr $C$DW$637, DW_AT_type(*$C$DW$T$19)
    7173                      .dwattr $C$DW$637, DW_AT_name("GPIO151")
    7174                      .dwattr $C$DW$637, DW_AT_bit_offset(0x08)
    7175                      .dwattr $C$DW$637, DW_AT_bit_size(0x01)
    7176                      .dwattr $C$DW$637, DW_AT_data_member_location[DW_OP_plus_uconst 0x1]
    7177                      .dwattr $C$DW$637, DW_AT_accessibility(DW_ACCESS_public)
    7178                      .dwattr $C$DW$637, DW_AT_decl_file("/home/jose/ti/c2000/C2000Ware_26_01_00_00/device_support/f2837xd/
    7179                      .dwattr $C$DW$637, DW_AT_decl_line(0xdd5)
    7180                      .dwattr $C$DW$637, DW_AT_decl_column(0x0c)
    7181              
TMS320C2000 Assembler Unix v25.11.0 Sat May 30 20:22:51 2026

Copyright (c) 1996-2018 Texas Instruments Incorporated
hal_board.asm                                                        PAGE  132

    7182              $C$DW$638       .dwtag  DW_TAG_member
    7183                      .dwattr $C$DW$638, DW_AT_type(*$C$DW$T$19)
    7184                      .dwattr $C$DW$638, DW_AT_name("GPIO152")
    7185                      .dwattr $C$DW$638, DW_AT_bit_offset(0x07)
    7186                      .dwattr $C$DW$638, DW_AT_bit_size(0x01)
    7187                      .dwattr $C$DW$638, DW_AT_data_member_location[DW_OP_plus_uconst 0x1]
    7188                      .dwattr $C$DW$638, DW_AT_accessibility(DW_ACCESS_public)
    7189                      .dwattr $C$DW$638, DW_AT_decl_file("/home/jose/ti/c2000/C2000Ware_26_01_00_00/device_support/f2837xd/
    7190                      .dwattr $C$DW$638, DW_AT_decl_line(0xdd6)
    7191                      .dwattr $C$DW$638, DW_AT_decl_column(0x0c)
    7192              
    7193              $C$DW$639       .dwtag  DW_TAG_member
    7194                      .dwattr $C$DW$639, DW_AT_type(*$C$DW$T$19)
    7195                      .dwattr $C$DW$639, DW_AT_name("GPIO153")
    7196                      .dwattr $C$DW$639, DW_AT_bit_offset(0x06)
    7197                      .dwattr $C$DW$639, DW_AT_bit_size(0x01)
    7198                      .dwattr $C$DW$639, DW_AT_data_member_location[DW_OP_plus_uconst 0x1]
    7199                      .dwattr $C$DW$639, DW_AT_accessibility(DW_ACCESS_public)
    7200                      .dwattr $C$DW$639, DW_AT_decl_file("/home/jose/ti/c2000/C2000Ware_26_01_00_00/device_support/f2837xd/
    7201                      .dwattr $C$DW$639, DW_AT_decl_line(0xdd7)
    7202                      .dwattr $C$DW$639, DW_AT_decl_column(0x0c)
    7203              
    7204              $C$DW$640       .dwtag  DW_TAG_member
    7205                      .dwattr $C$DW$640, DW_AT_type(*$C$DW$T$19)
    7206                      .dwattr $C$DW$640, DW_AT_name("GPIO154")
    7207                      .dwattr $C$DW$640, DW_AT_bit_offset(0x05)
    7208                      .dwattr $C$DW$640, DW_AT_bit_size(0x01)
    7209                      .dwattr $C$DW$640, DW_AT_data_member_location[DW_OP_plus_uconst 0x1]
    7210                      .dwattr $C$DW$640, DW_AT_accessibility(DW_ACCESS_public)
    7211                      .dwattr $C$DW$640, DW_AT_decl_file("/home/jose/ti/c2000/C2000Ware_26_01_00_00/device_support/f2837xd/
    7212                      .dwattr $C$DW$640, DW_AT_decl_line(0xdd8)
    7213                      .dwattr $C$DW$640, DW_AT_decl_column(0x0c)
    7214              
    7215              $C$DW$641       .dwtag  DW_TAG_member
    7216                      .dwattr $C$DW$641, DW_AT_type(*$C$DW$T$19)
    7217                      .dwattr $C$DW$641, DW_AT_name("GPIO155")
    7218                      .dwattr $C$DW$641, DW_AT_bit_offset(0x04)
    7219                      .dwattr $C$DW$641, DW_AT_bit_size(0x01)
    7220                      .dwattr $C$DW$641, DW_AT_data_member_location[DW_OP_plus_uconst 0x1]
    7221                      .dwattr $C$DW$641, DW_AT_accessibility(DW_ACCESS_public)
    7222                      .dwattr $C$DW$641, DW_AT_decl_file("/home/jose/ti/c2000/C2000Ware_26_01_00_00/device_support/f2837xd/
    7223                      .dwattr $C$DW$641, DW_AT_decl_line(0xdd9)
    7224                      .dwattr $C$DW$641, DW_AT_decl_column(0x0c)
    7225              
    7226              $C$DW$642       .dwtag  DW_TAG_member
    7227                      .dwattr $C$DW$642, DW_AT_type(*$C$DW$T$19)
    7228                      .dwattr $C$DW$642, DW_AT_name("GPIO156")
    7229                      .dwattr $C$DW$642, DW_AT_bit_offset(0x03)
    7230                      .dwattr $C$DW$642, DW_AT_bit_size(0x01)
    7231                      .dwattr $C$DW$642, DW_AT_data_member_location[DW_OP_plus_uconst 0x1]
    7232                      .dwattr $C$DW$642, DW_AT_accessibility(DW_ACCESS_public)
    7233                      .dwattr $C$DW$642, DW_AT_decl_file("/home/jose/ti/c2000/C2000Ware_26_01_00_00/device_support/f2837xd/
    7234                      .dwattr $C$DW$642, DW_AT_decl_line(0xdda)
    7235                      .dwattr $C$DW$642, DW_AT_decl_column(0x0c)
    7236              
TMS320C2000 Assembler Unix v25.11.0 Sat May 30 20:22:51 2026

Copyright (c) 1996-2018 Texas Instruments Incorporated
hal_board.asm                                                        PAGE  133

    7237              $C$DW$643       .dwtag  DW_TAG_member
    7238                      .dwattr $C$DW$643, DW_AT_type(*$C$DW$T$19)
    7239                      .dwattr $C$DW$643, DW_AT_name("GPIO157")
    7240                      .dwattr $C$DW$643, DW_AT_bit_offset(0x02)
    7241                      .dwattr $C$DW$643, DW_AT_bit_size(0x01)
    7242                      .dwattr $C$DW$643, DW_AT_data_member_location[DW_OP_plus_uconst 0x1]
    7243                      .dwattr $C$DW$643, DW_AT_accessibility(DW_ACCESS_public)
    7244                      .dwattr $C$DW$643, DW_AT_decl_file("/home/jose/ti/c2000/C2000Ware_26_01_00_00/device_support/f2837xd/
    7245                      .dwattr $C$DW$643, DW_AT_decl_line(0xddb)
    7246                      .dwattr $C$DW$643, DW_AT_decl_column(0x0c)
    7247              
    7248              $C$DW$644       .dwtag  DW_TAG_member
    7249                      .dwattr $C$DW$644, DW_AT_type(*$C$DW$T$19)
    7250                      .dwattr $C$DW$644, DW_AT_name("GPIO158")
    7251                      .dwattr $C$DW$644, DW_AT_bit_offset(0x01)
    7252                      .dwattr $C$DW$644, DW_AT_bit_size(0x01)
    7253                      .dwattr $C$DW$644, DW_AT_data_member_location[DW_OP_plus_uconst 0x1]
    7254                      .dwattr $C$DW$644, DW_AT_accessibility(DW_ACCESS_public)
    7255                      .dwattr $C$DW$644, DW_AT_decl_file("/home/jose/ti/c2000/C2000Ware_26_01_00_00/device_support/f2837xd/
    7256                      .dwattr $C$DW$644, DW_AT_decl_line(0xddc)
    7257                      .dwattr $C$DW$644, DW_AT_decl_column(0x0c)
    7258              
    7259              $C$DW$645       .dwtag  DW_TAG_member
    7260                      .dwattr $C$DW$645, DW_AT_type(*$C$DW$T$19)
    7261                      .dwattr $C$DW$645, DW_AT_name("GPIO159")
    7262                      .dwattr $C$DW$645, DW_AT_bit_offset(0x00)
    7263                      .dwattr $C$DW$645, DW_AT_bit_size(0x01)
    7264                      .dwattr $C$DW$645, DW_AT_data_member_location[DW_OP_plus_uconst 0x1]
    7265                      .dwattr $C$DW$645, DW_AT_accessibility(DW_ACCESS_public)
    7266                      .dwattr $C$DW$645, DW_AT_decl_file("/home/jose/ti/c2000/C2000Ware_26_01_00_00/device_support/f2837xd/
    7267                      .dwattr $C$DW$645, DW_AT_decl_line(0xddd)
    7268                      .dwattr $C$DW$645, DW_AT_decl_column(0x0c)
    7269              
    7270                      .dwattr $C$DW$T$55, DW_AT_decl_file("/home/jose/ti/c2000/C2000Ware_26_01_00_00/device_support/f2837xd
    7271                      .dwattr $C$DW$T$55, DW_AT_decl_line(0xdbd)
    7272                      .dwattr $C$DW$T$55, DW_AT_decl_column(0x08)
    7273                      .dwendtag $C$DW$T$55
    7274              
    7275                      .dwendtag $C$DW$TU$55
    7276              
    7277              
    7278              $C$DW$TU$56     .dwtag  DW_TAG_type_unit
    7279                      .dwmtype  $C$DW$T$56
    7280              
    7281              $C$DW$T$56      .dwtag  DW_TAG_union_type
    7282                      .dwattr $C$DW$T$56, DW_AT_name("GPEDAT_REG")
    7283                      .dwattr $C$DW$T$56, DW_AT_byte_size(0x02)
    7284              $C$DW$646       .dwtag  DW_TAG_member
    7285                      .dwattr $C$DW$646, DW_AT_type(*$C$DW$T$21)
    7286                      .dwattr $C$DW$646, DW_AT_name("all")
    7287                      .dwattr $C$DW$646, DW_AT_accessibility(DW_ACCESS_public)
    7288                      .dwattr $C$DW$646, DW_AT_decl_file("/home/jose/ti/c2000/C2000Ware_26_01_00_00/device_support/f2837xd/
    7289                      .dwattr $C$DW$646, DW_AT_decl_line(0xde1)
    7290                      .dwattr $C$DW$646, DW_AT_decl_column(0x0d)
    7291              
TMS320C2000 Assembler Unix v25.11.0 Sat May 30 20:22:51 2026

Copyright (c) 1996-2018 Texas Instruments Incorporated
hal_board.asm                                                        PAGE  134

    7292              $C$DW$647       .dwtag  DW_TAG_member
    7293                      .dwattr $C$DW$647, DW_AT_type(*$C$DW$T$55)
    7294                      .dwattr $C$DW$647, DW_AT_name("bit")
    7295                      .dwattr $C$DW$647, DW_AT_accessibility(DW_ACCESS_public)
    7296                      .dwattr $C$DW$647, DW_AT_decl_file("/home/jose/ti/c2000/C2000Ware_26_01_00_00/device_support/f2837xd/
    7297                      .dwattr $C$DW$647, DW_AT_decl_line(0xde2)
    7298                      .dwattr $C$DW$647, DW_AT_decl_column(0x1a)
    7299              
    7300                      .dwattr $C$DW$T$56, DW_AT_decl_file("/home/jose/ti/c2000/C2000Ware_26_01_00_00/device_support/f2837xd
    7301                      .dwattr $C$DW$T$56, DW_AT_decl_line(0xde0)
    7302                      .dwattr $C$DW$T$56, DW_AT_decl_column(0x07)
    7303                      .dwendtag $C$DW$T$56
    7304              
    7305                      .dwendtag $C$DW$TU$56
    7306              
    7307              
    7308              $C$DW$TU$57     .dwtag  DW_TAG_type_unit
    7309                      .dwmtype  $C$DW$T$57
    7310              
    7311              $C$DW$T$57      .dwtag  DW_TAG_structure_type
    7312                      .dwattr $C$DW$T$57, DW_AT_name("GPESET_BITS")
    7313                      .dwattr $C$DW$T$57, DW_AT_byte_size(0x02)
    7314              $C$DW$648       .dwtag  DW_TAG_member
    7315                      .dwattr $C$DW$648, DW_AT_type(*$C$DW$T$19)
    7316                      .dwattr $C$DW$648, DW_AT_name("GPIO128")
    7317                      .dwattr $C$DW$648, DW_AT_bit_offset(0x0f)
    7318                      .dwattr $C$DW$648, DW_AT_bit_size(0x01)
    7319                      .dwattr $C$DW$648, DW_AT_accessibility(DW_ACCESS_public)
    7320                      .dwattr $C$DW$648, DW_AT_decl_file("/home/jose/ti/c2000/C2000Ware_26_01_00_00/device_support/f2837xd/
    7321                      .dwattr $C$DW$648, DW_AT_decl_line(0xde6)
    7322                      .dwattr $C$DW$648, DW_AT_decl_column(0x0c)
    7323              
    7324              $C$DW$649       .dwtag  DW_TAG_member
    7325                      .dwattr $C$DW$649, DW_AT_type(*$C$DW$T$19)
    7326                      .dwattr $C$DW$649, DW_AT_name("GPIO129")
    7327                      .dwattr $C$DW$649, DW_AT_bit_offset(0x0e)
    7328                      .dwattr $C$DW$649, DW_AT_bit_size(0x01)
    7329                      .dwattr $C$DW$649, DW_AT_accessibility(DW_ACCESS_public)
    7330                      .dwattr $C$DW$649, DW_AT_decl_file("/home/jose/ti/c2000/C2000Ware_26_01_00_00/device_support/f2837xd/
    7331                      .dwattr $C$DW$649, DW_AT_decl_line(0xde7)
    7332                      .dwattr $C$DW$649, DW_AT_decl_column(0x0c)
    7333              
    7334              $C$DW$650       .dwtag  DW_TAG_member
    7335                      .dwattr $C$DW$650, DW_AT_type(*$C$DW$T$19)
    7336                      .dwattr $C$DW$650, DW_AT_name("GPIO130")
    7337                      .dwattr $C$DW$650, DW_AT_bit_offset(0x0d)
    7338                      .dwattr $C$DW$650, DW_AT_bit_size(0x01)
    7339                      .dwattr $C$DW$650, DW_AT_accessibility(DW_ACCESS_public)
    7340                      .dwattr $C$DW$650, DW_AT_decl_file("/home/jose/ti/c2000/C2000Ware_26_01_00_00/device_support/f2837xd/
    7341                      .dwattr $C$DW$650, DW_AT_decl_line(0xde8)
    7342                      .dwattr $C$DW$650, DW_AT_decl_column(0x0c)
    7343              
    7344              $C$DW$651       .dwtag  DW_TAG_member
    7345                      .dwattr $C$DW$651, DW_AT_type(*$C$DW$T$19)
    7346                      .dwattr $C$DW$651, DW_AT_name("GPIO131")
TMS320C2000 Assembler Unix v25.11.0 Sat May 30 20:22:51 2026

Copyright (c) 1996-2018 Texas Instruments Incorporated
hal_board.asm                                                        PAGE  135

    7347                      .dwattr $C$DW$651, DW_AT_bit_offset(0x0c)
    7348                      .dwattr $C$DW$651, DW_AT_bit_size(0x01)
    7349                      .dwattr $C$DW$651, DW_AT_accessibility(DW_ACCESS_public)
    7350                      .dwattr $C$DW$651, DW_AT_decl_file("/home/jose/ti/c2000/C2000Ware_26_01_00_00/device_support/f2837xd/
    7351                      .dwattr $C$DW$651, DW_AT_decl_line(0xde9)
    7352                      .dwattr $C$DW$651, DW_AT_decl_column(0x0c)
    7353              
    7354              $C$DW$652       .dwtag  DW_TAG_member
    7355                      .dwattr $C$DW$652, DW_AT_type(*$C$DW$T$19)
    7356                      .dwattr $C$DW$652, DW_AT_name("GPIO132")
    7357                      .dwattr $C$DW$652, DW_AT_bit_offset(0x0b)
    7358                      .dwattr $C$DW$652, DW_AT_bit_size(0x01)
    7359                      .dwattr $C$DW$652, DW_AT_accessibility(DW_ACCESS_public)
    7360                      .dwattr $C$DW$652, DW_AT_decl_file("/home/jose/ti/c2000/C2000Ware_26_01_00_00/device_support/f2837xd/
    7361                      .dwattr $C$DW$652, DW_AT_decl_line(0xdea)
    7362                      .dwattr $C$DW$652, DW_AT_decl_column(0x0c)
    7363              
    7364              $C$DW$653       .dwtag  DW_TAG_member
    7365                      .dwattr $C$DW$653, DW_AT_type(*$C$DW$T$19)
    7366                      .dwattr $C$DW$653, DW_AT_name("GPIO133")
    7367                      .dwattr $C$DW$653, DW_AT_bit_offset(0x0a)
    7368                      .dwattr $C$DW$653, DW_AT_bit_size(0x01)
    7369                      .dwattr $C$DW$653, DW_AT_accessibility(DW_ACCESS_public)
    7370                      .dwattr $C$DW$653, DW_AT_decl_file("/home/jose/ti/c2000/C2000Ware_26_01_00_00/device_support/f2837xd/
    7371                      .dwattr $C$DW$653, DW_AT_decl_line(0xdeb)
    7372                      .dwattr $C$DW$653, DW_AT_decl_column(0x0c)
    7373              
    7374              $C$DW$654       .dwtag  DW_TAG_member
    7375                      .dwattr $C$DW$654, DW_AT_type(*$C$DW$T$19)
    7376                      .dwattr $C$DW$654, DW_AT_name("GPIO134")
    7377                      .dwattr $C$DW$654, DW_AT_bit_offset(0x09)
    7378                      .dwattr $C$DW$654, DW_AT_bit_size(0x01)
    7379                      .dwattr $C$DW$654, DW_AT_accessibility(DW_ACCESS_public)
    7380                      .dwattr $C$DW$654, DW_AT_decl_file("/home/jose/ti/c2000/C2000Ware_26_01_00_00/device_support/f2837xd/
    7381                      .dwattr $C$DW$654, DW_AT_decl_line(0xdec)
    7382                      .dwattr $C$DW$654, DW_AT_decl_column(0x0c)
    7383              
    7384              $C$DW$655       .dwtag  DW_TAG_member
    7385                      .dwattr $C$DW$655, DW_AT_type(*$C$DW$T$19)
    7386                      .dwattr $C$DW$655, DW_AT_name("GPIO135")
    7387                      .dwattr $C$DW$655, DW_AT_bit_offset(0x08)
    7388                      .dwattr $C$DW$655, DW_AT_bit_size(0x01)
    7389                      .dwattr $C$DW$655, DW_AT_accessibility(DW_ACCESS_public)
    7390                      .dwattr $C$DW$655, DW_AT_decl_file("/home/jose/ti/c2000/C2000Ware_26_01_00_00/device_support/f2837xd/
    7391                      .dwattr $C$DW$655, DW_AT_decl_line(0xded)
    7392                      .dwattr $C$DW$655, DW_AT_decl_column(0x0c)
    7393              
    7394              $C$DW$656       .dwtag  DW_TAG_member
    7395                      .dwattr $C$DW$656, DW_AT_type(*$C$DW$T$19)
    7396                      .dwattr $C$DW$656, DW_AT_name("GPIO136")
    7397                      .dwattr $C$DW$656, DW_AT_bit_offset(0x07)
    7398                      .dwattr $C$DW$656, DW_AT_bit_size(0x01)
    7399                      .dwattr $C$DW$656, DW_AT_accessibility(DW_ACCESS_public)
    7400                      .dwattr $C$DW$656, DW_AT_decl_file("/home/jose/ti/c2000/C2000Ware_26_01_00_00/device_support/f2837xd/
    7401                      .dwattr $C$DW$656, DW_AT_decl_line(0xdee)
TMS320C2000 Assembler Unix v25.11.0 Sat May 30 20:22:51 2026

Copyright (c) 1996-2018 Texas Instruments Incorporated
hal_board.asm                                                        PAGE  136

    7402                      .dwattr $C$DW$656, DW_AT_decl_column(0x0c)
    7403              
    7404              $C$DW$657       .dwtag  DW_TAG_member
    7405                      .dwattr $C$DW$657, DW_AT_type(*$C$DW$T$19)
    7406                      .dwattr $C$DW$657, DW_AT_name("GPIO137")
    7407                      .dwattr $C$DW$657, DW_AT_bit_offset(0x06)
    7408                      .dwattr $C$DW$657, DW_AT_bit_size(0x01)
    7409                      .dwattr $C$DW$657, DW_AT_accessibility(DW_ACCESS_public)
    7410                      .dwattr $C$DW$657, DW_AT_decl_file("/home/jose/ti/c2000/C2000Ware_26_01_00_00/device_support/f2837xd/
    7411                      .dwattr $C$DW$657, DW_AT_decl_line(0xdef)
    7412                      .dwattr $C$DW$657, DW_AT_decl_column(0x0c)
    7413              
    7414              $C$DW$658       .dwtag  DW_TAG_member
    7415                      .dwattr $C$DW$658, DW_AT_type(*$C$DW$T$19)
    7416                      .dwattr $C$DW$658, DW_AT_name("GPIO138")
    7417                      .dwattr $C$DW$658, DW_AT_bit_offset(0x05)
    7418                      .dwattr $C$DW$658, DW_AT_bit_size(0x01)
    7419                      .dwattr $C$DW$658, DW_AT_accessibility(DW_ACCESS_public)
    7420                      .dwattr $C$DW$658, DW_AT_decl_file("/home/jose/ti/c2000/C2000Ware_26_01_00_00/device_support/f2837xd/
    7421                      .dwattr $C$DW$658, DW_AT_decl_line(0xdf0)
    7422                      .dwattr $C$DW$658, DW_AT_decl_column(0x0c)
    7423              
    7424              $C$DW$659       .dwtag  DW_TAG_member
    7425                      .dwattr $C$DW$659, DW_AT_type(*$C$DW$T$19)
    7426                      .dwattr $C$DW$659, DW_AT_name("GPIO139")
    7427                      .dwattr $C$DW$659, DW_AT_bit_offset(0x04)
    7428                      .dwattr $C$DW$659, DW_AT_bit_size(0x01)
    7429                      .dwattr $C$DW$659, DW_AT_accessibility(DW_ACCESS_public)
    7430                      .dwattr $C$DW$659, DW_AT_decl_file("/home/jose/ti/c2000/C2000Ware_26_01_00_00/device_support/f2837xd/
    7431                      .dwattr $C$DW$659, DW_AT_decl_line(0xdf1)
    7432                      .dwattr $C$DW$659, DW_AT_decl_column(0x0c)
    7433              
    7434              $C$DW$660       .dwtag  DW_TAG_member
    7435                      .dwattr $C$DW$660, DW_AT_type(*$C$DW$T$19)
    7436                      .dwattr $C$DW$660, DW_AT_name("GPIO140")
    7437                      .dwattr $C$DW$660, DW_AT_bit_offset(0x03)
    7438                      .dwattr $C$DW$660, DW_AT_bit_size(0x01)
    7439                      .dwattr $C$DW$660, DW_AT_accessibility(DW_ACCESS_public)
    7440                      .dwattr $C$DW$660, DW_AT_decl_file("/home/jose/ti/c2000/C2000Ware_26_01_00_00/device_support/f2837xd/
    7441                      .dwattr $C$DW$660, DW_AT_decl_line(0xdf2)
    7442                      .dwattr $C$DW$660, DW_AT_decl_column(0x0c)
    7443              
    7444              $C$DW$661       .dwtag  DW_TAG_member
    7445                      .dwattr $C$DW$661, DW_AT_type(*$C$DW$T$19)
    7446                      .dwattr $C$DW$661, DW_AT_name("GPIO141")
    7447                      .dwattr $C$DW$661, DW_AT_bit_offset(0x02)
    7448                      .dwattr $C$DW$661, DW_AT_bit_size(0x01)
    7449                      .dwattr $C$DW$661, DW_AT_accessibility(DW_ACCESS_public)
    7450                      .dwattr $C$DW$661, DW_AT_decl_file("/home/jose/ti/c2000/C2000Ware_26_01_00_00/device_support/f2837xd/
    7451                      .dwattr $C$DW$661, DW_AT_decl_line(0xdf3)
    7452                      .dwattr $C$DW$661, DW_AT_decl_column(0x0c)
    7453              
    7454              $C$DW$662       .dwtag  DW_TAG_member
    7455                      .dwattr $C$DW$662, DW_AT_type(*$C$DW$T$19)
    7456                      .dwattr $C$DW$662, DW_AT_name("GPIO142")
TMS320C2000 Assembler Unix v25.11.0 Sat May 30 20:22:51 2026

Copyright (c) 1996-2018 Texas Instruments Incorporated
hal_board.asm                                                        PAGE  137

    7457                      .dwattr $C$DW$662, DW_AT_bit_offset(0x01)
    7458                      .dwattr $C$DW$662, DW_AT_bit_size(0x01)
    7459                      .dwattr $C$DW$662, DW_AT_accessibility(DW_ACCESS_public)
    7460                      .dwattr $C$DW$662, DW_AT_decl_file("/home/jose/ti/c2000/C2000Ware_26_01_00_00/device_support/f2837xd/
    7461                      .dwattr $C$DW$662, DW_AT_decl_line(0xdf4)
    7462                      .dwattr $C$DW$662, DW_AT_decl_column(0x0c)
    7463              
    7464              $C$DW$663       .dwtag  DW_TAG_member
    7465                      .dwattr $C$DW$663, DW_AT_type(*$C$DW$T$19)
    7466                      .dwattr $C$DW$663, DW_AT_name("GPIO143")
    7467                      .dwattr $C$DW$663, DW_AT_bit_offset(0x00)
    7468                      .dwattr $C$DW$663, DW_AT_bit_size(0x01)
    7469                      .dwattr $C$DW$663, DW_AT_accessibility(DW_ACCESS_public)
    7470                      .dwattr $C$DW$663, DW_AT_decl_file("/home/jose/ti/c2000/C2000Ware_26_01_00_00/device_support/f2837xd/
    7471                      .dwattr $C$DW$663, DW_AT_decl_line(0xdf5)
    7472                      .dwattr $C$DW$663, DW_AT_decl_column(0x0c)
    7473              
    7474              $C$DW$664       .dwtag  DW_TAG_member
    7475                      .dwattr $C$DW$664, DW_AT_type(*$C$DW$T$19)
    7476                      .dwattr $C$DW$664, DW_AT_name("GPIO144")
    7477                      .dwattr $C$DW$664, DW_AT_bit_offset(0x0f)
    7478                      .dwattr $C$DW$664, DW_AT_bit_size(0x01)
    7479                      .dwattr $C$DW$664, DW_AT_data_member_location[DW_OP_plus_uconst 0x1]
    7480                      .dwattr $C$DW$664, DW_AT_accessibility(DW_ACCESS_public)
    7481                      .dwattr $C$DW$664, DW_AT_decl_file("/home/jose/ti/c2000/C2000Ware_26_01_00_00/device_support/f2837xd/
    7482                      .dwattr $C$DW$664, DW_AT_decl_line(0xdf6)
    7483                      .dwattr $C$DW$664, DW_AT_decl_column(0x0c)
    7484              
    7485              $C$DW$665       .dwtag  DW_TAG_member
    7486                      .dwattr $C$DW$665, DW_AT_type(*$C$DW$T$19)
    7487                      .dwattr $C$DW$665, DW_AT_name("GPIO145")
    7488                      .dwattr $C$DW$665, DW_AT_bit_offset(0x0e)
    7489                      .dwattr $C$DW$665, DW_AT_bit_size(0x01)
    7490                      .dwattr $C$DW$665, DW_AT_data_member_location[DW_OP_plus_uconst 0x1]
    7491                      .dwattr $C$DW$665, DW_AT_accessibility(DW_ACCESS_public)
    7492                      .dwattr $C$DW$665, DW_AT_decl_file("/home/jose/ti/c2000/C2000Ware_26_01_00_00/device_support/f2837xd/
    7493                      .dwattr $C$DW$665, DW_AT_decl_line(0xdf7)
    7494                      .dwattr $C$DW$665, DW_AT_decl_column(0x0c)
    7495              
    7496              $C$DW$666       .dwtag  DW_TAG_member
    7497                      .dwattr $C$DW$666, DW_AT_type(*$C$DW$T$19)
    7498                      .dwattr $C$DW$666, DW_AT_name("GPIO146")
    7499                      .dwattr $C$DW$666, DW_AT_bit_offset(0x0d)
    7500                      .dwattr $C$DW$666, DW_AT_bit_size(0x01)
    7501                      .dwattr $C$DW$666, DW_AT_data_member_location[DW_OP_plus_uconst 0x1]
    7502                      .dwattr $C$DW$666, DW_AT_accessibility(DW_ACCESS_public)
    7503                      .dwattr $C$DW$666, DW_AT_decl_file("/home/jose/ti/c2000/C2000Ware_26_01_00_00/device_support/f2837xd/
    7504                      .dwattr $C$DW$666, DW_AT_decl_line(0xdf8)
    7505                      .dwattr $C$DW$666, DW_AT_decl_column(0x0c)
    7506              
    7507              $C$DW$667       .dwtag  DW_TAG_member
    7508                      .dwattr $C$DW$667, DW_AT_type(*$C$DW$T$19)
    7509                      .dwattr $C$DW$667, DW_AT_name("GPIO147")
    7510                      .dwattr $C$DW$667, DW_AT_bit_offset(0x0c)
    7511                      .dwattr $C$DW$667, DW_AT_bit_size(0x01)
TMS320C2000 Assembler Unix v25.11.0 Sat May 30 20:22:51 2026

Copyright (c) 1996-2018 Texas Instruments Incorporated
hal_board.asm                                                        PAGE  138

    7512                      .dwattr $C$DW$667, DW_AT_data_member_location[DW_OP_plus_uconst 0x1]
    7513                      .dwattr $C$DW$667, DW_AT_accessibility(DW_ACCESS_public)
    7514                      .dwattr $C$DW$667, DW_AT_decl_file("/home/jose/ti/c2000/C2000Ware_26_01_00_00/device_support/f2837xd/
    7515                      .dwattr $C$DW$667, DW_AT_decl_line(0xdf9)
    7516                      .dwattr $C$DW$667, DW_AT_decl_column(0x0c)
    7517              
    7518              $C$DW$668       .dwtag  DW_TAG_member
    7519                      .dwattr $C$DW$668, DW_AT_type(*$C$DW$T$19)
    7520                      .dwattr $C$DW$668, DW_AT_name("GPIO148")
    7521                      .dwattr $C$DW$668, DW_AT_bit_offset(0x0b)
    7522                      .dwattr $C$DW$668, DW_AT_bit_size(0x01)
    7523                      .dwattr $C$DW$668, DW_AT_data_member_location[DW_OP_plus_uconst 0x1]
    7524                      .dwattr $C$DW$668, DW_AT_accessibility(DW_ACCESS_public)
    7525                      .dwattr $C$DW$668, DW_AT_decl_file("/home/jose/ti/c2000/C2000Ware_26_01_00_00/device_support/f2837xd/
    7526                      .dwattr $C$DW$668, DW_AT_decl_line(0xdfa)
    7527                      .dwattr $C$DW$668, DW_AT_decl_column(0x0c)
    7528              
    7529              $C$DW$669       .dwtag  DW_TAG_member
    7530                      .dwattr $C$DW$669, DW_AT_type(*$C$DW$T$19)
    7531                      .dwattr $C$DW$669, DW_AT_name("GPIO149")
    7532                      .dwattr $C$DW$669, DW_AT_bit_offset(0x0a)
    7533                      .dwattr $C$DW$669, DW_AT_bit_size(0x01)
    7534                      .dwattr $C$DW$669, DW_AT_data_member_location[DW_OP_plus_uconst 0x1]
    7535                      .dwattr $C$DW$669, DW_AT_accessibility(DW_ACCESS_public)
    7536                      .dwattr $C$DW$669, DW_AT_decl_file("/home/jose/ti/c2000/C2000Ware_26_01_00_00/device_support/f2837xd/
    7537                      .dwattr $C$DW$669, DW_AT_decl_line(0xdfb)
    7538                      .dwattr $C$DW$669, DW_AT_decl_column(0x0c)
    7539              
    7540              $C$DW$670       .dwtag  DW_TAG_member
    7541                      .dwattr $C$DW$670, DW_AT_type(*$C$DW$T$19)
    7542                      .dwattr $C$DW$670, DW_AT_name("GPIO150")
    7543                      .dwattr $C$DW$670, DW_AT_bit_offset(0x09)
    7544                      .dwattr $C$DW$670, DW_AT_bit_size(0x01)
    7545                      .dwattr $C$DW$670, DW_AT_data_member_location[DW_OP_plus_uconst 0x1]
    7546                      .dwattr $C$DW$670, DW_AT_accessibility(DW_ACCESS_public)
    7547                      .dwattr $C$DW$670, DW_AT_decl_file("/home/jose/ti/c2000/C2000Ware_26_01_00_00/device_support/f2837xd/
    7548                      .dwattr $C$DW$670, DW_AT_decl_line(0xdfc)
    7549                      .dwattr $C$DW$670, DW_AT_decl_column(0x0c)
    7550              
    7551              $C$DW$671       .dwtag  DW_TAG_member
    7552                      .dwattr $C$DW$671, DW_AT_type(*$C$DW$T$19)
    7553                      .dwattr $C$DW$671, DW_AT_name("GPIO151")
    7554                      .dwattr $C$DW$671, DW_AT_bit_offset(0x08)
    7555                      .dwattr $C$DW$671, DW_AT_bit_size(0x01)
    7556                      .dwattr $C$DW$671, DW_AT_data_member_location[DW_OP_plus_uconst 0x1]
    7557                      .dwattr $C$DW$671, DW_AT_accessibility(DW_ACCESS_public)
    7558                      .dwattr $C$DW$671, DW_AT_decl_file("/home/jose/ti/c2000/C2000Ware_26_01_00_00/device_support/f2837xd/
    7559                      .dwattr $C$DW$671, DW_AT_decl_line(0xdfd)
    7560                      .dwattr $C$DW$671, DW_AT_decl_column(0x0c)
    7561              
    7562              $C$DW$672       .dwtag  DW_TAG_member
    7563                      .dwattr $C$DW$672, DW_AT_type(*$C$DW$T$19)
    7564                      .dwattr $C$DW$672, DW_AT_name("GPIO152")
    7565                      .dwattr $C$DW$672, DW_AT_bit_offset(0x07)
    7566                      .dwattr $C$DW$672, DW_AT_bit_size(0x01)
TMS320C2000 Assembler Unix v25.11.0 Sat May 30 20:22:51 2026

Copyright (c) 1996-2018 Texas Instruments Incorporated
hal_board.asm                                                        PAGE  139

    7567                      .dwattr $C$DW$672, DW_AT_data_member_location[DW_OP_plus_uconst 0x1]
    7568                      .dwattr $C$DW$672, DW_AT_accessibility(DW_ACCESS_public)
    7569                      .dwattr $C$DW$672, DW_AT_decl_file("/home/jose/ti/c2000/C2000Ware_26_01_00_00/device_support/f2837xd/
    7570                      .dwattr $C$DW$672, DW_AT_decl_line(0xdfe)
    7571                      .dwattr $C$DW$672, DW_AT_decl_column(0x0c)
    7572              
    7573              $C$DW$673       .dwtag  DW_TAG_member
    7574                      .dwattr $C$DW$673, DW_AT_type(*$C$DW$T$19)
    7575                      .dwattr $C$DW$673, DW_AT_name("GPIO153")
    7576                      .dwattr $C$DW$673, DW_AT_bit_offset(0x06)
    7577                      .dwattr $C$DW$673, DW_AT_bit_size(0x01)
    7578                      .dwattr $C$DW$673, DW_AT_data_member_location[DW_OP_plus_uconst 0x1]
    7579                      .dwattr $C$DW$673, DW_AT_accessibility(DW_ACCESS_public)
    7580                      .dwattr $C$DW$673, DW_AT_decl_file("/home/jose/ti/c2000/C2000Ware_26_01_00_00/device_support/f2837xd/
    7581                      .dwattr $C$DW$673, DW_AT_decl_line(0xdff)
    7582                      .dwattr $C$DW$673, DW_AT_decl_column(0x0c)
    7583              
    7584              $C$DW$674       .dwtag  DW_TAG_member
    7585                      .dwattr $C$DW$674, DW_AT_type(*$C$DW$T$19)
    7586                      .dwattr $C$DW$674, DW_AT_name("GPIO154")
    7587                      .dwattr $C$DW$674, DW_AT_bit_offset(0x05)
    7588                      .dwattr $C$DW$674, DW_AT_bit_size(0x01)
    7589                      .dwattr $C$DW$674, DW_AT_data_member_location[DW_OP_plus_uconst 0x1]
    7590                      .dwattr $C$DW$674, DW_AT_accessibility(DW_ACCESS_public)
    7591                      .dwattr $C$DW$674, DW_AT_decl_file("/home/jose/ti/c2000/C2000Ware_26_01_00_00/device_support/f2837xd/
    7592                      .dwattr $C$DW$674, DW_AT_decl_line(0xe00)
    7593                      .dwattr $C$DW$674, DW_AT_decl_column(0x0c)
    7594              
    7595              $C$DW$675       .dwtag  DW_TAG_member
    7596                      .dwattr $C$DW$675, DW_AT_type(*$C$DW$T$19)
    7597                      .dwattr $C$DW$675, DW_AT_name("GPIO155")
    7598                      .dwattr $C$DW$675, DW_AT_bit_offset(0x04)
    7599                      .dwattr $C$DW$675, DW_AT_bit_size(0x01)
    7600                      .dwattr $C$DW$675, DW_AT_data_member_location[DW_OP_plus_uconst 0x1]
    7601                      .dwattr $C$DW$675, DW_AT_accessibility(DW_ACCESS_public)
    7602                      .dwattr $C$DW$675, DW_AT_decl_file("/home/jose/ti/c2000/C2000Ware_26_01_00_00/device_support/f2837xd/
    7603                      .dwattr $C$DW$675, DW_AT_decl_line(0xe01)
    7604                      .dwattr $C$DW$675, DW_AT_decl_column(0x0c)
    7605              
    7606              $C$DW$676       .dwtag  DW_TAG_member
    7607                      .dwattr $C$DW$676, DW_AT_type(*$C$DW$T$19)
    7608                      .dwattr $C$DW$676, DW_AT_name("GPIO156")
    7609                      .dwattr $C$DW$676, DW_AT_bit_offset(0x03)
    7610                      .dwattr $C$DW$676, DW_AT_bit_size(0x01)
    7611                      .dwattr $C$DW$676, DW_AT_data_member_location[DW_OP_plus_uconst 0x1]
    7612                      .dwattr $C$DW$676, DW_AT_accessibility(DW_ACCESS_public)
    7613                      .dwattr $C$DW$676, DW_AT_decl_file("/home/jose/ti/c2000/C2000Ware_26_01_00_00/device_support/f2837xd/
    7614                      .dwattr $C$DW$676, DW_AT_decl_line(0xe02)
    7615                      .dwattr $C$DW$676, DW_AT_decl_column(0x0c)
    7616              
    7617              $C$DW$677       .dwtag  DW_TAG_member
    7618                      .dwattr $C$DW$677, DW_AT_type(*$C$DW$T$19)
    7619                      .dwattr $C$DW$677, DW_AT_name("GPIO157")
    7620                      .dwattr $C$DW$677, DW_AT_bit_offset(0x02)
    7621                      .dwattr $C$DW$677, DW_AT_bit_size(0x01)
TMS320C2000 Assembler Unix v25.11.0 Sat May 30 20:22:51 2026

Copyright (c) 1996-2018 Texas Instruments Incorporated
hal_board.asm                                                        PAGE  140

    7622                      .dwattr $C$DW$677, DW_AT_data_member_location[DW_OP_plus_uconst 0x1]
    7623                      .dwattr $C$DW$677, DW_AT_accessibility(DW_ACCESS_public)
    7624                      .dwattr $C$DW$677, DW_AT_decl_file("/home/jose/ti/c2000/C2000Ware_26_01_00_00/device_support/f2837xd/
    7625                      .dwattr $C$DW$677, DW_AT_decl_line(0xe03)
    7626                      .dwattr $C$DW$677, DW_AT_decl_column(0x0c)
    7627              
    7628              $C$DW$678       .dwtag  DW_TAG_member
    7629                      .dwattr $C$DW$678, DW_AT_type(*$C$DW$T$19)
    7630                      .dwattr $C$DW$678, DW_AT_name("GPIO158")
    7631                      .dwattr $C$DW$678, DW_AT_bit_offset(0x01)
    7632                      .dwattr $C$DW$678, DW_AT_bit_size(0x01)
    7633                      .dwattr $C$DW$678, DW_AT_data_member_location[DW_OP_plus_uconst 0x1]
    7634                      .dwattr $C$DW$678, DW_AT_accessibility(DW_ACCESS_public)
    7635                      .dwattr $C$DW$678, DW_AT_decl_file("/home/jose/ti/c2000/C2000Ware_26_01_00_00/device_support/f2837xd/
    7636                      .dwattr $C$DW$678, DW_AT_decl_line(0xe04)
    7637                      .dwattr $C$DW$678, DW_AT_decl_column(0x0c)
    7638              
    7639              $C$DW$679       .dwtag  DW_TAG_member
    7640                      .dwattr $C$DW$679, DW_AT_type(*$C$DW$T$19)
    7641                      .dwattr $C$DW$679, DW_AT_name("GPIO159")
    7642                      .dwattr $C$DW$679, DW_AT_bit_offset(0x00)
    7643                      .dwattr $C$DW$679, DW_AT_bit_size(0x01)
    7644                      .dwattr $C$DW$679, DW_AT_data_member_location[DW_OP_plus_uconst 0x1]
    7645                      .dwattr $C$DW$679, DW_AT_accessibility(DW_ACCESS_public)
    7646                      .dwattr $C$DW$679, DW_AT_decl_file("/home/jose/ti/c2000/C2000Ware_26_01_00_00/device_support/f2837xd/
    7647                      .dwattr $C$DW$679, DW_AT_decl_line(0xe05)
    7648                      .dwattr $C$DW$679, DW_AT_decl_column(0x0c)
    7649              
    7650                      .dwattr $C$DW$T$57, DW_AT_decl_file("/home/jose/ti/c2000/C2000Ware_26_01_00_00/device_support/f2837xd
    7651                      .dwattr $C$DW$T$57, DW_AT_decl_line(0xde5)
    7652                      .dwattr $C$DW$T$57, DW_AT_decl_column(0x08)
    7653                      .dwendtag $C$DW$T$57
    7654              
    7655                      .dwendtag $C$DW$TU$57
    7656              
    7657              
    7658              $C$DW$TU$58     .dwtag  DW_TAG_type_unit
    7659                      .dwmtype  $C$DW$T$58
    7660              
    7661              $C$DW$T$58      .dwtag  DW_TAG_union_type
    7662                      .dwattr $C$DW$T$58, DW_AT_name("GPESET_REG")
    7663                      .dwattr $C$DW$T$58, DW_AT_byte_size(0x02)
    7664              $C$DW$680       .dwtag  DW_TAG_member
    7665                      .dwattr $C$DW$680, DW_AT_type(*$C$DW$T$21)
    7666                      .dwattr $C$DW$680, DW_AT_name("all")
    7667                      .dwattr $C$DW$680, DW_AT_accessibility(DW_ACCESS_public)
    7668                      .dwattr $C$DW$680, DW_AT_decl_file("/home/jose/ti/c2000/C2000Ware_26_01_00_00/device_support/f2837xd/
    7669                      .dwattr $C$DW$680, DW_AT_decl_line(0xe09)
    7670                      .dwattr $C$DW$680, DW_AT_decl_column(0x0d)
    7671              
    7672              $C$DW$681       .dwtag  DW_TAG_member
    7673                      .dwattr $C$DW$681, DW_AT_type(*$C$DW$T$57)
    7674                      .dwattr $C$DW$681, DW_AT_name("bit")
    7675                      .dwattr $C$DW$681, DW_AT_accessibility(DW_ACCESS_public)
    7676                      .dwattr $C$DW$681, DW_AT_decl_file("/home/jose/ti/c2000/C2000Ware_26_01_00_00/device_support/f2837xd/
TMS320C2000 Assembler Unix v25.11.0 Sat May 30 20:22:51 2026

Copyright (c) 1996-2018 Texas Instruments Incorporated
hal_board.asm                                                        PAGE  141

    7677                      .dwattr $C$DW$681, DW_AT_decl_line(0xe0a)
    7678                      .dwattr $C$DW$681, DW_AT_decl_column(0x1a)
    7679              
    7680                      .dwattr $C$DW$T$58, DW_AT_decl_file("/home/jose/ti/c2000/C2000Ware_26_01_00_00/device_support/f2837xd
    7681                      .dwattr $C$DW$T$58, DW_AT_decl_line(0xe08)
    7682                      .dwattr $C$DW$T$58, DW_AT_decl_column(0x07)
    7683                      .dwendtag $C$DW$T$58
    7684              
    7685                      .dwendtag $C$DW$TU$58
    7686              
    7687              
    7688              $C$DW$TU$59     .dwtag  DW_TAG_type_unit
    7689                      .dwmtype  $C$DW$T$59
    7690              
    7691              $C$DW$T$59      .dwtag  DW_TAG_structure_type
    7692                      .dwattr $C$DW$T$59, DW_AT_name("GPETOGGLE_BITS")
    7693                      .dwattr $C$DW$T$59, DW_AT_byte_size(0x02)
    7694              $C$DW$682       .dwtag  DW_TAG_member
    7695                      .dwattr $C$DW$682, DW_AT_type(*$C$DW$T$19)
    7696                      .dwattr $C$DW$682, DW_AT_name("GPIO128")
    7697                      .dwattr $C$DW$682, DW_AT_bit_offset(0x0f)
    7698                      .dwattr $C$DW$682, DW_AT_bit_size(0x01)
    7699                      .dwattr $C$DW$682, DW_AT_accessibility(DW_ACCESS_public)
    7700                      .dwattr $C$DW$682, DW_AT_decl_file("/home/jose/ti/c2000/C2000Ware_26_01_00_00/device_support/f2837xd/
    7701                      .dwattr $C$DW$682, DW_AT_decl_line(0xe36)
    7702                      .dwattr $C$DW$682, DW_AT_decl_column(0x0c)
    7703              
    7704              $C$DW$683       .dwtag  DW_TAG_member
    7705                      .dwattr $C$DW$683, DW_AT_type(*$C$DW$T$19)
    7706                      .dwattr $C$DW$683, DW_AT_name("GPIO129")
    7707                      .dwattr $C$DW$683, DW_AT_bit_offset(0x0e)
    7708                      .dwattr $C$DW$683, DW_AT_bit_size(0x01)
    7709                      .dwattr $C$DW$683, DW_AT_accessibility(DW_ACCESS_public)
    7710                      .dwattr $C$DW$683, DW_AT_decl_file("/home/jose/ti/c2000/C2000Ware_26_01_00_00/device_support/f2837xd/
    7711                      .dwattr $C$DW$683, DW_AT_decl_line(0xe37)
    7712                      .dwattr $C$DW$683, DW_AT_decl_column(0x0c)
    7713              
    7714              $C$DW$684       .dwtag  DW_TAG_member
    7715                      .dwattr $C$DW$684, DW_AT_type(*$C$DW$T$19)
    7716                      .dwattr $C$DW$684, DW_AT_name("GPIO130")
    7717                      .dwattr $C$DW$684, DW_AT_bit_offset(0x0d)
    7718                      .dwattr $C$DW$684, DW_AT_bit_size(0x01)
    7719                      .dwattr $C$DW$684, DW_AT_accessibility(DW_ACCESS_public)
    7720                      .dwattr $C$DW$684, DW_AT_decl_file("/home/jose/ti/c2000/C2000Ware_26_01_00_00/device_support/f2837xd/
    7721                      .dwattr $C$DW$684, DW_AT_decl_line(0xe38)
    7722                      .dwattr $C$DW$684, DW_AT_decl_column(0x0c)
    7723              
    7724              $C$DW$685       .dwtag  DW_TAG_member
    7725                      .dwattr $C$DW$685, DW_AT_type(*$C$DW$T$19)
    7726                      .dwattr $C$DW$685, DW_AT_name("GPIO131")
    7727                      .dwattr $C$DW$685, DW_AT_bit_offset(0x0c)
    7728                      .dwattr $C$DW$685, DW_AT_bit_size(0x01)
    7729                      .dwattr $C$DW$685, DW_AT_accessibility(DW_ACCESS_public)
    7730                      .dwattr $C$DW$685, DW_AT_decl_file("/home/jose/ti/c2000/C2000Ware_26_01_00_00/device_support/f2837xd/
    7731                      .dwattr $C$DW$685, DW_AT_decl_line(0xe39)
TMS320C2000 Assembler Unix v25.11.0 Sat May 30 20:22:51 2026

Copyright (c) 1996-2018 Texas Instruments Incorporated
hal_board.asm                                                        PAGE  142

    7732                      .dwattr $C$DW$685, DW_AT_decl_column(0x0c)
    7733              
    7734              $C$DW$686       .dwtag  DW_TAG_member
    7735                      .dwattr $C$DW$686, DW_AT_type(*$C$DW$T$19)
    7736                      .dwattr $C$DW$686, DW_AT_name("GPIO132")
    7737                      .dwattr $C$DW$686, DW_AT_bit_offset(0x0b)
    7738                      .dwattr $C$DW$686, DW_AT_bit_size(0x01)
    7739                      .dwattr $C$DW$686, DW_AT_accessibility(DW_ACCESS_public)
    7740                      .dwattr $C$DW$686, DW_AT_decl_file("/home/jose/ti/c2000/C2000Ware_26_01_00_00/device_support/f2837xd/
    7741                      .dwattr $C$DW$686, DW_AT_decl_line(0xe3a)
    7742                      .dwattr $C$DW$686, DW_AT_decl_column(0x0c)
    7743              
    7744              $C$DW$687       .dwtag  DW_TAG_member
    7745                      .dwattr $C$DW$687, DW_AT_type(*$C$DW$T$19)
    7746                      .dwattr $C$DW$687, DW_AT_name("GPIO133")
    7747                      .dwattr $C$DW$687, DW_AT_bit_offset(0x0a)
    7748                      .dwattr $C$DW$687, DW_AT_bit_size(0x01)
    7749                      .dwattr $C$DW$687, DW_AT_accessibility(DW_ACCESS_public)
    7750                      .dwattr $C$DW$687, DW_AT_decl_file("/home/jose/ti/c2000/C2000Ware_26_01_00_00/device_support/f2837xd/
    7751                      .dwattr $C$DW$687, DW_AT_decl_line(0xe3b)
    7752                      .dwattr $C$DW$687, DW_AT_decl_column(0x0c)
    7753              
    7754              $C$DW$688       .dwtag  DW_TAG_member
    7755                      .dwattr $C$DW$688, DW_AT_type(*$C$DW$T$19)
    7756                      .dwattr $C$DW$688, DW_AT_name("GPIO134")
    7757                      .dwattr $C$DW$688, DW_AT_bit_offset(0x09)
    7758                      .dwattr $C$DW$688, DW_AT_bit_size(0x01)
    7759                      .dwattr $C$DW$688, DW_AT_accessibility(DW_ACCESS_public)
    7760                      .dwattr $C$DW$688, DW_AT_decl_file("/home/jose/ti/c2000/C2000Ware_26_01_00_00/device_support/f2837xd/
    7761                      .dwattr $C$DW$688, DW_AT_decl_line(0xe3c)
    7762                      .dwattr $C$DW$688, DW_AT_decl_column(0x0c)
    7763              
    7764              $C$DW$689       .dwtag  DW_TAG_member
    7765                      .dwattr $C$DW$689, DW_AT_type(*$C$DW$T$19)
    7766                      .dwattr $C$DW$689, DW_AT_name("GPIO135")
    7767                      .dwattr $C$DW$689, DW_AT_bit_offset(0x08)
    7768                      .dwattr $C$DW$689, DW_AT_bit_size(0x01)
    7769                      .dwattr $C$DW$689, DW_AT_accessibility(DW_ACCESS_public)
    7770                      .dwattr $C$DW$689, DW_AT_decl_file("/home/jose/ti/c2000/C2000Ware_26_01_00_00/device_support/f2837xd/
    7771                      .dwattr $C$DW$689, DW_AT_decl_line(0xe3d)
    7772                      .dwattr $C$DW$689, DW_AT_decl_column(0x0c)
    7773              
    7774              $C$DW$690       .dwtag  DW_TAG_member
    7775                      .dwattr $C$DW$690, DW_AT_type(*$C$DW$T$19)
    7776                      .dwattr $C$DW$690, DW_AT_name("GPIO136")
    7777                      .dwattr $C$DW$690, DW_AT_bit_offset(0x07)
    7778                      .dwattr $C$DW$690, DW_AT_bit_size(0x01)
    7779                      .dwattr $C$DW$690, DW_AT_accessibility(DW_ACCESS_public)
    7780                      .dwattr $C$DW$690, DW_AT_decl_file("/home/jose/ti/c2000/C2000Ware_26_01_00_00/device_support/f2837xd/
    7781                      .dwattr $C$DW$690, DW_AT_decl_line(0xe3e)
    7782                      .dwattr $C$DW$690, DW_AT_decl_column(0x0c)
    7783              
    7784              $C$DW$691       .dwtag  DW_TAG_member
    7785                      .dwattr $C$DW$691, DW_AT_type(*$C$DW$T$19)
    7786                      .dwattr $C$DW$691, DW_AT_name("GPIO137")
TMS320C2000 Assembler Unix v25.11.0 Sat May 30 20:22:51 2026

Copyright (c) 1996-2018 Texas Instruments Incorporated
hal_board.asm                                                        PAGE  143

    7787                      .dwattr $C$DW$691, DW_AT_bit_offset(0x06)
    7788                      .dwattr $C$DW$691, DW_AT_bit_size(0x01)
    7789                      .dwattr $C$DW$691, DW_AT_accessibility(DW_ACCESS_public)
    7790                      .dwattr $C$DW$691, DW_AT_decl_file("/home/jose/ti/c2000/C2000Ware_26_01_00_00/device_support/f2837xd/
    7791                      .dwattr $C$DW$691, DW_AT_decl_line(0xe3f)
    7792                      .dwattr $C$DW$691, DW_AT_decl_column(0x0c)
    7793              
    7794              $C$DW$692       .dwtag  DW_TAG_member
    7795                      .dwattr $C$DW$692, DW_AT_type(*$C$DW$T$19)
    7796                      .dwattr $C$DW$692, DW_AT_name("GPIO138")
    7797                      .dwattr $C$DW$692, DW_AT_bit_offset(0x05)
    7798                      .dwattr $C$DW$692, DW_AT_bit_size(0x01)
    7799                      .dwattr $C$DW$692, DW_AT_accessibility(DW_ACCESS_public)
    7800                      .dwattr $C$DW$692, DW_AT_decl_file("/home/jose/ti/c2000/C2000Ware_26_01_00_00/device_support/f2837xd/
    7801                      .dwattr $C$DW$692, DW_AT_decl_line(0xe40)
    7802                      .dwattr $C$DW$692, DW_AT_decl_column(0x0c)
    7803              
    7804              $C$DW$693       .dwtag  DW_TAG_member
    7805                      .dwattr $C$DW$693, DW_AT_type(*$C$DW$T$19)
    7806                      .dwattr $C$DW$693, DW_AT_name("GPIO139")
    7807                      .dwattr $C$DW$693, DW_AT_bit_offset(0x04)
    7808                      .dwattr $C$DW$693, DW_AT_bit_size(0x01)
    7809                      .dwattr $C$DW$693, DW_AT_accessibility(DW_ACCESS_public)
    7810                      .dwattr $C$DW$693, DW_AT_decl_file("/home/jose/ti/c2000/C2000Ware_26_01_00_00/device_support/f2837xd/
    7811                      .dwattr $C$DW$693, DW_AT_decl_line(0xe41)
    7812                      .dwattr $C$DW$693, DW_AT_decl_column(0x0c)
    7813              
    7814              $C$DW$694       .dwtag  DW_TAG_member
    7815                      .dwattr $C$DW$694, DW_AT_type(*$C$DW$T$19)
    7816                      .dwattr $C$DW$694, DW_AT_name("GPIO140")
    7817                      .dwattr $C$DW$694, DW_AT_bit_offset(0x03)
    7818                      .dwattr $C$DW$694, DW_AT_bit_size(0x01)
    7819                      .dwattr $C$DW$694, DW_AT_accessibility(DW_ACCESS_public)
    7820                      .dwattr $C$DW$694, DW_AT_decl_file("/home/jose/ti/c2000/C2000Ware_26_01_00_00/device_support/f2837xd/
    7821                      .dwattr $C$DW$694, DW_AT_decl_line(0xe42)
    7822                      .dwattr $C$DW$694, DW_AT_decl_column(0x0c)
    7823              
    7824              $C$DW$695       .dwtag  DW_TAG_member
    7825                      .dwattr $C$DW$695, DW_AT_type(*$C$DW$T$19)
    7826                      .dwattr $C$DW$695, DW_AT_name("GPIO141")
    7827                      .dwattr $C$DW$695, DW_AT_bit_offset(0x02)
    7828                      .dwattr $C$DW$695, DW_AT_bit_size(0x01)
    7829                      .dwattr $C$DW$695, DW_AT_accessibility(DW_ACCESS_public)
    7830                      .dwattr $C$DW$695, DW_AT_decl_file("/home/jose/ti/c2000/C2000Ware_26_01_00_00/device_support/f2837xd/
    7831                      .dwattr $C$DW$695, DW_AT_decl_line(0xe43)
    7832                      .dwattr $C$DW$695, DW_AT_decl_column(0x0c)
    7833              
    7834              $C$DW$696       .dwtag  DW_TAG_member
    7835                      .dwattr $C$DW$696, DW_AT_type(*$C$DW$T$19)
    7836                      .dwattr $C$DW$696, DW_AT_name("GPIO142")
    7837                      .dwattr $C$DW$696, DW_AT_bit_offset(0x01)
    7838                      .dwattr $C$DW$696, DW_AT_bit_size(0x01)
    7839                      .dwattr $C$DW$696, DW_AT_accessibility(DW_ACCESS_public)
    7840                      .dwattr $C$DW$696, DW_AT_decl_file("/home/jose/ti/c2000/C2000Ware_26_01_00_00/device_support/f2837xd/
    7841                      .dwattr $C$DW$696, DW_AT_decl_line(0xe44)
TMS320C2000 Assembler Unix v25.11.0 Sat May 30 20:22:51 2026

Copyright (c) 1996-2018 Texas Instruments Incorporated
hal_board.asm                                                        PAGE  144

    7842                      .dwattr $C$DW$696, DW_AT_decl_column(0x0c)
    7843              
    7844              $C$DW$697       .dwtag  DW_TAG_member
    7845                      .dwattr $C$DW$697, DW_AT_type(*$C$DW$T$19)
    7846                      .dwattr $C$DW$697, DW_AT_name("GPIO143")
    7847                      .dwattr $C$DW$697, DW_AT_bit_offset(0x00)
    7848                      .dwattr $C$DW$697, DW_AT_bit_size(0x01)
    7849                      .dwattr $C$DW$697, DW_AT_accessibility(DW_ACCESS_public)
    7850                      .dwattr $C$DW$697, DW_AT_decl_file("/home/jose/ti/c2000/C2000Ware_26_01_00_00/device_support/f2837xd/
    7851                      .dwattr $C$DW$697, DW_AT_decl_line(0xe45)
    7852                      .dwattr $C$DW$697, DW_AT_decl_column(0x0c)
    7853              
    7854              $C$DW$698       .dwtag  DW_TAG_member
    7855                      .dwattr $C$DW$698, DW_AT_type(*$C$DW$T$19)
    7856                      .dwattr $C$DW$698, DW_AT_name("GPIO144")
    7857                      .dwattr $C$DW$698, DW_AT_bit_offset(0x0f)
    7858                      .dwattr $C$DW$698, DW_AT_bit_size(0x01)
    7859                      .dwattr $C$DW$698, DW_AT_data_member_location[DW_OP_plus_uconst 0x1]
    7860                      .dwattr $C$DW$698, DW_AT_accessibility(DW_ACCESS_public)
    7861                      .dwattr $C$DW$698, DW_AT_decl_file("/home/jose/ti/c2000/C2000Ware_26_01_00_00/device_support/f2837xd/
    7862                      .dwattr $C$DW$698, DW_AT_decl_line(0xe46)
    7863                      .dwattr $C$DW$698, DW_AT_decl_column(0x0c)
    7864              
    7865              $C$DW$699       .dwtag  DW_TAG_member
    7866                      .dwattr $C$DW$699, DW_AT_type(*$C$DW$T$19)
    7867                      .dwattr $C$DW$699, DW_AT_name("GPIO145")
    7868                      .dwattr $C$DW$699, DW_AT_bit_offset(0x0e)
    7869                      .dwattr $C$DW$699, DW_AT_bit_size(0x01)
    7870                      .dwattr $C$DW$699, DW_AT_data_member_location[DW_OP_plus_uconst 0x1]
    7871                      .dwattr $C$DW$699, DW_AT_accessibility(DW_ACCESS_public)
    7872                      .dwattr $C$DW$699, DW_AT_decl_file("/home/jose/ti/c2000/C2000Ware_26_01_00_00/device_support/f2837xd/
    7873                      .dwattr $C$DW$699, DW_AT_decl_line(0xe47)
    7874                      .dwattr $C$DW$699, DW_AT_decl_column(0x0c)
    7875              
    7876              $C$DW$700       .dwtag  DW_TAG_member
    7877                      .dwattr $C$DW$700, DW_AT_type(*$C$DW$T$19)
    7878                      .dwattr $C$DW$700, DW_AT_name("GPIO146")
    7879                      .dwattr $C$DW$700, DW_AT_bit_offset(0x0d)
    7880                      .dwattr $C$DW$700, DW_AT_bit_size(0x01)
    7881                      .dwattr $C$DW$700, DW_AT_data_member_location[DW_OP_plus_uconst 0x1]
    7882                      .dwattr $C$DW$700, DW_AT_accessibility(DW_ACCESS_public)
    7883                      .dwattr $C$DW$700, DW_AT_decl_file("/home/jose/ti/c2000/C2000Ware_26_01_00_00/device_support/f2837xd/
    7884                      .dwattr $C$DW$700, DW_AT_decl_line(0xe48)
    7885                      .dwattr $C$DW$700, DW_AT_decl_column(0x0c)
    7886              
    7887              $C$DW$701       .dwtag  DW_TAG_member
    7888                      .dwattr $C$DW$701, DW_AT_type(*$C$DW$T$19)
    7889                      .dwattr $C$DW$701, DW_AT_name("GPIO147")
    7890                      .dwattr $C$DW$701, DW_AT_bit_offset(0x0c)
    7891                      .dwattr $C$DW$701, DW_AT_bit_size(0x01)
    7892                      .dwattr $C$DW$701, DW_AT_data_member_location[DW_OP_plus_uconst 0x1]
    7893                      .dwattr $C$DW$701, DW_AT_accessibility(DW_ACCESS_public)
    7894                      .dwattr $C$DW$701, DW_AT_decl_file("/home/jose/ti/c2000/C2000Ware_26_01_00_00/device_support/f2837xd/
    7895                      .dwattr $C$DW$701, DW_AT_decl_line(0xe49)
    7896                      .dwattr $C$DW$701, DW_AT_decl_column(0x0c)
TMS320C2000 Assembler Unix v25.11.0 Sat May 30 20:22:51 2026

Copyright (c) 1996-2018 Texas Instruments Incorporated
hal_board.asm                                                        PAGE  145

    7897              
    7898              $C$DW$702       .dwtag  DW_TAG_member
    7899                      .dwattr $C$DW$702, DW_AT_type(*$C$DW$T$19)
    7900                      .dwattr $C$DW$702, DW_AT_name("GPIO148")
    7901                      .dwattr $C$DW$702, DW_AT_bit_offset(0x0b)
    7902                      .dwattr $C$DW$702, DW_AT_bit_size(0x01)
    7903                      .dwattr $C$DW$702, DW_AT_data_member_location[DW_OP_plus_uconst 0x1]
    7904                      .dwattr $C$DW$702, DW_AT_accessibility(DW_ACCESS_public)
    7905                      .dwattr $C$DW$702, DW_AT_decl_file("/home/jose/ti/c2000/C2000Ware_26_01_00_00/device_support/f2837xd/
    7906                      .dwattr $C$DW$702, DW_AT_decl_line(0xe4a)
    7907                      .dwattr $C$DW$702, DW_AT_decl_column(0x0c)
    7908              
    7909              $C$DW$703       .dwtag  DW_TAG_member
    7910                      .dwattr $C$DW$703, DW_AT_type(*$C$DW$T$19)
    7911                      .dwattr $C$DW$703, DW_AT_name("GPIO149")
    7912                      .dwattr $C$DW$703, DW_AT_bit_offset(0x0a)
    7913                      .dwattr $C$DW$703, DW_AT_bit_size(0x01)
    7914                      .dwattr $C$DW$703, DW_AT_data_member_location[DW_OP_plus_uconst 0x1]
    7915                      .dwattr $C$DW$703, DW_AT_accessibility(DW_ACCESS_public)
    7916                      .dwattr $C$DW$703, DW_AT_decl_file("/home/jose/ti/c2000/C2000Ware_26_01_00_00/device_support/f2837xd/
    7917                      .dwattr $C$DW$703, DW_AT_decl_line(0xe4b)
    7918                      .dwattr $C$DW$703, DW_AT_decl_column(0x0c)
    7919              
    7920              $C$DW$704       .dwtag  DW_TAG_member
    7921                      .dwattr $C$DW$704, DW_AT_type(*$C$DW$T$19)
    7922                      .dwattr $C$DW$704, DW_AT_name("GPIO150")
    7923                      .dwattr $C$DW$704, DW_AT_bit_offset(0x09)
    7924                      .dwattr $C$DW$704, DW_AT_bit_size(0x01)
    7925                      .dwattr $C$DW$704, DW_AT_data_member_location[DW_OP_plus_uconst 0x1]
    7926                      .dwattr $C$DW$704, DW_AT_accessibility(DW_ACCESS_public)
    7927                      .dwattr $C$DW$704, DW_AT_decl_file("/home/jose/ti/c2000/C2000Ware_26_01_00_00/device_support/f2837xd/
    7928                      .dwattr $C$DW$704, DW_AT_decl_line(0xe4c)
    7929                      .dwattr $C$DW$704, DW_AT_decl_column(0x0c)
    7930              
    7931              $C$DW$705       .dwtag  DW_TAG_member
    7932                      .dwattr $C$DW$705, DW_AT_type(*$C$DW$T$19)
    7933                      .dwattr $C$DW$705, DW_AT_name("GPIO151")
    7934                      .dwattr $C$DW$705, DW_AT_bit_offset(0x08)
    7935                      .dwattr $C$DW$705, DW_AT_bit_size(0x01)
    7936                      .dwattr $C$DW$705, DW_AT_data_member_location[DW_OP_plus_uconst 0x1]
    7937                      .dwattr $C$DW$705, DW_AT_accessibility(DW_ACCESS_public)
    7938                      .dwattr $C$DW$705, DW_AT_decl_file("/home/jose/ti/c2000/C2000Ware_26_01_00_00/device_support/f2837xd/
    7939                      .dwattr $C$DW$705, DW_AT_decl_line(0xe4d)
    7940                      .dwattr $C$DW$705, DW_AT_decl_column(0x0c)
    7941              
    7942              $C$DW$706       .dwtag  DW_TAG_member
    7943                      .dwattr $C$DW$706, DW_AT_type(*$C$DW$T$19)
    7944                      .dwattr $C$DW$706, DW_AT_name("GPIO152")
    7945                      .dwattr $C$DW$706, DW_AT_bit_offset(0x07)
    7946                      .dwattr $C$DW$706, DW_AT_bit_size(0x01)
    7947                      .dwattr $C$DW$706, DW_AT_data_member_location[DW_OP_plus_uconst 0x1]
    7948                      .dwattr $C$DW$706, DW_AT_accessibility(DW_ACCESS_public)
    7949                      .dwattr $C$DW$706, DW_AT_decl_file("/home/jose/ti/c2000/C2000Ware_26_01_00_00/device_support/f2837xd/
    7950                      .dwattr $C$DW$706, DW_AT_decl_line(0xe4e)
    7951                      .dwattr $C$DW$706, DW_AT_decl_column(0x0c)
TMS320C2000 Assembler Unix v25.11.0 Sat May 30 20:22:51 2026

Copyright (c) 1996-2018 Texas Instruments Incorporated
hal_board.asm                                                        PAGE  146

    7952              
    7953              $C$DW$707       .dwtag  DW_TAG_member
    7954                      .dwattr $C$DW$707, DW_AT_type(*$C$DW$T$19)
    7955                      .dwattr $C$DW$707, DW_AT_name("GPIO153")
    7956                      .dwattr $C$DW$707, DW_AT_bit_offset(0x06)
    7957                      .dwattr $C$DW$707, DW_AT_bit_size(0x01)
    7958                      .dwattr $C$DW$707, DW_AT_data_member_location[DW_OP_plus_uconst 0x1]
    7959                      .dwattr $C$DW$707, DW_AT_accessibility(DW_ACCESS_public)
    7960                      .dwattr $C$DW$707, DW_AT_decl_file("/home/jose/ti/c2000/C2000Ware_26_01_00_00/device_support/f2837xd/
    7961                      .dwattr $C$DW$707, DW_AT_decl_line(0xe4f)
    7962                      .dwattr $C$DW$707, DW_AT_decl_column(0x0c)
    7963              
    7964              $C$DW$708       .dwtag  DW_TAG_member
    7965                      .dwattr $C$DW$708, DW_AT_type(*$C$DW$T$19)
    7966                      .dwattr $C$DW$708, DW_AT_name("GPIO154")
    7967                      .dwattr $C$DW$708, DW_AT_bit_offset(0x05)
    7968                      .dwattr $C$DW$708, DW_AT_bit_size(0x01)
    7969                      .dwattr $C$DW$708, DW_AT_data_member_location[DW_OP_plus_uconst 0x1]
    7970                      .dwattr $C$DW$708, DW_AT_accessibility(DW_ACCESS_public)
    7971                      .dwattr $C$DW$708, DW_AT_decl_file("/home/jose/ti/c2000/C2000Ware_26_01_00_00/device_support/f2837xd/
    7972                      .dwattr $C$DW$708, DW_AT_decl_line(0xe50)
    7973                      .dwattr $C$DW$708, DW_AT_decl_column(0x0c)
    7974              
    7975              $C$DW$709       .dwtag  DW_TAG_member
    7976                      .dwattr $C$DW$709, DW_AT_type(*$C$DW$T$19)
    7977                      .dwattr $C$DW$709, DW_AT_name("GPIO155")
    7978                      .dwattr $C$DW$709, DW_AT_bit_offset(0x04)
    7979                      .dwattr $C$DW$709, DW_AT_bit_size(0x01)
    7980                      .dwattr $C$DW$709, DW_AT_data_member_location[DW_OP_plus_uconst 0x1]
    7981                      .dwattr $C$DW$709, DW_AT_accessibility(DW_ACCESS_public)
    7982                      .dwattr $C$DW$709, DW_AT_decl_file("/home/jose/ti/c2000/C2000Ware_26_01_00_00/device_support/f2837xd/
    7983                      .dwattr $C$DW$709, DW_AT_decl_line(0xe51)
    7984                      .dwattr $C$DW$709, DW_AT_decl_column(0x0c)
    7985              
    7986              $C$DW$710       .dwtag  DW_TAG_member
    7987                      .dwattr $C$DW$710, DW_AT_type(*$C$DW$T$19)
    7988                      .dwattr $C$DW$710, DW_AT_name("GPIO156")
    7989                      .dwattr $C$DW$710, DW_AT_bit_offset(0x03)
    7990                      .dwattr $C$DW$710, DW_AT_bit_size(0x01)
    7991                      .dwattr $C$DW$710, DW_AT_data_member_location[DW_OP_plus_uconst 0x1]
    7992                      .dwattr $C$DW$710, DW_AT_accessibility(DW_ACCESS_public)
    7993                      .dwattr $C$DW$710, DW_AT_decl_file("/home/jose/ti/c2000/C2000Ware_26_01_00_00/device_support/f2837xd/
    7994                      .dwattr $C$DW$710, DW_AT_decl_line(0xe52)
    7995                      .dwattr $C$DW$710, DW_AT_decl_column(0x0c)
    7996              
    7997              $C$DW$711       .dwtag  DW_TAG_member
    7998                      .dwattr $C$DW$711, DW_AT_type(*$C$DW$T$19)
    7999                      .dwattr $C$DW$711, DW_AT_name("GPIO157")
    8000                      .dwattr $C$DW$711, DW_AT_bit_offset(0x02)
    8001                      .dwattr $C$DW$711, DW_AT_bit_size(0x01)
    8002                      .dwattr $C$DW$711, DW_AT_data_member_location[DW_OP_plus_uconst 0x1]
    8003                      .dwattr $C$DW$711, DW_AT_accessibility(DW_ACCESS_public)
    8004                      .dwattr $C$DW$711, DW_AT_decl_file("/home/jose/ti/c2000/C2000Ware_26_01_00_00/device_support/f2837xd/
    8005                      .dwattr $C$DW$711, DW_AT_decl_line(0xe53)
    8006                      .dwattr $C$DW$711, DW_AT_decl_column(0x0c)
TMS320C2000 Assembler Unix v25.11.0 Sat May 30 20:22:51 2026

Copyright (c) 1996-2018 Texas Instruments Incorporated
hal_board.asm                                                        PAGE  147

    8007              
    8008              $C$DW$712       .dwtag  DW_TAG_member
    8009                      .dwattr $C$DW$712, DW_AT_type(*$C$DW$T$19)
    8010                      .dwattr $C$DW$712, DW_AT_name("GPIO158")
    8011                      .dwattr $C$DW$712, DW_AT_bit_offset(0x01)
    8012                      .dwattr $C$DW$712, DW_AT_bit_size(0x01)
    8013                      .dwattr $C$DW$712, DW_AT_data_member_location[DW_OP_plus_uconst 0x1]
    8014                      .dwattr $C$DW$712, DW_AT_accessibility(DW_ACCESS_public)
    8015                      .dwattr $C$DW$712, DW_AT_decl_file("/home/jose/ti/c2000/C2000Ware_26_01_00_00/device_support/f2837xd/
    8016                      .dwattr $C$DW$712, DW_AT_decl_line(0xe54)
    8017                      .dwattr $C$DW$712, DW_AT_decl_column(0x0c)
    8018              
    8019              $C$DW$713       .dwtag  DW_TAG_member
    8020                      .dwattr $C$DW$713, DW_AT_type(*$C$DW$T$19)
    8021                      .dwattr $C$DW$713, DW_AT_name("GPIO159")
    8022                      .dwattr $C$DW$713, DW_AT_bit_offset(0x00)
    8023                      .dwattr $C$DW$713, DW_AT_bit_size(0x01)
    8024                      .dwattr $C$DW$713, DW_AT_data_member_location[DW_OP_plus_uconst 0x1]
    8025                      .dwattr $C$DW$713, DW_AT_accessibility(DW_ACCESS_public)
    8026                      .dwattr $C$DW$713, DW_AT_decl_file("/home/jose/ti/c2000/C2000Ware_26_01_00_00/device_support/f2837xd/
    8027                      .dwattr $C$DW$713, DW_AT_decl_line(0xe55)
    8028                      .dwattr $C$DW$713, DW_AT_decl_column(0x0c)
    8029              
    8030                      .dwattr $C$DW$T$59, DW_AT_decl_file("/home/jose/ti/c2000/C2000Ware_26_01_00_00/device_support/f2837xd
    8031                      .dwattr $C$DW$T$59, DW_AT_decl_line(0xe35)
    8032                      .dwattr $C$DW$T$59, DW_AT_decl_column(0x08)
    8033                      .dwendtag $C$DW$T$59
    8034              
    8035                      .dwendtag $C$DW$TU$59
    8036              
    8037              
    8038              $C$DW$TU$60     .dwtag  DW_TAG_type_unit
    8039                      .dwmtype  $C$DW$T$60
    8040              
    8041              $C$DW$T$60      .dwtag  DW_TAG_union_type
    8042                      .dwattr $C$DW$T$60, DW_AT_name("GPETOGGLE_REG")
    8043                      .dwattr $C$DW$T$60, DW_AT_byte_size(0x02)
    8044              $C$DW$714       .dwtag  DW_TAG_member
    8045                      .dwattr $C$DW$714, DW_AT_type(*$C$DW$T$21)
    8046                      .dwattr $C$DW$714, DW_AT_name("all")
    8047                      .dwattr $C$DW$714, DW_AT_accessibility(DW_ACCESS_public)
    8048                      .dwattr $C$DW$714, DW_AT_decl_file("/home/jose/ti/c2000/C2000Ware_26_01_00_00/device_support/f2837xd/
    8049                      .dwattr $C$DW$714, DW_AT_decl_line(0xe59)
    8050                      .dwattr $C$DW$714, DW_AT_decl_column(0x0d)
    8051              
    8052              $C$DW$715       .dwtag  DW_TAG_member
    8053                      .dwattr $C$DW$715, DW_AT_type(*$C$DW$T$59)
    8054                      .dwattr $C$DW$715, DW_AT_name("bit")
    8055                      .dwattr $C$DW$715, DW_AT_accessibility(DW_ACCESS_public)
    8056                      .dwattr $C$DW$715, DW_AT_decl_file("/home/jose/ti/c2000/C2000Ware_26_01_00_00/device_support/f2837xd/
    8057                      .dwattr $C$DW$715, DW_AT_decl_line(0xe5a)
    8058                      .dwattr $C$DW$715, DW_AT_decl_column(0x1d)
    8059              
    8060                      .dwattr $C$DW$T$60, DW_AT_decl_file("/home/jose/ti/c2000/C2000Ware_26_01_00_00/device_support/f2837xd
    8061                      .dwattr $C$DW$T$60, DW_AT_decl_line(0xe58)
TMS320C2000 Assembler Unix v25.11.0 Sat May 30 20:22:51 2026

Copyright (c) 1996-2018 Texas Instruments Incorporated
hal_board.asm                                                        PAGE  148

    8062                      .dwattr $C$DW$T$60, DW_AT_decl_column(0x07)
    8063                      .dwendtag $C$DW$T$60
    8064              
    8065                      .dwendtag $C$DW$TU$60
    8066              
    8067              
    8068              $C$DW$TU$61     .dwtag  DW_TAG_type_unit
    8069                      .dwmtype  $C$DW$T$61
    8070              
    8071              $C$DW$T$61      .dwtag  DW_TAG_structure_type
    8072                      .dwattr $C$DW$T$61, DW_AT_name("GPFCLEAR_BITS")
    8073                      .dwattr $C$DW$T$61, DW_AT_byte_size(0x02)
    8074              $C$DW$716       .dwtag  DW_TAG_member
    8075                      .dwattr $C$DW$716, DW_AT_type(*$C$DW$T$19)
    8076                      .dwattr $C$DW$716, DW_AT_name("GPIO160")
    8077                      .dwattr $C$DW$716, DW_AT_bit_offset(0x0f)
    8078                      .dwattr $C$DW$716, DW_AT_bit_size(0x01)
    8079                      .dwattr $C$DW$716, DW_AT_accessibility(DW_ACCESS_public)
    8080                      .dwattr $C$DW$716, DW_AT_decl_file("/home/jose/ti/c2000/C2000Ware_26_01_00_00/device_support/f2837xd/
    8081                      .dwattr $C$DW$716, DW_AT_decl_line(0xeae)
    8082                      .dwattr $C$DW$716, DW_AT_decl_column(0x0c)
    8083              
    8084              $C$DW$717       .dwtag  DW_TAG_member
    8085                      .dwattr $C$DW$717, DW_AT_type(*$C$DW$T$19)
    8086                      .dwattr $C$DW$717, DW_AT_name("GPIO161")
    8087                      .dwattr $C$DW$717, DW_AT_bit_offset(0x0e)
    8088                      .dwattr $C$DW$717, DW_AT_bit_size(0x01)
    8089                      .dwattr $C$DW$717, DW_AT_accessibility(DW_ACCESS_public)
    8090                      .dwattr $C$DW$717, DW_AT_decl_file("/home/jose/ti/c2000/C2000Ware_26_01_00_00/device_support/f2837xd/
    8091                      .dwattr $C$DW$717, DW_AT_decl_line(0xeaf)
    8092                      .dwattr $C$DW$717, DW_AT_decl_column(0x0c)
    8093              
    8094              $C$DW$718       .dwtag  DW_TAG_member
    8095                      .dwattr $C$DW$718, DW_AT_type(*$C$DW$T$19)
    8096                      .dwattr $C$DW$718, DW_AT_name("GPIO162")
    8097                      .dwattr $C$DW$718, DW_AT_bit_offset(0x0d)
    8098                      .dwattr $C$DW$718, DW_AT_bit_size(0x01)
    8099                      .dwattr $C$DW$718, DW_AT_accessibility(DW_ACCESS_public)
    8100                      .dwattr $C$DW$718, DW_AT_decl_file("/home/jose/ti/c2000/C2000Ware_26_01_00_00/device_support/f2837xd/
    8101                      .dwattr $C$DW$718, DW_AT_decl_line(0xeb0)
    8102                      .dwattr $C$DW$718, DW_AT_decl_column(0x0c)
    8103              
    8104              $C$DW$719       .dwtag  DW_TAG_member
    8105                      .dwattr $C$DW$719, DW_AT_type(*$C$DW$T$19)
    8106                      .dwattr $C$DW$719, DW_AT_name("GPIO163")
    8107                      .dwattr $C$DW$719, DW_AT_bit_offset(0x0c)
    8108                      .dwattr $C$DW$719, DW_AT_bit_size(0x01)
    8109                      .dwattr $C$DW$719, DW_AT_accessibility(DW_ACCESS_public)
    8110                      .dwattr $C$DW$719, DW_AT_decl_file("/home/jose/ti/c2000/C2000Ware_26_01_00_00/device_support/f2837xd/
    8111                      .dwattr $C$DW$719, DW_AT_decl_line(0xeb1)
    8112                      .dwattr $C$DW$719, DW_AT_decl_column(0x0c)
    8113              
    8114              $C$DW$720       .dwtag  DW_TAG_member
    8115                      .dwattr $C$DW$720, DW_AT_type(*$C$DW$T$19)
    8116                      .dwattr $C$DW$720, DW_AT_name("GPIO164")
TMS320C2000 Assembler Unix v25.11.0 Sat May 30 20:22:51 2026

Copyright (c) 1996-2018 Texas Instruments Incorporated
hal_board.asm                                                        PAGE  149

    8117                      .dwattr $C$DW$720, DW_AT_bit_offset(0x0b)
    8118                      .dwattr $C$DW$720, DW_AT_bit_size(0x01)
    8119                      .dwattr $C$DW$720, DW_AT_accessibility(DW_ACCESS_public)
    8120                      .dwattr $C$DW$720, DW_AT_decl_file("/home/jose/ti/c2000/C2000Ware_26_01_00_00/device_support/f2837xd/
    8121                      .dwattr $C$DW$720, DW_AT_decl_line(0xeb2)
    8122                      .dwattr $C$DW$720, DW_AT_decl_column(0x0c)
    8123              
    8124              $C$DW$721       .dwtag  DW_TAG_member
    8125                      .dwattr $C$DW$721, DW_AT_type(*$C$DW$T$19)
    8126                      .dwattr $C$DW$721, DW_AT_name("GPIO165")
    8127                      .dwattr $C$DW$721, DW_AT_bit_offset(0x0a)
    8128                      .dwattr $C$DW$721, DW_AT_bit_size(0x01)
    8129                      .dwattr $C$DW$721, DW_AT_accessibility(DW_ACCESS_public)
    8130                      .dwattr $C$DW$721, DW_AT_decl_file("/home/jose/ti/c2000/C2000Ware_26_01_00_00/device_support/f2837xd/
    8131                      .dwattr $C$DW$721, DW_AT_decl_line(0xeb3)
    8132                      .dwattr $C$DW$721, DW_AT_decl_column(0x0c)
    8133              
    8134              $C$DW$722       .dwtag  DW_TAG_member
    8135                      .dwattr $C$DW$722, DW_AT_type(*$C$DW$T$19)
    8136                      .dwattr $C$DW$722, DW_AT_name("GPIO166")
    8137                      .dwattr $C$DW$722, DW_AT_bit_offset(0x09)
    8138                      .dwattr $C$DW$722, DW_AT_bit_size(0x01)
    8139                      .dwattr $C$DW$722, DW_AT_accessibility(DW_ACCESS_public)
    8140                      .dwattr $C$DW$722, DW_AT_decl_file("/home/jose/ti/c2000/C2000Ware_26_01_00_00/device_support/f2837xd/
    8141                      .dwattr $C$DW$722, DW_AT_decl_line(0xeb4)
    8142                      .dwattr $C$DW$722, DW_AT_decl_column(0x0c)
    8143              
    8144              $C$DW$723       .dwtag  DW_TAG_member
    8145                      .dwattr $C$DW$723, DW_AT_type(*$C$DW$T$19)
    8146                      .dwattr $C$DW$723, DW_AT_name("GPIO167")
    8147                      .dwattr $C$DW$723, DW_AT_bit_offset(0x08)
    8148                      .dwattr $C$DW$723, DW_AT_bit_size(0x01)
    8149                      .dwattr $C$DW$723, DW_AT_accessibility(DW_ACCESS_public)
    8150                      .dwattr $C$DW$723, DW_AT_decl_file("/home/jose/ti/c2000/C2000Ware_26_01_00_00/device_support/f2837xd/
    8151                      .dwattr $C$DW$723, DW_AT_decl_line(0xeb5)
    8152                      .dwattr $C$DW$723, DW_AT_decl_column(0x0c)
    8153              
    8154              $C$DW$724       .dwtag  DW_TAG_member
    8155                      .dwattr $C$DW$724, DW_AT_type(*$C$DW$T$19)
    8156                      .dwattr $C$DW$724, DW_AT_name("GPIO168")
    8157                      .dwattr $C$DW$724, DW_AT_bit_offset(0x07)
    8158                      .dwattr $C$DW$724, DW_AT_bit_size(0x01)
    8159                      .dwattr $C$DW$724, DW_AT_accessibility(DW_ACCESS_public)
    8160                      .dwattr $C$DW$724, DW_AT_decl_file("/home/jose/ti/c2000/C2000Ware_26_01_00_00/device_support/f2837xd/
    8161                      .dwattr $C$DW$724, DW_AT_decl_line(0xeb6)
    8162                      .dwattr $C$DW$724, DW_AT_decl_column(0x0c)
    8163              
    8164              $C$DW$725       .dwtag  DW_TAG_member
    8165                      .dwattr $C$DW$725, DW_AT_type(*$C$DW$T$19)
    8166                      .dwattr $C$DW$725, DW_AT_name("rsvd1")
    8167                      .dwattr $C$DW$725, DW_AT_bit_offset(0x06)
    8168                      .dwattr $C$DW$725, DW_AT_bit_size(0x01)
    8169                      .dwattr $C$DW$725, DW_AT_accessibility(DW_ACCESS_public)
    8170                      .dwattr $C$DW$725, DW_AT_decl_file("/home/jose/ti/c2000/C2000Ware_26_01_00_00/device_support/f2837xd/
    8171                      .dwattr $C$DW$725, DW_AT_decl_line(0xeb7)
TMS320C2000 Assembler Unix v25.11.0 Sat May 30 20:22:51 2026

Copyright (c) 1996-2018 Texas Instruments Incorporated
hal_board.asm                                                        PAGE  150

    8172                      .dwattr $C$DW$725, DW_AT_decl_column(0x0c)
    8173              
    8174              $C$DW$726       .dwtag  DW_TAG_member
    8175                      .dwattr $C$DW$726, DW_AT_type(*$C$DW$T$19)
    8176                      .dwattr $C$DW$726, DW_AT_name("rsvd2")
    8177                      .dwattr $C$DW$726, DW_AT_bit_offset(0x05)
    8178                      .dwattr $C$DW$726, DW_AT_bit_size(0x01)
    8179                      .dwattr $C$DW$726, DW_AT_accessibility(DW_ACCESS_public)
    8180                      .dwattr $C$DW$726, DW_AT_decl_file("/home/jose/ti/c2000/C2000Ware_26_01_00_00/device_support/f2837xd/
    8181                      .dwattr $C$DW$726, DW_AT_decl_line(0xeb8)
    8182                      .dwattr $C$DW$726, DW_AT_decl_column(0x0c)
    8183              
    8184              $C$DW$727       .dwtag  DW_TAG_member
    8185                      .dwattr $C$DW$727, DW_AT_type(*$C$DW$T$19)
    8186                      .dwattr $C$DW$727, DW_AT_name("rsvd3")
    8187                      .dwattr $C$DW$727, DW_AT_bit_offset(0x04)
    8188                      .dwattr $C$DW$727, DW_AT_bit_size(0x01)
    8189                      .dwattr $C$DW$727, DW_AT_accessibility(DW_ACCESS_public)
    8190                      .dwattr $C$DW$727, DW_AT_decl_file("/home/jose/ti/c2000/C2000Ware_26_01_00_00/device_support/f2837xd/
    8191                      .dwattr $C$DW$727, DW_AT_decl_line(0xeb9)
    8192                      .dwattr $C$DW$727, DW_AT_decl_column(0x0c)
    8193              
    8194              $C$DW$728       .dwtag  DW_TAG_member
    8195                      .dwattr $C$DW$728, DW_AT_type(*$C$DW$T$19)
    8196                      .dwattr $C$DW$728, DW_AT_name("rsvd4")
    8197                      .dwattr $C$DW$728, DW_AT_bit_offset(0x03)
    8198                      .dwattr $C$DW$728, DW_AT_bit_size(0x01)
    8199                      .dwattr $C$DW$728, DW_AT_accessibility(DW_ACCESS_public)
    8200                      .dwattr $C$DW$728, DW_AT_decl_file("/home/jose/ti/c2000/C2000Ware_26_01_00_00/device_support/f2837xd/
    8201                      .dwattr $C$DW$728, DW_AT_decl_line(0xeba)
    8202                      .dwattr $C$DW$728, DW_AT_decl_column(0x0c)
    8203              
    8204              $C$DW$729       .dwtag  DW_TAG_member
    8205                      .dwattr $C$DW$729, DW_AT_type(*$C$DW$T$19)
    8206                      .dwattr $C$DW$729, DW_AT_name("rsvd5")
    8207                      .dwattr $C$DW$729, DW_AT_bit_offset(0x02)
    8208                      .dwattr $C$DW$729, DW_AT_bit_size(0x01)
    8209                      .dwattr $C$DW$729, DW_AT_accessibility(DW_ACCESS_public)
    8210                      .dwattr $C$DW$729, DW_AT_decl_file("/home/jose/ti/c2000/C2000Ware_26_01_00_00/device_support/f2837xd/
    8211                      .dwattr $C$DW$729, DW_AT_decl_line(0xebb)
    8212                      .dwattr $C$DW$729, DW_AT_decl_column(0x0c)
    8213              
    8214              $C$DW$730       .dwtag  DW_TAG_member
    8215                      .dwattr $C$DW$730, DW_AT_type(*$C$DW$T$19)
    8216                      .dwattr $C$DW$730, DW_AT_name("rsvd6")
    8217                      .dwattr $C$DW$730, DW_AT_bit_offset(0x01)
    8218                      .dwattr $C$DW$730, DW_AT_bit_size(0x01)
    8219                      .dwattr $C$DW$730, DW_AT_accessibility(DW_ACCESS_public)
    8220                      .dwattr $C$DW$730, DW_AT_decl_file("/home/jose/ti/c2000/C2000Ware_26_01_00_00/device_support/f2837xd/
    8221                      .dwattr $C$DW$730, DW_AT_decl_line(0xebc)
    8222                      .dwattr $C$DW$730, DW_AT_decl_column(0x0c)
    8223              
    8224              $C$DW$731       .dwtag  DW_TAG_member
    8225                      .dwattr $C$DW$731, DW_AT_type(*$C$DW$T$19)
    8226                      .dwattr $C$DW$731, DW_AT_name("rsvd7")
TMS320C2000 Assembler Unix v25.11.0 Sat May 30 20:22:51 2026

Copyright (c) 1996-2018 Texas Instruments Incorporated
hal_board.asm                                                        PAGE  151

    8227                      .dwattr $C$DW$731, DW_AT_bit_offset(0x00)
    8228                      .dwattr $C$DW$731, DW_AT_bit_size(0x01)
    8229                      .dwattr $C$DW$731, DW_AT_accessibility(DW_ACCESS_public)
    8230                      .dwattr $C$DW$731, DW_AT_decl_file("/home/jose/ti/c2000/C2000Ware_26_01_00_00/device_support/f2837xd/
    8231                      .dwattr $C$DW$731, DW_AT_decl_line(0xebd)
    8232                      .dwattr $C$DW$731, DW_AT_decl_column(0x0c)
    8233              
    8234              $C$DW$732       .dwtag  DW_TAG_member
    8235                      .dwattr $C$DW$732, DW_AT_type(*$C$DW$T$19)
    8236                      .dwattr $C$DW$732, DW_AT_name("rsvd8")
    8237                      .dwattr $C$DW$732, DW_AT_bit_offset(0x0f)
    8238                      .dwattr $C$DW$732, DW_AT_bit_size(0x01)
    8239                      .dwattr $C$DW$732, DW_AT_data_member_location[DW_OP_plus_uconst 0x1]
    8240                      .dwattr $C$DW$732, DW_AT_accessibility(DW_ACCESS_public)
    8241                      .dwattr $C$DW$732, DW_AT_decl_file("/home/jose/ti/c2000/C2000Ware_26_01_00_00/device_support/f2837xd/
    8242                      .dwattr $C$DW$732, DW_AT_decl_line(0xebe)
    8243                      .dwattr $C$DW$732, DW_AT_decl_column(0x0c)
    8244              
    8245              $C$DW$733       .dwtag  DW_TAG_member
    8246                      .dwattr $C$DW$733, DW_AT_type(*$C$DW$T$19)
    8247                      .dwattr $C$DW$733, DW_AT_name("rsvd9")
    8248                      .dwattr $C$DW$733, DW_AT_bit_offset(0x0e)
    8249                      .dwattr $C$DW$733, DW_AT_bit_size(0x01)
    8250                      .dwattr $C$DW$733, DW_AT_data_member_location[DW_OP_plus_uconst 0x1]
    8251                      .dwattr $C$DW$733, DW_AT_accessibility(DW_ACCESS_public)
    8252                      .dwattr $C$DW$733, DW_AT_decl_file("/home/jose/ti/c2000/C2000Ware_26_01_00_00/device_support/f2837xd/
    8253                      .dwattr $C$DW$733, DW_AT_decl_line(0xebf)
    8254                      .dwattr $C$DW$733, DW_AT_decl_column(0x0c)
    8255              
    8256              $C$DW$734       .dwtag  DW_TAG_member
    8257                      .dwattr $C$DW$734, DW_AT_type(*$C$DW$T$19)
    8258                      .dwattr $C$DW$734, DW_AT_name("rsvd10")
    8259                      .dwattr $C$DW$734, DW_AT_bit_offset(0x0d)
    8260                      .dwattr $C$DW$734, DW_AT_bit_size(0x01)
    8261                      .dwattr $C$DW$734, DW_AT_data_member_location[DW_OP_plus_uconst 0x1]
    8262                      .dwattr $C$DW$734, DW_AT_accessibility(DW_ACCESS_public)
    8263                      .dwattr $C$DW$734, DW_AT_decl_file("/home/jose/ti/c2000/C2000Ware_26_01_00_00/device_support/f2837xd/
    8264                      .dwattr $C$DW$734, DW_AT_decl_line(0xec0)
    8265                      .dwattr $C$DW$734, DW_AT_decl_column(0x0c)
    8266              
    8267              $C$DW$735       .dwtag  DW_TAG_member
    8268                      .dwattr $C$DW$735, DW_AT_type(*$C$DW$T$19)
    8269                      .dwattr $C$DW$735, DW_AT_name("rsvd11")
    8270                      .dwattr $C$DW$735, DW_AT_bit_offset(0x0c)
    8271                      .dwattr $C$DW$735, DW_AT_bit_size(0x01)
    8272                      .dwattr $C$DW$735, DW_AT_data_member_location[DW_OP_plus_uconst 0x1]
    8273                      .dwattr $C$DW$735, DW_AT_accessibility(DW_ACCESS_public)
    8274                      .dwattr $C$DW$735, DW_AT_decl_file("/home/jose/ti/c2000/C2000Ware_26_01_00_00/device_support/f2837xd/
    8275                      .dwattr $C$DW$735, DW_AT_decl_line(0xec1)
    8276                      .dwattr $C$DW$735, DW_AT_decl_column(0x0c)
    8277              
    8278              $C$DW$736       .dwtag  DW_TAG_member
    8279                      .dwattr $C$DW$736, DW_AT_type(*$C$DW$T$19)
    8280                      .dwattr $C$DW$736, DW_AT_name("rsvd12")
    8281                      .dwattr $C$DW$736, DW_AT_bit_offset(0x0b)
TMS320C2000 Assembler Unix v25.11.0 Sat May 30 20:22:51 2026

Copyright (c) 1996-2018 Texas Instruments Incorporated
hal_board.asm                                                        PAGE  152

    8282                      .dwattr $C$DW$736, DW_AT_bit_size(0x01)
    8283                      .dwattr $C$DW$736, DW_AT_data_member_location[DW_OP_plus_uconst 0x1]
    8284                      .dwattr $C$DW$736, DW_AT_accessibility(DW_ACCESS_public)
    8285                      .dwattr $C$DW$736, DW_AT_decl_file("/home/jose/ti/c2000/C2000Ware_26_01_00_00/device_support/f2837xd/
    8286                      .dwattr $C$DW$736, DW_AT_decl_line(0xec2)
    8287                      .dwattr $C$DW$736, DW_AT_decl_column(0x0c)
    8288              
    8289              $C$DW$737       .dwtag  DW_TAG_member
    8290                      .dwattr $C$DW$737, DW_AT_type(*$C$DW$T$19)
    8291                      .dwattr $C$DW$737, DW_AT_name("rsvd13")
    8292                      .dwattr $C$DW$737, DW_AT_bit_offset(0x0a)
    8293                      .dwattr $C$DW$737, DW_AT_bit_size(0x01)
    8294                      .dwattr $C$DW$737, DW_AT_data_member_location[DW_OP_plus_uconst 0x1]
    8295                      .dwattr $C$DW$737, DW_AT_accessibility(DW_ACCESS_public)
    8296                      .dwattr $C$DW$737, DW_AT_decl_file("/home/jose/ti/c2000/C2000Ware_26_01_00_00/device_support/f2837xd/
    8297                      .dwattr $C$DW$737, DW_AT_decl_line(0xec3)
    8298                      .dwattr $C$DW$737, DW_AT_decl_column(0x0c)
    8299              
    8300              $C$DW$738       .dwtag  DW_TAG_member
    8301                      .dwattr $C$DW$738, DW_AT_type(*$C$DW$T$19)
    8302                      .dwattr $C$DW$738, DW_AT_name("rsvd14")
    8303                      .dwattr $C$DW$738, DW_AT_bit_offset(0x09)
    8304                      .dwattr $C$DW$738, DW_AT_bit_size(0x01)
    8305                      .dwattr $C$DW$738, DW_AT_data_member_location[DW_OP_plus_uconst 0x1]
    8306                      .dwattr $C$DW$738, DW_AT_accessibility(DW_ACCESS_public)
    8307                      .dwattr $C$DW$738, DW_AT_decl_file("/home/jose/ti/c2000/C2000Ware_26_01_00_00/device_support/f2837xd/
    8308                      .dwattr $C$DW$738, DW_AT_decl_line(0xec4)
    8309                      .dwattr $C$DW$738, DW_AT_decl_column(0x0c)
    8310              
    8311              $C$DW$739       .dwtag  DW_TAG_member
    8312                      .dwattr $C$DW$739, DW_AT_type(*$C$DW$T$19)
    8313                      .dwattr $C$DW$739, DW_AT_name("rsvd15")
    8314                      .dwattr $C$DW$739, DW_AT_bit_offset(0x08)
    8315                      .dwattr $C$DW$739, DW_AT_bit_size(0x01)
    8316                      .dwattr $C$DW$739, DW_AT_data_member_location[DW_OP_plus_uconst 0x1]
    8317                      .dwattr $C$DW$739, DW_AT_accessibility(DW_ACCESS_public)
    8318                      .dwattr $C$DW$739, DW_AT_decl_file("/home/jose/ti/c2000/C2000Ware_26_01_00_00/device_support/f2837xd/
    8319                      .dwattr $C$DW$739, DW_AT_decl_line(0xec5)
    8320                      .dwattr $C$DW$739, DW_AT_decl_column(0x0c)
    8321              
    8322              $C$DW$740       .dwtag  DW_TAG_member
    8323                      .dwattr $C$DW$740, DW_AT_type(*$C$DW$T$19)
    8324                      .dwattr $C$DW$740, DW_AT_name("rsvd16")
    8325                      .dwattr $C$DW$740, DW_AT_bit_offset(0x07)
    8326                      .dwattr $C$DW$740, DW_AT_bit_size(0x01)
    8327                      .dwattr $C$DW$740, DW_AT_data_member_location[DW_OP_plus_uconst 0x1]
    8328                      .dwattr $C$DW$740, DW_AT_accessibility(DW_ACCESS_public)
    8329                      .dwattr $C$DW$740, DW_AT_decl_file("/home/jose/ti/c2000/C2000Ware_26_01_00_00/device_support/f2837xd/
    8330                      .dwattr $C$DW$740, DW_AT_decl_line(0xec6)
    8331                      .dwattr $C$DW$740, DW_AT_decl_column(0x0c)
    8332              
    8333              $C$DW$741       .dwtag  DW_TAG_member
    8334                      .dwattr $C$DW$741, DW_AT_type(*$C$DW$T$19)
    8335                      .dwattr $C$DW$741, DW_AT_name("rsvd17")
    8336                      .dwattr $C$DW$741, DW_AT_bit_offset(0x06)
TMS320C2000 Assembler Unix v25.11.0 Sat May 30 20:22:51 2026

Copyright (c) 1996-2018 Texas Instruments Incorporated
hal_board.asm                                                        PAGE  153

    8337                      .dwattr $C$DW$741, DW_AT_bit_size(0x01)
    8338                      .dwattr $C$DW$741, DW_AT_data_member_location[DW_OP_plus_uconst 0x1]
    8339                      .dwattr $C$DW$741, DW_AT_accessibility(DW_ACCESS_public)
    8340                      .dwattr $C$DW$741, DW_AT_decl_file("/home/jose/ti/c2000/C2000Ware_26_01_00_00/device_support/f2837xd/
    8341                      .dwattr $C$DW$741, DW_AT_decl_line(0xec7)
    8342                      .dwattr $C$DW$741, DW_AT_decl_column(0x0c)
    8343              
    8344              $C$DW$742       .dwtag  DW_TAG_member
    8345                      .dwattr $C$DW$742, DW_AT_type(*$C$DW$T$19)
    8346                      .dwattr $C$DW$742, DW_AT_name("rsvd18")
    8347                      .dwattr $C$DW$742, DW_AT_bit_offset(0x05)
    8348                      .dwattr $C$DW$742, DW_AT_bit_size(0x01)
    8349                      .dwattr $C$DW$742, DW_AT_data_member_location[DW_OP_plus_uconst 0x1]
    8350                      .dwattr $C$DW$742, DW_AT_accessibility(DW_ACCESS_public)
    8351                      .dwattr $C$DW$742, DW_AT_decl_file("/home/jose/ti/c2000/C2000Ware_26_01_00_00/device_support/f2837xd/
    8352                      .dwattr $C$DW$742, DW_AT_decl_line(0xec8)
    8353                      .dwattr $C$DW$742, DW_AT_decl_column(0x0c)
    8354              
    8355              $C$DW$743       .dwtag  DW_TAG_member
    8356                      .dwattr $C$DW$743, DW_AT_type(*$C$DW$T$19)
    8357                      .dwattr $C$DW$743, DW_AT_name("rsvd19")
    8358                      .dwattr $C$DW$743, DW_AT_bit_offset(0x04)
    8359                      .dwattr $C$DW$743, DW_AT_bit_size(0x01)
    8360                      .dwattr $C$DW$743, DW_AT_data_member_location[DW_OP_plus_uconst 0x1]
    8361                      .dwattr $C$DW$743, DW_AT_accessibility(DW_ACCESS_public)
    8362                      .dwattr $C$DW$743, DW_AT_decl_file("/home/jose/ti/c2000/C2000Ware_26_01_00_00/device_support/f2837xd/
    8363                      .dwattr $C$DW$743, DW_AT_decl_line(0xec9)
    8364                      .dwattr $C$DW$743, DW_AT_decl_column(0x0c)
    8365              
    8366              $C$DW$744       .dwtag  DW_TAG_member
    8367                      .dwattr $C$DW$744, DW_AT_type(*$C$DW$T$19)
    8368                      .dwattr $C$DW$744, DW_AT_name("rsvd20")
    8369                      .dwattr $C$DW$744, DW_AT_bit_offset(0x03)
    8370                      .dwattr $C$DW$744, DW_AT_bit_size(0x01)
    8371                      .dwattr $C$DW$744, DW_AT_data_member_location[DW_OP_plus_uconst 0x1]
    8372                      .dwattr $C$DW$744, DW_AT_accessibility(DW_ACCESS_public)
    8373                      .dwattr $C$DW$744, DW_AT_decl_file("/home/jose/ti/c2000/C2000Ware_26_01_00_00/device_support/f2837xd/
    8374                      .dwattr $C$DW$744, DW_AT_decl_line(0xeca)
    8375                      .dwattr $C$DW$744, DW_AT_decl_column(0x0c)
    8376              
    8377              $C$DW$745       .dwtag  DW_TAG_member
    8378                      .dwattr $C$DW$745, DW_AT_type(*$C$DW$T$19)
    8379                      .dwattr $C$DW$745, DW_AT_name("rsvd21")
    8380                      .dwattr $C$DW$745, DW_AT_bit_offset(0x02)
    8381                      .dwattr $C$DW$745, DW_AT_bit_size(0x01)
    8382                      .dwattr $C$DW$745, DW_AT_data_member_location[DW_OP_plus_uconst 0x1]
    8383                      .dwattr $C$DW$745, DW_AT_accessibility(DW_ACCESS_public)
    8384                      .dwattr $C$DW$745, DW_AT_decl_file("/home/jose/ti/c2000/C2000Ware_26_01_00_00/device_support/f2837xd/
    8385                      .dwattr $C$DW$745, DW_AT_decl_line(0xecb)
    8386                      .dwattr $C$DW$745, DW_AT_decl_column(0x0c)
    8387              
    8388              $C$DW$746       .dwtag  DW_TAG_member
    8389                      .dwattr $C$DW$746, DW_AT_type(*$C$DW$T$19)
    8390                      .dwattr $C$DW$746, DW_AT_name("rsvd22")
    8391                      .dwattr $C$DW$746, DW_AT_bit_offset(0x01)
TMS320C2000 Assembler Unix v25.11.0 Sat May 30 20:22:51 2026

Copyright (c) 1996-2018 Texas Instruments Incorporated
hal_board.asm                                                        PAGE  154

    8392                      .dwattr $C$DW$746, DW_AT_bit_size(0x01)
    8393                      .dwattr $C$DW$746, DW_AT_data_member_location[DW_OP_plus_uconst 0x1]
    8394                      .dwattr $C$DW$746, DW_AT_accessibility(DW_ACCESS_public)
    8395                      .dwattr $C$DW$746, DW_AT_decl_file("/home/jose/ti/c2000/C2000Ware_26_01_00_00/device_support/f2837xd/
    8396                      .dwattr $C$DW$746, DW_AT_decl_line(0xecc)
    8397                      .dwattr $C$DW$746, DW_AT_decl_column(0x0c)
    8398              
    8399              $C$DW$747       .dwtag  DW_TAG_member
    8400                      .dwattr $C$DW$747, DW_AT_type(*$C$DW$T$19)
    8401                      .dwattr $C$DW$747, DW_AT_name("rsvd23")
    8402                      .dwattr $C$DW$747, DW_AT_bit_offset(0x00)
    8403                      .dwattr $C$DW$747, DW_AT_bit_size(0x01)
    8404                      .dwattr $C$DW$747, DW_AT_data_member_location[DW_OP_plus_uconst 0x1]
    8405                      .dwattr $C$DW$747, DW_AT_accessibility(DW_ACCESS_public)
    8406                      .dwattr $C$DW$747, DW_AT_decl_file("/home/jose/ti/c2000/C2000Ware_26_01_00_00/device_support/f2837xd/
    8407                      .dwattr $C$DW$747, DW_AT_decl_line(0xecd)
    8408                      .dwattr $C$DW$747, DW_AT_decl_column(0x0c)
    8409              
    8410                      .dwattr $C$DW$T$61, DW_AT_decl_file("/home/jose/ti/c2000/C2000Ware_26_01_00_00/device_support/f2837xd
    8411                      .dwattr $C$DW$T$61, DW_AT_decl_line(0xead)
    8412                      .dwattr $C$DW$T$61, DW_AT_decl_column(0x08)
    8413                      .dwendtag $C$DW$T$61
    8414              
    8415                      .dwendtag $C$DW$TU$61
    8416              
    8417              
    8418              $C$DW$TU$62     .dwtag  DW_TAG_type_unit
    8419                      .dwmtype  $C$DW$T$62
    8420              
    8421              $C$DW$T$62      .dwtag  DW_TAG_union_type
    8422                      .dwattr $C$DW$T$62, DW_AT_name("GPFCLEAR_REG")
    8423                      .dwattr $C$DW$T$62, DW_AT_byte_size(0x02)
    8424              $C$DW$748       .dwtag  DW_TAG_member
    8425                      .dwattr $C$DW$748, DW_AT_type(*$C$DW$T$21)
    8426                      .dwattr $C$DW$748, DW_AT_name("all")
    8427                      .dwattr $C$DW$748, DW_AT_accessibility(DW_ACCESS_public)
    8428                      .dwattr $C$DW$748, DW_AT_decl_file("/home/jose/ti/c2000/C2000Ware_26_01_00_00/device_support/f2837xd/
    8429                      .dwattr $C$DW$748, DW_AT_decl_line(0xed1)
    8430                      .dwattr $C$DW$748, DW_AT_decl_column(0x0d)
    8431              
    8432              $C$DW$749       .dwtag  DW_TAG_member
    8433                      .dwattr $C$DW$749, DW_AT_type(*$C$DW$T$61)
    8434                      .dwattr $C$DW$749, DW_AT_name("bit")
    8435                      .dwattr $C$DW$749, DW_AT_accessibility(DW_ACCESS_public)
    8436                      .dwattr $C$DW$749, DW_AT_decl_file("/home/jose/ti/c2000/C2000Ware_26_01_00_00/device_support/f2837xd/
    8437                      .dwattr $C$DW$749, DW_AT_decl_line(0xed2)
    8438                      .dwattr $C$DW$749, DW_AT_decl_column(0x1c)
    8439              
    8440                      .dwattr $C$DW$T$62, DW_AT_decl_file("/home/jose/ti/c2000/C2000Ware_26_01_00_00/device_support/f2837xd
    8441                      .dwattr $C$DW$T$62, DW_AT_decl_line(0xed0)
    8442                      .dwattr $C$DW$T$62, DW_AT_decl_column(0x07)
    8443                      .dwendtag $C$DW$T$62
    8444              
    8445                      .dwendtag $C$DW$TU$62
    8446              
TMS320C2000 Assembler Unix v25.11.0 Sat May 30 20:22:51 2026

Copyright (c) 1996-2018 Texas Instruments Incorporated
hal_board.asm                                                        PAGE  155

    8447              
    8448              $C$DW$TU$63     .dwtag  DW_TAG_type_unit
    8449                      .dwmtype  $C$DW$T$63
    8450              
    8451              $C$DW$T$63      .dwtag  DW_TAG_structure_type
    8452                      .dwattr $C$DW$T$63, DW_AT_name("GPFDAT_BITS")
    8453                      .dwattr $C$DW$T$63, DW_AT_byte_size(0x02)
    8454              $C$DW$750       .dwtag  DW_TAG_member
    8455                      .dwattr $C$DW$750, DW_AT_type(*$C$DW$T$19)
    8456                      .dwattr $C$DW$750, DW_AT_name("GPIO160")
    8457                      .dwattr $C$DW$750, DW_AT_bit_offset(0x0f)
    8458                      .dwattr $C$DW$750, DW_AT_bit_size(0x01)
    8459                      .dwattr $C$DW$750, DW_AT_accessibility(DW_ACCESS_public)
    8460                      .dwattr $C$DW$750, DW_AT_decl_file("/home/jose/ti/c2000/C2000Ware_26_01_00_00/device_support/f2837xd/
    8461                      .dwattr $C$DW$750, DW_AT_decl_line(0xe5e)
    8462                      .dwattr $C$DW$750, DW_AT_decl_column(0x0c)
    8463              
    8464              $C$DW$751       .dwtag  DW_TAG_member
    8465                      .dwattr $C$DW$751, DW_AT_type(*$C$DW$T$19)
    8466                      .dwattr $C$DW$751, DW_AT_name("GPIO161")
    8467                      .dwattr $C$DW$751, DW_AT_bit_offset(0x0e)
    8468                      .dwattr $C$DW$751, DW_AT_bit_size(0x01)
    8469                      .dwattr $C$DW$751, DW_AT_accessibility(DW_ACCESS_public)
    8470                      .dwattr $C$DW$751, DW_AT_decl_file("/home/jose/ti/c2000/C2000Ware_26_01_00_00/device_support/f2837xd/
    8471                      .dwattr $C$DW$751, DW_AT_decl_line(0xe5f)
    8472                      .dwattr $C$DW$751, DW_AT_decl_column(0x0c)
    8473              
    8474              $C$DW$752       .dwtag  DW_TAG_member
    8475                      .dwattr $C$DW$752, DW_AT_type(*$C$DW$T$19)
    8476                      .dwattr $C$DW$752, DW_AT_name("GPIO162")
    8477                      .dwattr $C$DW$752, DW_AT_bit_offset(0x0d)
    8478                      .dwattr $C$DW$752, DW_AT_bit_size(0x01)
    8479                      .dwattr $C$DW$752, DW_AT_accessibility(DW_ACCESS_public)
    8480                      .dwattr $C$DW$752, DW_AT_decl_file("/home/jose/ti/c2000/C2000Ware_26_01_00_00/device_support/f2837xd/
    8481                      .dwattr $C$DW$752, DW_AT_decl_line(0xe60)
    8482                      .dwattr $C$DW$752, DW_AT_decl_column(0x0c)
    8483              
    8484              $C$DW$753       .dwtag  DW_TAG_member
    8485                      .dwattr $C$DW$753, DW_AT_type(*$C$DW$T$19)
    8486                      .dwattr $C$DW$753, DW_AT_name("GPIO163")
    8487                      .dwattr $C$DW$753, DW_AT_bit_offset(0x0c)
    8488                      .dwattr $C$DW$753, DW_AT_bit_size(0x01)
    8489                      .dwattr $C$DW$753, DW_AT_accessibility(DW_ACCESS_public)
    8490                      .dwattr $C$DW$753, DW_AT_decl_file("/home/jose/ti/c2000/C2000Ware_26_01_00_00/device_support/f2837xd/
    8491                      .dwattr $C$DW$753, DW_AT_decl_line(0xe61)
    8492                      .dwattr $C$DW$753, DW_AT_decl_column(0x0c)
    8493              
    8494              $C$DW$754       .dwtag  DW_TAG_member
    8495                      .dwattr $C$DW$754, DW_AT_type(*$C$DW$T$19)
    8496                      .dwattr $C$DW$754, DW_AT_name("GPIO164")
    8497                      .dwattr $C$DW$754, DW_AT_bit_offset(0x0b)
    8498                      .dwattr $C$DW$754, DW_AT_bit_size(0x01)
    8499                      .dwattr $C$DW$754, DW_AT_accessibility(DW_ACCESS_public)
    8500                      .dwattr $C$DW$754, DW_AT_decl_file("/home/jose/ti/c2000/C2000Ware_26_01_00_00/device_support/f2837xd/
    8501                      .dwattr $C$DW$754, DW_AT_decl_line(0xe62)
TMS320C2000 Assembler Unix v25.11.0 Sat May 30 20:22:51 2026

Copyright (c) 1996-2018 Texas Instruments Incorporated
hal_board.asm                                                        PAGE  156

    8502                      .dwattr $C$DW$754, DW_AT_decl_column(0x0c)
    8503              
    8504              $C$DW$755       .dwtag  DW_TAG_member
    8505                      .dwattr $C$DW$755, DW_AT_type(*$C$DW$T$19)
    8506                      .dwattr $C$DW$755, DW_AT_name("GPIO165")
    8507                      .dwattr $C$DW$755, DW_AT_bit_offset(0x0a)
    8508                      .dwattr $C$DW$755, DW_AT_bit_size(0x01)
    8509                      .dwattr $C$DW$755, DW_AT_accessibility(DW_ACCESS_public)
    8510                      .dwattr $C$DW$755, DW_AT_decl_file("/home/jose/ti/c2000/C2000Ware_26_01_00_00/device_support/f2837xd/
    8511                      .dwattr $C$DW$755, DW_AT_decl_line(0xe63)
    8512                      .dwattr $C$DW$755, DW_AT_decl_column(0x0c)
    8513              
    8514              $C$DW$756       .dwtag  DW_TAG_member
    8515                      .dwattr $C$DW$756, DW_AT_type(*$C$DW$T$19)
    8516                      .dwattr $C$DW$756, DW_AT_name("GPIO166")
    8517                      .dwattr $C$DW$756, DW_AT_bit_offset(0x09)
    8518                      .dwattr $C$DW$756, DW_AT_bit_size(0x01)
    8519                      .dwattr $C$DW$756, DW_AT_accessibility(DW_ACCESS_public)
    8520                      .dwattr $C$DW$756, DW_AT_decl_file("/home/jose/ti/c2000/C2000Ware_26_01_00_00/device_support/f2837xd/
    8521                      .dwattr $C$DW$756, DW_AT_decl_line(0xe64)
    8522                      .dwattr $C$DW$756, DW_AT_decl_column(0x0c)
    8523              
    8524              $C$DW$757       .dwtag  DW_TAG_member
    8525                      .dwattr $C$DW$757, DW_AT_type(*$C$DW$T$19)
    8526                      .dwattr $C$DW$757, DW_AT_name("GPIO167")
    8527                      .dwattr $C$DW$757, DW_AT_bit_offset(0x08)
    8528                      .dwattr $C$DW$757, DW_AT_bit_size(0x01)
    8529                      .dwattr $C$DW$757, DW_AT_accessibility(DW_ACCESS_public)
    8530                      .dwattr $C$DW$757, DW_AT_decl_file("/home/jose/ti/c2000/C2000Ware_26_01_00_00/device_support/f2837xd/
    8531                      .dwattr $C$DW$757, DW_AT_decl_line(0xe65)
    8532                      .dwattr $C$DW$757, DW_AT_decl_column(0x0c)
    8533              
    8534              $C$DW$758       .dwtag  DW_TAG_member
    8535                      .dwattr $C$DW$758, DW_AT_type(*$C$DW$T$19)
    8536                      .dwattr $C$DW$758, DW_AT_name("GPIO168")
    8537                      .dwattr $C$DW$758, DW_AT_bit_offset(0x07)
    8538                      .dwattr $C$DW$758, DW_AT_bit_size(0x01)
    8539                      .dwattr $C$DW$758, DW_AT_accessibility(DW_ACCESS_public)
    8540                      .dwattr $C$DW$758, DW_AT_decl_file("/home/jose/ti/c2000/C2000Ware_26_01_00_00/device_support/f2837xd/
    8541                      .dwattr $C$DW$758, DW_AT_decl_line(0xe66)
    8542                      .dwattr $C$DW$758, DW_AT_decl_column(0x0c)
    8543              
    8544              $C$DW$759       .dwtag  DW_TAG_member
    8545                      .dwattr $C$DW$759, DW_AT_type(*$C$DW$T$19)
    8546                      .dwattr $C$DW$759, DW_AT_name("rsvd1")
    8547                      .dwattr $C$DW$759, DW_AT_bit_offset(0x06)
    8548                      .dwattr $C$DW$759, DW_AT_bit_size(0x01)
    8549                      .dwattr $C$DW$759, DW_AT_accessibility(DW_ACCESS_public)
    8550                      .dwattr $C$DW$759, DW_AT_decl_file("/home/jose/ti/c2000/C2000Ware_26_01_00_00/device_support/f2837xd/
    8551                      .dwattr $C$DW$759, DW_AT_decl_line(0xe67)
    8552                      .dwattr $C$DW$759, DW_AT_decl_column(0x0c)
    8553              
    8554              $C$DW$760       .dwtag  DW_TAG_member
    8555                      .dwattr $C$DW$760, DW_AT_type(*$C$DW$T$19)
    8556                      .dwattr $C$DW$760, DW_AT_name("rsvd2")
TMS320C2000 Assembler Unix v25.11.0 Sat May 30 20:22:51 2026

Copyright (c) 1996-2018 Texas Instruments Incorporated
hal_board.asm                                                        PAGE  157

    8557                      .dwattr $C$DW$760, DW_AT_bit_offset(0x05)
    8558                      .dwattr $C$DW$760, DW_AT_bit_size(0x01)
    8559                      .dwattr $C$DW$760, DW_AT_accessibility(DW_ACCESS_public)
    8560                      .dwattr $C$DW$760, DW_AT_decl_file("/home/jose/ti/c2000/C2000Ware_26_01_00_00/device_support/f2837xd/
    8561                      .dwattr $C$DW$760, DW_AT_decl_line(0xe68)
    8562                      .dwattr $C$DW$760, DW_AT_decl_column(0x0c)
    8563              
    8564              $C$DW$761       .dwtag  DW_TAG_member
    8565                      .dwattr $C$DW$761, DW_AT_type(*$C$DW$T$19)
    8566                      .dwattr $C$DW$761, DW_AT_name("rsvd3")
    8567                      .dwattr $C$DW$761, DW_AT_bit_offset(0x04)
    8568                      .dwattr $C$DW$761, DW_AT_bit_size(0x01)
    8569                      .dwattr $C$DW$761, DW_AT_accessibility(DW_ACCESS_public)
    8570                      .dwattr $C$DW$761, DW_AT_decl_file("/home/jose/ti/c2000/C2000Ware_26_01_00_00/device_support/f2837xd/
    8571                      .dwattr $C$DW$761, DW_AT_decl_line(0xe69)
    8572                      .dwattr $C$DW$761, DW_AT_decl_column(0x0c)
    8573              
    8574              $C$DW$762       .dwtag  DW_TAG_member
    8575                      .dwattr $C$DW$762, DW_AT_type(*$C$DW$T$19)
    8576                      .dwattr $C$DW$762, DW_AT_name("rsvd4")
    8577                      .dwattr $C$DW$762, DW_AT_bit_offset(0x03)
    8578                      .dwattr $C$DW$762, DW_AT_bit_size(0x01)
    8579                      .dwattr $C$DW$762, DW_AT_accessibility(DW_ACCESS_public)
    8580                      .dwattr $C$DW$762, DW_AT_decl_file("/home/jose/ti/c2000/C2000Ware_26_01_00_00/device_support/f2837xd/
    8581                      .dwattr $C$DW$762, DW_AT_decl_line(0xe6a)
    8582                      .dwattr $C$DW$762, DW_AT_decl_column(0x0c)
    8583              
    8584              $C$DW$763       .dwtag  DW_TAG_member
    8585                      .dwattr $C$DW$763, DW_AT_type(*$C$DW$T$19)
    8586                      .dwattr $C$DW$763, DW_AT_name("rsvd5")
    8587                      .dwattr $C$DW$763, DW_AT_bit_offset(0x02)
    8588                      .dwattr $C$DW$763, DW_AT_bit_size(0x01)
    8589                      .dwattr $C$DW$763, DW_AT_accessibility(DW_ACCESS_public)
    8590                      .dwattr $C$DW$763, DW_AT_decl_file("/home/jose/ti/c2000/C2000Ware_26_01_00_00/device_support/f2837xd/
    8591                      .dwattr $C$DW$763, DW_AT_decl_line(0xe6b)
    8592                      .dwattr $C$DW$763, DW_AT_decl_column(0x0c)
    8593              
    8594              $C$DW$764       .dwtag  DW_TAG_member
    8595                      .dwattr $C$DW$764, DW_AT_type(*$C$DW$T$19)
    8596                      .dwattr $C$DW$764, DW_AT_name("rsvd6")
    8597                      .dwattr $C$DW$764, DW_AT_bit_offset(0x01)
    8598                      .dwattr $C$DW$764, DW_AT_bit_size(0x01)
    8599                      .dwattr $C$DW$764, DW_AT_accessibility(DW_ACCESS_public)
    8600                      .dwattr $C$DW$764, DW_AT_decl_file("/home/jose/ti/c2000/C2000Ware_26_01_00_00/device_support/f2837xd/
    8601                      .dwattr $C$DW$764, DW_AT_decl_line(0xe6c)
    8602                      .dwattr $C$DW$764, DW_AT_decl_column(0x0c)
    8603              
    8604              $C$DW$765       .dwtag  DW_TAG_member
    8605                      .dwattr $C$DW$765, DW_AT_type(*$C$DW$T$19)
    8606                      .dwattr $C$DW$765, DW_AT_name("rsvd7")
    8607                      .dwattr $C$DW$765, DW_AT_bit_offset(0x00)
    8608                      .dwattr $C$DW$765, DW_AT_bit_size(0x01)
    8609                      .dwattr $C$DW$765, DW_AT_accessibility(DW_ACCESS_public)
    8610                      .dwattr $C$DW$765, DW_AT_decl_file("/home/jose/ti/c2000/C2000Ware_26_01_00_00/device_support/f2837xd/
    8611                      .dwattr $C$DW$765, DW_AT_decl_line(0xe6d)
TMS320C2000 Assembler Unix v25.11.0 Sat May 30 20:22:51 2026

Copyright (c) 1996-2018 Texas Instruments Incorporated
hal_board.asm                                                        PAGE  158

    8612                      .dwattr $C$DW$765, DW_AT_decl_column(0x0c)
    8613              
    8614              $C$DW$766       .dwtag  DW_TAG_member
    8615                      .dwattr $C$DW$766, DW_AT_type(*$C$DW$T$19)
    8616                      .dwattr $C$DW$766, DW_AT_name("rsvd8")
    8617                      .dwattr $C$DW$766, DW_AT_bit_offset(0x0f)
    8618                      .dwattr $C$DW$766, DW_AT_bit_size(0x01)
    8619                      .dwattr $C$DW$766, DW_AT_data_member_location[DW_OP_plus_uconst 0x1]
    8620                      .dwattr $C$DW$766, DW_AT_accessibility(DW_ACCESS_public)
    8621                      .dwattr $C$DW$766, DW_AT_decl_file("/home/jose/ti/c2000/C2000Ware_26_01_00_00/device_support/f2837xd/
    8622                      .dwattr $C$DW$766, DW_AT_decl_line(0xe6e)
    8623                      .dwattr $C$DW$766, DW_AT_decl_column(0x0c)
    8624              
    8625              $C$DW$767       .dwtag  DW_TAG_member
    8626                      .dwattr $C$DW$767, DW_AT_type(*$C$DW$T$19)
    8627                      .dwattr $C$DW$767, DW_AT_name("rsvd9")
    8628                      .dwattr $C$DW$767, DW_AT_bit_offset(0x0e)
    8629                      .dwattr $C$DW$767, DW_AT_bit_size(0x01)
    8630                      .dwattr $C$DW$767, DW_AT_data_member_location[DW_OP_plus_uconst 0x1]
    8631                      .dwattr $C$DW$767, DW_AT_accessibility(DW_ACCESS_public)
    8632                      .dwattr $C$DW$767, DW_AT_decl_file("/home/jose/ti/c2000/C2000Ware_26_01_00_00/device_support/f2837xd/
    8633                      .dwattr $C$DW$767, DW_AT_decl_line(0xe6f)
    8634                      .dwattr $C$DW$767, DW_AT_decl_column(0x0c)
    8635              
    8636              $C$DW$768       .dwtag  DW_TAG_member
    8637                      .dwattr $C$DW$768, DW_AT_type(*$C$DW$T$19)
    8638                      .dwattr $C$DW$768, DW_AT_name("rsvd10")
    8639                      .dwattr $C$DW$768, DW_AT_bit_offset(0x0d)
    8640                      .dwattr $C$DW$768, DW_AT_bit_size(0x01)
    8641                      .dwattr $C$DW$768, DW_AT_data_member_location[DW_OP_plus_uconst 0x1]
    8642                      .dwattr $C$DW$768, DW_AT_accessibility(DW_ACCESS_public)
    8643                      .dwattr $C$DW$768, DW_AT_decl_file("/home/jose/ti/c2000/C2000Ware_26_01_00_00/device_support/f2837xd/
    8644                      .dwattr $C$DW$768, DW_AT_decl_line(0xe70)
    8645                      .dwattr $C$DW$768, DW_AT_decl_column(0x0c)
    8646              
    8647              $C$DW$769       .dwtag  DW_TAG_member
    8648                      .dwattr $C$DW$769, DW_AT_type(*$C$DW$T$19)
    8649                      .dwattr $C$DW$769, DW_AT_name("rsvd11")
    8650                      .dwattr $C$DW$769, DW_AT_bit_offset(0x0c)
    8651                      .dwattr $C$DW$769, DW_AT_bit_size(0x01)
    8652                      .dwattr $C$DW$769, DW_AT_data_member_location[DW_OP_plus_uconst 0x1]
    8653                      .dwattr $C$DW$769, DW_AT_accessibility(DW_ACCESS_public)
    8654                      .dwattr $C$DW$769, DW_AT_decl_file("/home/jose/ti/c2000/C2000Ware_26_01_00_00/device_support/f2837xd/
    8655                      .dwattr $C$DW$769, DW_AT_decl_line(0xe71)
    8656                      .dwattr $C$DW$769, DW_AT_decl_column(0x0c)
    8657              
    8658              $C$DW$770       .dwtag  DW_TAG_member
    8659                      .dwattr $C$DW$770, DW_AT_type(*$C$DW$T$19)
    8660                      .dwattr $C$DW$770, DW_AT_name("rsvd12")
    8661                      .dwattr $C$DW$770, DW_AT_bit_offset(0x0b)
    8662                      .dwattr $C$DW$770, DW_AT_bit_size(0x01)
    8663                      .dwattr $C$DW$770, DW_AT_data_member_location[DW_OP_plus_uconst 0x1]
    8664                      .dwattr $C$DW$770, DW_AT_accessibility(DW_ACCESS_public)
    8665                      .dwattr $C$DW$770, DW_AT_decl_file("/home/jose/ti/c2000/C2000Ware_26_01_00_00/device_support/f2837xd/
    8666                      .dwattr $C$DW$770, DW_AT_decl_line(0xe72)
TMS320C2000 Assembler Unix v25.11.0 Sat May 30 20:22:51 2026

Copyright (c) 1996-2018 Texas Instruments Incorporated
hal_board.asm                                                        PAGE  159

    8667                      .dwattr $C$DW$770, DW_AT_decl_column(0x0c)
    8668              
    8669              $C$DW$771       .dwtag  DW_TAG_member
    8670                      .dwattr $C$DW$771, DW_AT_type(*$C$DW$T$19)
    8671                      .dwattr $C$DW$771, DW_AT_name("rsvd13")
    8672                      .dwattr $C$DW$771, DW_AT_bit_offset(0x0a)
    8673                      .dwattr $C$DW$771, DW_AT_bit_size(0x01)
    8674                      .dwattr $C$DW$771, DW_AT_data_member_location[DW_OP_plus_uconst 0x1]
    8675                      .dwattr $C$DW$771, DW_AT_accessibility(DW_ACCESS_public)
    8676                      .dwattr $C$DW$771, DW_AT_decl_file("/home/jose/ti/c2000/C2000Ware_26_01_00_00/device_support/f2837xd/
    8677                      .dwattr $C$DW$771, DW_AT_decl_line(0xe73)
    8678                      .dwattr $C$DW$771, DW_AT_decl_column(0x0c)
    8679              
    8680              $C$DW$772       .dwtag  DW_TAG_member
    8681                      .dwattr $C$DW$772, DW_AT_type(*$C$DW$T$19)
    8682                      .dwattr $C$DW$772, DW_AT_name("rsvd14")
    8683                      .dwattr $C$DW$772, DW_AT_bit_offset(0x09)
    8684                      .dwattr $C$DW$772, DW_AT_bit_size(0x01)
    8685                      .dwattr $C$DW$772, DW_AT_data_member_location[DW_OP_plus_uconst 0x1]
    8686                      .dwattr $C$DW$772, DW_AT_accessibility(DW_ACCESS_public)
    8687                      .dwattr $C$DW$772, DW_AT_decl_file("/home/jose/ti/c2000/C2000Ware_26_01_00_00/device_support/f2837xd/
    8688                      .dwattr $C$DW$772, DW_AT_decl_line(0xe74)
    8689                      .dwattr $C$DW$772, DW_AT_decl_column(0x0c)
    8690              
    8691              $C$DW$773       .dwtag  DW_TAG_member
    8692                      .dwattr $C$DW$773, DW_AT_type(*$C$DW$T$19)
    8693                      .dwattr $C$DW$773, DW_AT_name("rsvd15")
    8694                      .dwattr $C$DW$773, DW_AT_bit_offset(0x08)
    8695                      .dwattr $C$DW$773, DW_AT_bit_size(0x01)
    8696                      .dwattr $C$DW$773, DW_AT_data_member_location[DW_OP_plus_uconst 0x1]
    8697                      .dwattr $C$DW$773, DW_AT_accessibility(DW_ACCESS_public)
    8698                      .dwattr $C$DW$773, DW_AT_decl_file("/home/jose/ti/c2000/C2000Ware_26_01_00_00/device_support/f2837xd/
    8699                      .dwattr $C$DW$773, DW_AT_decl_line(0xe75)
    8700                      .dwattr $C$DW$773, DW_AT_decl_column(0x0c)
    8701              
    8702              $C$DW$774       .dwtag  DW_TAG_member
    8703                      .dwattr $C$DW$774, DW_AT_type(*$C$DW$T$19)
    8704                      .dwattr $C$DW$774, DW_AT_name("rsvd16")
    8705                      .dwattr $C$DW$774, DW_AT_bit_offset(0x07)
    8706                      .dwattr $C$DW$774, DW_AT_bit_size(0x01)
    8707                      .dwattr $C$DW$774, DW_AT_data_member_location[DW_OP_plus_uconst 0x1]
    8708                      .dwattr $C$DW$774, DW_AT_accessibility(DW_ACCESS_public)
    8709                      .dwattr $C$DW$774, DW_AT_decl_file("/home/jose/ti/c2000/C2000Ware_26_01_00_00/device_support/f2837xd/
    8710                      .dwattr $C$DW$774, DW_AT_decl_line(0xe76)
    8711                      .dwattr $C$DW$774, DW_AT_decl_column(0x0c)
    8712              
    8713              $C$DW$775       .dwtag  DW_TAG_member
    8714                      .dwattr $C$DW$775, DW_AT_type(*$C$DW$T$19)
    8715                      .dwattr $C$DW$775, DW_AT_name("rsvd17")
    8716                      .dwattr $C$DW$775, DW_AT_bit_offset(0x06)
    8717                      .dwattr $C$DW$775, DW_AT_bit_size(0x01)
    8718                      .dwattr $C$DW$775, DW_AT_data_member_location[DW_OP_plus_uconst 0x1]
    8719                      .dwattr $C$DW$775, DW_AT_accessibility(DW_ACCESS_public)
    8720                      .dwattr $C$DW$775, DW_AT_decl_file("/home/jose/ti/c2000/C2000Ware_26_01_00_00/device_support/f2837xd/
    8721                      .dwattr $C$DW$775, DW_AT_decl_line(0xe77)
TMS320C2000 Assembler Unix v25.11.0 Sat May 30 20:22:51 2026

Copyright (c) 1996-2018 Texas Instruments Incorporated
hal_board.asm                                                        PAGE  160

    8722                      .dwattr $C$DW$775, DW_AT_decl_column(0x0c)
    8723              
    8724              $C$DW$776       .dwtag  DW_TAG_member
    8725                      .dwattr $C$DW$776, DW_AT_type(*$C$DW$T$19)
    8726                      .dwattr $C$DW$776, DW_AT_name("rsvd18")
    8727                      .dwattr $C$DW$776, DW_AT_bit_offset(0x05)
    8728                      .dwattr $C$DW$776, DW_AT_bit_size(0x01)
    8729                      .dwattr $C$DW$776, DW_AT_data_member_location[DW_OP_plus_uconst 0x1]
    8730                      .dwattr $C$DW$776, DW_AT_accessibility(DW_ACCESS_public)
    8731                      .dwattr $C$DW$776, DW_AT_decl_file("/home/jose/ti/c2000/C2000Ware_26_01_00_00/device_support/f2837xd/
    8732                      .dwattr $C$DW$776, DW_AT_decl_line(0xe78)
    8733                      .dwattr $C$DW$776, DW_AT_decl_column(0x0c)
    8734              
    8735              $C$DW$777       .dwtag  DW_TAG_member
    8736                      .dwattr $C$DW$777, DW_AT_type(*$C$DW$T$19)
    8737                      .dwattr $C$DW$777, DW_AT_name("rsvd19")
    8738                      .dwattr $C$DW$777, DW_AT_bit_offset(0x04)
    8739                      .dwattr $C$DW$777, DW_AT_bit_size(0x01)
    8740                      .dwattr $C$DW$777, DW_AT_data_member_location[DW_OP_plus_uconst 0x1]
    8741                      .dwattr $C$DW$777, DW_AT_accessibility(DW_ACCESS_public)
    8742                      .dwattr $C$DW$777, DW_AT_decl_file("/home/jose/ti/c2000/C2000Ware_26_01_00_00/device_support/f2837xd/
    8743                      .dwattr $C$DW$777, DW_AT_decl_line(0xe79)
    8744                      .dwattr $C$DW$777, DW_AT_decl_column(0x0c)
    8745              
    8746              $C$DW$778       .dwtag  DW_TAG_member
    8747                      .dwattr $C$DW$778, DW_AT_type(*$C$DW$T$19)
    8748                      .dwattr $C$DW$778, DW_AT_name("rsvd20")
    8749                      .dwattr $C$DW$778, DW_AT_bit_offset(0x03)
    8750                      .dwattr $C$DW$778, DW_AT_bit_size(0x01)
    8751                      .dwattr $C$DW$778, DW_AT_data_member_location[DW_OP_plus_uconst 0x1]
    8752                      .dwattr $C$DW$778, DW_AT_accessibility(DW_ACCESS_public)
    8753                      .dwattr $C$DW$778, DW_AT_decl_file("/home/jose/ti/c2000/C2000Ware_26_01_00_00/device_support/f2837xd/
    8754                      .dwattr $C$DW$778, DW_AT_decl_line(0xe7a)
    8755                      .dwattr $C$DW$778, DW_AT_decl_column(0x0c)
    8756              
    8757              $C$DW$779       .dwtag  DW_TAG_member
    8758                      .dwattr $C$DW$779, DW_AT_type(*$C$DW$T$19)
    8759                      .dwattr $C$DW$779, DW_AT_name("rsvd21")
    8760                      .dwattr $C$DW$779, DW_AT_bit_offset(0x02)
    8761                      .dwattr $C$DW$779, DW_AT_bit_size(0x01)
    8762                      .dwattr $C$DW$779, DW_AT_data_member_location[DW_OP_plus_uconst 0x1]
    8763                      .dwattr $C$DW$779, DW_AT_accessibility(DW_ACCESS_public)
    8764                      .dwattr $C$DW$779, DW_AT_decl_file("/home/jose/ti/c2000/C2000Ware_26_01_00_00/device_support/f2837xd/
    8765                      .dwattr $C$DW$779, DW_AT_decl_line(0xe7b)
    8766                      .dwattr $C$DW$779, DW_AT_decl_column(0x0c)
    8767              
    8768              $C$DW$780       .dwtag  DW_TAG_member
    8769                      .dwattr $C$DW$780, DW_AT_type(*$C$DW$T$19)
    8770                      .dwattr $C$DW$780, DW_AT_name("rsvd22")
    8771                      .dwattr $C$DW$780, DW_AT_bit_offset(0x01)
    8772                      .dwattr $C$DW$780, DW_AT_bit_size(0x01)
    8773                      .dwattr $C$DW$780, DW_AT_data_member_location[DW_OP_plus_uconst 0x1]
    8774                      .dwattr $C$DW$780, DW_AT_accessibility(DW_ACCESS_public)
    8775                      .dwattr $C$DW$780, DW_AT_decl_file("/home/jose/ti/c2000/C2000Ware_26_01_00_00/device_support/f2837xd/
    8776                      .dwattr $C$DW$780, DW_AT_decl_line(0xe7c)
TMS320C2000 Assembler Unix v25.11.0 Sat May 30 20:22:51 2026

Copyright (c) 1996-2018 Texas Instruments Incorporated
hal_board.asm                                                        PAGE  161

    8777                      .dwattr $C$DW$780, DW_AT_decl_column(0x0c)
    8778              
    8779              $C$DW$781       .dwtag  DW_TAG_member
    8780                      .dwattr $C$DW$781, DW_AT_type(*$C$DW$T$19)
    8781                      .dwattr $C$DW$781, DW_AT_name("rsvd23")
    8782                      .dwattr $C$DW$781, DW_AT_bit_offset(0x00)
    8783                      .dwattr $C$DW$781, DW_AT_bit_size(0x01)
    8784                      .dwattr $C$DW$781, DW_AT_data_member_location[DW_OP_plus_uconst 0x1]
    8785                      .dwattr $C$DW$781, DW_AT_accessibility(DW_ACCESS_public)
    8786                      .dwattr $C$DW$781, DW_AT_decl_file("/home/jose/ti/c2000/C2000Ware_26_01_00_00/device_support/f2837xd/
    8787                      .dwattr $C$DW$781, DW_AT_decl_line(0xe7d)
    8788                      .dwattr $C$DW$781, DW_AT_decl_column(0x0c)
    8789              
    8790                      .dwattr $C$DW$T$63, DW_AT_decl_file("/home/jose/ti/c2000/C2000Ware_26_01_00_00/device_support/f2837xd
    8791                      .dwattr $C$DW$T$63, DW_AT_decl_line(0xe5d)
    8792                      .dwattr $C$DW$T$63, DW_AT_decl_column(0x08)
    8793                      .dwendtag $C$DW$T$63
    8794              
    8795                      .dwendtag $C$DW$TU$63
    8796              
    8797              
    8798              $C$DW$TU$64     .dwtag  DW_TAG_type_unit
    8799                      .dwmtype  $C$DW$T$64
    8800              
    8801              $C$DW$T$64      .dwtag  DW_TAG_union_type
    8802                      .dwattr $C$DW$T$64, DW_AT_name("GPFDAT_REG")
    8803                      .dwattr $C$DW$T$64, DW_AT_byte_size(0x02)
    8804              $C$DW$782       .dwtag  DW_TAG_member
    8805                      .dwattr $C$DW$782, DW_AT_type(*$C$DW$T$21)
    8806                      .dwattr $C$DW$782, DW_AT_name("all")
    8807                      .dwattr $C$DW$782, DW_AT_accessibility(DW_ACCESS_public)
    8808                      .dwattr $C$DW$782, DW_AT_decl_file("/home/jose/ti/c2000/C2000Ware_26_01_00_00/device_support/f2837xd/
    8809                      .dwattr $C$DW$782, DW_AT_decl_line(0xe81)
    8810                      .dwattr $C$DW$782, DW_AT_decl_column(0x0d)
    8811              
    8812              $C$DW$783       .dwtag  DW_TAG_member
    8813                      .dwattr $C$DW$783, DW_AT_type(*$C$DW$T$63)
    8814                      .dwattr $C$DW$783, DW_AT_name("bit")
    8815                      .dwattr $C$DW$783, DW_AT_accessibility(DW_ACCESS_public)
    8816                      .dwattr $C$DW$783, DW_AT_decl_file("/home/jose/ti/c2000/C2000Ware_26_01_00_00/device_support/f2837xd/
    8817                      .dwattr $C$DW$783, DW_AT_decl_line(0xe82)
    8818                      .dwattr $C$DW$783, DW_AT_decl_column(0x1a)
    8819              
    8820                      .dwattr $C$DW$T$64, DW_AT_decl_file("/home/jose/ti/c2000/C2000Ware_26_01_00_00/device_support/f2837xd
    8821                      .dwattr $C$DW$T$64, DW_AT_decl_line(0xe80)
    8822                      .dwattr $C$DW$T$64, DW_AT_decl_column(0x07)
    8823                      .dwendtag $C$DW$T$64
    8824              
    8825                      .dwendtag $C$DW$TU$64
    8826              
    8827              
    8828              $C$DW$TU$65     .dwtag  DW_TAG_type_unit
    8829                      .dwmtype  $C$DW$T$65
    8830              
    8831              $C$DW$T$65      .dwtag  DW_TAG_structure_type
TMS320C2000 Assembler Unix v25.11.0 Sat May 30 20:22:51 2026

Copyright (c) 1996-2018 Texas Instruments Incorporated
hal_board.asm                                                        PAGE  162

    8832                      .dwattr $C$DW$T$65, DW_AT_name("GPFSET_BITS")
    8833                      .dwattr $C$DW$T$65, DW_AT_byte_size(0x02)
    8834              $C$DW$784       .dwtag  DW_TAG_member
    8835                      .dwattr $C$DW$784, DW_AT_type(*$C$DW$T$19)
    8836                      .dwattr $C$DW$784, DW_AT_name("GPIO160")
    8837                      .dwattr $C$DW$784, DW_AT_bit_offset(0x0f)
    8838                      .dwattr $C$DW$784, DW_AT_bit_size(0x01)
    8839                      .dwattr $C$DW$784, DW_AT_accessibility(DW_ACCESS_public)
    8840                      .dwattr $C$DW$784, DW_AT_decl_file("/home/jose/ti/c2000/C2000Ware_26_01_00_00/device_support/f2837xd/
    8841                      .dwattr $C$DW$784, DW_AT_decl_line(0xe86)
    8842                      .dwattr $C$DW$784, DW_AT_decl_column(0x0c)
    8843              
    8844              $C$DW$785       .dwtag  DW_TAG_member
    8845                      .dwattr $C$DW$785, DW_AT_type(*$C$DW$T$19)
    8846                      .dwattr $C$DW$785, DW_AT_name("GPIO161")
    8847                      .dwattr $C$DW$785, DW_AT_bit_offset(0x0e)
    8848                      .dwattr $C$DW$785, DW_AT_bit_size(0x01)
    8849                      .dwattr $C$DW$785, DW_AT_accessibility(DW_ACCESS_public)
    8850                      .dwattr $C$DW$785, DW_AT_decl_file("/home/jose/ti/c2000/C2000Ware_26_01_00_00/device_support/f2837xd/
    8851                      .dwattr $C$DW$785, DW_AT_decl_line(0xe87)
    8852                      .dwattr $C$DW$785, DW_AT_decl_column(0x0c)
    8853              
    8854              $C$DW$786       .dwtag  DW_TAG_member
    8855                      .dwattr $C$DW$786, DW_AT_type(*$C$DW$T$19)
    8856                      .dwattr $C$DW$786, DW_AT_name("GPIO162")
    8857                      .dwattr $C$DW$786, DW_AT_bit_offset(0x0d)
    8858                      .dwattr $C$DW$786, DW_AT_bit_size(0x01)
    8859                      .dwattr $C$DW$786, DW_AT_accessibility(DW_ACCESS_public)
    8860                      .dwattr $C$DW$786, DW_AT_decl_file("/home/jose/ti/c2000/C2000Ware_26_01_00_00/device_support/f2837xd/
    8861                      .dwattr $C$DW$786, DW_AT_decl_line(0xe88)
    8862                      .dwattr $C$DW$786, DW_AT_decl_column(0x0c)
    8863              
    8864              $C$DW$787       .dwtag  DW_TAG_member
    8865                      .dwattr $C$DW$787, DW_AT_type(*$C$DW$T$19)
    8866                      .dwattr $C$DW$787, DW_AT_name("GPIO163")
    8867                      .dwattr $C$DW$787, DW_AT_bit_offset(0x0c)
    8868                      .dwattr $C$DW$787, DW_AT_bit_size(0x01)
    8869                      .dwattr $C$DW$787, DW_AT_accessibility(DW_ACCESS_public)
    8870                      .dwattr $C$DW$787, DW_AT_decl_file("/home/jose/ti/c2000/C2000Ware_26_01_00_00/device_support/f2837xd/
    8871                      .dwattr $C$DW$787, DW_AT_decl_line(0xe89)
    8872                      .dwattr $C$DW$787, DW_AT_decl_column(0x0c)
    8873              
    8874              $C$DW$788       .dwtag  DW_TAG_member
    8875                      .dwattr $C$DW$788, DW_AT_type(*$C$DW$T$19)
    8876                      .dwattr $C$DW$788, DW_AT_name("GPIO164")
    8877                      .dwattr $C$DW$788, DW_AT_bit_offset(0x0b)
    8878                      .dwattr $C$DW$788, DW_AT_bit_size(0x01)
    8879                      .dwattr $C$DW$788, DW_AT_accessibility(DW_ACCESS_public)
    8880                      .dwattr $C$DW$788, DW_AT_decl_file("/home/jose/ti/c2000/C2000Ware_26_01_00_00/device_support/f2837xd/
    8881                      .dwattr $C$DW$788, DW_AT_decl_line(0xe8a)
    8882                      .dwattr $C$DW$788, DW_AT_decl_column(0x0c)
    8883              
    8884              $C$DW$789       .dwtag  DW_TAG_member
    8885                      .dwattr $C$DW$789, DW_AT_type(*$C$DW$T$19)
    8886                      .dwattr $C$DW$789, DW_AT_name("GPIO165")
TMS320C2000 Assembler Unix v25.11.0 Sat May 30 20:22:51 2026

Copyright (c) 1996-2018 Texas Instruments Incorporated
hal_board.asm                                                        PAGE  163

    8887                      .dwattr $C$DW$789, DW_AT_bit_offset(0x0a)
    8888                      .dwattr $C$DW$789, DW_AT_bit_size(0x01)
    8889                      .dwattr $C$DW$789, DW_AT_accessibility(DW_ACCESS_public)
    8890                      .dwattr $C$DW$789, DW_AT_decl_file("/home/jose/ti/c2000/C2000Ware_26_01_00_00/device_support/f2837xd/
    8891                      .dwattr $C$DW$789, DW_AT_decl_line(0xe8b)
    8892                      .dwattr $C$DW$789, DW_AT_decl_column(0x0c)
    8893              
    8894              $C$DW$790       .dwtag  DW_TAG_member
    8895                      .dwattr $C$DW$790, DW_AT_type(*$C$DW$T$19)
    8896                      .dwattr $C$DW$790, DW_AT_name("GPIO166")
    8897                      .dwattr $C$DW$790, DW_AT_bit_offset(0x09)
    8898                      .dwattr $C$DW$790, DW_AT_bit_size(0x01)
    8899                      .dwattr $C$DW$790, DW_AT_accessibility(DW_ACCESS_public)
    8900                      .dwattr $C$DW$790, DW_AT_decl_file("/home/jose/ti/c2000/C2000Ware_26_01_00_00/device_support/f2837xd/
    8901                      .dwattr $C$DW$790, DW_AT_decl_line(0xe8c)
    8902                      .dwattr $C$DW$790, DW_AT_decl_column(0x0c)
    8903              
    8904              $C$DW$791       .dwtag  DW_TAG_member
    8905                      .dwattr $C$DW$791, DW_AT_type(*$C$DW$T$19)
    8906                      .dwattr $C$DW$791, DW_AT_name("GPIO167")
    8907                      .dwattr $C$DW$791, DW_AT_bit_offset(0x08)
    8908                      .dwattr $C$DW$791, DW_AT_bit_size(0x01)
    8909                      .dwattr $C$DW$791, DW_AT_accessibility(DW_ACCESS_public)
    8910                      .dwattr $C$DW$791, DW_AT_decl_file("/home/jose/ti/c2000/C2000Ware_26_01_00_00/device_support/f2837xd/
    8911                      .dwattr $C$DW$791, DW_AT_decl_line(0xe8d)
    8912                      .dwattr $C$DW$791, DW_AT_decl_column(0x0c)
    8913              
    8914              $C$DW$792       .dwtag  DW_TAG_member
    8915                      .dwattr $C$DW$792, DW_AT_type(*$C$DW$T$19)
    8916                      .dwattr $C$DW$792, DW_AT_name("GPIO168")
    8917                      .dwattr $C$DW$792, DW_AT_bit_offset(0x07)
    8918                      .dwattr $C$DW$792, DW_AT_bit_size(0x01)
    8919                      .dwattr $C$DW$792, DW_AT_accessibility(DW_ACCESS_public)
    8920                      .dwattr $C$DW$792, DW_AT_decl_file("/home/jose/ti/c2000/C2000Ware_26_01_00_00/device_support/f2837xd/
    8921                      .dwattr $C$DW$792, DW_AT_decl_line(0xe8e)
    8922                      .dwattr $C$DW$792, DW_AT_decl_column(0x0c)
    8923              
    8924              $C$DW$793       .dwtag  DW_TAG_member
    8925                      .dwattr $C$DW$793, DW_AT_type(*$C$DW$T$19)
    8926                      .dwattr $C$DW$793, DW_AT_name("rsvd1")
    8927                      .dwattr $C$DW$793, DW_AT_bit_offset(0x06)
    8928                      .dwattr $C$DW$793, DW_AT_bit_size(0x01)
    8929                      .dwattr $C$DW$793, DW_AT_accessibility(DW_ACCESS_public)
    8930                      .dwattr $C$DW$793, DW_AT_decl_file("/home/jose/ti/c2000/C2000Ware_26_01_00_00/device_support/f2837xd/
    8931                      .dwattr $C$DW$793, DW_AT_decl_line(0xe8f)
    8932                      .dwattr $C$DW$793, DW_AT_decl_column(0x0c)
    8933              
    8934              $C$DW$794       .dwtag  DW_TAG_member
    8935                      .dwattr $C$DW$794, DW_AT_type(*$C$DW$T$19)
    8936                      .dwattr $C$DW$794, DW_AT_name("rsvd2")
    8937                      .dwattr $C$DW$794, DW_AT_bit_offset(0x05)
    8938                      .dwattr $C$DW$794, DW_AT_bit_size(0x01)
    8939                      .dwattr $C$DW$794, DW_AT_accessibility(DW_ACCESS_public)
    8940                      .dwattr $C$DW$794, DW_AT_decl_file("/home/jose/ti/c2000/C2000Ware_26_01_00_00/device_support/f2837xd/
    8941                      .dwattr $C$DW$794, DW_AT_decl_line(0xe90)
TMS320C2000 Assembler Unix v25.11.0 Sat May 30 20:22:51 2026

Copyright (c) 1996-2018 Texas Instruments Incorporated
hal_board.asm                                                        PAGE  164

    8942                      .dwattr $C$DW$794, DW_AT_decl_column(0x0c)
    8943              
    8944              $C$DW$795       .dwtag  DW_TAG_member
    8945                      .dwattr $C$DW$795, DW_AT_type(*$C$DW$T$19)
    8946                      .dwattr $C$DW$795, DW_AT_name("rsvd3")
    8947                      .dwattr $C$DW$795, DW_AT_bit_offset(0x04)
    8948                      .dwattr $C$DW$795, DW_AT_bit_size(0x01)
    8949                      .dwattr $C$DW$795, DW_AT_accessibility(DW_ACCESS_public)
    8950                      .dwattr $C$DW$795, DW_AT_decl_file("/home/jose/ti/c2000/C2000Ware_26_01_00_00/device_support/f2837xd/
    8951                      .dwattr $C$DW$795, DW_AT_decl_line(0xe91)
    8952                      .dwattr $C$DW$795, DW_AT_decl_column(0x0c)
    8953              
    8954              $C$DW$796       .dwtag  DW_TAG_member
    8955                      .dwattr $C$DW$796, DW_AT_type(*$C$DW$T$19)
    8956                      .dwattr $C$DW$796, DW_AT_name("rsvd4")
    8957                      .dwattr $C$DW$796, DW_AT_bit_offset(0x03)
    8958                      .dwattr $C$DW$796, DW_AT_bit_size(0x01)
    8959                      .dwattr $C$DW$796, DW_AT_accessibility(DW_ACCESS_public)
    8960                      .dwattr $C$DW$796, DW_AT_decl_file("/home/jose/ti/c2000/C2000Ware_26_01_00_00/device_support/f2837xd/
    8961                      .dwattr $C$DW$796, DW_AT_decl_line(0xe92)
    8962                      .dwattr $C$DW$796, DW_AT_decl_column(0x0c)
    8963              
    8964              $C$DW$797       .dwtag  DW_TAG_member
    8965                      .dwattr $C$DW$797, DW_AT_type(*$C$DW$T$19)
    8966                      .dwattr $C$DW$797, DW_AT_name("rsvd5")
    8967                      .dwattr $C$DW$797, DW_AT_bit_offset(0x02)
    8968                      .dwattr $C$DW$797, DW_AT_bit_size(0x01)
    8969                      .dwattr $C$DW$797, DW_AT_accessibility(DW_ACCESS_public)
    8970                      .dwattr $C$DW$797, DW_AT_decl_file("/home/jose/ti/c2000/C2000Ware_26_01_00_00/device_support/f2837xd/
    8971                      .dwattr $C$DW$797, DW_AT_decl_line(0xe93)
    8972                      .dwattr $C$DW$797, DW_AT_decl_column(0x0c)
    8973              
    8974              $C$DW$798       .dwtag  DW_TAG_member
    8975                      .dwattr $C$DW$798, DW_AT_type(*$C$DW$T$19)
    8976                      .dwattr $C$DW$798, DW_AT_name("rsvd6")
    8977                      .dwattr $C$DW$798, DW_AT_bit_offset(0x01)
    8978                      .dwattr $C$DW$798, DW_AT_bit_size(0x01)
    8979                      .dwattr $C$DW$798, DW_AT_accessibility(DW_ACCESS_public)
    8980                      .dwattr $C$DW$798, DW_AT_decl_file("/home/jose/ti/c2000/C2000Ware_26_01_00_00/device_support/f2837xd/
    8981                      .dwattr $C$DW$798, DW_AT_decl_line(0xe94)
    8982                      .dwattr $C$DW$798, DW_AT_decl_column(0x0c)
    8983              
    8984              $C$DW$799       .dwtag  DW_TAG_member
    8985                      .dwattr $C$DW$799, DW_AT_type(*$C$DW$T$19)
    8986                      .dwattr $C$DW$799, DW_AT_name("rsvd7")
    8987                      .dwattr $C$DW$799, DW_AT_bit_offset(0x00)
    8988                      .dwattr $C$DW$799, DW_AT_bit_size(0x01)
    8989                      .dwattr $C$DW$799, DW_AT_accessibility(DW_ACCESS_public)
    8990                      .dwattr $C$DW$799, DW_AT_decl_file("/home/jose/ti/c2000/C2000Ware_26_01_00_00/device_support/f2837xd/
    8991                      .dwattr $C$DW$799, DW_AT_decl_line(0xe95)
    8992                      .dwattr $C$DW$799, DW_AT_decl_column(0x0c)
    8993              
    8994              $C$DW$800       .dwtag  DW_TAG_member
    8995                      .dwattr $C$DW$800, DW_AT_type(*$C$DW$T$19)
    8996                      .dwattr $C$DW$800, DW_AT_name("rsvd8")
TMS320C2000 Assembler Unix v25.11.0 Sat May 30 20:22:51 2026

Copyright (c) 1996-2018 Texas Instruments Incorporated
hal_board.asm                                                        PAGE  165

    8997                      .dwattr $C$DW$800, DW_AT_bit_offset(0x0f)
    8998                      .dwattr $C$DW$800, DW_AT_bit_size(0x01)
    8999                      .dwattr $C$DW$800, DW_AT_data_member_location[DW_OP_plus_uconst 0x1]
    9000                      .dwattr $C$DW$800, DW_AT_accessibility(DW_ACCESS_public)
    9001                      .dwattr $C$DW$800, DW_AT_decl_file("/home/jose/ti/c2000/C2000Ware_26_01_00_00/device_support/f2837xd/
    9002                      .dwattr $C$DW$800, DW_AT_decl_line(0xe96)
    9003                      .dwattr $C$DW$800, DW_AT_decl_column(0x0c)
    9004              
    9005              $C$DW$801       .dwtag  DW_TAG_member
    9006                      .dwattr $C$DW$801, DW_AT_type(*$C$DW$T$19)
    9007                      .dwattr $C$DW$801, DW_AT_name("rsvd9")
    9008                      .dwattr $C$DW$801, DW_AT_bit_offset(0x0e)
    9009                      .dwattr $C$DW$801, DW_AT_bit_size(0x01)
    9010                      .dwattr $C$DW$801, DW_AT_data_member_location[DW_OP_plus_uconst 0x1]
    9011                      .dwattr $C$DW$801, DW_AT_accessibility(DW_ACCESS_public)
    9012                      .dwattr $C$DW$801, DW_AT_decl_file("/home/jose/ti/c2000/C2000Ware_26_01_00_00/device_support/f2837xd/
    9013                      .dwattr $C$DW$801, DW_AT_decl_line(0xe97)
    9014                      .dwattr $C$DW$801, DW_AT_decl_column(0x0c)
    9015              
    9016              $C$DW$802       .dwtag  DW_TAG_member
    9017                      .dwattr $C$DW$802, DW_AT_type(*$C$DW$T$19)
    9018                      .dwattr $C$DW$802, DW_AT_name("rsvd10")
    9019                      .dwattr $C$DW$802, DW_AT_bit_offset(0x0d)
    9020                      .dwattr $C$DW$802, DW_AT_bit_size(0x01)
    9021                      .dwattr $C$DW$802, DW_AT_data_member_location[DW_OP_plus_uconst 0x1]
    9022                      .dwattr $C$DW$802, DW_AT_accessibility(DW_ACCESS_public)
    9023                      .dwattr $C$DW$802, DW_AT_decl_file("/home/jose/ti/c2000/C2000Ware_26_01_00_00/device_support/f2837xd/
    9024                      .dwattr $C$DW$802, DW_AT_decl_line(0xe98)
    9025                      .dwattr $C$DW$802, DW_AT_decl_column(0x0c)
    9026              
    9027              $C$DW$803       .dwtag  DW_TAG_member
    9028                      .dwattr $C$DW$803, DW_AT_type(*$C$DW$T$19)
    9029                      .dwattr $C$DW$803, DW_AT_name("rsvd11")
    9030                      .dwattr $C$DW$803, DW_AT_bit_offset(0x0c)
    9031                      .dwattr $C$DW$803, DW_AT_bit_size(0x01)
    9032                      .dwattr $C$DW$803, DW_AT_data_member_location[DW_OP_plus_uconst 0x1]
    9033                      .dwattr $C$DW$803, DW_AT_accessibility(DW_ACCESS_public)
    9034                      .dwattr $C$DW$803, DW_AT_decl_file("/home/jose/ti/c2000/C2000Ware_26_01_00_00/device_support/f2837xd/
    9035                      .dwattr $C$DW$803, DW_AT_decl_line(0xe99)
    9036                      .dwattr $C$DW$803, DW_AT_decl_column(0x0c)
    9037              
    9038              $C$DW$804       .dwtag  DW_TAG_member
    9039                      .dwattr $C$DW$804, DW_AT_type(*$C$DW$T$19)
    9040                      .dwattr $C$DW$804, DW_AT_name("rsvd12")
    9041                      .dwattr $C$DW$804, DW_AT_bit_offset(0x0b)
    9042                      .dwattr $C$DW$804, DW_AT_bit_size(0x01)
    9043                      .dwattr $C$DW$804, DW_AT_data_member_location[DW_OP_plus_uconst 0x1]
    9044                      .dwattr $C$DW$804, DW_AT_accessibility(DW_ACCESS_public)
    9045                      .dwattr $C$DW$804, DW_AT_decl_file("/home/jose/ti/c2000/C2000Ware_26_01_00_00/device_support/f2837xd/
    9046                      .dwattr $C$DW$804, DW_AT_decl_line(0xe9a)
    9047                      .dwattr $C$DW$804, DW_AT_decl_column(0x0c)
    9048              
    9049              $C$DW$805       .dwtag  DW_TAG_member
    9050                      .dwattr $C$DW$805, DW_AT_type(*$C$DW$T$19)
    9051                      .dwattr $C$DW$805, DW_AT_name("rsvd13")
TMS320C2000 Assembler Unix v25.11.0 Sat May 30 20:22:51 2026

Copyright (c) 1996-2018 Texas Instruments Incorporated
hal_board.asm                                                        PAGE  166

    9052                      .dwattr $C$DW$805, DW_AT_bit_offset(0x0a)
    9053                      .dwattr $C$DW$805, DW_AT_bit_size(0x01)
    9054                      .dwattr $C$DW$805, DW_AT_data_member_location[DW_OP_plus_uconst 0x1]
    9055                      .dwattr $C$DW$805, DW_AT_accessibility(DW_ACCESS_public)
    9056                      .dwattr $C$DW$805, DW_AT_decl_file("/home/jose/ti/c2000/C2000Ware_26_01_00_00/device_support/f2837xd/
    9057                      .dwattr $C$DW$805, DW_AT_decl_line(0xe9b)
    9058                      .dwattr $C$DW$805, DW_AT_decl_column(0x0c)
    9059              
    9060              $C$DW$806       .dwtag  DW_TAG_member
    9061                      .dwattr $C$DW$806, DW_AT_type(*$C$DW$T$19)
    9062                      .dwattr $C$DW$806, DW_AT_name("rsvd14")
    9063                      .dwattr $C$DW$806, DW_AT_bit_offset(0x09)
    9064                      .dwattr $C$DW$806, DW_AT_bit_size(0x01)
    9065                      .dwattr $C$DW$806, DW_AT_data_member_location[DW_OP_plus_uconst 0x1]
    9066                      .dwattr $C$DW$806, DW_AT_accessibility(DW_ACCESS_public)
    9067                      .dwattr $C$DW$806, DW_AT_decl_file("/home/jose/ti/c2000/C2000Ware_26_01_00_00/device_support/f2837xd/
    9068                      .dwattr $C$DW$806, DW_AT_decl_line(0xe9c)
    9069                      .dwattr $C$DW$806, DW_AT_decl_column(0x0c)
    9070              
    9071              $C$DW$807       .dwtag  DW_TAG_member
    9072                      .dwattr $C$DW$807, DW_AT_type(*$C$DW$T$19)
    9073                      .dwattr $C$DW$807, DW_AT_name("rsvd15")
    9074                      .dwattr $C$DW$807, DW_AT_bit_offset(0x08)
    9075                      .dwattr $C$DW$807, DW_AT_bit_size(0x01)
    9076                      .dwattr $C$DW$807, DW_AT_data_member_location[DW_OP_plus_uconst 0x1]
    9077                      .dwattr $C$DW$807, DW_AT_accessibility(DW_ACCESS_public)
    9078                      .dwattr $C$DW$807, DW_AT_decl_file("/home/jose/ti/c2000/C2000Ware_26_01_00_00/device_support/f2837xd/
    9079                      .dwattr $C$DW$807, DW_AT_decl_line(0xe9d)
    9080                      .dwattr $C$DW$807, DW_AT_decl_column(0x0c)
    9081              
    9082              $C$DW$808       .dwtag  DW_TAG_member
    9083                      .dwattr $C$DW$808, DW_AT_type(*$C$DW$T$19)
    9084                      .dwattr $C$DW$808, DW_AT_name("rsvd16")
    9085                      .dwattr $C$DW$808, DW_AT_bit_offset(0x07)
    9086                      .dwattr $C$DW$808, DW_AT_bit_size(0x01)
    9087                      .dwattr $C$DW$808, DW_AT_data_member_location[DW_OP_plus_uconst 0x1]
    9088                      .dwattr $C$DW$808, DW_AT_accessibility(DW_ACCESS_public)
    9089                      .dwattr $C$DW$808, DW_AT_decl_file("/home/jose/ti/c2000/C2000Ware_26_01_00_00/device_support/f2837xd/
    9090                      .dwattr $C$DW$808, DW_AT_decl_line(0xe9e)
    9091                      .dwattr $C$DW$808, DW_AT_decl_column(0x0c)
    9092              
    9093              $C$DW$809       .dwtag  DW_TAG_member
    9094                      .dwattr $C$DW$809, DW_AT_type(*$C$DW$T$19)
    9095                      .dwattr $C$DW$809, DW_AT_name("rsvd17")
    9096                      .dwattr $C$DW$809, DW_AT_bit_offset(0x06)
    9097                      .dwattr $C$DW$809, DW_AT_bit_size(0x01)
    9098                      .dwattr $C$DW$809, DW_AT_data_member_location[DW_OP_plus_uconst 0x1]
    9099                      .dwattr $C$DW$809, DW_AT_accessibility(DW_ACCESS_public)
    9100                      .dwattr $C$DW$809, DW_AT_decl_file("/home/jose/ti/c2000/C2000Ware_26_01_00_00/device_support/f2837xd/
    9101                      .dwattr $C$DW$809, DW_AT_decl_line(0xe9f)
    9102                      .dwattr $C$DW$809, DW_AT_decl_column(0x0c)
    9103              
    9104              $C$DW$810       .dwtag  DW_TAG_member
    9105                      .dwattr $C$DW$810, DW_AT_type(*$C$DW$T$19)
    9106                      .dwattr $C$DW$810, DW_AT_name("rsvd18")
TMS320C2000 Assembler Unix v25.11.0 Sat May 30 20:22:51 2026

Copyright (c) 1996-2018 Texas Instruments Incorporated
hal_board.asm                                                        PAGE  167

    9107                      .dwattr $C$DW$810, DW_AT_bit_offset(0x05)
    9108                      .dwattr $C$DW$810, DW_AT_bit_size(0x01)
    9109                      .dwattr $C$DW$810, DW_AT_data_member_location[DW_OP_plus_uconst 0x1]
    9110                      .dwattr $C$DW$810, DW_AT_accessibility(DW_ACCESS_public)
    9111                      .dwattr $C$DW$810, DW_AT_decl_file("/home/jose/ti/c2000/C2000Ware_26_01_00_00/device_support/f2837xd/
    9112                      .dwattr $C$DW$810, DW_AT_decl_line(0xea0)
    9113                      .dwattr $C$DW$810, DW_AT_decl_column(0x0c)
    9114              
    9115              $C$DW$811       .dwtag  DW_TAG_member
    9116                      .dwattr $C$DW$811, DW_AT_type(*$C$DW$T$19)
    9117                      .dwattr $C$DW$811, DW_AT_name("rsvd19")
    9118                      .dwattr $C$DW$811, DW_AT_bit_offset(0x04)
    9119                      .dwattr $C$DW$811, DW_AT_bit_size(0x01)
    9120                      .dwattr $C$DW$811, DW_AT_data_member_location[DW_OP_plus_uconst 0x1]
    9121                      .dwattr $C$DW$811, DW_AT_accessibility(DW_ACCESS_public)
    9122                      .dwattr $C$DW$811, DW_AT_decl_file("/home/jose/ti/c2000/C2000Ware_26_01_00_00/device_support/f2837xd/
    9123                      .dwattr $C$DW$811, DW_AT_decl_line(0xea1)
    9124                      .dwattr $C$DW$811, DW_AT_decl_column(0x0c)
    9125              
    9126              $C$DW$812       .dwtag  DW_TAG_member
    9127                      .dwattr $C$DW$812, DW_AT_type(*$C$DW$T$19)
    9128                      .dwattr $C$DW$812, DW_AT_name("rsvd20")
    9129                      .dwattr $C$DW$812, DW_AT_bit_offset(0x03)
    9130                      .dwattr $C$DW$812, DW_AT_bit_size(0x01)
    9131                      .dwattr $C$DW$812, DW_AT_data_member_location[DW_OP_plus_uconst 0x1]
    9132                      .dwattr $C$DW$812, DW_AT_accessibility(DW_ACCESS_public)
    9133                      .dwattr $C$DW$812, DW_AT_decl_file("/home/jose/ti/c2000/C2000Ware_26_01_00_00/device_support/f2837xd/
    9134                      .dwattr $C$DW$812, DW_AT_decl_line(0xea2)
    9135                      .dwattr $C$DW$812, DW_AT_decl_column(0x0c)
    9136              
    9137              $C$DW$813       .dwtag  DW_TAG_member
    9138                      .dwattr $C$DW$813, DW_AT_type(*$C$DW$T$19)
    9139                      .dwattr $C$DW$813, DW_AT_name("rsvd21")
    9140                      .dwattr $C$DW$813, DW_AT_bit_offset(0x02)
    9141                      .dwattr $C$DW$813, DW_AT_bit_size(0x01)
    9142                      .dwattr $C$DW$813, DW_AT_data_member_location[DW_OP_plus_uconst 0x1]
    9143                      .dwattr $C$DW$813, DW_AT_accessibility(DW_ACCESS_public)
    9144                      .dwattr $C$DW$813, DW_AT_decl_file("/home/jose/ti/c2000/C2000Ware_26_01_00_00/device_support/f2837xd/
    9145                      .dwattr $C$DW$813, DW_AT_decl_line(0xea3)
    9146                      .dwattr $C$DW$813, DW_AT_decl_column(0x0c)
    9147              
    9148              $C$DW$814       .dwtag  DW_TAG_member
    9149                      .dwattr $C$DW$814, DW_AT_type(*$C$DW$T$19)
    9150                      .dwattr $C$DW$814, DW_AT_name("rsvd22")
    9151                      .dwattr $C$DW$814, DW_AT_bit_offset(0x01)
    9152                      .dwattr $C$DW$814, DW_AT_bit_size(0x01)
    9153                      .dwattr $C$DW$814, DW_AT_data_member_location[DW_OP_plus_uconst 0x1]
    9154                      .dwattr $C$DW$814, DW_AT_accessibility(DW_ACCESS_public)
    9155                      .dwattr $C$DW$814, DW_AT_decl_file("/home/jose/ti/c2000/C2000Ware_26_01_00_00/device_support/f2837xd/
    9156                      .dwattr $C$DW$814, DW_AT_decl_line(0xea4)
    9157                      .dwattr $C$DW$814, DW_AT_decl_column(0x0c)
    9158              
    9159              $C$DW$815       .dwtag  DW_TAG_member
    9160                      .dwattr $C$DW$815, DW_AT_type(*$C$DW$T$19)
    9161                      .dwattr $C$DW$815, DW_AT_name("rsvd23")
TMS320C2000 Assembler Unix v25.11.0 Sat May 30 20:22:51 2026

Copyright (c) 1996-2018 Texas Instruments Incorporated
hal_board.asm                                                        PAGE  168

    9162                      .dwattr $C$DW$815, DW_AT_bit_offset(0x00)
    9163                      .dwattr $C$DW$815, DW_AT_bit_size(0x01)
    9164                      .dwattr $C$DW$815, DW_AT_data_member_location[DW_OP_plus_uconst 0x1]
    9165                      .dwattr $C$DW$815, DW_AT_accessibility(DW_ACCESS_public)
    9166                      .dwattr $C$DW$815, DW_AT_decl_file("/home/jose/ti/c2000/C2000Ware_26_01_00_00/device_support/f2837xd/
    9167                      .dwattr $C$DW$815, DW_AT_decl_line(0xea5)
    9168                      .dwattr $C$DW$815, DW_AT_decl_column(0x0c)
    9169              
    9170                      .dwattr $C$DW$T$65, DW_AT_decl_file("/home/jose/ti/c2000/C2000Ware_26_01_00_00/device_support/f2837xd
    9171                      .dwattr $C$DW$T$65, DW_AT_decl_line(0xe85)
    9172                      .dwattr $C$DW$T$65, DW_AT_decl_column(0x08)
    9173                      .dwendtag $C$DW$T$65
    9174              
    9175                      .dwendtag $C$DW$TU$65
    9176              
    9177              
    9178              $C$DW$TU$66     .dwtag  DW_TAG_type_unit
    9179                      .dwmtype  $C$DW$T$66
    9180              
    9181              $C$DW$T$66      .dwtag  DW_TAG_union_type
    9182                      .dwattr $C$DW$T$66, DW_AT_name("GPFSET_REG")
    9183                      .dwattr $C$DW$T$66, DW_AT_byte_size(0x02)
    9184              $C$DW$816       .dwtag  DW_TAG_member
    9185                      .dwattr $C$DW$816, DW_AT_type(*$C$DW$T$21)
    9186                      .dwattr $C$DW$816, DW_AT_name("all")
    9187                      .dwattr $C$DW$816, DW_AT_accessibility(DW_ACCESS_public)
    9188                      .dwattr $C$DW$816, DW_AT_decl_file("/home/jose/ti/c2000/C2000Ware_26_01_00_00/device_support/f2837xd/
    9189                      .dwattr $C$DW$816, DW_AT_decl_line(0xea9)
    9190                      .dwattr $C$DW$816, DW_AT_decl_column(0x0d)
    9191              
    9192              $C$DW$817       .dwtag  DW_TAG_member
    9193                      .dwattr $C$DW$817, DW_AT_type(*$C$DW$T$65)
    9194                      .dwattr $C$DW$817, DW_AT_name("bit")
    9195                      .dwattr $C$DW$817, DW_AT_accessibility(DW_ACCESS_public)
    9196                      .dwattr $C$DW$817, DW_AT_decl_file("/home/jose/ti/c2000/C2000Ware_26_01_00_00/device_support/f2837xd/
    9197                      .dwattr $C$DW$817, DW_AT_decl_line(0xeaa)
    9198                      .dwattr $C$DW$817, DW_AT_decl_column(0x1a)
    9199              
    9200                      .dwattr $C$DW$T$66, DW_AT_decl_file("/home/jose/ti/c2000/C2000Ware_26_01_00_00/device_support/f2837xd
    9201                      .dwattr $C$DW$T$66, DW_AT_decl_line(0xea8)
    9202                      .dwattr $C$DW$T$66, DW_AT_decl_column(0x07)
    9203                      .dwendtag $C$DW$T$66
    9204              
    9205                      .dwendtag $C$DW$TU$66
    9206              
    9207              
    9208              $C$DW$TU$67     .dwtag  DW_TAG_type_unit
    9209                      .dwmtype  $C$DW$T$67
    9210              
    9211              $C$DW$T$67      .dwtag  DW_TAG_structure_type
    9212                      .dwattr $C$DW$T$67, DW_AT_name("GPFTOGGLE_BITS")
    9213                      .dwattr $C$DW$T$67, DW_AT_byte_size(0x02)
    9214              $C$DW$818       .dwtag  DW_TAG_member
    9215                      .dwattr $C$DW$818, DW_AT_type(*$C$DW$T$19)
    9216                      .dwattr $C$DW$818, DW_AT_name("GPIO160")
TMS320C2000 Assembler Unix v25.11.0 Sat May 30 20:22:51 2026

Copyright (c) 1996-2018 Texas Instruments Incorporated
hal_board.asm                                                        PAGE  169

    9217                      .dwattr $C$DW$818, DW_AT_bit_offset(0x0f)
    9218                      .dwattr $C$DW$818, DW_AT_bit_size(0x01)
    9219                      .dwattr $C$DW$818, DW_AT_accessibility(DW_ACCESS_public)
    9220                      .dwattr $C$DW$818, DW_AT_decl_file("/home/jose/ti/c2000/C2000Ware_26_01_00_00/device_support/f2837xd/
    9221                      .dwattr $C$DW$818, DW_AT_decl_line(0xed6)
    9222                      .dwattr $C$DW$818, DW_AT_decl_column(0x0c)
    9223              
    9224              $C$DW$819       .dwtag  DW_TAG_member
    9225                      .dwattr $C$DW$819, DW_AT_type(*$C$DW$T$19)
    9226                      .dwattr $C$DW$819, DW_AT_name("GPIO161")
    9227                      .dwattr $C$DW$819, DW_AT_bit_offset(0x0e)
    9228                      .dwattr $C$DW$819, DW_AT_bit_size(0x01)
    9229                      .dwattr $C$DW$819, DW_AT_accessibility(DW_ACCESS_public)
    9230                      .dwattr $C$DW$819, DW_AT_decl_file("/home/jose/ti/c2000/C2000Ware_26_01_00_00/device_support/f2837xd/
    9231                      .dwattr $C$DW$819, DW_AT_decl_line(0xed7)
    9232                      .dwattr $C$DW$819, DW_AT_decl_column(0x0c)
    9233              
    9234              $C$DW$820       .dwtag  DW_TAG_member
    9235                      .dwattr $C$DW$820, DW_AT_type(*$C$DW$T$19)
    9236                      .dwattr $C$DW$820, DW_AT_name("GPIO162")
    9237                      .dwattr $C$DW$820, DW_AT_bit_offset(0x0d)
    9238                      .dwattr $C$DW$820, DW_AT_bit_size(0x01)
    9239                      .dwattr $C$DW$820, DW_AT_accessibility(DW_ACCESS_public)
    9240                      .dwattr $C$DW$820, DW_AT_decl_file("/home/jose/ti/c2000/C2000Ware_26_01_00_00/device_support/f2837xd/
    9241                      .dwattr $C$DW$820, DW_AT_decl_line(0xed8)
    9242                      .dwattr $C$DW$820, DW_AT_decl_column(0x0c)
    9243              
    9244              $C$DW$821       .dwtag  DW_TAG_member
    9245                      .dwattr $C$DW$821, DW_AT_type(*$C$DW$T$19)
    9246                      .dwattr $C$DW$821, DW_AT_name("GPIO163")
    9247                      .dwattr $C$DW$821, DW_AT_bit_offset(0x0c)
    9248                      .dwattr $C$DW$821, DW_AT_bit_size(0x01)
    9249                      .dwattr $C$DW$821, DW_AT_accessibility(DW_ACCESS_public)
    9250                      .dwattr $C$DW$821, DW_AT_decl_file("/home/jose/ti/c2000/C2000Ware_26_01_00_00/device_support/f2837xd/
    9251                      .dwattr $C$DW$821, DW_AT_decl_line(0xed9)
    9252                      .dwattr $C$DW$821, DW_AT_decl_column(0x0c)
    9253              
    9254              $C$DW$822       .dwtag  DW_TAG_member
    9255                      .dwattr $C$DW$822, DW_AT_type(*$C$DW$T$19)
    9256                      .dwattr $C$DW$822, DW_AT_name("GPIO164")
    9257                      .dwattr $C$DW$822, DW_AT_bit_offset(0x0b)
    9258                      .dwattr $C$DW$822, DW_AT_bit_size(0x01)
    9259                      .dwattr $C$DW$822, DW_AT_accessibility(DW_ACCESS_public)
    9260                      .dwattr $C$DW$822, DW_AT_decl_file("/home/jose/ti/c2000/C2000Ware_26_01_00_00/device_support/f2837xd/
    9261                      .dwattr $C$DW$822, DW_AT_decl_line(0xeda)
    9262                      .dwattr $C$DW$822, DW_AT_decl_column(0x0c)
    9263              
    9264              $C$DW$823       .dwtag  DW_TAG_member
    9265                      .dwattr $C$DW$823, DW_AT_type(*$C$DW$T$19)
    9266                      .dwattr $C$DW$823, DW_AT_name("GPIO165")
    9267                      .dwattr $C$DW$823, DW_AT_bit_offset(0x0a)
    9268                      .dwattr $C$DW$823, DW_AT_bit_size(0x01)
    9269                      .dwattr $C$DW$823, DW_AT_accessibility(DW_ACCESS_public)
    9270                      .dwattr $C$DW$823, DW_AT_decl_file("/home/jose/ti/c2000/C2000Ware_26_01_00_00/device_support/f2837xd/
    9271                      .dwattr $C$DW$823, DW_AT_decl_line(0xedb)
TMS320C2000 Assembler Unix v25.11.0 Sat May 30 20:22:51 2026

Copyright (c) 1996-2018 Texas Instruments Incorporated
hal_board.asm                                                        PAGE  170

    9272                      .dwattr $C$DW$823, DW_AT_decl_column(0x0c)
    9273              
    9274              $C$DW$824       .dwtag  DW_TAG_member
    9275                      .dwattr $C$DW$824, DW_AT_type(*$C$DW$T$19)
    9276                      .dwattr $C$DW$824, DW_AT_name("GPIO166")
    9277                      .dwattr $C$DW$824, DW_AT_bit_offset(0x09)
    9278                      .dwattr $C$DW$824, DW_AT_bit_size(0x01)
    9279                      .dwattr $C$DW$824, DW_AT_accessibility(DW_ACCESS_public)
    9280                      .dwattr $C$DW$824, DW_AT_decl_file("/home/jose/ti/c2000/C2000Ware_26_01_00_00/device_support/f2837xd/
    9281                      .dwattr $C$DW$824, DW_AT_decl_line(0xedc)
    9282                      .dwattr $C$DW$824, DW_AT_decl_column(0x0c)
    9283              
    9284              $C$DW$825       .dwtag  DW_TAG_member
    9285                      .dwattr $C$DW$825, DW_AT_type(*$C$DW$T$19)
    9286                      .dwattr $C$DW$825, DW_AT_name("GPIO167")
    9287                      .dwattr $C$DW$825, DW_AT_bit_offset(0x08)
    9288                      .dwattr $C$DW$825, DW_AT_bit_size(0x01)
    9289                      .dwattr $C$DW$825, DW_AT_accessibility(DW_ACCESS_public)
    9290                      .dwattr $C$DW$825, DW_AT_decl_file("/home/jose/ti/c2000/C2000Ware_26_01_00_00/device_support/f2837xd/
    9291                      .dwattr $C$DW$825, DW_AT_decl_line(0xedd)
    9292                      .dwattr $C$DW$825, DW_AT_decl_column(0x0c)
    9293              
    9294              $C$DW$826       .dwtag  DW_TAG_member
    9295                      .dwattr $C$DW$826, DW_AT_type(*$C$DW$T$19)
    9296                      .dwattr $C$DW$826, DW_AT_name("GPIO168")
    9297                      .dwattr $C$DW$826, DW_AT_bit_offset(0x07)
    9298                      .dwattr $C$DW$826, DW_AT_bit_size(0x01)
    9299                      .dwattr $C$DW$826, DW_AT_accessibility(DW_ACCESS_public)
    9300                      .dwattr $C$DW$826, DW_AT_decl_file("/home/jose/ti/c2000/C2000Ware_26_01_00_00/device_support/f2837xd/
    9301                      .dwattr $C$DW$826, DW_AT_decl_line(0xede)
    9302                      .dwattr $C$DW$826, DW_AT_decl_column(0x0c)
    9303              
    9304              $C$DW$827       .dwtag  DW_TAG_member
    9305                      .dwattr $C$DW$827, DW_AT_type(*$C$DW$T$19)
    9306                      .dwattr $C$DW$827, DW_AT_name("rsvd1")
    9307                      .dwattr $C$DW$827, DW_AT_bit_offset(0x06)
    9308                      .dwattr $C$DW$827, DW_AT_bit_size(0x01)
    9309                      .dwattr $C$DW$827, DW_AT_accessibility(DW_ACCESS_public)
    9310                      .dwattr $C$DW$827, DW_AT_decl_file("/home/jose/ti/c2000/C2000Ware_26_01_00_00/device_support/f2837xd/
    9311                      .dwattr $C$DW$827, DW_AT_decl_line(0xedf)
    9312                      .dwattr $C$DW$827, DW_AT_decl_column(0x0c)
    9313              
    9314              $C$DW$828       .dwtag  DW_TAG_member
    9315                      .dwattr $C$DW$828, DW_AT_type(*$C$DW$T$19)
    9316                      .dwattr $C$DW$828, DW_AT_name("rsvd2")
    9317                      .dwattr $C$DW$828, DW_AT_bit_offset(0x05)
    9318                      .dwattr $C$DW$828, DW_AT_bit_size(0x01)
    9319                      .dwattr $C$DW$828, DW_AT_accessibility(DW_ACCESS_public)
    9320                      .dwattr $C$DW$828, DW_AT_decl_file("/home/jose/ti/c2000/C2000Ware_26_01_00_00/device_support/f2837xd/
    9321                      .dwattr $C$DW$828, DW_AT_decl_line(0xee0)
    9322                      .dwattr $C$DW$828, DW_AT_decl_column(0x0c)
    9323              
    9324              $C$DW$829       .dwtag  DW_TAG_member
    9325                      .dwattr $C$DW$829, DW_AT_type(*$C$DW$T$19)
    9326                      .dwattr $C$DW$829, DW_AT_name("rsvd3")
TMS320C2000 Assembler Unix v25.11.0 Sat May 30 20:22:51 2026

Copyright (c) 1996-2018 Texas Instruments Incorporated
hal_board.asm                                                        PAGE  171

    9327                      .dwattr $C$DW$829, DW_AT_bit_offset(0x04)
    9328                      .dwattr $C$DW$829, DW_AT_bit_size(0x01)
    9329                      .dwattr $C$DW$829, DW_AT_accessibility(DW_ACCESS_public)
    9330                      .dwattr $C$DW$829, DW_AT_decl_file("/home/jose/ti/c2000/C2000Ware_26_01_00_00/device_support/f2837xd/
    9331                      .dwattr $C$DW$829, DW_AT_decl_line(0xee1)
    9332                      .dwattr $C$DW$829, DW_AT_decl_column(0x0c)
    9333              
    9334              $C$DW$830       .dwtag  DW_TAG_member
    9335                      .dwattr $C$DW$830, DW_AT_type(*$C$DW$T$19)
    9336                      .dwattr $C$DW$830, DW_AT_name("rsvd4")
    9337                      .dwattr $C$DW$830, DW_AT_bit_offset(0x03)
    9338                      .dwattr $C$DW$830, DW_AT_bit_size(0x01)
    9339                      .dwattr $C$DW$830, DW_AT_accessibility(DW_ACCESS_public)
    9340                      .dwattr $C$DW$830, DW_AT_decl_file("/home/jose/ti/c2000/C2000Ware_26_01_00_00/device_support/f2837xd/
    9341                      .dwattr $C$DW$830, DW_AT_decl_line(0xee2)
    9342                      .dwattr $C$DW$830, DW_AT_decl_column(0x0c)
    9343              
    9344              $C$DW$831       .dwtag  DW_TAG_member
    9345                      .dwattr $C$DW$831, DW_AT_type(*$C$DW$T$19)
    9346                      .dwattr $C$DW$831, DW_AT_name("rsvd5")
    9347                      .dwattr $C$DW$831, DW_AT_bit_offset(0x02)
    9348                      .dwattr $C$DW$831, DW_AT_bit_size(0x01)
    9349                      .dwattr $C$DW$831, DW_AT_accessibility(DW_ACCESS_public)
    9350                      .dwattr $C$DW$831, DW_AT_decl_file("/home/jose/ti/c2000/C2000Ware_26_01_00_00/device_support/f2837xd/
    9351                      .dwattr $C$DW$831, DW_AT_decl_line(0xee3)
    9352                      .dwattr $C$DW$831, DW_AT_decl_column(0x0c)
    9353              
    9354              $C$DW$832       .dwtag  DW_TAG_member
    9355                      .dwattr $C$DW$832, DW_AT_type(*$C$DW$T$19)
    9356                      .dwattr $C$DW$832, DW_AT_name("rsvd6")
    9357                      .dwattr $C$DW$832, DW_AT_bit_offset(0x01)
    9358                      .dwattr $C$DW$832, DW_AT_bit_size(0x01)
    9359                      .dwattr $C$DW$832, DW_AT_accessibility(DW_ACCESS_public)
    9360                      .dwattr $C$DW$832, DW_AT_decl_file("/home/jose/ti/c2000/C2000Ware_26_01_00_00/device_support/f2837xd/
    9361                      .dwattr $C$DW$832, DW_AT_decl_line(0xee4)
    9362                      .dwattr $C$DW$832, DW_AT_decl_column(0x0c)
    9363              
    9364              $C$DW$833       .dwtag  DW_TAG_member
    9365                      .dwattr $C$DW$833, DW_AT_type(*$C$DW$T$19)
    9366                      .dwattr $C$DW$833, DW_AT_name("rsvd7")
    9367                      .dwattr $C$DW$833, DW_AT_bit_offset(0x00)
    9368                      .dwattr $C$DW$833, DW_AT_bit_size(0x01)
    9369                      .dwattr $C$DW$833, DW_AT_accessibility(DW_ACCESS_public)
    9370                      .dwattr $C$DW$833, DW_AT_decl_file("/home/jose/ti/c2000/C2000Ware_26_01_00_00/device_support/f2837xd/
    9371                      .dwattr $C$DW$833, DW_AT_decl_line(0xee5)
    9372                      .dwattr $C$DW$833, DW_AT_decl_column(0x0c)
    9373              
    9374              $C$DW$834       .dwtag  DW_TAG_member
    9375                      .dwattr $C$DW$834, DW_AT_type(*$C$DW$T$19)
    9376                      .dwattr $C$DW$834, DW_AT_name("rsvd8")
    9377                      .dwattr $C$DW$834, DW_AT_bit_offset(0x0f)
    9378                      .dwattr $C$DW$834, DW_AT_bit_size(0x01)
    9379                      .dwattr $C$DW$834, DW_AT_data_member_location[DW_OP_plus_uconst 0x1]
    9380                      .dwattr $C$DW$834, DW_AT_accessibility(DW_ACCESS_public)
    9381                      .dwattr $C$DW$834, DW_AT_decl_file("/home/jose/ti/c2000/C2000Ware_26_01_00_00/device_support/f2837xd/
TMS320C2000 Assembler Unix v25.11.0 Sat May 30 20:22:51 2026

Copyright (c) 1996-2018 Texas Instruments Incorporated
hal_board.asm                                                        PAGE  172

    9382                      .dwattr $C$DW$834, DW_AT_decl_line(0xee6)
    9383                      .dwattr $C$DW$834, DW_AT_decl_column(0x0c)
    9384              
    9385              $C$DW$835       .dwtag  DW_TAG_member
    9386                      .dwattr $C$DW$835, DW_AT_type(*$C$DW$T$19)
    9387                      .dwattr $C$DW$835, DW_AT_name("rsvd9")
    9388                      .dwattr $C$DW$835, DW_AT_bit_offset(0x0e)
    9389                      .dwattr $C$DW$835, DW_AT_bit_size(0x01)
    9390                      .dwattr $C$DW$835, DW_AT_data_member_location[DW_OP_plus_uconst 0x1]
    9391                      .dwattr $C$DW$835, DW_AT_accessibility(DW_ACCESS_public)
    9392                      .dwattr $C$DW$835, DW_AT_decl_file("/home/jose/ti/c2000/C2000Ware_26_01_00_00/device_support/f2837xd/
    9393                      .dwattr $C$DW$835, DW_AT_decl_line(0xee7)
    9394                      .dwattr $C$DW$835, DW_AT_decl_column(0x0c)
    9395              
    9396              $C$DW$836       .dwtag  DW_TAG_member
    9397                      .dwattr $C$DW$836, DW_AT_type(*$C$DW$T$19)
    9398                      .dwattr $C$DW$836, DW_AT_name("rsvd10")
    9399                      .dwattr $C$DW$836, DW_AT_bit_offset(0x0d)
    9400                      .dwattr $C$DW$836, DW_AT_bit_size(0x01)
    9401                      .dwattr $C$DW$836, DW_AT_data_member_location[DW_OP_plus_uconst 0x1]
    9402                      .dwattr $C$DW$836, DW_AT_accessibility(DW_ACCESS_public)
    9403                      .dwattr $C$DW$836, DW_AT_decl_file("/home/jose/ti/c2000/C2000Ware_26_01_00_00/device_support/f2837xd/
    9404                      .dwattr $C$DW$836, DW_AT_decl_line(0xee8)
    9405                      .dwattr $C$DW$836, DW_AT_decl_column(0x0c)
    9406              
    9407              $C$DW$837       .dwtag  DW_TAG_member
    9408                      .dwattr $C$DW$837, DW_AT_type(*$C$DW$T$19)
    9409                      .dwattr $C$DW$837, DW_AT_name("rsvd11")
    9410                      .dwattr $C$DW$837, DW_AT_bit_offset(0x0c)
    9411                      .dwattr $C$DW$837, DW_AT_bit_size(0x01)
    9412                      .dwattr $C$DW$837, DW_AT_data_member_location[DW_OP_plus_uconst 0x1]
    9413                      .dwattr $C$DW$837, DW_AT_accessibility(DW_ACCESS_public)
    9414                      .dwattr $C$DW$837, DW_AT_decl_file("/home/jose/ti/c2000/C2000Ware_26_01_00_00/device_support/f2837xd/
    9415                      .dwattr $C$DW$837, DW_AT_decl_line(0xee9)
    9416                      .dwattr $C$DW$837, DW_AT_decl_column(0x0c)
    9417              
    9418              $C$DW$838       .dwtag  DW_TAG_member
    9419                      .dwattr $C$DW$838, DW_AT_type(*$C$DW$T$19)
    9420                      .dwattr $C$DW$838, DW_AT_name("rsvd12")
    9421                      .dwattr $C$DW$838, DW_AT_bit_offset(0x0b)
    9422                      .dwattr $C$DW$838, DW_AT_bit_size(0x01)
    9423                      .dwattr $C$DW$838, DW_AT_data_member_location[DW_OP_plus_uconst 0x1]
    9424                      .dwattr $C$DW$838, DW_AT_accessibility(DW_ACCESS_public)
    9425                      .dwattr $C$DW$838, DW_AT_decl_file("/home/jose/ti/c2000/C2000Ware_26_01_00_00/device_support/f2837xd/
    9426                      .dwattr $C$DW$838, DW_AT_decl_line(0xeea)
    9427                      .dwattr $C$DW$838, DW_AT_decl_column(0x0c)
    9428              
    9429              $C$DW$839       .dwtag  DW_TAG_member
    9430                      .dwattr $C$DW$839, DW_AT_type(*$C$DW$T$19)
    9431                      .dwattr $C$DW$839, DW_AT_name("rsvd13")
    9432                      .dwattr $C$DW$839, DW_AT_bit_offset(0x0a)
    9433                      .dwattr $C$DW$839, DW_AT_bit_size(0x01)
    9434                      .dwattr $C$DW$839, DW_AT_data_member_location[DW_OP_plus_uconst 0x1]
    9435                      .dwattr $C$DW$839, DW_AT_accessibility(DW_ACCESS_public)
    9436                      .dwattr $C$DW$839, DW_AT_decl_file("/home/jose/ti/c2000/C2000Ware_26_01_00_00/device_support/f2837xd/
TMS320C2000 Assembler Unix v25.11.0 Sat May 30 20:22:51 2026

Copyright (c) 1996-2018 Texas Instruments Incorporated
hal_board.asm                                                        PAGE  173

    9437                      .dwattr $C$DW$839, DW_AT_decl_line(0xeeb)
    9438                      .dwattr $C$DW$839, DW_AT_decl_column(0x0c)
    9439              
    9440              $C$DW$840       .dwtag  DW_TAG_member
    9441                      .dwattr $C$DW$840, DW_AT_type(*$C$DW$T$19)
    9442                      .dwattr $C$DW$840, DW_AT_name("rsvd14")
    9443                      .dwattr $C$DW$840, DW_AT_bit_offset(0x09)
    9444                      .dwattr $C$DW$840, DW_AT_bit_size(0x01)
    9445                      .dwattr $C$DW$840, DW_AT_data_member_location[DW_OP_plus_uconst 0x1]
    9446                      .dwattr $C$DW$840, DW_AT_accessibility(DW_ACCESS_public)
    9447                      .dwattr $C$DW$840, DW_AT_decl_file("/home/jose/ti/c2000/C2000Ware_26_01_00_00/device_support/f2837xd/
    9448                      .dwattr $C$DW$840, DW_AT_decl_line(0xeec)
    9449                      .dwattr $C$DW$840, DW_AT_decl_column(0x0c)
    9450              
    9451              $C$DW$841       .dwtag  DW_TAG_member
    9452                      .dwattr $C$DW$841, DW_AT_type(*$C$DW$T$19)
    9453                      .dwattr $C$DW$841, DW_AT_name("rsvd15")
    9454                      .dwattr $C$DW$841, DW_AT_bit_offset(0x08)
    9455                      .dwattr $C$DW$841, DW_AT_bit_size(0x01)
    9456                      .dwattr $C$DW$841, DW_AT_data_member_location[DW_OP_plus_uconst 0x1]
    9457                      .dwattr $C$DW$841, DW_AT_accessibility(DW_ACCESS_public)
    9458                      .dwattr $C$DW$841, DW_AT_decl_file("/home/jose/ti/c2000/C2000Ware_26_01_00_00/device_support/f2837xd/
    9459                      .dwattr $C$DW$841, DW_AT_decl_line(0xeed)
    9460                      .dwattr $C$DW$841, DW_AT_decl_column(0x0c)
    9461              
    9462              $C$DW$842       .dwtag  DW_TAG_member
    9463                      .dwattr $C$DW$842, DW_AT_type(*$C$DW$T$19)
    9464                      .dwattr $C$DW$842, DW_AT_name("rsvd16")
    9465                      .dwattr $C$DW$842, DW_AT_bit_offset(0x07)
    9466                      .dwattr $C$DW$842, DW_AT_bit_size(0x01)
    9467                      .dwattr $C$DW$842, DW_AT_data_member_location[DW_OP_plus_uconst 0x1]
    9468                      .dwattr $C$DW$842, DW_AT_accessibility(DW_ACCESS_public)
    9469                      .dwattr $C$DW$842, DW_AT_decl_file("/home/jose/ti/c2000/C2000Ware_26_01_00_00/device_support/f2837xd/
    9470                      .dwattr $C$DW$842, DW_AT_decl_line(0xeee)
    9471                      .dwattr $C$DW$842, DW_AT_decl_column(0x0c)
    9472              
    9473              $C$DW$843       .dwtag  DW_TAG_member
    9474                      .dwattr $C$DW$843, DW_AT_type(*$C$DW$T$19)
    9475                      .dwattr $C$DW$843, DW_AT_name("rsvd17")
    9476                      .dwattr $C$DW$843, DW_AT_bit_offset(0x06)
    9477                      .dwattr $C$DW$843, DW_AT_bit_size(0x01)
    9478                      .dwattr $C$DW$843, DW_AT_data_member_location[DW_OP_plus_uconst 0x1]
    9479                      .dwattr $C$DW$843, DW_AT_accessibility(DW_ACCESS_public)
    9480                      .dwattr $C$DW$843, DW_AT_decl_file("/home/jose/ti/c2000/C2000Ware_26_01_00_00/device_support/f2837xd/
    9481                      .dwattr $C$DW$843, DW_AT_decl_line(0xeef)
    9482                      .dwattr $C$DW$843, DW_AT_decl_column(0x0c)
    9483              
    9484              $C$DW$844       .dwtag  DW_TAG_member
    9485                      .dwattr $C$DW$844, DW_AT_type(*$C$DW$T$19)
    9486                      .dwattr $C$DW$844, DW_AT_name("rsvd18")
    9487                      .dwattr $C$DW$844, DW_AT_bit_offset(0x05)
    9488                      .dwattr $C$DW$844, DW_AT_bit_size(0x01)
    9489                      .dwattr $C$DW$844, DW_AT_data_member_location[DW_OP_plus_uconst 0x1]
    9490                      .dwattr $C$DW$844, DW_AT_accessibility(DW_ACCESS_public)
    9491                      .dwattr $C$DW$844, DW_AT_decl_file("/home/jose/ti/c2000/C2000Ware_26_01_00_00/device_support/f2837xd/
TMS320C2000 Assembler Unix v25.11.0 Sat May 30 20:22:51 2026

Copyright (c) 1996-2018 Texas Instruments Incorporated
hal_board.asm                                                        PAGE  174

    9492                      .dwattr $C$DW$844, DW_AT_decl_line(0xef0)
    9493                      .dwattr $C$DW$844, DW_AT_decl_column(0x0c)
    9494              
    9495              $C$DW$845       .dwtag  DW_TAG_member
    9496                      .dwattr $C$DW$845, DW_AT_type(*$C$DW$T$19)
    9497                      .dwattr $C$DW$845, DW_AT_name("rsvd19")
    9498                      .dwattr $C$DW$845, DW_AT_bit_offset(0x04)
    9499                      .dwattr $C$DW$845, DW_AT_bit_size(0x01)
    9500                      .dwattr $C$DW$845, DW_AT_data_member_location[DW_OP_plus_uconst 0x1]
    9501                      .dwattr $C$DW$845, DW_AT_accessibility(DW_ACCESS_public)
    9502                      .dwattr $C$DW$845, DW_AT_decl_file("/home/jose/ti/c2000/C2000Ware_26_01_00_00/device_support/f2837xd/
    9503                      .dwattr $C$DW$845, DW_AT_decl_line(0xef1)
    9504                      .dwattr $C$DW$845, DW_AT_decl_column(0x0c)
    9505              
    9506              $C$DW$846       .dwtag  DW_TAG_member
    9507                      .dwattr $C$DW$846, DW_AT_type(*$C$DW$T$19)
    9508                      .dwattr $C$DW$846, DW_AT_name("rsvd20")
    9509                      .dwattr $C$DW$846, DW_AT_bit_offset(0x03)
    9510                      .dwattr $C$DW$846, DW_AT_bit_size(0x01)
    9511                      .dwattr $C$DW$846, DW_AT_data_member_location[DW_OP_plus_uconst 0x1]
    9512                      .dwattr $C$DW$846, DW_AT_accessibility(DW_ACCESS_public)
    9513                      .dwattr $C$DW$846, DW_AT_decl_file("/home/jose/ti/c2000/C2000Ware_26_01_00_00/device_support/f2837xd/
    9514                      .dwattr $C$DW$846, DW_AT_decl_line(0xef2)
    9515                      .dwattr $C$DW$846, DW_AT_decl_column(0x0c)
    9516              
    9517              $C$DW$847       .dwtag  DW_TAG_member
    9518                      .dwattr $C$DW$847, DW_AT_type(*$C$DW$T$19)
    9519                      .dwattr $C$DW$847, DW_AT_name("rsvd21")
    9520                      .dwattr $C$DW$847, DW_AT_bit_offset(0x02)
    9521                      .dwattr $C$DW$847, DW_AT_bit_size(0x01)
    9522                      .dwattr $C$DW$847, DW_AT_data_member_location[DW_OP_plus_uconst 0x1]
    9523                      .dwattr $C$DW$847, DW_AT_accessibility(DW_ACCESS_public)
    9524                      .dwattr $C$DW$847, DW_AT_decl_file("/home/jose/ti/c2000/C2000Ware_26_01_00_00/device_support/f2837xd/
    9525                      .dwattr $C$DW$847, DW_AT_decl_line(0xef3)
    9526                      .dwattr $C$DW$847, DW_AT_decl_column(0x0c)
    9527              
    9528              $C$DW$848       .dwtag  DW_TAG_member
    9529                      .dwattr $C$DW$848, DW_AT_type(*$C$DW$T$19)
    9530                      .dwattr $C$DW$848, DW_AT_name("rsvd22")
    9531                      .dwattr $C$DW$848, DW_AT_bit_offset(0x01)
    9532                      .dwattr $C$DW$848, DW_AT_bit_size(0x01)
    9533                      .dwattr $C$DW$848, DW_AT_data_member_location[DW_OP_plus_uconst 0x1]
    9534                      .dwattr $C$DW$848, DW_AT_accessibility(DW_ACCESS_public)
    9535                      .dwattr $C$DW$848, DW_AT_decl_file("/home/jose/ti/c2000/C2000Ware_26_01_00_00/device_support/f2837xd/
    9536                      .dwattr $C$DW$848, DW_AT_decl_line(0xef4)
    9537                      .dwattr $C$DW$848, DW_AT_decl_column(0x0c)
    9538              
    9539              $C$DW$849       .dwtag  DW_TAG_member
    9540                      .dwattr $C$DW$849, DW_AT_type(*$C$DW$T$19)
    9541                      .dwattr $C$DW$849, DW_AT_name("rsvd23")
    9542                      .dwattr $C$DW$849, DW_AT_bit_offset(0x00)
    9543                      .dwattr $C$DW$849, DW_AT_bit_size(0x01)
    9544                      .dwattr $C$DW$849, DW_AT_data_member_location[DW_OP_plus_uconst 0x1]
    9545                      .dwattr $C$DW$849, DW_AT_accessibility(DW_ACCESS_public)
    9546                      .dwattr $C$DW$849, DW_AT_decl_file("/home/jose/ti/c2000/C2000Ware_26_01_00_00/device_support/f2837xd/
TMS320C2000 Assembler Unix v25.11.0 Sat May 30 20:22:51 2026

Copyright (c) 1996-2018 Texas Instruments Incorporated
hal_board.asm                                                        PAGE  175

    9547                      .dwattr $C$DW$849, DW_AT_decl_line(0xef5)
    9548                      .dwattr $C$DW$849, DW_AT_decl_column(0x0c)
    9549              
    9550                      .dwattr $C$DW$T$67, DW_AT_decl_file("/home/jose/ti/c2000/C2000Ware_26_01_00_00/device_support/f2837xd
    9551                      .dwattr $C$DW$T$67, DW_AT_decl_line(0xed5)
    9552                      .dwattr $C$DW$T$67, DW_AT_decl_column(0x08)
    9553                      .dwendtag $C$DW$T$67
    9554              
    9555                      .dwendtag $C$DW$TU$67
    9556              
    9557              
    9558              $C$DW$TU$68     .dwtag  DW_TAG_type_unit
    9559                      .dwmtype  $C$DW$T$68
    9560              
    9561              $C$DW$T$68      .dwtag  DW_TAG_union_type
    9562                      .dwattr $C$DW$T$68, DW_AT_name("GPFTOGGLE_REG")
    9563                      .dwattr $C$DW$T$68, DW_AT_byte_size(0x02)
    9564              $C$DW$850       .dwtag  DW_TAG_member
    9565                      .dwattr $C$DW$850, DW_AT_type(*$C$DW$T$21)
    9566                      .dwattr $C$DW$850, DW_AT_name("all")
    9567                      .dwattr $C$DW$850, DW_AT_accessibility(DW_ACCESS_public)
    9568                      .dwattr $C$DW$850, DW_AT_decl_file("/home/jose/ti/c2000/C2000Ware_26_01_00_00/device_support/f2837xd/
    9569                      .dwattr $C$DW$850, DW_AT_decl_line(0xef9)
    9570                      .dwattr $C$DW$850, DW_AT_decl_column(0x0d)
    9571              
    9572              $C$DW$851       .dwtag  DW_TAG_member
    9573                      .dwattr $C$DW$851, DW_AT_type(*$C$DW$T$67)
    9574                      .dwattr $C$DW$851, DW_AT_name("bit")
    9575                      .dwattr $C$DW$851, DW_AT_accessibility(DW_ACCESS_public)
    9576                      .dwattr $C$DW$851, DW_AT_decl_file("/home/jose/ti/c2000/C2000Ware_26_01_00_00/device_support/f2837xd/
    9577                      .dwattr $C$DW$851, DW_AT_decl_line(0xefa)
    9578                      .dwattr $C$DW$851, DW_AT_decl_column(0x1d)
    9579              
    9580                      .dwattr $C$DW$T$68, DW_AT_decl_file("/home/jose/ti/c2000/C2000Ware_26_01_00_00/device_support/f2837xd
    9581                      .dwattr $C$DW$T$68, DW_AT_decl_line(0xef8)
    9582                      .dwattr $C$DW$T$68, DW_AT_decl_column(0x07)
    9583                      .dwendtag $C$DW$T$68
    9584              
    9585                      .dwendtag $C$DW$TU$68
    9586              
    9587              
    9588              $C$DW$TU$69     .dwtag  DW_TAG_type_unit
    9589                      .dwmtype  $C$DW$T$69
    9590              
    9591              $C$DW$T$69      .dwtag  DW_TAG_structure_type
    9592                      .dwattr $C$DW$T$69, DW_AT_name("GPIO_DATA_REGS")
    9593                      .dwattr $C$DW$T$69, DW_AT_byte_size(0x30)
    9594              $C$DW$852       .dwtag  DW_TAG_member
    9595                      .dwattr $C$DW$852, DW_AT_type(*$C$DW$T$24)
    9596                      .dwattr $C$DW$852, DW_AT_name("GPADAT")
    9597                      .dwattr $C$DW$852, DW_AT_accessibility(DW_ACCESS_public)
    9598                      .dwattr $C$DW$852, DW_AT_decl_file("/home/jose/ti/c2000/C2000Ware_26_01_00_00/device_support/f2837xd/
    9599                      .dwattr $C$DW$852, DW_AT_decl_line(0xefe)
    9600                      .dwattr $C$DW$852, DW_AT_decl_column(0x2e)
    9601              
TMS320C2000 Assembler Unix v25.11.0 Sat May 30 20:22:51 2026

Copyright (c) 1996-2018 Texas Instruments Incorporated
hal_board.asm                                                        PAGE  176

    9602              $C$DW$853       .dwtag  DW_TAG_member
    9603                      .dwattr $C$DW$853, DW_AT_type(*$C$DW$T$26)
    9604                      .dwattr $C$DW$853, DW_AT_name("GPASET")
    9605                      .dwattr $C$DW$853, DW_AT_data_member_location[DW_OP_plus_uconst 0x2]
    9606                      .dwattr $C$DW$853, DW_AT_accessibility(DW_ACCESS_public)
    9607                      .dwattr $C$DW$853, DW_AT_decl_file("/home/jose/ti/c2000/C2000Ware_26_01_00_00/device_support/f2837xd/
    9608                      .dwattr $C$DW$853, DW_AT_decl_line(0xeff)
    9609                      .dwattr $C$DW$853, DW_AT_decl_column(0x2e)
    9610              
    9611              $C$DW$854       .dwtag  DW_TAG_member
    9612                      .dwattr $C$DW$854, DW_AT_type(*$C$DW$T$22)
    9613                      .dwattr $C$DW$854, DW_AT_name("GPACLEAR")
    9614                      .dwattr $C$DW$854, DW_AT_data_member_location[DW_OP_plus_uconst 0x4]
    9615                      .dwattr $C$DW$854, DW_AT_accessibility(DW_ACCESS_public)
    9616                      .dwattr $C$DW$854, DW_AT_decl_file("/home/jose/ti/c2000/C2000Ware_26_01_00_00/device_support/f2837xd/
    9617                      .dwattr $C$DW$854, DW_AT_decl_line(0xf00)
    9618                      .dwattr $C$DW$854, DW_AT_decl_column(0x2e)
    9619              
    9620              $C$DW$855       .dwtag  DW_TAG_member
    9621                      .dwattr $C$DW$855, DW_AT_type(*$C$DW$T$28)
    9622                      .dwattr $C$DW$855, DW_AT_name("GPATOGGLE")
    9623                      .dwattr $C$DW$855, DW_AT_data_member_location[DW_OP_plus_uconst 0x6]
    9624                      .dwattr $C$DW$855, DW_AT_accessibility(DW_ACCESS_public)
    9625                      .dwattr $C$DW$855, DW_AT_decl_file("/home/jose/ti/c2000/C2000Ware_26_01_00_00/device_support/f2837xd/
    9626                      .dwattr $C$DW$855, DW_AT_decl_line(0xf01)
    9627                      .dwattr $C$DW$855, DW_AT_decl_column(0x2e)
    9628              
    9629              $C$DW$856       .dwtag  DW_TAG_member
    9630                      .dwattr $C$DW$856, DW_AT_type(*$C$DW$T$32)
    9631                      .dwattr $C$DW$856, DW_AT_name("GPBDAT")
    9632                      .dwattr $C$DW$856, DW_AT_data_member_location[DW_OP_plus_uconst 0x8]
    9633                      .dwattr $C$DW$856, DW_AT_accessibility(DW_ACCESS_public)
    9634                      .dwattr $C$DW$856, DW_AT_decl_file("/home/jose/ti/c2000/C2000Ware_26_01_00_00/device_support/f2837xd/
    9635                      .dwattr $C$DW$856, DW_AT_decl_line(0xf02)
    9636                      .dwattr $C$DW$856, DW_AT_decl_column(0x2e)
    9637              
    9638              $C$DW$857       .dwtag  DW_TAG_member
    9639                      .dwattr $C$DW$857, DW_AT_type(*$C$DW$T$34)
    9640                      .dwattr $C$DW$857, DW_AT_name("GPBSET")
    9641                      .dwattr $C$DW$857, DW_AT_data_member_location[DW_OP_plus_uconst 0xa]
    9642                      .dwattr $C$DW$857, DW_AT_accessibility(DW_ACCESS_public)
    9643                      .dwattr $C$DW$857, DW_AT_decl_file("/home/jose/ti/c2000/C2000Ware_26_01_00_00/device_support/f2837xd/
    9644                      .dwattr $C$DW$857, DW_AT_decl_line(0xf03)
    9645                      .dwattr $C$DW$857, DW_AT_decl_column(0x2e)
    9646              
    9647              $C$DW$858       .dwtag  DW_TAG_member
    9648                      .dwattr $C$DW$858, DW_AT_type(*$C$DW$T$30)
    9649                      .dwattr $C$DW$858, DW_AT_name("GPBCLEAR")
    9650                      .dwattr $C$DW$858, DW_AT_data_member_location[DW_OP_plus_uconst 0xc]
    9651                      .dwattr $C$DW$858, DW_AT_accessibility(DW_ACCESS_public)
    9652                      .dwattr $C$DW$858, DW_AT_decl_file("/home/jose/ti/c2000/C2000Ware_26_01_00_00/device_support/f2837xd/
    9653                      .dwattr $C$DW$858, DW_AT_decl_line(0xf04)
    9654                      .dwattr $C$DW$858, DW_AT_decl_column(0x2e)
    9655              
    9656              $C$DW$859       .dwtag  DW_TAG_member
TMS320C2000 Assembler Unix v25.11.0 Sat May 30 20:22:51 2026

Copyright (c) 1996-2018 Texas Instruments Incorporated
hal_board.asm                                                        PAGE  177

    9657                      .dwattr $C$DW$859, DW_AT_type(*$C$DW$T$36)
    9658                      .dwattr $C$DW$859, DW_AT_name("GPBTOGGLE")
    9659                      .dwattr $C$DW$859, DW_AT_data_member_location[DW_OP_plus_uconst 0xe]
    9660                      .dwattr $C$DW$859, DW_AT_accessibility(DW_ACCESS_public)
    9661                      .dwattr $C$DW$859, DW_AT_decl_file("/home/jose/ti/c2000/C2000Ware_26_01_00_00/device_support/f2837xd/
    9662                      .dwattr $C$DW$859, DW_AT_decl_line(0xf05)
    9663                      .dwattr $C$DW$859, DW_AT_decl_column(0x2e)
    9664              
    9665              $C$DW$860       .dwtag  DW_TAG_member
    9666                      .dwattr $C$DW$860, DW_AT_type(*$C$DW$T$40)
    9667                      .dwattr $C$DW$860, DW_AT_name("GPCDAT")
    9668                      .dwattr $C$DW$860, DW_AT_data_member_location[DW_OP_plus_uconst 0x10]
    9669                      .dwattr $C$DW$860, DW_AT_accessibility(DW_ACCESS_public)
    9670                      .dwattr $C$DW$860, DW_AT_decl_file("/home/jose/ti/c2000/C2000Ware_26_01_00_00/device_support/f2837xd/
    9671                      .dwattr $C$DW$860, DW_AT_decl_line(0xf06)
    9672                      .dwattr $C$DW$860, DW_AT_decl_column(0x2e)
    9673              
    9674              $C$DW$861       .dwtag  DW_TAG_member
    9675                      .dwattr $C$DW$861, DW_AT_type(*$C$DW$T$42)
    9676                      .dwattr $C$DW$861, DW_AT_name("GPCSET")
    9677                      .dwattr $C$DW$861, DW_AT_data_member_location[DW_OP_plus_uconst 0x12]
    9678                      .dwattr $C$DW$861, DW_AT_accessibility(DW_ACCESS_public)
    9679                      .dwattr $C$DW$861, DW_AT_decl_file("/home/jose/ti/c2000/C2000Ware_26_01_00_00/device_support/f2837xd/
    9680                      .dwattr $C$DW$861, DW_AT_decl_line(0xf07)
    9681                      .dwattr $C$DW$861, DW_AT_decl_column(0x2e)
    9682              
    9683              $C$DW$862       .dwtag  DW_TAG_member
    9684                      .dwattr $C$DW$862, DW_AT_type(*$C$DW$T$38)
    9685                      .dwattr $C$DW$862, DW_AT_name("GPCCLEAR")
    9686                      .dwattr $C$DW$862, DW_AT_data_member_location[DW_OP_plus_uconst 0x14]
    9687                      .dwattr $C$DW$862, DW_AT_accessibility(DW_ACCESS_public)
    9688                      .dwattr $C$DW$862, DW_AT_decl_file("/home/jose/ti/c2000/C2000Ware_26_01_00_00/device_support/f2837xd/
    9689                      .dwattr $C$DW$862, DW_AT_decl_line(0xf08)
    9690                      .dwattr $C$DW$862, DW_AT_decl_column(0x2e)
    9691              
    9692              $C$DW$863       .dwtag  DW_TAG_member
    9693                      .dwattr $C$DW$863, DW_AT_type(*$C$DW$T$44)
    9694                      .dwattr $C$DW$863, DW_AT_name("GPCTOGGLE")
    9695                      .dwattr $C$DW$863, DW_AT_data_member_location[DW_OP_plus_uconst 0x16]
    9696                      .dwattr $C$DW$863, DW_AT_accessibility(DW_ACCESS_public)
    9697                      .dwattr $C$DW$863, DW_AT_decl_file("/home/jose/ti/c2000/C2000Ware_26_01_00_00/device_support/f2837xd/
    9698                      .dwattr $C$DW$863, DW_AT_decl_line(0xf09)
    9699                      .dwattr $C$DW$863, DW_AT_decl_column(0x2e)
    9700              
    9701              $C$DW$864       .dwtag  DW_TAG_member
    9702                      .dwattr $C$DW$864, DW_AT_type(*$C$DW$T$48)
    9703                      .dwattr $C$DW$864, DW_AT_name("GPDDAT")
    9704                      .dwattr $C$DW$864, DW_AT_data_member_location[DW_OP_plus_uconst 0x18]
    9705                      .dwattr $C$DW$864, DW_AT_accessibility(DW_ACCESS_public)
    9706                      .dwattr $C$DW$864, DW_AT_decl_file("/home/jose/ti/c2000/C2000Ware_26_01_00_00/device_support/f2837xd/
    9707                      .dwattr $C$DW$864, DW_AT_decl_line(0xf0a)
    9708                      .dwattr $C$DW$864, DW_AT_decl_column(0x2e)
    9709              
    9710              $C$DW$865       .dwtag  DW_TAG_member
    9711                      .dwattr $C$DW$865, DW_AT_type(*$C$DW$T$50)
TMS320C2000 Assembler Unix v25.11.0 Sat May 30 20:22:51 2026

Copyright (c) 1996-2018 Texas Instruments Incorporated
hal_board.asm                                                        PAGE  178

    9712                      .dwattr $C$DW$865, DW_AT_name("GPDSET")
    9713                      .dwattr $C$DW$865, DW_AT_data_member_location[DW_OP_plus_uconst 0x1a]
    9714                      .dwattr $C$DW$865, DW_AT_accessibility(DW_ACCESS_public)
    9715                      .dwattr $C$DW$865, DW_AT_decl_file("/home/jose/ti/c2000/C2000Ware_26_01_00_00/device_support/f2837xd/
    9716                      .dwattr $C$DW$865, DW_AT_decl_line(0xf0b)
    9717                      .dwattr $C$DW$865, DW_AT_decl_column(0x2e)
    9718              
    9719              $C$DW$866       .dwtag  DW_TAG_member
    9720                      .dwattr $C$DW$866, DW_AT_type(*$C$DW$T$46)
    9721                      .dwattr $C$DW$866, DW_AT_name("GPDCLEAR")
    9722                      .dwattr $C$DW$866, DW_AT_data_member_location[DW_OP_plus_uconst 0x1c]
    9723                      .dwattr $C$DW$866, DW_AT_accessibility(DW_ACCESS_public)
    9724                      .dwattr $C$DW$866, DW_AT_decl_file("/home/jose/ti/c2000/C2000Ware_26_01_00_00/device_support/f2837xd/
    9725                      .dwattr $C$DW$866, DW_AT_decl_line(0xf0c)
    9726                      .dwattr $C$DW$866, DW_AT_decl_column(0x2e)
    9727              
    9728              $C$DW$867       .dwtag  DW_TAG_member
    9729                      .dwattr $C$DW$867, DW_AT_type(*$C$DW$T$52)
    9730                      .dwattr $C$DW$867, DW_AT_name("GPDTOGGLE")
    9731                      .dwattr $C$DW$867, DW_AT_data_member_location[DW_OP_plus_uconst 0x1e]
    9732                      .dwattr $C$DW$867, DW_AT_accessibility(DW_ACCESS_public)
    9733                      .dwattr $C$DW$867, DW_AT_decl_file("/home/jose/ti/c2000/C2000Ware_26_01_00_00/device_support/f2837xd/
    9734                      .dwattr $C$DW$867, DW_AT_decl_line(0xf0d)
    9735                      .dwattr $C$DW$867, DW_AT_decl_column(0x2e)
    9736              
    9737              $C$DW$868       .dwtag  DW_TAG_member
    9738                      .dwattr $C$DW$868, DW_AT_type(*$C$DW$T$56)
    9739                      .dwattr $C$DW$868, DW_AT_name("GPEDAT")
    9740                      .dwattr $C$DW$868, DW_AT_data_member_location[DW_OP_plus_uconst 0x20]
    9741                      .dwattr $C$DW$868, DW_AT_accessibility(DW_ACCESS_public)
    9742                      .dwattr $C$DW$868, DW_AT_decl_file("/home/jose/ti/c2000/C2000Ware_26_01_00_00/device_support/f2837xd/
    9743                      .dwattr $C$DW$868, DW_AT_decl_line(0xf0e)
    9744                      .dwattr $C$DW$868, DW_AT_decl_column(0x2e)
    9745              
    9746              $C$DW$869       .dwtag  DW_TAG_member
    9747                      .dwattr $C$DW$869, DW_AT_type(*$C$DW$T$58)
    9748                      .dwattr $C$DW$869, DW_AT_name("GPESET")
    9749                      .dwattr $C$DW$869, DW_AT_data_member_location[DW_OP_plus_uconst 0x22]
    9750                      .dwattr $C$DW$869, DW_AT_accessibility(DW_ACCESS_public)
    9751                      .dwattr $C$DW$869, DW_AT_decl_file("/home/jose/ti/c2000/C2000Ware_26_01_00_00/device_support/f2837xd/
    9752                      .dwattr $C$DW$869, DW_AT_decl_line(0xf0f)
    9753                      .dwattr $C$DW$869, DW_AT_decl_column(0x2e)
    9754              
    9755              $C$DW$870       .dwtag  DW_TAG_member
    9756                      .dwattr $C$DW$870, DW_AT_type(*$C$DW$T$54)
    9757                      .dwattr $C$DW$870, DW_AT_name("GPECLEAR")
    9758                      .dwattr $C$DW$870, DW_AT_data_member_location[DW_OP_plus_uconst 0x24]
    9759                      .dwattr $C$DW$870, DW_AT_accessibility(DW_ACCESS_public)
    9760                      .dwattr $C$DW$870, DW_AT_decl_file("/home/jose/ti/c2000/C2000Ware_26_01_00_00/device_support/f2837xd/
    9761                      .dwattr $C$DW$870, DW_AT_decl_line(0xf10)
    9762                      .dwattr $C$DW$870, DW_AT_decl_column(0x2e)
    9763              
    9764              $C$DW$871       .dwtag  DW_TAG_member
    9765                      .dwattr $C$DW$871, DW_AT_type(*$C$DW$T$60)
    9766                      .dwattr $C$DW$871, DW_AT_name("GPETOGGLE")
TMS320C2000 Assembler Unix v25.11.0 Sat May 30 20:22:51 2026

Copyright (c) 1996-2018 Texas Instruments Incorporated
hal_board.asm                                                        PAGE  179

    9767                      .dwattr $C$DW$871, DW_AT_data_member_location[DW_OP_plus_uconst 0x26]
    9768                      .dwattr $C$DW$871, DW_AT_accessibility(DW_ACCESS_public)
    9769                      .dwattr $C$DW$871, DW_AT_decl_file("/home/jose/ti/c2000/C2000Ware_26_01_00_00/device_support/f2837xd/
    9770                      .dwattr $C$DW$871, DW_AT_decl_line(0xf11)
    9771                      .dwattr $C$DW$871, DW_AT_decl_column(0x2e)
    9772              
    9773              $C$DW$872       .dwtag  DW_TAG_member
    9774                      .dwattr $C$DW$872, DW_AT_type(*$C$DW$T$64)
    9775                      .dwattr $C$DW$872, DW_AT_name("GPFDAT")
    9776                      .dwattr $C$DW$872, DW_AT_data_member_location[DW_OP_plus_uconst 0x28]
    9777                      .dwattr $C$DW$872, DW_AT_accessibility(DW_ACCESS_public)
    9778                      .dwattr $C$DW$872, DW_AT_decl_file("/home/jose/ti/c2000/C2000Ware_26_01_00_00/device_support/f2837xd/
    9779                      .dwattr $C$DW$872, DW_AT_decl_line(0xf12)
    9780                      .dwattr $C$DW$872, DW_AT_decl_column(0x2e)
    9781              
    9782              $C$DW$873       .dwtag  DW_TAG_member
    9783                      .dwattr $C$DW$873, DW_AT_type(*$C$DW$T$66)
    9784                      .dwattr $C$DW$873, DW_AT_name("GPFSET")
    9785                      .dwattr $C$DW$873, DW_AT_data_member_location[DW_OP_plus_uconst 0x2a]
    9786                      .dwattr $C$DW$873, DW_AT_accessibility(DW_ACCESS_public)
    9787                      .dwattr $C$DW$873, DW_AT_decl_file("/home/jose/ti/c2000/C2000Ware_26_01_00_00/device_support/f2837xd/
    9788                      .dwattr $C$DW$873, DW_AT_decl_line(0xf13)
    9789                      .dwattr $C$DW$873, DW_AT_decl_column(0x2e)
    9790              
    9791              $C$DW$874       .dwtag  DW_TAG_member
    9792                      .dwattr $C$DW$874, DW_AT_type(*$C$DW$T$62)
    9793                      .dwattr $C$DW$874, DW_AT_name("GPFCLEAR")
    9794                      .dwattr $C$DW$874, DW_AT_data_member_location[DW_OP_plus_uconst 0x2c]
    9795                      .dwattr $C$DW$874, DW_AT_accessibility(DW_ACCESS_public)
    9796                      .dwattr $C$DW$874, DW_AT_decl_file("/home/jose/ti/c2000/C2000Ware_26_01_00_00/device_support/f2837xd/
    9797                      .dwattr $C$DW$874, DW_AT_decl_line(0xf14)
    9798                      .dwattr $C$DW$874, DW_AT_decl_column(0x2e)
    9799              
    9800              $C$DW$875       .dwtag  DW_TAG_member
    9801                      .dwattr $C$DW$875, DW_AT_type(*$C$DW$T$68)
    9802                      .dwattr $C$DW$875, DW_AT_name("GPFTOGGLE")
    9803                      .dwattr $C$DW$875, DW_AT_data_member_location[DW_OP_plus_uconst 0x2e]
    9804                      .dwattr $C$DW$875, DW_AT_accessibility(DW_ACCESS_public)
    9805                      .dwattr $C$DW$875, DW_AT_decl_file("/home/jose/ti/c2000/C2000Ware_26_01_00_00/device_support/f2837xd/
    9806                      .dwattr $C$DW$875, DW_AT_decl_line(0xf15)
    9807                      .dwattr $C$DW$875, DW_AT_decl_column(0x2e)
    9808              
    9809                      .dwattr $C$DW$T$69, DW_AT_decl_file("/home/jose/ti/c2000/C2000Ware_26_01_00_00/device_support/f2837xd
    9810                      .dwattr $C$DW$T$69, DW_AT_decl_line(0xefd)
    9811                      .dwattr $C$DW$T$69, DW_AT_decl_column(0x08)
    9812                      .dwendtag $C$DW$T$69
    9813              
    9814                      .dwendtag $C$DW$TU$69
    9815              
    9816              
    9817              $C$DW$TU$78     .dwtag  DW_TAG_type_unit
    9818                      .dwmtype  $C$DW$T$78
    9819              $C$DW$876       .dwtag  DW_TAG_TI_far_type
    9820                      .dwattr $C$DW$876, DW_AT_type(*$C$DW$T$69)
    9821              
TMS320C2000 Assembler Unix v25.11.0 Sat May 30 20:22:51 2026

Copyright (c) 1996-2018 Texas Instruments Incorporated
hal_board.asm                                                        PAGE  180

    9822              $C$DW$T$78      .dwtag  DW_TAG_volatile_type
    9823                      .dwattr $C$DW$T$78, DW_AT_type(*$C$DW$876)
    9824              
    9825                      .dwendtag $C$DW$TU$78
    9826              
    9827              
    9828              $C$DW$TU$2      .dwtag  DW_TAG_type_unit
    9829                      .dwmtype  $C$DW$T$2
    9830              $C$DW$T$2       .dwtag  DW_TAG_unspecified_type
    9831                      .dwattr $C$DW$T$2, DW_AT_name("void")
    9832              
    9833                      .dwendtag $C$DW$TU$2
    9834              
    9835              
    9836              $C$DW$TU$4      .dwtag  DW_TAG_type_unit
    9837                      .dwmtype  $C$DW$T$4
    9838              $C$DW$T$4       .dwtag  DW_TAG_base_type
    9839                      .dwattr $C$DW$T$4, DW_AT_encoding(DW_ATE_boolean)
    9840                      .dwattr $C$DW$T$4, DW_AT_name("bool")
    9841                      .dwattr $C$DW$T$4, DW_AT_byte_size(0x01)
    9842              
    9843                      .dwendtag $C$DW$TU$4
    9844              
    9845              
    9846              $C$DW$TU$5      .dwtag  DW_TAG_type_unit
    9847                      .dwmtype  $C$DW$T$5
    9848              $C$DW$T$5       .dwtag  DW_TAG_base_type
    9849                      .dwattr $C$DW$T$5, DW_AT_encoding(DW_ATE_signed_char)
    9850                      .dwattr $C$DW$T$5, DW_AT_name("signed char")
    9851                      .dwattr $C$DW$T$5, DW_AT_byte_size(0x01)
    9852              
    9853                      .dwendtag $C$DW$TU$5
    9854              
    9855              
    9856              $C$DW$TU$6      .dwtag  DW_TAG_type_unit
    9857                      .dwmtype  $C$DW$T$6
    9858              $C$DW$T$6       .dwtag  DW_TAG_base_type
    9859                      .dwattr $C$DW$T$6, DW_AT_encoding(DW_ATE_unsigned_char)
    9860                      .dwattr $C$DW$T$6, DW_AT_name("unsigned char")
    9861                      .dwattr $C$DW$T$6, DW_AT_byte_size(0x01)
    9862              
    9863                      .dwendtag $C$DW$TU$6
    9864              
    9865              
    9866              $C$DW$TU$7      .dwtag  DW_TAG_type_unit
    9867                      .dwmtype  $C$DW$T$7
    9868              $C$DW$T$7       .dwtag  DW_TAG_base_type
    9869                      .dwattr $C$DW$T$7, DW_AT_encoding(DW_ATE_signed_char)
    9870                      .dwattr $C$DW$T$7, DW_AT_name("wchar_t")
    9871                      .dwattr $C$DW$T$7, DW_AT_byte_size(0x02)
    9872              
    9873                      .dwendtag $C$DW$TU$7
    9874              
    9875              
    9876              $C$DW$TU$8      .dwtag  DW_TAG_type_unit
TMS320C2000 Assembler Unix v25.11.0 Sat May 30 20:22:51 2026

Copyright (c) 1996-2018 Texas Instruments Incorporated
hal_board.asm                                                        PAGE  181

    9877                      .dwmtype  $C$DW$T$8
    9878              $C$DW$T$8       .dwtag  DW_TAG_base_type
    9879                      .dwattr $C$DW$T$8, DW_AT_encoding(DW_ATE_signed)
    9880                      .dwattr $C$DW$T$8, DW_AT_name("short")
    9881                      .dwattr $C$DW$T$8, DW_AT_byte_size(0x01)
    9882              
    9883                      .dwendtag $C$DW$TU$8
    9884              
    9885              
    9886              $C$DW$TU$9      .dwtag  DW_TAG_type_unit
    9887                      .dwmtype  $C$DW$T$9
    9888              $C$DW$T$9       .dwtag  DW_TAG_base_type
    9889                      .dwattr $C$DW$T$9, DW_AT_encoding(DW_ATE_unsigned)
    9890                      .dwattr $C$DW$T$9, DW_AT_name("unsigned short")
    9891                      .dwattr $C$DW$T$9, DW_AT_byte_size(0x01)
    9892              
    9893                      .dwendtag $C$DW$TU$9
    9894              
    9895              
    9896              $C$DW$TU$85     .dwtag  DW_TAG_type_unit
    9897                      .dwmtype  $C$DW$T$85
    9898              $C$DW$T$85      .dwtag  DW_TAG_typedef
    9899                      .dwattr $C$DW$T$85, DW_AT_name("__uint16_t")
    9900                      .dwattr $C$DW$T$85, DW_AT_type(*$C$DW$T$9)
    9901                      .dwattr $C$DW$T$85, DW_AT_decl_file("/home/jose/ti/ccs2051/ccs/tools/compiler/ti-cgt-c2000_25.11.0.LT
    9902                      .dwattr $C$DW$T$85, DW_AT_decl_line(0x41)
    9903                      .dwattr $C$DW$T$85, DW_AT_decl_column(0x1c)
    9904              
    9905                      .dwendtag $C$DW$TU$85
    9906              
    9907              
    9908              $C$DW$TU$86     .dwtag  DW_TAG_type_unit
    9909                      .dwmtype  $C$DW$T$86
    9910              $C$DW$T$86      .dwtag  DW_TAG_typedef
    9911                      .dwattr $C$DW$T$86, DW_AT_name("uint16_t")
    9912                      .dwattr $C$DW$T$86, DW_AT_type(*$C$DW$T$85)
    9913                      .dwattr $C$DW$T$86, DW_AT_decl_file("/home/jose/ti/ccs2051/ccs/tools/compiler/ti-cgt-c2000_25.11.0.LT
    9914                      .dwattr $C$DW$T$86, DW_AT_decl_line(0x41)
    9915                      .dwattr $C$DW$T$86, DW_AT_decl_column(0x15)
    9916              
    9917                      .dwendtag $C$DW$TU$86
    9918              
    9919              
    9920              $C$DW$TU$10     .dwtag  DW_TAG_type_unit
    9921                      .dwmtype  $C$DW$T$10
    9922              $C$DW$T$10      .dwtag  DW_TAG_base_type
    9923                      .dwattr $C$DW$T$10, DW_AT_encoding(DW_ATE_signed)
    9924                      .dwattr $C$DW$T$10, DW_AT_name("int")
    9925                      .dwattr $C$DW$T$10, DW_AT_byte_size(0x01)
    9926              
    9927                      .dwendtag $C$DW$TU$10
    9928              
    9929              
    9930              $C$DW$TU$88     .dwtag  DW_TAG_type_unit
    9931                      .dwmtype  $C$DW$T$88
TMS320C2000 Assembler Unix v25.11.0 Sat May 30 20:22:51 2026

Copyright (c) 1996-2018 Texas Instruments Incorporated
hal_board.asm                                                        PAGE  182

    9932              $C$DW$877       .dwtag  DW_TAG_TI_far_type
    9933                      .dwattr $C$DW$877, DW_AT_type(*$C$DW$T$10)
    9934              
    9935              $C$DW$T$88      .dwtag  DW_TAG_const_type
    9936                      .dwattr $C$DW$T$88, DW_AT_type(*$C$DW$877)
    9937              
    9938                      .dwendtag $C$DW$TU$88
    9939              
    9940              
    9941              $C$DW$TU$11     .dwtag  DW_TAG_type_unit
    9942                      .dwmtype  $C$DW$T$11
    9943              $C$DW$T$11      .dwtag  DW_TAG_base_type
    9944                      .dwattr $C$DW$T$11, DW_AT_encoding(DW_ATE_unsigned)
    9945                      .dwattr $C$DW$T$11, DW_AT_name("unsigned int")
    9946                      .dwattr $C$DW$T$11, DW_AT_byte_size(0x01)
    9947              
    9948                      .dwendtag $C$DW$TU$11
    9949              
    9950              
    9951              $C$DW$TU$19     .dwtag  DW_TAG_type_unit
    9952                      .dwmtype  $C$DW$T$19
    9953              $C$DW$T$19      .dwtag  DW_TAG_typedef
    9954                      .dwattr $C$DW$T$19, DW_AT_name("Uint16")
    9955                      .dwattr $C$DW$T$19, DW_AT_type(*$C$DW$T$11)
    9956                      .dwattr $C$DW$T$19, DW_AT_decl_file("/home/jose/ti/c2000/C2000Ware_26_01_00_00/device_support/f2837xd
    9957                      .dwattr $C$DW$T$19, DW_AT_decl_line(0x124)
    9958                      .dwattr $C$DW$T$19, DW_AT_decl_column(0x31)
    9959              
    9960                      .dwendtag $C$DW$TU$19
    9961              
    9962              
    9963              $C$DW$TU$12     .dwtag  DW_TAG_type_unit
    9964                      .dwmtype  $C$DW$T$12
    9965              $C$DW$T$12      .dwtag  DW_TAG_base_type
    9966                      .dwattr $C$DW$T$12, DW_AT_encoding(DW_ATE_signed)
    9967                      .dwattr $C$DW$T$12, DW_AT_name("long")
    9968                      .dwattr $C$DW$T$12, DW_AT_byte_size(0x02)
    9969              
    9970                      .dwendtag $C$DW$TU$12
    9971              
    9972              
    9973              $C$DW$TU$13     .dwtag  DW_TAG_type_unit
    9974                      .dwmtype  $C$DW$T$13
    9975              $C$DW$T$13      .dwtag  DW_TAG_base_type
    9976                      .dwattr $C$DW$T$13, DW_AT_encoding(DW_ATE_unsigned)
    9977                      .dwattr $C$DW$T$13, DW_AT_name("unsigned long")
    9978                      .dwattr $C$DW$T$13, DW_AT_byte_size(0x02)
    9979              
    9980                      .dwendtag $C$DW$TU$13
    9981              
    9982              
    9983              $C$DW$TU$21     .dwtag  DW_TAG_type_unit
    9984                      .dwmtype  $C$DW$T$21
    9985              $C$DW$T$21      .dwtag  DW_TAG_typedef
    9986                      .dwattr $C$DW$T$21, DW_AT_name("Uint32")
TMS320C2000 Assembler Unix v25.11.0 Sat May 30 20:22:51 2026

Copyright (c) 1996-2018 Texas Instruments Incorporated
hal_board.asm                                                        PAGE  183

    9987                      .dwattr $C$DW$T$21, DW_AT_type(*$C$DW$T$13)
    9988                      .dwattr $C$DW$T$21, DW_AT_decl_file("/home/jose/ti/c2000/C2000Ware_26_01_00_00/device_support/f2837xd
    9989                      .dwattr $C$DW$T$21, DW_AT_decl_line(0x125)
    9990                      .dwattr $C$DW$T$21, DW_AT_decl_column(0x31)
    9991              
    9992                      .dwendtag $C$DW$TU$21
    9993              
    9994              
    9995              $C$DW$TU$14     .dwtag  DW_TAG_type_unit
    9996                      .dwmtype  $C$DW$T$14
    9997              $C$DW$T$14      .dwtag  DW_TAG_base_type
    9998                      .dwattr $C$DW$T$14, DW_AT_encoding(DW_ATE_signed)
    9999                      .dwattr $C$DW$T$14, DW_AT_name("long long")
   10000                      .dwattr $C$DW$T$14, DW_AT_byte_size(0x04)
   10001              
   10002                      .dwendtag $C$DW$TU$14
   10003              
   10004              
   10005              $C$DW$TU$15     .dwtag  DW_TAG_type_unit
   10006                      .dwmtype  $C$DW$T$15
   10007              $C$DW$T$15      .dwtag  DW_TAG_base_type
   10008                      .dwattr $C$DW$T$15, DW_AT_encoding(DW_ATE_unsigned)
   10009                      .dwattr $C$DW$T$15, DW_AT_name("unsigned long long")
   10010                      .dwattr $C$DW$T$15, DW_AT_byte_size(0x04)
   10011              
   10012                      .dwendtag $C$DW$TU$15
   10013              
   10014              
   10015              $C$DW$TU$16     .dwtag  DW_TAG_type_unit
   10016                      .dwmtype  $C$DW$T$16
   10017              $C$DW$T$16      .dwtag  DW_TAG_base_type
   10018                      .dwattr $C$DW$T$16, DW_AT_encoding(DW_ATE_float)
   10019                      .dwattr $C$DW$T$16, DW_AT_name("float")
   10020                      .dwattr $C$DW$T$16, DW_AT_byte_size(0x02)
   10021              
   10022                      .dwendtag $C$DW$TU$16
   10023              
   10024              
   10025              $C$DW$TU$17     .dwtag  DW_TAG_type_unit
   10026                      .dwmtype  $C$DW$T$17
   10027              $C$DW$T$17      .dwtag  DW_TAG_base_type
   10028                      .dwattr $C$DW$T$17, DW_AT_encoding(DW_ATE_float)
   10029                      .dwattr $C$DW$T$17, DW_AT_name("double")
   10030                      .dwattr $C$DW$T$17, DW_AT_byte_size(0x04)
   10031              
   10032                      .dwendtag $C$DW$TU$17
   10033              
   10034              
   10035              $C$DW$TU$18     .dwtag  DW_TAG_type_unit
   10036                      .dwmtype  $C$DW$T$18
   10037              $C$DW$T$18      .dwtag  DW_TAG_base_type
   10038                      .dwattr $C$DW$T$18, DW_AT_encoding(DW_ATE_float)
   10039                      .dwattr $C$DW$T$18, DW_AT_name("long double")
   10040                      .dwattr $C$DW$T$18, DW_AT_byte_size(0x04)
   10041              
TMS320C2000 Assembler Unix v25.11.0 Sat May 30 20:22:51 2026

Copyright (c) 1996-2018 Texas Instruments Incorporated
hal_board.asm                                                        PAGE  184

   10042                      .dwendtag $C$DW$TU$18
   10043              

No Assembly Errors, No Assembly Warnings
