TMS320C2000 Assembler Unix v25.11.0 Sat May 30 20:15:25 2026

Copyright (c) 1996-2018 Texas Instruments Incorporated
board.asm                                                            PAGE    1

       1              ;***************************************************************
       2              ;* TMS320C2000 G3 C/C++ Codegen                         Unix v25.11.0.LTS *
       3              ;* Date/Time created: Sat May 30 20:15:25 2026                 *
       4              ;***************************************************************
       5                      .compiler_opts --abi=eabi --cla_support=cla1 --diag_wrap=off --float_support=fpu32 --hll_source=on --
       6                      .asg    XAR2, FP
       7              
       8              $C$DW$CU        .dwtag  DW_TAG_compile_unit
       9                      .dwattr $C$DW$CU, DW_AT_name("syscfg/board.c")
      10                      .dwattr $C$DW$CU, DW_AT_producer("TI TMS320C2000 G3 C/C++ Codegen Unix v25.11.0.LTS Copyright (c) 199
      11                      .dwattr $C$DW$CU, DW_AT_TI_version(0x01)
      12                      .dwattr $C$DW$CU, DW_AT_comp_dir("/home/jose/workspace_ccstheia/foc_f28379d/Debug_BOOSTXL_Teknic_QEP"
      13              
      14              ;**************************************************************
      15              ;* FUNCTION SYNONYMS                                          *
      16              ;**************************************************************
      17                      .global ||EQEP_init||
      18        0000! ||EQEP_init||   .set ||QEP_SENSOR_init||
      19                      .global ||SCI_init||
      20        0000! ||SCI_init||    .set ||UART_DEBUG_init||
      21                      .global ||SPI_init||
      22        0000! ||SPI_init||    .set ||DRV8305_SPI_init||
      23              
      24              $C$DW$1 .dwtag  DW_TAG_subprogram
      25                      .dwattr $C$DW$1, DW_AT_name("GPIO_setPinConfig")
      26                      .dwattr $C$DW$1, DW_AT_linkage_name("GPIO_setPinConfig")
      27                      .dwattr $C$DW$1, DW_AT_declaration
      28                      .dwattr $C$DW$1, DW_AT_external
      29                      .dwattr $C$DW$1, DW_AT_decl_file("/home/jose/ti/c2000/C2000Ware_26_01_00_00/driverlib/f2837xd/driverl
      30                      .dwattr $C$DW$1, DW_AT_decl_line(0x405)
      31                      .dwattr $C$DW$1, DW_AT_decl_column(0x01)
      32              $C$DW$2 .dwtag  DW_TAG_formal_parameter
      33                      .dwattr $C$DW$2, DW_AT_type(*$C$DW$T$110)
      34              
      35                      .dwendtag $C$DW$1
      36              
      37              
      38              $C$DW$3 .dwtag  DW_TAG_subprogram
      39                      .dwattr $C$DW$3, DW_AT_name("GPIO_setPadConfig")
      40                      .dwattr $C$DW$3, DW_AT_linkage_name("GPIO_setPadConfig")
      41                      .dwattr $C$DW$3, DW_AT_declaration
      42                      .dwattr $C$DW$3, DW_AT_external
      43                      .dwattr $C$DW$3, DW_AT_decl_file("/home/jose/ti/c2000/C2000Ware_26_01_00_00/driverlib/f2837xd/driverl
      44                      .dwattr $C$DW$3, DW_AT_decl_line(0x36f)
      45                      .dwattr $C$DW$3, DW_AT_decl_column(0x01)
      46              $C$DW$4 .dwtag  DW_TAG_formal_parameter
      47                      .dwattr $C$DW$4, DW_AT_type(*$C$DW$T$110)
      48              
      49              $C$DW$5 .dwtag  DW_TAG_formal_parameter
      50                      .dwattr $C$DW$5, DW_AT_type(*$C$DW$T$110)
      51              
      52                      .dwendtag $C$DW$3
      53              
      54              
      55              $C$DW$6 .dwtag  DW_TAG_subprogram
TMS320C2000 Assembler Unix v25.11.0 Sat May 30 20:15:25 2026

Copyright (c) 1996-2018 Texas Instruments Incorporated
board.asm                                                            PAGE    2

      56                      .dwattr $C$DW$6, DW_AT_name("GPIO_setQualificationMode")
      57                      .dwattr $C$DW$6, DW_AT_linkage_name("GPIO_setQualificationMode")
      58                      .dwattr $C$DW$6, DW_AT_declaration
      59                      .dwattr $C$DW$6, DW_AT_external
      60                      .dwattr $C$DW$6, DW_AT_decl_file("/home/jose/ti/c2000/C2000Ware_26_01_00_00/driverlib/f2837xd/driverl
      61                      .dwattr $C$DW$6, DW_AT_decl_line(0x396)
      62                      .dwattr $C$DW$6, DW_AT_decl_column(0x01)
      63              $C$DW$7 .dwtag  DW_TAG_formal_parameter
      64                      .dwattr $C$DW$7, DW_AT_type(*$C$DW$T$110)
      65              
      66              $C$DW$8 .dwtag  DW_TAG_formal_parameter
      67                      .dwattr $C$DW$8, DW_AT_type(*$C$DW$T$88)
      68              
      69                      .dwendtag $C$DW$6
      70              
      71              
      72              $C$DW$9 .dwtag  DW_TAG_subprogram
      73                      .dwattr $C$DW$9, DW_AT_name("ADC_setMode")
      74                      .dwattr $C$DW$9, DW_AT_linkage_name("ADC_setMode")
      75                      .dwattr $C$DW$9, DW_AT_declaration
      76                      .dwattr $C$DW$9, DW_AT_external
      77                      .dwattr $C$DW$9, DW_AT_decl_file("/home/jose/ti/c2000/C2000Ware_26_01_00_00/driverlib/f2837xd/driverl
      78                      .dwattr $C$DW$9, DW_AT_decl_line(0x7e2)
      79                      .dwattr $C$DW$9, DW_AT_decl_column(0x01)
      80              $C$DW$10        .dwtag  DW_TAG_formal_parameter
      81                      .dwattr $C$DW$10, DW_AT_type(*$C$DW$T$110)
      82              
      83              $C$DW$11        .dwtag  DW_TAG_formal_parameter
      84                      .dwattr $C$DW$11, DW_AT_type(*$C$DW$T$36)
      85              
      86              $C$DW$12        .dwtag  DW_TAG_formal_parameter
      87                      .dwattr $C$DW$12, DW_AT_type(*$C$DW$T$38)
      88              
      89                      .dwendtag $C$DW$9
      90              
      91              
      92              $C$DW$13        .dwtag  DW_TAG_subprogram
      93                      .dwattr $C$DW$13, DW_AT_name("SysCtl_delay")
      94                      .dwattr $C$DW$13, DW_AT_linkage_name("SysCtl_delay")
      95                      .dwattr $C$DW$13, DW_AT_declaration
      96                      .dwattr $C$DW$13, DW_AT_external
      97                      .dwattr $C$DW$13, DW_AT_decl_file("/home/jose/ti/c2000/C2000Ware_26_01_00_00/driverlib/f2837xd/driver
      98                      .dwattr $C$DW$13, DW_AT_decl_line(0xcd7)
      99                      .dwattr $C$DW$13, DW_AT_decl_column(0x01)
     100              $C$DW$14        .dwtag  DW_TAG_formal_parameter
     101                      .dwattr $C$DW$14, DW_AT_type(*$C$DW$T$110)
     102              
     103                      .dwendtag $C$DW$13
     104              
     105              
     106              $C$DW$15        .dwtag  DW_TAG_subprogram
     107                      .dwattr $C$DW$15, DW_AT_name("EQEP_setInputPolarity")
     108                      .dwattr $C$DW$15, DW_AT_linkage_name("EQEP_setInputPolarity")
     109                      .dwattr $C$DW$15, DW_AT_declaration
     110                      .dwattr $C$DW$15, DW_AT_external
TMS320C2000 Assembler Unix v25.11.0 Sat May 30 20:15:25 2026

Copyright (c) 1996-2018 Texas Instruments Incorporated
board.asm                                                            PAGE    3

     111                      .dwattr $C$DW$15, DW_AT_decl_file("/home/jose/ti/c2000/C2000Ware_26_01_00_00/driverlib/f2837xd/driver
     112                      .dwattr $C$DW$15, DW_AT_decl_line(0x688)
     113                      .dwattr $C$DW$15, DW_AT_decl_column(0x01)
     114              $C$DW$16        .dwtag  DW_TAG_formal_parameter
     115                      .dwattr $C$DW$16, DW_AT_type(*$C$DW$T$110)
     116              
     117              $C$DW$17        .dwtag  DW_TAG_formal_parameter
     118                      .dwattr $C$DW$17, DW_AT_type(*$C$DW$T$136)
     119              
     120              $C$DW$18        .dwtag  DW_TAG_formal_parameter
     121                      .dwattr $C$DW$18, DW_AT_type(*$C$DW$T$136)
     122              
     123              $C$DW$19        .dwtag  DW_TAG_formal_parameter
     124                      .dwattr $C$DW$19, DW_AT_type(*$C$DW$T$136)
     125              
     126              $C$DW$20        .dwtag  DW_TAG_formal_parameter
     127                      .dwattr $C$DW$20, DW_AT_type(*$C$DW$T$136)
     128              
     129                      .dwendtag $C$DW$15
     130              
     131              
     132              $C$DW$21        .dwtag  DW_TAG_subprogram
     133                      .dwattr $C$DW$21, DW_AT_name("GPIO_setDirectionMode")
     134                      .dwattr $C$DW$21, DW_AT_linkage_name("GPIO_setDirectionMode")
     135                      .dwattr $C$DW$21, DW_AT_declaration
     136                      .dwattr $C$DW$21, DW_AT_external
     137                      .dwattr $C$DW$21, DW_AT_decl_file("/home/jose/ti/c2000/C2000Ware_26_01_00_00/driverlib/f2837xd/driver
     138                      .dwattr $C$DW$21, DW_AT_decl_line(0x326)
     139                      .dwattr $C$DW$21, DW_AT_decl_column(0x01)
     140              $C$DW$22        .dwtag  DW_TAG_formal_parameter
     141                      .dwattr $C$DW$22, DW_AT_type(*$C$DW$T$110)
     142              
     143              $C$DW$23        .dwtag  DW_TAG_formal_parameter
     144                      .dwattr $C$DW$23, DW_AT_type(*$C$DW$T$86)
     145              
     146                      .dwendtag $C$DW$21
     147              
     148              
     149              $C$DW$24        .dwtag  DW_TAG_subprogram
     150                      .dwattr $C$DW$24, DW_AT_name("GPIO_setControllerCore")
     151                      .dwattr $C$DW$24, DW_AT_linkage_name("GPIO_setControllerCore")
     152                      .dwattr $C$DW$24, DW_AT_declaration
     153                      .dwattr $C$DW$24, DW_AT_external
     154                      .dwattr $C$DW$24, DW_AT_decl_file("/home/jose/ti/c2000/C2000Ware_26_01_00_00/driverlib/f2837xd/driver
     155                      .dwattr $C$DW$24, DW_AT_decl_line(0x3d2)
     156                      .dwattr $C$DW$24, DW_AT_decl_column(0x01)
     157              $C$DW$25        .dwtag  DW_TAG_formal_parameter
     158                      .dwattr $C$DW$25, DW_AT_type(*$C$DW$T$110)
     159              
     160              $C$DW$26        .dwtag  DW_TAG_formal_parameter
     161                      .dwattr $C$DW$26, DW_AT_type(*$C$DW$T$90)
     162              
     163                      .dwendtag $C$DW$24
     164              
     165              
TMS320C2000 Assembler Unix v25.11.0 Sat May 30 20:15:25 2026

Copyright (c) 1996-2018 Texas Instruments Incorporated
board.asm                                                            PAGE    4

     166              $C$DW$27        .dwtag  DW_TAG_subprogram
     167                      .dwattr $C$DW$27, DW_AT_name("adcA1_isr")
     168                      .dwattr $C$DW$27, DW_AT_linkage_name("adcA1_isr")
     169                      .dwattr $C$DW$27, DW_AT_declaration
     170                      .dwattr $C$DW$27, DW_AT_external
     171                      .dwattr $C$DW$27, DW_AT_decl_file("syscfg/board.h")
     172                      .dwattr $C$DW$27, DW_AT_decl_line(0x132)
     173                      .dwattr $C$DW$27, DW_AT_decl_column(0x19)
     174                      .dwendtag $C$DW$27
     175              
     176              
     177              $C$DW$28        .dwtag  DW_TAG_subprogram
     178                      .dwattr $C$DW$28, DW_AT_name("Interrupt_enable")
     179                      .dwattr $C$DW$28, DW_AT_linkage_name("Interrupt_enable")
     180                      .dwattr $C$DW$28, DW_AT_declaration
     181                      .dwattr $C$DW$28, DW_AT_external
     182                      .dwattr $C$DW$28, DW_AT_decl_file("/home/jose/ti/c2000/C2000Ware_26_01_00_00/driverlib/f2837xd/driver
     183                      .dwattr $C$DW$28, DW_AT_decl_line(0x1c9)
     184                      .dwattr $C$DW$28, DW_AT_decl_column(0x01)
     185              $C$DW$29        .dwtag  DW_TAG_formal_parameter
     186                      .dwattr $C$DW$29, DW_AT_type(*$C$DW$T$110)
     187              
     188                      .dwendtag $C$DW$28
     189              
     190              
     191              $C$DW$30        .dwtag  DW_TAG_subprogram
     192                      .dwattr $C$DW$30, DW_AT_name("sciA_rx_isr")
     193                      .dwattr $C$DW$30, DW_AT_linkage_name("sciA_rx_isr")
     194                      .dwattr $C$DW$30, DW_AT_declaration
     195                      .dwattr $C$DW$30, DW_AT_external
     196                      .dwattr $C$DW$30, DW_AT_decl_file("syscfg/board.h")
     197                      .dwattr $C$DW$30, DW_AT_decl_line(0x138)
     198                      .dwattr $C$DW$30, DW_AT_decl_column(0x19)
     199                      .dwendtag $C$DW$30
     200              
     201              
     202              $C$DW$31        .dwtag  DW_TAG_subprogram
     203                      .dwattr $C$DW$31, DW_AT_name("SCI_clearInterruptStatus")
     204                      .dwattr $C$DW$31, DW_AT_linkage_name("SCI_clearInterruptStatus")
     205                      .dwattr $C$DW$31, DW_AT_declaration
     206                      .dwattr $C$DW$31, DW_AT_external
     207                      .dwattr $C$DW$31, DW_AT_decl_file("/home/jose/ti/c2000/C2000Ware_26_01_00_00/driverlib/f2837xd/driver
     208                      .dwattr $C$DW$31, DW_AT_decl_line(0x636)
     209                      .dwattr $C$DW$31, DW_AT_decl_column(0x01)
     210              $C$DW$32        .dwtag  DW_TAG_formal_parameter
     211                      .dwattr $C$DW$32, DW_AT_type(*$C$DW$T$110)
     212              
     213              $C$DW$33        .dwtag  DW_TAG_formal_parameter
     214                      .dwattr $C$DW$33, DW_AT_type(*$C$DW$T$110)
     215              
     216                      .dwendtag $C$DW$31
     217              
     218              
     219              $C$DW$34        .dwtag  DW_TAG_subprogram
     220                      .dwattr $C$DW$34, DW_AT_name("SCI_setConfig")
TMS320C2000 Assembler Unix v25.11.0 Sat May 30 20:15:25 2026

Copyright (c) 1996-2018 Texas Instruments Incorporated
board.asm                                                            PAGE    5

     221                      .dwattr $C$DW$34, DW_AT_linkage_name("SCI_setConfig")
     222                      .dwattr $C$DW$34, DW_AT_declaration
     223                      .dwattr $C$DW$34, DW_AT_external
     224                      .dwattr $C$DW$34, DW_AT_decl_file("/home/jose/ti/c2000/C2000Ware_26_01_00_00/driverlib/f2837xd/driver
     225                      .dwattr $C$DW$34, DW_AT_decl_line(0x5b6)
     226                      .dwattr $C$DW$34, DW_AT_decl_column(0x01)
     227              $C$DW$35        .dwtag  DW_TAG_formal_parameter
     228                      .dwattr $C$DW$35, DW_AT_type(*$C$DW$T$110)
     229              
     230              $C$DW$36        .dwtag  DW_TAG_formal_parameter
     231                      .dwattr $C$DW$36, DW_AT_type(*$C$DW$T$110)
     232              
     233              $C$DW$37        .dwtag  DW_TAG_formal_parameter
     234                      .dwattr $C$DW$37, DW_AT_type(*$C$DW$T$110)
     235              
     236              $C$DW$38        .dwtag  DW_TAG_formal_parameter
     237                      .dwattr $C$DW$38, DW_AT_type(*$C$DW$T$110)
     238              
     239                      .dwendtag $C$DW$34
     240              
     241              
     242              $C$DW$39        .dwtag  DW_TAG_subprogram
     243                      .dwattr $C$DW$39, DW_AT_name("SCI_enableInterrupt")
     244                      .dwattr $C$DW$39, DW_AT_linkage_name("SCI_enableInterrupt")
     245                      .dwattr $C$DW$39, DW_AT_declaration
     246                      .dwattr $C$DW$39, DW_AT_external
     247                      .dwattr $C$DW$39, DW_AT_decl_file("/home/jose/ti/c2000/C2000Ware_26_01_00_00/driverlib/f2837xd/driver
     248                      .dwattr $C$DW$39, DW_AT_decl_line(0x601)
     249                      .dwattr $C$DW$39, DW_AT_decl_column(0x01)
     250              $C$DW$40        .dwtag  DW_TAG_formal_parameter
     251                      .dwattr $C$DW$40, DW_AT_type(*$C$DW$T$110)
     252              
     253              $C$DW$41        .dwtag  DW_TAG_formal_parameter
     254                      .dwattr $C$DW$41, DW_AT_type(*$C$DW$T$110)
     255              
     256                      .dwendtag $C$DW$39
     257              
     258              
     259              $C$DW$42        .dwtag  DW_TAG_subprogram
     260                      .dwattr $C$DW$42, DW_AT_name("SPI_setConfig")
     261                      .dwattr $C$DW$42, DW_AT_linkage_name("SPI_setConfig")
     262                      .dwattr $C$DW$42, DW_AT_declaration
     263                      .dwattr $C$DW$42, DW_AT_external
     264                      .dwattr $C$DW$42, DW_AT_decl_file("/home/jose/ti/c2000/C2000Ware_26_01_00_00/driverlib/f2837xd/driver
     265                      .dwattr $C$DW$42, DW_AT_decl_line(0x599)
     266                      .dwattr $C$DW$42, DW_AT_decl_column(0x01)
     267              $C$DW$43        .dwtag  DW_TAG_formal_parameter
     268                      .dwattr $C$DW$43, DW_AT_type(*$C$DW$T$110)
     269              
     270              $C$DW$44        .dwtag  DW_TAG_formal_parameter
     271                      .dwattr $C$DW$44, DW_AT_type(*$C$DW$T$110)
     272              
     273              $C$DW$45        .dwtag  DW_TAG_formal_parameter
     274                      .dwattr $C$DW$45, DW_AT_type(*$C$DW$T$104)
     275              
TMS320C2000 Assembler Unix v25.11.0 Sat May 30 20:15:25 2026

Copyright (c) 1996-2018 Texas Instruments Incorporated
board.asm                                                            PAGE    6

     276              $C$DW$46        .dwtag  DW_TAG_formal_parameter
     277                      .dwattr $C$DW$46, DW_AT_type(*$C$DW$T$106)
     278              
     279              $C$DW$47        .dwtag  DW_TAG_formal_parameter
     280                      .dwattr $C$DW$47, DW_AT_type(*$C$DW$T$110)
     281              
     282              $C$DW$48        .dwtag  DW_TAG_formal_parameter
     283                      .dwattr $C$DW$48, DW_AT_type(*$C$DW$T$120)
     284              
     285                      .dwendtag $C$DW$42
     286              
     287              
     288              $C$DW$49        .dwtag  DW_TAG_subprogram
     289                      .dwattr $C$DW$49, DW_AT_name("__eallow")
     290                      .dwattr $C$DW$49, DW_AT_linkage_name("__eallow")
     291                      .dwattr $C$DW$49, DW_AT_declaration
     292                      .dwattr $C$DW$49, DW_AT_external
     293                      .dwendtag $C$DW$49
     294              
     295              
     296              $C$DW$50        .dwtag  DW_TAG_subprogram
     297                      .dwattr $C$DW$50, DW_AT_name("__edis")
     298                      .dwattr $C$DW$50, DW_AT_linkage_name("__edis")
     299                      .dwattr $C$DW$50, DW_AT_declaration
     300                      .dwattr $C$DW$50, DW_AT_external
     301                      .dwendtag $C$DW$50
     302              
     303              ;       /home/jose/ti/ccs2051/ccs/tools/compiler/ti-cgt-c2000_25.11.0.LTS/bin/opt2000 /tmp/TI5gcbfA62r /tmp/T
     304              ;       /home/jose/ti/ccs2051/ccs/tools/compiler/ti-cgt-c2000_25.11.0.LTS/bin/acia2000 -@/tmp/TI5gcbhwYho 
     305 00000000               .sect   ".text:myADCC_init"
     306                      .clink
     307                      .global ||myADCC_init||
     308              
     309              $C$DW$51        .dwtag  DW_TAG_subprogram
     310                      .dwattr $C$DW$51, DW_AT_name("myADCC_init")
     311                      .dwattr $C$DW$51, DW_AT_low_pc(||myADCC_init||)
     312                      .dwattr $C$DW$51, DW_AT_high_pc(0x00)
     313                      .dwattr $C$DW$51, DW_AT_linkage_name("myADCC_init")
     314                      .dwattr $C$DW$51, DW_AT_external
     315                      .dwattr $C$DW$51, DW_AT_decl_file("syscfg/board.c")
     316                      .dwattr $C$DW$51, DW_AT_decl_line(0x120)
     317                      .dwattr $C$DW$51, DW_AT_decl_column(0x06)
     318                      .dwattr $C$DW$51, DW_AT_TI_max_frame_size(-2)
     319                      .dwpsn  file "syscfg/board.c",line 288,column 19,is_stmt,address ||myADCC_init||,isa 0
     320              
     321                      .dwfde $C$DW$CIE, ||myADCC_init||
     322              
     323              ;***************************************************************
     324              ;* FNAME: myADCC_init                   FR SIZE:   0           *
     325              ;*                                                             *
     326              ;* FUNCTION ENVIRONMENT                                        *
     327              ;*                                                             *
     328              ;* FUNCTION PROPERTIES                                         *
     329              ;*                            0 Parameter,  0 Auto,  0 SOE     *
     330              ;***************************************************************
TMS320C2000 Assembler Unix v25.11.0 Sat May 30 20:15:25 2026

Copyright (c) 1996-2018 Texas Instruments Incorporated
board.asm                                                            PAGE    7

     331              
     332 00000000       ||myADCC_init||:
     333                      .dwcfi  cfa_offset, -2
     334                      .dwcfi  save_reg_to_mem, 26, 0
     335                      .dwpsn  file "/home/jose/ti/c2000/C2000Ware_26_01_00_00/driverlib/f2837xd/driverlib/adc.h",line 470,c
     336 00000000 7622          EALLOW    ; [CPU_ALU] |470| 
     337                      .dwpsn  file "/home/jose/ti/c2000/C2000Ware_26_01_00_00/driverlib/f2837xd/driverlib/adc.h",line 471,c
     338 00000001 F5A9          MOV       AL,*(0:0x7501)        ; [CPU_ALU] |471| 
         00000002 7501 
     339 00000003 CCA9          AND       AL,AL,#0xfff0         ; [CPU_ALU] |471| 
         00000004 FFF0 
     340 00000005 5006          ORB       AL,#0x06              ; [CPU_ALU] |471| 
     341 00000006 F4A9          MOV       *(0:0x7501),AL        ; [CPU_ALU] |471| 
         00000007 7501 
     342                      .dwpsn  file "/home/jose/ti/c2000/C2000Ware_26_01_00_00/driverlib/f2837xd/driverlib/adc.h",line 473,c
     343 00000008 761A          EDIS      ; [CPU_ALU] |473| 
     344                      .dwpsn  file "syscfg/board.c",line 296,column 2,is_stmt,isa 0
     345 00000009 D400          MOVB      XAR4,#0               ; [CPU_ALU] |296| 
     346 0000000a D500          MOVB      XAR5,#0               ; [CPU_ALU] |296| 
     347 0000000b FF20          MOV       ACC,#29952            ; [CPU_ALU] |296| 
         0000000c 7500 
     348              $C$DW$52        .dwtag  DW_TAG_TI_branch
     349                      .dwattr $C$DW$52, DW_AT_low_pc(0x00)
     350                      .dwattr $C$DW$52, DW_AT_name("ADC_setMode")
     351                      .dwattr $C$DW$52, DW_AT_TI_call
     352              
     353 0000000d 7640!         LCR       #||ADC_setMode||      ; [CPU_ALU] |296| 
         0000000e 0000 
     354                      ; call occurs [#||ADC_setMode||] ; [] |296| 
     355                      .dwpsn  file "/home/jose/ti/c2000/C2000Ware_26_01_00_00/driverlib/f2837xd/driverlib/adc.h",line 628,c
     356 0000000f 7622          EALLOW    ; [CPU_ALU] |628| 
     357                      .dwpsn  file "/home/jose/ti/c2000/C2000Ware_26_01_00_00/driverlib/f2837xd/driverlib/adc.h",line 629,c
     358 00000010 F5A9          MOV       AL,*(0:0x7500)        ; [CPU_ALU] |629| 
         00000011 7500 
     359 00000012 18A9          AND       AL,#0xfffb            ; [CPU_ALU] |629| 
         00000013 FFFB 
     360 00000014 F4A9          MOV       *(0:0x7500),AL        ; [CPU_ALU] |629| 
         00000015 7500 
     361                      .dwpsn  file "/home/jose/ti/c2000/C2000Ware_26_01_00_00/driverlib/f2837xd/driverlib/adc.h",line 664,c
     362 00000016 F5A9          MOV       AL,*(0:0x7500)        ; [CPU_ALU] |664| 
         00000017 7500 
     363 00000018 5080          ORB       AL,#0x80              ; [CPU_ALU] |664| 
     364 00000019 F4A9          MOV       *(0:0x7500),AL        ; [CPU_ALU] |664| 
         0000001a 7500 
     365                      .dwpsn  file "/home/jose/ti/c2000/C2000Ware_26_01_00_00/driverlib/f2837xd/driverlib/adc.h",line 665,c
     366 0000001b 761A          EDIS      ; [CPU_ALU] |665| 
     367                      .dwpsn  file "syscfg/board.c",line 308,column 2,is_stmt,isa 0
     368 0000001c FF20          MOV       ACC,#19998            ; [CPU_ALU] |308| 
         0000001d 4E1E 
     369              $C$DW$53        .dwtag  DW_TAG_TI_branch
     370                      .dwattr $C$DW$53, DW_AT_low_pc(0x00)
     371                      .dwattr $C$DW$53, DW_AT_name("SysCtl_delay")
     372                      .dwattr $C$DW$53, DW_AT_TI_call
     373              
     374 0000001e 7640!         LCR       #||SysCtl_delay||     ; [CPU_ALU] |308| 
TMS320C2000 Assembler Unix v25.11.0 Sat May 30 20:15:25 2026

Copyright (c) 1996-2018 Texas Instruments Incorporated
board.asm                                                            PAGE    8

         0000001f 0000 
     375                      ; call occurs [#||SysCtl_delay||] ; [] |308| 
     376                      .dwpsn  file "/home/jose/ti/c2000/C2000Ware_26_01_00_00/driverlib/f2837xd/driverlib/adc.h",line 1057,
     377 00000020 7622          EALLOW    ; [CPU_ALU] |1057| 
     378                      .dwpsn  file "/home/jose/ti/c2000/C2000Ware_26_01_00_00/driverlib/f2837xd/driverlib/adc.h",line 1058,
     379 00000021 F5A9          MOV       AL,*(0:0x7502)        ; [CPU_ALU] |1058| 
         00000022 7502 
     380 00000023 18A9          AND       AL,#0x7fff            ; [CPU_ALU] |1058| 
         00000024 7FFF 
     381 00000025 F4A9          MOV       *(0:0x7502),AL        ; [CPU_ALU] |1058| 
         00000026 7502 
     382                      .dwpsn  file "/home/jose/ti/c2000/C2000Ware_26_01_00_00/driverlib/f2837xd/driverlib/adc.h",line 1099,
     383 00000027 F5A9          MOV       AL,*(0:0x7509)        ; [CPU_ALU] |1099| 
         00000028 7509 
     384 00000029 18A9          AND       AL,#0xffe0            ; [CPU_ALU] |1099| 
         0000002a FFE0 
     385 0000002b F4A9          MOV       *(0:0x7509),AL        ; [CPU_ALU] |1099| 
         0000002c 7509 
     386                      .dwpsn  file "/home/jose/ti/c2000/C2000Ware_26_01_00_00/driverlib/f2837xd/driverlib/adc.h",line 538,c
     387 0000002d BFA9          MOV32     ACC,*(0:0x7510)       ; [CPU_FPU] |538| 
         0000002e 7510 
     388 0000002f 18A9          AND       AL,#32256             ; [CPU_ALU] |538| 
         00000030 7E00 
     389 00000031 18A8          AND       AH,#65048             ; [CPU_ALU] |538| 
         00000032 FE18 
     390 00000033 500E          OR        AL,#14                ; [CPU_ALU] |538| 
     391 00000034 5151          OR        AH,#81                ; [CPU_ALU] |538| 
     392 00000035 BDA9          MOV32     *(0:0x7510),ACC       ; [CPU_FPU] |538| 
         00000036 7510 
     393                      .dwpsn  file "/home/jose/ti/c2000/C2000Ware_26_01_00_00/driverlib/f2837xd/driverlib/adc.h",line 594,c
     394 00000037 BFA9          MOV32     ACC,*(0:0x750a)       ; [CPU_FPU] |594| 
         00000038 750A 
     395 00000039 18A9          AND       AL,#65532             ; [CPU_ALU] |594| 
         0000003a FFFC 
     396 0000003b BDA9          MOV32     *(0:0x750a),ACC       ; [CPU_FPU] |594| 
         0000003c 750A 
     397                      .dwpsn  file "/home/jose/ti/c2000/C2000Ware_26_01_00_00/driverlib/f2837xd/driverlib/adc.h",line 598,c
     398 0000003d 761A          EDIS      ; [CPU_ALU] |598| 
     399              $C$DW$54        .dwtag  DW_TAG_TI_branch
     400                      .dwattr $C$DW$54, DW_AT_low_pc(0x00)
     401                      .dwattr $C$DW$54, DW_AT_TI_return
     402              
     403 0000003e 0006          LRETR     ; [CPU_ALU] 
     404                      ; return occurs ; [] 
     405                      .dwattr $C$DW$51, DW_AT_TI_end_file("syscfg/board.c")
     406                      .dwattr $C$DW$51, DW_AT_TI_end_line(0x14c)
     407                      .dwattr $C$DW$51, DW_AT_TI_end_column(0x01)
     408                      .dwendentry
     409                      .dwendtag $C$DW$51
     410              
     411 00000000               .sect   ".text:myADCB_init"
     412                      .clink
     413                      .global ||myADCB_init||
     414              
     415              $C$DW$55        .dwtag  DW_TAG_subprogram
TMS320C2000 Assembler Unix v25.11.0 Sat May 30 20:15:25 2026

Copyright (c) 1996-2018 Texas Instruments Incorporated
board.asm                                                            PAGE    9

     416                      .dwattr $C$DW$55, DW_AT_name("myADCB_init")
     417                      .dwattr $C$DW$55, DW_AT_low_pc(||myADCB_init||)
     418                      .dwattr $C$DW$55, DW_AT_high_pc(0x00)
     419                      .dwattr $C$DW$55, DW_AT_linkage_name("myADCB_init")
     420                      .dwattr $C$DW$55, DW_AT_external
     421                      .dwattr $C$DW$55, DW_AT_decl_file("syscfg/board.c")
     422                      .dwattr $C$DW$55, DW_AT_decl_line(0xf2)
     423                      .dwattr $C$DW$55, DW_AT_decl_column(0x06)
     424                      .dwattr $C$DW$55, DW_AT_TI_max_frame_size(-2)
     425                      .dwpsn  file "syscfg/board.c",line 242,column 19,is_stmt,address ||myADCB_init||,isa 0
     426              
     427                      .dwfde $C$DW$CIE, ||myADCB_init||
     428              
     429              ;***************************************************************
     430              ;* FNAME: myADCB_init                   FR SIZE:   0           *
     431              ;*                                                             *
     432              ;* FUNCTION ENVIRONMENT                                        *
     433              ;*                                                             *
     434              ;* FUNCTION PROPERTIES                                         *
     435              ;*                            0 Parameter,  0 Auto,  0 SOE     *
     436              ;***************************************************************
     437              
     438 00000000       ||myADCB_init||:
     439                      .dwcfi  cfa_offset, -2
     440                      .dwcfi  save_reg_to_mem, 26, 0
     441                      .dwpsn  file "/home/jose/ti/c2000/C2000Ware_26_01_00_00/driverlib/f2837xd/driverlib/adc.h",line 470,c
     442 00000000 7622          EALLOW    ; [CPU_ALU] |470| 
     443                      .dwpsn  file "/home/jose/ti/c2000/C2000Ware_26_01_00_00/driverlib/f2837xd/driverlib/adc.h",line 471,c
     444 00000001 F5A9          MOV       AL,*(0:0x7481)        ; [CPU_ALU] |471| 
         00000002 7481 
     445 00000003 CCA9          AND       AL,AL,#0xfff0         ; [CPU_ALU] |471| 
         00000004 FFF0 
     446 00000005 5006          ORB       AL,#0x06              ; [CPU_ALU] |471| 
     447 00000006 F4A9          MOV       *(0:0x7481),AL        ; [CPU_ALU] |471| 
         00000007 7481 
     448                      .dwpsn  file "/home/jose/ti/c2000/C2000Ware_26_01_00_00/driverlib/f2837xd/driverlib/adc.h",line 473,c
     449 00000008 761A          EDIS      ; [CPU_ALU] |473| 
     450                      .dwpsn  file "syscfg/board.c",line 250,column 2,is_stmt,isa 0
     451 00000009 D400          MOVB      XAR4,#0               ; [CPU_ALU] |250| 
     452 0000000a D500          MOVB      XAR5,#0               ; [CPU_ALU] |250| 
     453 0000000b FF20          MOV       ACC,#29824            ; [CPU_ALU] |250| 
         0000000c 7480 
     454              $C$DW$56        .dwtag  DW_TAG_TI_branch
     455                      .dwattr $C$DW$56, DW_AT_low_pc(0x00)
     456                      .dwattr $C$DW$56, DW_AT_name("ADC_setMode")
     457                      .dwattr $C$DW$56, DW_AT_TI_call
     458              
     459 0000000d 7640!         LCR       #||ADC_setMode||      ; [CPU_ALU] |250| 
         0000000e 0000 
     460                      ; call occurs [#||ADC_setMode||] ; [] |250| 
     461                      .dwpsn  file "/home/jose/ti/c2000/C2000Ware_26_01_00_00/driverlib/f2837xd/driverlib/adc.h",line 628,c
     462 0000000f 7622          EALLOW    ; [CPU_ALU] |628| 
     463                      .dwpsn  file "/home/jose/ti/c2000/C2000Ware_26_01_00_00/driverlib/f2837xd/driverlib/adc.h",line 629,c
     464 00000010 F5A9          MOV       AL,*(0:0x7480)        ; [CPU_ALU] |629| 
         00000011 7480 
TMS320C2000 Assembler Unix v25.11.0 Sat May 30 20:15:25 2026

Copyright (c) 1996-2018 Texas Instruments Incorporated
board.asm                                                            PAGE   10

     465 00000012 18A9          AND       AL,#0xfffb            ; [CPU_ALU] |629| 
         00000013 FFFB 
     466 00000014 F4A9          MOV       *(0:0x7480),AL        ; [CPU_ALU] |629| 
         00000015 7480 
     467                      .dwpsn  file "/home/jose/ti/c2000/C2000Ware_26_01_00_00/driverlib/f2837xd/driverlib/adc.h",line 664,c
     468 00000016 F5A9          MOV       AL,*(0:0x7480)        ; [CPU_ALU] |664| 
         00000017 7480 
     469 00000018 5080          ORB       AL,#0x80              ; [CPU_ALU] |664| 
     470 00000019 F4A9          MOV       *(0:0x7480),AL        ; [CPU_ALU] |664| 
         0000001a 7480 
     471                      .dwpsn  file "/home/jose/ti/c2000/C2000Ware_26_01_00_00/driverlib/f2837xd/driverlib/adc.h",line 665,c
     472 0000001b 761A          EDIS      ; [CPU_ALU] |665| 
     473                      .dwpsn  file "syscfg/board.c",line 262,column 2,is_stmt,isa 0
     474 0000001c FF20          MOV       ACC,#19998            ; [CPU_ALU] |262| 
         0000001d 4E1E 
     475              $C$DW$57        .dwtag  DW_TAG_TI_branch
     476                      .dwattr $C$DW$57, DW_AT_low_pc(0x00)
     477                      .dwattr $C$DW$57, DW_AT_name("SysCtl_delay")
     478                      .dwattr $C$DW$57, DW_AT_TI_call
     479              
     480 0000001e 7640!         LCR       #||SysCtl_delay||     ; [CPU_ALU] |262| 
         0000001f 0000 
     481                      ; call occurs [#||SysCtl_delay||] ; [] |262| 
     482                      .dwpsn  file "/home/jose/ti/c2000/C2000Ware_26_01_00_00/driverlib/f2837xd/driverlib/adc.h",line 1057,
     483 00000020 7622          EALLOW    ; [CPU_ALU] |1057| 
     484                      .dwpsn  file "/home/jose/ti/c2000/C2000Ware_26_01_00_00/driverlib/f2837xd/driverlib/adc.h",line 1058,
     485 00000021 F5A9          MOV       AL,*(0:0x7482)        ; [CPU_ALU] |1058| 
         00000022 7482 
     486 00000023 18A9          AND       AL,#0x7fff            ; [CPU_ALU] |1058| 
         00000024 7FFF 
     487 00000025 F4A9          MOV       *(0:0x7482),AL        ; [CPU_ALU] |1058| 
         00000026 7482 
     488                      .dwpsn  file "/home/jose/ti/c2000/C2000Ware_26_01_00_00/driverlib/f2837xd/driverlib/adc.h",line 1099,
     489 00000027 F5A9          MOV       AL,*(0:0x7489)        ; [CPU_ALU] |1099| 
         00000028 7489 
     490 00000029 18A9          AND       AL,#0xffe0            ; [CPU_ALU] |1099| 
         0000002a FFE0 
     491 0000002b F4A9          MOV       *(0:0x7489),AL        ; [CPU_ALU] |1099| 
         0000002c 7489 
     492                      .dwpsn  file "/home/jose/ti/c2000/C2000Ware_26_01_00_00/driverlib/f2837xd/driverlib/adc.h",line 538,c
     493 0000002d BFA9          MOV32     ACC,*(0:0x7492)       ; [CPU_FPU] |538| 
         0000002e 7492 
     494 0000002f 18A9          AND       AL,#32256             ; [CPU_ALU] |538| 
         00000030 7E00 
     495 00000031 18A8          AND       AH,#65048             ; [CPU_ALU] |538| 
         00000032 FE18 
     496 00000033 500E          OR        AL,#14                ; [CPU_ALU] |538| 
     497 00000034 5151          OR        AH,#81                ; [CPU_ALU] |538| 
     498 00000035 BDA9          MOV32     *(0:0x7492),ACC       ; [CPU_FPU] |538| 
         00000036 7492 
     499                      .dwpsn  file "/home/jose/ti/c2000/C2000Ware_26_01_00_00/driverlib/f2837xd/driverlib/adc.h",line 594,c
     500 00000037 BFA9          MOV32     ACC,*(0:0x748a)       ; [CPU_FPU] |594| 
         00000038 748A 
     501 00000039 18A9          AND       AL,#65523             ; [CPU_ALU] |594| 
         0000003a FFF3 
TMS320C2000 Assembler Unix v25.11.0 Sat May 30 20:15:25 2026

Copyright (c) 1996-2018 Texas Instruments Incorporated
board.asm                                                            PAGE   11

     502 0000003b BDA9          MOV32     *(0:0x748a),ACC       ; [CPU_FPU] |594| 
         0000003c 748A 
     503                      .dwpsn  file "/home/jose/ti/c2000/C2000Ware_26_01_00_00/driverlib/f2837xd/driverlib/adc.h",line 598,c
     504 0000003d 761A          EDIS      ; [CPU_ALU] |598| 
     505              $C$DW$58        .dwtag  DW_TAG_TI_branch
     506                      .dwattr $C$DW$58, DW_AT_low_pc(0x00)
     507                      .dwattr $C$DW$58, DW_AT_TI_return
     508              
     509 0000003e 0006          LRETR     ; [CPU_ALU] 
     510                      ; return occurs ; [] 
     511                      .dwattr $C$DW$55, DW_AT_TI_end_file("syscfg/board.c")
     512                      .dwattr $C$DW$55, DW_AT_TI_end_line(0x11e)
     513                      .dwattr $C$DW$55, DW_AT_TI_end_column(0x01)
     514                      .dwendentry
     515                      .dwendtag $C$DW$55
     516              
     517 00000000               .sect   ".text:myADCA_init"
     518                      .clink
     519                      .global ||myADCA_init||
     520              
     521              $C$DW$59        .dwtag  DW_TAG_subprogram
     522                      .dwattr $C$DW$59, DW_AT_name("myADCA_init")
     523                      .dwattr $C$DW$59, DW_AT_low_pc(||myADCA_init||)
     524                      .dwattr $C$DW$59, DW_AT_high_pc(0x00)
     525                      .dwattr $C$DW$59, DW_AT_linkage_name("myADCA_init")
     526                      .dwattr $C$DW$59, DW_AT_external
     527                      .dwattr $C$DW$59, DW_AT_decl_file("syscfg/board.c")
     528                      .dwattr $C$DW$59, DW_AT_decl_line(0xac)
     529                      .dwattr $C$DW$59, DW_AT_decl_column(0x06)
     530                      .dwattr $C$DW$59, DW_AT_TI_max_frame_size(-2)
     531                      .dwpsn  file "syscfg/board.c",line 172,column 19,is_stmt,address ||myADCA_init||,isa 0
     532              
     533                      .dwfde $C$DW$CIE, ||myADCA_init||
     534              
     535              ;***************************************************************
     536              ;* FNAME: myADCA_init                   FR SIZE:   0           *
     537              ;*                                                             *
     538              ;* FUNCTION ENVIRONMENT                                        *
     539              ;*                                                             *
     540              ;* FUNCTION PROPERTIES                                         *
     541              ;*                            0 Parameter,  0 Auto,  0 SOE     *
     542              ;***************************************************************
     543              
     544 00000000       ||myADCA_init||:
     545                      .dwcfi  cfa_offset, -2
     546                      .dwcfi  save_reg_to_mem, 26, 0
     547                      .dwpsn  file "/home/jose/ti/c2000/C2000Ware_26_01_00_00/driverlib/f2837xd/driverlib/adc.h",line 470,c
     548 00000000 7622          EALLOW    ; [CPU_ALU] |470| 
     549                      .dwpsn  file "/home/jose/ti/c2000/C2000Ware_26_01_00_00/driverlib/f2837xd/driverlib/adc.h",line 471,c
     550 00000001 F5A9          MOV       AL,*(0:0x7401)        ; [CPU_ALU] |471| 
         00000002 7401 
     551 00000003 CCA9          AND       AL,AL,#0xfff0         ; [CPU_ALU] |471| 
         00000004 FFF0 
     552 00000005 5006          ORB       AL,#0x06              ; [CPU_ALU] |471| 
     553 00000006 F4A9          MOV       *(0:0x7401),AL        ; [CPU_ALU] |471| 
TMS320C2000 Assembler Unix v25.11.0 Sat May 30 20:15:25 2026

Copyright (c) 1996-2018 Texas Instruments Incorporated
board.asm                                                            PAGE   12

         00000007 7401 
     554                      .dwpsn  file "/home/jose/ti/c2000/C2000Ware_26_01_00_00/driverlib/f2837xd/driverlib/adc.h",line 473,c
     555 00000008 761A          EDIS      ; [CPU_ALU] |473| 
     556                      .dwpsn  file "syscfg/board.c",line 180,column 2,is_stmt,isa 0
     557 00000009 D400          MOVB      XAR4,#0               ; [CPU_ALU] |180| 
     558 0000000a D500          MOVB      XAR5,#0               ; [CPU_ALU] |180| 
     559 0000000b FF20          MOV       ACC,#29696            ; [CPU_ALU] |180| 
         0000000c 7400 
     560              $C$DW$60        .dwtag  DW_TAG_TI_branch
     561                      .dwattr $C$DW$60, DW_AT_low_pc(0x00)
     562                      .dwattr $C$DW$60, DW_AT_name("ADC_setMode")
     563                      .dwattr $C$DW$60, DW_AT_TI_call
     564              
     565 0000000d 7640!         LCR       #||ADC_setMode||      ; [CPU_ALU] |180| 
         0000000e 0000 
     566                      ; call occurs [#||ADC_setMode||] ; [] |180| 
     567                      .dwpsn  file "/home/jose/ti/c2000/C2000Ware_26_01_00_00/driverlib/f2837xd/driverlib/adc.h",line 628,c
     568 0000000f 7622          EALLOW    ; [CPU_ALU] |628| 
     569                      .dwpsn  file "/home/jose/ti/c2000/C2000Ware_26_01_00_00/driverlib/f2837xd/driverlib/adc.h",line 629,c
     570 00000010 F5A9          MOV       AL,*(0:0x7400)        ; [CPU_ALU] |629| 
         00000011 7400 
     571 00000012 5004          ORB       AL,#0x04              ; [CPU_ALU] |629| 
     572 00000013 F4A9          MOV       *(0:0x7400),AL        ; [CPU_ALU] |629| 
         00000014 7400 
     573                      .dwpsn  file "/home/jose/ti/c2000/C2000Ware_26_01_00_00/driverlib/f2837xd/driverlib/adc.h",line 664,c
     574 00000015 F5A9          MOV       AL,*(0:0x7400)        ; [CPU_ALU] |664| 
         00000016 7400 
     575 00000017 5080          ORB       AL,#0x80              ; [CPU_ALU] |664| 
     576 00000018 F4A9          MOV       *(0:0x7400),AL        ; [CPU_ALU] |664| 
         00000019 7400 
     577                      .dwpsn  file "/home/jose/ti/c2000/C2000Ware_26_01_00_00/driverlib/f2837xd/driverlib/adc.h",line 665,c
     578 0000001a 761A          EDIS      ; [CPU_ALU] |665| 
     579                      .dwpsn  file "syscfg/board.c",line 192,column 2,is_stmt,isa 0
     580 0000001b FF20          MOV       ACC,#19998            ; [CPU_ALU] |192| 
         0000001c 4E1E 
     581              $C$DW$61        .dwtag  DW_TAG_TI_branch
     582                      .dwattr $C$DW$61, DW_AT_low_pc(0x00)
     583                      .dwattr $C$DW$61, DW_AT_name("SysCtl_delay")
     584                      .dwattr $C$DW$61, DW_AT_TI_call
     585              
     586 0000001d 7640!         LCR       #||SysCtl_delay||     ; [CPU_ALU] |192| 
         0000001e 0000 
     587                      ; call occurs [#||SysCtl_delay||] ; [] |192| 
     588                      .dwpsn  file "/home/jose/ti/c2000/C2000Ware_26_01_00_00/driverlib/f2837xd/driverlib/adc.h",line 1057,
     589 0000001f 7622          EALLOW    ; [CPU_ALU] |1057| 
     590                      .dwpsn  file "/home/jose/ti/c2000/C2000Ware_26_01_00_00/driverlib/f2837xd/driverlib/adc.h",line 1058,
     591 00000020 F5A9          MOV       AL,*(0:0x7402)        ; [CPU_ALU] |1058| 
         00000021 7402 
     592 00000022 18A9          AND       AL,#0x7fff            ; [CPU_ALU] |1058| 
         00000023 7FFF 
     593 00000024 F4A9          MOV       *(0:0x7402),AL        ; [CPU_ALU] |1058| 
         00000025 7402 
     594                      .dwpsn  file "/home/jose/ti/c2000/C2000Ware_26_01_00_00/driverlib/f2837xd/driverlib/adc.h",line 1099,
     595 00000026 F5A9          MOV       AL,*(0:0x7409)        ; [CPU_ALU] |1099| 
         00000027 7409 
TMS320C2000 Assembler Unix v25.11.0 Sat May 30 20:15:25 2026

Copyright (c) 1996-2018 Texas Instruments Incorporated
board.asm                                                            PAGE   13

     596 00000028 18A9          AND       AL,#0xffe0            ; [CPU_ALU] |1099| 
         00000029 FFE0 
     597 0000002a F4A9          MOV       *(0:0x7409),AL        ; [CPU_ALU] |1099| 
         0000002b 7409 
     598                      .dwpsn  file "/home/jose/ti/c2000/C2000Ware_26_01_00_00/driverlib/f2837xd/driverlib/adc.h",line 538,c
     599 0000002c BFA9          MOV32     ACC,*(0:0x7414)       ; [CPU_FPU] |538| 
         0000002d 7414 
     600 0000002e 18A9          AND       AL,#32256             ; [CPU_ALU] |538| 
         0000002f 7E00 
     601 00000030 18A8          AND       AH,#65048             ; [CPU_ALU] |538| 
         00000031 FE18 
     602 00000032 500E          OR        AL,#14                ; [CPU_ALU] |538| 
     603 00000033 5151          OR        AH,#81                ; [CPU_ALU] |538| 
     604 00000034 BDA9          MOV32     *(0:0x7414),ACC       ; [CPU_FPU] |538| 
         00000035 7414 
     605                      .dwpsn  file "/home/jose/ti/c2000/C2000Ware_26_01_00_00/driverlib/f2837xd/driverlib/adc.h",line 594,c
     606 00000036 BFA9          MOV32     ACC,*(0:0x740a)       ; [CPU_FPU] |594| 
         00000037 740A 
     607 00000038 18A9          AND       AL,#65487             ; [CPU_ALU] |594| 
         00000039 FFCF 
     608 0000003a BDA9          MOV32     *(0:0x740a),ACC       ; [CPU_FPU] |594| 
         0000003b 740A 
     609                      .dwpsn  file "/home/jose/ti/c2000/C2000Ware_26_01_00_00/driverlib/f2837xd/driverlib/adc.h",line 538,c
     610 0000003c BFA9          MOV32     ACC,*(0:0x7416)       ; [CPU_FPU] |538| 
         0000003d 7416 
     611 0000003e 18A9          AND       AL,#65024             ; [CPU_ALU] |538| 
         0000003f FE00 
     612 00000040 18A8          AND       AH,#65049             ; [CPU_ALU] |538| 
         00000041 FE19 
     613 00000042 1AA9          OR        AL,#32782             ; [CPU_ALU] |538| 
         00000043 800E 
     614 00000044 5151          OR        AH,#81                ; [CPU_ALU] |538| 
     615 00000045 BDA9          MOV32     *(0:0x7416),ACC       ; [CPU_FPU] |538| 
         00000046 7416 
     616                      .dwpsn  file "/home/jose/ti/c2000/C2000Ware_26_01_00_00/driverlib/f2837xd/driverlib/adc.h",line 594,c
     617 00000047 BFA9          MOV32     ACC,*(0:0x740a)       ; [CPU_FPU] |594| 
         00000048 740A 
     618 00000049 18A9          AND       AL,#65343             ; [CPU_ALU] |594| 
         0000004a FF3F 
     619 0000004b BDA9          MOV32     *(0:0x740a),ACC       ; [CPU_FPU] |594| 
         0000004c 740A 
     620                      .dwpsn  file "/home/jose/ti/c2000/C2000Ware_26_01_00_00/driverlib/f2837xd/driverlib/adc.h",line 1767,
     621 0000004d F5A9          MOV       AL,*(0:0x7407)        ; [CPU_ALU] |1767| 
         0000004e 7407 
     622 0000004f CCA9          AND       AL,AL,#0xfff0         ; [CPU_ALU] |1767| 
         00000050 FFF0 
     623 00000051 5003          ORB       AL,#0x03              ; [CPU_ALU] |1767| 
     624 00000052 F4A9          MOV       *(0:0x7407),AL        ; [CPU_ALU] |1767| 
         00000053 7407 
     625                      .dwpsn  file "/home/jose/ti/c2000/C2000Ware_26_01_00_00/driverlib/f2837xd/driverlib/adc.h",line 1771,
     626 00000054 761A          EDIS      ; [CPU_ALU] |1771| 
     627                      .dwpsn  file "/home/jose/ti/c2000/C2000Ware_26_01_00_00/driverlib/f2837xd/driverlib/adc.h",line 819,c
     628 00000055 9A01          MOVB      AL,#1                 ; [CPU_ALU] |819| 
     629 00000056 F4A9          MOV       *(0:0x7404),AL        ; [CPU_ALU] |819| 
         00000057 7404 
TMS320C2000 Assembler Unix v25.11.0 Sat May 30 20:15:25 2026

Copyright (c) 1996-2018 Texas Instruments Incorporated
board.asm                                                            PAGE   14

     630                      .dwpsn  file "/home/jose/ti/c2000/C2000Ware_26_01_00_00/driverlib/f2837xd/driverlib/adc.h",line 1862,
     631 00000058 7622          EALLOW    ; [CPU_ALU] |1862| 
     632                      .dwpsn  file "/home/jose/ti/c2000/C2000Ware_26_01_00_00/driverlib/f2837xd/driverlib/adc.h",line 1864,
     633 00000059 F5A9          MOV       AL,*(0:0x7407)        ; [CPU_ALU] |1864| 
         0000005a 7407 
     634 0000005b 18A9          AND       AL,#0xffbf            ; [CPU_ALU] |1864| 
         0000005c FFBF 
     635 0000005d F4A9          MOV       *(0:0x7407),AL        ; [CPU_ALU] |1864| 
         0000005e 7407 
     636                      .dwpsn  file "/home/jose/ti/c2000/C2000Ware_26_01_00_00/driverlib/f2837xd/driverlib/adc.h",line 1669,
     637 0000005f F5A9          MOV       AL,*(0:0x7407)        ; [CPU_ALU] |1669| 
         00000060 7407 
     638 00000061 5020          ORB       AL,#0x20              ; [CPU_ALU] |1669| 
     639 00000062 F4A9          MOV       *(0:0x7407),AL        ; [CPU_ALU] |1669| 
         00000063 7407 
     640                      .dwpsn  file "/home/jose/ti/c2000/C2000Ware_26_01_00_00/driverlib/f2837xd/driverlib/adc.h",line 1671,
     641 00000064 761A          EDIS      ; [CPU_ALU] |1671| 
     642              $C$DW$62        .dwtag  DW_TAG_TI_branch
     643                      .dwattr $C$DW$62, DW_AT_low_pc(0x00)
     644                      .dwattr $C$DW$62, DW_AT_TI_return
     645              
     646 00000065 0006          LRETR     ; [CPU_ALU] 
     647                      ; return occurs ; [] 
     648                      .dwattr $C$DW$59, DW_AT_TI_end_file("syscfg/board.c")
     649                      .dwattr $C$DW$59, DW_AT_TI_end_line(0xf0)
     650                      .dwattr $C$DW$59, DW_AT_TI_end_column(0x01)
     651                      .dwendentry
     652                      .dwendtag $C$DW$59
     653              
     654 00000000               .sect   ".text:UART_DEBUG_init"
     655                      .clink
     656                      .global ||UART_DEBUG_init||
     657              
     658              $C$DW$63        .dwtag  DW_TAG_subprogram
     659                      .dwattr $C$DW$63, DW_AT_name("UART_DEBUG_init")
     660                      .dwattr $C$DW$63, DW_AT_low_pc(||UART_DEBUG_init||)
     661                      .dwattr $C$DW$63, DW_AT_high_pc(0x00)
     662                      .dwattr $C$DW$63, DW_AT_linkage_name("UART_DEBUG_init")
     663                      .dwattr $C$DW$63, DW_AT_external
     664                      .dwattr $C$DW$63, DW_AT_decl_file("syscfg/board.c")
     665                      .dwattr $C$DW$63, DW_AT_decl_line(0x24e)
     666                      .dwattr $C$DW$63, DW_AT_decl_column(0x06)
     667                      .dwattr $C$DW$63, DW_AT_TI_max_frame_size(-8)
     668                      .dwpsn  file "syscfg/board.c",line 590,column 23,is_stmt,address ||UART_DEBUG_init||,isa 0
     669              
     670                      .dwfde $C$DW$CIE, ||UART_DEBUG_init||
     671              
     672              ;***************************************************************
     673              ;* FNAME: UART_DEBUG_init               FR SIZE:   6           *
     674              ;*                                                             *
     675              ;* FUNCTION ENVIRONMENT                                        *
     676              ;*                                                             *
     677              ;* FUNCTION PROPERTIES                                         *
     678              ;*                            6 Parameter,  0 Auto,  0 SOE     *
     679              ;***************************************************************
TMS320C2000 Assembler Unix v25.11.0 Sat May 30 20:15:25 2026

Copyright (c) 1996-2018 Texas Instruments Incorporated
board.asm                                                            PAGE   15

     680              
     681 00000000       ||UART_DEBUG_init||:
     682                      .dwcfi  cfa_offset, -2
     683                      .dwcfi  save_reg_to_mem, 26, 0
     684 00000000 FE06          ADDB      SP,#6                 ; [CPU_ARAU] 
     685                      .dwcfi  cfa_offset, -8
     686                      .dwpsn  file "syscfg/board.c",line 591,column 2,is_stmt,isa 0
     687 00000001 02FF          MOVB      ACC,#255              ; [CPU_ALU] |591| 
     688 00000002 1E42          MOVL      *-SP[2],ACC           ; [CPU_ALU] |591| 
     689 00000003 FF20          MOV       ACC,#29184            ; [CPU_ALU] |591| 
         00000004 7200 
     690              $C$DW$64        .dwtag  DW_TAG_TI_branch
     691                      .dwattr $C$DW$64, DW_AT_low_pc(0x00)
     692                      .dwattr $C$DW$64, DW_AT_name("SCI_clearInterruptStatus")
     693                      .dwattr $C$DW$64, DW_AT_TI_call
     694              
     695 00000005 7640!         LCR       #||SCI_clearInterruptStatus|| ; [CPU_ALU] |591| 
         00000006 0000 
     696                      ; call occurs [#||SCI_clearInterruptStatus||] ; [] |591| 
     697                      .dwpsn  file "/home/jose/ti/c2000/C2000Ware_26_01_00_00/driverlib/f2837xd/driverlib/sci.h",line 1417,
     698 00000007 F5A9          MOV       AL,*(0:0x720b)        ; [CPU_ALU] |1417| 
         00000008 720B 
     699 00000009 1AA9          OR        AL,#0x4000            ; [CPU_ALU] |1417| 
         0000000a 4000 
     700 0000000b F4A9          MOV       *(0:0x720b),AL        ; [CPU_ALU] |1417| 
         0000000c 720B 
     701                      .dwpsn  file "/home/jose/ti/c2000/C2000Ware_26_01_00_00/driverlib/f2837xd/driverlib/sci.h",line 844,c
     702 0000000d F5A9          MOV       AL,*(0:0x720a)        ; [CPU_ALU] |844| 
         0000000e 720A 
     703 0000000f 18A9          AND       AL,#0xdfff            ; [CPU_ALU] |844| 
         00000010 DFFF 
     704 00000011 F4A9          MOV       *(0:0x720a),AL        ; [CPU_ALU] |844| 
         00000012 720A 
     705                      .dwpsn  file "/home/jose/ti/c2000/C2000Ware_26_01_00_00/driverlib/f2837xd/driverlib/sci.h",line 845,c
     706 00000013 F5A9          MOV       AL,*(0:0x720a)        ; [CPU_ALU] |845| 
         00000014 720A 
     707 00000015 1AA9          OR        AL,#0x2000            ; [CPU_ALU] |845| 
         00000016 2000 
     708 00000017 F4A9          MOV       *(0:0x720a),AL        ; [CPU_ALU] |845| 
         00000018 720A 
     709                      .dwpsn  file "/home/jose/ti/c2000/C2000Ware_26_01_00_00/driverlib/f2837xd/driverlib/sci.h",line 818,c
     710 00000019 F5A9          MOV       AL,*(0:0x720b)        ; [CPU_ALU] |818| 
         0000001a 720B 
     711 0000001b 18A9          AND       AL,#0xdfff            ; [CPU_ALU] |818| 
         0000001c DFFF 
     712 0000001d F4A9          MOV       *(0:0x720b),AL        ; [CPU_ALU] |818| 
         0000001e 720B 
     713                      .dwpsn  file "/home/jose/ti/c2000/C2000Ware_26_01_00_00/driverlib/f2837xd/driverlib/sci.h",line 819,c
     714 0000001f F5A9          MOV       AL,*(0:0x720b)        ; [CPU_ALU] |819| 
         00000020 720B 
     715 00000021 1AA9          OR        AL,#0x2000            ; [CPU_ALU] |819| 
         00000022 2000 
     716 00000023 F4A9          MOV       *(0:0x720b),AL        ; [CPU_ALU] |819| 
         00000024 720B 
     717                      .dwpsn  file "/home/jose/ti/c2000/C2000Ware_26_01_00_00/driverlib/f2837xd/driverlib/sci.h",line 870,c
TMS320C2000 Assembler Unix v25.11.0 Sat May 30 20:15:25 2026

Copyright (c) 1996-2018 Texas Instruments Incorporated
board.asm                                                            PAGE   16

     718 00000025 F5A6          MOV       AR6,*(0:0x720a)       ; [CPU_ALU] |870| 
         00000026 720A 
     719 00000027 18A6          AND       AR6,#0x7fff           ; [CPU_ALU] |870| 
         00000028 7FFF 
     720                      .dwpsn  file "syscfg/board.c",line 596,column 2,is_stmt,isa 0
     721 00000029 28A8          MOV       AH,#762               ; [CPU_ALU] |596| 
         0000002a 02FA 
     722 0000002b 28A9          MOV       AL,#61568             ; [CPU_ALU] |596| 
         0000002c F080 
     723                      .dwpsn  file "/home/jose/ti/c2000/C2000Ware_26_01_00_00/driverlib/f2837xd/driverlib/sci.h",line 870,c
     724 0000002d F4A6          MOV       *(0:0x720a),AR6       ; [CPU_ALU] |870| 
         0000002e 720A 
     725                      .dwpsn  file "/home/jose/ti/c2000/C2000Ware_26_01_00_00/driverlib/f2837xd/driverlib/sci.h",line 871,c
     726 0000002f F5A7          MOV       AR7,*(0:0x720a)       ; [CPU_ALU] |871| 
         00000030 720A 
     727                      .dwpsn  file "syscfg/board.c",line 596,column 2,is_stmt,isa 0
     728 00000031 BE07          MOVB      XAR6,#7               ; [CPU_ALU] |596| 
     729 00000032 8F01          MOVL      XAR4,#115200          ; [CPU_ARAU] |596| 
         00000033 C200 
     730 00000034 1E42          MOVL      *-SP[2],ACC           ; [CPU_ALU] |596| 
     731                      .dwpsn  file "/home/jose/ti/c2000/C2000Ware_26_01_00_00/driverlib/f2837xd/driverlib/sci.h",line 871,c
     732 00000035 1AA7          OR        AR7,#0x8000           ; [CPU_ALU] |871| 
         00000036 8000 
     733                      .dwpsn  file "syscfg/board.c",line 596,column 2,is_stmt,isa 0
     734 00000037 A844          MOVL      *-SP[4],XAR4          ; [CPU_ALU] |596| 
     735 00000038 FF20          MOV       ACC,#29184            ; [CPU_ALU] |596| 
         00000039 7200 
     736 0000003a C246          MOVL      *-SP[6],XAR6          ; [CPU_ALU] |596| 
     737                      .dwpsn  file "/home/jose/ti/c2000/C2000Ware_26_01_00_00/driverlib/f2837xd/driverlib/sci.h",line 871,c
     738 0000003b F4A7          MOV       *(0:0x720a),AR7       ; [CPU_ALU] |871| 
         0000003c 720A 
     739                      .dwpsn  file "syscfg/board.c",line 596,column 2,is_stmt,isa 0
     740              $C$DW$65        .dwtag  DW_TAG_TI_branch
     741                      .dwattr $C$DW$65, DW_AT_low_pc(0x00)
     742                      .dwattr $C$DW$65, DW_AT_name("SCI_setConfig")
     743                      .dwattr $C$DW$65, DW_AT_TI_call
     744              
     745 0000003d 7640!         LCR       #||SCI_setConfig||    ; [CPU_ALU] |596| 
         0000003e 0000 
     746                      ; call occurs [#||SCI_setConfig||] ; [] |596| 
     747                      .dwpsn  file "/home/jose/ti/c2000/C2000Ware_26_01_00_00/driverlib/f2837xd/driverlib/sci.h",line 1366,
     748 0000003f F5A9          MOV       AL,*(0:0x7200)        ; [CPU_ALU] |1366| 
         00000040 7200 
     749                      .dwpsn  file "syscfg/board.c",line 599,column 2,is_stmt,isa 0
     750 00000041 BE10          MOVB      XAR6,#16              ; [CPU_ALU] |599| 
     751                      .dwpsn  file "/home/jose/ti/c2000/C2000Ware_26_01_00_00/driverlib/f2837xd/driverlib/sci.h",line 1366,
     752 00000042 18A9          AND       AL,#0xffef            ; [CPU_ALU] |1366| 
         00000043 FFEF 
     753 00000044 F4A9          MOV       *(0:0x7200),AL        ; [CPU_ALU] |1366| 
         00000045 7200 
     754                      .dwpsn  file "/home/jose/ti/c2000/C2000Ware_26_01_00_00/driverlib/f2837xd/driverlib/sci.h",line 1313,
     755 00000046 F5A9          MOV       AL,*(0:0x7201)        ; [CPU_ALU] |1313| 
         00000047 7201 
     756                      .dwpsn  file "syscfg/board.c",line 599,column 2,is_stmt,isa 0
     757 00000048 C242          MOVL      *-SP[2],XAR6          ; [CPU_ALU] |599| 
TMS320C2000 Assembler Unix v25.11.0 Sat May 30 20:15:25 2026

Copyright (c) 1996-2018 Texas Instruments Incorporated
board.asm                                                            PAGE   17

     758                      .dwpsn  file "/home/jose/ti/c2000/C2000Ware_26_01_00_00/driverlib/f2837xd/driverlib/sci.h",line 1313,
     759 00000049 18A9          AND       AL,#0xffdf            ; [CPU_ALU] |1313| 
         0000004a FFDF 
     760 0000004b F4A9          MOV       *(0:0x7201),AL        ; [CPU_ALU] |1313| 
         0000004c 7201 
     761                      .dwpsn  file "/home/jose/ti/c2000/C2000Ware_26_01_00_00/driverlib/f2837xd/driverlib/sci.h",line 1314,
     762 0000004d F5A9          MOV       AL,*(0:0x7201)        ; [CPU_ALU] |1314| 
         0000004e 7201 
     763 0000004f 5020          ORB       AL,#0x20              ; [CPU_ALU] |1314| 
     764 00000050 F4A9          MOV       *(0:0x7201),AL        ; [CPU_ALU] |1314| 
         00000051 7201 
     765                      .dwpsn  file "syscfg/board.c",line 599,column 2,is_stmt,isa 0
     766 00000052 FF20          MOV       ACC,#29184            ; [CPU_ALU] |599| 
         00000053 7200 
     767              $C$DW$66        .dwtag  DW_TAG_TI_branch
     768                      .dwattr $C$DW$66, DW_AT_low_pc(0x00)
     769                      .dwattr $C$DW$66, DW_AT_name("SCI_enableInterrupt")
     770                      .dwattr $C$DW$66, DW_AT_TI_call
     771              
     772 00000054 7640!         LCR       #||SCI_enableInterrupt|| ; [CPU_ALU] |599| 
         00000055 0000 
     773                      ; call occurs [#||SCI_enableInterrupt||] ; [] |599| 
     774                      .dwpsn  file "/home/jose/ti/c2000/C2000Ware_26_01_00_00/driverlib/f2837xd/driverlib/sci.h",line 412,c
     775 00000056 F5A9          MOV       AL,*(0:0x720a)        ; [CPU_ALU] |412| 
         00000057 720A 
     776 00000058 18A9          AND       AL,#0xffe0            ; [CPU_ALU] |412| 
         00000059 FFE0 
     777 0000005a F4A9          MOV       *(0:0x720a),AL        ; [CPU_ALU] |412| 
         0000005b 720A 
     778                      .dwpsn  file "/home/jose/ti/c2000/C2000Ware_26_01_00_00/driverlib/f2837xd/driverlib/sci.h",line 414,c
     779 0000005c F5A9          MOV       AL,*(0:0x720b)        ; [CPU_ALU] |414| 
         0000005d 720B 
     780 0000005e CCA9          AND       AL,AL,#0xffe0         ; [CPU_ALU] |414| 
         0000005f FFE0 
     781 00000060 5004          ORB       AL,#0x04              ; [CPU_ALU] |414| 
     782 00000061 F4A9          MOV       *(0:0x720b),AL        ; [CPU_ALU] |414| 
         00000062 720B 
     783                      .dwpsn  file "/home/jose/ti/c2000/C2000Ware_26_01_00_00/driverlib/f2837xd/driverlib/sci.h",line 738,c
     784 00000063 F5A9          MOV       AL,*(0:0x720a)        ; [CPU_ALU] |738| 
         00000064 720A 
     785 00000065 1AA9          OR        AL,#0x8000            ; [CPU_ALU] |738| 
         00000066 8000 
     786 00000067 F4A9          MOV       *(0:0x720a),AL        ; [CPU_ALU] |738| 
         00000068 720A 
     787                      .dwpsn  file "/home/jose/ti/c2000/C2000Ware_26_01_00_00/driverlib/f2837xd/driverlib/sci.h",line 739,c
     788 00000069 F5A9          MOV       AL,*(0:0x720a)        ; [CPU_ALU] |739| 
         0000006a 720A 
     789 0000006b 1AA9          OR        AL,#0x6000            ; [CPU_ALU] |739| 
         0000006c 6000 
     790 0000006d F4A9          MOV       *(0:0x720a),AL        ; [CPU_ALU] |739| 
         0000006e 720A 
     791                      .dwpsn  file "/home/jose/ti/c2000/C2000Ware_26_01_00_00/driverlib/f2837xd/driverlib/sci.h",line 740,c
     792 0000006f F5A9          MOV       AL,*(0:0x720b)        ; [CPU_ALU] |740| 
         00000070 720B 
     793 00000071 1AA9          OR        AL,#0x2000            ; [CPU_ALU] |740| 
TMS320C2000 Assembler Unix v25.11.0 Sat May 30 20:15:25 2026

Copyright (c) 1996-2018 Texas Instruments Incorporated
board.asm                                                            PAGE   18

         00000072 2000 
     794 00000073 F4A9          MOV       *(0:0x720b),AL        ; [CPU_ALU] |740| 
         00000074 720B 
     795                      .dwpsn  file "/home/jose/ti/c2000/C2000Ware_26_01_00_00/driverlib/f2837xd/driverlib/sci.h",line 527,c
     796 00000075 F5A9          MOV       AL,*(0:0x7201)        ; [CPU_ALU] |527| 
         00000076 7201 
     797 00000077 5023          ORB       AL,#0x23              ; [CPU_ALU] |527| 
     798 00000078 F4A9          MOV       *(0:0x7201),AL        ; [CPU_ALU] |527| 
         00000079 7201 
     799 0000007a FE86          SUBB      SP,#6                 ; [CPU_ARAU] 
     800                      .dwcfi  cfa_offset, -2
     801              $C$DW$67        .dwtag  DW_TAG_TI_branch
     802                      .dwattr $C$DW$67, DW_AT_low_pc(0x00)
     803                      .dwattr $C$DW$67, DW_AT_TI_return
     804              
     805 0000007b 0006          LRETR     ; [CPU_ALU] 
     806                      ; return occurs ; [] 
     807                      .dwattr $C$DW$63, DW_AT_TI_end_file("syscfg/board.c")
     808                      .dwattr $C$DW$63, DW_AT_TI_end_line(0x25b)
     809                      .dwattr $C$DW$63, DW_AT_TI_end_column(0x01)
     810                      .dwendentry
     811                      .dwendtag $C$DW$63
     812              
     813 00000000               .sect   ".text:SYNC_init"
     814                      .clink
     815                      .global ||SYNC_init||
     816              
     817              $C$DW$68        .dwtag  DW_TAG_subprogram
     818                      .dwattr $C$DW$68, DW_AT_name("SYNC_init")
     819                      .dwattr $C$DW$68, DW_AT_low_pc(||SYNC_init||)
     820                      .dwattr $C$DW$68, DW_AT_high_pc(0x00)
     821                      .dwattr $C$DW$68, DW_AT_linkage_name("SYNC_init")
     822                      .dwattr $C$DW$68, DW_AT_external
     823                      .dwattr $C$DW$68, DW_AT_decl_file("syscfg/board.c")
     824                      .dwattr $C$DW$68, DW_AT_decl_line(0x277)
     825                      .dwattr $C$DW$68, DW_AT_decl_column(0x06)
     826                      .dwattr $C$DW$68, DW_AT_TI_max_frame_size(-2)
     827                      .dwpsn  file "syscfg/board.c",line 631,column 17,is_stmt,address ||SYNC_init||,isa 0
     828              
     829                      .dwfde $C$DW$CIE, ||SYNC_init||
     830              
     831              ;***************************************************************
     832              ;* FNAME: SYNC_init                     FR SIZE:   0           *
     833              ;*                                                             *
     834              ;* FUNCTION ENVIRONMENT                                        *
     835              ;*                                                             *
     836              ;* FUNCTION PROPERTIES                                         *
     837              ;*                            0 Parameter,  0 Auto,  0 SOE     *
     838              ;***************************************************************
     839              
     840 00000000       ||SYNC_init||:
     841                      .dwcfi  cfa_offset, -2
     842                      .dwcfi  save_reg_to_mem, 26, 0
     843                      .dwpsn  file "/home/jose/ti/c2000/C2000Ware_26_01_00_00/driverlib/f2837xd/driverlib/sysctl.h",line 27
     844 00000000 7622          EALLOW    ; [CPU_ALU] |2781| 
TMS320C2000 Assembler Unix v25.11.0 Sat May 30 20:15:25 2026

Copyright (c) 1996-2018 Texas Instruments Incorporated
board.asm                                                            PAGE   19

     845                      .dwpsn  file "/home/jose/ti/c2000/C2000Ware_26_01_00_00/driverlib/f2837xd/driverlib/sysctl.h",line 27
     846 00000001 BFA9          MOV32     ACC,*(0:0x7940)       ; [CPU_FPU] |2782| 
         00000002 7940 
     847 00000003 18A8          AND       AH,#59391             ; [CPU_ALU] |2782| 
         00000004 E7FF 
     848 00000005 BDA9          MOV32     *(0:0x7940),ACC       ; [CPU_FPU] |2782| 
         00000006 7940 
     849                      .dwpsn  file "/home/jose/ti/c2000/C2000Ware_26_01_00_00/driverlib/f2837xd/driverlib/sysctl.h",line 27
     850 00000007 BFA9          MOV32     ACC,*(0:0x7940)       ; [CPU_FPU] |2756| 
         00000008 7940 
     851 00000009 18A9          AND       AL,#65528             ; [CPU_ALU] |2756| 
         0000000a FFF8 
     852 0000000b BDA9          MOV32     *(0:0x7940),ACC       ; [CPU_FPU] |2756| 
         0000000c 7940 
     853 0000000d BFA9          MOV32     ACC,*(0:0x7940)       ; [CPU_FPU] |2756| 
         0000000e 7940 
     854 0000000f 18A9          AND       AL,#65479             ; [CPU_ALU] |2756| 
         00000010 FFC7 
     855 00000011 BDA9          MOV32     *(0:0x7940),ACC       ; [CPU_FPU] |2756| 
         00000012 7940 
     856 00000013 BFA9          MOV32     ACC,*(0:0x7940)       ; [CPU_FPU] |2756| 
         00000014 7940 
     857 00000015 18A9          AND       AL,#65087             ; [CPU_ALU] |2756| 
         00000016 FE3F 
     858 00000017 BDA9          MOV32     *(0:0x7940),ACC       ; [CPU_FPU] |2756| 
         00000018 7940 
     859 00000019 BFA9          MOV32     ACC,*(0:0x7940)       ; [CPU_FPU] |2756| 
         0000001a 7940 
     860 0000001b 18A9          AND       AL,#61951             ; [CPU_ALU] |2756| 
         0000001c F1FF 
     861 0000001d BDA9          MOV32     *(0:0x7940),ACC       ; [CPU_FPU] |2756| 
         0000001e 7940 
     862 0000001f BFA9          MOV32     ACC,*(0:0x7940)       ; [CPU_FPU] |2756| 
         00000020 7940 
     863 00000021 18A9          AND       AL,#36863             ; [CPU_ALU] |2756| 
         00000022 8FFF 
     864 00000023 BDA9          MOV32     *(0:0x7940),ACC       ; [CPU_FPU] |2756| 
         00000024 7940 
     865                      .dwpsn  file "/home/jose/ti/c2000/C2000Ware_26_01_00_00/driverlib/f2837xd/driverlib/sysctl.h",line 28
     866 00000025 BFA9          MOV32     ACC,*(0:0x7942)       ; [CPU_FPU] |2810| 
         00000026 7942 
     867 00000027 BDA9          MOV32     *(0:0x7942),ACC       ; [CPU_FPU] |2810| 
         00000028 7942 
     868 00000029 BFA9          MOV32     ACC,*(0:0x7942)       ; [CPU_FPU] |2810| 
         0000002a 7942 
     869 0000002b BDA9          MOV32     *(0:0x7942),ACC       ; [CPU_FPU] |2810| 
         0000002c 7942 
     870                      .dwpsn  file "/home/jose/ti/c2000/C2000Ware_26_01_00_00/driverlib/f2837xd/driverlib/sysctl.h",line 28
     871 0000002d 761A          EDIS      ; [CPU_ALU] |2811| 
     872              $C$DW$69        .dwtag  DW_TAG_TI_branch
     873                      .dwattr $C$DW$69, DW_AT_low_pc(0x00)
     874                      .dwattr $C$DW$69, DW_AT_TI_return
     875              
     876 0000002e 0006          LRETR     ; [CPU_ALU] 
     877                      ; return occurs ; [] 
TMS320C2000 Assembler Unix v25.11.0 Sat May 30 20:15:25 2026

Copyright (c) 1996-2018 Texas Instruments Incorporated
board.asm                                                            PAGE   20

     878                      .dwattr $C$DW$68, DW_AT_TI_end_file("syscfg/board.c")
     879                      .dwattr $C$DW$68, DW_AT_TI_end_line(0x289)
     880                      .dwattr $C$DW$68, DW_AT_TI_end_column(0x01)
     881                      .dwendentry
     882                      .dwendtag $C$DW$68
     883              
     884 00000000               .sect   ".text:DRV8305_SPI_init"
     885                      .clink
     886                      .global ||DRV8305_SPI_init||
     887              
     888              $C$DW$70        .dwtag  DW_TAG_subprogram
     889                      .dwattr $C$DW$70, DW_AT_name("DRV8305_SPI_init")
     890                      .dwattr $C$DW$70, DW_AT_low_pc(||DRV8305_SPI_init||)
     891                      .dwattr $C$DW$70, DW_AT_high_pc(0x00)
     892                      .dwattr $C$DW$70, DW_AT_linkage_name("DRV8305_SPI_init")
     893                      .dwattr $C$DW$70, DW_AT_external
     894                      .dwattr $C$DW$70, DW_AT_decl_file("syscfg/board.c")
     895                      .dwattr $C$DW$70, DW_AT_decl_line(0x266)
     896                      .dwattr $C$DW$70, DW_AT_decl_column(0x06)
     897                      .dwattr $C$DW$70, DW_AT_TI_max_frame_size(-8)
     898                      .dwpsn  file "syscfg/board.c",line 614,column 24,is_stmt,address ||DRV8305_SPI_init||,isa 0
     899              
     900                      .dwfde $C$DW$CIE, ||DRV8305_SPI_init||
     901              
     902              ;***************************************************************
     903              ;* FNAME: DRV8305_SPI_init              FR SIZE:   6           *
     904              ;*                                                             *
     905              ;* FUNCTION ENVIRONMENT                                        *
     906              ;*                                                             *
     907              ;* FUNCTION PROPERTIES                                         *
     908              ;*                            5 Parameter,  0 Auto,  0 SOE     *
     909              ;***************************************************************
     910              
     911 00000000       ||DRV8305_SPI_init||:
     912                      .dwcfi  cfa_offset, -2
     913                      .dwcfi  save_reg_to_mem, 26, 0
     914 00000000 FE06          ADDB      SP,#6                 ; [CPU_ARAU] 
     915                      .dwcfi  cfa_offset, -8
     916                      .dwpsn  file "syscfg/board.c",line 616,column 2,is_stmt,isa 0
     917 00000001 28A9          MOV       AL,#61568             ; [CPU_ALU] |616| 
         00000002 F080 
     918                      .dwpsn  file "/home/jose/ti/c2000/C2000Ware_26_01_00_00/driverlib/f2837xd/driverlib/spi.h",line 486,c
     919 00000003 F5A7          MOV       AR7,*(0:0x6100)       ; [CPU_ALU] |486| 
         00000004 6100 
     920                      .dwpsn  file "syscfg/board.c",line 616,column 2,is_stmt,isa 0
     921 00000005 28A8          MOV       AH,#762               ; [CPU_ALU] |616| 
         00000006 02FA 
     922 00000007 8F0F          MOVL      XAR4,#1000000         ; [CPU_ARAU] |616| 
         00000008 4240 
     923 00000009 1E42          MOVL      *-SP[2],ACC           ; [CPU_ALU] |616| 
     924                      .dwpsn  file "/home/jose/ti/c2000/C2000Ware_26_01_00_00/driverlib/f2837xd/driverlib/spi.h",line 486,c
     925 0000000a 18A7          AND       AR7,#0xff7f           ; [CPU_ALU] |486| 
         0000000b FF7F 
     926                      .dwpsn  file "syscfg/board.c",line 616,column 2,is_stmt,isa 0
     927 0000000c D506          MOVB      XAR5,#6               ; [CPU_ALU] |616| 
TMS320C2000 Assembler Unix v25.11.0 Sat May 30 20:15:25 2026

Copyright (c) 1996-2018 Texas Instruments Incorporated
board.asm                                                            PAGE   21

     928 0000000d A844          MOVL      *-SP[4],XAR4          ; [CPU_ALU] |616| 
     929 0000000e FF20          MOV       ACC,#24832            ; [CPU_ALU] |616| 
         0000000f 6100 
     930                      .dwpsn  file "/home/jose/ti/c2000/C2000Ware_26_01_00_00/driverlib/f2837xd/driverlib/spi.h",line 486,c
     931 00000010 F4A7          MOV       *(0:0x6100),AR7       ; [CPU_ALU] |486| 
         00000011 6100 
     932                      .dwpsn  file "syscfg/board.c",line 616,column 2,is_stmt,isa 0
     933 00000012 D400          MOVB      XAR4,#0               ; [CPU_ALU] |616| 
     934 00000013 56BF          MOVB      *-SP[5],#16,UNC       ; [CPU_ALU] |616| 
         00000014 1045 
     935              $C$DW$71        .dwtag  DW_TAG_TI_branch
     936                      .dwattr $C$DW$71, DW_AT_low_pc(0x00)
     937                      .dwattr $C$DW$71, DW_AT_name("SPI_setConfig")
     938                      .dwattr $C$DW$71, DW_AT_TI_call
     939              
     940 00000015 7640!         LCR       #||SPI_setConfig||    ; [CPU_ALU] |616| 
         00000016 0000 
     941                      ; call occurs [#||SPI_setConfig||] ; [] |616| 
     942                      .dwpsn  file "/home/jose/ti/c2000/C2000Ware_26_01_00_00/driverlib/f2837xd/driverlib/spi.h",line 1148,
     943 00000017 F5A9          MOV       AL,*(0:0x610f)        ; [CPU_ALU] |1148| 
         00000018 610F 
     944 00000019 18A9          AND       AL,#0xfffd            ; [CPU_ALU] |1148| 
         0000001a FFFD 
     945 0000001b F4A9          MOV       *(0:0x610f),AL        ; [CPU_ALU] |1148| 
         0000001c 610F 
     946                      .dwpsn  file "/home/jose/ti/c2000/C2000Ware_26_01_00_00/driverlib/f2837xd/driverlib/spi.h",line 548,c
     947 0000001d F5A9          MOV       AL,*(0:0x610a)        ; [CPU_ALU] |548| 
         0000001e 610A 
     948 0000001f 1AA9          OR        AL,#0x6000            ; [CPU_ALU] |548| 
         00000020 6000 
     949 00000021 F4A9          MOV       *(0:0x610a),AL        ; [CPU_ALU] |548| 
         00000022 610A 
     950                      .dwpsn  file "/home/jose/ti/c2000/C2000Ware_26_01_00_00/driverlib/f2837xd/driverlib/spi.h",line 549,c
     951 00000023 F5A9          MOV       AL,*(0:0x610b)        ; [CPU_ALU] |549| 
         00000024 610B 
     952 00000025 1AA9          OR        AL,#0x2000            ; [CPU_ALU] |549| 
         00000026 2000 
     953 00000027 F4A9          MOV       *(0:0x610b),AL        ; [CPU_ALU] |549| 
         00000028 610B 
     954                      .dwpsn  file "/home/jose/ti/c2000/C2000Ware_26_01_00_00/driverlib/f2837xd/driverlib/spi.h",line 662,c
     955 00000029 F5A9          MOV       AL,*(0:0x610a)        ; [CPU_ALU] |662| 
         0000002a 610A 
     956 0000002b 18A9          AND       AL,#0xffe0            ; [CPU_ALU] |662| 
         0000002c FFE0 
     957 0000002d F4A9          MOV       *(0:0x610a),AL        ; [CPU_ALU] |662| 
         0000002e 610A 
     958                      .dwpsn  file "/home/jose/ti/c2000/C2000Ware_26_01_00_00/driverlib/f2837xd/driverlib/spi.h",line 664,c
     959 0000002f F5A9          MOV       AL,*(0:0x610b)        ; [CPU_ALU] |664| 
         00000030 610B 
     960 00000031 18A9          AND       AL,#0xffe0            ; [CPU_ALU] |664| 
         00000032 FFE0 
     961 00000033 F4A9          MOV       *(0:0x610b),AL        ; [CPU_ALU] |664| 
         00000034 610B 
     962                      .dwpsn  file "/home/jose/ti/c2000/C2000Ware_26_01_00_00/driverlib/f2837xd/driverlib/spi.h",line 1116,
     963 00000035 F5A9          MOV       AL,*(0:0x6100)        ; [CPU_ALU] |1116| 
TMS320C2000 Assembler Unix v25.11.0 Sat May 30 20:15:25 2026

Copyright (c) 1996-2018 Texas Instruments Incorporated
board.asm                                                            PAGE   22

         00000036 6100 
     964 00000037 18A9          AND       AL,#0xffef            ; [CPU_ALU] |1116| 
         00000038 FFEF 
     965 00000039 F4A9          MOV       *(0:0x6100),AL        ; [CPU_ALU] |1116| 
         0000003a 6100 
     966                      .dwpsn  file "/home/jose/ti/c2000/C2000Ware_26_01_00_00/driverlib/f2837xd/driverlib/spi.h",line 1236,
     967 0000003b F5A9          MOV       AL,*(0:0x610f)        ; [CPU_ALU] |1236| 
         0000003c 610F 
     968 0000003d 18A9          AND       AL,#0xffcf            ; [CPU_ALU] |1236| 
         0000003e FFCF 
     969 0000003f F4A9          MOV       *(0:0x610f),AL        ; [CPU_ALU] |1236| 
         00000040 610F 
     970                      .dwpsn  file "/home/jose/ti/c2000/C2000Ware_26_01_00_00/driverlib/f2837xd/driverlib/spi.h",line 463,c
     971 00000041 F5A9          MOV       AL,*(0:0x6100)        ; [CPU_ALU] |463| 
         00000042 6100 
     972 00000043 5080          ORB       AL,#0x80              ; [CPU_ALU] |463| 
     973 00000044 F4A9          MOV       *(0:0x6100),AL        ; [CPU_ALU] |463| 
         00000045 6100 
     974 00000046 FE86          SUBB      SP,#6                 ; [CPU_ARAU] 
     975                      .dwcfi  cfa_offset, -2
     976              $C$DW$72        .dwtag  DW_TAG_TI_branch
     977                      .dwattr $C$DW$72, DW_AT_low_pc(0x00)
     978                      .dwattr $C$DW$72, DW_AT_TI_return
     979              
     980 00000047 0006          LRETR     ; [CPU_ALU] 
     981                      ; return occurs ; [] 
     982                      .dwattr $C$DW$70, DW_AT_TI_end_file("syscfg/board.c")
     983                      .dwattr $C$DW$70, DW_AT_TI_end_line(0x270)
     984                      .dwattr $C$DW$70, DW_AT_TI_end_column(0x01)
     985                      .dwendentry
     986                      .dwendtag $C$DW$70
     987              
     988 00000000               .sect   ".text:QEP_SENSOR_init"
     989                      .clink
     990                      .global ||QEP_SENSOR_init||
     991              
     992              $C$DW$73        .dwtag  DW_TAG_subprogram
     993                      .dwattr $C$DW$73, DW_AT_name("QEP_SENSOR_init")
     994                      .dwattr $C$DW$73, DW_AT_low_pc(||QEP_SENSOR_init||)
     995                      .dwattr $C$DW$73, DW_AT_high_pc(0x00)
     996                      .dwattr $C$DW$73, DW_AT_linkage_name("QEP_SENSOR_init")
     997                      .dwattr $C$DW$73, DW_AT_external
     998                      .dwattr $C$DW$73, DW_AT_decl_file("syscfg/board.c")
     999                      .dwattr $C$DW$73, DW_AT_decl_line(0x1d2)
    1000                      .dwattr $C$DW$73, DW_AT_decl_column(0x06)
    1001                      .dwattr $C$DW$73, DW_AT_TI_max_frame_size(-4)
    1002                      .dwpsn  file "syscfg/board.c",line 466,column 23,is_stmt,address ||QEP_SENSOR_init||,isa 0
    1003              
    1004                      .dwfde $C$DW$CIE, ||QEP_SENSOR_init||
    1005              
    1006              ;***************************************************************
    1007              ;* FNAME: QEP_SENSOR_init               FR SIZE:   2           *
    1008              ;*                                                             *
    1009              ;* FUNCTION ENVIRONMENT                                        *
    1010              ;*                                                             *
TMS320C2000 Assembler Unix v25.11.0 Sat May 30 20:15:25 2026

Copyright (c) 1996-2018 Texas Instruments Incorporated
board.asm                                                            PAGE   23

    1011              ;* FUNCTION PROPERTIES                                         *
    1012              ;*                            2 Parameter,  0 Auto,  0 SOE     *
    1013              ;***************************************************************
    1014              
    1015 00000000       ||QEP_SENSOR_init||:
    1016                      .dwcfi  cfa_offset, -2
    1017                      .dwcfi  save_reg_to_mem, 26, 0
    1018 00000000 FE02          ADDB      SP,#2                 ; [CPU_ARAU] 
    1019                      .dwcfi  cfa_offset, -4
    1020                      .dwpsn  file "syscfg/board.c",line 470,column 2,is_stmt,isa 0
    1021 00000001 2B41          MOV       *-SP[1],#0            ; [CPU_ALU] |470| 
    1022 00000002 FF20          MOV       ACC,#20736            ; [CPU_ALU] |470| 
         00000003 5100 
    1023 00000004 D400          MOVB      XAR4,#0               ; [CPU_ALU] |470| 
    1024 00000005 D500          MOVB      XAR5,#0               ; [CPU_ALU] |470| 
    1025 00000006 2B42          MOV       *-SP[2],#0            ; [CPU_ALU] |470| 
    1026              $C$DW$74        .dwtag  DW_TAG_TI_branch
    1027                      .dwattr $C$DW$74, DW_AT_low_pc(0x00)
    1028                      .dwattr $C$DW$74, DW_AT_name("EQEP_setInputPolarity")
    1029                      .dwattr $C$DW$74, DW_AT_TI_call
    1030              
    1031 00000007 7640!         LCR       #||EQEP_setInputPolarity|| ; [CPU_ALU] |470| 
         00000008 0000 
    1032                      ; call occurs [#||EQEP_setInputPolarity||] ; [] |470| 
    1033                      .dwpsn  file "/home/jose/ti/c2000/C2000Ware_26_01_00_00/driverlib/f2837xd/driverlib/eqep.h",line 414,
    1034 00000009 F5A9          MOV       AL,*(0:0x5114)        ; [CPU_ALU] |414| 
         0000000a 5114 
    1035 0000000b 18A9          AND       AL,#0x31ff            ; [CPU_ALU] |414| 
         0000000c 31FF 
    1036                      .dwpsn  file "/home/jose/ti/c2000/C2000Ware_26_01_00_00/driverlib/f2837xd/driverlib/eqep.h",line 460,
    1037 0000000d 8F00          MOVL      XAR4,#15999           ; [CPU_ARAU] |460| 
         0000000e 3E7F 
    1038                      .dwpsn  file "/home/jose/ti/c2000/C2000Ware_26_01_00_00/driverlib/f2837xd/driverlib/eqep.h",line 516,
    1039 0000000f BE00          MOVB      XAR6,#0               ; [CPU_ALU] |516| 
    1040                      .dwpsn  file "/home/jose/ti/c2000/C2000Ware_26_01_00_00/driverlib/f2837xd/driverlib/eqep.h",line 414,
    1041 00000010 F4A9          MOV       *(0:0x5114),AL        ; [CPU_ALU] |414| 
         00000011 5114 
    1042                      .dwpsn  file "/home/jose/ti/c2000/C2000Ware_26_01_00_00/driverlib/f2837xd/driverlib/eqep.h",line 1612
    1043 00000012 F5A9          MOV       AL,*(0:0x5115)        ; [CPU_ALU] |1612| 
         00000013 5115 
    1044 00000014 18A9          AND       AL,#0x3fff            ; [CPU_ALU] |1612| 
         00000015 3FFF 
    1045 00000016 1AA9          OR        AL,#0x8000            ; [CPU_ALU] |1612| 
         00000017 8000 
    1046 00000018 F4A9          MOV       *(0:0x5115),AL        ; [CPU_ALU] |1612| 
         00000019 5115 
    1047                      .dwpsn  file "/home/jose/ti/c2000/C2000Ware_26_01_00_00/driverlib/f2837xd/driverlib/eqep.h",line 454,
    1048 0000001a F5A9          MOV       AL,*(0:0x5115)        ; [CPU_ALU] |454| 
         0000001b 5115 
    1049 0000001c 18A9          AND       AL,#0xdfff            ; [CPU_ALU] |454| 
         0000001d DFFF 
    1050 0000001e 1AA9          OR        AL,#0x1000            ; [CPU_ALU] |454| 
         0000001f 1000 
    1051 00000020 F4A9          MOV       *(0:0x5115),AL        ; [CPU_ALU] |454| 
         00000021 5115 
TMS320C2000 Assembler Unix v25.11.0 Sat May 30 20:15:25 2026

Copyright (c) 1996-2018 Texas Instruments Incorporated
board.asm                                                            PAGE   24

    1052                      .dwpsn  file "/home/jose/ti/c2000/C2000Ware_26_01_00_00/driverlib/f2837xd/driverlib/eqep.h",line 460,
    1053 00000022 BDA4          MOV32     *(0:0x5104),XAR4      ; [CPU_FPU] |460| 
         00000023 5104 
    1054                      .dwpsn  file "/home/jose/ti/c2000/C2000Ware_26_01_00_00/driverlib/f2837xd/driverlib/eqep.h",line 516,
    1055 00000024 BDA6          MOV32     *(0:0x5100),XAR6      ; [CPU_FPU] |516| 
         00000025 5100 
    1056                      .dwpsn  file "/home/jose/ti/c2000/C2000Ware_26_01_00_00/driverlib/f2837xd/driverlib/eqep.h",line 1168
    1057 00000026 F5A9          MOV       AL,*(0:0x5115)        ; [CPU_ALU] |1168| 
         00000027 5115 
    1058 00000028 18A9          AND       AL,#0xfffd            ; [CPU_ALU] |1168| 
         00000029 FFFD 
    1059 0000002a F4A9          MOV       *(0:0x5115),AL        ; [CPU_ALU] |1168| 
         0000002b 5115 
    1060                      .dwpsn  file "/home/jose/ti/c2000/C2000Ware_26_01_00_00/driverlib/f2837xd/driverlib/eqep.h",line 1230
    1061 0000002c F5A9          MOV       AL,*(0:0x5115)        ; [CPU_ALU] |1230| 
         0000002d 5115 
    1062 0000002e 18A9          AND       AL,#0xfffe            ; [CPU_ALU] |1230| 
         0000002f FFFE 
    1063 00000030 F4A9          MOV       *(0:0x5115),AL        ; [CPU_ALU] |1230| 
         00000031 5115 
    1064                      .dwpsn  file "/home/jose/ti/c2000/C2000Ware_26_01_00_00/driverlib/f2837xd/driverlib/eqep.h",line 1434
    1065 00000032 F5A9          MOV       AL,*(0:0x5115)        ; [CPU_ALU] |1434| 
         00000033 5115 
    1066 00000034 CCA9          AND       AL,AL,#0xff9b         ; [CPU_ALU] |1434| 
         00000035 FF9B 
    1067 00000036 5010          ORB       AL,#0x10              ; [CPU_ALU] |1434| 
    1068 00000037 F4A9          MOV       *(0:0x5115),AL        ; [CPU_ALU] |1434| 
         00000038 5115 
    1069                      .dwpsn  file "/home/jose/ti/c2000/C2000Ware_26_01_00_00/driverlib/f2837xd/driverlib/eqep.h",line 1319
    1070 00000039 F5A9          MOV       AL,*(0:0x5115)        ; [CPU_ALU] |1319| 
         0000003a 5115 
    1071 0000003b 18A9          AND       AL,#0xf0ff            ; [CPU_ALU] |1319| 
         0000003c F0FF 
    1072 0000003d F4A9          MOV       *(0:0x5115),AL        ; [CPU_ALU] |1319| 
         0000003e 5115 
    1073                      .dwpsn  file "/home/jose/ti/c2000/C2000Ware_26_01_00_00/driverlib/f2837xd/driverlib/eqep.h",line 1360
    1074 0000003f F5A9          MOV       AL,*(0:0x5115)        ; [CPU_ALU] |1360| 
         00000040 5115 
    1075 00000041 18A9          AND       AL,#0xff7f            ; [CPU_ALU] |1360| 
         00000042 FF7F 
    1076 00000043 F4A9          MOV       *(0:0x5115),AL        ; [CPU_ALU] |1360| 
         00000044 5115 
    1077                      .dwpsn  file "/home/jose/ti/c2000/C2000Ware_26_01_00_00/driverlib/f2837xd/driverlib/eqep.h",line 1390
    1078 00000045 BDA6          MOV32     *(0:0x5102),XAR6      ; [CPU_FPU] |1390| 
         00000046 5102 
    1079                      .dwpsn  file "/home/jose/ti/c2000/C2000Ware_26_01_00_00/driverlib/f2837xd/driverlib/eqep.h",line 347,
    1080 00000047 F5A9          MOV       AL,*(0:0x5115)        ; [CPU_ALU] |347| 
         00000048 5115 
    1081 00000049 5008          ORB       AL,#0x08              ; [CPU_ALU] |347| 
    1082 0000004a F4A9          MOV       *(0:0x5115),AL        ; [CPU_ALU] |347| 
         0000004b 5115 
    1083 0000004c FE82          SUBB      SP,#2                 ; [CPU_ARAU] 
    1084                      .dwcfi  cfa_offset, -2
    1085              $C$DW$75        .dwtag  DW_TAG_TI_branch
    1086                      .dwattr $C$DW$75, DW_AT_low_pc(0x00)
TMS320C2000 Assembler Unix v25.11.0 Sat May 30 20:15:25 2026

Copyright (c) 1996-2018 Texas Instruments Incorporated
board.asm                                                            PAGE   25

    1087                      .dwattr $C$DW$75, DW_AT_TI_return
    1088              
    1089 0000004d 0006          LRETR     ; [CPU_ALU] 
    1090                      ; return occurs ; [] 
    1091                      .dwattr $C$DW$73, DW_AT_TI_end_file("syscfg/board.c")
    1092                      .dwattr $C$DW$73, DW_AT_TI_end_line(0x203)
    1093                      .dwattr $C$DW$73, DW_AT_TI_end_column(0x01)
    1094                      .dwendentry
    1095                      .dwendtag $C$DW$73
    1096              
    1097 00000000               .sect   ".text:PinMux_init"
    1098                      .clink
    1099                      .global ||PinMux_init||
    1100              
    1101              $C$DW$76        .dwtag  DW_TAG_subprogram
    1102                      .dwattr $C$DW$76, DW_AT_name("PinMux_init")
    1103                      .dwattr $C$DW$76, DW_AT_low_pc(||PinMux_init||)
    1104                      .dwattr $C$DW$76, DW_AT_high_pc(0x00)
    1105                      .dwattr $C$DW$76, DW_AT_linkage_name("PinMux_init")
    1106                      .dwattr $C$DW$76, DW_AT_external
    1107                      .dwattr $C$DW$76, DW_AT_decl_file("syscfg/board.c")
    1108                      .dwattr $C$DW$76, DW_AT_decl_line(0x44)
    1109                      .dwattr $C$DW$76, DW_AT_decl_column(0x06)
    1110                      .dwattr $C$DW$76, DW_AT_TI_max_frame_size(-4)
    1111                      .dwpsn  file "syscfg/board.c",line 69,column 1,is_stmt,address ||PinMux_init||,isa 0
    1112              
    1113                      .dwfde $C$DW$CIE, ||PinMux_init||
    1114              
    1115              ;***************************************************************
    1116              ;* FNAME: PinMux_init                   FR SIZE:   2           *
    1117              ;*                                                             *
    1118              ;* FUNCTION ENVIRONMENT                                        *
    1119              ;*                                                             *
    1120              ;* FUNCTION PROPERTIES                                         *
    1121              ;*                            2 Parameter,  0 Auto,  0 SOE     *
    1122              ;***************************************************************
    1123              
    1124 00000000       ||PinMux_init||:
    1125                      .dwcfi  cfa_offset, -2
    1126                      .dwcfi  save_reg_to_mem, 26, 0
    1127 00000000 FE02          ADDB      SP,#2                 ; [CPU_ARAU] 
    1128                      .dwcfi  cfa_offset, -4
    1129                      .dwpsn  file "syscfg/board.c",line 77,column 2,is_stmt,isa 0
    1130 00000001 8F06          MOVL      XAR4,#393217          ; [CPU_ARAU] |77| 
         00000002 0001 
    1131 00000003 A8A9          MOVL      ACC,XAR4              ; [CPU_ALU] |77| 
    1132              $C$DW$77        .dwtag  DW_TAG_TI_branch
    1133                      .dwattr $C$DW$77, DW_AT_low_pc(0x00)
    1134                      .dwattr $C$DW$77, DW_AT_name("GPIO_setPinConfig")
    1135                      .dwattr $C$DW$77, DW_AT_TI_call
    1136              
    1137 00000004 7640!         LCR       #||GPIO_setPinConfig|| ; [CPU_ALU] |77| 
         00000005 0000 
    1138                      ; call occurs [#||GPIO_setPinConfig||] ; [] |77| 
    1139                      .dwpsn  file "syscfg/board.c",line 78,column 2,is_stmt,isa 0
TMS320C2000 Assembler Unix v25.11.0 Sat May 30 20:15:25 2026

Copyright (c) 1996-2018 Texas Instruments Incorporated
board.asm                                                            PAGE   26

    1140 00000006 0200          MOVB      ACC,#0                ; [CPU_ALU] |78| 
    1141 00000007 1E42          MOVL      *-SP[2],ACC           ; [CPU_ALU] |78| 
    1142              $C$DW$78        .dwtag  DW_TAG_TI_branch
    1143                      .dwattr $C$DW$78, DW_AT_low_pc(0x00)
    1144                      .dwattr $C$DW$78, DW_AT_name("GPIO_setPadConfig")
    1145                      .dwattr $C$DW$78, DW_AT_TI_call
    1146              
    1147 00000008 7640!         LCR       #||GPIO_setPadConfig|| ; [CPU_ALU] |78| 
         00000009 0000 
    1148                      ; call occurs [#||GPIO_setPadConfig||] ; [] |78| 
    1149                      .dwpsn  file "syscfg/board.c",line 79,column 2,is_stmt,isa 0
    1150 0000000a D400          MOVB      XAR4,#0               ; [CPU_ALU] |79| 
    1151 0000000b 0200          MOVB      ACC,#0                ; [CPU_ALU] |79| 
    1152              $C$DW$79        .dwtag  DW_TAG_TI_branch
    1153                      .dwattr $C$DW$79, DW_AT_low_pc(0x00)
    1154                      .dwattr $C$DW$79, DW_AT_name("GPIO_setQualificationMode")
    1155                      .dwattr $C$DW$79, DW_AT_TI_call
    1156              
    1157 0000000c 7640!         LCR       #||GPIO_setQualificationMode|| ; [CPU_ALU] |79| 
         0000000d 0000 
    1158                      ; call occurs [#||GPIO_setQualificationMode||] ; [] |79| 
    1159                      .dwpsn  file "syscfg/board.c",line 81,column 2,is_stmt,isa 0
    1160 0000000e 8F06          MOVL      XAR4,#393729          ; [CPU_ARAU] |81| 
         0000000f 0201 
    1161 00000010 A8A9          MOVL      ACC,XAR4              ; [CPU_ALU] |81| 
    1162              $C$DW$80        .dwtag  DW_TAG_TI_branch
    1163                      .dwattr $C$DW$80, DW_AT_low_pc(0x00)
    1164                      .dwattr $C$DW$80, DW_AT_name("GPIO_setPinConfig")
    1165                      .dwattr $C$DW$80, DW_AT_TI_call
    1166              
    1167 00000011 7640!         LCR       #||GPIO_setPinConfig|| ; [CPU_ALU] |81| 
         00000012 0000 
    1168                      ; call occurs [#||GPIO_setPinConfig||] ; [] |81| 
    1169                      .dwpsn  file "syscfg/board.c",line 82,column 2,is_stmt,isa 0
    1170 00000013 0200          MOVB      ACC,#0                ; [CPU_ALU] |82| 
    1171 00000014 1E42          MOVL      *-SP[2],ACC           ; [CPU_ALU] |82| 
    1172 00000015 0201          MOVB      ACC,#1                ; [CPU_ALU] |82| 
    1173              $C$DW$81        .dwtag  DW_TAG_TI_branch
    1174                      .dwattr $C$DW$81, DW_AT_low_pc(0x00)
    1175                      .dwattr $C$DW$81, DW_AT_name("GPIO_setPadConfig")
    1176                      .dwattr $C$DW$81, DW_AT_TI_call
    1177              
    1178 00000016 7640!         LCR       #||GPIO_setPadConfig|| ; [CPU_ALU] |82| 
         00000017 0000 
    1179                      ; call occurs [#||GPIO_setPadConfig||] ; [] |82| 
    1180                      .dwpsn  file "syscfg/board.c",line 83,column 2,is_stmt,isa 0
    1181 00000018 D400          MOVB      XAR4,#0               ; [CPU_ALU] |83| 
    1182 00000019 0201          MOVB      ACC,#1                ; [CPU_ALU] |83| 
    1183              $C$DW$82        .dwtag  DW_TAG_TI_branch
    1184                      .dwattr $C$DW$82, DW_AT_low_pc(0x00)
    1185                      .dwattr $C$DW$82, DW_AT_name("GPIO_setQualificationMode")
    1186                      .dwattr $C$DW$82, DW_AT_TI_call
    1187              
    1188 0000001a 7640!         LCR       #||GPIO_setQualificationMode|| ; [CPU_ALU] |83| 
         0000001b 0000 
TMS320C2000 Assembler Unix v25.11.0 Sat May 30 20:15:25 2026

Copyright (c) 1996-2018 Texas Instruments Incorporated
board.asm                                                            PAGE   27

    1189                      ; call occurs [#||GPIO_setQualificationMode||] ; [] |83| 
    1190                      .dwpsn  file "syscfg/board.c",line 88,column 2,is_stmt,isa 0
    1191 0000001c 8F06          MOVL      XAR4,#394241          ; [CPU_ARAU] |88| 
         0000001d 0401 
    1192 0000001e A8A9          MOVL      ACC,XAR4              ; [CPU_ALU] |88| 
    1193              $C$DW$83        .dwtag  DW_TAG_TI_branch
    1194                      .dwattr $C$DW$83, DW_AT_low_pc(0x00)
    1195                      .dwattr $C$DW$83, DW_AT_name("GPIO_setPinConfig")
    1196                      .dwattr $C$DW$83, DW_AT_TI_call
    1197              
    1198 0000001f 7640!         LCR       #||GPIO_setPinConfig|| ; [CPU_ALU] |88| 
         00000020 0000 
    1199                      ; call occurs [#||GPIO_setPinConfig||] ; [] |88| 
    1200                      .dwpsn  file "syscfg/board.c",line 89,column 2,is_stmt,isa 0
    1201 00000021 0200          MOVB      ACC,#0                ; [CPU_ALU] |89| 
    1202 00000022 1E42          MOVL      *-SP[2],ACC           ; [CPU_ALU] |89| 
    1203 00000023 0202          MOVB      ACC,#2                ; [CPU_ALU] |89| 
    1204              $C$DW$84        .dwtag  DW_TAG_TI_branch
    1205                      .dwattr $C$DW$84, DW_AT_low_pc(0x00)
    1206                      .dwattr $C$DW$84, DW_AT_name("GPIO_setPadConfig")
    1207                      .dwattr $C$DW$84, DW_AT_TI_call
    1208              
    1209 00000024 7640!         LCR       #||GPIO_setPadConfig|| ; [CPU_ALU] |89| 
         00000025 0000 
    1210                      ; call occurs [#||GPIO_setPadConfig||] ; [] |89| 
    1211                      .dwpsn  file "syscfg/board.c",line 90,column 2,is_stmt,isa 0
    1212 00000026 D400          MOVB      XAR4,#0               ; [CPU_ALU] |90| 
    1213 00000027 0202          MOVB      ACC,#2                ; [CPU_ALU] |90| 
    1214              $C$DW$85        .dwtag  DW_TAG_TI_branch
    1215                      .dwattr $C$DW$85, DW_AT_low_pc(0x00)
    1216                      .dwattr $C$DW$85, DW_AT_name("GPIO_setQualificationMode")
    1217                      .dwattr $C$DW$85, DW_AT_TI_call
    1218              
    1219 00000028 7640!         LCR       #||GPIO_setQualificationMode|| ; [CPU_ALU] |90| 
         00000029 0000 
    1220                      ; call occurs [#||GPIO_setQualificationMode||] ; [] |90| 
    1221                      .dwpsn  file "syscfg/board.c",line 92,column 2,is_stmt,isa 0
    1222 0000002a 8F06          MOVL      XAR4,#394753          ; [CPU_ARAU] |92| 
         0000002b 0601 
    1223 0000002c A8A9          MOVL      ACC,XAR4              ; [CPU_ALU] |92| 
    1224              $C$DW$86        .dwtag  DW_TAG_TI_branch
    1225                      .dwattr $C$DW$86, DW_AT_low_pc(0x00)
    1226                      .dwattr $C$DW$86, DW_AT_name("GPIO_setPinConfig")
    1227                      .dwattr $C$DW$86, DW_AT_TI_call
    1228              
    1229 0000002d 7640!         LCR       #||GPIO_setPinConfig|| ; [CPU_ALU] |92| 
         0000002e 0000 
    1230                      ; call occurs [#||GPIO_setPinConfig||] ; [] |92| 
    1231                      .dwpsn  file "syscfg/board.c",line 93,column 2,is_stmt,isa 0
    1232 0000002f 0200          MOVB      ACC,#0                ; [CPU_ALU] |93| 
    1233 00000030 1E42          MOVL      *-SP[2],ACC           ; [CPU_ALU] |93| 
    1234 00000031 0203          MOVB      ACC,#3                ; [CPU_ALU] |93| 
    1235              $C$DW$87        .dwtag  DW_TAG_TI_branch
    1236                      .dwattr $C$DW$87, DW_AT_low_pc(0x00)
    1237                      .dwattr $C$DW$87, DW_AT_name("GPIO_setPadConfig")
TMS320C2000 Assembler Unix v25.11.0 Sat May 30 20:15:25 2026

Copyright (c) 1996-2018 Texas Instruments Incorporated
board.asm                                                            PAGE   28

    1238                      .dwattr $C$DW$87, DW_AT_TI_call
    1239              
    1240 00000032 7640!         LCR       #||GPIO_setPadConfig|| ; [CPU_ALU] |93| 
         00000033 0000 
    1241                      ; call occurs [#||GPIO_setPadConfig||] ; [] |93| 
    1242                      .dwpsn  file "syscfg/board.c",line 94,column 2,is_stmt,isa 0
    1243 00000034 0203          MOVB      ACC,#3                ; [CPU_ALU] |94| 
    1244 00000035 D400          MOVB      XAR4,#0               ; [CPU_ALU] |94| 
    1245              $C$DW$88        .dwtag  DW_TAG_TI_branch
    1246                      .dwattr $C$DW$88, DW_AT_low_pc(0x00)
    1247                      .dwattr $C$DW$88, DW_AT_name("GPIO_setQualificationMode")
    1248                      .dwattr $C$DW$88, DW_AT_TI_call
    1249              
    1250 00000036 7640!         LCR       #||GPIO_setQualificationMode|| ; [CPU_ALU] |94| 
         00000037 0000 
    1251                      ; call occurs [#||GPIO_setQualificationMode||] ; [] |94| 
    1252                      .dwpsn  file "syscfg/board.c",line 99,column 2,is_stmt,isa 0
    1253 00000038 8F06          MOVL      XAR4,#395265          ; [CPU_ARAU] |99| 
         00000039 0801 
    1254 0000003a A8A9          MOVL      ACC,XAR4              ; [CPU_ALU] |99| 
    1255              $C$DW$89        .dwtag  DW_TAG_TI_branch
    1256                      .dwattr $C$DW$89, DW_AT_low_pc(0x00)
    1257                      .dwattr $C$DW$89, DW_AT_name("GPIO_setPinConfig")
    1258                      .dwattr $C$DW$89, DW_AT_TI_call
    1259              
    1260 0000003b 7640!         LCR       #||GPIO_setPinConfig|| ; [CPU_ALU] |99| 
         0000003c 0000 
    1261                      ; call occurs [#||GPIO_setPinConfig||] ; [] |99| 
    1262                      .dwpsn  file "syscfg/board.c",line 100,column 2,is_stmt,isa 0
    1263 0000003d 0200          MOVB      ACC,#0                ; [CPU_ALU] |100| 
    1264 0000003e 1E42          MOVL      *-SP[2],ACC           ; [CPU_ALU] |100| 
    1265 0000003f 0204          MOVB      ACC,#4                ; [CPU_ALU] |100| 
    1266              $C$DW$90        .dwtag  DW_TAG_TI_branch
    1267                      .dwattr $C$DW$90, DW_AT_low_pc(0x00)
    1268                      .dwattr $C$DW$90, DW_AT_name("GPIO_setPadConfig")
    1269                      .dwattr $C$DW$90, DW_AT_TI_call
    1270              
    1271 00000040 7640!         LCR       #||GPIO_setPadConfig|| ; [CPU_ALU] |100| 
         00000041 0000 
    1272                      ; call occurs [#||GPIO_setPadConfig||] ; [] |100| 
    1273                      .dwpsn  file "syscfg/board.c",line 101,column 2,is_stmt,isa 0
    1274 00000042 D400          MOVB      XAR4,#0               ; [CPU_ALU] |101| 
    1275 00000043 0204          MOVB      ACC,#4                ; [CPU_ALU] |101| 
    1276              $C$DW$91        .dwtag  DW_TAG_TI_branch
    1277                      .dwattr $C$DW$91, DW_AT_low_pc(0x00)
    1278                      .dwattr $C$DW$91, DW_AT_name("GPIO_setQualificationMode")
    1279                      .dwattr $C$DW$91, DW_AT_TI_call
    1280              
    1281 00000044 7640!         LCR       #||GPIO_setQualificationMode|| ; [CPU_ALU] |101| 
         00000045 0000 
    1282                      ; call occurs [#||GPIO_setQualificationMode||] ; [] |101| 
    1283                      .dwpsn  file "syscfg/board.c",line 103,column 2,is_stmt,isa 0
    1284 00000046 8F06          MOVL      XAR4,#395777          ; [CPU_ARAU] |103| 
         00000047 0A01 
    1285 00000048 A8A9          MOVL      ACC,XAR4              ; [CPU_ALU] |103| 
TMS320C2000 Assembler Unix v25.11.0 Sat May 30 20:15:25 2026

Copyright (c) 1996-2018 Texas Instruments Incorporated
board.asm                                                            PAGE   29

    1286              $C$DW$92        .dwtag  DW_TAG_TI_branch
    1287                      .dwattr $C$DW$92, DW_AT_low_pc(0x00)
    1288                      .dwattr $C$DW$92, DW_AT_name("GPIO_setPinConfig")
    1289                      .dwattr $C$DW$92, DW_AT_TI_call
    1290              
    1291 00000049 7640!         LCR       #||GPIO_setPinConfig|| ; [CPU_ALU] |103| 
         0000004a 0000 
    1292                      ; call occurs [#||GPIO_setPinConfig||] ; [] |103| 
    1293                      .dwpsn  file "syscfg/board.c",line 104,column 2,is_stmt,isa 0
    1294 0000004b 0200          MOVB      ACC,#0                ; [CPU_ALU] |104| 
    1295 0000004c 1E42          MOVL      *-SP[2],ACC           ; [CPU_ALU] |104| 
    1296 0000004d 0205          MOVB      ACC,#5                ; [CPU_ALU] |104| 
    1297              $C$DW$93        .dwtag  DW_TAG_TI_branch
    1298                      .dwattr $C$DW$93, DW_AT_low_pc(0x00)
    1299                      .dwattr $C$DW$93, DW_AT_name("GPIO_setPadConfig")
    1300                      .dwattr $C$DW$93, DW_AT_TI_call
    1301              
    1302 0000004e 7640!         LCR       #||GPIO_setPadConfig|| ; [CPU_ALU] |104| 
         0000004f 0000 
    1303                      ; call occurs [#||GPIO_setPadConfig||] ; [] |104| 
    1304                      .dwpsn  file "syscfg/board.c",line 105,column 2,is_stmt,isa 0
    1305 00000050 D400          MOVB      XAR4,#0               ; [CPU_ALU] |105| 
    1306 00000051 0205          MOVB      ACC,#5                ; [CPU_ALU] |105| 
    1307              $C$DW$94        .dwtag  DW_TAG_TI_branch
    1308                      .dwattr $C$DW$94, DW_AT_low_pc(0x00)
    1309                      .dwattr $C$DW$94, DW_AT_name("GPIO_setQualificationMode")
    1310                      .dwattr $C$DW$94, DW_AT_TI_call
    1311              
    1312 00000052 7640!         LCR       #||GPIO_setQualificationMode|| ; [CPU_ALU] |105| 
         00000053 0000 
    1313                      ; call occurs [#||GPIO_setQualificationMode||] ; [] |105| 
    1314                      .dwpsn  file "syscfg/board.c",line 110,column 2,is_stmt,isa 0
    1315 00000054 8F06          MOVL      XAR4,#398341          ; [CPU_ARAU] |110| 
         00000055 1405 
    1316 00000056 A8A9          MOVL      ACC,XAR4              ; [CPU_ALU] |110| 
    1317              $C$DW$95        .dwtag  DW_TAG_TI_branch
    1318                      .dwattr $C$DW$95, DW_AT_low_pc(0x00)
    1319                      .dwattr $C$DW$95, DW_AT_name("GPIO_setPinConfig")
    1320                      .dwattr $C$DW$95, DW_AT_TI_call
    1321              
    1322 00000057 7640!         LCR       #||GPIO_setPinConfig|| ; [CPU_ALU] |110| 
         00000058 0000 
    1323                      ; call occurs [#||GPIO_setPinConfig||] ; [] |110| 
    1324                      .dwpsn  file "syscfg/board.c",line 111,column 2,is_stmt,isa 0
    1325 00000059 0200          MOVB      ACC,#0                ; [CPU_ALU] |111| 
    1326 0000005a 1E42          MOVL      *-SP[2],ACC           ; [CPU_ALU] |111| 
    1327 0000005b 020A          MOVB      ACC,#10               ; [CPU_ALU] |111| 
    1328              $C$DW$96        .dwtag  DW_TAG_TI_branch
    1329                      .dwattr $C$DW$96, DW_AT_low_pc(0x00)
    1330                      .dwattr $C$DW$96, DW_AT_name("GPIO_setPadConfig")
    1331                      .dwattr $C$DW$96, DW_AT_TI_call
    1332              
    1333 0000005c 7640!         LCR       #||GPIO_setPadConfig|| ; [CPU_ALU] |111| 
         0000005d 0000 
    1334                      ; call occurs [#||GPIO_setPadConfig||] ; [] |111| 
TMS320C2000 Assembler Unix v25.11.0 Sat May 30 20:15:25 2026

Copyright (c) 1996-2018 Texas Instruments Incorporated
board.asm                                                            PAGE   30

    1335                      .dwpsn  file "syscfg/board.c",line 112,column 2,is_stmt,isa 0
    1336 0000005e 020A          MOVB      ACC,#10               ; [CPU_ALU] |112| 
    1337 0000005f D400          MOVB      XAR4,#0               ; [CPU_ALU] |112| 
    1338              $C$DW$97        .dwtag  DW_TAG_TI_branch
    1339                      .dwattr $C$DW$97, DW_AT_low_pc(0x00)
    1340                      .dwattr $C$DW$97, DW_AT_name("GPIO_setQualificationMode")
    1341                      .dwattr $C$DW$97, DW_AT_TI_call
    1342              
    1343 00000060 7640!         LCR       #||GPIO_setQualificationMode|| ; [CPU_ALU] |112| 
         00000061 0000 
    1344                      ; call occurs [#||GPIO_setQualificationMode||] ; [] |112| 
    1345                      .dwpsn  file "syscfg/board.c",line 114,column 2,is_stmt,isa 0
    1346 00000062 8F06          MOVL      XAR4,#398853          ; [CPU_ARAU] |114| 
         00000063 1605 
    1347 00000064 A8A9          MOVL      ACC,XAR4              ; [CPU_ALU] |114| 
    1348              $C$DW$98        .dwtag  DW_TAG_TI_branch
    1349                      .dwattr $C$DW$98, DW_AT_low_pc(0x00)
    1350                      .dwattr $C$DW$98, DW_AT_name("GPIO_setPinConfig")
    1351                      .dwattr $C$DW$98, DW_AT_TI_call
    1352              
    1353 00000065 7640!         LCR       #||GPIO_setPinConfig|| ; [CPU_ALU] |114| 
         00000066 0000 
    1354                      ; call occurs [#||GPIO_setPinConfig||] ; [] |114| 
    1355                      .dwpsn  file "syscfg/board.c",line 115,column 2,is_stmt,isa 0
    1356 00000067 0200          MOVB      ACC,#0                ; [CPU_ALU] |115| 
    1357 00000068 1E42          MOVL      *-SP[2],ACC           ; [CPU_ALU] |115| 
    1358 00000069 020B          MOVB      ACC,#11               ; [CPU_ALU] |115| 
    1359              $C$DW$99        .dwtag  DW_TAG_TI_branch
    1360                      .dwattr $C$DW$99, DW_AT_low_pc(0x00)
    1361                      .dwattr $C$DW$99, DW_AT_name("GPIO_setPadConfig")
    1362                      .dwattr $C$DW$99, DW_AT_TI_call
    1363              
    1364 0000006a 7640!         LCR       #||GPIO_setPadConfig|| ; [CPU_ALU] |115| 
         0000006b 0000 
    1365                      ; call occurs [#||GPIO_setPadConfig||] ; [] |115| 
    1366                      .dwpsn  file "syscfg/board.c",line 116,column 2,is_stmt,isa 0
    1367 0000006c D400          MOVB      XAR4,#0               ; [CPU_ALU] |116| 
    1368 0000006d 020B          MOVB      ACC,#11               ; [CPU_ALU] |116| 
    1369              $C$DW$100       .dwtag  DW_TAG_TI_branch
    1370                      .dwattr $C$DW$100, DW_AT_low_pc(0x00)
    1371                      .dwattr $C$DW$100, DW_AT_name("GPIO_setQualificationMode")
    1372                      .dwattr $C$DW$100, DW_AT_TI_call
    1373              
    1374 0000006e 7640!         LCR       #||GPIO_setQualificationMode|| ; [CPU_ALU] |116| 
         0000006f 0000 
    1375                      ; call occurs [#||GPIO_setQualificationMode||] ; [] |116| 
    1376                      .dwpsn  file "syscfg/board.c",line 118,column 2,is_stmt,isa 0
    1377 00000070 8F08          MOVL      XAR4,#527873          ; [CPU_ARAU] |118| 
         00000071 0E01 
    1378 00000072 A8A9          MOVL      ACC,XAR4              ; [CPU_ALU] |118| 
    1379              $C$DW$101       .dwtag  DW_TAG_TI_branch
    1380                      .dwattr $C$DW$101, DW_AT_low_pc(0x00)
    1381                      .dwattr $C$DW$101, DW_AT_name("GPIO_setPinConfig")
    1382                      .dwattr $C$DW$101, DW_AT_TI_call
    1383              
TMS320C2000 Assembler Unix v25.11.0 Sat May 30 20:15:25 2026

Copyright (c) 1996-2018 Texas Instruments Incorporated
board.asm                                                            PAGE   31

    1384 00000073 7640!         LCR       #||GPIO_setPinConfig|| ; [CPU_ALU] |118| 
         00000074 0000 
    1385                      ; call occurs [#||GPIO_setPinConfig||] ; [] |118| 
    1386                      .dwpsn  file "syscfg/board.c",line 119,column 2,is_stmt,isa 0
    1387 00000075 0200          MOVB      ACC,#0                ; [CPU_ALU] |119| 
    1388 00000076 1E42          MOVL      *-SP[2],ACC           ; [CPU_ALU] |119| 
    1389 00000077 0217          MOVB      ACC,#23               ; [CPU_ALU] |119| 
    1390              $C$DW$102       .dwtag  DW_TAG_TI_branch
    1391                      .dwattr $C$DW$102, DW_AT_low_pc(0x00)
    1392                      .dwattr $C$DW$102, DW_AT_name("GPIO_setPadConfig")
    1393                      .dwattr $C$DW$102, DW_AT_TI_call
    1394              
    1395 00000078 7640!         LCR       #||GPIO_setPadConfig|| ; [CPU_ALU] |119| 
         00000079 0000 
    1396                      ; call occurs [#||GPIO_setPadConfig||] ; [] |119| 
    1397                      .dwpsn  file "syscfg/board.c",line 120,column 2,is_stmt,isa 0
    1398 0000007a D400          MOVB      XAR4,#0               ; [CPU_ALU] |120| 
    1399 0000007b 0217          MOVB      ACC,#23               ; [CPU_ALU] |120| 
    1400              $C$DW$103       .dwtag  DW_TAG_TI_branch
    1401                      .dwattr $C$DW$103, DW_AT_low_pc(0x00)
    1402                      .dwattr $C$DW$103, DW_AT_name("GPIO_setQualificationMode")
    1403                      .dwattr $C$DW$103, DW_AT_TI_call
    1404              
    1405 0000007c 7640!         LCR       #||GPIO_setQualificationMode|| ; [CPU_ALU] |120| 
         0000007d 0000 
    1406                      ; call occurs [#||GPIO_setQualificationMode||] ; [] |120| 
    1407                      .dwpsn  file "syscfg/board.c",line 123,column 2,is_stmt,isa 0
    1408 0000007e 8F08          MOVL      XAR4,#531968          ; [CPU_ARAU] |123| 
         0000007f 1E00 
    1409 00000080 A8A9          MOVL      ACC,XAR4              ; [CPU_ALU] |123| 
    1410              $C$DW$104       .dwtag  DW_TAG_TI_branch
    1411                      .dwattr $C$DW$104, DW_AT_low_pc(0x00)
    1412                      .dwattr $C$DW$104, DW_AT_name("GPIO_setPinConfig")
    1413                      .dwattr $C$DW$104, DW_AT_TI_call
    1414              
    1415 00000081 7640!         LCR       #||GPIO_setPinConfig|| ; [CPU_ALU] |123| 
         00000082 0000 
    1416                      ; call occurs [#||GPIO_setPinConfig||] ; [] |123| 
    1417                      .dwpsn  file "syscfg/board.c",line 125,column 2,is_stmt,isa 0
    1418 00000083 FF2B          MOV       ACC,#6403 << 11       ; [CPU_ALU] |125| 
         00000084 1903 
    1419              $C$DW$105       .dwtag  DW_TAG_TI_branch
    1420                      .dwattr $C$DW$105, DW_AT_low_pc(0x00)
    1421                      .dwattr $C$DW$105, DW_AT_name("GPIO_setPinConfig")
    1422                      .dwattr $C$DW$105, DW_AT_TI_call
    1423              
    1424 00000085 7640!         LCR       #||GPIO_setPinConfig|| ; [CPU_ALU] |125| 
         00000086 0000 
    1425                      ; call occurs [#||GPIO_setPinConfig||] ; [] |125| 
    1426                      .dwpsn  file "syscfg/board.c",line 127,column 2,is_stmt,isa 0
    1427 00000087 8F08          MOVL      XAR4,#525824          ; [CPU_ARAU] |127| 
         00000088 0600 
    1428 00000089 A8A9          MOVL      ACC,XAR4              ; [CPU_ALU] |127| 
    1429              $C$DW$106       .dwtag  DW_TAG_TI_branch
    1430                      .dwattr $C$DW$106, DW_AT_low_pc(0x00)
TMS320C2000 Assembler Unix v25.11.0 Sat May 30 20:15:25 2026

Copyright (c) 1996-2018 Texas Instruments Incorporated
board.asm                                                            PAGE   32

    1431                      .dwattr $C$DW$106, DW_AT_name("GPIO_setPinConfig")
    1432                      .dwattr $C$DW$106, DW_AT_TI_call
    1433              
    1434 0000008a 7640!         LCR       #||GPIO_setPinConfig|| ; [CPU_ALU] |127| 
         0000008b 0000 
    1435                      ; call occurs [#||GPIO_setPinConfig||] ; [] |127| 
    1436                      .dwpsn  file "syscfg/board.c",line 129,column 2,is_stmt,isa 0
    1437 0000008c FF29          MOV       ACC,#9229 << 9        ; [CPU_ALU] |129| 
         0000008d 240D 
    1438              $C$DW$107       .dwtag  DW_TAG_TI_branch
    1439                      .dwattr $C$DW$107, DW_AT_low_pc(0x00)
    1440                      .dwattr $C$DW$107, DW_AT_name("GPIO_setPinConfig")
    1441                      .dwattr $C$DW$107, DW_AT_TI_call
    1442              
    1443 0000008e 7640!         LCR       #||GPIO_setPinConfig|| ; [CPU_ALU] |129| 
         0000008f 0000 
    1444                      ; call occurs [#||GPIO_setPinConfig||] ; [] |129| 
    1445                      .dwpsn  file "syscfg/board.c",line 131,column 2,is_stmt,isa 0
    1446 00000090 FF29          MOV       ACC,#25613 << 9       ; [CPU_ALU] |131| 
         00000091 640D 
    1447              $C$DW$108       .dwtag  DW_TAG_TI_branch
    1448                      .dwattr $C$DW$108, DW_AT_low_pc(0x00)
    1449                      .dwattr $C$DW$108, DW_AT_name("GPIO_setPinConfig")
    1450                      .dwattr $C$DW$108, DW_AT_TI_call
    1451              
    1452 00000092 7640!         LCR       #||GPIO_setPinConfig|| ; [CPU_ALU] |131| 
         00000093 0000 
    1453                      ; call occurs [#||GPIO_setPinConfig||] ; [] |131| 
    1454                      .dwpsn  file "syscfg/board.c",line 135,column 2,is_stmt,isa 0
    1455 00000094 28A9          MOV       AL,#5647              ; [CPU_ALU] |135| 
         00000095 160F 
    1456 00000096 9B46          MOV       AH,#70                ; [CPU_ALU] |135| 
    1457              $C$DW$109       .dwtag  DW_TAG_TI_branch
    1458                      .dwattr $C$DW$109, DW_AT_low_pc(0x00)
    1459                      .dwattr $C$DW$109, DW_AT_name("GPIO_setPinConfig")
    1460                      .dwattr $C$DW$109, DW_AT_TI_call
    1461              
    1462 00000097 7640!         LCR       #||GPIO_setPinConfig|| ; [CPU_ALU] |135| 
         00000098 0000 
    1463                      ; call occurs [#||GPIO_setPinConfig||] ; [] |135| 
    1464                      .dwpsn  file "syscfg/board.c",line 136,column 2,is_stmt,isa 0
    1465 00000099 0201          MOVB      ACC,#1                ; [CPU_ALU] |136| 
    1466 0000009a 1E42          MOVL      *-SP[2],ACC           ; [CPU_ALU] |136| 
    1467 0000009b 022B          MOVB      ACC,#43               ; [CPU_ALU] |136| 
    1468              $C$DW$110       .dwtag  DW_TAG_TI_branch
    1469                      .dwattr $C$DW$110, DW_AT_low_pc(0x00)
    1470                      .dwattr $C$DW$110, DW_AT_name("GPIO_setPadConfig")
    1471                      .dwattr $C$DW$110, DW_AT_TI_call
    1472              
    1473 0000009c 7640!         LCR       #||GPIO_setPadConfig|| ; [CPU_ALU] |136| 
         0000009d 0000 
    1474                      ; call occurs [#||GPIO_setPadConfig||] ; [] |136| 
    1475                      .dwpsn  file "syscfg/board.c",line 137,column 2,is_stmt,isa 0
    1476 0000009e D403          MOVB      XAR4,#3               ; [CPU_ALU] |137| 
    1477 0000009f 022B          MOVB      ACC,#43               ; [CPU_ALU] |137| 
TMS320C2000 Assembler Unix v25.11.0 Sat May 30 20:15:25 2026

Copyright (c) 1996-2018 Texas Instruments Incorporated
board.asm                                                            PAGE   33

    1478              $C$DW$111       .dwtag  DW_TAG_TI_branch
    1479                      .dwattr $C$DW$111, DW_AT_low_pc(0x00)
    1480                      .dwattr $C$DW$111, DW_AT_name("GPIO_setQualificationMode")
    1481                      .dwattr $C$DW$111, DW_AT_TI_call
    1482              
    1483 000000a0 7640!         LCR       #||GPIO_setQualificationMode|| ; [CPU_ALU] |137| 
         000000a1 0000 
    1484                      ; call occurs [#||GPIO_setQualificationMode||] ; [] |137| 
    1485                      .dwpsn  file "syscfg/board.c",line 139,column 2,is_stmt,isa 0
    1486 000000a2 28A9          MOV       AL,#5135              ; [CPU_ALU] |139| 
         000000a3 140F 
    1487 000000a4 9B46          MOV       AH,#70                ; [CPU_ALU] |139| 
    1488              $C$DW$112       .dwtag  DW_TAG_TI_branch
    1489                      .dwattr $C$DW$112, DW_AT_low_pc(0x00)
    1490                      .dwattr $C$DW$112, DW_AT_name("GPIO_setPinConfig")
    1491                      .dwattr $C$DW$112, DW_AT_TI_call
    1492              
    1493 000000a5 7640!         LCR       #||GPIO_setPinConfig|| ; [CPU_ALU] |139| 
         000000a6 0000 
    1494                      ; call occurs [#||GPIO_setPinConfig||] ; [] |139| 
    1495                      .dwpsn  file "syscfg/board.c",line 140,column 2,is_stmt,isa 0
    1496 000000a7 0201          MOVB      ACC,#1                ; [CPU_ALU] |140| 
    1497 000000a8 1E42          MOVL      *-SP[2],ACC           ; [CPU_ALU] |140| 
    1498 000000a9 022A          MOVB      ACC,#42               ; [CPU_ALU] |140| 
    1499              $C$DW$113       .dwtag  DW_TAG_TI_branch
    1500                      .dwattr $C$DW$113, DW_AT_low_pc(0x00)
    1501                      .dwattr $C$DW$113, DW_AT_name("GPIO_setPadConfig")
    1502                      .dwattr $C$DW$113, DW_AT_TI_call
    1503              
    1504 000000aa 7640!         LCR       #||GPIO_setPadConfig|| ; [CPU_ALU] |140| 
         000000ab 0000 
    1505                      ; call occurs [#||GPIO_setPadConfig||] ; [] |140| 
    1506                      .dwpsn  file "syscfg/board.c",line 141,column 2,is_stmt,isa 0
    1507 000000ac D403          MOVB      XAR4,#3               ; [CPU_ALU] |141| 
    1508 000000ad 022A          MOVB      ACC,#42               ; [CPU_ALU] |141| 
    1509              $C$DW$114       .dwtag  DW_TAG_TI_branch
    1510                      .dwattr $C$DW$114, DW_AT_low_pc(0x00)
    1511                      .dwattr $C$DW$114, DW_AT_name("GPIO_setQualificationMode")
    1512                      .dwattr $C$DW$114, DW_AT_TI_call
    1513              
    1514 000000ae 7640!         LCR       #||GPIO_setQualificationMode|| ; [CPU_ALU] |141| 
         000000af 0000 
    1515                      ; call occurs [#||GPIO_setQualificationMode||] ; [] |141| 
    1516                      .dwpsn  file "syscfg/board.c",line 146,column 2,is_stmt,isa 0
    1517 000000b0 28A9          MOV       AL,#5135              ; [CPU_ALU] |146| 
         000000b1 140F 
    1518 000000b2 9B48          MOV       AH,#72                ; [CPU_ALU] |146| 
    1519              $C$DW$115       .dwtag  DW_TAG_TI_branch
    1520                      .dwattr $C$DW$115, DW_AT_low_pc(0x00)
    1521                      .dwattr $C$DW$115, DW_AT_name("GPIO_setPinConfig")
    1522                      .dwattr $C$DW$115, DW_AT_TI_call
    1523              
    1524 000000b3 7640!         LCR       #||GPIO_setPinConfig|| ; [CPU_ALU] |146| 
         000000b4 0000 
    1525                      ; call occurs [#||GPIO_setPinConfig||] ; [] |146| 
TMS320C2000 Assembler Unix v25.11.0 Sat May 30 20:15:25 2026

Copyright (c) 1996-2018 Texas Instruments Incorporated
board.asm                                                            PAGE   34

    1526                      .dwpsn  file "syscfg/board.c",line 147,column 2,is_stmt,isa 0
    1527 000000b5 0200          MOVB      ACC,#0                ; [CPU_ALU] |147| 
    1528 000000b6 1E42          MOVL      *-SP[2],ACC           ; [CPU_ALU] |147| 
    1529 000000b7 023A          MOVB      ACC,#58               ; [CPU_ALU] |147| 
    1530              $C$DW$116       .dwtag  DW_TAG_TI_branch
    1531                      .dwattr $C$DW$116, DW_AT_low_pc(0x00)
    1532                      .dwattr $C$DW$116, DW_AT_name("GPIO_setPadConfig")
    1533                      .dwattr $C$DW$116, DW_AT_TI_call
    1534              
    1535 000000b8 7640!         LCR       #||GPIO_setPadConfig|| ; [CPU_ALU] |147| 
         000000b9 0000 
    1536                      ; call occurs [#||GPIO_setPadConfig||] ; [] |147| 
    1537                      .dwpsn  file "syscfg/board.c",line 148,column 2,is_stmt,isa 0
    1538 000000ba D403          MOVB      XAR4,#3               ; [CPU_ALU] |148| 
    1539 000000bb 023A          MOVB      ACC,#58               ; [CPU_ALU] |148| 
    1540              $C$DW$117       .dwtag  DW_TAG_TI_branch
    1541                      .dwattr $C$DW$117, DW_AT_low_pc(0x00)
    1542                      .dwattr $C$DW$117, DW_AT_name("GPIO_setQualificationMode")
    1543                      .dwattr $C$DW$117, DW_AT_TI_call
    1544              
    1545 000000bc 7640!         LCR       #||GPIO_setQualificationMode|| ; [CPU_ALU] |148| 
         000000bd 0000 
    1546                      ; call occurs [#||GPIO_setQualificationMode||] ; [] |148| 
    1547                      .dwpsn  file "syscfg/board.c",line 150,column 2,is_stmt,isa 0
    1548 000000be 28A9          MOV       AL,#5647              ; [CPU_ALU] |150| 
         000000bf 160F 
    1549 000000c0 9B48          MOV       AH,#72                ; [CPU_ALU] |150| 
    1550              $C$DW$118       .dwtag  DW_TAG_TI_branch
    1551                      .dwattr $C$DW$118, DW_AT_low_pc(0x00)
    1552                      .dwattr $C$DW$118, DW_AT_name("GPIO_setPinConfig")
    1553                      .dwattr $C$DW$118, DW_AT_TI_call
    1554              
    1555 000000c1 7640!         LCR       #||GPIO_setPinConfig|| ; [CPU_ALU] |150| 
         000000c2 0000 
    1556                      ; call occurs [#||GPIO_setPinConfig||] ; [] |150| 
    1557                      .dwpsn  file "syscfg/board.c",line 151,column 2,is_stmt,isa 0
    1558 000000c3 0200          MOVB      ACC,#0                ; [CPU_ALU] |151| 
    1559 000000c4 1E42          MOVL      *-SP[2],ACC           ; [CPU_ALU] |151| 
    1560 000000c5 023B          MOVB      ACC,#59               ; [CPU_ALU] |151| 
    1561              $C$DW$119       .dwtag  DW_TAG_TI_branch
    1562                      .dwattr $C$DW$119, DW_AT_low_pc(0x00)
    1563                      .dwattr $C$DW$119, DW_AT_name("GPIO_setPadConfig")
    1564                      .dwattr $C$DW$119, DW_AT_TI_call
    1565              
    1566 000000c6 7640!         LCR       #||GPIO_setPadConfig|| ; [CPU_ALU] |151| 
         000000c7 0000 
    1567                      ; call occurs [#||GPIO_setPadConfig||] ; [] |151| 
    1568                      .dwpsn  file "syscfg/board.c",line 152,column 2,is_stmt,isa 0
    1569 000000c8 D403          MOVB      XAR4,#3               ; [CPU_ALU] |152| 
    1570 000000c9 023B          MOVB      ACC,#59               ; [CPU_ALU] |152| 
    1571              $C$DW$120       .dwtag  DW_TAG_TI_branch
    1572                      .dwattr $C$DW$120, DW_AT_low_pc(0x00)
    1573                      .dwattr $C$DW$120, DW_AT_name("GPIO_setQualificationMode")
    1574                      .dwattr $C$DW$120, DW_AT_TI_call
    1575              
TMS320C2000 Assembler Unix v25.11.0 Sat May 30 20:15:25 2026

Copyright (c) 1996-2018 Texas Instruments Incorporated
board.asm                                                            PAGE   35

    1576 000000ca 7640!         LCR       #||GPIO_setQualificationMode|| ; [CPU_ALU] |152| 
         000000cb 0000 
    1577                      ; call occurs [#||GPIO_setQualificationMode||] ; [] |152| 
    1578                      .dwpsn  file "syscfg/board.c",line 154,column 2,is_stmt,isa 0
    1579 000000cc 28A9          MOV       AL,#6159              ; [CPU_ALU] |154| 
         000000cd 180F 
    1580 000000ce 9B48          MOV       AH,#72                ; [CPU_ALU] |154| 
    1581              $C$DW$121       .dwtag  DW_TAG_TI_branch
    1582                      .dwattr $C$DW$121, DW_AT_low_pc(0x00)
    1583                      .dwattr $C$DW$121, DW_AT_name("GPIO_setPinConfig")
    1584                      .dwattr $C$DW$121, DW_AT_TI_call
    1585              
    1586 000000cf 7640!         LCR       #||GPIO_setPinConfig|| ; [CPU_ALU] |154| 
         000000d0 0000 
    1587                      ; call occurs [#||GPIO_setPinConfig||] ; [] |154| 
    1588                      .dwpsn  file "syscfg/board.c",line 155,column 2,is_stmt,isa 0
    1589 000000d1 0200          MOVB      ACC,#0                ; [CPU_ALU] |155| 
    1590 000000d2 1E42          MOVL      *-SP[2],ACC           ; [CPU_ALU] |155| 
    1591 000000d3 023C          MOVB      ACC,#60               ; [CPU_ALU] |155| 
    1592              $C$DW$122       .dwtag  DW_TAG_TI_branch
    1593                      .dwattr $C$DW$122, DW_AT_low_pc(0x00)
    1594                      .dwattr $C$DW$122, DW_AT_name("GPIO_setPadConfig")
    1595                      .dwattr $C$DW$122, DW_AT_TI_call
    1596              
    1597 000000d4 7640!         LCR       #||GPIO_setPadConfig|| ; [CPU_ALU] |155| 
         000000d5 0000 
    1598                      ; call occurs [#||GPIO_setPadConfig||] ; [] |155| 
    1599                      .dwpsn  file "syscfg/board.c",line 156,column 2,is_stmt,isa 0
    1600 000000d6 D403          MOVB      XAR4,#3               ; [CPU_ALU] |156| 
    1601 000000d7 023C          MOVB      ACC,#60               ; [CPU_ALU] |156| 
    1602              $C$DW$123       .dwtag  DW_TAG_TI_branch
    1603                      .dwattr $C$DW$123, DW_AT_low_pc(0x00)
    1604                      .dwattr $C$DW$123, DW_AT_name("GPIO_setQualificationMode")
    1605                      .dwattr $C$DW$123, DW_AT_TI_call
    1606              
    1607 000000d8 7640!         LCR       #||GPIO_setQualificationMode|| ; [CPU_ALU] |156| 
         000000d9 0000 
    1608                      ; call occurs [#||GPIO_setQualificationMode||] ; [] |156| 
    1609 000000da FE82          SUBB      SP,#2                 ; [CPU_ARAU] 
    1610                      .dwcfi  cfa_offset, -2
    1611              $C$DW$124       .dwtag  DW_TAG_TI_branch
    1612                      .dwattr $C$DW$124, DW_AT_low_pc(0x00)
    1613                      .dwattr $C$DW$124, DW_AT_TI_return
    1614              
    1615 000000db 0006          LRETR     ; [CPU_ALU] 
    1616                      ; return occurs ; [] 
    1617                      .dwattr $C$DW$76, DW_AT_TI_end_file("syscfg/board.c")
    1618                      .dwattr $C$DW$76, DW_AT_TI_end_line(0x9f)
    1619                      .dwattr $C$DW$76, DW_AT_TI_end_column(0x01)
    1620                      .dwendentry
    1621                      .dwendtag $C$DW$76
    1622              
    1623 00000000               .sect   ".text:LED_STATUS_GPIO_init"
    1624                      .clink
    1625                      .global ||LED_STATUS_GPIO_init||
TMS320C2000 Assembler Unix v25.11.0 Sat May 30 20:15:25 2026

Copyright (c) 1996-2018 Texas Instruments Incorporated
board.asm                                                            PAGE   36

    1626              
    1627              $C$DW$125       .dwtag  DW_TAG_subprogram
    1628                      .dwattr $C$DW$125, DW_AT_name("LED_STATUS_GPIO_init")
    1629                      .dwattr $C$DW$125, DW_AT_low_pc(||LED_STATUS_GPIO_init||)
    1630                      .dwattr $C$DW$125, DW_AT_high_pc(0x00)
    1631                      .dwattr $C$DW$125, DW_AT_linkage_name("LED_STATUS_GPIO_init")
    1632                      .dwattr $C$DW$125, DW_AT_external
    1633                      .dwattr $C$DW$125, DW_AT_decl_file("syscfg/board.c")
    1634                      .dwattr $C$DW$125, DW_AT_decl_line(0x212)
    1635                      .dwattr $C$DW$125, DW_AT_decl_column(0x06)
    1636                      .dwattr $C$DW$125, DW_AT_TI_max_frame_size(-4)
    1637                      .dwpsn  file "syscfg/board.c",line 530,column 28,is_stmt,address ||LED_STATUS_GPIO_init||,isa 0
    1638              
    1639                      .dwfde $C$DW$CIE, ||LED_STATUS_GPIO_init||
    1640              
    1641              ;***************************************************************
    1642              ;* FNAME: LED_STATUS_GPIO_init          FR SIZE:   2           *
    1643              ;*                                                             *
    1644              ;* FUNCTION ENVIRONMENT                                        *
    1645              ;*                                                             *
    1646              ;* FUNCTION PROPERTIES                                         *
    1647              ;*                            2 Parameter,  0 Auto,  0 SOE     *
    1648              ;***************************************************************
    1649              
    1650 00000000       ||LED_STATUS_GPIO_init||:
    1651                      .dwcfi  cfa_offset, -2
    1652                      .dwcfi  save_reg_to_mem, 26, 0
    1653 00000000 FE02          ADDB      SP,#2                 ; [CPU_ARAU] 
    1654                      .dwcfi  cfa_offset, -4
    1655                      .dwpsn  file "syscfg/board.c",line 531,column 2,is_stmt,isa 0
    1656 00000001 0200          MOVB      ACC,#0                ; [CPU_ALU] |531| 
    1657 00000002 1E42          MOVL      *-SP[2],ACC           ; [CPU_ALU] |531| 
    1658 00000003 021F          MOVB      ACC,#31               ; [CPU_ALU] |531| 
    1659              $C$DW$126       .dwtag  DW_TAG_TI_branch
    1660                      .dwattr $C$DW$126, DW_AT_low_pc(0x00)
    1661                      .dwattr $C$DW$126, DW_AT_name("GPIO_setPadConfig")
    1662                      .dwattr $C$DW$126, DW_AT_TI_call
    1663              
    1664 00000004 7640!         LCR       #||GPIO_setPadConfig|| ; [CPU_ALU] |531| 
         00000005 0000 
    1665                      ; call occurs [#||GPIO_setPadConfig||] ; [] |531| 
    1666                      .dwpsn  file "syscfg/board.c",line 532,column 2,is_stmt,isa 0
    1667 00000006 D400          MOVB      XAR4,#0               ; [CPU_ALU] |532| 
    1668 00000007 021F          MOVB      ACC,#31               ; [CPU_ALU] |532| 
    1669              $C$DW$127       .dwtag  DW_TAG_TI_branch
    1670                      .dwattr $C$DW$127, DW_AT_low_pc(0x00)
    1671                      .dwattr $C$DW$127, DW_AT_name("GPIO_setQualificationMode")
    1672                      .dwattr $C$DW$127, DW_AT_TI_call
    1673              
    1674 00000008 7640!         LCR       #||GPIO_setQualificationMode|| ; [CPU_ALU] |532| 
         00000009 0000 
    1675                      ; call occurs [#||GPIO_setQualificationMode||] ; [] |532| 
    1676                      .dwpsn  file "syscfg/board.c",line 533,column 2,is_stmt,isa 0
    1677 0000000a D401          MOVB      XAR4,#1               ; [CPU_ALU] |533| 
    1678 0000000b 021F          MOVB      ACC,#31               ; [CPU_ALU] |533| 
TMS320C2000 Assembler Unix v25.11.0 Sat May 30 20:15:25 2026

Copyright (c) 1996-2018 Texas Instruments Incorporated
board.asm                                                            PAGE   37

    1679              $C$DW$128       .dwtag  DW_TAG_TI_branch
    1680                      .dwattr $C$DW$128, DW_AT_low_pc(0x00)
    1681                      .dwattr $C$DW$128, DW_AT_name("GPIO_setDirectionMode")
    1682                      .dwattr $C$DW$128, DW_AT_TI_call
    1683              
    1684 0000000c 7640!         LCR       #||GPIO_setDirectionMode|| ; [CPU_ALU] |533| 
         0000000d 0000 
    1685                      ; call occurs [#||GPIO_setDirectionMode||] ; [] |533| 
    1686                      .dwpsn  file "syscfg/board.c",line 534,column 2,is_stmt,isa 0
    1687 0000000e D400          MOVB      XAR4,#0               ; [CPU_ALU] |534| 
    1688 0000000f 021F          MOVB      ACC,#31               ; [CPU_ALU] |534| 
    1689              $C$DW$129       .dwtag  DW_TAG_TI_branch
    1690                      .dwattr $C$DW$129, DW_AT_low_pc(0x00)
    1691                      .dwattr $C$DW$129, DW_AT_name("GPIO_setControllerCore")
    1692                      .dwattr $C$DW$129, DW_AT_TI_call
    1693              
    1694 00000010 7640!         LCR       #||GPIO_setControllerCore|| ; [CPU_ALU] |534| 
         00000011 0000 
    1695                      ; call occurs [#||GPIO_setControllerCore||] ; [] |534| 
    1696 00000012 FE82          SUBB      SP,#2                 ; [CPU_ARAU] 
    1697                      .dwcfi  cfa_offset, -2
    1698              $C$DW$130       .dwtag  DW_TAG_TI_branch
    1699                      .dwattr $C$DW$130, DW_AT_low_pc(0x00)
    1700                      .dwattr $C$DW$130, DW_AT_TI_return
    1701              
    1702 00000013 0006          LRETR     ; [CPU_ALU] 
    1703                      ; return occurs ; [] 
    1704                      .dwattr $C$DW$125, DW_AT_TI_end_file("syscfg/board.c")
    1705                      .dwattr $C$DW$125, DW_AT_TI_end_line(0x217)
    1706                      .dwattr $C$DW$125, DW_AT_TI_end_column(0x01)
    1707                      .dwendentry
    1708                      .dwendtag $C$DW$125
    1709              
    1710 00000000               .sect   ".text:INTERRUPT_init"
    1711                      .clink
    1712                      .global ||INTERRUPT_init||
    1713              
    1714              $C$DW$131       .dwtag  DW_TAG_subprogram
    1715                      .dwattr $C$DW$131, DW_AT_name("INTERRUPT_init")
    1716                      .dwattr $C$DW$131, DW_AT_low_pc(||INTERRUPT_init||)
    1717                      .dwattr $C$DW$131, DW_AT_high_pc(0x00)
    1718                      .dwattr $C$DW$131, DW_AT_linkage_name("INTERRUPT_init")
    1719                      .dwattr $C$DW$131, DW_AT_external
    1720                      .dwattr $C$DW$131, DW_AT_decl_file("syscfg/board.c")
    1721                      .dwattr $C$DW$131, DW_AT_decl_line(0x239)
    1722                      .dwattr $C$DW$131, DW_AT_decl_column(0x06)
    1723                      .dwattr $C$DW$131, DW_AT_TI_max_frame_size(-2)
    1724                      .dwpsn  file "syscfg/board.c",line 569,column 22,is_stmt,address ||INTERRUPT_init||,isa 0
    1725              
    1726                      .dwfde $C$DW$CIE, ||INTERRUPT_init||
    1727              
    1728              ;***************************************************************
    1729              ;* FNAME: INTERRUPT_init                FR SIZE:   0           *
    1730              ;*                                                             *
    1731              ;* FUNCTION ENVIRONMENT                                        *
TMS320C2000 Assembler Unix v25.11.0 Sat May 30 20:15:25 2026

Copyright (c) 1996-2018 Texas Instruments Incorporated
board.asm                                                            PAGE   38

    1732              ;*                                                             *
    1733              ;* FUNCTION PROPERTIES                                         *
    1734              ;*                            0 Parameter,  0 Auto,  0 SOE     *
    1735              ;***************************************************************
    1736              
    1737 00000000       ||INTERRUPT_init||:
    1738                      .dwcfi  cfa_offset, -2
    1739                      .dwcfi  save_reg_to_mem, 26, 0
    1740                      .dwpsn  file "/home/jose/ti/c2000/C2000Ware_26_01_00_00/driverlib/f2837xd/driverlib/interrupt.h",line
    1741 00000000 7622          EALLOW    ; [CPU_ALU] |258| 
    1742                      .dwpsn  file "/home/jose/ti/c2000/C2000Ware_26_01_00_00/driverlib/f2837xd/driverlib/interrupt.h",line
    1743 00000001 8F00!         MOVL      XAR4,#||adcA1_isr||   ; [CPU_ARAU] |259| 
         00000002 0000 
    1744 00000003 BDA4          MOV32     *(0:0x0d40),XAR4      ; [CPU_FPU] |259| 
         00000004 0D40 
    1745                      .dwpsn  file "/home/jose/ti/c2000/C2000Ware_26_01_00_00/driverlib/f2837xd/driverlib/interrupt.h",line
    1746 00000005 761A          EDIS      ; [CPU_ALU] |260| 
    1747                      .dwpsn  file "syscfg/board.c",line 574,column 2,is_stmt,isa 0
    1748 00000006 8F20          MOVL      XAR4,#2097409         ; [CPU_ARAU] |574| 
         00000007 0101 
    1749 00000008 A8A9          MOVL      ACC,XAR4              ; [CPU_ALU] |574| 
    1750              $C$DW$132       .dwtag  DW_TAG_TI_branch
    1751                      .dwattr $C$DW$132, DW_AT_low_pc(0x00)
    1752                      .dwattr $C$DW$132, DW_AT_name("Interrupt_enable")
    1753                      .dwattr $C$DW$132, DW_AT_TI_call
    1754              
    1755 00000009 7640!         LCR       #||Interrupt_enable|| ; [CPU_ALU] |574| 
         0000000a 0000 
    1756                      ; call occurs [#||Interrupt_enable||] ; [] |574| 
    1757                      .dwpsn  file "/home/jose/ti/c2000/C2000Ware_26_01_00_00/driverlib/f2837xd/driverlib/interrupt.h",line
    1758 0000000b 7622          EALLOW    ; [CPU_ALU] |258| 
    1759                      .dwpsn  file "/home/jose/ti/c2000/C2000Ware_26_01_00_00/driverlib/f2837xd/driverlib/interrupt.h",line
    1760 0000000c 8F00!         MOVL      XAR4,#||sciA_rx_isr|| ; [CPU_ARAU] |259| 
         0000000d 0000 
    1761 0000000e BDA4          MOV32     *(0:0x0dc0),XAR4      ; [CPU_FPU] |259| 
         0000000f 0DC0 
    1762                      .dwpsn  file "/home/jose/ti/c2000/C2000Ware_26_01_00_00/driverlib/f2837xd/driverlib/interrupt.h",line
    1763 00000010 761A          EDIS      ; [CPU_ALU] |260| 
    1764                      .dwpsn  file "syscfg/board.c",line 579,column 2,is_stmt,isa 0
    1765 00000011 28A9          MOV       AL,#2305              ; [CPU_ALU] |579| 
         00000012 0901 
    1766 00000013 9B60          MOV       AH,#96                ; [CPU_ALU] |579| 
    1767              $C$DW$133       .dwtag  DW_TAG_TI_branch
    1768                      .dwattr $C$DW$133, DW_AT_low_pc(0x00)
    1769                      .dwattr $C$DW$133, DW_AT_name("Interrupt_enable")
    1770                      .dwattr $C$DW$133, DW_AT_TI_call
    1771              
    1772 00000014 7640!         LCR       #||Interrupt_enable|| ; [CPU_ALU] |579| 
         00000015 0000 
    1773                      ; call occurs [#||Interrupt_enable||] ; [] |579| 
    1774              $C$DW$134       .dwtag  DW_TAG_TI_branch
    1775                      .dwattr $C$DW$134, DW_AT_low_pc(0x00)
    1776                      .dwattr $C$DW$134, DW_AT_TI_return
    1777              
    1778 00000016 0006          LRETR     ; [CPU_ALU] 
TMS320C2000 Assembler Unix v25.11.0 Sat May 30 20:15:25 2026

Copyright (c) 1996-2018 Texas Instruments Incorporated
board.asm                                                            PAGE   39

    1779                      ; return occurs ; [] 
    1780                      .dwattr $C$DW$131, DW_AT_TI_end_file("syscfg/board.c")
    1781                      .dwattr $C$DW$131, DW_AT_TI_end_line(0x244)
    1782                      .dwattr $C$DW$131, DW_AT_TI_end_column(0x01)
    1783                      .dwendentry
    1784                      .dwendtag $C$DW$131
    1785              
    1786 00000000               .sect   ".text:DRV8305_EN_GATE_init"
    1787                      .clink
    1788                      .global ||DRV8305_EN_GATE_init||
    1789              
    1790              $C$DW$135       .dwtag  DW_TAG_subprogram
    1791                      .dwattr $C$DW$135, DW_AT_name("DRV8305_EN_GATE_init")
    1792                      .dwattr $C$DW$135, DW_AT_low_pc(||DRV8305_EN_GATE_init||)
    1793                      .dwattr $C$DW$135, DW_AT_high_pc(0x00)
    1794                      .dwattr $C$DW$135, DW_AT_linkage_name("DRV8305_EN_GATE_init")
    1795                      .dwattr $C$DW$135, DW_AT_external
    1796                      .dwattr $C$DW$135, DW_AT_decl_file("syscfg/board.c")
    1797                      .dwattr $C$DW$135, DW_AT_decl_line(0x218)
    1798                      .dwattr $C$DW$135, DW_AT_decl_column(0x06)
    1799                      .dwattr $C$DW$135, DW_AT_TI_max_frame_size(-4)
    1800                      .dwpsn  file "syscfg/board.c",line 536,column 28,is_stmt,address ||DRV8305_EN_GATE_init||,isa 0
    1801              
    1802                      .dwfde $C$DW$CIE, ||DRV8305_EN_GATE_init||
    1803              
    1804              ;***************************************************************
    1805              ;* FNAME: DRV8305_EN_GATE_init          FR SIZE:   2           *
    1806              ;*                                                             *
    1807              ;* FUNCTION ENVIRONMENT                                        *
    1808              ;*                                                             *
    1809              ;* FUNCTION PROPERTIES                                         *
    1810              ;*                            2 Parameter,  0 Auto,  0 SOE     *
    1811              ;***************************************************************
    1812              
    1813 00000000       ||DRV8305_EN_GATE_init||:
    1814                      .dwcfi  cfa_offset, -2
    1815                      .dwcfi  save_reg_to_mem, 26, 0
    1816 00000000 FE02          ADDB      SP,#2                 ; [CPU_ARAU] 
    1817                      .dwcfi  cfa_offset, -4
    1818                      .dwpsn  file "syscfg/board.c",line 538,column 2,is_stmt,isa 0
    1819 00000001 BE00          MOVB      XAR6,#0               ; [CPU_ALU] |538| 
    1820                      .dwpsn  file "/home/jose/ti/c2000/C2000Ware_26_01_00_00/driverlib/f2837xd/driverlib/gpio.h",line 469,
    1821 00000002 FF2F          MOV       ACC,#8192 << 15       ; [CPU_ALU] |469| 
         00000003 2000 
    1822 00000004 BDA9          MOV32     *(0:0x7f1c),ACC       ; [CPU_FPU] |469| 
         00000005 7F1C 
    1823                      .dwpsn  file "syscfg/board.c",line 538,column 2,is_stmt,isa 0
    1824 00000006 C242          MOVL      *-SP[2],XAR6          ; [CPU_ALU] |538| 
    1825 00000007 027C          MOVB      ACC,#124              ; [CPU_ALU] |538| 
    1826              $C$DW$136       .dwtag  DW_TAG_TI_branch
    1827                      .dwattr $C$DW$136, DW_AT_low_pc(0x00)
    1828                      .dwattr $C$DW$136, DW_AT_name("GPIO_setPadConfig")
    1829                      .dwattr $C$DW$136, DW_AT_TI_call
    1830              
    1831 00000008 7640!         LCR       #||GPIO_setPadConfig|| ; [CPU_ALU] |538| 
TMS320C2000 Assembler Unix v25.11.0 Sat May 30 20:15:25 2026

Copyright (c) 1996-2018 Texas Instruments Incorporated
board.asm                                                            PAGE   40

         00000009 0000 
    1832                      ; call occurs [#||GPIO_setPadConfig||] ; [] |538| 
    1833                      .dwpsn  file "syscfg/board.c",line 539,column 2,is_stmt,isa 0
    1834 0000000a D400          MOVB      XAR4,#0               ; [CPU_ALU] |539| 
    1835 0000000b 027C          MOVB      ACC,#124              ; [CPU_ALU] |539| 
    1836              $C$DW$137       .dwtag  DW_TAG_TI_branch
    1837                      .dwattr $C$DW$137, DW_AT_low_pc(0x00)
    1838                      .dwattr $C$DW$137, DW_AT_name("GPIO_setQualificationMode")
    1839                      .dwattr $C$DW$137, DW_AT_TI_call
    1840              
    1841 0000000c 7640!         LCR       #||GPIO_setQualificationMode|| ; [CPU_ALU] |539| 
         0000000d 0000 
    1842                      ; call occurs [#||GPIO_setQualificationMode||] ; [] |539| 
    1843                      .dwpsn  file "syscfg/board.c",line 540,column 2,is_stmt,isa 0
    1844 0000000e D401          MOVB      XAR4,#1               ; [CPU_ALU] |540| 
    1845 0000000f 027C          MOVB      ACC,#124              ; [CPU_ALU] |540| 
    1846              $C$DW$138       .dwtag  DW_TAG_TI_branch
    1847                      .dwattr $C$DW$138, DW_AT_low_pc(0x00)
    1848                      .dwattr $C$DW$138, DW_AT_name("GPIO_setDirectionMode")
    1849                      .dwattr $C$DW$138, DW_AT_TI_call
    1850              
    1851 00000010 7640!         LCR       #||GPIO_setDirectionMode|| ; [CPU_ALU] |540| 
         00000011 0000 
    1852                      ; call occurs [#||GPIO_setDirectionMode||] ; [] |540| 
    1853                      .dwpsn  file "syscfg/board.c",line 541,column 2,is_stmt,isa 0
    1854 00000012 D400          MOVB      XAR4,#0               ; [CPU_ALU] |541| 
    1855 00000013 027C          MOVB      ACC,#124              ; [CPU_ALU] |541| 
    1856              $C$DW$139       .dwtag  DW_TAG_TI_branch
    1857                      .dwattr $C$DW$139, DW_AT_low_pc(0x00)
    1858                      .dwattr $C$DW$139, DW_AT_name("GPIO_setControllerCore")
    1859                      .dwattr $C$DW$139, DW_AT_TI_call
    1860              
    1861 00000014 7640!         LCR       #||GPIO_setControllerCore|| ; [CPU_ALU] |541| 
         00000015 0000 
    1862                      ; call occurs [#||GPIO_setControllerCore||] ; [] |541| 
    1863 00000016 FE82          SUBB      SP,#2                 ; [CPU_ARAU] 
    1864                      .dwcfi  cfa_offset, -2
    1865              $C$DW$140       .dwtag  DW_TAG_TI_branch
    1866                      .dwattr $C$DW$140, DW_AT_low_pc(0x00)
    1867                      .dwattr $C$DW$140, DW_AT_TI_return
    1868              
    1869 00000017 0006          LRETR     ; [CPU_ALU] 
    1870                      ; return occurs ; [] 
    1871                      .dwattr $C$DW$135, DW_AT_TI_end_file("syscfg/board.c")
    1872                      .dwattr $C$DW$135, DW_AT_TI_end_line(0x21e)
    1873                      .dwattr $C$DW$135, DW_AT_TI_end_column(0x01)
    1874                      .dwendentry
    1875                      .dwendtag $C$DW$135
    1876              
    1877 00000000               .sect   ".text:DRV8305_NFAULT_init"
    1878                      .clink
    1879                      .global ||DRV8305_NFAULT_init||
    1880              
    1881              $C$DW$141       .dwtag  DW_TAG_subprogram
    1882                      .dwattr $C$DW$141, DW_AT_name("DRV8305_NFAULT_init")
TMS320C2000 Assembler Unix v25.11.0 Sat May 30 20:15:25 2026

Copyright (c) 1996-2018 Texas Instruments Incorporated
board.asm                                                            PAGE   41

    1883                      .dwattr $C$DW$141, DW_AT_low_pc(||DRV8305_NFAULT_init||)
    1884                      .dwattr $C$DW$141, DW_AT_high_pc(0x00)
    1885                      .dwattr $C$DW$141, DW_AT_linkage_name("DRV8305_NFAULT_init")
    1886                      .dwattr $C$DW$141, DW_AT_external
    1887                      .dwattr $C$DW$141, DW_AT_decl_file("syscfg/board.c")
    1888                      .dwattr $C$DW$141, DW_AT_decl_line(0x21f)
    1889                      .dwattr $C$DW$141, DW_AT_decl_column(0x06)
    1890                      .dwattr $C$DW$141, DW_AT_TI_max_frame_size(-4)
    1891                      .dwpsn  file "syscfg/board.c",line 543,column 27,is_stmt,address ||DRV8305_NFAULT_init||,isa 0
    1892              
    1893                      .dwfde $C$DW$CIE, ||DRV8305_NFAULT_init||
    1894              
    1895              ;***************************************************************
    1896              ;* FNAME: DRV8305_NFAULT_init           FR SIZE:   2           *
    1897              ;*                                                             *
    1898              ;* FUNCTION ENVIRONMENT                                        *
    1899              ;*                                                             *
    1900              ;* FUNCTION PROPERTIES                                         *
    1901              ;*                            2 Parameter,  0 Auto,  0 SOE     *
    1902              ;***************************************************************
    1903              
    1904 00000000       ||DRV8305_NFAULT_init||:
    1905                      .dwcfi  cfa_offset, -2
    1906                      .dwcfi  save_reg_to_mem, 26, 0
    1907 00000000 FE02          ADDB      SP,#2                 ; [CPU_ARAU] 
    1908                      .dwcfi  cfa_offset, -4
    1909                      .dwpsn  file "syscfg/board.c",line 544,column 2,is_stmt,isa 0
    1910 00000001 0201          MOVB      ACC,#1                ; [CPU_ALU] |544| 
    1911 00000002 1E42          MOVL      *-SP[2],ACC           ; [CPU_ALU] |544| 
    1912 00000003 0213          MOVB      ACC,#19               ; [CPU_ALU] |544| 
    1913              $C$DW$142       .dwtag  DW_TAG_TI_branch
    1914                      .dwattr $C$DW$142, DW_AT_low_pc(0x00)
    1915                      .dwattr $C$DW$142, DW_AT_name("GPIO_setPadConfig")
    1916                      .dwattr $C$DW$142, DW_AT_TI_call
    1917              
    1918 00000004 7640!         LCR       #||GPIO_setPadConfig|| ; [CPU_ALU] |544| 
         00000005 0000 
    1919                      ; call occurs [#||GPIO_setPadConfig||] ; [] |544| 
    1920                      .dwpsn  file "syscfg/board.c",line 545,column 2,is_stmt,isa 0
    1921 00000006 D400          MOVB      XAR4,#0               ; [CPU_ALU] |545| 
    1922 00000007 0213          MOVB      ACC,#19               ; [CPU_ALU] |545| 
    1923              $C$DW$143       .dwtag  DW_TAG_TI_branch
    1924                      .dwattr $C$DW$143, DW_AT_low_pc(0x00)
    1925                      .dwattr $C$DW$143, DW_AT_name("GPIO_setQualificationMode")
    1926                      .dwattr $C$DW$143, DW_AT_TI_call
    1927              
    1928 00000008 7640!         LCR       #||GPIO_setQualificationMode|| ; [CPU_ALU] |545| 
         00000009 0000 
    1929                      ; call occurs [#||GPIO_setQualificationMode||] ; [] |545| 
    1930                      .dwpsn  file "syscfg/board.c",line 546,column 2,is_stmt,isa 0
    1931 0000000a D400          MOVB      XAR4,#0               ; [CPU_ALU] |546| 
    1932 0000000b 0213          MOVB      ACC,#19               ; [CPU_ALU] |546| 
    1933              $C$DW$144       .dwtag  DW_TAG_TI_branch
    1934                      .dwattr $C$DW$144, DW_AT_low_pc(0x00)
    1935                      .dwattr $C$DW$144, DW_AT_name("GPIO_setDirectionMode")
TMS320C2000 Assembler Unix v25.11.0 Sat May 30 20:15:25 2026

Copyright (c) 1996-2018 Texas Instruments Incorporated
board.asm                                                            PAGE   42

    1936                      .dwattr $C$DW$144, DW_AT_TI_call
    1937              
    1938 0000000c 7640!         LCR       #||GPIO_setDirectionMode|| ; [CPU_ALU] |546| 
         0000000d 0000 
    1939                      ; call occurs [#||GPIO_setDirectionMode||] ; [] |546| 
    1940                      .dwpsn  file "syscfg/board.c",line 547,column 2,is_stmt,isa 0
    1941 0000000e D400          MOVB      XAR4,#0               ; [CPU_ALU] |547| 
    1942 0000000f 0213          MOVB      ACC,#19               ; [CPU_ALU] |547| 
    1943              $C$DW$145       .dwtag  DW_TAG_TI_branch
    1944                      .dwattr $C$DW$145, DW_AT_low_pc(0x00)
    1945                      .dwattr $C$DW$145, DW_AT_name("GPIO_setControllerCore")
    1946                      .dwattr $C$DW$145, DW_AT_TI_call
    1947              
    1948 00000010 7640!         LCR       #||GPIO_setControllerCore|| ; [CPU_ALU] |547| 
         00000011 0000 
    1949                      ; call occurs [#||GPIO_setControllerCore||] ; [] |547| 
    1950 00000012 FE82          SUBB      SP,#2                 ; [CPU_ARAU] 
    1951                      .dwcfi  cfa_offset, -2
    1952              $C$DW$146       .dwtag  DW_TAG_TI_branch
    1953                      .dwattr $C$DW$146, DW_AT_low_pc(0x00)
    1954                      .dwattr $C$DW$146, DW_AT_TI_return
    1955              
    1956 00000013 0006          LRETR     ; [CPU_ALU] 
    1957                      ; return occurs ; [] 
    1958                      .dwattr $C$DW$141, DW_AT_TI_end_file("syscfg/board.c")
    1959                      .dwattr $C$DW$141, DW_AT_TI_end_line(0x224)
    1960                      .dwattr $C$DW$141, DW_AT_TI_end_column(0x01)
    1961                      .dwendentry
    1962                      .dwendtag $C$DW$141
    1963              
    1964 00000000               .sect   ".text:DRV8305_SCS_init"
    1965                      .clink
    1966                      .global ||DRV8305_SCS_init||
    1967              
    1968              $C$DW$147       .dwtag  DW_TAG_subprogram
    1969                      .dwattr $C$DW$147, DW_AT_name("DRV8305_SCS_init")
    1970                      .dwattr $C$DW$147, DW_AT_low_pc(||DRV8305_SCS_init||)
    1971                      .dwattr $C$DW$147, DW_AT_high_pc(0x00)
    1972                      .dwattr $C$DW$147, DW_AT_linkage_name("DRV8305_SCS_init")
    1973                      .dwattr $C$DW$147, DW_AT_external
    1974                      .dwattr $C$DW$147, DW_AT_decl_file("syscfg/board.c")
    1975                      .dwattr $C$DW$147, DW_AT_decl_line(0x225)
    1976                      .dwattr $C$DW$147, DW_AT_decl_column(0x06)
    1977                      .dwattr $C$DW$147, DW_AT_TI_max_frame_size(-4)
    1978                      .dwpsn  file "syscfg/board.c",line 549,column 24,is_stmt,address ||DRV8305_SCS_init||,isa 0
    1979              
    1980                      .dwfde $C$DW$CIE, ||DRV8305_SCS_init||
    1981              
    1982              ;***************************************************************
    1983              ;* FNAME: DRV8305_SCS_init              FR SIZE:   2           *
    1984              ;*                                                             *
    1985              ;* FUNCTION ENVIRONMENT                                        *
    1986              ;*                                                             *
    1987              ;* FUNCTION PROPERTIES                                         *
    1988              ;*                            2 Parameter,  0 Auto,  0 SOE     *
TMS320C2000 Assembler Unix v25.11.0 Sat May 30 20:15:25 2026

Copyright (c) 1996-2018 Texas Instruments Incorporated
board.asm                                                            PAGE   43

    1989              ;***************************************************************
    1990              
    1991 00000000       ||DRV8305_SCS_init||:
    1992                      .dwcfi  cfa_offset, -2
    1993                      .dwcfi  save_reg_to_mem, 26, 0
    1994 00000000 FE02          ADDB      SP,#2                 ; [CPU_ARAU] 
    1995                      .dwcfi  cfa_offset, -4
    1996                      .dwpsn  file "syscfg/board.c",line 551,column 2,is_stmt,isa 0
    1997 00000001 BE00          MOVB      XAR6,#0               ; [CPU_ALU] |551| 
    1998                      .dwpsn  file "/home/jose/ti/c2000/C2000Ware_26_01_00_00/driverlib/f2837xd/driverlib/gpio.h",line 473,
    1999 00000002 FF2F          MOV       ACC,#16384 << 15      ; [CPU_ALU] |473| 
         00000003 4000 
    2000 00000004 BDA9          MOV32     *(0:0x7f0a),ACC       ; [CPU_FPU] |473| 
         00000005 7F0A 
    2001                      .dwpsn  file "syscfg/board.c",line 551,column 2,is_stmt,isa 0
    2002 00000006 C242          MOVL      *-SP[2],XAR6          ; [CPU_ALU] |551| 
    2003 00000007 023D          MOVB      ACC,#61               ; [CPU_ALU] |551| 
    2004              $C$DW$148       .dwtag  DW_TAG_TI_branch
    2005                      .dwattr $C$DW$148, DW_AT_low_pc(0x00)
    2006                      .dwattr $C$DW$148, DW_AT_name("GPIO_setPadConfig")
    2007                      .dwattr $C$DW$148, DW_AT_TI_call
    2008              
    2009 00000008 7640!         LCR       #||GPIO_setPadConfig|| ; [CPU_ALU] |551| 
         00000009 0000 
    2010                      ; call occurs [#||GPIO_setPadConfig||] ; [] |551| 
    2011                      .dwpsn  file "syscfg/board.c",line 552,column 2,is_stmt,isa 0
    2012 0000000a D400          MOVB      XAR4,#0               ; [CPU_ALU] |552| 
    2013 0000000b 023D          MOVB      ACC,#61               ; [CPU_ALU] |552| 
    2014              $C$DW$149       .dwtag  DW_TAG_TI_branch
    2015                      .dwattr $C$DW$149, DW_AT_low_pc(0x00)
    2016                      .dwattr $C$DW$149, DW_AT_name("GPIO_setQualificationMode")
    2017                      .dwattr $C$DW$149, DW_AT_TI_call
    2018              
    2019 0000000c 7640!         LCR       #||GPIO_setQualificationMode|| ; [CPU_ALU] |552| 
         0000000d 0000 
    2020                      ; call occurs [#||GPIO_setQualificationMode||] ; [] |552| 
    2021                      .dwpsn  file "syscfg/board.c",line 553,column 2,is_stmt,isa 0
    2022 0000000e D401          MOVB      XAR4,#1               ; [CPU_ALU] |553| 
    2023 0000000f 023D          MOVB      ACC,#61               ; [CPU_ALU] |553| 
    2024              $C$DW$150       .dwtag  DW_TAG_TI_branch
    2025                      .dwattr $C$DW$150, DW_AT_low_pc(0x00)
    2026                      .dwattr $C$DW$150, DW_AT_name("GPIO_setDirectionMode")
    2027                      .dwattr $C$DW$150, DW_AT_TI_call
    2028              
    2029 00000010 7640!         LCR       #||GPIO_setDirectionMode|| ; [CPU_ALU] |553| 
         00000011 0000 
    2030                      ; call occurs [#||GPIO_setDirectionMode||] ; [] |553| 
    2031                      .dwpsn  file "syscfg/board.c",line 554,column 2,is_stmt,isa 0
    2032 00000012 D400          MOVB      XAR4,#0               ; [CPU_ALU] |554| 
    2033 00000013 023D          MOVB      ACC,#61               ; [CPU_ALU] |554| 
    2034              $C$DW$151       .dwtag  DW_TAG_TI_branch
    2035                      .dwattr $C$DW$151, DW_AT_low_pc(0x00)
    2036                      .dwattr $C$DW$151, DW_AT_name("GPIO_setControllerCore")
    2037                      .dwattr $C$DW$151, DW_AT_TI_call
    2038              
TMS320C2000 Assembler Unix v25.11.0 Sat May 30 20:15:25 2026

Copyright (c) 1996-2018 Texas Instruments Incorporated
board.asm                                                            PAGE   44

    2039 00000014 7640!         LCR       #||GPIO_setControllerCore|| ; [CPU_ALU] |554| 
         00000015 0000 
    2040                      ; call occurs [#||GPIO_setControllerCore||] ; [] |554| 
    2041 00000016 FE82          SUBB      SP,#2                 ; [CPU_ARAU] 
    2042                      .dwcfi  cfa_offset, -2
    2043              $C$DW$152       .dwtag  DW_TAG_TI_branch
    2044                      .dwattr $C$DW$152, DW_AT_low_pc(0x00)
    2045                      .dwattr $C$DW$152, DW_AT_TI_return
    2046              
    2047 00000017 0006          LRETR     ; [CPU_ALU] 
    2048                      ; return occurs ; [] 
    2049                      .dwattr $C$DW$147, DW_AT_TI_end_file("syscfg/board.c")
    2050                      .dwattr $C$DW$147, DW_AT_TI_end_line(0x22b)
    2051                      .dwattr $C$DW$147, DW_AT_TI_end_column(0x01)
    2052                      .dwendentry
    2053                      .dwendtag $C$DW$147
    2054              
    2055 00000000               .sect   ".text:DRV8305_WAKE_init"
    2056                      .clink
    2057                      .global ||DRV8305_WAKE_init||
    2058              
    2059              $C$DW$153       .dwtag  DW_TAG_subprogram
    2060                      .dwattr $C$DW$153, DW_AT_name("DRV8305_WAKE_init")
    2061                      .dwattr $C$DW$153, DW_AT_low_pc(||DRV8305_WAKE_init||)
    2062                      .dwattr $C$DW$153, DW_AT_high_pc(0x00)
    2063                      .dwattr $C$DW$153, DW_AT_linkage_name("DRV8305_WAKE_init")
    2064                      .dwattr $C$DW$153, DW_AT_external
    2065                      .dwattr $C$DW$153, DW_AT_decl_file("syscfg/board.c")
    2066                      .dwattr $C$DW$153, DW_AT_decl_line(0x22c)
    2067                      .dwattr $C$DW$153, DW_AT_decl_column(0x06)
    2068                      .dwattr $C$DW$153, DW_AT_TI_max_frame_size(-4)
    2069                      .dwpsn  file "syscfg/board.c",line 556,column 25,is_stmt,address ||DRV8305_WAKE_init||,isa 0
    2070              
    2071                      .dwfde $C$DW$CIE, ||DRV8305_WAKE_init||
    2072              
    2073              ;***************************************************************
    2074              ;* FNAME: DRV8305_WAKE_init             FR SIZE:   2           *
    2075              ;*                                                             *
    2076              ;* FUNCTION ENVIRONMENT                                        *
    2077              ;*                                                             *
    2078              ;* FUNCTION PROPERTIES                                         *
    2079              ;*                            2 Parameter,  0 Auto,  0 SOE     *
    2080              ;***************************************************************
    2081              
    2082 00000000       ||DRV8305_WAKE_init||:
    2083                      .dwcfi  cfa_offset, -2
    2084                      .dwcfi  save_reg_to_mem, 26, 0
    2085 00000000 FE02          ADDB      SP,#2                 ; [CPU_ARAU] 
    2086                      .dwcfi  cfa_offset, -4
    2087                      .dwpsn  file "syscfg/board.c",line 558,column 2,is_stmt,isa 0
    2088 00000001 BE00          MOVB      XAR6,#0               ; [CPU_ALU] |558| 
    2089                      .dwpsn  file "/home/jose/ti/c2000/C2000Ware_26_01_00_00/driverlib/f2837xd/driverlib/gpio.h",line 473,
    2090 00000002 FF2F          MOV       ACC,#16384 << 15      ; [CPU_ALU] |473| 
         00000003 4000 
    2091 00000004 BDA9          MOV32     *(0:0x7f1a),ACC       ; [CPU_FPU] |473| 
TMS320C2000 Assembler Unix v25.11.0 Sat May 30 20:15:25 2026

Copyright (c) 1996-2018 Texas Instruments Incorporated
board.asm                                                            PAGE   45

         00000005 7F1A 
    2092                      .dwpsn  file "syscfg/board.c",line 558,column 2,is_stmt,isa 0
    2093 00000006 C242          MOVL      *-SP[2],XAR6          ; [CPU_ALU] |558| 
    2094 00000007 027D          MOVB      ACC,#125              ; [CPU_ALU] |558| 
    2095              $C$DW$154       .dwtag  DW_TAG_TI_branch
    2096                      .dwattr $C$DW$154, DW_AT_low_pc(0x00)
    2097                      .dwattr $C$DW$154, DW_AT_name("GPIO_setPadConfig")
    2098                      .dwattr $C$DW$154, DW_AT_TI_call
    2099              
    2100 00000008 7640!         LCR       #||GPIO_setPadConfig|| ; [CPU_ALU] |558| 
         00000009 0000 
    2101                      ; call occurs [#||GPIO_setPadConfig||] ; [] |558| 
    2102                      .dwpsn  file "syscfg/board.c",line 559,column 2,is_stmt,isa 0
    2103 0000000a D400          MOVB      XAR4,#0               ; [CPU_ALU] |559| 
    2104 0000000b 027D          MOVB      ACC,#125              ; [CPU_ALU] |559| 
    2105              $C$DW$155       .dwtag  DW_TAG_TI_branch
    2106                      .dwattr $C$DW$155, DW_AT_low_pc(0x00)
    2107                      .dwattr $C$DW$155, DW_AT_name("GPIO_setQualificationMode")
    2108                      .dwattr $C$DW$155, DW_AT_TI_call
    2109              
    2110 0000000c 7640!         LCR       #||GPIO_setQualificationMode|| ; [CPU_ALU] |559| 
         0000000d 0000 
    2111                      ; call occurs [#||GPIO_setQualificationMode||] ; [] |559| 
    2112                      .dwpsn  file "syscfg/board.c",line 560,column 2,is_stmt,isa 0
    2113 0000000e D401          MOVB      XAR4,#1               ; [CPU_ALU] |560| 
    2114 0000000f 027D          MOVB      ACC,#125              ; [CPU_ALU] |560| 
    2115              $C$DW$156       .dwtag  DW_TAG_TI_branch
    2116                      .dwattr $C$DW$156, DW_AT_low_pc(0x00)
    2117                      .dwattr $C$DW$156, DW_AT_name("GPIO_setDirectionMode")
    2118                      .dwattr $C$DW$156, DW_AT_TI_call
    2119              
    2120 00000010 7640!         LCR       #||GPIO_setDirectionMode|| ; [CPU_ALU] |560| 
         00000011 0000 
    2121                      ; call occurs [#||GPIO_setDirectionMode||] ; [] |560| 
    2122                      .dwpsn  file "syscfg/board.c",line 561,column 2,is_stmt,isa 0
    2123 00000012 D400          MOVB      XAR4,#0               ; [CPU_ALU] |561| 
    2124 00000013 027D          MOVB      ACC,#125              ; [CPU_ALU] |561| 
    2125              $C$DW$157       .dwtag  DW_TAG_TI_branch
    2126                      .dwattr $C$DW$157, DW_AT_low_pc(0x00)
    2127                      .dwattr $C$DW$157, DW_AT_name("GPIO_setControllerCore")
    2128                      .dwattr $C$DW$157, DW_AT_TI_call
    2129              
    2130 00000014 7640!         LCR       #||GPIO_setControllerCore|| ; [CPU_ALU] |561| 
         00000015 0000 
    2131                      ; call occurs [#||GPIO_setControllerCore||] ; [] |561| 
    2132 00000016 FE82          SUBB      SP,#2                 ; [CPU_ARAU] 
    2133                      .dwcfi  cfa_offset, -2
    2134              $C$DW$158       .dwtag  DW_TAG_TI_branch
    2135                      .dwattr $C$DW$158, DW_AT_low_pc(0x00)
    2136                      .dwattr $C$DW$158, DW_AT_TI_return
    2137              
    2138 00000017 0006          LRETR     ; [CPU_ALU] 
    2139                      ; return occurs ; [] 
    2140                      .dwattr $C$DW$153, DW_AT_TI_end_file("syscfg/board.c")
    2141                      .dwattr $C$DW$153, DW_AT_TI_end_line(0x232)
TMS320C2000 Assembler Unix v25.11.0 Sat May 30 20:15:25 2026

Copyright (c) 1996-2018 Texas Instruments Incorporated
board.asm                                                            PAGE   46

    2142                      .dwattr $C$DW$153, DW_AT_TI_end_column(0x01)
    2143                      .dwendentry
    2144                      .dwendtag $C$DW$153
    2145              
    2146 00000000               .sect   ".text:GPIO_init"
    2147                      .clink
    2148                      .global ||GPIO_init||
    2149              
    2150              $C$DW$159       .dwtag  DW_TAG_subprogram
    2151                      .dwattr $C$DW$159, DW_AT_name("GPIO_init")
    2152                      .dwattr $C$DW$159, DW_AT_low_pc(||GPIO_init||)
    2153                      .dwattr $C$DW$159, DW_AT_high_pc(0x00)
    2154                      .dwattr $C$DW$159, DW_AT_linkage_name("GPIO_init")
    2155                      .dwattr $C$DW$159, DW_AT_external
    2156                      .dwattr $C$DW$159, DW_AT_decl_file("syscfg/board.c")
    2157                      .dwattr $C$DW$159, DW_AT_decl_line(0x20a)
    2158                      .dwattr $C$DW$159, DW_AT_decl_column(0x06)
    2159                      .dwattr $C$DW$159, DW_AT_TI_max_frame_size(-2)
    2160                      .dwpsn  file "syscfg/board.c",line 522,column 17,is_stmt,address ||GPIO_init||,isa 0
    2161              
    2162                      .dwfde $C$DW$CIE, ||GPIO_init||
    2163              
    2164              ;***************************************************************
    2165              ;* FNAME: GPIO_init                     FR SIZE:   0           *
    2166              ;*                                                             *
    2167              ;* FUNCTION ENVIRONMENT                                        *
    2168              ;*                                                             *
    2169              ;* FUNCTION PROPERTIES                                         *
    2170              ;*                            0 Parameter,  0 Auto,  0 SOE     *
    2171              ;***************************************************************
    2172              
    2173 00000000       ||GPIO_init||:
    2174                      .dwcfi  cfa_offset, -2
    2175                      .dwcfi  save_reg_to_mem, 26, 0
    2176                      .dwpsn  file "syscfg/board.c",line 523,column 2,is_stmt,isa 0
    2177              $C$DW$160       .dwtag  DW_TAG_TI_branch
    2178                      .dwattr $C$DW$160, DW_AT_low_pc(0x00)
    2179                      .dwattr $C$DW$160, DW_AT_name("LED_STATUS_GPIO_init")
    2180                      .dwattr $C$DW$160, DW_AT_TI_call
    2181              
    2182 00000000 7640!         LCR       #||LED_STATUS_GPIO_init|| ; [CPU_ALU] |523| 
         00000001 0000 
    2183                      ; call occurs [#||LED_STATUS_GPIO_init||] ; [] |523| 
    2184                      .dwpsn  file "syscfg/board.c",line 524,column 2,is_stmt,isa 0
    2185              $C$DW$161       .dwtag  DW_TAG_TI_branch
    2186                      .dwattr $C$DW$161, DW_AT_low_pc(0x00)
    2187                      .dwattr $C$DW$161, DW_AT_name("DRV8305_EN_GATE_init")
    2188                      .dwattr $C$DW$161, DW_AT_TI_call
    2189              
    2190 00000002 7640!         LCR       #||DRV8305_EN_GATE_init|| ; [CPU_ALU] |524| 
         00000003 0000 
    2191                      ; call occurs [#||DRV8305_EN_GATE_init||] ; [] |524| 
    2192                      .dwpsn  file "syscfg/board.c",line 525,column 2,is_stmt,isa 0
    2193              $C$DW$162       .dwtag  DW_TAG_TI_branch
    2194                      .dwattr $C$DW$162, DW_AT_low_pc(0x00)
TMS320C2000 Assembler Unix v25.11.0 Sat May 30 20:15:25 2026

Copyright (c) 1996-2018 Texas Instruments Incorporated
board.asm                                                            PAGE   47

    2195                      .dwattr $C$DW$162, DW_AT_name("DRV8305_NFAULT_init")
    2196                      .dwattr $C$DW$162, DW_AT_TI_call
    2197              
    2198 00000004 7640!         LCR       #||DRV8305_NFAULT_init|| ; [CPU_ALU] |525| 
         00000005 0000 
    2199                      ; call occurs [#||DRV8305_NFAULT_init||] ; [] |525| 
    2200                      .dwpsn  file "syscfg/board.c",line 526,column 2,is_stmt,isa 0
    2201              $C$DW$163       .dwtag  DW_TAG_TI_branch
    2202                      .dwattr $C$DW$163, DW_AT_low_pc(0x00)
    2203                      .dwattr $C$DW$163, DW_AT_name("DRV8305_SCS_init")
    2204                      .dwattr $C$DW$163, DW_AT_TI_call
    2205              
    2206 00000006 7640!         LCR       #||DRV8305_SCS_init|| ; [CPU_ALU] |526| 
         00000007 0000 
    2207                      ; call occurs [#||DRV8305_SCS_init||] ; [] |526| 
    2208                      .dwpsn  file "syscfg/board.c",line 527,column 2,is_stmt,isa 0
    2209              $C$DW$164       .dwtag  DW_TAG_TI_branch
    2210                      .dwattr $C$DW$164, DW_AT_low_pc(0x00)
    2211                      .dwattr $C$DW$164, DW_AT_name("DRV8305_WAKE_init")
    2212                      .dwattr $C$DW$164, DW_AT_TI_call
    2213              
    2214 00000008 7640!         LCR       #||DRV8305_WAKE_init|| ; [CPU_ALU] |527| 
         00000009 0000 
    2215                      ; call occurs [#||DRV8305_WAKE_init||] ; [] |527| 
    2216              $C$DW$165       .dwtag  DW_TAG_TI_branch
    2217                      .dwattr $C$DW$165, DW_AT_low_pc(0x00)
    2218                      .dwattr $C$DW$165, DW_AT_TI_return
    2219              
    2220 0000000a 0006          LRETR     ; [CPU_ALU] 
    2221                      ; return occurs ; [] 
    2222                      .dwattr $C$DW$159, DW_AT_TI_end_file("syscfg/board.c")
    2223                      .dwattr $C$DW$159, DW_AT_TI_end_line(0x210)
    2224                      .dwattr $C$DW$159, DW_AT_TI_end_column(0x01)
    2225                      .dwendentry
    2226                      .dwendtag $C$DW$159
    2227              
    2228 00000000               .sect   ".text:EPWM_init"
    2229                      .clink
    2230                      .global ||EPWM_init||
    2231              
    2232              $C$DW$166       .dwtag  DW_TAG_subprogram
    2233                      .dwattr $C$DW$166, DW_AT_name("EPWM_init")
    2234                      .dwattr $C$DW$166, DW_AT_low_pc(||EPWM_init||)
    2235                      .dwattr $C$DW$166, DW_AT_high_pc(0x00)
    2236                      .dwattr $C$DW$166, DW_AT_linkage_name("EPWM_init")
    2237                      .dwattr $C$DW$166, DW_AT_external
    2238                      .dwattr $C$DW$166, DW_AT_decl_file("syscfg/board.c")
    2239                      .dwattr $C$DW$166, DW_AT_decl_line(0x155)
    2240                      .dwattr $C$DW$166, DW_AT_decl_column(0x06)
    2241                      .dwattr $C$DW$166, DW_AT_TI_max_frame_size(-2)
    2242                      .dwpsn  file "syscfg/board.c",line 341,column 17,is_stmt,address ||EPWM_init||,isa 0
    2243              
    2244                      .dwfde $C$DW$CIE, ||EPWM_init||
    2245              
    2246              ;***************************************************************
TMS320C2000 Assembler Unix v25.11.0 Sat May 30 20:15:25 2026

Copyright (c) 1996-2018 Texas Instruments Incorporated
board.asm                                                            PAGE   48

    2247              ;* FNAME: EPWM_init                     FR SIZE:   0           *
    2248              ;*                                                             *
    2249              ;* FUNCTION ENVIRONMENT                                        *
    2250              ;*                                                             *
    2251              ;* FUNCTION PROPERTIES                                         *
    2252              ;*                            0 Parameter,  0 Auto,  0 SOE     *
    2253              ;***************************************************************
    2254              
    2255 00000000       ||EPWM_init||:
    2256                      .dwcfi  cfa_offset, -2
    2257                      .dwcfi  save_reg_to_mem, 26, 0
    2258                      .dwpsn  file "/home/jose/ti/c2000/C2000Ware_26_01_00_00/driverlib/f2837xd/driverlib/epwm.h",line 1627
    2259 00000000 F5A9          MOV       AL,*(0:0x4000)        ; [CPU_ALU] |1627| 
         00000001 4000 
    2260                      .dwpsn  file "/home/jose/ti/c2000/C2000Ware_26_01_00_00/driverlib/f2837xd/driverlib/epwm.h",line 2182
    2261 00000002 7680          MOVL      XAR6,#5000            ; [CPU_ALU] |2182| 
         00000003 1388 
    2262                      .dwpsn  file "/home/jose/ti/c2000/C2000Ware_26_01_00_00/driverlib/f2837xd/driverlib/epwm.h",line 1549
    2263 00000004 9B00          MOVB      AH,#0                 ; [CPU_ALU] |1549| 
    2264                      .dwpsn  file "/home/jose/ti/c2000/C2000Ware_26_01_00_00/driverlib/f2837xd/driverlib/epwm.h",line 1627
    2265 00000005 CCA9          AND       AL,AL,#0xe0ff         ; [CPU_ALU] |1627| 
         00000006 E0FF 
    2266 00000007 5080          ORB       AL,#0x80              ; [CPU_ALU] |1627| 
    2267 00000008 F4A9          MOV       *(0:0x4000),AL        ; [CPU_ALU] |1627| 
         00000009 4000 
    2268                      .dwpsn  file "/home/jose/ti/c2000/C2000Ware_26_01_00_00/driverlib/f2837xd/driverlib/epwm.h",line 2182
    2269 0000000a F4A6          MOV       *(0:0x4063),AR6       ; [CPU_ALU] |2182| 
         0000000b 4063 
    2270                      .dwpsn  file "/home/jose/ti/c2000/C2000Ware_26_01_00_00/driverlib/f2837xd/driverlib/epwm.h",line 1549
    2271 0000000c F4A8          MOV       *(0:0x4004),AH        ; [CPU_ALU] |1549| 
         0000000d 4004 
    2272                      .dwpsn  file "/home/jose/ti/c2000/C2000Ware_26_01_00_00/driverlib/f2837xd/driverlib/epwm.h",line 1849
    2273 0000000e F5A9          MOV       AL,*(0:0x4000)        ; [CPU_ALU] |1849| 
         0000000f 4000 
    2274 00000010 CCA9          AND       AL,AL,#0xfffe         ; [CPU_ALU] |1849| 
         00000011 FFFE 
    2275 00000012 5002          ORB       AL,#0x02              ; [CPU_ALU] |1849| 
    2276 00000013 F4A9          MOV       *(0:0x4000),AL        ; [CPU_ALU] |1849| 
         00000014 4000 
    2277                      .dwpsn  file "/home/jose/ti/c2000/C2000Ware_26_01_00_00/driverlib/f2837xd/driverlib/epwm.h",line 1818
    2278 00000015 F5A9          MOV       AL,*(0:0x4000)        ; [CPU_ALU] |1818| 
         00000016 4000 
    2279 00000017 18A9          AND       AL,#0xfffb            ; [CPU_ALU] |1818| 
         00000018 FFFB 
    2280 00000019 F4A9          MOV       *(0:0x4000),AL        ; [CPU_ALU] |1818| 
         0000001a 4000 
    2281                      .dwpsn  file "/home/jose/ti/c2000/C2000Ware_26_01_00_00/driverlib/f2837xd/driverlib/epwm.h",line 2148
    2282 0000001b BFA9          MOV32     ACC,*(0:0x4060)       ; [CPU_FPU] |2148| 
         0000001c 4060 
    2283 0000001d 9100          ANDB      AH,#0                 ; [CPU_ALU] |2148| 
    2284 0000001e BDA9          MOV32     *(0:0x4060),ACC       ; [CPU_FPU] |2148| 
         0000001f 4060 
    2285                      .dwpsn  file "/home/jose/ti/c2000/C2000Ware_26_01_00_00/driverlib/f2837xd/driverlib/epwm.h",line 2446
    2286 00000020 28A8          MOV       AH,#2500              ; [CPU_ALU] |2446| 
         00000021 09C4 
TMS320C2000 Assembler Unix v25.11.0 Sat May 30 20:15:25 2026

Copyright (c) 1996-2018 Texas Instruments Incorporated
board.asm                                                            PAGE   49

    2287                      .dwpsn  file "/home/jose/ti/c2000/C2000Ware_26_01_00_00/driverlib/f2837xd/driverlib/epwm.h",line 1706
    2288 00000022 F5A9          MOV       AL,*(0:0x4000)        ; [CPU_ALU] |1706| 
         00000023 4000 
    2289 00000024 CCA9          AND       AL,AL,#0xffdf         ; [CPU_ALU] |1706| 
         00000025 FFDF 
    2290 00000026 5010          ORB       AL,#0x10              ; [CPU_ALU] |1706| 
    2291 00000027 F4A9          MOV       *(0:0x4000),AL        ; [CPU_ALU] |1706| 
         00000028 4000 
    2292                      .dwpsn  file "/home/jose/ti/c2000/C2000Ware_26_01_00_00/driverlib/f2837xd/driverlib/epwm.h",line 2446
    2293 00000029 F4A8          MOV       *(0:0x406b),AH        ; [CPU_ALU] |2446| 
         0000002a 406B 
    2294 0000002b 9B00          MOVB      AH,#0                 ; [CPU_ALU] |2446| 
    2295                      .dwpsn  file "/home/jose/ti/c2000/C2000Ware_26_01_00_00/driverlib/f2837xd/driverlib/epwm.h",line 2341
    2296 0000002c F5A9          MOV       AL,*(0:0x4008)        ; [CPU_ALU] |2341| 
         0000002d 4008 
    2297 0000002e 18A9          AND       AL,#0xf3ec            ; [CPU_ALU] |2341| 
         0000002f F3EC 
    2298 00000030 F4A9          MOV       *(0:0x4008),AL        ; [CPU_ALU] |2341| 
         00000031 4008 
    2299                      .dwpsn  file "/home/jose/ti/c2000/C2000Ware_26_01_00_00/driverlib/f2837xd/driverlib/epwm.h",line 2446
    2300 00000032 F4A8          MOV       *(0:0x406d),AH        ; [CPU_ALU] |2446| 
         00000033 406D 
    2301                      .dwpsn  file "/home/jose/ti/c2000/C2000Ware_26_01_00_00/driverlib/f2837xd/driverlib/epwm.h",line 2341
    2302 00000034 F5A9          MOV       AL,*(0:0x4008)        ; [CPU_ALU] |2341| 
         00000035 4008 
    2303 00000036 18A9          AND       AL,#0xcfb3            ; [CPU_ALU] |2341| 
         00000037 CFB3 
    2304                      .dwpsn  file "/home/jose/ti/c2000/C2000Ware_26_01_00_00/driverlib/f2837xd/driverlib/epwm.h",line 3668
    2305 00000038 9B32          MOVB      AH,#50                ; [CPU_FPU] |3668| 
    2306                      .dwpsn  file "/home/jose/ti/c2000/C2000Ware_26_01_00_00/driverlib/f2837xd/driverlib/epwm.h",line 2341
    2307 00000039 F4A9          MOV       *(0:0x4008),AL        ; [CPU_ALU] |2341| 
         0000003a 4008 
    2308                      .dwpsn  file "/home/jose/ti/c2000/C2000Ware_26_01_00_00/driverlib/f2837xd/driverlib/epwm.h",line 2647
    2309 0000003b F5A9          MOV       AL,*(0:0x4010)        ; [CPU_ALU] |2647| 
         0000003c 4010 
    2310 0000003d 18A9          AND       AL,#0xffef            ; [CPU_ALU] |2647| 
         0000003e FFEF 
    2311 0000003f F4A9          MOV       *(0:0x4010),AL        ; [CPU_ALU] |2647| 
         00000040 4010 
    2312                      .dwpsn  file "/home/jose/ti/c2000/C2000Ware_26_01_00_00/driverlib/f2837xd/driverlib/epwm.h",line 2805
    2313 00000041 F5A9          MOV       AL,*(0:0x4040)        ; [CPU_ALU] |2805| 
         00000042 4040 
    2314 00000043 18A9          AND       AL,#0xfffc            ; [CPU_ALU] |2805| 
         00000044 FFFC 
    2315 00000045 F4A9          MOV       *(0:0x4040),AL        ; [CPU_ALU] |2805| 
         00000046 4040 
    2316 00000047 F5A9          MOV       AL,*(0:0x4040)        ; [CPU_ALU] |2805| 
         00000048 4040 
    2317 00000049 18A9          AND       AL,#0xfff3            ; [CPU_ALU] |2805| 
         0000004a FFF3 
    2318 0000004b F4A9          MOV       *(0:0x4040),AL        ; [CPU_ALU] |2805| 
         0000004c 4040 
    2319 0000004d F5A9          MOV       AL,*(0:0x4040)        ; [CPU_ALU] |2805| 
         0000004e 4040 
    2320 0000004f CCA9          AND       AL,AL,#0xffef         ; [CPU_ALU] |2805| 
TMS320C2000 Assembler Unix v25.11.0 Sat May 30 20:15:25 2026

Copyright (c) 1996-2018 Texas Instruments Incorporated
board.asm                                                            PAGE   50

         00000050 FFEF 
    2321 00000051 5020          ORB       AL,#0x20              ; [CPU_ALU] |2805| 
    2322 00000052 F4A9          MOV       *(0:0x4040),AL        ; [CPU_ALU] |2805| 
         00000053 4040 
    2323 00000054 F5A9          MOV       AL,*(0:0x4040)        ; [CPU_ALU] |2805| 
         00000055 4040 
    2324 00000056 CCA9          AND       AL,AL,#0xff7f         ; [CPU_ALU] |2805| 
         00000057 FF7F 
    2325 00000058 5040          ORB       AL,#0x40              ; [CPU_ALU] |2805| 
    2326 00000059 F4A9          MOV       *(0:0x4040),AL        ; [CPU_ALU] |2805| 
         0000005a 4040 
    2327 0000005b F5A9          MOV       AL,*(0:0x4040)        ; [CPU_ALU] |2805| 
         0000005c 4040 
    2328 0000005d 18A9          AND       AL,#0xfcff            ; [CPU_ALU] |2805| 
         0000005e FCFF 
    2329 0000005f F4A9          MOV       *(0:0x4040),AL        ; [CPU_ALU] |2805| 
         00000060 4040 
    2330 00000061 F5A9          MOV       AL,*(0:0x4040)        ; [CPU_ALU] |2805| 
         00000062 4040 
    2331 00000063 18A9          AND       AL,#0xf3ff            ; [CPU_ALU] |2805| 
         00000064 F3FF 
    2332 00000065 F4A9          MOV       *(0:0x4040),AL        ; [CPU_ALU] |2805| 
         00000066 4040 
    2333                      .dwpsn  file "/home/jose/ti/c2000/C2000Ware_26_01_00_00/driverlib/f2837xd/driverlib/epwm.h",line 2647
    2334 00000067 F5A9          MOV       AL,*(0:0x4010)        ; [CPU_ALU] |2647| 
         00000068 4010 
    2335 00000069 18A9          AND       AL,#0xffbf            ; [CPU_ALU] |2647| 
         0000006a FFBF 
    2336 0000006b F4A9          MOV       *(0:0x4010),AL        ; [CPU_ALU] |2647| 
         0000006c 4010 
    2337                      .dwpsn  file "/home/jose/ti/c2000/C2000Ware_26_01_00_00/driverlib/f2837xd/driverlib/epwm.h",line 2805
    2338 0000006d F5A9          MOV       AL,*(0:0x4042)        ; [CPU_ALU] |2805| 
         0000006e 4042 
    2339 0000006f 18A9          AND       AL,#0xfffc            ; [CPU_ALU] |2805| 
         00000070 FFFC 
    2340 00000071 F4A9          MOV       *(0:0x4042),AL        ; [CPU_ALU] |2805| 
         00000072 4042 
    2341 00000073 F5A9          MOV       AL,*(0:0x4042)        ; [CPU_ALU] |2805| 
         00000074 4042 
    2342 00000075 18A9          AND       AL,#0xfff3            ; [CPU_ALU] |2805| 
         00000076 FFF3 
    2343 00000077 F4A9          MOV       *(0:0x4042),AL        ; [CPU_ALU] |2805| 
         00000078 4042 
    2344 00000079 F5A9          MOV       AL,*(0:0x4042)        ; [CPU_ALU] |2805| 
         0000007a 4042 
    2345 0000007b 18A9          AND       AL,#0xffcf            ; [CPU_ALU] |2805| 
         0000007c FFCF 
    2346 0000007d F4A9          MOV       *(0:0x4042),AL        ; [CPU_ALU] |2805| 
         0000007e 4042 
    2347 0000007f F5A9          MOV       AL,*(0:0x4042)        ; [CPU_ALU] |2805| 
         00000080 4042 
    2348 00000081 18A9          AND       AL,#0xff3f            ; [CPU_ALU] |2805| 
         00000082 FF3F 
    2349 00000083 F4A9          MOV       *(0:0x4042),AL        ; [CPU_ALU] |2805| 
         00000084 4042 
TMS320C2000 Assembler Unix v25.11.0 Sat May 30 20:15:25 2026

Copyright (c) 1996-2018 Texas Instruments Incorporated
board.asm                                                            PAGE   51

    2350 00000085 F5A9          MOV       AL,*(0:0x4042)        ; [CPU_ALU] |2805| 
         00000086 4042 
    2351 00000087 18A9          AND       AL,#0xfcff            ; [CPU_ALU] |2805| 
         00000088 FCFF 
    2352 00000089 F4A9          MOV       *(0:0x4042),AL        ; [CPU_ALU] |2805| 
         0000008a 4042 
    2353 0000008b F5A9          MOV       AL,*(0:0x4042)        ; [CPU_ALU] |2805| 
         0000008c 4042 
    2354 0000008d 18A9          AND       AL,#0xf3ff            ; [CPU_ALU] |2805| 
         0000008e F3FF 
    2355 0000008f F4A9          MOV       *(0:0x4042),AL        ; [CPU_ALU] |2805| 
         00000090 4042 
    2356                      .dwpsn  file "/home/jose/ti/c2000/C2000Ware_26_01_00_00/driverlib/f2837xd/driverlib/epwm.h",line 3323
    2357 00000091 F5A9          MOV       AL,*(0:0x400c)        ; [CPU_ALU] |3323| 
         00000092 400C 
    2358 00000093 5008          ORB       AL,#0x08              ; [CPU_ALU] |3323| 
    2359 00000094 F4A9          MOV       *(0:0x400c),AL        ; [CPU_ALU] |3323| 
         00000095 400C 
    2360                      .dwpsn  file "/home/jose/ti/c2000/C2000Ware_26_01_00_00/driverlib/f2837xd/driverlib/epwm.h",line 3274
    2361 00000096 F5A9          MOV       AL,*(0:0x400c)        ; [CPU_ALU] |3274| 
         00000097 400C 
    2362 00000098 5002          ORB       AL,#0x02              ; [CPU_ALU] |3274| 
    2363 00000099 F4A9          MOV       *(0:0x400c),AL        ; [CPU_ALU] |3274| 
         0000009a 400C 
    2364                      .dwpsn  file "/home/jose/ti/c2000/C2000Ware_26_01_00_00/driverlib/f2837xd/driverlib/epwm.h",line 3510
    2365 0000009b F5A9          MOV       AL,*(0:0x400c)        ; [CPU_ALU] |3510| 
         0000009c 400C 
    2366 0000009d 18A9          AND       AL,#0xff3f            ; [CPU_ALU] |3510| 
         0000009e FF3F 
    2367 0000009f 1AA9          OR        AL,#0x0400            ; [CPU_ALU] |3510| 
         000000a0 0400 
    2368 000000a1 F4A9          MOV       *(0:0x400c),AL        ; [CPU_ALU] |3510| 
         000000a2 400C 
    2369                      .dwpsn  file "/home/jose/ti/c2000/C2000Ware_26_01_00_00/driverlib/f2837xd/driverlib/epwm.h",line 3539
    2370 000000a3 F5A9          MOV       AL,*(0:0x400c)        ; [CPU_ALU] |3539| 
         000000a4 400C 
    2371 000000a5 18A9          AND       AL,#0xfbff            ; [CPU_ALU] |3539| 
         000000a6 FBFF 
    2372 000000a7 F4A9          MOV       *(0:0x400c),AL        ; [CPU_ALU] |3539| 
         000000a8 400C 
    2373                      .dwpsn  file "/home/jose/ti/c2000/C2000Ware_26_01_00_00/driverlib/f2837xd/driverlib/epwm.h",line 3668
    2374 000000a9 F4A8          MOV       *(0:0x4051),AH        ; [CPU_ALU] |3668| 
         000000aa 4051 
    2375                      .dwpsn  file "/home/jose/ti/c2000/C2000Ware_26_01_00_00/driverlib/f2837xd/driverlib/epwm.h",line 3696
    2376 000000ab 9B32          MOVB      AH,#50                ; [CPU_ALU] |3696| 
    2377                      .dwpsn  file "/home/jose/ti/c2000/C2000Ware_26_01_00_00/driverlib/f2837xd/driverlib/epwm.h",line 3274
    2378 000000ac F5A9          MOV       AL,*(0:0x400c)        ; [CPU_ALU] |3274| 
         000000ad 400C 
    2379 000000ae 5001          ORB       AL,#0x01              ; [CPU_ALU] |3274| 
    2380 000000af F4A9          MOV       *(0:0x400c),AL        ; [CPU_ALU] |3274| 
         000000b0 400C 
    2381                      .dwpsn  file "/home/jose/ti/c2000/C2000Ware_26_01_00_00/driverlib/f2837xd/driverlib/epwm.h",line 3574
    2382 000000b1 F5A9          MOV       AL,*(0:0x400c)        ; [CPU_ALU] |3574| 
         000000b2 400C 
    2383 000000b3 18A9          AND       AL,#0xfcff            ; [CPU_ALU] |3574| 
TMS320C2000 Assembler Unix v25.11.0 Sat May 30 20:15:25 2026

Copyright (c) 1996-2018 Texas Instruments Incorporated
board.asm                                                            PAGE   52

         000000b4 FCFF 
    2384 000000b5 1AA9          OR        AL,#0x0800            ; [CPU_ALU] |3574| 
         000000b6 0800 
    2385 000000b7 F4A9          MOV       *(0:0x400c),AL        ; [CPU_ALU] |3574| 
         000000b8 400C 
    2386                      .dwpsn  file "/home/jose/ti/c2000/C2000Ware_26_01_00_00/driverlib/f2837xd/driverlib/epwm.h",line 3604
    2387 000000b9 F5A9          MOV       AL,*(0:0x400c)        ; [CPU_ALU] |3604| 
         000000ba 400C 
    2388 000000bb 18A9          AND       AL,#0xf7ff            ; [CPU_ALU] |3604| 
         000000bc F7FF 
    2389 000000bd F4A9          MOV       *(0:0x400c),AL        ; [CPU_ALU] |3604| 
         000000be 400C 
    2390                      .dwpsn  file "/home/jose/ti/c2000/C2000Ware_26_01_00_00/driverlib/f2837xd/driverlib/epwm.h",line 3696
    2391 000000bf F4A8          MOV       *(0:0x4053),AH        ; [CPU_ALU] |3696| 
         000000c0 4053 
    2392                      .dwpsn  file "/home/jose/ti/c2000/C2000Ware_26_01_00_00/driverlib/f2837xd/driverlib/epwm.h",line 1549
    2393 000000c1 9B00          MOVB      AH,#0                 ; [CPU_ALU] |1549| 
    2394                      .dwpsn  file "/home/jose/ti/c2000/C2000Ware_26_01_00_00/driverlib/f2837xd/driverlib/epwm.h",line 3448
    2395 000000c2 F5A9          MOV       AL,*(0:0x400d)        ; [CPU_ALU] |3448| 
         000000c3 400D 
    2396 000000c4 CCA9          AND       AL,AL,#0xfffc         ; [CPU_ALU] |3448| 
         000000c5 FFFC 
    2397 000000c6 5004          ORB       AL,#0x04              ; [CPU_ALU] |3448| 
    2398 000000c7 F4A9          MOV       *(0:0x400d),AL        ; [CPU_ALU] |3448| 
         000000c8 400D 
    2399                      .dwpsn  file "/home/jose/ti/c2000/C2000Ware_26_01_00_00/driverlib/f2837xd/driverlib/epwm.h",line 3476
    2400 000000c9 F5A9          MOV       AL,*(0:0x400d)        ; [CPU_ALU] |3476| 
         000000ca 400D 
    2401 000000cb 18A9          AND       AL,#0xfffb            ; [CPU_ALU] |3476| 
         000000cc FFFB 
    2402 000000cd F4A9          MOV       *(0:0x400d),AL        ; [CPU_ALU] |3476| 
         000000ce 400D 
    2403                      .dwpsn  file "/home/jose/ti/c2000/C2000Ware_26_01_00_00/driverlib/f2837xd/driverlib/epwm.h",line 5071
    2404 000000cf F5A9          MOV       AL,*(0:0x40a4)        ; [CPU_ALU] |5071| 
         000000d0 40A4 
    2405 000000d1 1AA9          OR        AL,#0x0800            ; [CPU_ALU] |5071| 
         000000d2 0800 
    2406 000000d3 F4A9          MOV       *(0:0x40a4),AL        ; [CPU_ALU] |5071| 
         000000d4 40A4 
    2407                      .dwpsn  file "/home/jose/ti/c2000/C2000Ware_26_01_00_00/driverlib/f2837xd/driverlib/epwm.h",line 5175
    2408 000000d5 F5A9          MOV       AL,*(0:0x40a4)        ; [CPU_ALU] |5175| 
         000000d6 40A4 
    2409 000000d7 18A9          AND       AL,#0xf9ff            ; [CPU_ALU] |5175| 
         000000d8 F9FF 
    2410 000000d9 1AA9          OR        AL,#0x0100            ; [CPU_ALU] |5175| 
         000000da 0100 
    2411 000000db F4A9          MOV       *(0:0x40a4),AL        ; [CPU_ALU] |5175| 
         000000dc 40A4 
    2412                      .dwpsn  file "/home/jose/ti/c2000/C2000Ware_26_01_00_00/driverlib/f2837xd/driverlib/epwm.h",line 5287
    2413 000000dd F5A9          MOV       AL,*(0:0x40a6)        ; [CPU_ALU] |5287| 
         000000de 40A6 
    2414 000000df 5020          ORB       AL,#0x20              ; [CPU_ALU] |5287| 
    2415 000000e0 F4A9          MOV       *(0:0x40a6),AL        ; [CPU_ALU] |5287| 
         000000e1 40A6 
    2416                      .dwpsn  file "/home/jose/ti/c2000/C2000Ware_26_01_00_00/driverlib/f2837xd/driverlib/epwm.h",line 5293
TMS320C2000 Assembler Unix v25.11.0 Sat May 30 20:15:25 2026

Copyright (c) 1996-2018 Texas Instruments Incorporated
board.asm                                                            PAGE   53

    2417 000000e2 F5A9          MOV       AL,*(0:0x40b0)        ; [CPU_ALU] |5293| 
         000000e3 40B0 
    2418 000000e4 CCA9          AND       AL,AL,#0xfff0         ; [CPU_ALU] |5293| 
         000000e5 FFF0 
    2419 000000e6 5001          ORB       AL,#0x01              ; [CPU_ALU] |5293| 
    2420 000000e7 F4A9          MOV       *(0:0x40b0),AL        ; [CPU_ALU] |5293| 
         000000e8 40B0 
    2421                      .dwpsn  file "/home/jose/ti/c2000/C2000Ware_26_01_00_00/driverlib/f2837xd/driverlib/epwm.h",line 1627
    2422 000000e9 F5A9          MOV       AL,*(0:0x4100)        ; [CPU_ALU] |1627| 
         000000ea 4100 
    2423 000000eb CCA9          AND       AL,AL,#0xe0ff         ; [CPU_ALU] |1627| 
         000000ec E0FF 
    2424 000000ed 5080          ORB       AL,#0x80              ; [CPU_ALU] |1627| 
    2425 000000ee F4A9          MOV       *(0:0x4100),AL        ; [CPU_ALU] |1627| 
         000000ef 4100 
    2426                      .dwpsn  file "/home/jose/ti/c2000/C2000Ware_26_01_00_00/driverlib/f2837xd/driverlib/epwm.h",line 2182
    2427 000000f0 F4A6          MOV       *(0:0x4163),AR6       ; [CPU_ALU] |2182| 
         000000f1 4163 
    2428                      .dwpsn  file "/home/jose/ti/c2000/C2000Ware_26_01_00_00/driverlib/f2837xd/driverlib/epwm.h",line 1549
    2429 000000f2 F4A8          MOV       *(0:0x4104),AH        ; [CPU_ALU] |1549| 
         000000f3 4104 
    2430                      .dwpsn  file "/home/jose/ti/c2000/C2000Ware_26_01_00_00/driverlib/f2837xd/driverlib/epwm.h",line 1849
    2431 000000f4 F5A9          MOV       AL,*(0:0x4100)        ; [CPU_ALU] |1849| 
         000000f5 4100 
    2432 000000f6 CCA9          AND       AL,AL,#0xfffe         ; [CPU_ALU] |1849| 
         000000f7 FFFE 
    2433 000000f8 5002          ORB       AL,#0x02              ; [CPU_ALU] |1849| 
    2434 000000f9 F4A9          MOV       *(0:0x4100),AL        ; [CPU_ALU] |1849| 
         000000fa 4100 
    2435                      .dwpsn  file "/home/jose/ti/c2000/C2000Ware_26_01_00_00/driverlib/f2837xd/driverlib/epwm.h",line 1581
    2436 000000fb F5A9          MOV       AL,*(0:0x4100)        ; [CPU_ALU] |1581| 
         000000fc 4100 
    2437 000000fd 1AA9          OR        AL,#0x2000            ; [CPU_ALU] |1581| 
         000000fe 2000 
    2438 000000ff F4A9          MOV       *(0:0x4100),AL        ; [CPU_ALU] |1581| 
         00000100 4100 
    2439                      .dwpsn  file "/home/jose/ti/c2000/C2000Ware_26_01_00_00/driverlib/f2837xd/driverlib/epwm.h",line 1793
    2440 00000101 F5A9          MOV       AL,*(0:0x4100)        ; [CPU_ALU] |1793| 
         00000102 4100 
    2441 00000103 5004          ORB       AL,#0x04              ; [CPU_ALU] |1793| 
    2442 00000104 F4A9          MOV       *(0:0x4100),AL        ; [CPU_ALU] |1793| 
         00000105 4100 
    2443                      .dwpsn  file "/home/jose/ti/c2000/C2000Ware_26_01_00_00/driverlib/f2837xd/driverlib/epwm.h",line 2148
    2444 00000106 BFA9          MOV32     ACC,*(0:0x4160)       ; [CPU_FPU] |2148| 
         00000107 4160 
    2445 00000108 9100          ANDB      AH,#0                 ; [CPU_ALU] |2148| 
    2446 00000109 BDA9          MOV32     *(0:0x4160),ACC       ; [CPU_FPU] |2148| 
         0000010a 4160 
    2447                      .dwpsn  file "/home/jose/ti/c2000/C2000Ware_26_01_00_00/driverlib/f2837xd/driverlib/epwm.h",line 2446
    2448 0000010b 28A8          MOV       AH,#2500              ; [CPU_ALU] |2446| 
         0000010c 09C4 
    2449                      .dwpsn  file "/home/jose/ti/c2000/C2000Ware_26_01_00_00/driverlib/f2837xd/driverlib/epwm.h",line 1706
    2450 0000010d F5A9          MOV       AL,*(0:0x4100)        ; [CPU_ALU] |1706| 
         0000010e 4100 
    2451 0000010f 18A9          AND       AL,#0xffcf            ; [CPU_ALU] |1706| 
TMS320C2000 Assembler Unix v25.11.0 Sat May 30 20:15:25 2026

Copyright (c) 1996-2018 Texas Instruments Incorporated
board.asm                                                            PAGE   54

         00000110 FFCF 
    2452 00000111 F4A9          MOV       *(0:0x4100),AL        ; [CPU_ALU] |1706| 
         00000112 4100 
    2453                      .dwpsn  file "/home/jose/ti/c2000/C2000Ware_26_01_00_00/driverlib/f2837xd/driverlib/epwm.h",line 2446
    2454 00000113 F4A8          MOV       *(0:0x416b),AH        ; [CPU_ALU] |2446| 
         00000114 416B 
    2455 00000115 9B00          MOVB      AH,#0                 ; [CPU_ALU] |2446| 
    2456                      .dwpsn  file "/home/jose/ti/c2000/C2000Ware_26_01_00_00/driverlib/f2837xd/driverlib/epwm.h",line 2341
    2457 00000116 F5A9          MOV       AL,*(0:0x4108)        ; [CPU_ALU] |2341| 
         00000117 4108 
    2458 00000118 18A9          AND       AL,#0xf3ec            ; [CPU_ALU] |2341| 
         00000119 F3EC 
    2459 0000011a F4A9          MOV       *(0:0x4108),AL        ; [CPU_ALU] |2341| 
         0000011b 4108 
    2460                      .dwpsn  file "/home/jose/ti/c2000/C2000Ware_26_01_00_00/driverlib/f2837xd/driverlib/epwm.h",line 2446
    2461 0000011c F4A8          MOV       *(0:0x416d),AH        ; [CPU_ALU] |2446| 
         0000011d 416D 
    2462                      .dwpsn  file "/home/jose/ti/c2000/C2000Ware_26_01_00_00/driverlib/f2837xd/driverlib/epwm.h",line 2341
    2463 0000011e F5A9          MOV       AL,*(0:0x4108)        ; [CPU_ALU] |2341| 
         0000011f 4108 
    2464 00000120 18A9          AND       AL,#0xcfb3            ; [CPU_ALU] |2341| 
         00000121 CFB3 
    2465 00000122 F4A9          MOV       *(0:0x4108),AL        ; [CPU_ALU] |2341| 
         00000123 4108 
    2466                      .dwpsn  file "/home/jose/ti/c2000/C2000Ware_26_01_00_00/driverlib/f2837xd/driverlib/epwm.h",line 2647
    2467 00000124 F5A9          MOV       AL,*(0:0x4110)        ; [CPU_ALU] |2647| 
         00000125 4110 
    2468 00000126 18A9          AND       AL,#0xffef            ; [CPU_ALU] |2647| 
         00000127 FFEF 
    2469 00000128 F4A9          MOV       *(0:0x4110),AL        ; [CPU_ALU] |2647| 
         00000129 4110 
    2470                      .dwpsn  file "/home/jose/ti/c2000/C2000Ware_26_01_00_00/driverlib/f2837xd/driverlib/epwm.h",line 2805
    2471 0000012a F5A9          MOV       AL,*(0:0x4140)        ; [CPU_ALU] |2805| 
         0000012b 4140 
    2472 0000012c 18A9          AND       AL,#0xfffc            ; [CPU_ALU] |2805| 
         0000012d FFFC 
    2473 0000012e F4A9          MOV       *(0:0x4140),AL        ; [CPU_ALU] |2805| 
         0000012f 4140 
    2474 00000130 F5A9          MOV       AL,*(0:0x4140)        ; [CPU_ALU] |2805| 
         00000131 4140 
    2475 00000132 18A9          AND       AL,#0xfff3            ; [CPU_ALU] |2805| 
         00000133 FFF3 
    2476 00000134 F4A9          MOV       *(0:0x4140),AL        ; [CPU_ALU] |2805| 
         00000135 4140 
    2477 00000136 F5A9          MOV       AL,*(0:0x4140)        ; [CPU_ALU] |2805| 
         00000137 4140 
    2478 00000138 CCA9          AND       AL,AL,#0xffef         ; [CPU_ALU] |2805| 
         00000139 FFEF 
    2479 0000013a 5020          ORB       AL,#0x20              ; [CPU_ALU] |2805| 
    2480 0000013b F4A9          MOV       *(0:0x4140),AL        ; [CPU_ALU] |2805| 
         0000013c 4140 
    2481 0000013d F5A9          MOV       AL,*(0:0x4140)        ; [CPU_ALU] |2805| 
         0000013e 4140 
    2482 0000013f CCA9          AND       AL,AL,#0xff7f         ; [CPU_ALU] |2805| 
         00000140 FF7F 
TMS320C2000 Assembler Unix v25.11.0 Sat May 30 20:15:25 2026

Copyright (c) 1996-2018 Texas Instruments Incorporated
board.asm                                                            PAGE   55

    2483 00000141 5040          ORB       AL,#0x40              ; [CPU_ALU] |2805| 
    2484 00000142 F4A9          MOV       *(0:0x4140),AL        ; [CPU_ALU] |2805| 
         00000143 4140 
    2485 00000144 F5A9          MOV       AL,*(0:0x4140)        ; [CPU_ALU] |2805| 
         00000145 4140 
    2486 00000146 18A9          AND       AL,#0xfcff            ; [CPU_ALU] |2805| 
         00000147 FCFF 
    2487 00000148 F4A9          MOV       *(0:0x4140),AL        ; [CPU_ALU] |2805| 
         00000149 4140 
    2488 0000014a F5A9          MOV       AL,*(0:0x4140)        ; [CPU_ALU] |2805| 
         0000014b 4140 
    2489 0000014c 18A9          AND       AL,#0xf3ff            ; [CPU_ALU] |2805| 
         0000014d F3FF 
    2490 0000014e F4A9          MOV       *(0:0x4140),AL        ; [CPU_ALU] |2805| 
         0000014f 4140 
    2491                      .dwpsn  file "/home/jose/ti/c2000/C2000Ware_26_01_00_00/driverlib/f2837xd/driverlib/epwm.h",line 2647
    2492 00000150 F5A9          MOV       AL,*(0:0x4110)        ; [CPU_ALU] |2647| 
         00000151 4110 
    2493 00000152 18A9          AND       AL,#0xffbf            ; [CPU_ALU] |2647| 
         00000153 FFBF 
    2494                      .dwpsn  file "/home/jose/ti/c2000/C2000Ware_26_01_00_00/driverlib/f2837xd/driverlib/epwm.h",line 3668
    2495 00000154 9B32          MOVB      AH,#50                ; [CPU_FPU] |3668| 
    2496                      .dwpsn  file "/home/jose/ti/c2000/C2000Ware_26_01_00_00/driverlib/f2837xd/driverlib/epwm.h",line 2647
    2497 00000155 F4A9          MOV       *(0:0x4110),AL        ; [CPU_ALU] |2647| 
         00000156 4110 
    2498                      .dwpsn  file "/home/jose/ti/c2000/C2000Ware_26_01_00_00/driverlib/f2837xd/driverlib/epwm.h",line 2805
    2499 00000157 F5A9          MOV       AL,*(0:0x4142)        ; [CPU_ALU] |2805| 
         00000158 4142 
    2500 00000159 18A9          AND       AL,#0xfffc            ; [CPU_ALU] |2805| 
         0000015a FFFC 
    2501 0000015b F4A9          MOV       *(0:0x4142),AL        ; [CPU_ALU] |2805| 
         0000015c 4142 
    2502 0000015d F5A9          MOV       AL,*(0:0x4142)        ; [CPU_ALU] |2805| 
         0000015e 4142 
    2503 0000015f 18A9          AND       AL,#0xfff3            ; [CPU_ALU] |2805| 
         00000160 FFF3 
    2504 00000161 F4A9          MOV       *(0:0x4142),AL        ; [CPU_ALU] |2805| 
         00000162 4142 
    2505 00000163 F5A9          MOV       AL,*(0:0x4142)        ; [CPU_ALU] |2805| 
         00000164 4142 
    2506 00000165 18A9          AND       AL,#0xffcf            ; [CPU_ALU] |2805| 
         00000166 FFCF 
    2507 00000167 F4A9          MOV       *(0:0x4142),AL        ; [CPU_ALU] |2805| 
         00000168 4142 
    2508 00000169 F5A9          MOV       AL,*(0:0x4142)        ; [CPU_ALU] |2805| 
         0000016a 4142 
    2509 0000016b 18A9          AND       AL,#0xff3f            ; [CPU_ALU] |2805| 
         0000016c FF3F 
    2510 0000016d F4A9          MOV       *(0:0x4142),AL        ; [CPU_ALU] |2805| 
         0000016e 4142 
    2511 0000016f F5A9          MOV       AL,*(0:0x4142)        ; [CPU_ALU] |2805| 
         00000170 4142 
    2512 00000171 18A9          AND       AL,#0xfcff            ; [CPU_ALU] |2805| 
         00000172 FCFF 
    2513 00000173 F4A9          MOV       *(0:0x4142),AL        ; [CPU_ALU] |2805| 
TMS320C2000 Assembler Unix v25.11.0 Sat May 30 20:15:25 2026

Copyright (c) 1996-2018 Texas Instruments Incorporated
board.asm                                                            PAGE   56

         00000174 4142 
    2514 00000175 F5A9          MOV       AL,*(0:0x4142)        ; [CPU_ALU] |2805| 
         00000176 4142 
    2515 00000177 18A9          AND       AL,#0xf3ff            ; [CPU_ALU] |2805| 
         00000178 F3FF 
    2516 00000179 F4A9          MOV       *(0:0x4142),AL        ; [CPU_ALU] |2805| 
         0000017a 4142 
    2517                      .dwpsn  file "/home/jose/ti/c2000/C2000Ware_26_01_00_00/driverlib/f2837xd/driverlib/epwm.h",line 3323
    2518 0000017b F5A9          MOV       AL,*(0:0x410c)        ; [CPU_ALU] |3323| 
         0000017c 410C 
    2519 0000017d 5008          ORB       AL,#0x08              ; [CPU_ALU] |3323| 
    2520 0000017e F4A9          MOV       *(0:0x410c),AL        ; [CPU_ALU] |3323| 
         0000017f 410C 
    2521                      .dwpsn  file "/home/jose/ti/c2000/C2000Ware_26_01_00_00/driverlib/f2837xd/driverlib/epwm.h",line 3274
    2522 00000180 F5A9          MOV       AL,*(0:0x410c)        ; [CPU_ALU] |3274| 
         00000181 410C 
    2523 00000182 5002          ORB       AL,#0x02              ; [CPU_ALU] |3274| 
    2524 00000183 F4A9          MOV       *(0:0x410c),AL        ; [CPU_ALU] |3274| 
         00000184 410C 
    2525                      .dwpsn  file "/home/jose/ti/c2000/C2000Ware_26_01_00_00/driverlib/f2837xd/driverlib/epwm.h",line 3510
    2526 00000185 F5A9          MOV       AL,*(0:0x410c)        ; [CPU_ALU] |3510| 
         00000186 410C 
    2527 00000187 18A9          AND       AL,#0xff3f            ; [CPU_ALU] |3510| 
         00000188 FF3F 
    2528 00000189 1AA9          OR        AL,#0x0400            ; [CPU_ALU] |3510| 
         0000018a 0400 
    2529 0000018b F4A9          MOV       *(0:0x410c),AL        ; [CPU_ALU] |3510| 
         0000018c 410C 
    2530                      .dwpsn  file "/home/jose/ti/c2000/C2000Ware_26_01_00_00/driverlib/f2837xd/driverlib/epwm.h",line 3539
    2531 0000018d F5A9          MOV       AL,*(0:0x410c)        ; [CPU_ALU] |3539| 
         0000018e 410C 
    2532 0000018f 18A9          AND       AL,#0xfbff            ; [CPU_ALU] |3539| 
         00000190 FBFF 
    2533 00000191 F4A9          MOV       *(0:0x410c),AL        ; [CPU_ALU] |3539| 
         00000192 410C 
    2534                      .dwpsn  file "/home/jose/ti/c2000/C2000Ware_26_01_00_00/driverlib/f2837xd/driverlib/epwm.h",line 3668
    2535 00000193 F4A8          MOV       *(0:0x4151),AH        ; [CPU_ALU] |3668| 
         00000194 4151 
    2536                      .dwpsn  file "/home/jose/ti/c2000/C2000Ware_26_01_00_00/driverlib/f2837xd/driverlib/epwm.h",line 3696
    2537 00000195 9B32          MOVB      AH,#50                ; [CPU_ALU] |3696| 
    2538                      .dwpsn  file "/home/jose/ti/c2000/C2000Ware_26_01_00_00/driverlib/f2837xd/driverlib/epwm.h",line 3274
    2539 00000196 F5A9          MOV       AL,*(0:0x410c)        ; [CPU_ALU] |3274| 
         00000197 410C 
    2540 00000198 5001          ORB       AL,#0x01              ; [CPU_ALU] |3274| 
    2541 00000199 F4A9          MOV       *(0:0x410c),AL        ; [CPU_ALU] |3274| 
         0000019a 410C 
    2542                      .dwpsn  file "/home/jose/ti/c2000/C2000Ware_26_01_00_00/driverlib/f2837xd/driverlib/epwm.h",line 3574
    2543 0000019b F5A9          MOV       AL,*(0:0x410c)        ; [CPU_ALU] |3574| 
         0000019c 410C 
    2544 0000019d 18A9          AND       AL,#0xfcff            ; [CPU_ALU] |3574| 
         0000019e FCFF 
    2545 0000019f 1AA9          OR        AL,#0x0800            ; [CPU_ALU] |3574| 
         000001a0 0800 
    2546 000001a1 F4A9          MOV       *(0:0x410c),AL        ; [CPU_ALU] |3574| 
         000001a2 410C 
TMS320C2000 Assembler Unix v25.11.0 Sat May 30 20:15:25 2026

Copyright (c) 1996-2018 Texas Instruments Incorporated
board.asm                                                            PAGE   57

    2547                      .dwpsn  file "/home/jose/ti/c2000/C2000Ware_26_01_00_00/driverlib/f2837xd/driverlib/epwm.h",line 3604
    2548 000001a3 F5A9          MOV       AL,*(0:0x410c)        ; [CPU_ALU] |3604| 
         000001a4 410C 
    2549 000001a5 18A9          AND       AL,#0xf7ff            ; [CPU_ALU] |3604| 
         000001a6 F7FF 
    2550 000001a7 F4A9          MOV       *(0:0x410c),AL        ; [CPU_ALU] |3604| 
         000001a8 410C 
    2551                      .dwpsn  file "/home/jose/ti/c2000/C2000Ware_26_01_00_00/driverlib/f2837xd/driverlib/epwm.h",line 3696
    2552 000001a9 F4A8          MOV       *(0:0x4153),AH        ; [CPU_ALU] |3696| 
         000001aa 4153 
    2553                      .dwpsn  file "/home/jose/ti/c2000/C2000Ware_26_01_00_00/driverlib/f2837xd/driverlib/epwm.h",line 1549
    2554 000001ab 9B00          MOVB      AH,#0                 ; [CPU_ALU] |1549| 
    2555                      .dwpsn  file "/home/jose/ti/c2000/C2000Ware_26_01_00_00/driverlib/f2837xd/driverlib/epwm.h",line 3448
    2556 000001ac F5A9          MOV       AL,*(0:0x410d)        ; [CPU_ALU] |3448| 
         000001ad 410D 
    2557 000001ae CCA9          AND       AL,AL,#0xfffc         ; [CPU_ALU] |3448| 
         000001af FFFC 
    2558 000001b0 5004          ORB       AL,#0x04              ; [CPU_ALU] |3448| 
    2559 000001b1 F4A9          MOV       *(0:0x410d),AL        ; [CPU_ALU] |3448| 
         000001b2 410D 
    2560                      .dwpsn  file "/home/jose/ti/c2000/C2000Ware_26_01_00_00/driverlib/f2837xd/driverlib/epwm.h",line 3476
    2561 000001b3 F5A9          MOV       AL,*(0:0x410d)        ; [CPU_ALU] |3476| 
         000001b4 410D 
    2562 000001b5 18A9          AND       AL,#0xfffb            ; [CPU_ALU] |3476| 
         000001b6 FFFB 
    2563 000001b7 F4A9          MOV       *(0:0x410d),AL        ; [CPU_ALU] |3476| 
         000001b8 410D 
    2564                      .dwpsn  file "/home/jose/ti/c2000/C2000Ware_26_01_00_00/driverlib/f2837xd/driverlib/epwm.h",line 1627
    2565 000001b9 F5A9          MOV       AL,*(0:0x4200)        ; [CPU_ALU] |1627| 
         000001ba 4200 
    2566 000001bb CCA9          AND       AL,AL,#0xe0ff         ; [CPU_ALU] |1627| 
         000001bc E0FF 
    2567 000001bd 5080          ORB       AL,#0x80              ; [CPU_ALU] |1627| 
    2568 000001be F4A9          MOV       *(0:0x4200),AL        ; [CPU_ALU] |1627| 
         000001bf 4200 
    2569                      .dwpsn  file "/home/jose/ti/c2000/C2000Ware_26_01_00_00/driverlib/f2837xd/driverlib/epwm.h",line 2182
    2570 000001c0 F4A6          MOV       *(0:0x4263),AR6       ; [CPU_ALU] |2182| 
         000001c1 4263 
    2571                      .dwpsn  file "/home/jose/ti/c2000/C2000Ware_26_01_00_00/driverlib/f2837xd/driverlib/epwm.h",line 1549
    2572 000001c2 F4A8          MOV       *(0:0x4204),AH        ; [CPU_ALU] |1549| 
         000001c3 4204 
    2573                      .dwpsn  file "/home/jose/ti/c2000/C2000Ware_26_01_00_00/driverlib/f2837xd/driverlib/epwm.h",line 1849
    2574 000001c4 F5A9          MOV       AL,*(0:0x4200)        ; [CPU_ALU] |1849| 
         000001c5 4200 
    2575 000001c6 CCA9          AND       AL,AL,#0xfffe         ; [CPU_ALU] |1849| 
         000001c7 FFFE 
    2576 000001c8 5002          ORB       AL,#0x02              ; [CPU_ALU] |1849| 
    2577 000001c9 F4A9          MOV       *(0:0x4200),AL        ; [CPU_ALU] |1849| 
         000001ca 4200 
    2578                      .dwpsn  file "/home/jose/ti/c2000/C2000Ware_26_01_00_00/driverlib/f2837xd/driverlib/epwm.h",line 1581
    2579 000001cb F5A9          MOV       AL,*(0:0x4200)        ; [CPU_ALU] |1581| 
         000001cc 4200 
    2580 000001cd 1AA9          OR        AL,#0x2000            ; [CPU_ALU] |1581| 
         000001ce 2000 
    2581 000001cf F4A9          MOV       *(0:0x4200),AL        ; [CPU_ALU] |1581| 
TMS320C2000 Assembler Unix v25.11.0 Sat May 30 20:15:25 2026

Copyright (c) 1996-2018 Texas Instruments Incorporated
board.asm                                                            PAGE   58

         000001d0 4200 
    2582                      .dwpsn  file "/home/jose/ti/c2000/C2000Ware_26_01_00_00/driverlib/f2837xd/driverlib/epwm.h",line 1793
    2583 000001d1 F5A9          MOV       AL,*(0:0x4200)        ; [CPU_ALU] |1793| 
         000001d2 4200 
    2584 000001d3 5004          ORB       AL,#0x04              ; [CPU_ALU] |1793| 
    2585 000001d4 F4A9          MOV       *(0:0x4200),AL        ; [CPU_ALU] |1793| 
         000001d5 4200 
    2586                      .dwpsn  file "/home/jose/ti/c2000/C2000Ware_26_01_00_00/driverlib/f2837xd/driverlib/epwm.h",line 2148
    2587 000001d6 BFA9          MOV32     ACC,*(0:0x4260)       ; [CPU_FPU] |2148| 
         000001d7 4260 
    2588 000001d8 9100          ANDB      AH,#0                 ; [CPU_ALU] |2148| 
    2589 000001d9 BDA9          MOV32     *(0:0x4260),ACC       ; [CPU_FPU] |2148| 
         000001da 4260 
    2590                      .dwpsn  file "/home/jose/ti/c2000/C2000Ware_26_01_00_00/driverlib/f2837xd/driverlib/epwm.h",line 2446
    2591 000001db 28A8          MOV       AH,#2500              ; [CPU_ALU] |2446| 
         000001dc 09C4 
    2592                      .dwpsn  file "/home/jose/ti/c2000/C2000Ware_26_01_00_00/driverlib/f2837xd/driverlib/epwm.h",line 1706
    2593 000001dd F5A9          MOV       AL,*(0:0x4200)        ; [CPU_ALU] |1706| 
         000001de 4200 
    2594 000001df 18A9          AND       AL,#0xffcf            ; [CPU_ALU] |1706| 
         000001e0 FFCF 
    2595 000001e1 F4A9          MOV       *(0:0x4200),AL        ; [CPU_ALU] |1706| 
         000001e2 4200 
    2596                      .dwpsn  file "/home/jose/ti/c2000/C2000Ware_26_01_00_00/driverlib/f2837xd/driverlib/epwm.h",line 2446
    2597 000001e3 F4A8          MOV       *(0:0x426b),AH        ; [CPU_ALU] |2446| 
         000001e4 426B 
    2598 000001e5 9B00          MOVB      AH,#0                 ; [CPU_ALU] |2446| 
    2599                      .dwpsn  file "/home/jose/ti/c2000/C2000Ware_26_01_00_00/driverlib/f2837xd/driverlib/epwm.h",line 2341
    2600 000001e6 F5A9          MOV       AL,*(0:0x4208)        ; [CPU_ALU] |2341| 
         000001e7 4208 
    2601 000001e8 18A9          AND       AL,#0xf3ec            ; [CPU_ALU] |2341| 
         000001e9 F3EC 
    2602 000001ea F4A9          MOV       *(0:0x4208),AL        ; [CPU_ALU] |2341| 
         000001eb 4208 
    2603                      .dwpsn  file "/home/jose/ti/c2000/C2000Ware_26_01_00_00/driverlib/f2837xd/driverlib/epwm.h",line 2446
    2604 000001ec F4A8          MOV       *(0:0x426d),AH        ; [CPU_ALU] |2446| 
         000001ed 426D 
    2605                      .dwpsn  file "/home/jose/ti/c2000/C2000Ware_26_01_00_00/driverlib/f2837xd/driverlib/epwm.h",line 3668
    2606 000001ee 9B32          MOVB      AH,#50                ; [CPU_ALU] |3668| 
    2607                      .dwpsn  file "/home/jose/ti/c2000/C2000Ware_26_01_00_00/driverlib/f2837xd/driverlib/epwm.h",line 2341
    2608 000001ef F5A9          MOV       AL,*(0:0x4208)        ; [CPU_ALU] |2341| 
         000001f0 4208 
    2609 000001f1 18A9          AND       AL,#0xcfb3            ; [CPU_ALU] |2341| 
         000001f2 CFB3 
    2610 000001f3 F4A9          MOV       *(0:0x4208),AL        ; [CPU_ALU] |2341| 
         000001f4 4208 
    2611                      .dwpsn  file "/home/jose/ti/c2000/C2000Ware_26_01_00_00/driverlib/f2837xd/driverlib/epwm.h",line 2647
    2612 000001f5 F5A9          MOV       AL,*(0:0x4210)        ; [CPU_ALU] |2647| 
         000001f6 4210 
    2613 000001f7 18A9          AND       AL,#0xffef            ; [CPU_ALU] |2647| 
         000001f8 FFEF 
    2614 000001f9 F4A9          MOV       *(0:0x4210),AL        ; [CPU_ALU] |2647| 
         000001fa 4210 
    2615                      .dwpsn  file "/home/jose/ti/c2000/C2000Ware_26_01_00_00/driverlib/f2837xd/driverlib/epwm.h",line 2805
    2616 000001fb F5A9          MOV       AL,*(0:0x4240)        ; [CPU_ALU] |2805| 
TMS320C2000 Assembler Unix v25.11.0 Sat May 30 20:15:25 2026

Copyright (c) 1996-2018 Texas Instruments Incorporated
board.asm                                                            PAGE   59

         000001fc 4240 
    2617 000001fd 18A9          AND       AL,#0xfffc            ; [CPU_ALU] |2805| 
         000001fe FFFC 
    2618 000001ff F4A9          MOV       *(0:0x4240),AL        ; [CPU_ALU] |2805| 
         00000200 4240 
    2619 00000201 F5A9          MOV       AL,*(0:0x4240)        ; [CPU_ALU] |2805| 
         00000202 4240 
    2620 00000203 18A9          AND       AL,#0xfff3            ; [CPU_ALU] |2805| 
         00000204 FFF3 
    2621 00000205 F4A9          MOV       *(0:0x4240),AL        ; [CPU_ALU] |2805| 
         00000206 4240 
    2622 00000207 F5A9          MOV       AL,*(0:0x4240)        ; [CPU_ALU] |2805| 
         00000208 4240 
    2623 00000209 CCA9          AND       AL,AL,#0xffef         ; [CPU_ALU] |2805| 
         0000020a FFEF 
    2624 0000020b 5020          ORB       AL,#0x20              ; [CPU_ALU] |2805| 
    2625 0000020c F4A9          MOV       *(0:0x4240),AL        ; [CPU_ALU] |2805| 
         0000020d 4240 
    2626 0000020e F5A9          MOV       AL,*(0:0x4240)        ; [CPU_ALU] |2805| 
         0000020f 4240 
    2627 00000210 CCA9          AND       AL,AL,#0xff7f         ; [CPU_ALU] |2805| 
         00000211 FF7F 
    2628 00000212 5040          ORB       AL,#0x40              ; [CPU_ALU] |2805| 
    2629 00000213 F4A9          MOV       *(0:0x4240),AL        ; [CPU_ALU] |2805| 
         00000214 4240 
    2630 00000215 F5A9          MOV       AL,*(0:0x4240)        ; [CPU_ALU] |2805| 
         00000216 4240 
    2631 00000217 18A9          AND       AL,#0xfcff            ; [CPU_ALU] |2805| 
         00000218 FCFF 
    2632 00000219 F4A9          MOV       *(0:0x4240),AL        ; [CPU_ALU] |2805| 
         0000021a 4240 
    2633 0000021b F5A9          MOV       AL,*(0:0x4240)        ; [CPU_ALU] |2805| 
         0000021c 4240 
    2634 0000021d 18A9          AND       AL,#0xf3ff            ; [CPU_ALU] |2805| 
         0000021e F3FF 
    2635 0000021f F4A9          MOV       *(0:0x4240),AL        ; [CPU_ALU] |2805| 
         00000220 4240 
    2636                      .dwpsn  file "/home/jose/ti/c2000/C2000Ware_26_01_00_00/driverlib/f2837xd/driverlib/epwm.h",line 2647
    2637 00000221 F5A9          MOV       AL,*(0:0x4210)        ; [CPU_ALU] |2647| 
         00000222 4210 
    2638 00000223 18A9          AND       AL,#0xffbf            ; [CPU_ALU] |2647| 
         00000224 FFBF 
    2639 00000225 F4A9          MOV       *(0:0x4210),AL        ; [CPU_ALU] |2647| 
         00000226 4210 
    2640                      .dwpsn  file "/home/jose/ti/c2000/C2000Ware_26_01_00_00/driverlib/f2837xd/driverlib/epwm.h",line 2805
    2641 00000227 F5A9          MOV       AL,*(0:0x4242)        ; [CPU_ALU] |2805| 
         00000228 4242 
    2642 00000229 18A9          AND       AL,#0xfffc            ; [CPU_ALU] |2805| 
         0000022a FFFC 
    2643 0000022b F4A9          MOV       *(0:0x4242),AL        ; [CPU_ALU] |2805| 
         0000022c 4242 
    2644 0000022d F5A9          MOV       AL,*(0:0x4242)        ; [CPU_ALU] |2805| 
         0000022e 4242 
    2645 0000022f 18A9          AND       AL,#0xfff3            ; [CPU_ALU] |2805| 
         00000230 FFF3 
TMS320C2000 Assembler Unix v25.11.0 Sat May 30 20:15:25 2026

Copyright (c) 1996-2018 Texas Instruments Incorporated
board.asm                                                            PAGE   60

    2646 00000231 F4A9          MOV       *(0:0x4242),AL        ; [CPU_ALU] |2805| 
         00000232 4242 
    2647 00000233 F5A9          MOV       AL,*(0:0x4242)        ; [CPU_ALU] |2805| 
         00000234 4242 
    2648 00000235 18A9          AND       AL,#0xffcf            ; [CPU_ALU] |2805| 
         00000236 FFCF 
    2649 00000237 F4A9          MOV       *(0:0x4242),AL        ; [CPU_ALU] |2805| 
         00000238 4242 
    2650 00000239 F5A9          MOV       AL,*(0:0x4242)        ; [CPU_ALU] |2805| 
         0000023a 4242 
    2651 0000023b 18A9          AND       AL,#0xff3f            ; [CPU_ALU] |2805| 
         0000023c FF3F 
    2652 0000023d F4A9          MOV       *(0:0x4242),AL        ; [CPU_ALU] |2805| 
         0000023e 4242 
    2653 0000023f F5A9          MOV       AL,*(0:0x4242)        ; [CPU_ALU] |2805| 
         00000240 4242 
    2654 00000241 18A9          AND       AL,#0xfcff            ; [CPU_ALU] |2805| 
         00000242 FCFF 
    2655 00000243 F4A9          MOV       *(0:0x4242),AL        ; [CPU_ALU] |2805| 
         00000244 4242 
    2656 00000245 F5A9          MOV       AL,*(0:0x4242)        ; [CPU_ALU] |2805| 
         00000246 4242 
    2657 00000247 18A9          AND       AL,#0xf3ff            ; [CPU_ALU] |2805| 
         00000248 F3FF 
    2658 00000249 F4A9          MOV       *(0:0x4242),AL        ; [CPU_ALU] |2805| 
         0000024a 4242 
    2659                      .dwpsn  file "/home/jose/ti/c2000/C2000Ware_26_01_00_00/driverlib/f2837xd/driverlib/epwm.h",line 3323
    2660 0000024b F5A9          MOV       AL,*(0:0x420c)        ; [CPU_ALU] |3323| 
         0000024c 420C 
    2661 0000024d 5008          ORB       AL,#0x08              ; [CPU_ALU] |3323| 
    2662 0000024e F4A9          MOV       *(0:0x420c),AL        ; [CPU_ALU] |3323| 
         0000024f 420C 
    2663                      .dwpsn  file "/home/jose/ti/c2000/C2000Ware_26_01_00_00/driverlib/f2837xd/driverlib/epwm.h",line 3274
    2664 00000250 F5A9          MOV       AL,*(0:0x420c)        ; [CPU_ALU] |3274| 
         00000251 420C 
    2665 00000252 5002          ORB       AL,#0x02              ; [CPU_ALU] |3274| 
    2666 00000253 F4A9          MOV       *(0:0x420c),AL        ; [CPU_ALU] |3274| 
         00000254 420C 
    2667                      .dwpsn  file "/home/jose/ti/c2000/C2000Ware_26_01_00_00/driverlib/f2837xd/driverlib/epwm.h",line 3510
    2668 00000255 F5A9          MOV       AL,*(0:0x420c)        ; [CPU_ALU] |3510| 
         00000256 420C 
    2669 00000257 18A9          AND       AL,#0xff3f            ; [CPU_ALU] |3510| 
         00000258 FF3F 
    2670 00000259 1AA9          OR        AL,#0x0400            ; [CPU_ALU] |3510| 
         0000025a 0400 
    2671 0000025b F4A9          MOV       *(0:0x420c),AL        ; [CPU_ALU] |3510| 
         0000025c 420C 
    2672                      .dwpsn  file "/home/jose/ti/c2000/C2000Ware_26_01_00_00/driverlib/f2837xd/driverlib/epwm.h",line 3539
    2673 0000025d F5A9          MOV       AL,*(0:0x420c)        ; [CPU_ALU] |3539| 
         0000025e 420C 
    2674 0000025f 18A9          AND       AL,#0xfbff            ; [CPU_ALU] |3539| 
         00000260 FBFF 
    2675 00000261 F4A9          MOV       *(0:0x420c),AL        ; [CPU_ALU] |3539| 
         00000262 420C 
    2676                      .dwpsn  file "/home/jose/ti/c2000/C2000Ware_26_01_00_00/driverlib/f2837xd/driverlib/epwm.h",line 3668
TMS320C2000 Assembler Unix v25.11.0 Sat May 30 20:15:25 2026

Copyright (c) 1996-2018 Texas Instruments Incorporated
board.asm                                                            PAGE   61

    2677 00000263 F4A8          MOV       *(0:0x4251),AH        ; [CPU_ALU] |3668| 
         00000264 4251 
    2678                      .dwpsn  file "/home/jose/ti/c2000/C2000Ware_26_01_00_00/driverlib/f2837xd/driverlib/epwm.h",line 3696
    2679 00000265 9B32          MOVB      AH,#50                ; [CPU_ALU] |3696| 
    2680                      .dwpsn  file "/home/jose/ti/c2000/C2000Ware_26_01_00_00/driverlib/f2837xd/driverlib/epwm.h",line 3274
    2681 00000266 F5A9          MOV       AL,*(0:0x420c)        ; [CPU_ALU] |3274| 
         00000267 420C 
    2682 00000268 5001          ORB       AL,#0x01              ; [CPU_ALU] |3274| 
    2683 00000269 F4A9          MOV       *(0:0x420c),AL        ; [CPU_ALU] |3274| 
         0000026a 420C 
    2684                      .dwpsn  file "/home/jose/ti/c2000/C2000Ware_26_01_00_00/driverlib/f2837xd/driverlib/epwm.h",line 3574
    2685 0000026b F5A9          MOV       AL,*(0:0x420c)        ; [CPU_ALU] |3574| 
         0000026c 420C 
    2686 0000026d 18A9          AND       AL,#0xfcff            ; [CPU_ALU] |3574| 
         0000026e FCFF 
    2687 0000026f 1AA9          OR        AL,#0x0800            ; [CPU_ALU] |3574| 
         00000270 0800 
    2688 00000271 F4A9          MOV       *(0:0x420c),AL        ; [CPU_ALU] |3574| 
         00000272 420C 
    2689                      .dwpsn  file "/home/jose/ti/c2000/C2000Ware_26_01_00_00/driverlib/f2837xd/driverlib/epwm.h",line 3604
    2690 00000273 F5A9          MOV       AL,*(0:0x420c)        ; [CPU_ALU] |3604| 
         00000274 420C 
    2691 00000275 18A9          AND       AL,#0xf7ff            ; [CPU_ALU] |3604| 
         00000276 F7FF 
    2692 00000277 F4A9          MOV       *(0:0x420c),AL        ; [CPU_ALU] |3604| 
         00000278 420C 
    2693                      .dwpsn  file "/home/jose/ti/c2000/C2000Ware_26_01_00_00/driverlib/f2837xd/driverlib/epwm.h",line 3696
    2694 00000279 F4A8          MOV       *(0:0x4253),AH        ; [CPU_ALU] |3696| 
         0000027a 4253 
    2695                      .dwpsn  file "/home/jose/ti/c2000/C2000Ware_26_01_00_00/driverlib/f2837xd/driverlib/epwm.h",line 3448
    2696 0000027b F5A9          MOV       AL,*(0:0x420d)        ; [CPU_ALU] |3448| 
         0000027c 420D 
    2697 0000027d CCA9          AND       AL,AL,#0xfffc         ; [CPU_ALU] |3448| 
         0000027e FFFC 
    2698 0000027f 5004          ORB       AL,#0x04              ; [CPU_ALU] |3448| 
    2699 00000280 F4A9          MOV       *(0:0x420d),AL        ; [CPU_ALU] |3448| 
         00000281 420D 
    2700                      .dwpsn  file "/home/jose/ti/c2000/C2000Ware_26_01_00_00/driverlib/f2837xd/driverlib/epwm.h",line 3476
    2701 00000282 F5A9          MOV       AL,*(0:0x420d)        ; [CPU_ALU] |3476| 
         00000283 420D 
    2702 00000284 18A9          AND       AL,#0xfffb            ; [CPU_ALU] |3476| 
         00000285 FFFB 
    2703 00000286 F4A9          MOV       *(0:0x420d),AL        ; [CPU_ALU] |3476| 
         00000287 420D 
    2704              $C$DW$167       .dwtag  DW_TAG_TI_branch
    2705                      .dwattr $C$DW$167, DW_AT_low_pc(0x00)
    2706                      .dwattr $C$DW$167, DW_AT_TI_return
    2707              
    2708 00000288 0006          LRETR     ; [CPU_ALU] 
    2709                      ; return occurs ; [] 
    2710                      .dwattr $C$DW$166, DW_AT_TI_end_file("syscfg/board.c")
    2711                      .dwattr $C$DW$166, DW_AT_TI_end_line(0x1c7)
    2712                      .dwattr $C$DW$166, DW_AT_TI_end_column(0x01)
    2713                      .dwendentry
    2714                      .dwendtag $C$DW$166
TMS320C2000 Assembler Unix v25.11.0 Sat May 30 20:15:25 2026

Copyright (c) 1996-2018 Texas Instruments Incorporated
board.asm                                                            PAGE   62

    2715              
    2716 00000000               .sect   ".text:ADC_init"
    2717                      .clink
    2718                      .global ||ADC_init||
    2719              
    2720              $C$DW$168       .dwtag  DW_TAG_subprogram
    2721                      .dwattr $C$DW$168, DW_AT_name("ADC_init")
    2722                      .dwattr $C$DW$168, DW_AT_low_pc(||ADC_init||)
    2723                      .dwattr $C$DW$168, DW_AT_high_pc(0x00)
    2724                      .dwattr $C$DW$168, DW_AT_linkage_name("ADC_init")
    2725                      .dwattr $C$DW$168, DW_AT_external
    2726                      .dwattr $C$DW$168, DW_AT_decl_file("syscfg/board.c")
    2727                      .dwattr $C$DW$168, DW_AT_decl_line(0xa6)
    2728                      .dwattr $C$DW$168, DW_AT_decl_column(0x06)
    2729                      .dwattr $C$DW$168, DW_AT_TI_max_frame_size(-2)
    2730                      .dwpsn  file "syscfg/board.c",line 166,column 16,is_stmt,address ||ADC_init||,isa 0
    2731              
    2732                      .dwfde $C$DW$CIE, ||ADC_init||
    2733              
    2734              ;***************************************************************
    2735              ;* FNAME: ADC_init                      FR SIZE:   0           *
    2736              ;*                                                             *
    2737              ;* FUNCTION ENVIRONMENT                                        *
    2738              ;*                                                             *
    2739              ;* FUNCTION PROPERTIES                                         *
    2740              ;*                            0 Parameter,  0 Auto,  0 SOE     *
    2741              ;***************************************************************
    2742              
    2743 00000000       ||ADC_init||:
    2744                      .dwcfi  cfa_offset, -2
    2745                      .dwcfi  save_reg_to_mem, 26, 0
    2746                      .dwpsn  file "syscfg/board.c",line 167,column 2,is_stmt,isa 0
    2747              $C$DW$169       .dwtag  DW_TAG_TI_branch
    2748                      .dwattr $C$DW$169, DW_AT_low_pc(0x00)
    2749                      .dwattr $C$DW$169, DW_AT_name("myADCA_init")
    2750                      .dwattr $C$DW$169, DW_AT_TI_call
    2751              
    2752 00000000 7640!         LCR       #||myADCA_init||      ; [CPU_ALU] |167| 
         00000001 0000 
    2753                      ; call occurs [#||myADCA_init||] ; [] |167| 
    2754                      .dwpsn  file "syscfg/board.c",line 168,column 2,is_stmt,isa 0
    2755              $C$DW$170       .dwtag  DW_TAG_TI_branch
    2756                      .dwattr $C$DW$170, DW_AT_low_pc(0x00)
    2757                      .dwattr $C$DW$170, DW_AT_name("myADCB_init")
    2758                      .dwattr $C$DW$170, DW_AT_TI_call
    2759              
    2760 00000002 7640!         LCR       #||myADCB_init||      ; [CPU_ALU] |168| 
         00000003 0000 
    2761                      ; call occurs [#||myADCB_init||] ; [] |168| 
    2762                      .dwpsn  file "syscfg/board.c",line 169,column 2,is_stmt,isa 0
    2763              $C$DW$171       .dwtag  DW_TAG_TI_branch
    2764                      .dwattr $C$DW$171, DW_AT_low_pc(0x00)
    2765                      .dwattr $C$DW$171, DW_AT_name("myADCC_init")
    2766                      .dwattr $C$DW$171, DW_AT_TI_call
    2767              
TMS320C2000 Assembler Unix v25.11.0 Sat May 30 20:15:25 2026

Copyright (c) 1996-2018 Texas Instruments Incorporated
board.asm                                                            PAGE   63

    2768 00000004 7640!         LCR       #||myADCC_init||      ; [CPU_ALU] |169| 
         00000005 0000 
    2769                      ; call occurs [#||myADCC_init||] ; [] |169| 
    2770              $C$DW$172       .dwtag  DW_TAG_TI_branch
    2771                      .dwattr $C$DW$172, DW_AT_low_pc(0x00)
    2772                      .dwattr $C$DW$172, DW_AT_TI_return
    2773              
    2774 00000006 0006          LRETR     ; [CPU_ALU] 
    2775                      ; return occurs ; [] 
    2776                      .dwattr $C$DW$168, DW_AT_TI_end_file("syscfg/board.c")
    2777                      .dwattr $C$DW$168, DW_AT_TI_end_line(0xaa)
    2778                      .dwattr $C$DW$168, DW_AT_TI_end_column(0x01)
    2779                      .dwendentry
    2780                      .dwendtag $C$DW$168
    2781              
    2782 00000000               .sect   ".text:Board_init"
    2783                      .clink
    2784                      .global ||Board_init||
    2785              
    2786              $C$DW$173       .dwtag  DW_TAG_subprogram
    2787                      .dwattr $C$DW$173, DW_AT_name("Board_init")
    2788                      .dwattr $C$DW$173, DW_AT_low_pc(||Board_init||)
    2789                      .dwattr $C$DW$173, DW_AT_high_pc(0x00)
    2790                      .dwattr $C$DW$173, DW_AT_linkage_name("Board_init")
    2791                      .dwattr $C$DW$173, DW_AT_external
    2792                      .dwattr $C$DW$173, DW_AT_decl_file("syscfg/board.c")
    2793                      .dwattr $C$DW$173, DW_AT_decl_line(0x2e)
    2794                      .dwattr $C$DW$173, DW_AT_decl_column(0x06)
    2795                      .dwattr $C$DW$173, DW_AT_TI_max_frame_size(-2)
    2796                      .dwpsn  file "syscfg/board.c",line 47,column 1,is_stmt,address ||Board_init||,isa 0
    2797              
    2798                      .dwfde $C$DW$CIE, ||Board_init||
    2799              
    2800              ;***************************************************************
    2801              ;* FNAME: Board_init                    FR SIZE:   0           *
    2802              ;*                                                             *
    2803              ;* FUNCTION ENVIRONMENT                                        *
    2804              ;*                                                             *
    2805              ;* FUNCTION PROPERTIES                                         *
    2806              ;*                            0 Parameter,  0 Auto,  0 SOE     *
    2807              ;***************************************************************
    2808              
    2809 00000000       ||Board_init||:
    2810                      .dwcfi  cfa_offset, -2
    2811                      .dwcfi  save_reg_to_mem, 26, 0
    2812                      .dwpsn  file "syscfg/board.c",line 48,column 2,is_stmt,isa 0
    2813 00000000 7622          EALLOW    ; [CPU_ALU] |48| 
    2814                      .dwpsn  file "syscfg/board.c",line 50,column 2,is_stmt,isa 0
    2815              $C$DW$174       .dwtag  DW_TAG_TI_branch
    2816                      .dwattr $C$DW$174, DW_AT_low_pc(0x00)
    2817                      .dwattr $C$DW$174, DW_AT_name("PinMux_init")
    2818                      .dwattr $C$DW$174, DW_AT_TI_call
    2819              
    2820 00000001 7640!         LCR       #||PinMux_init||      ; [CPU_ALU] |50| 
         00000002 0000 
TMS320C2000 Assembler Unix v25.11.0 Sat May 30 20:15:25 2026

Copyright (c) 1996-2018 Texas Instruments Incorporated
board.asm                                                            PAGE   64

    2821                      ; call occurs [#||PinMux_init||] ; [] |50| 
    2822                      .dwpsn  file "syscfg/board.c",line 51,column 2,is_stmt,isa 0
    2823              $C$DW$175       .dwtag  DW_TAG_TI_branch
    2824                      .dwattr $C$DW$175, DW_AT_low_pc(0x00)
    2825                      .dwattr $C$DW$175, DW_AT_name("SYNC_init")
    2826                      .dwattr $C$DW$175, DW_AT_TI_call
    2827              
    2828 00000003 7640!         LCR       #||SYNC_init||        ; [CPU_ALU] |51| 
         00000004 0000 
    2829                      ; call occurs [#||SYNC_init||] ; [] |51| 
    2830                      .dwpsn  file "syscfg/board.c",line 52,column 2,is_stmt,isa 0
    2831              $C$DW$176       .dwtag  DW_TAG_TI_branch
    2832                      .dwattr $C$DW$176, DW_AT_low_pc(0x00)
    2833                      .dwattr $C$DW$176, DW_AT_name("ADC_init")
    2834                      .dwattr $C$DW$176, DW_AT_TI_call
    2835              
    2836 00000005 7640!         LCR       #||ADC_init||         ; [CPU_ALU] |52| 
         00000006 0000 
    2837                      ; call occurs [#||ADC_init||] ; [] |52| 
    2838                      .dwpsn  file "syscfg/board.c",line 53,column 2,is_stmt,isa 0
    2839              $C$DW$177       .dwtag  DW_TAG_TI_branch
    2840                      .dwattr $C$DW$177, DW_AT_low_pc(0x00)
    2841                      .dwattr $C$DW$177, DW_AT_name("EPWM_init")
    2842                      .dwattr $C$DW$177, DW_AT_TI_call
    2843              
    2844 00000007 7640!         LCR       #||EPWM_init||        ; [CPU_ALU] |53| 
         00000008 0000 
    2845                      ; call occurs [#||EPWM_init||] ; [] |53| 
    2846                      .dwpsn  file "syscfg/board.c",line 54,column 2,is_stmt,isa 0
    2847              $C$DW$178       .dwtag  DW_TAG_TI_branch
    2848                      .dwattr $C$DW$178, DW_AT_low_pc(0x00)
    2849                      .dwattr $C$DW$178, DW_AT_name("EQEP_init")
    2850                      .dwattr $C$DW$178, DW_AT_TI_call
    2851              
    2852 00000009 7640!         LCR       #||EQEP_init||        ; [CPU_ALU] |54| 
         0000000a 0000 
    2853                      ; call occurs [#||EQEP_init||] ; [] |54| 
    2854                      .dwpsn  file "syscfg/board.c",line 55,column 2,is_stmt,isa 0
    2855              $C$DW$179       .dwtag  DW_TAG_TI_branch
    2856                      .dwattr $C$DW$179, DW_AT_low_pc(0x00)
    2857                      .dwattr $C$DW$179, DW_AT_name("GPIO_init")
    2858                      .dwattr $C$DW$179, DW_AT_TI_call
    2859              
    2860 0000000b 7640!         LCR       #||GPIO_init||        ; [CPU_ALU] |55| 
         0000000c 0000 
    2861                      ; call occurs [#||GPIO_init||] ; [] |55| 
    2862                      .dwpsn  file "syscfg/board.c",line 56,column 2,is_stmt,isa 0
    2863              $C$DW$180       .dwtag  DW_TAG_TI_branch
    2864                      .dwattr $C$DW$180, DW_AT_low_pc(0x00)
    2865                      .dwattr $C$DW$180, DW_AT_name("SCI_init")
    2866                      .dwattr $C$DW$180, DW_AT_TI_call
    2867              
    2868 0000000d 7640!         LCR       #||SCI_init||         ; [CPU_ALU] |56| 
         0000000e 0000 
    2869                      ; call occurs [#||SCI_init||] ; [] |56| 
TMS320C2000 Assembler Unix v25.11.0 Sat May 30 20:15:25 2026

Copyright (c) 1996-2018 Texas Instruments Incorporated
board.asm                                                            PAGE   65

    2870                      .dwpsn  file "syscfg/board.c",line 57,column 2,is_stmt,isa 0
    2871              $C$DW$181       .dwtag  DW_TAG_TI_branch
    2872                      .dwattr $C$DW$181, DW_AT_low_pc(0x00)
    2873                      .dwattr $C$DW$181, DW_AT_name("SPI_init")
    2874                      .dwattr $C$DW$181, DW_AT_TI_call
    2875              
    2876 0000000f 7640!         LCR       #||SPI_init||         ; [CPU_ALU] |57| 
         00000010 0000 
    2877                      ; call occurs [#||SPI_init||] ; [] |57| 
    2878                      .dwpsn  file "syscfg/board.c",line 58,column 2,is_stmt,isa 0
    2879              $C$DW$182       .dwtag  DW_TAG_TI_branch
    2880                      .dwattr $C$DW$182, DW_AT_low_pc(0x00)
    2881                      .dwattr $C$DW$182, DW_AT_name("INTERRUPT_init")
    2882                      .dwattr $C$DW$182, DW_AT_TI_call
    2883              
    2884 00000011 7640!         LCR       #||INTERRUPT_init||   ; [CPU_ALU] |58| 
         00000012 0000 
    2885                      ; call occurs [#||INTERRUPT_init||] ; [] |58| 
    2886                      .dwpsn  file "syscfg/board.c",line 60,column 2,is_stmt,isa 0
    2887 00000013 761A          EDIS      ; [CPU_ALU] |60| 
    2888              $C$DW$183       .dwtag  DW_TAG_TI_branch
    2889                      .dwattr $C$DW$183, DW_AT_low_pc(0x00)
    2890                      .dwattr $C$DW$183, DW_AT_TI_return
    2891              
    2892 00000014 0006          LRETR     ; [CPU_ALU] 
    2893                      ; return occurs ; [] 
    2894                      .dwattr $C$DW$173, DW_AT_TI_end_file("syscfg/board.c")
    2895                      .dwattr $C$DW$173, DW_AT_TI_end_line(0x3d)
    2896                      .dwattr $C$DW$173, DW_AT_TI_end_column(0x01)
    2897                      .dwendentry
    2898                      .dwendtag $C$DW$173
    2899              
    2900              ;**************************************************************
    2901              ;* UNDEFINED EXTERNAL REFERENCES                              *
    2902              ;**************************************************************
    2903                      .global ||GPIO_setPinConfig||
    2904                      .global ||GPIO_setPadConfig||
    2905                      .global ||GPIO_setQualificationMode||
    2906                      .global ||ADC_setMode||
    2907                      .global ||SysCtl_delay||
    2908                      .global ||EQEP_setInputPolarity||
    2909                      .global ||GPIO_setDirectionMode||
    2910                      .global ||GPIO_setControllerCore||
    2911                      .global ||adcA1_isr||
    2912                      .global ||Interrupt_enable||
    2913                      .global ||sciA_rx_isr||
    2914                      .global ||SCI_clearInterruptStatus||
    2915                      .global ||SCI_setConfig||
    2916                      .global ||SCI_enableInterrupt||
    2917                      .global ||SPI_setConfig||
    2918              
    2919              ;***************************************************************
    2920              ;* BUILD ATTRIBUTES                                            *
    2921              ;***************************************************************
    2922                      .battr "c28xabi", Tag_File, 1, Tag_float_args(0)
TMS320C2000 Assembler Unix v25.11.0 Sat May 30 20:15:25 2026

Copyright (c) 1996-2018 Texas Instruments Incorporated
board.asm                                                            PAGE   66

    2923                      .battr "c28xabi", Tag_File, 1, Tag_double_args(0)
    2924                      .dwattr $C$DW$CU, DW_AT_language(DW_LANG_C)
    2925              
    2926              ;***************************************************************
    2927              ;* DWARF CIE ENTRIES                                           *
    2928              ;***************************************************************
    2929              
    2930              $C$DW$CIE       .dwcie 26
    2931                      .dwcfi  cfa_register, 20
    2932                      .dwcfi  cfa_offset, 0
    2933                      .dwcfi  same_value, 28
    2934                      .dwcfi  same_value, 6
    2935                      .dwcfi  same_value, 7
    2936                      .dwcfi  same_value, 8
    2937                      .dwcfi  same_value, 9
    2938                      .dwcfi  same_value, 10
    2939                      .dwcfi  same_value, 11
    2940                      .dwcfi  same_value, 59
    2941                      .dwcfi  same_value, 63
    2942                      .dwcfi  same_value, 67
    2943                      .dwcfi  same_value, 71
    2944                      .dwendentry
    2945                      .dwendtag $C$DW$CU
    2946              
    2947              
    2948              ;***************************************************************
    2949              ;* TYPE INFORMATION                                            *
    2950              ;***************************************************************
    2951              
    2952              $C$DW$TU$19     .dwtag  DW_TAG_type_unit
    2953                      .dwmtype  $C$DW$T$19
    2954              
    2955              $C$DW$T$19      .dwtag  DW_TAG_enumeration_type
    2956                      .dwattr $C$DW$T$19, DW_AT_byte_size(0x01)
    2957              $C$DW$184       .dwtag  DW_TAG_enumerator
    2958                      .dwattr $C$DW$184, DW_AT_name("ADC_CLK_DIV_1_0")
    2959                      .dwattr $C$DW$184, DW_AT_const_value(0x00)
    2960                      .dwattr $C$DW$184, DW_AT_decl_file("/home/jose/ti/c2000/C2000Ware_26_01_00_00/driverlib/f2837xd/drive
    2961                      .dwattr $C$DW$184, DW_AT_decl_line(0x98)
    2962                      .dwattr $C$DW$184, DW_AT_decl_column(0x05)
    2963              
    2964              $C$DW$185       .dwtag  DW_TAG_enumerator
    2965                      .dwattr $C$DW$185, DW_AT_name("ADC_CLK_DIV_2_0")
    2966                      .dwattr $C$DW$185, DW_AT_const_value(0x02)
    2967                      .dwattr $C$DW$185, DW_AT_decl_file("/home/jose/ti/c2000/C2000Ware_26_01_00_00/driverlib/f2837xd/drive
    2968                      .dwattr $C$DW$185, DW_AT_decl_line(0x99)
    2969                      .dwattr $C$DW$185, DW_AT_decl_column(0x05)
    2970              
    2971              $C$DW$186       .dwtag  DW_TAG_enumerator
    2972                      .dwattr $C$DW$186, DW_AT_name("ADC_CLK_DIV_2_5")
    2973                      .dwattr $C$DW$186, DW_AT_const_value(0x03)
    2974                      .dwattr $C$DW$186, DW_AT_decl_file("/home/jose/ti/c2000/C2000Ware_26_01_00_00/driverlib/f2837xd/drive
    2975                      .dwattr $C$DW$186, DW_AT_decl_line(0x9a)
    2976                      .dwattr $C$DW$186, DW_AT_decl_column(0x05)
    2977              
TMS320C2000 Assembler Unix v25.11.0 Sat May 30 20:15:25 2026

Copyright (c) 1996-2018 Texas Instruments Incorporated
board.asm                                                            PAGE   67

    2978              $C$DW$187       .dwtag  DW_TAG_enumerator
    2979                      .dwattr $C$DW$187, DW_AT_name("ADC_CLK_DIV_3_0")
    2980                      .dwattr $C$DW$187, DW_AT_const_value(0x04)
    2981                      .dwattr $C$DW$187, DW_AT_decl_file("/home/jose/ti/c2000/C2000Ware_26_01_00_00/driverlib/f2837xd/drive
    2982                      .dwattr $C$DW$187, DW_AT_decl_line(0x9b)
    2983                      .dwattr $C$DW$187, DW_AT_decl_column(0x05)
    2984              
    2985              $C$DW$188       .dwtag  DW_TAG_enumerator
    2986                      .dwattr $C$DW$188, DW_AT_name("ADC_CLK_DIV_3_5")
    2987                      .dwattr $C$DW$188, DW_AT_const_value(0x05)
    2988                      .dwattr $C$DW$188, DW_AT_decl_file("/home/jose/ti/c2000/C2000Ware_26_01_00_00/driverlib/f2837xd/drive
    2989                      .dwattr $C$DW$188, DW_AT_decl_line(0x9c)
    2990                      .dwattr $C$DW$188, DW_AT_decl_column(0x05)
    2991              
    2992              $C$DW$189       .dwtag  DW_TAG_enumerator
    2993                      .dwattr $C$DW$189, DW_AT_name("ADC_CLK_DIV_4_0")
    2994                      .dwattr $C$DW$189, DW_AT_const_value(0x06)
    2995                      .dwattr $C$DW$189, DW_AT_decl_file("/home/jose/ti/c2000/C2000Ware_26_01_00_00/driverlib/f2837xd/drive
    2996                      .dwattr $C$DW$189, DW_AT_decl_line(0x9d)
    2997                      .dwattr $C$DW$189, DW_AT_decl_column(0x05)
    2998              
    2999              $C$DW$190       .dwtag  DW_TAG_enumerator
    3000                      .dwattr $C$DW$190, DW_AT_name("ADC_CLK_DIV_4_5")
    3001                      .dwattr $C$DW$190, DW_AT_const_value(0x07)
    3002                      .dwattr $C$DW$190, DW_AT_decl_file("/home/jose/ti/c2000/C2000Ware_26_01_00_00/driverlib/f2837xd/drive
    3003                      .dwattr $C$DW$190, DW_AT_decl_line(0x9e)
    3004                      .dwattr $C$DW$190, DW_AT_decl_column(0x05)
    3005              
    3006              $C$DW$191       .dwtag  DW_TAG_enumerator
    3007                      .dwattr $C$DW$191, DW_AT_name("ADC_CLK_DIV_5_0")
    3008                      .dwattr $C$DW$191, DW_AT_const_value(0x08)
    3009                      .dwattr $C$DW$191, DW_AT_decl_file("/home/jose/ti/c2000/C2000Ware_26_01_00_00/driverlib/f2837xd/drive
    3010                      .dwattr $C$DW$191, DW_AT_decl_line(0x9f)
    3011                      .dwattr $C$DW$191, DW_AT_decl_column(0x05)
    3012              
    3013              $C$DW$192       .dwtag  DW_TAG_enumerator
    3014                      .dwattr $C$DW$192, DW_AT_name("ADC_CLK_DIV_5_5")
    3015                      .dwattr $C$DW$192, DW_AT_const_value(0x09)
    3016                      .dwattr $C$DW$192, DW_AT_decl_file("/home/jose/ti/c2000/C2000Ware_26_01_00_00/driverlib/f2837xd/drive
    3017                      .dwattr $C$DW$192, DW_AT_decl_line(0xa0)
    3018                      .dwattr $C$DW$192, DW_AT_decl_column(0x05)
    3019              
    3020              $C$DW$193       .dwtag  DW_TAG_enumerator
    3021                      .dwattr $C$DW$193, DW_AT_name("ADC_CLK_DIV_6_0")
    3022                      .dwattr $C$DW$193, DW_AT_const_value(0x0a)
    3023                      .dwattr $C$DW$193, DW_AT_decl_file("/home/jose/ti/c2000/C2000Ware_26_01_00_00/driverlib/f2837xd/drive
    3024                      .dwattr $C$DW$193, DW_AT_decl_line(0xa1)
    3025                      .dwattr $C$DW$193, DW_AT_decl_column(0x05)
    3026              
    3027              $C$DW$194       .dwtag  DW_TAG_enumerator
    3028                      .dwattr $C$DW$194, DW_AT_name("ADC_CLK_DIV_6_5")
    3029                      .dwattr $C$DW$194, DW_AT_const_value(0x0b)
    3030                      .dwattr $C$DW$194, DW_AT_decl_file("/home/jose/ti/c2000/C2000Ware_26_01_00_00/driverlib/f2837xd/drive
    3031                      .dwattr $C$DW$194, DW_AT_decl_line(0xa2)
    3032                      .dwattr $C$DW$194, DW_AT_decl_column(0x05)
TMS320C2000 Assembler Unix v25.11.0 Sat May 30 20:15:25 2026

Copyright (c) 1996-2018 Texas Instruments Incorporated
board.asm                                                            PAGE   68

    3033              
    3034              $C$DW$195       .dwtag  DW_TAG_enumerator
    3035                      .dwattr $C$DW$195, DW_AT_name("ADC_CLK_DIV_7_0")
    3036                      .dwattr $C$DW$195, DW_AT_const_value(0x0c)
    3037                      .dwattr $C$DW$195, DW_AT_decl_file("/home/jose/ti/c2000/C2000Ware_26_01_00_00/driverlib/f2837xd/drive
    3038                      .dwattr $C$DW$195, DW_AT_decl_line(0xa3)
    3039                      .dwattr $C$DW$195, DW_AT_decl_column(0x05)
    3040              
    3041              $C$DW$196       .dwtag  DW_TAG_enumerator
    3042                      .dwattr $C$DW$196, DW_AT_name("ADC_CLK_DIV_7_5")
    3043                      .dwattr $C$DW$196, DW_AT_const_value(0x0d)
    3044                      .dwattr $C$DW$196, DW_AT_decl_file("/home/jose/ti/c2000/C2000Ware_26_01_00_00/driverlib/f2837xd/drive
    3045                      .dwattr $C$DW$196, DW_AT_decl_line(0xa4)
    3046                      .dwattr $C$DW$196, DW_AT_decl_column(0x05)
    3047              
    3048              $C$DW$197       .dwtag  DW_TAG_enumerator
    3049                      .dwattr $C$DW$197, DW_AT_name("ADC_CLK_DIV_8_0")
    3050                      .dwattr $C$DW$197, DW_AT_const_value(0x0e)
    3051                      .dwattr $C$DW$197, DW_AT_decl_file("/home/jose/ti/c2000/C2000Ware_26_01_00_00/driverlib/f2837xd/drive
    3052                      .dwattr $C$DW$197, DW_AT_decl_line(0xa5)
    3053                      .dwattr $C$DW$197, DW_AT_decl_column(0x05)
    3054              
    3055              $C$DW$198       .dwtag  DW_TAG_enumerator
    3056                      .dwattr $C$DW$198, DW_AT_name("ADC_CLK_DIV_8_5")
    3057                      .dwattr $C$DW$198, DW_AT_const_value(0x0f)
    3058                      .dwattr $C$DW$198, DW_AT_decl_file("/home/jose/ti/c2000/C2000Ware_26_01_00_00/driverlib/f2837xd/drive
    3059                      .dwattr $C$DW$198, DW_AT_decl_line(0xa6)
    3060                      .dwattr $C$DW$198, DW_AT_decl_column(0x05)
    3061              
    3062                      .dwattr $C$DW$T$19, DW_AT_decl_file("/home/jose/ti/c2000/C2000Ware_26_01_00_00/driverlib/f2837xd/driv
    3063                      .dwattr $C$DW$T$19, DW_AT_decl_line(0x97)
    3064                      .dwattr $C$DW$T$19, DW_AT_decl_column(0x01)
    3065                      .dwendtag $C$DW$T$19
    3066              
    3067                      .dwendtag $C$DW$TU$19
    3068              
    3069              
    3070              $C$DW$TU$20     .dwtag  DW_TAG_type_unit
    3071                      .dwmtype  $C$DW$T$20
    3072              $C$DW$T$20      .dwtag  DW_TAG_typedef
    3073                      .dwattr $C$DW$T$20, DW_AT_name("ADC_ClkPrescale")
    3074                      .dwattr $C$DW$T$20, DW_AT_type(*$C$DW$T$19)
    3075                      .dwattr $C$DW$T$20, DW_AT_decl_file("/home/jose/ti/c2000/C2000Ware_26_01_00_00/driverlib/f2837xd/driv
    3076                      .dwattr $C$DW$T$20, DW_AT_decl_line(0xa7)
    3077                      .dwattr $C$DW$T$20, DW_AT_decl_column(0x03)
    3078              
    3079                      .dwendtag $C$DW$TU$20
    3080              
    3081              
    3082              $C$DW$TU$21     .dwtag  DW_TAG_type_unit
    3083                      .dwmtype  $C$DW$T$21
    3084              
    3085              $C$DW$T$21      .dwtag  DW_TAG_enumeration_type
    3086                      .dwattr $C$DW$T$21, DW_AT_byte_size(0x01)
    3087              $C$DW$199       .dwtag  DW_TAG_enumerator
TMS320C2000 Assembler Unix v25.11.0 Sat May 30 20:15:25 2026

Copyright (c) 1996-2018 Texas Instruments Incorporated
board.asm                                                            PAGE   69

    3088                      .dwattr $C$DW$199, DW_AT_name("ADC_SOC_NUMBER0")
    3089                      .dwattr $C$DW$199, DW_AT_const_value(0x00)
    3090                      .dwattr $C$DW$199, DW_AT_decl_file("/home/jose/ti/c2000/C2000Ware_26_01_00_00/driverlib/f2837xd/drive
    3091                      .dwattr $C$DW$199, DW_AT_decl_line(0x145)
    3092                      .dwattr $C$DW$199, DW_AT_decl_column(0x05)
    3093              
    3094              $C$DW$200       .dwtag  DW_TAG_enumerator
    3095                      .dwattr $C$DW$200, DW_AT_name("ADC_SOC_NUMBER1")
    3096                      .dwattr $C$DW$200, DW_AT_const_value(0x01)
    3097                      .dwattr $C$DW$200, DW_AT_decl_file("/home/jose/ti/c2000/C2000Ware_26_01_00_00/driverlib/f2837xd/drive
    3098                      .dwattr $C$DW$200, DW_AT_decl_line(0x146)
    3099                      .dwattr $C$DW$200, DW_AT_decl_column(0x05)
    3100              
    3101              $C$DW$201       .dwtag  DW_TAG_enumerator
    3102                      .dwattr $C$DW$201, DW_AT_name("ADC_SOC_NUMBER2")
    3103                      .dwattr $C$DW$201, DW_AT_const_value(0x02)
    3104                      .dwattr $C$DW$201, DW_AT_decl_file("/home/jose/ti/c2000/C2000Ware_26_01_00_00/driverlib/f2837xd/drive
    3105                      .dwattr $C$DW$201, DW_AT_decl_line(0x147)
    3106                      .dwattr $C$DW$201, DW_AT_decl_column(0x05)
    3107              
    3108              $C$DW$202       .dwtag  DW_TAG_enumerator
    3109                      .dwattr $C$DW$202, DW_AT_name("ADC_SOC_NUMBER3")
    3110                      .dwattr $C$DW$202, DW_AT_const_value(0x03)
    3111                      .dwattr $C$DW$202, DW_AT_decl_file("/home/jose/ti/c2000/C2000Ware_26_01_00_00/driverlib/f2837xd/drive
    3112                      .dwattr $C$DW$202, DW_AT_decl_line(0x148)
    3113                      .dwattr $C$DW$202, DW_AT_decl_column(0x05)
    3114              
    3115              $C$DW$203       .dwtag  DW_TAG_enumerator
    3116                      .dwattr $C$DW$203, DW_AT_name("ADC_SOC_NUMBER4")
    3117                      .dwattr $C$DW$203, DW_AT_const_value(0x04)
    3118                      .dwattr $C$DW$203, DW_AT_decl_file("/home/jose/ti/c2000/C2000Ware_26_01_00_00/driverlib/f2837xd/drive
    3119                      .dwattr $C$DW$203, DW_AT_decl_line(0x149)
    3120                      .dwattr $C$DW$203, DW_AT_decl_column(0x05)
    3121              
    3122              $C$DW$204       .dwtag  DW_TAG_enumerator
    3123                      .dwattr $C$DW$204, DW_AT_name("ADC_SOC_NUMBER5")
    3124                      .dwattr $C$DW$204, DW_AT_const_value(0x05)
    3125                      .dwattr $C$DW$204, DW_AT_decl_file("/home/jose/ti/c2000/C2000Ware_26_01_00_00/driverlib/f2837xd/drive
    3126                      .dwattr $C$DW$204, DW_AT_decl_line(0x14a)
    3127                      .dwattr $C$DW$204, DW_AT_decl_column(0x05)
    3128              
    3129              $C$DW$205       .dwtag  DW_TAG_enumerator
    3130                      .dwattr $C$DW$205, DW_AT_name("ADC_SOC_NUMBER6")
    3131                      .dwattr $C$DW$205, DW_AT_const_value(0x06)
    3132                      .dwattr $C$DW$205, DW_AT_decl_file("/home/jose/ti/c2000/C2000Ware_26_01_00_00/driverlib/f2837xd/drive
    3133                      .dwattr $C$DW$205, DW_AT_decl_line(0x14b)
    3134                      .dwattr $C$DW$205, DW_AT_decl_column(0x05)
    3135              
    3136              $C$DW$206       .dwtag  DW_TAG_enumerator
    3137                      .dwattr $C$DW$206, DW_AT_name("ADC_SOC_NUMBER7")
    3138                      .dwattr $C$DW$206, DW_AT_const_value(0x07)
    3139                      .dwattr $C$DW$206, DW_AT_decl_file("/home/jose/ti/c2000/C2000Ware_26_01_00_00/driverlib/f2837xd/drive
    3140                      .dwattr $C$DW$206, DW_AT_decl_line(0x14c)
    3141                      .dwattr $C$DW$206, DW_AT_decl_column(0x05)
    3142              
TMS320C2000 Assembler Unix v25.11.0 Sat May 30 20:15:25 2026

Copyright (c) 1996-2018 Texas Instruments Incorporated
board.asm                                                            PAGE   70

    3143              $C$DW$207       .dwtag  DW_TAG_enumerator
    3144                      .dwattr $C$DW$207, DW_AT_name("ADC_SOC_NUMBER8")
    3145                      .dwattr $C$DW$207, DW_AT_const_value(0x08)
    3146                      .dwattr $C$DW$207, DW_AT_decl_file("/home/jose/ti/c2000/C2000Ware_26_01_00_00/driverlib/f2837xd/drive
    3147                      .dwattr $C$DW$207, DW_AT_decl_line(0x14d)
    3148                      .dwattr $C$DW$207, DW_AT_decl_column(0x05)
    3149              
    3150              $C$DW$208       .dwtag  DW_TAG_enumerator
    3151                      .dwattr $C$DW$208, DW_AT_name("ADC_SOC_NUMBER9")
    3152                      .dwattr $C$DW$208, DW_AT_const_value(0x09)
    3153                      .dwattr $C$DW$208, DW_AT_decl_file("/home/jose/ti/c2000/C2000Ware_26_01_00_00/driverlib/f2837xd/drive
    3154                      .dwattr $C$DW$208, DW_AT_decl_line(0x14e)
    3155                      .dwattr $C$DW$208, DW_AT_decl_column(0x05)
    3156              
    3157              $C$DW$209       .dwtag  DW_TAG_enumerator
    3158                      .dwattr $C$DW$209, DW_AT_name("ADC_SOC_NUMBER10")
    3159                      .dwattr $C$DW$209, DW_AT_const_value(0x0a)
    3160                      .dwattr $C$DW$209, DW_AT_decl_file("/home/jose/ti/c2000/C2000Ware_26_01_00_00/driverlib/f2837xd/drive
    3161                      .dwattr $C$DW$209, DW_AT_decl_line(0x14f)
    3162                      .dwattr $C$DW$209, DW_AT_decl_column(0x05)
    3163              
    3164              $C$DW$210       .dwtag  DW_TAG_enumerator
    3165                      .dwattr $C$DW$210, DW_AT_name("ADC_SOC_NUMBER11")
    3166                      .dwattr $C$DW$210, DW_AT_const_value(0x0b)
    3167                      .dwattr $C$DW$210, DW_AT_decl_file("/home/jose/ti/c2000/C2000Ware_26_01_00_00/driverlib/f2837xd/drive
    3168                      .dwattr $C$DW$210, DW_AT_decl_line(0x150)
    3169                      .dwattr $C$DW$210, DW_AT_decl_column(0x05)
    3170              
    3171              $C$DW$211       .dwtag  DW_TAG_enumerator
    3172                      .dwattr $C$DW$211, DW_AT_name("ADC_SOC_NUMBER12")
    3173                      .dwattr $C$DW$211, DW_AT_const_value(0x0c)
    3174                      .dwattr $C$DW$211, DW_AT_decl_file("/home/jose/ti/c2000/C2000Ware_26_01_00_00/driverlib/f2837xd/drive
    3175                      .dwattr $C$DW$211, DW_AT_decl_line(0x151)
    3176                      .dwattr $C$DW$211, DW_AT_decl_column(0x05)
    3177              
    3178              $C$DW$212       .dwtag  DW_TAG_enumerator
    3179                      .dwattr $C$DW$212, DW_AT_name("ADC_SOC_NUMBER13")
    3180                      .dwattr $C$DW$212, DW_AT_const_value(0x0d)
    3181                      .dwattr $C$DW$212, DW_AT_decl_file("/home/jose/ti/c2000/C2000Ware_26_01_00_00/driverlib/f2837xd/drive
    3182                      .dwattr $C$DW$212, DW_AT_decl_line(0x152)
    3183                      .dwattr $C$DW$212, DW_AT_decl_column(0x05)
    3184              
    3185              $C$DW$213       .dwtag  DW_TAG_enumerator
    3186                      .dwattr $C$DW$213, DW_AT_name("ADC_SOC_NUMBER14")
    3187                      .dwattr $C$DW$213, DW_AT_const_value(0x0e)
    3188                      .dwattr $C$DW$213, DW_AT_decl_file("/home/jose/ti/c2000/C2000Ware_26_01_00_00/driverlib/f2837xd/drive
    3189                      .dwattr $C$DW$213, DW_AT_decl_line(0x153)
    3190                      .dwattr $C$DW$213, DW_AT_decl_column(0x05)
    3191              
    3192              $C$DW$214       .dwtag  DW_TAG_enumerator
    3193                      .dwattr $C$DW$214, DW_AT_name("ADC_SOC_NUMBER15")
    3194                      .dwattr $C$DW$214, DW_AT_const_value(0x0f)
    3195                      .dwattr $C$DW$214, DW_AT_decl_file("/home/jose/ti/c2000/C2000Ware_26_01_00_00/driverlib/f2837xd/drive
    3196                      .dwattr $C$DW$214, DW_AT_decl_line(0x154)
    3197                      .dwattr $C$DW$214, DW_AT_decl_column(0x05)
TMS320C2000 Assembler Unix v25.11.0 Sat May 30 20:15:25 2026

Copyright (c) 1996-2018 Texas Instruments Incorporated
board.asm                                                            PAGE   71

    3198              
    3199                      .dwattr $C$DW$T$21, DW_AT_decl_file("/home/jose/ti/c2000/C2000Ware_26_01_00_00/driverlib/f2837xd/driv
    3200                      .dwattr $C$DW$T$21, DW_AT_decl_line(0x144)
    3201                      .dwattr $C$DW$T$21, DW_AT_decl_column(0x01)
    3202                      .dwendtag $C$DW$T$21
    3203              
    3204                      .dwendtag $C$DW$TU$21
    3205              
    3206              
    3207              $C$DW$TU$22     .dwtag  DW_TAG_type_unit
    3208                      .dwmtype  $C$DW$T$22
    3209              $C$DW$T$22      .dwtag  DW_TAG_typedef
    3210                      .dwattr $C$DW$T$22, DW_AT_name("ADC_SOCNumber")
    3211                      .dwattr $C$DW$T$22, DW_AT_type(*$C$DW$T$21)
    3212                      .dwattr $C$DW$T$22, DW_AT_decl_file("/home/jose/ti/c2000/C2000Ware_26_01_00_00/driverlib/f2837xd/driv
    3213                      .dwattr $C$DW$T$22, DW_AT_decl_line(0x155)
    3214                      .dwattr $C$DW$T$22, DW_AT_decl_column(0x03)
    3215              
    3216                      .dwendtag $C$DW$TU$22
    3217              
    3218              
    3219              $C$DW$TU$23     .dwtag  DW_TAG_type_unit
    3220                      .dwmtype  $C$DW$T$23
    3221              
    3222              $C$DW$T$23      .dwtag  DW_TAG_enumeration_type
    3223                      .dwattr $C$DW$T$23, DW_AT_byte_size(0x01)
    3224              $C$DW$215       .dwtag  DW_TAG_enumerator
    3225                      .dwattr $C$DW$215, DW_AT_name("ADC_TRIGGER_SW_ONLY")
    3226                      .dwattr $C$DW$215, DW_AT_const_value(0x00)
    3227                      .dwattr $C$DW$215, DW_AT_decl_file("/home/jose/ti/c2000/C2000Ware_26_01_00_00/driverlib/f2837xd/drive
    3228                      .dwattr $C$DW$215, DW_AT_decl_line(0xcb)
    3229                      .dwattr $C$DW$215, DW_AT_decl_column(0x05)
    3230              
    3231              $C$DW$216       .dwtag  DW_TAG_enumerator
    3232                      .dwattr $C$DW$216, DW_AT_name("ADC_TRIGGER_CPU1_TINT0")
    3233                      .dwattr $C$DW$216, DW_AT_const_value(0x01)
    3234                      .dwattr $C$DW$216, DW_AT_decl_file("/home/jose/ti/c2000/C2000Ware_26_01_00_00/driverlib/f2837xd/drive
    3235                      .dwattr $C$DW$216, DW_AT_decl_line(0xcc)
    3236                      .dwattr $C$DW$216, DW_AT_decl_column(0x05)
    3237              
    3238              $C$DW$217       .dwtag  DW_TAG_enumerator
    3239                      .dwattr $C$DW$217, DW_AT_name("ADC_TRIGGER_CPU1_TINT1")
    3240                      .dwattr $C$DW$217, DW_AT_const_value(0x02)
    3241                      .dwattr $C$DW$217, DW_AT_decl_file("/home/jose/ti/c2000/C2000Ware_26_01_00_00/driverlib/f2837xd/drive
    3242                      .dwattr $C$DW$217, DW_AT_decl_line(0xcd)
    3243                      .dwattr $C$DW$217, DW_AT_decl_column(0x05)
    3244              
    3245              $C$DW$218       .dwtag  DW_TAG_enumerator
    3246                      .dwattr $C$DW$218, DW_AT_name("ADC_TRIGGER_CPU1_TINT2")
    3247                      .dwattr $C$DW$218, DW_AT_const_value(0x03)
    3248                      .dwattr $C$DW$218, DW_AT_decl_file("/home/jose/ti/c2000/C2000Ware_26_01_00_00/driverlib/f2837xd/drive
    3249                      .dwattr $C$DW$218, DW_AT_decl_line(0xce)
    3250                      .dwattr $C$DW$218, DW_AT_decl_column(0x05)
    3251              
    3252              $C$DW$219       .dwtag  DW_TAG_enumerator
TMS320C2000 Assembler Unix v25.11.0 Sat May 30 20:15:25 2026

Copyright (c) 1996-2018 Texas Instruments Incorporated
board.asm                                                            PAGE   72

    3253                      .dwattr $C$DW$219, DW_AT_name("ADC_TRIGGER_GPIO")
    3254                      .dwattr $C$DW$219, DW_AT_const_value(0x04)
    3255                      .dwattr $C$DW$219, DW_AT_decl_file("/home/jose/ti/c2000/C2000Ware_26_01_00_00/driverlib/f2837xd/drive
    3256                      .dwattr $C$DW$219, DW_AT_decl_line(0xcf)
    3257                      .dwattr $C$DW$219, DW_AT_decl_column(0x05)
    3258              
    3259              $C$DW$220       .dwtag  DW_TAG_enumerator
    3260                      .dwattr $C$DW$220, DW_AT_name("ADC_TRIGGER_EPWM1_SOCA")
    3261                      .dwattr $C$DW$220, DW_AT_const_value(0x05)
    3262                      .dwattr $C$DW$220, DW_AT_decl_file("/home/jose/ti/c2000/C2000Ware_26_01_00_00/driverlib/f2837xd/drive
    3263                      .dwattr $C$DW$220, DW_AT_decl_line(0xd0)
    3264                      .dwattr $C$DW$220, DW_AT_decl_column(0x05)
    3265              
    3266              $C$DW$221       .dwtag  DW_TAG_enumerator
    3267                      .dwattr $C$DW$221, DW_AT_name("ADC_TRIGGER_EPWM1_SOCB")
    3268                      .dwattr $C$DW$221, DW_AT_const_value(0x06)
    3269                      .dwattr $C$DW$221, DW_AT_decl_file("/home/jose/ti/c2000/C2000Ware_26_01_00_00/driverlib/f2837xd/drive
    3270                      .dwattr $C$DW$221, DW_AT_decl_line(0xd1)
    3271                      .dwattr $C$DW$221, DW_AT_decl_column(0x05)
    3272              
    3273              $C$DW$222       .dwtag  DW_TAG_enumerator
    3274                      .dwattr $C$DW$222, DW_AT_name("ADC_TRIGGER_EPWM2_SOCA")
    3275                      .dwattr $C$DW$222, DW_AT_const_value(0x07)
    3276                      .dwattr $C$DW$222, DW_AT_decl_file("/home/jose/ti/c2000/C2000Ware_26_01_00_00/driverlib/f2837xd/drive
    3277                      .dwattr $C$DW$222, DW_AT_decl_line(0xd2)
    3278                      .dwattr $C$DW$222, DW_AT_decl_column(0x05)
    3279              
    3280              $C$DW$223       .dwtag  DW_TAG_enumerator
    3281                      .dwattr $C$DW$223, DW_AT_name("ADC_TRIGGER_EPWM2_SOCB")
    3282                      .dwattr $C$DW$223, DW_AT_const_value(0x08)
    3283                      .dwattr $C$DW$223, DW_AT_decl_file("/home/jose/ti/c2000/C2000Ware_26_01_00_00/driverlib/f2837xd/drive
    3284                      .dwattr $C$DW$223, DW_AT_decl_line(0xd3)
    3285                      .dwattr $C$DW$223, DW_AT_decl_column(0x05)
    3286              
    3287              $C$DW$224       .dwtag  DW_TAG_enumerator
    3288                      .dwattr $C$DW$224, DW_AT_name("ADC_TRIGGER_EPWM3_SOCA")
    3289                      .dwattr $C$DW$224, DW_AT_const_value(0x09)
    3290                      .dwattr $C$DW$224, DW_AT_decl_file("/home/jose/ti/c2000/C2000Ware_26_01_00_00/driverlib/f2837xd/drive
    3291                      .dwattr $C$DW$224, DW_AT_decl_line(0xd4)
    3292                      .dwattr $C$DW$224, DW_AT_decl_column(0x05)
    3293              
    3294              $C$DW$225       .dwtag  DW_TAG_enumerator
    3295                      .dwattr $C$DW$225, DW_AT_name("ADC_TRIGGER_EPWM3_SOCB")
    3296                      .dwattr $C$DW$225, DW_AT_const_value(0x0a)
    3297                      .dwattr $C$DW$225, DW_AT_decl_file("/home/jose/ti/c2000/C2000Ware_26_01_00_00/driverlib/f2837xd/drive
    3298                      .dwattr $C$DW$225, DW_AT_decl_line(0xd5)
    3299                      .dwattr $C$DW$225, DW_AT_decl_column(0x05)
    3300              
    3301              $C$DW$226       .dwtag  DW_TAG_enumerator
    3302                      .dwattr $C$DW$226, DW_AT_name("ADC_TRIGGER_EPWM4_SOCA")
    3303                      .dwattr $C$DW$226, DW_AT_const_value(0x0b)
    3304                      .dwattr $C$DW$226, DW_AT_decl_file("/home/jose/ti/c2000/C2000Ware_26_01_00_00/driverlib/f2837xd/drive
    3305                      .dwattr $C$DW$226, DW_AT_decl_line(0xd6)
    3306                      .dwattr $C$DW$226, DW_AT_decl_column(0x05)
    3307              
TMS320C2000 Assembler Unix v25.11.0 Sat May 30 20:15:25 2026

Copyright (c) 1996-2018 Texas Instruments Incorporated
board.asm                                                            PAGE   73

    3308              $C$DW$227       .dwtag  DW_TAG_enumerator
    3309                      .dwattr $C$DW$227, DW_AT_name("ADC_TRIGGER_EPWM4_SOCB")
    3310                      .dwattr $C$DW$227, DW_AT_const_value(0x0c)
    3311                      .dwattr $C$DW$227, DW_AT_decl_file("/home/jose/ti/c2000/C2000Ware_26_01_00_00/driverlib/f2837xd/drive
    3312                      .dwattr $C$DW$227, DW_AT_decl_line(0xd7)
    3313                      .dwattr $C$DW$227, DW_AT_decl_column(0x05)
    3314              
    3315              $C$DW$228       .dwtag  DW_TAG_enumerator
    3316                      .dwattr $C$DW$228, DW_AT_name("ADC_TRIGGER_EPWM5_SOCA")
    3317                      .dwattr $C$DW$228, DW_AT_const_value(0x0d)
    3318                      .dwattr $C$DW$228, DW_AT_decl_file("/home/jose/ti/c2000/C2000Ware_26_01_00_00/driverlib/f2837xd/drive
    3319                      .dwattr $C$DW$228, DW_AT_decl_line(0xd8)
    3320                      .dwattr $C$DW$228, DW_AT_decl_column(0x05)
    3321              
    3322              $C$DW$229       .dwtag  DW_TAG_enumerator
    3323                      .dwattr $C$DW$229, DW_AT_name("ADC_TRIGGER_EPWM5_SOCB")
    3324                      .dwattr $C$DW$229, DW_AT_const_value(0x0e)
    3325                      .dwattr $C$DW$229, DW_AT_decl_file("/home/jose/ti/c2000/C2000Ware_26_01_00_00/driverlib/f2837xd/drive
    3326                      .dwattr $C$DW$229, DW_AT_decl_line(0xd9)
    3327                      .dwattr $C$DW$229, DW_AT_decl_column(0x05)
    3328              
    3329              $C$DW$230       .dwtag  DW_TAG_enumerator
    3330                      .dwattr $C$DW$230, DW_AT_name("ADC_TRIGGER_EPWM6_SOCA")
    3331                      .dwattr $C$DW$230, DW_AT_const_value(0x0f)
    3332                      .dwattr $C$DW$230, DW_AT_decl_file("/home/jose/ti/c2000/C2000Ware_26_01_00_00/driverlib/f2837xd/drive
    3333                      .dwattr $C$DW$230, DW_AT_decl_line(0xda)
    3334                      .dwattr $C$DW$230, DW_AT_decl_column(0x05)
    3335              
    3336              $C$DW$231       .dwtag  DW_TAG_enumerator
    3337                      .dwattr $C$DW$231, DW_AT_name("ADC_TRIGGER_EPWM6_SOCB")
    3338                      .dwattr $C$DW$231, DW_AT_const_value(0x10)
    3339                      .dwattr $C$DW$231, DW_AT_decl_file("/home/jose/ti/c2000/C2000Ware_26_01_00_00/driverlib/f2837xd/drive
    3340                      .dwattr $C$DW$231, DW_AT_decl_line(0xdb)
    3341                      .dwattr $C$DW$231, DW_AT_decl_column(0x05)
    3342              
    3343              $C$DW$232       .dwtag  DW_TAG_enumerator
    3344                      .dwattr $C$DW$232, DW_AT_name("ADC_TRIGGER_EPWM7_SOCA")
    3345                      .dwattr $C$DW$232, DW_AT_const_value(0x11)
    3346                      .dwattr $C$DW$232, DW_AT_decl_file("/home/jose/ti/c2000/C2000Ware_26_01_00_00/driverlib/f2837xd/drive
    3347                      .dwattr $C$DW$232, DW_AT_decl_line(0xdc)
    3348                      .dwattr $C$DW$232, DW_AT_decl_column(0x05)
    3349              
    3350              $C$DW$233       .dwtag  DW_TAG_enumerator
    3351                      .dwattr $C$DW$233, DW_AT_name("ADC_TRIGGER_EPWM7_SOCB")
    3352                      .dwattr $C$DW$233, DW_AT_const_value(0x12)
    3353                      .dwattr $C$DW$233, DW_AT_decl_file("/home/jose/ti/c2000/C2000Ware_26_01_00_00/driverlib/f2837xd/drive
    3354                      .dwattr $C$DW$233, DW_AT_decl_line(0xdd)
    3355                      .dwattr $C$DW$233, DW_AT_decl_column(0x05)
    3356              
    3357              $C$DW$234       .dwtag  DW_TAG_enumerator
    3358                      .dwattr $C$DW$234, DW_AT_name("ADC_TRIGGER_EPWM8_SOCA")
    3359                      .dwattr $C$DW$234, DW_AT_const_value(0x13)
    3360                      .dwattr $C$DW$234, DW_AT_decl_file("/home/jose/ti/c2000/C2000Ware_26_01_00_00/driverlib/f2837xd/drive
    3361                      .dwattr $C$DW$234, DW_AT_decl_line(0xde)
    3362                      .dwattr $C$DW$234, DW_AT_decl_column(0x05)
TMS320C2000 Assembler Unix v25.11.0 Sat May 30 20:15:25 2026

Copyright (c) 1996-2018 Texas Instruments Incorporated
board.asm                                                            PAGE   74

    3363              
    3364              $C$DW$235       .dwtag  DW_TAG_enumerator
    3365                      .dwattr $C$DW$235, DW_AT_name("ADC_TRIGGER_EPWM8_SOCB")
    3366                      .dwattr $C$DW$235, DW_AT_const_value(0x14)
    3367                      .dwattr $C$DW$235, DW_AT_decl_file("/home/jose/ti/c2000/C2000Ware_26_01_00_00/driverlib/f2837xd/drive
    3368                      .dwattr $C$DW$235, DW_AT_decl_line(0xdf)
    3369                      .dwattr $C$DW$235, DW_AT_decl_column(0x05)
    3370              
    3371              $C$DW$236       .dwtag  DW_TAG_enumerator
    3372                      .dwattr $C$DW$236, DW_AT_name("ADC_TRIGGER_EPWM9_SOCA")
    3373                      .dwattr $C$DW$236, DW_AT_const_value(0x15)
    3374                      .dwattr $C$DW$236, DW_AT_decl_file("/home/jose/ti/c2000/C2000Ware_26_01_00_00/driverlib/f2837xd/drive
    3375                      .dwattr $C$DW$236, DW_AT_decl_line(0xe0)
    3376                      .dwattr $C$DW$236, DW_AT_decl_column(0x05)
    3377              
    3378              $C$DW$237       .dwtag  DW_TAG_enumerator
    3379                      .dwattr $C$DW$237, DW_AT_name("ADC_TRIGGER_EPWM9_SOCB")
    3380                      .dwattr $C$DW$237, DW_AT_const_value(0x16)
    3381                      .dwattr $C$DW$237, DW_AT_decl_file("/home/jose/ti/c2000/C2000Ware_26_01_00_00/driverlib/f2837xd/drive
    3382                      .dwattr $C$DW$237, DW_AT_decl_line(0xe1)
    3383                      .dwattr $C$DW$237, DW_AT_decl_column(0x05)
    3384              
    3385              $C$DW$238       .dwtag  DW_TAG_enumerator
    3386                      .dwattr $C$DW$238, DW_AT_name("ADC_TRIGGER_EPWM10_SOCA")
    3387                      .dwattr $C$DW$238, DW_AT_const_value(0x17)
    3388                      .dwattr $C$DW$238, DW_AT_decl_file("/home/jose/ti/c2000/C2000Ware_26_01_00_00/driverlib/f2837xd/drive
    3389                      .dwattr $C$DW$238, DW_AT_decl_line(0xe2)
    3390                      .dwattr $C$DW$238, DW_AT_decl_column(0x05)
    3391              
    3392              $C$DW$239       .dwtag  DW_TAG_enumerator
    3393                      .dwattr $C$DW$239, DW_AT_name("ADC_TRIGGER_EPWM10_SOCB")
    3394                      .dwattr $C$DW$239, DW_AT_const_value(0x18)
    3395                      .dwattr $C$DW$239, DW_AT_decl_file("/home/jose/ti/c2000/C2000Ware_26_01_00_00/driverlib/f2837xd/drive
    3396                      .dwattr $C$DW$239, DW_AT_decl_line(0xe3)
    3397                      .dwattr $C$DW$239, DW_AT_decl_column(0x05)
    3398              
    3399              $C$DW$240       .dwtag  DW_TAG_enumerator
    3400                      .dwattr $C$DW$240, DW_AT_name("ADC_TRIGGER_EPWM11_SOCA")
    3401                      .dwattr $C$DW$240, DW_AT_const_value(0x19)
    3402                      .dwattr $C$DW$240, DW_AT_decl_file("/home/jose/ti/c2000/C2000Ware_26_01_00_00/driverlib/f2837xd/drive
    3403                      .dwattr $C$DW$240, DW_AT_decl_line(0xe4)
    3404                      .dwattr $C$DW$240, DW_AT_decl_column(0x05)
    3405              
    3406              $C$DW$241       .dwtag  DW_TAG_enumerator
    3407                      .dwattr $C$DW$241, DW_AT_name("ADC_TRIGGER_EPWM11_SOCB")
    3408                      .dwattr $C$DW$241, DW_AT_const_value(0x1a)
    3409                      .dwattr $C$DW$241, DW_AT_decl_file("/home/jose/ti/c2000/C2000Ware_26_01_00_00/driverlib/f2837xd/drive
    3410                      .dwattr $C$DW$241, DW_AT_decl_line(0xe5)
    3411                      .dwattr $C$DW$241, DW_AT_decl_column(0x05)
    3412              
    3413              $C$DW$242       .dwtag  DW_TAG_enumerator
    3414                      .dwattr $C$DW$242, DW_AT_name("ADC_TRIGGER_EPWM12_SOCA")
    3415                      .dwattr $C$DW$242, DW_AT_const_value(0x1b)
    3416                      .dwattr $C$DW$242, DW_AT_decl_file("/home/jose/ti/c2000/C2000Ware_26_01_00_00/driverlib/f2837xd/drive
    3417                      .dwattr $C$DW$242, DW_AT_decl_line(0xe6)
TMS320C2000 Assembler Unix v25.11.0 Sat May 30 20:15:25 2026

Copyright (c) 1996-2018 Texas Instruments Incorporated
board.asm                                                            PAGE   75

    3418                      .dwattr $C$DW$242, DW_AT_decl_column(0x05)
    3419              
    3420              $C$DW$243       .dwtag  DW_TAG_enumerator
    3421                      .dwattr $C$DW$243, DW_AT_name("ADC_TRIGGER_EPWM12_SOCB")
    3422                      .dwattr $C$DW$243, DW_AT_const_value(0x1c)
    3423                      .dwattr $C$DW$243, DW_AT_decl_file("/home/jose/ti/c2000/C2000Ware_26_01_00_00/driverlib/f2837xd/drive
    3424                      .dwattr $C$DW$243, DW_AT_decl_line(0xe7)
    3425                      .dwattr $C$DW$243, DW_AT_decl_column(0x05)
    3426              
    3427              $C$DW$244       .dwtag  DW_TAG_enumerator
    3428                      .dwattr $C$DW$244, DW_AT_name("ADC_TRIGGER_CPU2_TINT0")
    3429                      .dwattr $C$DW$244, DW_AT_const_value(0x1d)
    3430                      .dwattr $C$DW$244, DW_AT_decl_file("/home/jose/ti/c2000/C2000Ware_26_01_00_00/driverlib/f2837xd/drive
    3431                      .dwattr $C$DW$244, DW_AT_decl_line(0xe8)
    3432                      .dwattr $C$DW$244, DW_AT_decl_column(0x05)
    3433              
    3434              $C$DW$245       .dwtag  DW_TAG_enumerator
    3435                      .dwattr $C$DW$245, DW_AT_name("ADC_TRIGGER_CPU2_TINT1")
    3436                      .dwattr $C$DW$245, DW_AT_const_value(0x1e)
    3437                      .dwattr $C$DW$245, DW_AT_decl_file("/home/jose/ti/c2000/C2000Ware_26_01_00_00/driverlib/f2837xd/drive
    3438                      .dwattr $C$DW$245, DW_AT_decl_line(0xe9)
    3439                      .dwattr $C$DW$245, DW_AT_decl_column(0x05)
    3440              
    3441              $C$DW$246       .dwtag  DW_TAG_enumerator
    3442                      .dwattr $C$DW$246, DW_AT_name("ADC_TRIGGER_CPU2_TINT2")
    3443                      .dwattr $C$DW$246, DW_AT_const_value(0x1f)
    3444                      .dwattr $C$DW$246, DW_AT_decl_file("/home/jose/ti/c2000/C2000Ware_26_01_00_00/driverlib/f2837xd/drive
    3445                      .dwattr $C$DW$246, DW_AT_decl_line(0xea)
    3446                      .dwattr $C$DW$246, DW_AT_decl_column(0x05)
    3447              
    3448                      .dwattr $C$DW$T$23, DW_AT_decl_file("/home/jose/ti/c2000/C2000Ware_26_01_00_00/driverlib/f2837xd/driv
    3449                      .dwattr $C$DW$T$23, DW_AT_decl_line(0xca)
    3450                      .dwattr $C$DW$T$23, DW_AT_decl_column(0x01)
    3451                      .dwendtag $C$DW$T$23
    3452              
    3453                      .dwendtag $C$DW$TU$23
    3454              
    3455              
    3456              $C$DW$TU$24     .dwtag  DW_TAG_type_unit
    3457                      .dwmtype  $C$DW$T$24
    3458              $C$DW$T$24      .dwtag  DW_TAG_typedef
    3459                      .dwattr $C$DW$T$24, DW_AT_name("ADC_Trigger")
    3460                      .dwattr $C$DW$T$24, DW_AT_type(*$C$DW$T$23)
    3461                      .dwattr $C$DW$T$24, DW_AT_decl_file("/home/jose/ti/c2000/C2000Ware_26_01_00_00/driverlib/f2837xd/driv
    3462                      .dwattr $C$DW$T$24, DW_AT_decl_line(0xeb)
    3463                      .dwattr $C$DW$T$24, DW_AT_decl_column(0x03)
    3464              
    3465                      .dwendtag $C$DW$TU$24
    3466              
    3467              
    3468              $C$DW$TU$25     .dwtag  DW_TAG_type_unit
    3469                      .dwmtype  $C$DW$T$25
    3470              
    3471              $C$DW$T$25      .dwtag  DW_TAG_enumeration_type
    3472                      .dwattr $C$DW$T$25, DW_AT_byte_size(0x01)
TMS320C2000 Assembler Unix v25.11.0 Sat May 30 20:15:25 2026

Copyright (c) 1996-2018 Texas Instruments Incorporated
board.asm                                                            PAGE   76

    3473              $C$DW$247       .dwtag  DW_TAG_enumerator
    3474                      .dwattr $C$DW$247, DW_AT_name("ADC_CH_ADCIN0")
    3475                      .dwattr $C$DW$247, DW_AT_const_value(0x00)
    3476                      .dwattr $C$DW$247, DW_AT_decl_file("/home/jose/ti/c2000/C2000Ware_26_01_00_00/driverlib/f2837xd/drive
    3477                      .dwattr $C$DW$247, DW_AT_decl_line(0xf6)
    3478                      .dwattr $C$DW$247, DW_AT_decl_column(0x05)
    3479              
    3480              $C$DW$248       .dwtag  DW_TAG_enumerator
    3481                      .dwattr $C$DW$248, DW_AT_name("ADC_CH_ADCIN1")
    3482                      .dwattr $C$DW$248, DW_AT_const_value(0x01)
    3483                      .dwattr $C$DW$248, DW_AT_decl_file("/home/jose/ti/c2000/C2000Ware_26_01_00_00/driverlib/f2837xd/drive
    3484                      .dwattr $C$DW$248, DW_AT_decl_line(0xf7)
    3485                      .dwattr $C$DW$248, DW_AT_decl_column(0x05)
    3486              
    3487              $C$DW$249       .dwtag  DW_TAG_enumerator
    3488                      .dwattr $C$DW$249, DW_AT_name("ADC_CH_ADCIN2")
    3489                      .dwattr $C$DW$249, DW_AT_const_value(0x02)
    3490                      .dwattr $C$DW$249, DW_AT_decl_file("/home/jose/ti/c2000/C2000Ware_26_01_00_00/driverlib/f2837xd/drive
    3491                      .dwattr $C$DW$249, DW_AT_decl_line(0xf8)
    3492                      .dwattr $C$DW$249, DW_AT_decl_column(0x05)
    3493              
    3494              $C$DW$250       .dwtag  DW_TAG_enumerator
    3495                      .dwattr $C$DW$250, DW_AT_name("ADC_CH_ADCIN3")
    3496                      .dwattr $C$DW$250, DW_AT_const_value(0x03)
    3497                      .dwattr $C$DW$250, DW_AT_decl_file("/home/jose/ti/c2000/C2000Ware_26_01_00_00/driverlib/f2837xd/drive
    3498                      .dwattr $C$DW$250, DW_AT_decl_line(0xf9)
    3499                      .dwattr $C$DW$250, DW_AT_decl_column(0x05)
    3500              
    3501              $C$DW$251       .dwtag  DW_TAG_enumerator
    3502                      .dwattr $C$DW$251, DW_AT_name("ADC_CH_ADCIN4")
    3503                      .dwattr $C$DW$251, DW_AT_const_value(0x04)
    3504                      .dwattr $C$DW$251, DW_AT_decl_file("/home/jose/ti/c2000/C2000Ware_26_01_00_00/driverlib/f2837xd/drive
    3505                      .dwattr $C$DW$251, DW_AT_decl_line(0xfa)
    3506                      .dwattr $C$DW$251, DW_AT_decl_column(0x05)
    3507              
    3508              $C$DW$252       .dwtag  DW_TAG_enumerator
    3509                      .dwattr $C$DW$252, DW_AT_name("ADC_CH_ADCIN5")
    3510                      .dwattr $C$DW$252, DW_AT_const_value(0x05)
    3511                      .dwattr $C$DW$252, DW_AT_decl_file("/home/jose/ti/c2000/C2000Ware_26_01_00_00/driverlib/f2837xd/drive
    3512                      .dwattr $C$DW$252, DW_AT_decl_line(0xfb)
    3513                      .dwattr $C$DW$252, DW_AT_decl_column(0x05)
    3514              
    3515              $C$DW$253       .dwtag  DW_TAG_enumerator
    3516                      .dwattr $C$DW$253, DW_AT_name("ADC_CH_ADCIN6")
    3517                      .dwattr $C$DW$253, DW_AT_const_value(0x06)
    3518                      .dwattr $C$DW$253, DW_AT_decl_file("/home/jose/ti/c2000/C2000Ware_26_01_00_00/driverlib/f2837xd/drive
    3519                      .dwattr $C$DW$253, DW_AT_decl_line(0xfc)
    3520                      .dwattr $C$DW$253, DW_AT_decl_column(0x05)
    3521              
    3522              $C$DW$254       .dwtag  DW_TAG_enumerator
    3523                      .dwattr $C$DW$254, DW_AT_name("ADC_CH_ADCIN7")
    3524                      .dwattr $C$DW$254, DW_AT_const_value(0x07)
    3525                      .dwattr $C$DW$254, DW_AT_decl_file("/home/jose/ti/c2000/C2000Ware_26_01_00_00/driverlib/f2837xd/drive
    3526                      .dwattr $C$DW$254, DW_AT_decl_line(0xfd)
    3527                      .dwattr $C$DW$254, DW_AT_decl_column(0x05)
TMS320C2000 Assembler Unix v25.11.0 Sat May 30 20:15:25 2026

Copyright (c) 1996-2018 Texas Instruments Incorporated
board.asm                                                            PAGE   77

    3528              
    3529              $C$DW$255       .dwtag  DW_TAG_enumerator
    3530                      .dwattr $C$DW$255, DW_AT_name("ADC_CH_ADCIN8")
    3531                      .dwattr $C$DW$255, DW_AT_const_value(0x08)
    3532                      .dwattr $C$DW$255, DW_AT_decl_file("/home/jose/ti/c2000/C2000Ware_26_01_00_00/driverlib/f2837xd/drive
    3533                      .dwattr $C$DW$255, DW_AT_decl_line(0xfe)
    3534                      .dwattr $C$DW$255, DW_AT_decl_column(0x05)
    3535              
    3536              $C$DW$256       .dwtag  DW_TAG_enumerator
    3537                      .dwattr $C$DW$256, DW_AT_name("ADC_CH_ADCIN9")
    3538                      .dwattr $C$DW$256, DW_AT_const_value(0x09)
    3539                      .dwattr $C$DW$256, DW_AT_decl_file("/home/jose/ti/c2000/C2000Ware_26_01_00_00/driverlib/f2837xd/drive
    3540                      .dwattr $C$DW$256, DW_AT_decl_line(0xff)
    3541                      .dwattr $C$DW$256, DW_AT_decl_column(0x05)
    3542              
    3543              $C$DW$257       .dwtag  DW_TAG_enumerator
    3544                      .dwattr $C$DW$257, DW_AT_name("ADC_CH_ADCIN10")
    3545                      .dwattr $C$DW$257, DW_AT_const_value(0x0a)
    3546                      .dwattr $C$DW$257, DW_AT_decl_file("/home/jose/ti/c2000/C2000Ware_26_01_00_00/driverlib/f2837xd/drive
    3547                      .dwattr $C$DW$257, DW_AT_decl_line(0x100)
    3548                      .dwattr $C$DW$257, DW_AT_decl_column(0x05)
    3549              
    3550              $C$DW$258       .dwtag  DW_TAG_enumerator
    3551                      .dwattr $C$DW$258, DW_AT_name("ADC_CH_ADCIN11")
    3552                      .dwattr $C$DW$258, DW_AT_const_value(0x0b)
    3553                      .dwattr $C$DW$258, DW_AT_decl_file("/home/jose/ti/c2000/C2000Ware_26_01_00_00/driverlib/f2837xd/drive
    3554                      .dwattr $C$DW$258, DW_AT_decl_line(0x101)
    3555                      .dwattr $C$DW$258, DW_AT_decl_column(0x05)
    3556              
    3557              $C$DW$259       .dwtag  DW_TAG_enumerator
    3558                      .dwattr $C$DW$259, DW_AT_name("ADC_CH_ADCIN12")
    3559                      .dwattr $C$DW$259, DW_AT_const_value(0x0c)
    3560                      .dwattr $C$DW$259, DW_AT_decl_file("/home/jose/ti/c2000/C2000Ware_26_01_00_00/driverlib/f2837xd/drive
    3561                      .dwattr $C$DW$259, DW_AT_decl_line(0x102)
    3562                      .dwattr $C$DW$259, DW_AT_decl_column(0x05)
    3563              
    3564              $C$DW$260       .dwtag  DW_TAG_enumerator
    3565                      .dwattr $C$DW$260, DW_AT_name("ADC_CH_ADCIN13")
    3566                      .dwattr $C$DW$260, DW_AT_const_value(0x0d)
    3567                      .dwattr $C$DW$260, DW_AT_decl_file("/home/jose/ti/c2000/C2000Ware_26_01_00_00/driverlib/f2837xd/drive
    3568                      .dwattr $C$DW$260, DW_AT_decl_line(0x103)
    3569                      .dwattr $C$DW$260, DW_AT_decl_column(0x05)
    3570              
    3571              $C$DW$261       .dwtag  DW_TAG_enumerator
    3572                      .dwattr $C$DW$261, DW_AT_name("ADC_CH_ADCIN14")
    3573                      .dwattr $C$DW$261, DW_AT_const_value(0x0e)
    3574                      .dwattr $C$DW$261, DW_AT_decl_file("/home/jose/ti/c2000/C2000Ware_26_01_00_00/driverlib/f2837xd/drive
    3575                      .dwattr $C$DW$261, DW_AT_decl_line(0x104)
    3576                      .dwattr $C$DW$261, DW_AT_decl_column(0x05)
    3577              
    3578              $C$DW$262       .dwtag  DW_TAG_enumerator
    3579                      .dwattr $C$DW$262, DW_AT_name("ADC_CH_ADCIN15")
    3580                      .dwattr $C$DW$262, DW_AT_const_value(0x0f)
    3581                      .dwattr $C$DW$262, DW_AT_decl_file("/home/jose/ti/c2000/C2000Ware_26_01_00_00/driverlib/f2837xd/drive
    3582                      .dwattr $C$DW$262, DW_AT_decl_line(0x105)
TMS320C2000 Assembler Unix v25.11.0 Sat May 30 20:15:25 2026

Copyright (c) 1996-2018 Texas Instruments Incorporated
board.asm                                                            PAGE   78

    3583                      .dwattr $C$DW$262, DW_AT_decl_column(0x05)
    3584              
    3585              $C$DW$263       .dwtag  DW_TAG_enumerator
    3586                      .dwattr $C$DW$263, DW_AT_name("ADC_CH_ADCIN0_ADCIN1")
    3587                      .dwattr $C$DW$263, DW_AT_const_value(0x00)
    3588                      .dwattr $C$DW$263, DW_AT_decl_file("/home/jose/ti/c2000/C2000Ware_26_01_00_00/driverlib/f2837xd/drive
    3589                      .dwattr $C$DW$263, DW_AT_decl_line(0x106)
    3590                      .dwattr $C$DW$263, DW_AT_decl_column(0x05)
    3591              
    3592              $C$DW$264       .dwtag  DW_TAG_enumerator
    3593                      .dwattr $C$DW$264, DW_AT_name("ADC_CH_ADCIN2_ADCIN3")
    3594                      .dwattr $C$DW$264, DW_AT_const_value(0x02)
    3595                      .dwattr $C$DW$264, DW_AT_decl_file("/home/jose/ti/c2000/C2000Ware_26_01_00_00/driverlib/f2837xd/drive
    3596                      .dwattr $C$DW$264, DW_AT_decl_line(0x107)
    3597                      .dwattr $C$DW$264, DW_AT_decl_column(0x05)
    3598              
    3599              $C$DW$265       .dwtag  DW_TAG_enumerator
    3600                      .dwattr $C$DW$265, DW_AT_name("ADC_CH_ADCIN4_ADCIN5")
    3601                      .dwattr $C$DW$265, DW_AT_const_value(0x04)
    3602                      .dwattr $C$DW$265, DW_AT_decl_file("/home/jose/ti/c2000/C2000Ware_26_01_00_00/driverlib/f2837xd/drive
    3603                      .dwattr $C$DW$265, DW_AT_decl_line(0x108)
    3604                      .dwattr $C$DW$265, DW_AT_decl_column(0x05)
    3605              
    3606              $C$DW$266       .dwtag  DW_TAG_enumerator
    3607                      .dwattr $C$DW$266, DW_AT_name("ADC_CH_ADCIN6_ADCIN7")
    3608                      .dwattr $C$DW$266, DW_AT_const_value(0x06)
    3609                      .dwattr $C$DW$266, DW_AT_decl_file("/home/jose/ti/c2000/C2000Ware_26_01_00_00/driverlib/f2837xd/drive
    3610                      .dwattr $C$DW$266, DW_AT_decl_line(0x109)
    3611                      .dwattr $C$DW$266, DW_AT_decl_column(0x05)
    3612              
    3613              $C$DW$267       .dwtag  DW_TAG_enumerator
    3614                      .dwattr $C$DW$267, DW_AT_name("ADC_CH_ADCIN8_ADCIN9")
    3615                      .dwattr $C$DW$267, DW_AT_const_value(0x08)
    3616                      .dwattr $C$DW$267, DW_AT_decl_file("/home/jose/ti/c2000/C2000Ware_26_01_00_00/driverlib/f2837xd/drive
    3617                      .dwattr $C$DW$267, DW_AT_decl_line(0x10a)
    3618                      .dwattr $C$DW$267, DW_AT_decl_column(0x05)
    3619              
    3620              $C$DW$268       .dwtag  DW_TAG_enumerator
    3621                      .dwattr $C$DW$268, DW_AT_name("ADC_CH_ADCIN10_ADCIN11")
    3622                      .dwattr $C$DW$268, DW_AT_const_value(0x0a)
    3623                      .dwattr $C$DW$268, DW_AT_decl_file("/home/jose/ti/c2000/C2000Ware_26_01_00_00/driverlib/f2837xd/drive
    3624                      .dwattr $C$DW$268, DW_AT_decl_line(0x10b)
    3625                      .dwattr $C$DW$268, DW_AT_decl_column(0x05)
    3626              
    3627              $C$DW$269       .dwtag  DW_TAG_enumerator
    3628                      .dwattr $C$DW$269, DW_AT_name("ADC_CH_ADCIN12_ADCIN13")
    3629                      .dwattr $C$DW$269, DW_AT_const_value(0x0c)
    3630                      .dwattr $C$DW$269, DW_AT_decl_file("/home/jose/ti/c2000/C2000Ware_26_01_00_00/driverlib/f2837xd/drive
    3631                      .dwattr $C$DW$269, DW_AT_decl_line(0x10c)
    3632                      .dwattr $C$DW$269, DW_AT_decl_column(0x05)
    3633              
    3634              $C$DW$270       .dwtag  DW_TAG_enumerator
    3635                      .dwattr $C$DW$270, DW_AT_name("ADC_CH_ADCIN14_ADCIN15")
    3636                      .dwattr $C$DW$270, DW_AT_const_value(0x0e)
    3637                      .dwattr $C$DW$270, DW_AT_decl_file("/home/jose/ti/c2000/C2000Ware_26_01_00_00/driverlib/f2837xd/drive
TMS320C2000 Assembler Unix v25.11.0 Sat May 30 20:15:25 2026

Copyright (c) 1996-2018 Texas Instruments Incorporated
board.asm                                                            PAGE   79

    3638                      .dwattr $C$DW$270, DW_AT_decl_line(0x10d)
    3639                      .dwattr $C$DW$270, DW_AT_decl_column(0x05)
    3640              
    3641                      .dwattr $C$DW$T$25, DW_AT_decl_file("/home/jose/ti/c2000/C2000Ware_26_01_00_00/driverlib/f2837xd/driv
    3642                      .dwattr $C$DW$T$25, DW_AT_decl_line(0xf5)
    3643                      .dwattr $C$DW$T$25, DW_AT_decl_column(0x01)
    3644                      .dwendtag $C$DW$T$25
    3645              
    3646                      .dwendtag $C$DW$TU$25
    3647              
    3648              
    3649              $C$DW$TU$26     .dwtag  DW_TAG_type_unit
    3650                      .dwmtype  $C$DW$T$26
    3651              $C$DW$T$26      .dwtag  DW_TAG_typedef
    3652                      .dwattr $C$DW$T$26, DW_AT_name("ADC_Channel")
    3653                      .dwattr $C$DW$T$26, DW_AT_type(*$C$DW$T$25)
    3654                      .dwattr $C$DW$T$26, DW_AT_decl_file("/home/jose/ti/c2000/C2000Ware_26_01_00_00/driverlib/f2837xd/driv
    3655                      .dwattr $C$DW$T$26, DW_AT_decl_line(0x10e)
    3656                      .dwattr $C$DW$T$26, DW_AT_decl_column(0x03)
    3657              
    3658                      .dwendtag $C$DW$TU$26
    3659              
    3660              
    3661              $C$DW$TU$27     .dwtag  DW_TAG_type_unit
    3662                      .dwmtype  $C$DW$T$27
    3663              
    3664              $C$DW$T$27      .dwtag  DW_TAG_enumeration_type
    3665                      .dwattr $C$DW$T$27, DW_AT_byte_size(0x01)
    3666              $C$DW$271       .dwtag  DW_TAG_enumerator
    3667                      .dwattr $C$DW$271, DW_AT_name("ADC_INT_SOC_TRIGGER_NONE")
    3668                      .dwattr $C$DW$271, DW_AT_const_value(0x00)
    3669                      .dwattr $C$DW$271, DW_AT_decl_file("/home/jose/ti/c2000/C2000Ware_26_01_00_00/driverlib/f2837xd/drive
    3670                      .dwattr $C$DW$271, DW_AT_decl_line(0x15f)
    3671                      .dwattr $C$DW$271, DW_AT_decl_column(0x05)
    3672              
    3673              $C$DW$272       .dwtag  DW_TAG_enumerator
    3674                      .dwattr $C$DW$272, DW_AT_name("ADC_INT_SOC_TRIGGER_ADCINT1")
    3675                      .dwattr $C$DW$272, DW_AT_const_value(0x01)
    3676                      .dwattr $C$DW$272, DW_AT_decl_file("/home/jose/ti/c2000/C2000Ware_26_01_00_00/driverlib/f2837xd/drive
    3677                      .dwattr $C$DW$272, DW_AT_decl_line(0x160)
    3678                      .dwattr $C$DW$272, DW_AT_decl_column(0x05)
    3679              
    3680              $C$DW$273       .dwtag  DW_TAG_enumerator
    3681                      .dwattr $C$DW$273, DW_AT_name("ADC_INT_SOC_TRIGGER_ADCINT2")
    3682                      .dwattr $C$DW$273, DW_AT_const_value(0x02)
    3683                      .dwattr $C$DW$273, DW_AT_decl_file("/home/jose/ti/c2000/C2000Ware_26_01_00_00/driverlib/f2837xd/drive
    3684                      .dwattr $C$DW$273, DW_AT_decl_line(0x161)
    3685                      .dwattr $C$DW$273, DW_AT_decl_column(0x05)
    3686              
    3687                      .dwattr $C$DW$T$27, DW_AT_decl_file("/home/jose/ti/c2000/C2000Ware_26_01_00_00/driverlib/f2837xd/driv
    3688                      .dwattr $C$DW$T$27, DW_AT_decl_line(0x15e)
    3689                      .dwattr $C$DW$T$27, DW_AT_decl_column(0x01)
    3690                      .dwendtag $C$DW$T$27
    3691              
    3692                      .dwendtag $C$DW$TU$27
TMS320C2000 Assembler Unix v25.11.0 Sat May 30 20:15:25 2026

Copyright (c) 1996-2018 Texas Instruments Incorporated
board.asm                                                            PAGE   80

    3693              
    3694              
    3695              $C$DW$TU$28     .dwtag  DW_TAG_type_unit
    3696                      .dwmtype  $C$DW$T$28
    3697              $C$DW$T$28      .dwtag  DW_TAG_typedef
    3698                      .dwattr $C$DW$T$28, DW_AT_name("ADC_IntSOCTrigger")
    3699                      .dwattr $C$DW$T$28, DW_AT_type(*$C$DW$T$27)
    3700                      .dwattr $C$DW$T$28, DW_AT_decl_file("/home/jose/ti/c2000/C2000Ware_26_01_00_00/driverlib/f2837xd/driv
    3701                      .dwattr $C$DW$T$28, DW_AT_decl_line(0x162)
    3702                      .dwattr $C$DW$T$28, DW_AT_decl_column(0x03)
    3703              
    3704                      .dwendtag $C$DW$TU$28
    3705              
    3706              
    3707              $C$DW$TU$29     .dwtag  DW_TAG_type_unit
    3708                      .dwmtype  $C$DW$T$29
    3709              
    3710              $C$DW$T$29      .dwtag  DW_TAG_enumeration_type
    3711                      .dwattr $C$DW$T$29, DW_AT_byte_size(0x01)
    3712              $C$DW$274       .dwtag  DW_TAG_enumerator
    3713                      .dwattr $C$DW$274, DW_AT_name("ADC_PULSE_END_OF_ACQ_WIN")
    3714                      .dwattr $C$DW$274, DW_AT_const_value(0x00)
    3715                      .dwattr $C$DW$274, DW_AT_decl_file("/home/jose/ti/c2000/C2000Ware_26_01_00_00/driverlib/f2837xd/drive
    3716                      .dwattr $C$DW$274, DW_AT_decl_line(0x119)
    3717                      .dwattr $C$DW$274, DW_AT_decl_column(0x05)
    3718              
    3719              $C$DW$275       .dwtag  DW_TAG_enumerator
    3720                      .dwattr $C$DW$275, DW_AT_name("ADC_PULSE_END_OF_CONV")
    3721                      .dwattr $C$DW$275, DW_AT_const_value(0x04)
    3722                      .dwattr $C$DW$275, DW_AT_decl_file("/home/jose/ti/c2000/C2000Ware_26_01_00_00/driverlib/f2837xd/drive
    3723                      .dwattr $C$DW$275, DW_AT_decl_line(0x11b)
    3724                      .dwattr $C$DW$275, DW_AT_decl_column(0x05)
    3725              
    3726                      .dwattr $C$DW$T$29, DW_AT_decl_file("/home/jose/ti/c2000/C2000Ware_26_01_00_00/driverlib/f2837xd/driv
    3727                      .dwattr $C$DW$T$29, DW_AT_decl_line(0x117)
    3728                      .dwattr $C$DW$T$29, DW_AT_decl_column(0x01)
    3729                      .dwendtag $C$DW$T$29
    3730              
    3731                      .dwendtag $C$DW$TU$29
    3732              
    3733              
    3734              $C$DW$TU$30     .dwtag  DW_TAG_type_unit
    3735                      .dwmtype  $C$DW$T$30
    3736              $C$DW$T$30      .dwtag  DW_TAG_typedef
    3737                      .dwattr $C$DW$T$30, DW_AT_name("ADC_PulseMode")
    3738                      .dwattr $C$DW$T$30, DW_AT_type(*$C$DW$T$29)
    3739                      .dwattr $C$DW$T$30, DW_AT_decl_file("/home/jose/ti/c2000/C2000Ware_26_01_00_00/driverlib/f2837xd/driv
    3740                      .dwattr $C$DW$T$30, DW_AT_decl_line(0x11c)
    3741                      .dwattr $C$DW$T$30, DW_AT_decl_column(0x03)
    3742              
    3743                      .dwendtag $C$DW$TU$30
    3744              
    3745              
    3746              $C$DW$TU$31     .dwtag  DW_TAG_type_unit
    3747                      .dwmtype  $C$DW$T$31
TMS320C2000 Assembler Unix v25.11.0 Sat May 30 20:15:25 2026

Copyright (c) 1996-2018 Texas Instruments Incorporated
board.asm                                                            PAGE   81

    3748              
    3749              $C$DW$T$31      .dwtag  DW_TAG_enumeration_type
    3750                      .dwattr $C$DW$T$31, DW_AT_byte_size(0x01)
    3751              $C$DW$276       .dwtag  DW_TAG_enumerator
    3752                      .dwattr $C$DW$276, DW_AT_name("ADC_INT_NUMBER1")
    3753                      .dwattr $C$DW$276, DW_AT_const_value(0x00)
    3754                      .dwattr $C$DW$276, DW_AT_decl_file("/home/jose/ti/c2000/C2000Ware_26_01_00_00/driverlib/f2837xd/drive
    3755                      .dwattr $C$DW$276, DW_AT_decl_line(0x126)
    3756                      .dwattr $C$DW$276, DW_AT_decl_column(0x05)
    3757              
    3758              $C$DW$277       .dwtag  DW_TAG_enumerator
    3759                      .dwattr $C$DW$277, DW_AT_name("ADC_INT_NUMBER2")
    3760                      .dwattr $C$DW$277, DW_AT_const_value(0x01)
    3761                      .dwattr $C$DW$277, DW_AT_decl_file("/home/jose/ti/c2000/C2000Ware_26_01_00_00/driverlib/f2837xd/drive
    3762                      .dwattr $C$DW$277, DW_AT_decl_line(0x127)
    3763                      .dwattr $C$DW$277, DW_AT_decl_column(0x05)
    3764              
    3765              $C$DW$278       .dwtag  DW_TAG_enumerator
    3766                      .dwattr $C$DW$278, DW_AT_name("ADC_INT_NUMBER3")
    3767                      .dwattr $C$DW$278, DW_AT_const_value(0x02)
    3768                      .dwattr $C$DW$278, DW_AT_decl_file("/home/jose/ti/c2000/C2000Ware_26_01_00_00/driverlib/f2837xd/drive
    3769                      .dwattr $C$DW$278, DW_AT_decl_line(0x128)
    3770                      .dwattr $C$DW$278, DW_AT_decl_column(0x05)
    3771              
    3772              $C$DW$279       .dwtag  DW_TAG_enumerator
    3773                      .dwattr $C$DW$279, DW_AT_name("ADC_INT_NUMBER4")
    3774                      .dwattr $C$DW$279, DW_AT_const_value(0x03)
    3775                      .dwattr $C$DW$279, DW_AT_decl_file("/home/jose/ti/c2000/C2000Ware_26_01_00_00/driverlib/f2837xd/drive
    3776                      .dwattr $C$DW$279, DW_AT_decl_line(0x129)
    3777                      .dwattr $C$DW$279, DW_AT_decl_column(0x05)
    3778              
    3779                      .dwattr $C$DW$T$31, DW_AT_decl_file("/home/jose/ti/c2000/C2000Ware_26_01_00_00/driverlib/f2837xd/driv
    3780                      .dwattr $C$DW$T$31, DW_AT_decl_line(0x125)
    3781                      .dwattr $C$DW$T$31, DW_AT_decl_column(0x01)
    3782                      .dwendtag $C$DW$T$31
    3783              
    3784                      .dwendtag $C$DW$TU$31
    3785              
    3786              
    3787              $C$DW$TU$32     .dwtag  DW_TAG_type_unit
    3788                      .dwmtype  $C$DW$T$32
    3789              $C$DW$T$32      .dwtag  DW_TAG_typedef
    3790                      .dwattr $C$DW$T$32, DW_AT_name("ADC_IntNumber")
    3791                      .dwattr $C$DW$T$32, DW_AT_type(*$C$DW$T$31)
    3792                      .dwattr $C$DW$T$32, DW_AT_decl_file("/home/jose/ti/c2000/C2000Ware_26_01_00_00/driverlib/f2837xd/driv
    3793                      .dwattr $C$DW$T$32, DW_AT_decl_line(0x12a)
    3794                      .dwattr $C$DW$T$32, DW_AT_decl_column(0x03)
    3795              
    3796                      .dwendtag $C$DW$TU$32
    3797              
    3798              
    3799              $C$DW$TU$33     .dwtag  DW_TAG_type_unit
    3800                      .dwmtype  $C$DW$T$33
    3801              
    3802              $C$DW$T$33      .dwtag  DW_TAG_enumeration_type
TMS320C2000 Assembler Unix v25.11.0 Sat May 30 20:15:25 2026

Copyright (c) 1996-2018 Texas Instruments Incorporated
board.asm                                                            PAGE   82

    3803                      .dwattr $C$DW$T$33, DW_AT_byte_size(0x01)
    3804              $C$DW$280       .dwtag  DW_TAG_enumerator
    3805                      .dwattr $C$DW$280, DW_AT_name("ADC_PRI_ALL_ROUND_ROBIN")
    3806                      .dwattr $C$DW$280, DW_AT_const_value(0x00)
    3807                      .dwattr $C$DW$280, DW_AT_decl_file("/home/jose/ti/c2000/C2000Ware_26_01_00_00/driverlib/f2837xd/drive
    3808                      .dwattr $C$DW$280, DW_AT_decl_line(0x16c)
    3809                      .dwattr $C$DW$280, DW_AT_decl_column(0x05)
    3810              
    3811              $C$DW$281       .dwtag  DW_TAG_enumerator
    3812                      .dwattr $C$DW$281, DW_AT_name("ADC_PRI_SOC0_HIPRI")
    3813                      .dwattr $C$DW$281, DW_AT_const_value(0x01)
    3814                      .dwattr $C$DW$281, DW_AT_decl_file("/home/jose/ti/c2000/C2000Ware_26_01_00_00/driverlib/f2837xd/drive
    3815                      .dwattr $C$DW$281, DW_AT_decl_line(0x16d)
    3816                      .dwattr $C$DW$281, DW_AT_decl_column(0x05)
    3817              
    3818              $C$DW$282       .dwtag  DW_TAG_enumerator
    3819                      .dwattr $C$DW$282, DW_AT_name("ADC_PRI_THRU_SOC1_HIPRI")
    3820                      .dwattr $C$DW$282, DW_AT_const_value(0x02)
    3821                      .dwattr $C$DW$282, DW_AT_decl_file("/home/jose/ti/c2000/C2000Ware_26_01_00_00/driverlib/f2837xd/drive
    3822                      .dwattr $C$DW$282, DW_AT_decl_line(0x16e)
    3823                      .dwattr $C$DW$282, DW_AT_decl_column(0x05)
    3824              
    3825              $C$DW$283       .dwtag  DW_TAG_enumerator
    3826                      .dwattr $C$DW$283, DW_AT_name("ADC_PRI_THRU_SOC2_HIPRI")
    3827                      .dwattr $C$DW$283, DW_AT_const_value(0x03)
    3828                      .dwattr $C$DW$283, DW_AT_decl_file("/home/jose/ti/c2000/C2000Ware_26_01_00_00/driverlib/f2837xd/drive
    3829                      .dwattr $C$DW$283, DW_AT_decl_line(0x16f)
    3830                      .dwattr $C$DW$283, DW_AT_decl_column(0x05)
    3831              
    3832              $C$DW$284       .dwtag  DW_TAG_enumerator
    3833                      .dwattr $C$DW$284, DW_AT_name("ADC_PRI_THRU_SOC3_HIPRI")
    3834                      .dwattr $C$DW$284, DW_AT_const_value(0x04)
    3835                      .dwattr $C$DW$284, DW_AT_decl_file("/home/jose/ti/c2000/C2000Ware_26_01_00_00/driverlib/f2837xd/drive
    3836                      .dwattr $C$DW$284, DW_AT_decl_line(0x170)
    3837                      .dwattr $C$DW$284, DW_AT_decl_column(0x05)
    3838              
    3839              $C$DW$285       .dwtag  DW_TAG_enumerator
    3840                      .dwattr $C$DW$285, DW_AT_name("ADC_PRI_THRU_SOC4_HIPRI")
    3841                      .dwattr $C$DW$285, DW_AT_const_value(0x05)
    3842                      .dwattr $C$DW$285, DW_AT_decl_file("/home/jose/ti/c2000/C2000Ware_26_01_00_00/driverlib/f2837xd/drive
    3843                      .dwattr $C$DW$285, DW_AT_decl_line(0x171)
    3844                      .dwattr $C$DW$285, DW_AT_decl_column(0x05)
    3845              
    3846              $C$DW$286       .dwtag  DW_TAG_enumerator
    3847                      .dwattr $C$DW$286, DW_AT_name("ADC_PRI_THRU_SOC5_HIPRI")
    3848                      .dwattr $C$DW$286, DW_AT_const_value(0x06)
    3849                      .dwattr $C$DW$286, DW_AT_decl_file("/home/jose/ti/c2000/C2000Ware_26_01_00_00/driverlib/f2837xd/drive
    3850                      .dwattr $C$DW$286, DW_AT_decl_line(0x172)
    3851                      .dwattr $C$DW$286, DW_AT_decl_column(0x05)
    3852              
    3853              $C$DW$287       .dwtag  DW_TAG_enumerator
    3854                      .dwattr $C$DW$287, DW_AT_name("ADC_PRI_THRU_SOC6_HIPRI")
    3855                      .dwattr $C$DW$287, DW_AT_const_value(0x07)
    3856                      .dwattr $C$DW$287, DW_AT_decl_file("/home/jose/ti/c2000/C2000Ware_26_01_00_00/driverlib/f2837xd/drive
    3857                      .dwattr $C$DW$287, DW_AT_decl_line(0x173)
TMS320C2000 Assembler Unix v25.11.0 Sat May 30 20:15:25 2026

Copyright (c) 1996-2018 Texas Instruments Incorporated
board.asm                                                            PAGE   83

    3858                      .dwattr $C$DW$287, DW_AT_decl_column(0x05)
    3859              
    3860              $C$DW$288       .dwtag  DW_TAG_enumerator
    3861                      .dwattr $C$DW$288, DW_AT_name("ADC_PRI_THRU_SOC7_HIPRI")
    3862                      .dwattr $C$DW$288, DW_AT_const_value(0x08)
    3863                      .dwattr $C$DW$288, DW_AT_decl_file("/home/jose/ti/c2000/C2000Ware_26_01_00_00/driverlib/f2837xd/drive
    3864                      .dwattr $C$DW$288, DW_AT_decl_line(0x174)
    3865                      .dwattr $C$DW$288, DW_AT_decl_column(0x05)
    3866              
    3867              $C$DW$289       .dwtag  DW_TAG_enumerator
    3868                      .dwattr $C$DW$289, DW_AT_name("ADC_PRI_THRU_SOC8_HIPRI")
    3869                      .dwattr $C$DW$289, DW_AT_const_value(0x09)
    3870                      .dwattr $C$DW$289, DW_AT_decl_file("/home/jose/ti/c2000/C2000Ware_26_01_00_00/driverlib/f2837xd/drive
    3871                      .dwattr $C$DW$289, DW_AT_decl_line(0x175)
    3872                      .dwattr $C$DW$289, DW_AT_decl_column(0x05)
    3873              
    3874              $C$DW$290       .dwtag  DW_TAG_enumerator
    3875                      .dwattr $C$DW$290, DW_AT_name("ADC_PRI_THRU_SOC9_HIPRI")
    3876                      .dwattr $C$DW$290, DW_AT_const_value(0x0a)
    3877                      .dwattr $C$DW$290, DW_AT_decl_file("/home/jose/ti/c2000/C2000Ware_26_01_00_00/driverlib/f2837xd/drive
    3878                      .dwattr $C$DW$290, DW_AT_decl_line(0x176)
    3879                      .dwattr $C$DW$290, DW_AT_decl_column(0x05)
    3880              
    3881              $C$DW$291       .dwtag  DW_TAG_enumerator
    3882                      .dwattr $C$DW$291, DW_AT_name("ADC_PRI_THRU_SOC10_HIPRI")
    3883                      .dwattr $C$DW$291, DW_AT_const_value(0x0b)
    3884                      .dwattr $C$DW$291, DW_AT_decl_file("/home/jose/ti/c2000/C2000Ware_26_01_00_00/driverlib/f2837xd/drive
    3885                      .dwattr $C$DW$291, DW_AT_decl_line(0x177)
    3886                      .dwattr $C$DW$291, DW_AT_decl_column(0x05)
    3887              
    3888              $C$DW$292       .dwtag  DW_TAG_enumerator
    3889                      .dwattr $C$DW$292, DW_AT_name("ADC_PRI_THRU_SOC11_HIPRI")
    3890                      .dwattr $C$DW$292, DW_AT_const_value(0x0c)
    3891                      .dwattr $C$DW$292, DW_AT_decl_file("/home/jose/ti/c2000/C2000Ware_26_01_00_00/driverlib/f2837xd/drive
    3892                      .dwattr $C$DW$292, DW_AT_decl_line(0x178)
    3893                      .dwattr $C$DW$292, DW_AT_decl_column(0x05)
    3894              
    3895              $C$DW$293       .dwtag  DW_TAG_enumerator
    3896                      .dwattr $C$DW$293, DW_AT_name("ADC_PRI_THRU_SOC12_HIPRI")
    3897                      .dwattr $C$DW$293, DW_AT_const_value(0x0d)
    3898                      .dwattr $C$DW$293, DW_AT_decl_file("/home/jose/ti/c2000/C2000Ware_26_01_00_00/driverlib/f2837xd/drive
    3899                      .dwattr $C$DW$293, DW_AT_decl_line(0x179)
    3900                      .dwattr $C$DW$293, DW_AT_decl_column(0x05)
    3901              
    3902              $C$DW$294       .dwtag  DW_TAG_enumerator
    3903                      .dwattr $C$DW$294, DW_AT_name("ADC_PRI_THRU_SOC13_HIPRI")
    3904                      .dwattr $C$DW$294, DW_AT_const_value(0x0e)
    3905                      .dwattr $C$DW$294, DW_AT_decl_file("/home/jose/ti/c2000/C2000Ware_26_01_00_00/driverlib/f2837xd/drive
    3906                      .dwattr $C$DW$294, DW_AT_decl_line(0x17a)
    3907                      .dwattr $C$DW$294, DW_AT_decl_column(0x05)
    3908              
    3909              $C$DW$295       .dwtag  DW_TAG_enumerator
    3910                      .dwattr $C$DW$295, DW_AT_name("ADC_PRI_THRU_SOC14_HIPRI")
    3911                      .dwattr $C$DW$295, DW_AT_const_value(0x0f)
    3912                      .dwattr $C$DW$295, DW_AT_decl_file("/home/jose/ti/c2000/C2000Ware_26_01_00_00/driverlib/f2837xd/drive
TMS320C2000 Assembler Unix v25.11.0 Sat May 30 20:15:25 2026

Copyright (c) 1996-2018 Texas Instruments Incorporated
board.asm                                                            PAGE   84

    3913                      .dwattr $C$DW$295, DW_AT_decl_line(0x17b)
    3914                      .dwattr $C$DW$295, DW_AT_decl_column(0x05)
    3915              
    3916              $C$DW$296       .dwtag  DW_TAG_enumerator
    3917                      .dwattr $C$DW$296, DW_AT_name("ADC_PRI_ALL_HIPRI")
    3918                      .dwattr $C$DW$296, DW_AT_const_value(0x10)
    3919                      .dwattr $C$DW$296, DW_AT_decl_file("/home/jose/ti/c2000/C2000Ware_26_01_00_00/driverlib/f2837xd/drive
    3920                      .dwattr $C$DW$296, DW_AT_decl_line(0x17c)
    3921                      .dwattr $C$DW$296, DW_AT_decl_column(0x05)
    3922              
    3923                      .dwattr $C$DW$T$33, DW_AT_decl_file("/home/jose/ti/c2000/C2000Ware_26_01_00_00/driverlib/f2837xd/driv
    3924                      .dwattr $C$DW$T$33, DW_AT_decl_line(0x16b)
    3925                      .dwattr $C$DW$T$33, DW_AT_decl_column(0x01)
    3926                      .dwendtag $C$DW$T$33
    3927              
    3928                      .dwendtag $C$DW$TU$33
    3929              
    3930              
    3931              $C$DW$TU$34     .dwtag  DW_TAG_type_unit
    3932                      .dwmtype  $C$DW$T$34
    3933              $C$DW$T$34      .dwtag  DW_TAG_typedef
    3934                      .dwattr $C$DW$T$34, DW_AT_name("ADC_PriorityMode")
    3935                      .dwattr $C$DW$T$34, DW_AT_type(*$C$DW$T$33)
    3936                      .dwattr $C$DW$T$34, DW_AT_decl_file("/home/jose/ti/c2000/C2000Ware_26_01_00_00/driverlib/f2837xd/driv
    3937                      .dwattr $C$DW$T$34, DW_AT_decl_line(0x17d)
    3938                      .dwattr $C$DW$T$34, DW_AT_decl_column(0x03)
    3939              
    3940                      .dwendtag $C$DW$TU$34
    3941              
    3942              
    3943              $C$DW$TU$35     .dwtag  DW_TAG_type_unit
    3944                      .dwmtype  $C$DW$T$35
    3945              
    3946              $C$DW$T$35      .dwtag  DW_TAG_enumeration_type
    3947                      .dwattr $C$DW$T$35, DW_AT_byte_size(0x01)
    3948              $C$DW$297       .dwtag  DW_TAG_enumerator
    3949                      .dwattr $C$DW$297, DW_AT_name("ADC_RESOLUTION_12BIT")
    3950                      .dwattr $C$DW$297, DW_AT_const_value(0x00)
    3951                      .dwattr $C$DW$297, DW_AT_decl_file("/home/jose/ti/c2000/C2000Ware_26_01_00_00/driverlib/f2837xd/drive
    3952                      .dwattr $C$DW$297, DW_AT_decl_line(0xb1)
    3953                      .dwattr $C$DW$297, DW_AT_decl_column(0x05)
    3954              
    3955              $C$DW$298       .dwtag  DW_TAG_enumerator
    3956                      .dwattr $C$DW$298, DW_AT_name("ADC_RESOLUTION_16BIT")
    3957                      .dwattr $C$DW$298, DW_AT_const_value(0x40)
    3958                      .dwattr $C$DW$298, DW_AT_decl_file("/home/jose/ti/c2000/C2000Ware_26_01_00_00/driverlib/f2837xd/drive
    3959                      .dwattr $C$DW$298, DW_AT_decl_line(0xb2)
    3960                      .dwattr $C$DW$298, DW_AT_decl_column(0x05)
    3961              
    3962                      .dwattr $C$DW$T$35, DW_AT_decl_file("/home/jose/ti/c2000/C2000Ware_26_01_00_00/driverlib/f2837xd/driv
    3963                      .dwattr $C$DW$T$35, DW_AT_decl_line(0xb0)
    3964                      .dwattr $C$DW$T$35, DW_AT_decl_column(0x01)
    3965                      .dwendtag $C$DW$T$35
    3966              
    3967                      .dwendtag $C$DW$TU$35
TMS320C2000 Assembler Unix v25.11.0 Sat May 30 20:15:25 2026

Copyright (c) 1996-2018 Texas Instruments Incorporated
board.asm                                                            PAGE   85

    3968              
    3969              
    3970              $C$DW$TU$36     .dwtag  DW_TAG_type_unit
    3971                      .dwmtype  $C$DW$T$36
    3972              $C$DW$T$36      .dwtag  DW_TAG_typedef
    3973                      .dwattr $C$DW$T$36, DW_AT_name("ADC_Resolution")
    3974                      .dwattr $C$DW$T$36, DW_AT_type(*$C$DW$T$35)
    3975                      .dwattr $C$DW$T$36, DW_AT_decl_file("/home/jose/ti/c2000/C2000Ware_26_01_00_00/driverlib/f2837xd/driv
    3976                      .dwattr $C$DW$T$36, DW_AT_decl_line(0xb3)
    3977                      .dwattr $C$DW$T$36, DW_AT_decl_column(0x03)
    3978              
    3979                      .dwendtag $C$DW$TU$36
    3980              
    3981              
    3982              $C$DW$TU$37     .dwtag  DW_TAG_type_unit
    3983                      .dwmtype  $C$DW$T$37
    3984              
    3985              $C$DW$T$37      .dwtag  DW_TAG_enumeration_type
    3986                      .dwattr $C$DW$T$37, DW_AT_byte_size(0x01)
    3987              $C$DW$299       .dwtag  DW_TAG_enumerator
    3988                      .dwattr $C$DW$299, DW_AT_name("ADC_MODE_SINGLE_ENDED")
    3989                      .dwattr $C$DW$299, DW_AT_const_value(0x00)
    3990                      .dwattr $C$DW$299, DW_AT_decl_file("/home/jose/ti/c2000/C2000Ware_26_01_00_00/driverlib/f2837xd/drive
    3991                      .dwattr $C$DW$299, DW_AT_decl_line(0xbd)
    3992                      .dwattr $C$DW$299, DW_AT_decl_column(0x05)
    3993              
    3994              $C$DW$300       .dwtag  DW_TAG_enumerator
    3995                      .dwattr $C$DW$300, DW_AT_name("ADC_MODE_DIFFERENTIAL")
    3996                      .dwattr $C$DW$300, DW_AT_const_value(0x80)
    3997                      .dwattr $C$DW$300, DW_AT_decl_file("/home/jose/ti/c2000/C2000Ware_26_01_00_00/driverlib/f2837xd/drive
    3998                      .dwattr $C$DW$300, DW_AT_decl_line(0xbe)
    3999                      .dwattr $C$DW$300, DW_AT_decl_column(0x05)
    4000              
    4001                      .dwattr $C$DW$T$37, DW_AT_decl_file("/home/jose/ti/c2000/C2000Ware_26_01_00_00/driverlib/f2837xd/driv
    4002                      .dwattr $C$DW$T$37, DW_AT_decl_line(0xbc)
    4003                      .dwattr $C$DW$T$37, DW_AT_decl_column(0x01)
    4004                      .dwendtag $C$DW$T$37
    4005              
    4006                      .dwendtag $C$DW$TU$37
    4007              
    4008              
    4009              $C$DW$TU$38     .dwtag  DW_TAG_type_unit
    4010                      .dwmtype  $C$DW$T$38
    4011              $C$DW$T$38      .dwtag  DW_TAG_typedef
    4012                      .dwattr $C$DW$T$38, DW_AT_name("ADC_SignalMode")
    4013                      .dwattr $C$DW$T$38, DW_AT_type(*$C$DW$T$37)
    4014                      .dwattr $C$DW$T$38, DW_AT_decl_file("/home/jose/ti/c2000/C2000Ware_26_01_00_00/driverlib/f2837xd/driv
    4015                      .dwattr $C$DW$T$38, DW_AT_decl_line(0xbf)
    4016                      .dwattr $C$DW$T$38, DW_AT_decl_column(0x03)
    4017              
    4018                      .dwendtag $C$DW$TU$38
    4019              
    4020              
    4021              $C$DW$TU$39     .dwtag  DW_TAG_type_unit
    4022                      .dwmtype  $C$DW$T$39
TMS320C2000 Assembler Unix v25.11.0 Sat May 30 20:15:25 2026

Copyright (c) 1996-2018 Texas Instruments Incorporated
board.asm                                                            PAGE   86

    4023              
    4024              $C$DW$T$39      .dwtag  DW_TAG_enumeration_type
    4025                      .dwattr $C$DW$T$39, DW_AT_byte_size(0x01)
    4026              $C$DW$301       .dwtag  DW_TAG_enumerator
    4027                      .dwattr $C$DW$301, DW_AT_name("SYSCTL_SYNC_IN_EPWM4")
    4028                      .dwattr $C$DW$301, DW_AT_const_value(0x00)
    4029                      .dwattr $C$DW$301, DW_AT_decl_file("/home/jose/ti/c2000/C2000Ware_26_01_00_00/driverlib/f2837xd/drive
    4030                      .dwattr $C$DW$301, DW_AT_decl_line(0x2de)
    4031                      .dwattr $C$DW$301, DW_AT_decl_column(0x05)
    4032              
    4033              $C$DW$302       .dwtag  DW_TAG_enumerator
    4034                      .dwattr $C$DW$302, DW_AT_name("SYSCTL_SYNC_IN_EPWM7")
    4035                      .dwattr $C$DW$302, DW_AT_const_value(0x03)
    4036                      .dwattr $C$DW$302, DW_AT_decl_file("/home/jose/ti/c2000/C2000Ware_26_01_00_00/driverlib/f2837xd/drive
    4037                      .dwattr $C$DW$302, DW_AT_decl_line(0x2df)
    4038                      .dwattr $C$DW$302, DW_AT_decl_column(0x05)
    4039              
    4040              $C$DW$303       .dwtag  DW_TAG_enumerator
    4041                      .dwattr $C$DW$303, DW_AT_name("SYSCTL_SYNC_IN_EPWM10")
    4042                      .dwattr $C$DW$303, DW_AT_const_value(0x06)
    4043                      .dwattr $C$DW$303, DW_AT_decl_file("/home/jose/ti/c2000/C2000Ware_26_01_00_00/driverlib/f2837xd/drive
    4044                      .dwattr $C$DW$303, DW_AT_decl_line(0x2e0)
    4045                      .dwattr $C$DW$303, DW_AT_decl_column(0x05)
    4046              
    4047              $C$DW$304       .dwtag  DW_TAG_enumerator
    4048                      .dwattr $C$DW$304, DW_AT_name("SYSCTL_SYNC_IN_ECAP1")
    4049                      .dwattr $C$DW$304, DW_AT_const_value(0x09)
    4050                      .dwattr $C$DW$304, DW_AT_decl_file("/home/jose/ti/c2000/C2000Ware_26_01_00_00/driverlib/f2837xd/drive
    4051                      .dwattr $C$DW$304, DW_AT_decl_line(0x2e1)
    4052                      .dwattr $C$DW$304, DW_AT_decl_column(0x05)
    4053              
    4054              $C$DW$305       .dwtag  DW_TAG_enumerator
    4055                      .dwattr $C$DW$305, DW_AT_name("SYSCTL_SYNC_IN_ECAP4")
    4056                      .dwattr $C$DW$305, DW_AT_const_value(0x0c)
    4057                      .dwattr $C$DW$305, DW_AT_decl_file("/home/jose/ti/c2000/C2000Ware_26_01_00_00/driverlib/f2837xd/drive
    4058                      .dwattr $C$DW$305, DW_AT_decl_line(0x2e2)
    4059                      .dwattr $C$DW$305, DW_AT_decl_column(0x05)
    4060              
    4061                      .dwattr $C$DW$T$39, DW_AT_decl_file("/home/jose/ti/c2000/C2000Ware_26_01_00_00/driverlib/f2837xd/driv
    4062                      .dwattr $C$DW$T$39, DW_AT_decl_line(0x2dd)
    4063                      .dwattr $C$DW$T$39, DW_AT_decl_column(0x01)
    4064                      .dwendtag $C$DW$T$39
    4065              
    4066                      .dwendtag $C$DW$TU$39
    4067              
    4068              
    4069              $C$DW$TU$40     .dwtag  DW_TAG_type_unit
    4070                      .dwmtype  $C$DW$T$40
    4071              $C$DW$T$40      .dwtag  DW_TAG_typedef
    4072                      .dwattr $C$DW$T$40, DW_AT_name("SysCtl_SyncInput")
    4073                      .dwattr $C$DW$T$40, DW_AT_type(*$C$DW$T$39)
    4074                      .dwattr $C$DW$T$40, DW_AT_decl_file("/home/jose/ti/c2000/C2000Ware_26_01_00_00/driverlib/f2837xd/driv
    4075                      .dwattr $C$DW$T$40, DW_AT_decl_line(0x2e3)
    4076                      .dwattr $C$DW$T$40, DW_AT_decl_column(0x03)
    4077              
TMS320C2000 Assembler Unix v25.11.0 Sat May 30 20:15:25 2026

Copyright (c) 1996-2018 Texas Instruments Incorporated
board.asm                                                            PAGE   87

    4078                      .dwendtag $C$DW$TU$40
    4079              
    4080              
    4081              $C$DW$TU$41     .dwtag  DW_TAG_type_unit
    4082                      .dwmtype  $C$DW$T$41
    4083              
    4084              $C$DW$T$41      .dwtag  DW_TAG_enumeration_type
    4085                      .dwattr $C$DW$T$41, DW_AT_byte_size(0x01)
    4086              $C$DW$306       .dwtag  DW_TAG_enumerator
    4087                      .dwattr $C$DW$306, DW_AT_name("SYSCTL_SYNC_IN_SRC_EPWM1SYNCOUT")
    4088                      .dwattr $C$DW$306, DW_AT_const_value(0x00)
    4089                      .dwattr $C$DW$306, DW_AT_decl_file("/home/jose/ti/c2000/C2000Ware_26_01_00_00/driverlib/f2837xd/drive
    4090                      .dwattr $C$DW$306, DW_AT_decl_line(0x2f0)
    4091                      .dwattr $C$DW$306, DW_AT_decl_column(0x05)
    4092              
    4093              $C$DW$307       .dwtag  DW_TAG_enumerator
    4094                      .dwattr $C$DW$307, DW_AT_name("SYSCTL_SYNC_IN_SRC_EPWM4SYNCOUT")
    4095                      .dwattr $C$DW$307, DW_AT_const_value(0x01)
    4096                      .dwattr $C$DW$307, DW_AT_decl_file("/home/jose/ti/c2000/C2000Ware_26_01_00_00/driverlib/f2837xd/drive
    4097                      .dwattr $C$DW$307, DW_AT_decl_line(0x2f2)
    4098                      .dwattr $C$DW$307, DW_AT_decl_column(0x05)
    4099              
    4100              $C$DW$308       .dwtag  DW_TAG_enumerator
    4101                      .dwattr $C$DW$308, DW_AT_name("SYSCTL_SYNC_IN_SRC_EPWM7SYNCOUT")
    4102                      .dwattr $C$DW$308, DW_AT_const_value(0x02)
    4103                      .dwattr $C$DW$308, DW_AT_decl_file("/home/jose/ti/c2000/C2000Ware_26_01_00_00/driverlib/f2837xd/drive
    4104                      .dwattr $C$DW$308, DW_AT_decl_line(0x2f4)
    4105                      .dwattr $C$DW$308, DW_AT_decl_column(0x05)
    4106              
    4107              $C$DW$309       .dwtag  DW_TAG_enumerator
    4108                      .dwattr $C$DW$309, DW_AT_name("SYSCTL_SYNC_IN_SRC_EPWM10SYNCOUT")
    4109                      .dwattr $C$DW$309, DW_AT_const_value(0x03)
    4110                      .dwattr $C$DW$309, DW_AT_decl_file("/home/jose/ti/c2000/C2000Ware_26_01_00_00/driverlib/f2837xd/drive
    4111                      .dwattr $C$DW$309, DW_AT_decl_line(0x2f6)
    4112                      .dwattr $C$DW$309, DW_AT_decl_column(0x05)
    4113              
    4114              $C$DW$310       .dwtag  DW_TAG_enumerator
    4115                      .dwattr $C$DW$310, DW_AT_name("SYSCTL_SYNC_IN_SRC_ECAP1SYNCOUT")
    4116                      .dwattr $C$DW$310, DW_AT_const_value(0x04)
    4117                      .dwattr $C$DW$310, DW_AT_decl_file("/home/jose/ti/c2000/C2000Ware_26_01_00_00/driverlib/f2837xd/drive
    4118                      .dwattr $C$DW$310, DW_AT_decl_line(0x2f8)
    4119                      .dwattr $C$DW$310, DW_AT_decl_column(0x05)
    4120              
    4121              $C$DW$311       .dwtag  DW_TAG_enumerator
    4122                      .dwattr $C$DW$311, DW_AT_name("SYSCTL_SYNC_IN_SRC_EXTSYNCIN1")
    4123                      .dwattr $C$DW$311, DW_AT_const_value(0x05)
    4124                      .dwattr $C$DW$311, DW_AT_decl_file("/home/jose/ti/c2000/C2000Ware_26_01_00_00/driverlib/f2837xd/drive
    4125                      .dwattr $C$DW$311, DW_AT_decl_line(0x2fa)
    4126                      .dwattr $C$DW$311, DW_AT_decl_column(0x05)
    4127              
    4128              $C$DW$312       .dwtag  DW_TAG_enumerator
    4129                      .dwattr $C$DW$312, DW_AT_name("SYSCTL_SYNC_IN_SRC_EXTSYNCIN2")
    4130                      .dwattr $C$DW$312, DW_AT_const_value(0x06)
    4131                      .dwattr $C$DW$312, DW_AT_decl_file("/home/jose/ti/c2000/C2000Ware_26_01_00_00/driverlib/f2837xd/drive
    4132                      .dwattr $C$DW$312, DW_AT_decl_line(0x2fc)
TMS320C2000 Assembler Unix v25.11.0 Sat May 30 20:15:25 2026

Copyright (c) 1996-2018 Texas Instruments Incorporated
board.asm                                                            PAGE   88

    4133                      .dwattr $C$DW$312, DW_AT_decl_column(0x05)
    4134              
    4135                      .dwattr $C$DW$T$41, DW_AT_decl_file("/home/jose/ti/c2000/C2000Ware_26_01_00_00/driverlib/f2837xd/driv
    4136                      .dwattr $C$DW$T$41, DW_AT_decl_line(0x2ee)
    4137                      .dwattr $C$DW$T$41, DW_AT_decl_column(0x01)
    4138                      .dwendtag $C$DW$T$41
    4139              
    4140                      .dwendtag $C$DW$TU$41
    4141              
    4142              
    4143              $C$DW$TU$42     .dwtag  DW_TAG_type_unit
    4144                      .dwmtype  $C$DW$T$42
    4145              $C$DW$T$42      .dwtag  DW_TAG_typedef
    4146                      .dwattr $C$DW$T$42, DW_AT_name("SysCtl_SyncInputSource")
    4147                      .dwattr $C$DW$T$42, DW_AT_type(*$C$DW$T$41)
    4148                      .dwattr $C$DW$T$42, DW_AT_decl_file("/home/jose/ti/c2000/C2000Ware_26_01_00_00/driverlib/f2837xd/driv
    4149                      .dwattr $C$DW$T$42, DW_AT_decl_line(0x2fd)
    4150                      .dwattr $C$DW$T$42, DW_AT_decl_column(0x03)
    4151              
    4152                      .dwendtag $C$DW$TU$42
    4153              
    4154              
    4155              $C$DW$TU$43     .dwtag  DW_TAG_type_unit
    4156                      .dwmtype  $C$DW$T$43
    4157              
    4158              $C$DW$T$43      .dwtag  DW_TAG_enumeration_type
    4159                      .dwattr $C$DW$T$43, DW_AT_byte_size(0x01)
    4160              $C$DW$313       .dwtag  DW_TAG_enumerator
    4161                      .dwattr $C$DW$313, DW_AT_name("SYSCTL_SYNC_OUT_SRC_EPWM1SYNCOUT")
    4162                      .dwattr $C$DW$313, DW_AT_const_value(0x00)
    4163                      .dwattr $C$DW$313, DW_AT_decl_file("/home/jose/ti/c2000/C2000Ware_26_01_00_00/driverlib/f2837xd/drive
    4164                      .dwattr $C$DW$313, DW_AT_decl_line(0x307)
    4165                      .dwattr $C$DW$313, DW_AT_decl_column(0x05)
    4166              
    4167              $C$DW$314       .dwtag  DW_TAG_enumerator
    4168                      .dwattr $C$DW$314, DW_AT_name("SYSCTL_SYNC_OUT_SRC_EPWM4SYNCOUT")
    4169                      .dwattr $C$DW$314, DW_AT_const_value(0x01)
    4170                      .dwattr $C$DW$314, DW_AT_decl_file("/home/jose/ti/c2000/C2000Ware_26_01_00_00/driverlib/f2837xd/drive
    4171                      .dwattr $C$DW$314, DW_AT_decl_line(0x308)
    4172                      .dwattr $C$DW$314, DW_AT_decl_column(0x05)
    4173              
    4174              $C$DW$315       .dwtag  DW_TAG_enumerator
    4175                      .dwattr $C$DW$315, DW_AT_name("SYSCTL_SYNC_OUT_SRC_EPWM7SYNCOUT")
    4176                      .dwattr $C$DW$315, DW_AT_const_value(0x02)
    4177                      .dwattr $C$DW$315, DW_AT_decl_file("/home/jose/ti/c2000/C2000Ware_26_01_00_00/driverlib/f2837xd/drive
    4178                      .dwattr $C$DW$315, DW_AT_decl_line(0x309)
    4179                      .dwattr $C$DW$315, DW_AT_decl_column(0x05)
    4180              
    4181              $C$DW$316       .dwtag  DW_TAG_enumerator
    4182                      .dwattr $C$DW$316, DW_AT_name("SYSCTL_SYNC_OUT_SRC_EPWM10SYNCOUT")
    4183                      .dwattr $C$DW$316, DW_AT_const_value(0x03)
    4184                      .dwattr $C$DW$316, DW_AT_decl_file("/home/jose/ti/c2000/C2000Ware_26_01_00_00/driverlib/f2837xd/drive
    4185                      .dwattr $C$DW$316, DW_AT_decl_line(0x30a)
    4186                      .dwattr $C$DW$316, DW_AT_decl_column(0x05)
    4187              
TMS320C2000 Assembler Unix v25.11.0 Sat May 30 20:15:25 2026

Copyright (c) 1996-2018 Texas Instruments Incorporated
board.asm                                                            PAGE   89

    4188                      .dwattr $C$DW$T$43, DW_AT_decl_file("/home/jose/ti/c2000/C2000Ware_26_01_00_00/driverlib/f2837xd/driv
    4189                      .dwattr $C$DW$T$43, DW_AT_decl_line(0x306)
    4190                      .dwattr $C$DW$T$43, DW_AT_decl_column(0x01)
    4191                      .dwendtag $C$DW$T$43
    4192              
    4193                      .dwendtag $C$DW$TU$43
    4194              
    4195              
    4196              $C$DW$TU$44     .dwtag  DW_TAG_type_unit
    4197                      .dwmtype  $C$DW$T$44
    4198              $C$DW$T$44      .dwtag  DW_TAG_typedef
    4199                      .dwattr $C$DW$T$44, DW_AT_name("SysCtl_SyncOutputSource")
    4200                      .dwattr $C$DW$T$44, DW_AT_type(*$C$DW$T$43)
    4201                      .dwattr $C$DW$T$44, DW_AT_decl_file("/home/jose/ti/c2000/C2000Ware_26_01_00_00/driverlib/f2837xd/driv
    4202                      .dwattr $C$DW$T$44, DW_AT_decl_line(0x30c)
    4203                      .dwattr $C$DW$T$44, DW_AT_decl_column(0x03)
    4204              
    4205                      .dwendtag $C$DW$TU$44
    4206              
    4207              
    4208              $C$DW$TU$45     .dwtag  DW_TAG_type_unit
    4209                      .dwmtype  $C$DW$T$45
    4210              
    4211              $C$DW$T$45      .dwtag  DW_TAG_enumeration_type
    4212                      .dwattr $C$DW$T$45, DW_AT_byte_size(0x01)
    4213              $C$DW$317       .dwtag  DW_TAG_enumerator
    4214                      .dwattr $C$DW$317, DW_AT_name("EPWM_COUNT_MODE_DOWN_AFTER_SYNC")
    4215                      .dwattr $C$DW$317, DW_AT_const_value(0x00)
    4216                      .dwattr $C$DW$317, DW_AT_decl_file("/home/jose/ti/c2000/C2000Ware_26_01_00_00/driverlib/f2837xd/drive
    4217                      .dwattr $C$DW$317, DW_AT_decl_line(0x65)
    4218                      .dwattr $C$DW$317, DW_AT_decl_column(0x04)
    4219              
    4220              $C$DW$318       .dwtag  DW_TAG_enumerator
    4221                      .dwattr $C$DW$318, DW_AT_name("EPWM_COUNT_MODE_UP_AFTER_SYNC")
    4222                      .dwattr $C$DW$318, DW_AT_const_value(0x01)
    4223                      .dwattr $C$DW$318, DW_AT_decl_file("/home/jose/ti/c2000/C2000Ware_26_01_00_00/driverlib/f2837xd/drive
    4224                      .dwattr $C$DW$318, DW_AT_decl_line(0x66)
    4225                      .dwattr $C$DW$318, DW_AT_decl_column(0x04)
    4226              
    4227                      .dwattr $C$DW$T$45, DW_AT_decl_file("/home/jose/ti/c2000/C2000Ware_26_01_00_00/driverlib/f2837xd/driv
    4228                      .dwattr $C$DW$T$45, DW_AT_decl_line(0x64)
    4229                      .dwattr $C$DW$T$45, DW_AT_decl_column(0x01)
    4230                      .dwendtag $C$DW$T$45
    4231              
    4232                      .dwendtag $C$DW$TU$45
    4233              
    4234              
    4235              $C$DW$TU$46     .dwtag  DW_TAG_type_unit
    4236                      .dwmtype  $C$DW$T$46
    4237              $C$DW$T$46      .dwtag  DW_TAG_typedef
    4238                      .dwattr $C$DW$T$46, DW_AT_name("EPWM_SyncCountMode")
    4239                      .dwattr $C$DW$T$46, DW_AT_type(*$C$DW$T$45)
    4240                      .dwattr $C$DW$T$46, DW_AT_decl_file("/home/jose/ti/c2000/C2000Ware_26_01_00_00/driverlib/f2837xd/driv
    4241                      .dwattr $C$DW$T$46, DW_AT_decl_line(0x67)
    4242                      .dwattr $C$DW$T$46, DW_AT_decl_column(0x03)
TMS320C2000 Assembler Unix v25.11.0 Sat May 30 20:15:25 2026

Copyright (c) 1996-2018 Texas Instruments Incorporated
board.asm                                                            PAGE   90

    4243              
    4244                      .dwendtag $C$DW$TU$46
    4245              
    4246              
    4247              $C$DW$TU$47     .dwtag  DW_TAG_type_unit
    4248                      .dwmtype  $C$DW$T$47
    4249              
    4250              $C$DW$T$47      .dwtag  DW_TAG_enumeration_type
    4251                      .dwattr $C$DW$T$47, DW_AT_byte_size(0x01)
    4252              $C$DW$319       .dwtag  DW_TAG_enumerator
    4253                      .dwattr $C$DW$319, DW_AT_name("EPWM_CLOCK_DIVIDER_1")
    4254                      .dwattr $C$DW$319, DW_AT_const_value(0x00)
    4255                      .dwattr $C$DW$319, DW_AT_decl_file("/home/jose/ti/c2000/C2000Ware_26_01_00_00/driverlib/f2837xd/drive
    4256                      .dwattr $C$DW$319, DW_AT_decl_line(0x71)
    4257                      .dwattr $C$DW$319, DW_AT_decl_column(0x05)
    4258              
    4259              $C$DW$320       .dwtag  DW_TAG_enumerator
    4260                      .dwattr $C$DW$320, DW_AT_name("EPWM_CLOCK_DIVIDER_2")
    4261                      .dwattr $C$DW$320, DW_AT_const_value(0x01)
    4262                      .dwattr $C$DW$320, DW_AT_decl_file("/home/jose/ti/c2000/C2000Ware_26_01_00_00/driverlib/f2837xd/drive
    4263                      .dwattr $C$DW$320, DW_AT_decl_line(0x72)
    4264                      .dwattr $C$DW$320, DW_AT_decl_column(0x05)
    4265              
    4266              $C$DW$321       .dwtag  DW_TAG_enumerator
    4267                      .dwattr $C$DW$321, DW_AT_name("EPWM_CLOCK_DIVIDER_4")
    4268                      .dwattr $C$DW$321, DW_AT_const_value(0x02)
    4269                      .dwattr $C$DW$321, DW_AT_decl_file("/home/jose/ti/c2000/C2000Ware_26_01_00_00/driverlib/f2837xd/drive
    4270                      .dwattr $C$DW$321, DW_AT_decl_line(0x73)
    4271                      .dwattr $C$DW$321, DW_AT_decl_column(0x05)
    4272              
    4273              $C$DW$322       .dwtag  DW_TAG_enumerator
    4274                      .dwattr $C$DW$322, DW_AT_name("EPWM_CLOCK_DIVIDER_8")
    4275                      .dwattr $C$DW$322, DW_AT_const_value(0x03)
    4276                      .dwattr $C$DW$322, DW_AT_decl_file("/home/jose/ti/c2000/C2000Ware_26_01_00_00/driverlib/f2837xd/drive
    4277                      .dwattr $C$DW$322, DW_AT_decl_line(0x74)
    4278                      .dwattr $C$DW$322, DW_AT_decl_column(0x05)
    4279              
    4280              $C$DW$323       .dwtag  DW_TAG_enumerator
    4281                      .dwattr $C$DW$323, DW_AT_name("EPWM_CLOCK_DIVIDER_16")
    4282                      .dwattr $C$DW$323, DW_AT_const_value(0x04)
    4283                      .dwattr $C$DW$323, DW_AT_decl_file("/home/jose/ti/c2000/C2000Ware_26_01_00_00/driverlib/f2837xd/drive
    4284                      .dwattr $C$DW$323, DW_AT_decl_line(0x75)
    4285                      .dwattr $C$DW$323, DW_AT_decl_column(0x05)
    4286              
    4287              $C$DW$324       .dwtag  DW_TAG_enumerator
    4288                      .dwattr $C$DW$324, DW_AT_name("EPWM_CLOCK_DIVIDER_32")
    4289                      .dwattr $C$DW$324, DW_AT_const_value(0x05)
    4290                      .dwattr $C$DW$324, DW_AT_decl_file("/home/jose/ti/c2000/C2000Ware_26_01_00_00/driverlib/f2837xd/drive
    4291                      .dwattr $C$DW$324, DW_AT_decl_line(0x76)
    4292                      .dwattr $C$DW$324, DW_AT_decl_column(0x05)
    4293              
    4294              $C$DW$325       .dwtag  DW_TAG_enumerator
    4295                      .dwattr $C$DW$325, DW_AT_name("EPWM_CLOCK_DIVIDER_64")
    4296                      .dwattr $C$DW$325, DW_AT_const_value(0x06)
    4297                      .dwattr $C$DW$325, DW_AT_decl_file("/home/jose/ti/c2000/C2000Ware_26_01_00_00/driverlib/f2837xd/drive
TMS320C2000 Assembler Unix v25.11.0 Sat May 30 20:15:25 2026

Copyright (c) 1996-2018 Texas Instruments Incorporated
board.asm                                                            PAGE   91

    4298                      .dwattr $C$DW$325, DW_AT_decl_line(0x77)
    4299                      .dwattr $C$DW$325, DW_AT_decl_column(0x05)
    4300              
    4301              $C$DW$326       .dwtag  DW_TAG_enumerator
    4302                      .dwattr $C$DW$326, DW_AT_name("EPWM_CLOCK_DIVIDER_128")
    4303                      .dwattr $C$DW$326, DW_AT_const_value(0x07)
    4304                      .dwattr $C$DW$326, DW_AT_decl_file("/home/jose/ti/c2000/C2000Ware_26_01_00_00/driverlib/f2837xd/drive
    4305                      .dwattr $C$DW$326, DW_AT_decl_line(0x78)
    4306                      .dwattr $C$DW$326, DW_AT_decl_column(0x05)
    4307              
    4308                      .dwattr $C$DW$T$47, DW_AT_decl_file("/home/jose/ti/c2000/C2000Ware_26_01_00_00/driverlib/f2837xd/driv
    4309                      .dwattr $C$DW$T$47, DW_AT_decl_line(0x70)
    4310                      .dwattr $C$DW$T$47, DW_AT_decl_column(0x01)
    4311                      .dwendtag $C$DW$T$47
    4312              
    4313                      .dwendtag $C$DW$TU$47
    4314              
    4315              
    4316              $C$DW$TU$48     .dwtag  DW_TAG_type_unit
    4317                      .dwmtype  $C$DW$T$48
    4318              $C$DW$T$48      .dwtag  DW_TAG_typedef
    4319                      .dwattr $C$DW$T$48, DW_AT_name("EPWM_ClockDivider")
    4320                      .dwattr $C$DW$T$48, DW_AT_type(*$C$DW$T$47)
    4321                      .dwattr $C$DW$T$48, DW_AT_decl_file("/home/jose/ti/c2000/C2000Ware_26_01_00_00/driverlib/f2837xd/driv
    4322                      .dwattr $C$DW$T$48, DW_AT_decl_line(0x79)
    4323                      .dwattr $C$DW$T$48, DW_AT_decl_column(0x03)
    4324              
    4325                      .dwendtag $C$DW$TU$48
    4326              
    4327              
    4328              $C$DW$TU$49     .dwtag  DW_TAG_type_unit
    4329                      .dwmtype  $C$DW$T$49
    4330              
    4331              $C$DW$T$49      .dwtag  DW_TAG_enumeration_type
    4332                      .dwattr $C$DW$T$49, DW_AT_byte_size(0x01)
    4333              $C$DW$327       .dwtag  DW_TAG_enumerator
    4334                      .dwattr $C$DW$327, DW_AT_name("EPWM_HSCLOCK_DIVIDER_1")
    4335                      .dwattr $C$DW$327, DW_AT_const_value(0x00)
    4336                      .dwattr $C$DW$327, DW_AT_decl_file("/home/jose/ti/c2000/C2000Ware_26_01_00_00/driverlib/f2837xd/drive
    4337                      .dwattr $C$DW$327, DW_AT_decl_line(0x83)
    4338                      .dwattr $C$DW$327, DW_AT_decl_column(0x05)
    4339              
    4340              $C$DW$328       .dwtag  DW_TAG_enumerator
    4341                      .dwattr $C$DW$328, DW_AT_name("EPWM_HSCLOCK_DIVIDER_2")
    4342                      .dwattr $C$DW$328, DW_AT_const_value(0x01)
    4343                      .dwattr $C$DW$328, DW_AT_decl_file("/home/jose/ti/c2000/C2000Ware_26_01_00_00/driverlib/f2837xd/drive
    4344                      .dwattr $C$DW$328, DW_AT_decl_line(0x84)
    4345                      .dwattr $C$DW$328, DW_AT_decl_column(0x05)
    4346              
    4347              $C$DW$329       .dwtag  DW_TAG_enumerator
    4348                      .dwattr $C$DW$329, DW_AT_name("EPWM_HSCLOCK_DIVIDER_4")
    4349                      .dwattr $C$DW$329, DW_AT_const_value(0x02)
    4350                      .dwattr $C$DW$329, DW_AT_decl_file("/home/jose/ti/c2000/C2000Ware_26_01_00_00/driverlib/f2837xd/drive
    4351                      .dwattr $C$DW$329, DW_AT_decl_line(0x85)
    4352                      .dwattr $C$DW$329, DW_AT_decl_column(0x05)
TMS320C2000 Assembler Unix v25.11.0 Sat May 30 20:15:25 2026

Copyright (c) 1996-2018 Texas Instruments Incorporated
board.asm                                                            PAGE   92

    4353              
    4354              $C$DW$330       .dwtag  DW_TAG_enumerator
    4355                      .dwattr $C$DW$330, DW_AT_name("EPWM_HSCLOCK_DIVIDER_6")
    4356                      .dwattr $C$DW$330, DW_AT_const_value(0x03)
    4357                      .dwattr $C$DW$330, DW_AT_decl_file("/home/jose/ti/c2000/C2000Ware_26_01_00_00/driverlib/f2837xd/drive
    4358                      .dwattr $C$DW$330, DW_AT_decl_line(0x86)
    4359                      .dwattr $C$DW$330, DW_AT_decl_column(0x05)
    4360              
    4361              $C$DW$331       .dwtag  DW_TAG_enumerator
    4362                      .dwattr $C$DW$331, DW_AT_name("EPWM_HSCLOCK_DIVIDER_8")
    4363                      .dwattr $C$DW$331, DW_AT_const_value(0x04)
    4364                      .dwattr $C$DW$331, DW_AT_decl_file("/home/jose/ti/c2000/C2000Ware_26_01_00_00/driverlib/f2837xd/drive
    4365                      .dwattr $C$DW$331, DW_AT_decl_line(0x87)
    4366                      .dwattr $C$DW$331, DW_AT_decl_column(0x05)
    4367              
    4368              $C$DW$332       .dwtag  DW_TAG_enumerator
    4369                      .dwattr $C$DW$332, DW_AT_name("EPWM_HSCLOCK_DIVIDER_10")
    4370                      .dwattr $C$DW$332, DW_AT_const_value(0x05)
    4371                      .dwattr $C$DW$332, DW_AT_decl_file("/home/jose/ti/c2000/C2000Ware_26_01_00_00/driverlib/f2837xd/drive
    4372                      .dwattr $C$DW$332, DW_AT_decl_line(0x88)
    4373                      .dwattr $C$DW$332, DW_AT_decl_column(0x05)
    4374              
    4375              $C$DW$333       .dwtag  DW_TAG_enumerator
    4376                      .dwattr $C$DW$333, DW_AT_name("EPWM_HSCLOCK_DIVIDER_12")
    4377                      .dwattr $C$DW$333, DW_AT_const_value(0x06)
    4378                      .dwattr $C$DW$333, DW_AT_decl_file("/home/jose/ti/c2000/C2000Ware_26_01_00_00/driverlib/f2837xd/drive
    4379                      .dwattr $C$DW$333, DW_AT_decl_line(0x89)
    4380                      .dwattr $C$DW$333, DW_AT_decl_column(0x05)
    4381              
    4382              $C$DW$334       .dwtag  DW_TAG_enumerator
    4383                      .dwattr $C$DW$334, DW_AT_name("EPWM_HSCLOCK_DIVIDER_14")
    4384                      .dwattr $C$DW$334, DW_AT_const_value(0x07)
    4385                      .dwattr $C$DW$334, DW_AT_decl_file("/home/jose/ti/c2000/C2000Ware_26_01_00_00/driverlib/f2837xd/drive
    4386                      .dwattr $C$DW$334, DW_AT_decl_line(0x8a)
    4387                      .dwattr $C$DW$334, DW_AT_decl_column(0x05)
    4388              
    4389                      .dwattr $C$DW$T$49, DW_AT_decl_file("/home/jose/ti/c2000/C2000Ware_26_01_00_00/driverlib/f2837xd/driv
    4390                      .dwattr $C$DW$T$49, DW_AT_decl_line(0x82)
    4391                      .dwattr $C$DW$T$49, DW_AT_decl_column(0x01)
    4392                      .dwendtag $C$DW$T$49
    4393              
    4394                      .dwendtag $C$DW$TU$49
    4395              
    4396              
    4397              $C$DW$TU$50     .dwtag  DW_TAG_type_unit
    4398                      .dwmtype  $C$DW$T$50
    4399              $C$DW$T$50      .dwtag  DW_TAG_typedef
    4400                      .dwattr $C$DW$T$50, DW_AT_name("EPWM_HSClockDivider")
    4401                      .dwattr $C$DW$T$50, DW_AT_type(*$C$DW$T$49)
    4402                      .dwattr $C$DW$T$50, DW_AT_decl_file("/home/jose/ti/c2000/C2000Ware_26_01_00_00/driverlib/f2837xd/driv
    4403                      .dwattr $C$DW$T$50, DW_AT_decl_line(0x8b)
    4404                      .dwattr $C$DW$T$50, DW_AT_decl_column(0x03)
    4405              
    4406                      .dwendtag $C$DW$TU$50
    4407              
TMS320C2000 Assembler Unix v25.11.0 Sat May 30 20:15:25 2026

Copyright (c) 1996-2018 Texas Instruments Incorporated
board.asm                                                            PAGE   93

    4408              
    4409              $C$DW$TU$51     .dwtag  DW_TAG_type_unit
    4410                      .dwmtype  $C$DW$T$51
    4411              
    4412              $C$DW$T$51      .dwtag  DW_TAG_enumeration_type
    4413                      .dwattr $C$DW$T$51, DW_AT_byte_size(0x01)
    4414              $C$DW$335       .dwtag  DW_TAG_enumerator
    4415                      .dwattr $C$DW$335, DW_AT_name("EPWM_SYNC_OUT_PULSE_ON_SOFTWARE")
    4416                      .dwattr $C$DW$335, DW_AT_const_value(0x00)
    4417                      .dwattr $C$DW$335, DW_AT_decl_file("/home/jose/ti/c2000/C2000Ware_26_01_00_00/driverlib/f2837xd/drive
    4418                      .dwattr $C$DW$335, DW_AT_decl_line(0x96)
    4419                      .dwattr $C$DW$335, DW_AT_decl_column(0x05)
    4420              
    4421              $C$DW$336       .dwtag  DW_TAG_enumerator
    4422                      .dwattr $C$DW$336, DW_AT_name("EPWM_SYNC_OUT_PULSE_ON_EPWMxSYNCIN")
    4423                      .dwattr $C$DW$336, DW_AT_const_value(0x00)
    4424                      .dwattr $C$DW$336, DW_AT_decl_file("/home/jose/ti/c2000/C2000Ware_26_01_00_00/driverlib/f2837xd/drive
    4425                      .dwattr $C$DW$336, DW_AT_decl_line(0x98)
    4426                      .dwattr $C$DW$336, DW_AT_decl_column(0x05)
    4427              
    4428              $C$DW$337       .dwtag  DW_TAG_enumerator
    4429                      .dwattr $C$DW$337, DW_AT_name("EPWM_SYNC_OUT_PULSE_ON_COUNTER_ZERO")
    4430                      .dwattr $C$DW$337, DW_AT_const_value(0x01)
    4431                      .dwattr $C$DW$337, DW_AT_decl_file("/home/jose/ti/c2000/C2000Ware_26_01_00_00/driverlib/f2837xd/drive
    4432                      .dwattr $C$DW$337, DW_AT_decl_line(0x9a)
    4433                      .dwattr $C$DW$337, DW_AT_decl_column(0x05)
    4434              
    4435              $C$DW$338       .dwtag  DW_TAG_enumerator
    4436                      .dwattr $C$DW$338, DW_AT_name("EPWM_SYNC_OUT_PULSE_ON_COUNTER_COMPARE_B")
    4437                      .dwattr $C$DW$338, DW_AT_const_value(0x02)
    4438                      .dwattr $C$DW$338, DW_AT_decl_file("/home/jose/ti/c2000/C2000Ware_26_01_00_00/driverlib/f2837xd/drive
    4439                      .dwattr $C$DW$338, DW_AT_decl_line(0x9c)
    4440                      .dwattr $C$DW$338, DW_AT_decl_column(0x05)
    4441              
    4442              $C$DW$339       .dwtag  DW_TAG_enumerator
    4443                      .dwattr $C$DW$339, DW_AT_name("EPWM_SYNC_OUT_PULSE_DISABLED")
    4444                      .dwattr $C$DW$339, DW_AT_const_value(0x04)
    4445                      .dwattr $C$DW$339, DW_AT_decl_file("/home/jose/ti/c2000/C2000Ware_26_01_00_00/driverlib/f2837xd/drive
    4446                      .dwattr $C$DW$339, DW_AT_decl_line(0x9e)
    4447                      .dwattr $C$DW$339, DW_AT_decl_column(0x05)
    4448              
    4449              $C$DW$340       .dwtag  DW_TAG_enumerator
    4450                      .dwattr $C$DW$340, DW_AT_name("EPWM_SYNC_OUT_PULSE_ON_COUNTER_COMPARE_C")
    4451                      .dwattr $C$DW$340, DW_AT_const_value(0x05)
    4452                      .dwattr $C$DW$340, DW_AT_decl_file("/home/jose/ti/c2000/C2000Ware_26_01_00_00/driverlib/f2837xd/drive
    4453                      .dwattr $C$DW$340, DW_AT_decl_line(0xa0)
    4454                      .dwattr $C$DW$340, DW_AT_decl_column(0x05)
    4455              
    4456              $C$DW$341       .dwtag  DW_TAG_enumerator
    4457                      .dwattr $C$DW$341, DW_AT_name("EPWM_SYNC_OUT_PULSE_ON_COUNTER_COMPARE_D")
    4458                      .dwattr $C$DW$341, DW_AT_const_value(0x06)
    4459                      .dwattr $C$DW$341, DW_AT_decl_file("/home/jose/ti/c2000/C2000Ware_26_01_00_00/driverlib/f2837xd/drive
    4460                      .dwattr $C$DW$341, DW_AT_decl_line(0xa2)
    4461                      .dwattr $C$DW$341, DW_AT_decl_column(0x05)
    4462              
TMS320C2000 Assembler Unix v25.11.0 Sat May 30 20:15:25 2026

Copyright (c) 1996-2018 Texas Instruments Incorporated
board.asm                                                            PAGE   94

    4463                      .dwattr $C$DW$T$51, DW_AT_decl_file("/home/jose/ti/c2000/C2000Ware_26_01_00_00/driverlib/f2837xd/driv
    4464                      .dwattr $C$DW$T$51, DW_AT_decl_line(0x94)
    4465                      .dwattr $C$DW$T$51, DW_AT_decl_column(0x01)
    4466                      .dwendtag $C$DW$T$51
    4467              
    4468                      .dwendtag $C$DW$TU$51
    4469              
    4470              
    4471              $C$DW$TU$52     .dwtag  DW_TAG_type_unit
    4472                      .dwmtype  $C$DW$T$52
    4473              $C$DW$T$52      .dwtag  DW_TAG_typedef
    4474                      .dwattr $C$DW$T$52, DW_AT_name("EPWM_SyncOutPulseMode")
    4475                      .dwattr $C$DW$T$52, DW_AT_type(*$C$DW$T$51)
    4476                      .dwattr $C$DW$T$52, DW_AT_decl_file("/home/jose/ti/c2000/C2000Ware_26_01_00_00/driverlib/f2837xd/driv
    4477                      .dwattr $C$DW$T$52, DW_AT_decl_line(0xa3)
    4478                      .dwattr $C$DW$T$52, DW_AT_decl_column(0x03)
    4479              
    4480                      .dwendtag $C$DW$TU$52
    4481              
    4482              
    4483              $C$DW$TU$53     .dwtag  DW_TAG_type_unit
    4484                      .dwmtype  $C$DW$T$53
    4485              
    4486              $C$DW$T$53      .dwtag  DW_TAG_enumeration_type
    4487                      .dwattr $C$DW$T$53, DW_AT_byte_size(0x01)
    4488              $C$DW$342       .dwtag  DW_TAG_enumerator
    4489                      .dwattr $C$DW$342, DW_AT_name("EPWM_COUNTER_MODE_UP")
    4490                      .dwattr $C$DW$342, DW_AT_const_value(0x00)
    4491                      .dwattr $C$DW$342, DW_AT_decl_file("/home/jose/ti/c2000/C2000Ware_26_01_00_00/driverlib/f2837xd/drive
    4492                      .dwattr $C$DW$342, DW_AT_decl_line(0xbb)
    4493                      .dwattr $C$DW$342, DW_AT_decl_column(0x05)
    4494              
    4495              $C$DW$343       .dwtag  DW_TAG_enumerator
    4496                      .dwattr $C$DW$343, DW_AT_name("EPWM_COUNTER_MODE_DOWN")
    4497                      .dwattr $C$DW$343, DW_AT_const_value(0x01)
    4498                      .dwattr $C$DW$343, DW_AT_decl_file("/home/jose/ti/c2000/C2000Ware_26_01_00_00/driverlib/f2837xd/drive
    4499                      .dwattr $C$DW$343, DW_AT_decl_line(0xbc)
    4500                      .dwattr $C$DW$343, DW_AT_decl_column(0x05)
    4501              
    4502              $C$DW$344       .dwtag  DW_TAG_enumerator
    4503                      .dwattr $C$DW$344, DW_AT_name("EPWM_COUNTER_MODE_UP_DOWN")
    4504                      .dwattr $C$DW$344, DW_AT_const_value(0x02)
    4505                      .dwattr $C$DW$344, DW_AT_decl_file("/home/jose/ti/c2000/C2000Ware_26_01_00_00/driverlib/f2837xd/drive
    4506                      .dwattr $C$DW$344, DW_AT_decl_line(0xbd)
    4507                      .dwattr $C$DW$344, DW_AT_decl_column(0x05)
    4508              
    4509              $C$DW$345       .dwtag  DW_TAG_enumerator
    4510                      .dwattr $C$DW$345, DW_AT_name("EPWM_COUNTER_MODE_STOP_FREEZE")
    4511                      .dwattr $C$DW$345, DW_AT_const_value(0x03)
    4512                      .dwattr $C$DW$345, DW_AT_decl_file("/home/jose/ti/c2000/C2000Ware_26_01_00_00/driverlib/f2837xd/drive
    4513                      .dwattr $C$DW$345, DW_AT_decl_line(0xbe)
    4514                      .dwattr $C$DW$345, DW_AT_decl_column(0x05)
    4515              
    4516                      .dwattr $C$DW$T$53, DW_AT_decl_file("/home/jose/ti/c2000/C2000Ware_26_01_00_00/driverlib/f2837xd/driv
    4517                      .dwattr $C$DW$T$53, DW_AT_decl_line(0xba)
TMS320C2000 Assembler Unix v25.11.0 Sat May 30 20:15:25 2026

Copyright (c) 1996-2018 Texas Instruments Incorporated
board.asm                                                            PAGE   95

    4518                      .dwattr $C$DW$T$53, DW_AT_decl_column(0x01)
    4519                      .dwendtag $C$DW$T$53
    4520              
    4521                      .dwendtag $C$DW$TU$53
    4522              
    4523              
    4524              $C$DW$TU$54     .dwtag  DW_TAG_type_unit
    4525                      .dwmtype  $C$DW$T$54
    4526              $C$DW$T$54      .dwtag  DW_TAG_typedef
    4527                      .dwattr $C$DW$T$54, DW_AT_name("EPWM_TimeBaseCountMode")
    4528                      .dwattr $C$DW$T$54, DW_AT_type(*$C$DW$T$53)
    4529                      .dwattr $C$DW$T$54, DW_AT_decl_file("/home/jose/ti/c2000/C2000Ware_26_01_00_00/driverlib/f2837xd/driv
    4530                      .dwattr $C$DW$T$54, DW_AT_decl_line(0xbf)
    4531                      .dwattr $C$DW$T$54, DW_AT_decl_column(0x03)
    4532              
    4533                      .dwendtag $C$DW$TU$54
    4534              
    4535              
    4536              $C$DW$TU$55     .dwtag  DW_TAG_type_unit
    4537                      .dwmtype  $C$DW$T$55
    4538              
    4539              $C$DW$T$55      .dwtag  DW_TAG_enumeration_type
    4540                      .dwattr $C$DW$T$55, DW_AT_byte_size(0x01)
    4541              $C$DW$346       .dwtag  DW_TAG_enumerator
    4542                      .dwattr $C$DW$346, DW_AT_name("EPWM_COUNTER_COMPARE_A")
    4543                      .dwattr $C$DW$346, DW_AT_const_value(0x00)
    4544                      .dwattr $C$DW$346, DW_AT_decl_file("/home/jose/ti/c2000/C2000Ware_26_01_00_00/driverlib/f2837xd/drive
    4545                      .dwattr $C$DW$346, DW_AT_decl_line(0x111)
    4546                      .dwattr $C$DW$346, DW_AT_decl_column(0x05)
    4547              
    4548              $C$DW$347       .dwtag  DW_TAG_enumerator
    4549                      .dwattr $C$DW$347, DW_AT_name("EPWM_COUNTER_COMPARE_B")
    4550                      .dwattr $C$DW$347, DW_AT_const_value(0x02)
    4551                      .dwattr $C$DW$347, DW_AT_decl_file("/home/jose/ti/c2000/C2000Ware_26_01_00_00/driverlib/f2837xd/drive
    4552                      .dwattr $C$DW$347, DW_AT_decl_line(0x112)
    4553                      .dwattr $C$DW$347, DW_AT_decl_column(0x05)
    4554              
    4555              $C$DW$348       .dwtag  DW_TAG_enumerator
    4556                      .dwattr $C$DW$348, DW_AT_name("EPWM_COUNTER_COMPARE_C")
    4557                      .dwattr $C$DW$348, DW_AT_const_value(0x05)
    4558                      .dwattr $C$DW$348, DW_AT_decl_file("/home/jose/ti/c2000/C2000Ware_26_01_00_00/driverlib/f2837xd/drive
    4559                      .dwattr $C$DW$348, DW_AT_decl_line(0x113)
    4560                      .dwattr $C$DW$348, DW_AT_decl_column(0x05)
    4561              
    4562              $C$DW$349       .dwtag  DW_TAG_enumerator
    4563                      .dwattr $C$DW$349, DW_AT_name("EPWM_COUNTER_COMPARE_D")
    4564                      .dwattr $C$DW$349, DW_AT_const_value(0x07)
    4565                      .dwattr $C$DW$349, DW_AT_decl_file("/home/jose/ti/c2000/C2000Ware_26_01_00_00/driverlib/f2837xd/drive
    4566                      .dwattr $C$DW$349, DW_AT_decl_line(0x114)
    4567                      .dwattr $C$DW$349, DW_AT_decl_column(0x05)
    4568              
    4569                      .dwattr $C$DW$T$55, DW_AT_decl_file("/home/jose/ti/c2000/C2000Ware_26_01_00_00/driverlib/f2837xd/driv
    4570                      .dwattr $C$DW$T$55, DW_AT_decl_line(0x110)
    4571                      .dwattr $C$DW$T$55, DW_AT_decl_column(0x01)
    4572                      .dwendtag $C$DW$T$55
TMS320C2000 Assembler Unix v25.11.0 Sat May 30 20:15:25 2026

Copyright (c) 1996-2018 Texas Instruments Incorporated
board.asm                                                            PAGE   96

    4573              
    4574                      .dwendtag $C$DW$TU$55
    4575              
    4576              
    4577              $C$DW$TU$56     .dwtag  DW_TAG_type_unit
    4578                      .dwmtype  $C$DW$T$56
    4579              $C$DW$T$56      .dwtag  DW_TAG_typedef
    4580                      .dwattr $C$DW$T$56, DW_AT_name("EPWM_CounterCompareModule")
    4581                      .dwattr $C$DW$T$56, DW_AT_type(*$C$DW$T$55)
    4582                      .dwattr $C$DW$T$56, DW_AT_decl_file("/home/jose/ti/c2000/C2000Ware_26_01_00_00/driverlib/f2837xd/driv
    4583                      .dwattr $C$DW$T$56, DW_AT_decl_line(0x115)
    4584                      .dwattr $C$DW$T$56, DW_AT_decl_column(0x03)
    4585              
    4586                      .dwendtag $C$DW$TU$56
    4587              
    4588              
    4589              $C$DW$TU$57     .dwtag  DW_TAG_type_unit
    4590                      .dwmtype  $C$DW$T$57
    4591              
    4592              $C$DW$T$57      .dwtag  DW_TAG_enumeration_type
    4593                      .dwattr $C$DW$T$57, DW_AT_byte_size(0x01)
    4594              $C$DW$350       .dwtag  DW_TAG_enumerator
    4595                      .dwattr $C$DW$350, DW_AT_name("EPWM_COMP_LOAD_ON_CNTR_ZERO")
    4596                      .dwattr $C$DW$350, DW_AT_const_value(0x00)
    4597                      .dwattr $C$DW$350, DW_AT_decl_file("/home/jose/ti/c2000/C2000Ware_26_01_00_00/driverlib/f2837xd/drive
    4598                      .dwattr $C$DW$350, DW_AT_decl_line(0x120)
    4599                      .dwattr $C$DW$350, DW_AT_decl_column(0x05)
    4600              
    4601              $C$DW$351       .dwtag  DW_TAG_enumerator
    4602                      .dwattr $C$DW$351, DW_AT_name("EPWM_COMP_LOAD_ON_CNTR_PERIOD")
    4603                      .dwattr $C$DW$351, DW_AT_const_value(0x01)
    4604                      .dwattr $C$DW$351, DW_AT_decl_file("/home/jose/ti/c2000/C2000Ware_26_01_00_00/driverlib/f2837xd/drive
    4605                      .dwattr $C$DW$351, DW_AT_decl_line(0x122)
    4606                      .dwattr $C$DW$351, DW_AT_decl_column(0x05)
    4607              
    4608              $C$DW$352       .dwtag  DW_TAG_enumerator
    4609                      .dwattr $C$DW$352, DW_AT_name("EPWM_COMP_LOAD_ON_CNTR_ZERO_PERIOD")
    4610                      .dwattr $C$DW$352, DW_AT_const_value(0x02)
    4611                      .dwattr $C$DW$352, DW_AT_decl_file("/home/jose/ti/c2000/C2000Ware_26_01_00_00/driverlib/f2837xd/drive
    4612                      .dwattr $C$DW$352, DW_AT_decl_line(0x124)
    4613                      .dwattr $C$DW$352, DW_AT_decl_column(0x05)
    4614              
    4615              $C$DW$353       .dwtag  DW_TAG_enumerator
    4616                      .dwattr $C$DW$353, DW_AT_name("EPWM_COMP_LOAD_FREEZE")
    4617                      .dwattr $C$DW$353, DW_AT_const_value(0x03)
    4618                      .dwattr $C$DW$353, DW_AT_decl_file("/home/jose/ti/c2000/C2000Ware_26_01_00_00/driverlib/f2837xd/drive
    4619                      .dwattr $C$DW$353, DW_AT_decl_line(0x126)
    4620                      .dwattr $C$DW$353, DW_AT_decl_column(0x05)
    4621              
    4622              $C$DW$354       .dwtag  DW_TAG_enumerator
    4623                      .dwattr $C$DW$354, DW_AT_name("EPWM_COMP_LOAD_ON_SYNC_CNTR_ZERO")
    4624                      .dwattr $C$DW$354, DW_AT_const_value(0x04)
    4625                      .dwattr $C$DW$354, DW_AT_decl_file("/home/jose/ti/c2000/C2000Ware_26_01_00_00/driverlib/f2837xd/drive
    4626                      .dwattr $C$DW$354, DW_AT_decl_line(0x128)
    4627                      .dwattr $C$DW$354, DW_AT_decl_column(0x05)
TMS320C2000 Assembler Unix v25.11.0 Sat May 30 20:15:25 2026

Copyright (c) 1996-2018 Texas Instruments Incorporated
board.asm                                                            PAGE   97

    4628              
    4629              $C$DW$355       .dwtag  DW_TAG_enumerator
    4630                      .dwattr $C$DW$355, DW_AT_name("EPWM_COMP_LOAD_ON_SYNC_CNTR_PERIOD")
    4631                      .dwattr $C$DW$355, DW_AT_const_value(0x05)
    4632                      .dwattr $C$DW$355, DW_AT_decl_file("/home/jose/ti/c2000/C2000Ware_26_01_00_00/driverlib/f2837xd/drive
    4633                      .dwattr $C$DW$355, DW_AT_decl_line(0x12a)
    4634                      .dwattr $C$DW$355, DW_AT_decl_column(0x05)
    4635              
    4636              $C$DW$356       .dwtag  DW_TAG_enumerator
    4637                      .dwattr $C$DW$356, DW_AT_name("EPWM_COMP_LOAD_ON_SYNC_CNTR_ZERO_PERIOD")
    4638                      .dwattr $C$DW$356, DW_AT_const_value(0x06)
    4639                      .dwattr $C$DW$356, DW_AT_decl_file("/home/jose/ti/c2000/C2000Ware_26_01_00_00/driverlib/f2837xd/drive
    4640                      .dwattr $C$DW$356, DW_AT_decl_line(0x12c)
    4641                      .dwattr $C$DW$356, DW_AT_decl_column(0x05)
    4642              
    4643              $C$DW$357       .dwtag  DW_TAG_enumerator
    4644                      .dwattr $C$DW$357, DW_AT_name("EPWM_COMP_LOAD_ON_SYNC_ONLY")
    4645                      .dwattr $C$DW$357, DW_AT_const_value(0x08)
    4646                      .dwattr $C$DW$357, DW_AT_decl_file("/home/jose/ti/c2000/C2000Ware_26_01_00_00/driverlib/f2837xd/drive
    4647                      .dwattr $C$DW$357, DW_AT_decl_line(0x12e)
    4648                      .dwattr $C$DW$357, DW_AT_decl_column(0x05)
    4649              
    4650                      .dwattr $C$DW$T$57, DW_AT_decl_file("/home/jose/ti/c2000/C2000Ware_26_01_00_00/driverlib/f2837xd/driv
    4651                      .dwattr $C$DW$T$57, DW_AT_decl_line(0x11e)
    4652                      .dwattr $C$DW$T$57, DW_AT_decl_column(0x01)
    4653                      .dwendtag $C$DW$T$57
    4654              
    4655                      .dwendtag $C$DW$TU$57
    4656              
    4657              
    4658              $C$DW$TU$58     .dwtag  DW_TAG_type_unit
    4659                      .dwmtype  $C$DW$T$58
    4660              $C$DW$T$58      .dwtag  DW_TAG_typedef
    4661                      .dwattr $C$DW$T$58, DW_AT_name("EPWM_CounterCompareLoadMode")
    4662                      .dwattr $C$DW$T$58, DW_AT_type(*$C$DW$T$57)
    4663                      .dwattr $C$DW$T$58, DW_AT_decl_file("/home/jose/ti/c2000/C2000Ware_26_01_00_00/driverlib/f2837xd/driv
    4664                      .dwattr $C$DW$T$58, DW_AT_decl_line(0x12f)
    4665                      .dwattr $C$DW$T$58, DW_AT_decl_column(0x03)
    4666              
    4667                      .dwendtag $C$DW$TU$58
    4668              
    4669              
    4670              $C$DW$TU$59     .dwtag  DW_TAG_type_unit
    4671                      .dwmtype  $C$DW$T$59
    4672              
    4673              $C$DW$T$59      .dwtag  DW_TAG_enumeration_type
    4674                      .dwattr $C$DW$T$59, DW_AT_byte_size(0x01)
    4675              $C$DW$358       .dwtag  DW_TAG_enumerator
    4676                      .dwattr $C$DW$358, DW_AT_name("EPWM_ACTION_QUALIFIER_A")
    4677                      .dwattr $C$DW$358, DW_AT_const_value(0x00)
    4678                      .dwattr $C$DW$358, DW_AT_decl_file("/home/jose/ti/c2000/C2000Ware_26_01_00_00/driverlib/f2837xd/drive
    4679                      .dwattr $C$DW$358, DW_AT_decl_line(0x13c)
    4680                      .dwattr $C$DW$358, DW_AT_decl_column(0x05)
    4681              
    4682              $C$DW$359       .dwtag  DW_TAG_enumerator
TMS320C2000 Assembler Unix v25.11.0 Sat May 30 20:15:25 2026

Copyright (c) 1996-2018 Texas Instruments Incorporated
board.asm                                                            PAGE   98

    4683                      .dwattr $C$DW$359, DW_AT_name("EPWM_ACTION_QUALIFIER_B")
    4684                      .dwattr $C$DW$359, DW_AT_const_value(0x02)
    4685                      .dwattr $C$DW$359, DW_AT_decl_file("/home/jose/ti/c2000/C2000Ware_26_01_00_00/driverlib/f2837xd/drive
    4686                      .dwattr $C$DW$359, DW_AT_decl_line(0x13d)
    4687                      .dwattr $C$DW$359, DW_AT_decl_column(0x05)
    4688              
    4689                      .dwattr $C$DW$T$59, DW_AT_decl_file("/home/jose/ti/c2000/C2000Ware_26_01_00_00/driverlib/f2837xd/driv
    4690                      .dwattr $C$DW$T$59, DW_AT_decl_line(0x13b)
    4691                      .dwattr $C$DW$T$59, DW_AT_decl_column(0x01)
    4692                      .dwendtag $C$DW$T$59
    4693              
    4694                      .dwendtag $C$DW$TU$59
    4695              
    4696              
    4697              $C$DW$TU$60     .dwtag  DW_TAG_type_unit
    4698                      .dwmtype  $C$DW$T$60
    4699              $C$DW$T$60      .dwtag  DW_TAG_typedef
    4700                      .dwattr $C$DW$T$60, DW_AT_name("EPWM_ActionQualifierModule")
    4701                      .dwattr $C$DW$T$60, DW_AT_type(*$C$DW$T$59)
    4702                      .dwattr $C$DW$T$60, DW_AT_decl_file("/home/jose/ti/c2000/C2000Ware_26_01_00_00/driverlib/f2837xd/driv
    4703                      .dwattr $C$DW$T$60, DW_AT_decl_line(0x13e)
    4704                      .dwattr $C$DW$T$60, DW_AT_decl_column(0x03)
    4705              
    4706                      .dwendtag $C$DW$TU$60
    4707              
    4708              
    4709              $C$DW$TU$61     .dwtag  DW_TAG_type_unit
    4710                      .dwmtype  $C$DW$T$61
    4711              
    4712              $C$DW$T$61      .dwtag  DW_TAG_enumeration_type
    4713                      .dwattr $C$DW$T$61, DW_AT_byte_size(0x01)
    4714              $C$DW$360       .dwtag  DW_TAG_enumerator
    4715                      .dwattr $C$DW$360, DW_AT_name("EPWM_AQ_OUTPUT_A")
    4716                      .dwattr $C$DW$360, DW_AT_const_value(0x00)
    4717                      .dwattr $C$DW$360, DW_AT_decl_file("/home/jose/ti/c2000/C2000Ware_26_01_00_00/driverlib/f2837xd/drive
    4718                      .dwattr $C$DW$360, DW_AT_decl_line(0x213)
    4719                      .dwattr $C$DW$360, DW_AT_decl_column(0x05)
    4720              
    4721              $C$DW$361       .dwtag  DW_TAG_enumerator
    4722                      .dwattr $C$DW$361, DW_AT_name("EPWM_AQ_OUTPUT_B")
    4723                      .dwattr $C$DW$361, DW_AT_const_value(0x02)
    4724                      .dwattr $C$DW$361, DW_AT_decl_file("/home/jose/ti/c2000/C2000Ware_26_01_00_00/driverlib/f2837xd/drive
    4725                      .dwattr $C$DW$361, DW_AT_decl_line(0x214)
    4726                      .dwattr $C$DW$361, DW_AT_decl_column(0x05)
    4727              
    4728                      .dwattr $C$DW$T$61, DW_AT_decl_file("/home/jose/ti/c2000/C2000Ware_26_01_00_00/driverlib/f2837xd/driv
    4729                      .dwattr $C$DW$T$61, DW_AT_decl_line(0x212)
    4730                      .dwattr $C$DW$T$61, DW_AT_decl_column(0x01)
    4731                      .dwendtag $C$DW$T$61
    4732              
    4733                      .dwendtag $C$DW$TU$61
    4734              
    4735              
    4736              $C$DW$TU$62     .dwtag  DW_TAG_type_unit
    4737                      .dwmtype  $C$DW$T$62
TMS320C2000 Assembler Unix v25.11.0 Sat May 30 20:15:25 2026

Copyright (c) 1996-2018 Texas Instruments Incorporated
board.asm                                                            PAGE   99

    4738              $C$DW$T$62      .dwtag  DW_TAG_typedef
    4739                      .dwattr $C$DW$T$62, DW_AT_name("EPWM_ActionQualifierOutputModule")
    4740                      .dwattr $C$DW$T$62, DW_AT_type(*$C$DW$T$61)
    4741                      .dwattr $C$DW$T$62, DW_AT_decl_file("/home/jose/ti/c2000/C2000Ware_26_01_00_00/driverlib/f2837xd/driv
    4742                      .dwattr $C$DW$T$62, DW_AT_decl_line(0x215)
    4743                      .dwattr $C$DW$T$62, DW_AT_decl_column(0x03)
    4744              
    4745                      .dwendtag $C$DW$TU$62
    4746              
    4747              
    4748              $C$DW$TU$63     .dwtag  DW_TAG_type_unit
    4749                      .dwmtype  $C$DW$T$63
    4750              
    4751              $C$DW$T$63      .dwtag  DW_TAG_enumeration_type
    4752                      .dwattr $C$DW$T$63, DW_AT_byte_size(0x01)
    4753              $C$DW$362       .dwtag  DW_TAG_enumerator
    4754                      .dwattr $C$DW$362, DW_AT_name("EPWM_AQ_OUTPUT_NO_CHANGE")
    4755                      .dwattr $C$DW$362, DW_AT_const_value(0x00)
    4756                      .dwattr $C$DW$362, DW_AT_decl_file("/home/jose/ti/c2000/C2000Ware_26_01_00_00/driverlib/f2837xd/drive
    4757                      .dwattr $C$DW$362, DW_AT_decl_line(0x192)
    4758                      .dwattr $C$DW$362, DW_AT_decl_column(0x05)
    4759              
    4760              $C$DW$363       .dwtag  DW_TAG_enumerator
    4761                      .dwattr $C$DW$363, DW_AT_name("EPWM_AQ_OUTPUT_LOW")
    4762                      .dwattr $C$DW$363, DW_AT_const_value(0x01)
    4763                      .dwattr $C$DW$363, DW_AT_decl_file("/home/jose/ti/c2000/C2000Ware_26_01_00_00/driverlib/f2837xd/drive
    4764                      .dwattr $C$DW$363, DW_AT_decl_line(0x193)
    4765                      .dwattr $C$DW$363, DW_AT_decl_column(0x05)
    4766              
    4767              $C$DW$364       .dwtag  DW_TAG_enumerator
    4768                      .dwattr $C$DW$364, DW_AT_name("EPWM_AQ_OUTPUT_HIGH")
    4769                      .dwattr $C$DW$364, DW_AT_const_value(0x02)
    4770                      .dwattr $C$DW$364, DW_AT_decl_file("/home/jose/ti/c2000/C2000Ware_26_01_00_00/driverlib/f2837xd/drive
    4771                      .dwattr $C$DW$364, DW_AT_decl_line(0x194)
    4772                      .dwattr $C$DW$364, DW_AT_decl_column(0x05)
    4773              
    4774              $C$DW$365       .dwtag  DW_TAG_enumerator
    4775                      .dwattr $C$DW$365, DW_AT_name("EPWM_AQ_OUTPUT_TOGGLE")
    4776                      .dwattr $C$DW$365, DW_AT_const_value(0x03)
    4777                      .dwattr $C$DW$365, DW_AT_decl_file("/home/jose/ti/c2000/C2000Ware_26_01_00_00/driverlib/f2837xd/drive
    4778                      .dwattr $C$DW$365, DW_AT_decl_line(0x195)
    4779                      .dwattr $C$DW$365, DW_AT_decl_column(0x05)
    4780              
    4781                      .dwattr $C$DW$T$63, DW_AT_decl_file("/home/jose/ti/c2000/C2000Ware_26_01_00_00/driverlib/f2837xd/driv
    4782                      .dwattr $C$DW$T$63, DW_AT_decl_line(0x191)
    4783                      .dwattr $C$DW$T$63, DW_AT_decl_column(0x01)
    4784                      .dwendtag $C$DW$T$63
    4785              
    4786                      .dwendtag $C$DW$TU$63
    4787              
    4788              
    4789              $C$DW$TU$64     .dwtag  DW_TAG_type_unit
    4790                      .dwmtype  $C$DW$T$64
    4791              $C$DW$T$64      .dwtag  DW_TAG_typedef
    4792                      .dwattr $C$DW$T$64, DW_AT_name("EPWM_ActionQualifierOutput")
TMS320C2000 Assembler Unix v25.11.0 Sat May 30 20:15:25 2026

Copyright (c) 1996-2018 Texas Instruments Incorporated
board.asm                                                            PAGE  100

    4793                      .dwattr $C$DW$T$64, DW_AT_type(*$C$DW$T$63)
    4794                      .dwattr $C$DW$T$64, DW_AT_decl_file("/home/jose/ti/c2000/C2000Ware_26_01_00_00/driverlib/f2837xd/driv
    4795                      .dwattr $C$DW$T$64, DW_AT_decl_line(0x196)
    4796                      .dwattr $C$DW$T$64, DW_AT_decl_column(0x03)
    4797              
    4798                      .dwendtag $C$DW$TU$64
    4799              
    4800              
    4801              $C$DW$TU$65     .dwtag  DW_TAG_type_unit
    4802                      .dwmtype  $C$DW$T$65
    4803              
    4804              $C$DW$T$65      .dwtag  DW_TAG_enumeration_type
    4805                      .dwattr $C$DW$T$65, DW_AT_byte_size(0x01)
    4806              $C$DW$366       .dwtag  DW_TAG_enumerator
    4807                      .dwattr $C$DW$366, DW_AT_name("EPWM_AQ_OUTPUT_ON_TIMEBASE_ZERO")
    4808                      .dwattr $C$DW$366, DW_AT_const_value(0x00)
    4809                      .dwattr $C$DW$366, DW_AT_decl_file("/home/jose/ti/c2000/C2000Ware_26_01_00_00/driverlib/f2837xd/drive
    4810                      .dwattr $C$DW$366, DW_AT_decl_line(0x175)
    4811                      .dwattr $C$DW$366, DW_AT_decl_column(0x05)
    4812              
    4813              $C$DW$367       .dwtag  DW_TAG_enumerator
    4814                      .dwattr $C$DW$367, DW_AT_name("EPWM_AQ_OUTPUT_ON_TIMEBASE_PERIOD")
    4815                      .dwattr $C$DW$367, DW_AT_const_value(0x02)
    4816                      .dwattr $C$DW$367, DW_AT_decl_file("/home/jose/ti/c2000/C2000Ware_26_01_00_00/driverlib/f2837xd/drive
    4817                      .dwattr $C$DW$367, DW_AT_decl_line(0x177)
    4818                      .dwattr $C$DW$367, DW_AT_decl_column(0x05)
    4819              
    4820              $C$DW$368       .dwtag  DW_TAG_enumerator
    4821                      .dwattr $C$DW$368, DW_AT_name("EPWM_AQ_OUTPUT_ON_TIMEBASE_UP_CMPA")
    4822                      .dwattr $C$DW$368, DW_AT_const_value(0x04)
    4823                      .dwattr $C$DW$368, DW_AT_decl_file("/home/jose/ti/c2000/C2000Ware_26_01_00_00/driverlib/f2837xd/drive
    4824                      .dwattr $C$DW$368, DW_AT_decl_line(0x179)
    4825                      .dwattr $C$DW$368, DW_AT_decl_column(0x05)
    4826              
    4827              $C$DW$369       .dwtag  DW_TAG_enumerator
    4828                      .dwattr $C$DW$369, DW_AT_name("EPWM_AQ_OUTPUT_ON_TIMEBASE_DOWN_CMPA")
    4829                      .dwattr $C$DW$369, DW_AT_const_value(0x06)
    4830                      .dwattr $C$DW$369, DW_AT_decl_file("/home/jose/ti/c2000/C2000Ware_26_01_00_00/driverlib/f2837xd/drive
    4831                      .dwattr $C$DW$369, DW_AT_decl_line(0x17b)
    4832                      .dwattr $C$DW$369, DW_AT_decl_column(0x05)
    4833              
    4834              $C$DW$370       .dwtag  DW_TAG_enumerator
    4835                      .dwattr $C$DW$370, DW_AT_name("EPWM_AQ_OUTPUT_ON_TIMEBASE_UP_CMPB")
    4836                      .dwattr $C$DW$370, DW_AT_const_value(0x08)
    4837                      .dwattr $C$DW$370, DW_AT_decl_file("/home/jose/ti/c2000/C2000Ware_26_01_00_00/driverlib/f2837xd/drive
    4838                      .dwattr $C$DW$370, DW_AT_decl_line(0x17d)
    4839                      .dwattr $C$DW$370, DW_AT_decl_column(0x05)
    4840              
    4841              $C$DW$371       .dwtag  DW_TAG_enumerator
    4842                      .dwattr $C$DW$371, DW_AT_name("EPWM_AQ_OUTPUT_ON_TIMEBASE_DOWN_CMPB")
    4843                      .dwattr $C$DW$371, DW_AT_const_value(0x0a)
    4844                      .dwattr $C$DW$371, DW_AT_decl_file("/home/jose/ti/c2000/C2000Ware_26_01_00_00/driverlib/f2837xd/drive
    4845                      .dwattr $C$DW$371, DW_AT_decl_line(0x17f)
    4846                      .dwattr $C$DW$371, DW_AT_decl_column(0x05)
    4847              
TMS320C2000 Assembler Unix v25.11.0 Sat May 30 20:15:25 2026

Copyright (c) 1996-2018 Texas Instruments Incorporated
board.asm                                                            PAGE  101

    4848              $C$DW$372       .dwtag  DW_TAG_enumerator
    4849                      .dwattr $C$DW$372, DW_AT_name("EPWM_AQ_OUTPUT_ON_T1_COUNT_UP")
    4850                      .dwattr $C$DW$372, DW_AT_const_value(0x01)
    4851                      .dwattr $C$DW$372, DW_AT_decl_file("/home/jose/ti/c2000/C2000Ware_26_01_00_00/driverlib/f2837xd/drive
    4852                      .dwattr $C$DW$372, DW_AT_decl_line(0x181)
    4853                      .dwattr $C$DW$372, DW_AT_decl_column(0x05)
    4854              
    4855              $C$DW$373       .dwtag  DW_TAG_enumerator
    4856                      .dwattr $C$DW$373, DW_AT_name("EPWM_AQ_OUTPUT_ON_T1_COUNT_DOWN")
    4857                      .dwattr $C$DW$373, DW_AT_const_value(0x03)
    4858                      .dwattr $C$DW$373, DW_AT_decl_file("/home/jose/ti/c2000/C2000Ware_26_01_00_00/driverlib/f2837xd/drive
    4859                      .dwattr $C$DW$373, DW_AT_decl_line(0x183)
    4860                      .dwattr $C$DW$373, DW_AT_decl_column(0x05)
    4861              
    4862              $C$DW$374       .dwtag  DW_TAG_enumerator
    4863                      .dwattr $C$DW$374, DW_AT_name("EPWM_AQ_OUTPUT_ON_T2_COUNT_UP")
    4864                      .dwattr $C$DW$374, DW_AT_const_value(0x05)
    4865                      .dwattr $C$DW$374, DW_AT_decl_file("/home/jose/ti/c2000/C2000Ware_26_01_00_00/driverlib/f2837xd/drive
    4866                      .dwattr $C$DW$374, DW_AT_decl_line(0x185)
    4867                      .dwattr $C$DW$374, DW_AT_decl_column(0x05)
    4868              
    4869              $C$DW$375       .dwtag  DW_TAG_enumerator
    4870                      .dwattr $C$DW$375, DW_AT_name("EPWM_AQ_OUTPUT_ON_T2_COUNT_DOWN")
    4871                      .dwattr $C$DW$375, DW_AT_const_value(0x07)
    4872                      .dwattr $C$DW$375, DW_AT_decl_file("/home/jose/ti/c2000/C2000Ware_26_01_00_00/driverlib/f2837xd/drive
    4873                      .dwattr $C$DW$375, DW_AT_decl_line(0x187)
    4874                      .dwattr $C$DW$375, DW_AT_decl_column(0x05)
    4875              
    4876                      .dwattr $C$DW$T$65, DW_AT_decl_file("/home/jose/ti/c2000/C2000Ware_26_01_00_00/driverlib/f2837xd/driv
    4877                      .dwattr $C$DW$T$65, DW_AT_decl_line(0x173)
    4878                      .dwattr $C$DW$T$65, DW_AT_decl_column(0x01)
    4879                      .dwendtag $C$DW$T$65
    4880              
    4881                      .dwendtag $C$DW$TU$65
    4882              
    4883              
    4884              $C$DW$TU$66     .dwtag  DW_TAG_type_unit
    4885                      .dwmtype  $C$DW$T$66
    4886              $C$DW$T$66      .dwtag  DW_TAG_typedef
    4887                      .dwattr $C$DW$T$66, DW_AT_name("EPWM_ActionQualifierOutputEvent")
    4888                      .dwattr $C$DW$T$66, DW_AT_type(*$C$DW$T$65)
    4889                      .dwattr $C$DW$T$66, DW_AT_decl_file("/home/jose/ti/c2000/C2000Ware_26_01_00_00/driverlib/f2837xd/driv
    4890                      .dwattr $C$DW$T$66, DW_AT_decl_line(0x188)
    4891                      .dwattr $C$DW$T$66, DW_AT_decl_column(0x03)
    4892              
    4893                      .dwendtag $C$DW$TU$66
    4894              
    4895              
    4896              $C$DW$TU$67     .dwtag  DW_TAG_type_unit
    4897                      .dwmtype  $C$DW$T$67
    4898              
    4899              $C$DW$T$67      .dwtag  DW_TAG_enumeration_type
    4900                      .dwattr $C$DW$T$67, DW_AT_byte_size(0x01)
    4901              $C$DW$376       .dwtag  DW_TAG_enumerator
    4902                      .dwattr $C$DW$376, DW_AT_name("EPWM_DB_RED")
TMS320C2000 Assembler Unix v25.11.0 Sat May 30 20:15:25 2026

Copyright (c) 1996-2018 Texas Instruments Incorporated
board.asm                                                            PAGE  102

    4903                      .dwattr $C$DW$376, DW_AT_const_value(0x01)
    4904                      .dwattr $C$DW$376, DW_AT_decl_file("/home/jose/ti/c2000/C2000Ware_26_01_00_00/driverlib/f2837xd/drive
    4905                      .dwattr $C$DW$376, DW_AT_decl_line(0x23d)
    4906                      .dwattr $C$DW$376, DW_AT_decl_column(0x05)
    4907              
    4908              $C$DW$377       .dwtag  DW_TAG_enumerator
    4909                      .dwattr $C$DW$377, DW_AT_name("EPWM_DB_FED")
    4910                      .dwattr $C$DW$377, DW_AT_const_value(0x00)
    4911                      .dwattr $C$DW$377, DW_AT_decl_file("/home/jose/ti/c2000/C2000Ware_26_01_00_00/driverlib/f2837xd/drive
    4912                      .dwattr $C$DW$377, DW_AT_decl_line(0x23e)
    4913                      .dwattr $C$DW$377, DW_AT_decl_column(0x05)
    4914              
    4915                      .dwattr $C$DW$T$67, DW_AT_decl_file("/home/jose/ti/c2000/C2000Ware_26_01_00_00/driverlib/f2837xd/driv
    4916                      .dwattr $C$DW$T$67, DW_AT_decl_line(0x23c)
    4917                      .dwattr $C$DW$T$67, DW_AT_decl_column(0x01)
    4918                      .dwendtag $C$DW$T$67
    4919              
    4920                      .dwendtag $C$DW$TU$67
    4921              
    4922              
    4923              $C$DW$TU$68     .dwtag  DW_TAG_type_unit
    4924                      .dwmtype  $C$DW$T$68
    4925              $C$DW$T$68      .dwtag  DW_TAG_typedef
    4926                      .dwattr $C$DW$T$68, DW_AT_name("EPWM_DeadBandDelayMode")
    4927                      .dwattr $C$DW$T$68, DW_AT_type(*$C$DW$T$67)
    4928                      .dwattr $C$DW$T$68, DW_AT_decl_file("/home/jose/ti/c2000/C2000Ware_26_01_00_00/driverlib/f2837xd/driv
    4929                      .dwattr $C$DW$T$68, DW_AT_decl_line(0x23f)
    4930                      .dwattr $C$DW$T$68, DW_AT_decl_column(0x03)
    4931              
    4932                      .dwendtag $C$DW$TU$68
    4933              
    4934              
    4935              $C$DW$TU$69     .dwtag  DW_TAG_type_unit
    4936                      .dwmtype  $C$DW$T$69
    4937              
    4938              $C$DW$T$69      .dwtag  DW_TAG_enumeration_type
    4939                      .dwattr $C$DW$T$69, DW_AT_byte_size(0x01)
    4940              $C$DW$378       .dwtag  DW_TAG_enumerator
    4941                      .dwattr $C$DW$378, DW_AT_name("EPWM_DB_POLARITY_ACTIVE_HIGH")
    4942                      .dwattr $C$DW$378, DW_AT_const_value(0x00)
    4943                      .dwattr $C$DW$378, DW_AT_decl_file("/home/jose/ti/c2000/C2000Ware_26_01_00_00/driverlib/f2837xd/drive
    4944                      .dwattr $C$DW$378, DW_AT_decl_line(0x249)
    4945                      .dwattr $C$DW$378, DW_AT_decl_column(0x05)
    4946              
    4947              $C$DW$379       .dwtag  DW_TAG_enumerator
    4948                      .dwattr $C$DW$379, DW_AT_name("EPWM_DB_POLARITY_ACTIVE_LOW")
    4949                      .dwattr $C$DW$379, DW_AT_const_value(0x01)
    4950                      .dwattr $C$DW$379, DW_AT_decl_file("/home/jose/ti/c2000/C2000Ware_26_01_00_00/driverlib/f2837xd/drive
    4951                      .dwattr $C$DW$379, DW_AT_decl_line(0x24a)
    4952                      .dwattr $C$DW$379, DW_AT_decl_column(0x05)
    4953              
    4954                      .dwattr $C$DW$T$69, DW_AT_decl_file("/home/jose/ti/c2000/C2000Ware_26_01_00_00/driverlib/f2837xd/driv
    4955                      .dwattr $C$DW$T$69, DW_AT_decl_line(0x248)
    4956                      .dwattr $C$DW$T$69, DW_AT_decl_column(0x01)
    4957                      .dwendtag $C$DW$T$69
TMS320C2000 Assembler Unix v25.11.0 Sat May 30 20:15:25 2026

Copyright (c) 1996-2018 Texas Instruments Incorporated
board.asm                                                            PAGE  103

    4958              
    4959                      .dwendtag $C$DW$TU$69
    4960              
    4961              
    4962              $C$DW$TU$70     .dwtag  DW_TAG_type_unit
    4963                      .dwmtype  $C$DW$T$70
    4964              $C$DW$T$70      .dwtag  DW_TAG_typedef
    4965                      .dwattr $C$DW$T$70, DW_AT_name("EPWM_DeadBandPolarity")
    4966                      .dwattr $C$DW$T$70, DW_AT_type(*$C$DW$T$69)
    4967                      .dwattr $C$DW$T$70, DW_AT_decl_file("/home/jose/ti/c2000/C2000Ware_26_01_00_00/driverlib/f2837xd/driv
    4968                      .dwattr $C$DW$T$70, DW_AT_decl_line(0x24b)
    4969                      .dwattr $C$DW$T$70, DW_AT_decl_column(0x03)
    4970              
    4971                      .dwendtag $C$DW$TU$70
    4972              
    4973              
    4974              $C$DW$TU$71     .dwtag  DW_TAG_type_unit
    4975                      .dwmtype  $C$DW$T$71
    4976              
    4977              $C$DW$T$71      .dwtag  DW_TAG_enumeration_type
    4978                      .dwattr $C$DW$T$71, DW_AT_byte_size(0x01)
    4979              $C$DW$380       .dwtag  DW_TAG_enumerator
    4980                      .dwattr $C$DW$380, DW_AT_name("EPWM_DB_LOAD_ON_CNTR_ZERO")
    4981                      .dwattr $C$DW$380, DW_AT_const_value(0x00)
    4982                      .dwattr $C$DW$380, DW_AT_decl_file("/home/jose/ti/c2000/C2000Ware_26_01_00_00/driverlib/f2837xd/drive
    4983                      .dwattr $C$DW$380, DW_AT_decl_line(0x266)
    4984                      .dwattr $C$DW$380, DW_AT_decl_column(0x05)
    4985              
    4986              $C$DW$381       .dwtag  DW_TAG_enumerator
    4987                      .dwattr $C$DW$381, DW_AT_name("EPWM_DB_LOAD_ON_CNTR_PERIOD")
    4988                      .dwattr $C$DW$381, DW_AT_const_value(0x01)
    4989                      .dwattr $C$DW$381, DW_AT_decl_file("/home/jose/ti/c2000/C2000Ware_26_01_00_00/driverlib/f2837xd/drive
    4990                      .dwattr $C$DW$381, DW_AT_decl_line(0x268)
    4991                      .dwattr $C$DW$381, DW_AT_decl_column(0x05)
    4992              
    4993              $C$DW$382       .dwtag  DW_TAG_enumerator
    4994                      .dwattr $C$DW$382, DW_AT_name("EPWM_DB_LOAD_ON_CNTR_ZERO_PERIOD")
    4995                      .dwattr $C$DW$382, DW_AT_const_value(0x02)
    4996                      .dwattr $C$DW$382, DW_AT_decl_file("/home/jose/ti/c2000/C2000Ware_26_01_00_00/driverlib/f2837xd/drive
    4997                      .dwattr $C$DW$382, DW_AT_decl_line(0x26a)
    4998                      .dwattr $C$DW$382, DW_AT_decl_column(0x05)
    4999              
    5000              $C$DW$383       .dwtag  DW_TAG_enumerator
    5001                      .dwattr $C$DW$383, DW_AT_name("EPWM_DB_LOAD_FREEZE")
    5002                      .dwattr $C$DW$383, DW_AT_const_value(0x03)
    5003                      .dwattr $C$DW$383, DW_AT_decl_file("/home/jose/ti/c2000/C2000Ware_26_01_00_00/driverlib/f2837xd/drive
    5004                      .dwattr $C$DW$383, DW_AT_decl_line(0x26c)
    5005                      .dwattr $C$DW$383, DW_AT_decl_column(0x05)
    5006              
    5007                      .dwattr $C$DW$T$71, DW_AT_decl_file("/home/jose/ti/c2000/C2000Ware_26_01_00_00/driverlib/f2837xd/driv
    5008                      .dwattr $C$DW$T$71, DW_AT_decl_line(0x264)
    5009                      .dwattr $C$DW$T$71, DW_AT_decl_column(0x01)
    5010                      .dwendtag $C$DW$T$71
    5011              
    5012                      .dwendtag $C$DW$TU$71
TMS320C2000 Assembler Unix v25.11.0 Sat May 30 20:15:25 2026

Copyright (c) 1996-2018 Texas Instruments Incorporated
board.asm                                                            PAGE  104

    5013              
    5014              
    5015              $C$DW$TU$72     .dwtag  DW_TAG_type_unit
    5016                      .dwmtype  $C$DW$T$72
    5017              $C$DW$T$72      .dwtag  DW_TAG_typedef
    5018                      .dwattr $C$DW$T$72, DW_AT_name("EPWM_DeadBandControlLoadMode")
    5019                      .dwattr $C$DW$T$72, DW_AT_type(*$C$DW$T$71)
    5020                      .dwattr $C$DW$T$72, DW_AT_decl_file("/home/jose/ti/c2000/C2000Ware_26_01_00_00/driverlib/f2837xd/driv
    5021                      .dwattr $C$DW$T$72, DW_AT_decl_line(0x26d)
    5022                      .dwattr $C$DW$T$72, DW_AT_decl_column(0x03)
    5023              
    5024                      .dwendtag $C$DW$TU$72
    5025              
    5026              
    5027              $C$DW$TU$73     .dwtag  DW_TAG_type_unit
    5028                      .dwmtype  $C$DW$T$73
    5029              
    5030              $C$DW$T$73      .dwtag  DW_TAG_enumeration_type
    5031                      .dwattr $C$DW$T$73, DW_AT_byte_size(0x01)
    5032              $C$DW$384       .dwtag  DW_TAG_enumerator
    5033                      .dwattr $C$DW$384, DW_AT_name("EPWM_RED_LOAD_ON_CNTR_ZERO")
    5034                      .dwattr $C$DW$384, DW_AT_const_value(0x00)
    5035                      .dwattr $C$DW$384, DW_AT_decl_file("/home/jose/ti/c2000/C2000Ware_26_01_00_00/driverlib/f2837xd/drive
    5036                      .dwattr $C$DW$384, DW_AT_decl_line(0x278)
    5037                      .dwattr $C$DW$384, DW_AT_decl_column(0x05)
    5038              
    5039              $C$DW$385       .dwtag  DW_TAG_enumerator
    5040                      .dwattr $C$DW$385, DW_AT_name("EPWM_RED_LOAD_ON_CNTR_PERIOD")
    5041                      .dwattr $C$DW$385, DW_AT_const_value(0x01)
    5042                      .dwattr $C$DW$385, DW_AT_decl_file("/home/jose/ti/c2000/C2000Ware_26_01_00_00/driverlib/f2837xd/drive
    5043                      .dwattr $C$DW$385, DW_AT_decl_line(0x27a)
    5044                      .dwattr $C$DW$385, DW_AT_decl_column(0x05)
    5045              
    5046              $C$DW$386       .dwtag  DW_TAG_enumerator
    5047                      .dwattr $C$DW$386, DW_AT_name("EPWM_RED_LOAD_ON_CNTR_ZERO_PERIOD")
    5048                      .dwattr $C$DW$386, DW_AT_const_value(0x02)
    5049                      .dwattr $C$DW$386, DW_AT_decl_file("/home/jose/ti/c2000/C2000Ware_26_01_00_00/driverlib/f2837xd/drive
    5050                      .dwattr $C$DW$386, DW_AT_decl_line(0x27c)
    5051                      .dwattr $C$DW$386, DW_AT_decl_column(0x05)
    5052              
    5053              $C$DW$387       .dwtag  DW_TAG_enumerator
    5054                      .dwattr $C$DW$387, DW_AT_name("EPWM_RED_LOAD_FREEZE")
    5055                      .dwattr $C$DW$387, DW_AT_const_value(0x03)
    5056                      .dwattr $C$DW$387, DW_AT_decl_file("/home/jose/ti/c2000/C2000Ware_26_01_00_00/driverlib/f2837xd/drive
    5057                      .dwattr $C$DW$387, DW_AT_decl_line(0x27e)
    5058                      .dwattr $C$DW$387, DW_AT_decl_column(0x05)
    5059              
    5060                      .dwattr $C$DW$T$73, DW_AT_decl_file("/home/jose/ti/c2000/C2000Ware_26_01_00_00/driverlib/f2837xd/driv
    5061                      .dwattr $C$DW$T$73, DW_AT_decl_line(0x276)
    5062                      .dwattr $C$DW$T$73, DW_AT_decl_column(0x01)
    5063                      .dwendtag $C$DW$T$73
    5064              
    5065                      .dwendtag $C$DW$TU$73
    5066              
    5067              
TMS320C2000 Assembler Unix v25.11.0 Sat May 30 20:15:25 2026

Copyright (c) 1996-2018 Texas Instruments Incorporated
board.asm                                                            PAGE  105

    5068              $C$DW$TU$74     .dwtag  DW_TAG_type_unit
    5069                      .dwmtype  $C$DW$T$74
    5070              $C$DW$T$74      .dwtag  DW_TAG_typedef
    5071                      .dwattr $C$DW$T$74, DW_AT_name("EPWM_RisingEdgeDelayLoadMode")
    5072                      .dwattr $C$DW$T$74, DW_AT_type(*$C$DW$T$73)
    5073                      .dwattr $C$DW$T$74, DW_AT_decl_file("/home/jose/ti/c2000/C2000Ware_26_01_00_00/driverlib/f2837xd/driv
    5074                      .dwattr $C$DW$T$74, DW_AT_decl_line(0x27f)
    5075                      .dwattr $C$DW$T$74, DW_AT_decl_column(0x03)
    5076              
    5077                      .dwendtag $C$DW$TU$74
    5078              
    5079              
    5080              $C$DW$TU$75     .dwtag  DW_TAG_type_unit
    5081                      .dwmtype  $C$DW$T$75
    5082              
    5083              $C$DW$T$75      .dwtag  DW_TAG_enumeration_type
    5084                      .dwattr $C$DW$T$75, DW_AT_byte_size(0x01)
    5085              $C$DW$388       .dwtag  DW_TAG_enumerator
    5086                      .dwattr $C$DW$388, DW_AT_name("EPWM_FED_LOAD_ON_CNTR_ZERO")
    5087                      .dwattr $C$DW$388, DW_AT_const_value(0x00)
    5088                      .dwattr $C$DW$388, DW_AT_decl_file("/home/jose/ti/c2000/C2000Ware_26_01_00_00/driverlib/f2837xd/drive
    5089                      .dwattr $C$DW$388, DW_AT_decl_line(0x28a)
    5090                      .dwattr $C$DW$388, DW_AT_decl_column(0x05)
    5091              
    5092              $C$DW$389       .dwtag  DW_TAG_enumerator
    5093                      .dwattr $C$DW$389, DW_AT_name("EPWM_FED_LOAD_ON_CNTR_PERIOD")
    5094                      .dwattr $C$DW$389, DW_AT_const_value(0x01)
    5095                      .dwattr $C$DW$389, DW_AT_decl_file("/home/jose/ti/c2000/C2000Ware_26_01_00_00/driverlib/f2837xd/drive
    5096                      .dwattr $C$DW$389, DW_AT_decl_line(0x28c)
    5097                      .dwattr $C$DW$389, DW_AT_decl_column(0x05)
    5098              
    5099              $C$DW$390       .dwtag  DW_TAG_enumerator
    5100                      .dwattr $C$DW$390, DW_AT_name("EPWM_FED_LOAD_ON_CNTR_ZERO_PERIOD")
    5101                      .dwattr $C$DW$390, DW_AT_const_value(0x02)
    5102                      .dwattr $C$DW$390, DW_AT_decl_file("/home/jose/ti/c2000/C2000Ware_26_01_00_00/driverlib/f2837xd/drive
    5103                      .dwattr $C$DW$390, DW_AT_decl_line(0x28e)
    5104                      .dwattr $C$DW$390, DW_AT_decl_column(0x05)
    5105              
    5106              $C$DW$391       .dwtag  DW_TAG_enumerator
    5107                      .dwattr $C$DW$391, DW_AT_name("EPWM_FED_LOAD_FREEZE")
    5108                      .dwattr $C$DW$391, DW_AT_const_value(0x03)
    5109                      .dwattr $C$DW$391, DW_AT_decl_file("/home/jose/ti/c2000/C2000Ware_26_01_00_00/driverlib/f2837xd/drive
    5110                      .dwattr $C$DW$391, DW_AT_decl_line(0x290)
    5111                      .dwattr $C$DW$391, DW_AT_decl_column(0x05)
    5112              
    5113                      .dwattr $C$DW$T$75, DW_AT_decl_file("/home/jose/ti/c2000/C2000Ware_26_01_00_00/driverlib/f2837xd/driv
    5114                      .dwattr $C$DW$T$75, DW_AT_decl_line(0x288)
    5115                      .dwattr $C$DW$T$75, DW_AT_decl_column(0x01)
    5116                      .dwendtag $C$DW$T$75
    5117              
    5118                      .dwendtag $C$DW$TU$75
    5119              
    5120              
    5121              $C$DW$TU$76     .dwtag  DW_TAG_type_unit
    5122                      .dwmtype  $C$DW$T$76
TMS320C2000 Assembler Unix v25.11.0 Sat May 30 20:15:25 2026

Copyright (c) 1996-2018 Texas Instruments Incorporated
board.asm                                                            PAGE  106

    5123              $C$DW$T$76      .dwtag  DW_TAG_typedef
    5124                      .dwattr $C$DW$T$76, DW_AT_name("EPWM_FallingEdgeDelayLoadMode")
    5125                      .dwattr $C$DW$T$76, DW_AT_type(*$C$DW$T$75)
    5126                      .dwattr $C$DW$T$76, DW_AT_decl_file("/home/jose/ti/c2000/C2000Ware_26_01_00_00/driverlib/f2837xd/driv
    5127                      .dwattr $C$DW$T$76, DW_AT_decl_line(0x291)
    5128                      .dwattr $C$DW$T$76, DW_AT_decl_column(0x03)
    5129              
    5130                      .dwendtag $C$DW$TU$76
    5131              
    5132              
    5133              $C$DW$TU$77     .dwtag  DW_TAG_type_unit
    5134                      .dwmtype  $C$DW$T$77
    5135              
    5136              $C$DW$T$77      .dwtag  DW_TAG_enumeration_type
    5137                      .dwattr $C$DW$T$77, DW_AT_byte_size(0x01)
    5138              $C$DW$392       .dwtag  DW_TAG_enumerator
    5139                      .dwattr $C$DW$392, DW_AT_name("EPWM_SOC_A")
    5140                      .dwattr $C$DW$392, DW_AT_const_value(0x00)
    5141                      .dwattr $C$DW$392, DW_AT_decl_file("/home/jose/ti/c2000/C2000Ware_26_01_00_00/driverlib/f2837xd/drive
    5142                      .dwattr $C$DW$392, DW_AT_decl_line(0x429)
    5143                      .dwattr $C$DW$392, DW_AT_decl_column(0x05)
    5144              
    5145              $C$DW$393       .dwtag  DW_TAG_enumerator
    5146                      .dwattr $C$DW$393, DW_AT_name("EPWM_SOC_B")
    5147                      .dwattr $C$DW$393, DW_AT_const_value(0x01)
    5148                      .dwattr $C$DW$393, DW_AT_decl_file("/home/jose/ti/c2000/C2000Ware_26_01_00_00/driverlib/f2837xd/drive
    5149                      .dwattr $C$DW$393, DW_AT_decl_line(0x42a)
    5150                      .dwattr $C$DW$393, DW_AT_decl_column(0x05)
    5151              
    5152                      .dwattr $C$DW$T$77, DW_AT_decl_file("/home/jose/ti/c2000/C2000Ware_26_01_00_00/driverlib/f2837xd/driv
    5153                      .dwattr $C$DW$T$77, DW_AT_decl_line(0x428)
    5154                      .dwattr $C$DW$T$77, DW_AT_decl_column(0x01)
    5155                      .dwendtag $C$DW$T$77
    5156              
    5157                      .dwendtag $C$DW$TU$77
    5158              
    5159              
    5160              $C$DW$TU$78     .dwtag  DW_TAG_type_unit
    5161                      .dwmtype  $C$DW$T$78
    5162              $C$DW$T$78      .dwtag  DW_TAG_typedef
    5163                      .dwattr $C$DW$T$78, DW_AT_name("EPWM_ADCStartOfConversionType")
    5164                      .dwattr $C$DW$T$78, DW_AT_type(*$C$DW$T$77)
    5165                      .dwattr $C$DW$T$78, DW_AT_decl_file("/home/jose/ti/c2000/C2000Ware_26_01_00_00/driverlib/f2837xd/driv
    5166                      .dwattr $C$DW$T$78, DW_AT_decl_line(0x42b)
    5167                      .dwattr $C$DW$T$78, DW_AT_decl_column(0x03)
    5168              
    5169                      .dwendtag $C$DW$TU$78
    5170              
    5171              
    5172              $C$DW$TU$79     .dwtag  DW_TAG_type_unit
    5173                      .dwmtype  $C$DW$T$79
    5174              
    5175              $C$DW$T$79      .dwtag  DW_TAG_enumeration_type
    5176                      .dwattr $C$DW$T$79, DW_AT_byte_size(0x01)
    5177              $C$DW$394       .dwtag  DW_TAG_enumerator
TMS320C2000 Assembler Unix v25.11.0 Sat May 30 20:15:25 2026

Copyright (c) 1996-2018 Texas Instruments Incorporated
board.asm                                                            PAGE  107

    5178                      .dwattr $C$DW$394, DW_AT_name("EPWM_SOC_DCxEVT1")
    5179                      .dwattr $C$DW$394, DW_AT_const_value(0x00)
    5180                      .dwattr $C$DW$394, DW_AT_decl_file("/home/jose/ti/c2000/C2000Ware_26_01_00_00/driverlib/f2837xd/drive
    5181                      .dwattr $C$DW$394, DW_AT_decl_line(0x436)
    5182                      .dwattr $C$DW$394, DW_AT_decl_column(0x05)
    5183              
    5184              $C$DW$395       .dwtag  DW_TAG_enumerator
    5185                      .dwattr $C$DW$395, DW_AT_name("EPWM_SOC_TBCTR_ZERO")
    5186                      .dwattr $C$DW$395, DW_AT_const_value(0x01)
    5187                      .dwattr $C$DW$395, DW_AT_decl_file("/home/jose/ti/c2000/C2000Ware_26_01_00_00/driverlib/f2837xd/drive
    5188                      .dwattr $C$DW$395, DW_AT_decl_line(0x438)
    5189                      .dwattr $C$DW$395, DW_AT_decl_column(0x05)
    5190              
    5191              $C$DW$396       .dwtag  DW_TAG_enumerator
    5192                      .dwattr $C$DW$396, DW_AT_name("EPWM_SOC_TBCTR_PERIOD")
    5193                      .dwattr $C$DW$396, DW_AT_const_value(0x02)
    5194                      .dwattr $C$DW$396, DW_AT_decl_file("/home/jose/ti/c2000/C2000Ware_26_01_00_00/driverlib/f2837xd/drive
    5195                      .dwattr $C$DW$396, DW_AT_decl_line(0x43a)
    5196                      .dwattr $C$DW$396, DW_AT_decl_column(0x05)
    5197              
    5198              $C$DW$397       .dwtag  DW_TAG_enumerator
    5199                      .dwattr $C$DW$397, DW_AT_name("EPWM_SOC_TBCTR_ZERO_OR_PERIOD")
    5200                      .dwattr $C$DW$397, DW_AT_const_value(0x03)
    5201                      .dwattr $C$DW$397, DW_AT_decl_file("/home/jose/ti/c2000/C2000Ware_26_01_00_00/driverlib/f2837xd/drive
    5202                      .dwattr $C$DW$397, DW_AT_decl_line(0x43c)
    5203                      .dwattr $C$DW$397, DW_AT_decl_column(0x05)
    5204              
    5205              $C$DW$398       .dwtag  DW_TAG_enumerator
    5206                      .dwattr $C$DW$398, DW_AT_name("EPWM_SOC_TBCTR_U_CMPA")
    5207                      .dwattr $C$DW$398, DW_AT_const_value(0x04)
    5208                      .dwattr $C$DW$398, DW_AT_decl_file("/home/jose/ti/c2000/C2000Ware_26_01_00_00/driverlib/f2837xd/drive
    5209                      .dwattr $C$DW$398, DW_AT_decl_line(0x43e)
    5210                      .dwattr $C$DW$398, DW_AT_decl_column(0x05)
    5211              
    5212              $C$DW$399       .dwtag  DW_TAG_enumerator
    5213                      .dwattr $C$DW$399, DW_AT_name("EPWM_SOC_TBCTR_U_CMPC")
    5214                      .dwattr $C$DW$399, DW_AT_const_value(0x08)
    5215                      .dwattr $C$DW$399, DW_AT_decl_file("/home/jose/ti/c2000/C2000Ware_26_01_00_00/driverlib/f2837xd/drive
    5216                      .dwattr $C$DW$399, DW_AT_decl_line(0x440)
    5217                      .dwattr $C$DW$399, DW_AT_decl_column(0x05)
    5218              
    5219              $C$DW$400       .dwtag  DW_TAG_enumerator
    5220                      .dwattr $C$DW$400, DW_AT_name("EPWM_SOC_TBCTR_D_CMPA")
    5221                      .dwattr $C$DW$400, DW_AT_const_value(0x05)
    5222                      .dwattr $C$DW$400, DW_AT_decl_file("/home/jose/ti/c2000/C2000Ware_26_01_00_00/driverlib/f2837xd/drive
    5223                      .dwattr $C$DW$400, DW_AT_decl_line(0x442)
    5224                      .dwattr $C$DW$400, DW_AT_decl_column(0x05)
    5225              
    5226              $C$DW$401       .dwtag  DW_TAG_enumerator
    5227                      .dwattr $C$DW$401, DW_AT_name("EPWM_SOC_TBCTR_D_CMPC")
    5228                      .dwattr $C$DW$401, DW_AT_const_value(0x0a)
    5229                      .dwattr $C$DW$401, DW_AT_decl_file("/home/jose/ti/c2000/C2000Ware_26_01_00_00/driverlib/f2837xd/drive
    5230                      .dwattr $C$DW$401, DW_AT_decl_line(0x444)
    5231                      .dwattr $C$DW$401, DW_AT_decl_column(0x05)
    5232              
TMS320C2000 Assembler Unix v25.11.0 Sat May 30 20:15:25 2026

Copyright (c) 1996-2018 Texas Instruments Incorporated
board.asm                                                            PAGE  108

    5233              $C$DW$402       .dwtag  DW_TAG_enumerator
    5234                      .dwattr $C$DW$402, DW_AT_name("EPWM_SOC_TBCTR_U_CMPB")
    5235                      .dwattr $C$DW$402, DW_AT_const_value(0x06)
    5236                      .dwattr $C$DW$402, DW_AT_decl_file("/home/jose/ti/c2000/C2000Ware_26_01_00_00/driverlib/f2837xd/drive
    5237                      .dwattr $C$DW$402, DW_AT_decl_line(0x446)
    5238                      .dwattr $C$DW$402, DW_AT_decl_column(0x05)
    5239              
    5240              $C$DW$403       .dwtag  DW_TAG_enumerator
    5241                      .dwattr $C$DW$403, DW_AT_name("EPWM_SOC_TBCTR_U_CMPD")
    5242                      .dwattr $C$DW$403, DW_AT_const_value(0x0c)
    5243                      .dwattr $C$DW$403, DW_AT_decl_file("/home/jose/ti/c2000/C2000Ware_26_01_00_00/driverlib/f2837xd/drive
    5244                      .dwattr $C$DW$403, DW_AT_decl_line(0x448)
    5245                      .dwattr $C$DW$403, DW_AT_decl_column(0x05)
    5246              
    5247              $C$DW$404       .dwtag  DW_TAG_enumerator
    5248                      .dwattr $C$DW$404, DW_AT_name("EPWM_SOC_TBCTR_D_CMPB")
    5249                      .dwattr $C$DW$404, DW_AT_const_value(0x07)
    5250                      .dwattr $C$DW$404, DW_AT_decl_file("/home/jose/ti/c2000/C2000Ware_26_01_00_00/driverlib/f2837xd/drive
    5251                      .dwattr $C$DW$404, DW_AT_decl_line(0x44a)
    5252                      .dwattr $C$DW$404, DW_AT_decl_column(0x05)
    5253              
    5254              $C$DW$405       .dwtag  DW_TAG_enumerator
    5255                      .dwattr $C$DW$405, DW_AT_name("EPWM_SOC_TBCTR_D_CMPD")
    5256                      .dwattr $C$DW$405, DW_AT_const_value(0x0e)
    5257                      .dwattr $C$DW$405, DW_AT_decl_file("/home/jose/ti/c2000/C2000Ware_26_01_00_00/driverlib/f2837xd/drive
    5258                      .dwattr $C$DW$405, DW_AT_decl_line(0x44c)
    5259                      .dwattr $C$DW$405, DW_AT_decl_column(0x05)
    5260              
    5261                      .dwattr $C$DW$T$79, DW_AT_decl_file("/home/jose/ti/c2000/C2000Ware_26_01_00_00/driverlib/f2837xd/driv
    5262                      .dwattr $C$DW$T$79, DW_AT_decl_line(0x434)
    5263                      .dwattr $C$DW$T$79, DW_AT_decl_column(0x01)
    5264                      .dwendtag $C$DW$T$79
    5265              
    5266                      .dwendtag $C$DW$TU$79
    5267              
    5268              
    5269              $C$DW$TU$80     .dwtag  DW_TAG_type_unit
    5270                      .dwmtype  $C$DW$T$80
    5271              $C$DW$T$80      .dwtag  DW_TAG_typedef
    5272                      .dwattr $C$DW$T$80, DW_AT_name("EPWM_ADCStartOfConversionSource")
    5273                      .dwattr $C$DW$T$80, DW_AT_type(*$C$DW$T$79)
    5274                      .dwattr $C$DW$T$80, DW_AT_decl_file("/home/jose/ti/c2000/C2000Ware_26_01_00_00/driverlib/f2837xd/driv
    5275                      .dwattr $C$DW$T$80, DW_AT_decl_line(0x44d)
    5276                      .dwattr $C$DW$T$80, DW_AT_decl_column(0x03)
    5277              
    5278                      .dwendtag $C$DW$TU$80
    5279              
    5280              
    5281              $C$DW$TU$81     .dwtag  DW_TAG_type_unit
    5282                      .dwmtype  $C$DW$T$81
    5283              
    5284              $C$DW$T$81      .dwtag  DW_TAG_enumeration_type
    5285                      .dwattr $C$DW$T$81, DW_AT_byte_size(0x01)
    5286              $C$DW$406       .dwtag  DW_TAG_enumerator
    5287                      .dwattr $C$DW$406, DW_AT_name("EQEP_POSITION_RESET_IDX")
TMS320C2000 Assembler Unix v25.11.0 Sat May 30 20:15:25 2026

Copyright (c) 1996-2018 Texas Instruments Incorporated
board.asm                                                            PAGE  109

    5288                      .dwattr $C$DW$406, DW_AT_const_value(0x00)
    5289                      .dwattr $C$DW$406, DW_AT_decl_file("/home/jose/ti/c2000/C2000Ware_26_01_00_00/driverlib/f2837xd/drive
    5290                      .dwattr $C$DW$406, DW_AT_decl_line(0xe5)
    5291                      .dwattr $C$DW$406, DW_AT_decl_column(0x05)
    5292              
    5293              $C$DW$407       .dwtag  DW_TAG_enumerator
    5294                      .dwattr $C$DW$407, DW_AT_name("EQEP_POSITION_RESET_MAX_POS")
    5295                      .dwattr $C$DW$407, DW_AT_const_value(0x1000)
    5296                      .dwattr $C$DW$407, DW_AT_decl_file("/home/jose/ti/c2000/C2000Ware_26_01_00_00/driverlib/f2837xd/drive
    5297                      .dwattr $C$DW$407, DW_AT_decl_line(0xe7)
    5298                      .dwattr $C$DW$407, DW_AT_decl_column(0x05)
    5299              
    5300              $C$DW$408       .dwtag  DW_TAG_enumerator
    5301                      .dwattr $C$DW$408, DW_AT_name("EQEP_POSITION_RESET_1ST_IDX")
    5302                      .dwattr $C$DW$408, DW_AT_const_value(0x2000)
    5303                      .dwattr $C$DW$408, DW_AT_decl_file("/home/jose/ti/c2000/C2000Ware_26_01_00_00/driverlib/f2837xd/drive
    5304                      .dwattr $C$DW$408, DW_AT_decl_line(0xe9)
    5305                      .dwattr $C$DW$408, DW_AT_decl_column(0x05)
    5306              
    5307              $C$DW$409       .dwtag  DW_TAG_enumerator
    5308                      .dwattr $C$DW$409, DW_AT_name("EQEP_POSITION_RESET_UNIT_TIME_OUT")
    5309                      .dwattr $C$DW$409, DW_AT_const_value(0x3000)
    5310                      .dwattr $C$DW$409, DW_AT_decl_file("/home/jose/ti/c2000/C2000Ware_26_01_00_00/driverlib/f2837xd/drive
    5311                      .dwattr $C$DW$409, DW_AT_decl_line(0xeb)
    5312                      .dwattr $C$DW$409, DW_AT_decl_column(0x05)
    5313              
    5314                      .dwattr $C$DW$T$81, DW_AT_decl_file("/home/jose/ti/c2000/C2000Ware_26_01_00_00/driverlib/f2837xd/driv
    5315                      .dwattr $C$DW$T$81, DW_AT_decl_line(0xe3)
    5316                      .dwattr $C$DW$T$81, DW_AT_decl_column(0x01)
    5317                      .dwendtag $C$DW$T$81
    5318              
    5319                      .dwendtag $C$DW$TU$81
    5320              
    5321              
    5322              $C$DW$TU$82     .dwtag  DW_TAG_type_unit
    5323                      .dwmtype  $C$DW$T$82
    5324              $C$DW$T$82      .dwtag  DW_TAG_typedef
    5325                      .dwattr $C$DW$T$82, DW_AT_name("EQEP_PositionResetMode")
    5326                      .dwattr $C$DW$T$82, DW_AT_type(*$C$DW$T$81)
    5327                      .dwattr $C$DW$T$82, DW_AT_decl_file("/home/jose/ti/c2000/C2000Ware_26_01_00_00/driverlib/f2837xd/driv
    5328                      .dwattr $C$DW$T$82, DW_AT_decl_line(0xec)
    5329                      .dwattr $C$DW$T$82, DW_AT_decl_column(0x03)
    5330              
    5331                      .dwendtag $C$DW$TU$82
    5332              
    5333              
    5334              $C$DW$TU$83     .dwtag  DW_TAG_type_unit
    5335                      .dwmtype  $C$DW$T$83
    5336              
    5337              $C$DW$T$83      .dwtag  DW_TAG_enumeration_type
    5338                      .dwattr $C$DW$T$83, DW_AT_byte_size(0x01)
    5339              $C$DW$410       .dwtag  DW_TAG_enumerator
    5340                      .dwattr $C$DW$410, DW_AT_name("EQEP_EMULATIONMODE_STOPIMMEDIATELY")
    5341                      .dwattr $C$DW$410, DW_AT_const_value(0x00)
    5342                      .dwattr $C$DW$410, DW_AT_decl_file("/home/jose/ti/c2000/C2000Ware_26_01_00_00/driverlib/f2837xd/drive
TMS320C2000 Assembler Unix v25.11.0 Sat May 30 20:15:25 2026

Copyright (c) 1996-2018 Texas Instruments Incorporated
board.asm                                                            PAGE  110

    5343                      .dwattr $C$DW$410, DW_AT_decl_line(0x11f)
    5344                      .dwattr $C$DW$410, DW_AT_decl_column(0x03)
    5345              
    5346              $C$DW$411       .dwtag  DW_TAG_enumerator
    5347                      .dwattr $C$DW$411, DW_AT_name("EQEP_EMULATIONMODE_STOPATROLLOVER")
    5348                      .dwattr $C$DW$411, DW_AT_const_value(0x01)
    5349                      .dwattr $C$DW$411, DW_AT_decl_file("/home/jose/ti/c2000/C2000Ware_26_01_00_00/driverlib/f2837xd/drive
    5350                      .dwattr $C$DW$411, DW_AT_decl_line(0x120)
    5351                      .dwattr $C$DW$411, DW_AT_decl_column(0x03)
    5352              
    5353              $C$DW$412       .dwtag  DW_TAG_enumerator
    5354                      .dwattr $C$DW$412, DW_AT_name("EQEP_EMULATIONMODE_RUNFREE")
    5355                      .dwattr $C$DW$412, DW_AT_const_value(0x02)
    5356                      .dwattr $C$DW$412, DW_AT_decl_file("/home/jose/ti/c2000/C2000Ware_26_01_00_00/driverlib/f2837xd/drive
    5357                      .dwattr $C$DW$412, DW_AT_decl_line(0x121)
    5358                      .dwattr $C$DW$412, DW_AT_decl_column(0x03)
    5359              
    5360                      .dwattr $C$DW$T$83, DW_AT_decl_file("/home/jose/ti/c2000/C2000Ware_26_01_00_00/driverlib/f2837xd/driv
    5361                      .dwattr $C$DW$T$83, DW_AT_decl_line(0x11e)
    5362                      .dwattr $C$DW$T$83, DW_AT_decl_column(0x01)
    5363                      .dwendtag $C$DW$T$83
    5364              
    5365                      .dwendtag $C$DW$TU$83
    5366              
    5367              
    5368              $C$DW$TU$84     .dwtag  DW_TAG_type_unit
    5369                      .dwmtype  $C$DW$T$84
    5370              $C$DW$T$84      .dwtag  DW_TAG_typedef
    5371                      .dwattr $C$DW$T$84, DW_AT_name("EQEP_EmulationMode")
    5372                      .dwattr $C$DW$T$84, DW_AT_type(*$C$DW$T$83)
    5373                      .dwattr $C$DW$T$84, DW_AT_decl_file("/home/jose/ti/c2000/C2000Ware_26_01_00_00/driverlib/f2837xd/driv
    5374                      .dwattr $C$DW$T$84, DW_AT_decl_line(0x122)
    5375                      .dwattr $C$DW$T$84, DW_AT_decl_column(0x02)
    5376              
    5377                      .dwendtag $C$DW$TU$84
    5378              
    5379              
    5380              $C$DW$TU$85     .dwtag  DW_TAG_type_unit
    5381                      .dwmtype  $C$DW$T$85
    5382              
    5383              $C$DW$T$85      .dwtag  DW_TAG_enumeration_type
    5384                      .dwattr $C$DW$T$85, DW_AT_byte_size(0x01)
    5385              $C$DW$413       .dwtag  DW_TAG_enumerator
    5386                      .dwattr $C$DW$413, DW_AT_name("GPIO_DIR_MODE_IN")
    5387                      .dwattr $C$DW$413, DW_AT_const_value(0x00)
    5388                      .dwattr $C$DW$413, DW_AT_decl_file("/home/jose/ti/c2000/C2000Ware_26_01_00_00/driverlib/f2837xd/drive
    5389                      .dwattr $C$DW$413, DW_AT_decl_line(0x7e)
    5390                      .dwattr $C$DW$413, DW_AT_decl_column(0x05)
    5391              
    5392              $C$DW$414       .dwtag  DW_TAG_enumerator
    5393                      .dwattr $C$DW$414, DW_AT_name("GPIO_DIR_MODE_OUT")
    5394                      .dwattr $C$DW$414, DW_AT_const_value(0x01)
    5395                      .dwattr $C$DW$414, DW_AT_decl_file("/home/jose/ti/c2000/C2000Ware_26_01_00_00/driverlib/f2837xd/drive
    5396                      .dwattr $C$DW$414, DW_AT_decl_line(0x7f)
    5397                      .dwattr $C$DW$414, DW_AT_decl_column(0x05)
TMS320C2000 Assembler Unix v25.11.0 Sat May 30 20:15:25 2026

Copyright (c) 1996-2018 Texas Instruments Incorporated
board.asm                                                            PAGE  111

    5398              
    5399                      .dwattr $C$DW$T$85, DW_AT_decl_file("/home/jose/ti/c2000/C2000Ware_26_01_00_00/driverlib/f2837xd/driv
    5400                      .dwattr $C$DW$T$85, DW_AT_decl_line(0x7d)
    5401                      .dwattr $C$DW$T$85, DW_AT_decl_column(0x01)
    5402                      .dwendtag $C$DW$T$85
    5403              
    5404                      .dwendtag $C$DW$TU$85
    5405              
    5406              
    5407              $C$DW$TU$86     .dwtag  DW_TAG_type_unit
    5408                      .dwmtype  $C$DW$T$86
    5409              $C$DW$T$86      .dwtag  DW_TAG_typedef
    5410                      .dwattr $C$DW$T$86, DW_AT_name("GPIO_Direction")
    5411                      .dwattr $C$DW$T$86, DW_AT_type(*$C$DW$T$85)
    5412                      .dwattr $C$DW$T$86, DW_AT_decl_file("/home/jose/ti/c2000/C2000Ware_26_01_00_00/driverlib/f2837xd/driv
    5413                      .dwattr $C$DW$T$86, DW_AT_decl_line(0x80)
    5414                      .dwattr $C$DW$T$86, DW_AT_decl_column(0x03)
    5415              
    5416                      .dwendtag $C$DW$TU$86
    5417              
    5418              
    5419              $C$DW$TU$87     .dwtag  DW_TAG_type_unit
    5420                      .dwmtype  $C$DW$T$87
    5421              
    5422              $C$DW$T$87      .dwtag  DW_TAG_enumeration_type
    5423                      .dwattr $C$DW$T$87, DW_AT_byte_size(0x01)
    5424              $C$DW$415       .dwtag  DW_TAG_enumerator
    5425                      .dwattr $C$DW$415, DW_AT_name("GPIO_QUAL_SYNC")
    5426                      .dwattr $C$DW$415, DW_AT_const_value(0x00)
    5427                      .dwattr $C$DW$415, DW_AT_decl_file("/home/jose/ti/c2000/C2000Ware_26_01_00_00/driverlib/f2837xd/drive
    5428                      .dwattr $C$DW$415, DW_AT_decl_line(0x97)
    5429                      .dwattr $C$DW$415, DW_AT_decl_column(0x05)
    5430              
    5431              $C$DW$416       .dwtag  DW_TAG_enumerator
    5432                      .dwattr $C$DW$416, DW_AT_name("GPIO_QUAL_3SAMPLE")
    5433                      .dwattr $C$DW$416, DW_AT_const_value(0x01)
    5434                      .dwattr $C$DW$416, DW_AT_decl_file("/home/jose/ti/c2000/C2000Ware_26_01_00_00/driverlib/f2837xd/drive
    5435                      .dwattr $C$DW$416, DW_AT_decl_line(0x98)
    5436                      .dwattr $C$DW$416, DW_AT_decl_column(0x05)
    5437              
    5438              $C$DW$417       .dwtag  DW_TAG_enumerator
    5439                      .dwattr $C$DW$417, DW_AT_name("GPIO_QUAL_6SAMPLE")
    5440                      .dwattr $C$DW$417, DW_AT_const_value(0x02)
    5441                      .dwattr $C$DW$417, DW_AT_decl_file("/home/jose/ti/c2000/C2000Ware_26_01_00_00/driverlib/f2837xd/drive
    5442                      .dwattr $C$DW$417, DW_AT_decl_line(0x99)
    5443                      .dwattr $C$DW$417, DW_AT_decl_column(0x05)
    5444              
    5445              $C$DW$418       .dwtag  DW_TAG_enumerator
    5446                      .dwattr $C$DW$418, DW_AT_name("GPIO_QUAL_ASYNC")
    5447                      .dwattr $C$DW$418, DW_AT_const_value(0x03)
    5448                      .dwattr $C$DW$418, DW_AT_decl_file("/home/jose/ti/c2000/C2000Ware_26_01_00_00/driverlib/f2837xd/drive
    5449                      .dwattr $C$DW$418, DW_AT_decl_line(0x9a)
    5450                      .dwattr $C$DW$418, DW_AT_decl_column(0x05)
    5451              
    5452                      .dwattr $C$DW$T$87, DW_AT_decl_file("/home/jose/ti/c2000/C2000Ware_26_01_00_00/driverlib/f2837xd/driv
TMS320C2000 Assembler Unix v25.11.0 Sat May 30 20:15:25 2026

Copyright (c) 1996-2018 Texas Instruments Incorporated
board.asm                                                            PAGE  112

    5453                      .dwattr $C$DW$T$87, DW_AT_decl_line(0x96)
    5454                      .dwattr $C$DW$T$87, DW_AT_decl_column(0x01)
    5455                      .dwendtag $C$DW$T$87
    5456              
    5457                      .dwendtag $C$DW$TU$87
    5458              
    5459              
    5460              $C$DW$TU$88     .dwtag  DW_TAG_type_unit
    5461                      .dwmtype  $C$DW$T$88
    5462              $C$DW$T$88      .dwtag  DW_TAG_typedef
    5463                      .dwattr $C$DW$T$88, DW_AT_name("GPIO_QualificationMode")
    5464                      .dwattr $C$DW$T$88, DW_AT_type(*$C$DW$T$87)
    5465                      .dwattr $C$DW$T$88, DW_AT_decl_file("/home/jose/ti/c2000/C2000Ware_26_01_00_00/driverlib/f2837xd/driv
    5466                      .dwattr $C$DW$T$88, DW_AT_decl_line(0x9b)
    5467                      .dwattr $C$DW$T$88, DW_AT_decl_column(0x03)
    5468              
    5469                      .dwendtag $C$DW$TU$88
    5470              
    5471              
    5472              $C$DW$TU$89     .dwtag  DW_TAG_type_unit
    5473                      .dwmtype  $C$DW$T$89
    5474              
    5475              $C$DW$T$89      .dwtag  DW_TAG_enumeration_type
    5476                      .dwattr $C$DW$T$89, DW_AT_byte_size(0x01)
    5477              $C$DW$419       .dwtag  DW_TAG_enumerator
    5478                      .dwattr $C$DW$419, DW_AT_name("GPIO_CORE_CPU1")
    5479                      .dwattr $C$DW$419, DW_AT_const_value(0x00)
    5480                      .dwattr $C$DW$419, DW_AT_decl_file("/home/jose/ti/c2000/C2000Ware_26_01_00_00/driverlib/f2837xd/drive
    5481                      .dwattr $C$DW$419, DW_AT_decl_line(0xb0)
    5482                      .dwattr $C$DW$419, DW_AT_decl_column(0x05)
    5483              
    5484              $C$DW$420       .dwtag  DW_TAG_enumerator
    5485                      .dwattr $C$DW$420, DW_AT_name("GPIO_CORE_CPU1_CLA1")
    5486                      .dwattr $C$DW$420, DW_AT_const_value(0x01)
    5487                      .dwattr $C$DW$420, DW_AT_decl_file("/home/jose/ti/c2000/C2000Ware_26_01_00_00/driverlib/f2837xd/drive
    5488                      .dwattr $C$DW$420, DW_AT_decl_line(0xb1)
    5489                      .dwattr $C$DW$420, DW_AT_decl_column(0x05)
    5490              
    5491              $C$DW$421       .dwtag  DW_TAG_enumerator
    5492                      .dwattr $C$DW$421, DW_AT_name("GPIO_CORE_CPU2")
    5493                      .dwattr $C$DW$421, DW_AT_const_value(0x02)
    5494                      .dwattr $C$DW$421, DW_AT_decl_file("/home/jose/ti/c2000/C2000Ware_26_01_00_00/driverlib/f2837xd/drive
    5495                      .dwattr $C$DW$421, DW_AT_decl_line(0xb2)
    5496                      .dwattr $C$DW$421, DW_AT_decl_column(0x05)
    5497              
    5498              $C$DW$422       .dwtag  DW_TAG_enumerator
    5499                      .dwattr $C$DW$422, DW_AT_name("GPIO_CORE_CPU2_CLA1")
    5500                      .dwattr $C$DW$422, DW_AT_const_value(0x03)
    5501                      .dwattr $C$DW$422, DW_AT_decl_file("/home/jose/ti/c2000/C2000Ware_26_01_00_00/driverlib/f2837xd/drive
    5502                      .dwattr $C$DW$422, DW_AT_decl_line(0xb3)
    5503                      .dwattr $C$DW$422, DW_AT_decl_column(0x05)
    5504              
    5505                      .dwattr $C$DW$T$89, DW_AT_decl_file("/home/jose/ti/c2000/C2000Ware_26_01_00_00/driverlib/f2837xd/driv
    5506                      .dwattr $C$DW$T$89, DW_AT_decl_line(0xaf)
    5507                      .dwattr $C$DW$T$89, DW_AT_decl_column(0x01)
TMS320C2000 Assembler Unix v25.11.0 Sat May 30 20:15:25 2026

Copyright (c) 1996-2018 Texas Instruments Incorporated
board.asm                                                            PAGE  113

    5508                      .dwendtag $C$DW$T$89
    5509              
    5510                      .dwendtag $C$DW$TU$89
    5511              
    5512              
    5513              $C$DW$TU$90     .dwtag  DW_TAG_type_unit
    5514                      .dwmtype  $C$DW$T$90
    5515              $C$DW$T$90      .dwtag  DW_TAG_typedef
    5516                      .dwattr $C$DW$T$90, DW_AT_name("GPIO_CoreSelect")
    5517                      .dwattr $C$DW$T$90, DW_AT_type(*$C$DW$T$89)
    5518                      .dwattr $C$DW$T$90, DW_AT_decl_file("/home/jose/ti/c2000/C2000Ware_26_01_00_00/driverlib/f2837xd/driv
    5519                      .dwattr $C$DW$T$90, DW_AT_decl_line(0xb4)
    5520                      .dwattr $C$DW$T$90, DW_AT_decl_column(0x03)
    5521              
    5522                      .dwendtag $C$DW$TU$90
    5523              
    5524              
    5525              $C$DW$TU$91     .dwtag  DW_TAG_type_unit
    5526                      .dwmtype  $C$DW$T$91
    5527              
    5528              $C$DW$T$91      .dwtag  DW_TAG_enumeration_type
    5529                      .dwattr $C$DW$T$91, DW_AT_byte_size(0x01)
    5530              $C$DW$423       .dwtag  DW_TAG_enumerator
    5531                      .dwattr $C$DW$423, DW_AT_name("SCI_FIFO_TX0")
    5532                      .dwattr $C$DW$423, DW_AT_const_value(0x00)
    5533                      .dwattr $C$DW$423, DW_AT_decl_file("/home/jose/ti/c2000/C2000Ware_26_01_00_00/driverlib/f2837xd/drive
    5534                      .dwattr $C$DW$423, DW_AT_decl_line(0x84)
    5535                      .dwattr $C$DW$423, DW_AT_decl_column(0x05)
    5536              
    5537              $C$DW$424       .dwtag  DW_TAG_enumerator
    5538                      .dwattr $C$DW$424, DW_AT_name("SCI_FIFO_TX1")
    5539                      .dwattr $C$DW$424, DW_AT_const_value(0x01)
    5540                      .dwattr $C$DW$424, DW_AT_decl_file("/home/jose/ti/c2000/C2000Ware_26_01_00_00/driverlib/f2837xd/drive
    5541                      .dwattr $C$DW$424, DW_AT_decl_line(0x85)
    5542                      .dwattr $C$DW$424, DW_AT_decl_column(0x05)
    5543              
    5544              $C$DW$425       .dwtag  DW_TAG_enumerator
    5545                      .dwattr $C$DW$425, DW_AT_name("SCI_FIFO_TX2")
    5546                      .dwattr $C$DW$425, DW_AT_const_value(0x02)
    5547                      .dwattr $C$DW$425, DW_AT_decl_file("/home/jose/ti/c2000/C2000Ware_26_01_00_00/driverlib/f2837xd/drive
    5548                      .dwattr $C$DW$425, DW_AT_decl_line(0x86)
    5549                      .dwattr $C$DW$425, DW_AT_decl_column(0x05)
    5550              
    5551              $C$DW$426       .dwtag  DW_TAG_enumerator
    5552                      .dwattr $C$DW$426, DW_AT_name("SCI_FIFO_TX3")
    5553                      .dwattr $C$DW$426, DW_AT_const_value(0x03)
    5554                      .dwattr $C$DW$426, DW_AT_decl_file("/home/jose/ti/c2000/C2000Ware_26_01_00_00/driverlib/f2837xd/drive
    5555                      .dwattr $C$DW$426, DW_AT_decl_line(0x87)
    5556                      .dwattr $C$DW$426, DW_AT_decl_column(0x05)
    5557              
    5558              $C$DW$427       .dwtag  DW_TAG_enumerator
    5559                      .dwattr $C$DW$427, DW_AT_name("SCI_FIFO_TX4")
    5560                      .dwattr $C$DW$427, DW_AT_const_value(0x04)
    5561                      .dwattr $C$DW$427, DW_AT_decl_file("/home/jose/ti/c2000/C2000Ware_26_01_00_00/driverlib/f2837xd/drive
    5562                      .dwattr $C$DW$427, DW_AT_decl_line(0x88)
TMS320C2000 Assembler Unix v25.11.0 Sat May 30 20:15:25 2026

Copyright (c) 1996-2018 Texas Instruments Incorporated
board.asm                                                            PAGE  114

    5563                      .dwattr $C$DW$427, DW_AT_decl_column(0x05)
    5564              
    5565              $C$DW$428       .dwtag  DW_TAG_enumerator
    5566                      .dwattr $C$DW$428, DW_AT_name("SCI_FIFO_TX5")
    5567                      .dwattr $C$DW$428, DW_AT_const_value(0x05)
    5568                      .dwattr $C$DW$428, DW_AT_decl_file("/home/jose/ti/c2000/C2000Ware_26_01_00_00/driverlib/f2837xd/drive
    5569                      .dwattr $C$DW$428, DW_AT_decl_line(0x89)
    5570                      .dwattr $C$DW$428, DW_AT_decl_column(0x05)
    5571              
    5572              $C$DW$429       .dwtag  DW_TAG_enumerator
    5573                      .dwattr $C$DW$429, DW_AT_name("SCI_FIFO_TX6")
    5574                      .dwattr $C$DW$429, DW_AT_const_value(0x06)
    5575                      .dwattr $C$DW$429, DW_AT_decl_file("/home/jose/ti/c2000/C2000Ware_26_01_00_00/driverlib/f2837xd/drive
    5576                      .dwattr $C$DW$429, DW_AT_decl_line(0x8a)
    5577                      .dwattr $C$DW$429, DW_AT_decl_column(0x05)
    5578              
    5579              $C$DW$430       .dwtag  DW_TAG_enumerator
    5580                      .dwattr $C$DW$430, DW_AT_name("SCI_FIFO_TX7")
    5581                      .dwattr $C$DW$430, DW_AT_const_value(0x07)
    5582                      .dwattr $C$DW$430, DW_AT_decl_file("/home/jose/ti/c2000/C2000Ware_26_01_00_00/driverlib/f2837xd/drive
    5583                      .dwattr $C$DW$430, DW_AT_decl_line(0x8b)
    5584                      .dwattr $C$DW$430, DW_AT_decl_column(0x05)
    5585              
    5586              $C$DW$431       .dwtag  DW_TAG_enumerator
    5587                      .dwattr $C$DW$431, DW_AT_name("SCI_FIFO_TX8")
    5588                      .dwattr $C$DW$431, DW_AT_const_value(0x08)
    5589                      .dwattr $C$DW$431, DW_AT_decl_file("/home/jose/ti/c2000/C2000Ware_26_01_00_00/driverlib/f2837xd/drive
    5590                      .dwattr $C$DW$431, DW_AT_decl_line(0x8c)
    5591                      .dwattr $C$DW$431, DW_AT_decl_column(0x05)
    5592              
    5593              $C$DW$432       .dwtag  DW_TAG_enumerator
    5594                      .dwattr $C$DW$432, DW_AT_name("SCI_FIFO_TX9")
    5595                      .dwattr $C$DW$432, DW_AT_const_value(0x09)
    5596                      .dwattr $C$DW$432, DW_AT_decl_file("/home/jose/ti/c2000/C2000Ware_26_01_00_00/driverlib/f2837xd/drive
    5597                      .dwattr $C$DW$432, DW_AT_decl_line(0x8d)
    5598                      .dwattr $C$DW$432, DW_AT_decl_column(0x05)
    5599              
    5600              $C$DW$433       .dwtag  DW_TAG_enumerator
    5601                      .dwattr $C$DW$433, DW_AT_name("SCI_FIFO_TX10")
    5602                      .dwattr $C$DW$433, DW_AT_const_value(0x0a)
    5603                      .dwattr $C$DW$433, DW_AT_decl_file("/home/jose/ti/c2000/C2000Ware_26_01_00_00/driverlib/f2837xd/drive
    5604                      .dwattr $C$DW$433, DW_AT_decl_line(0x8e)
    5605                      .dwattr $C$DW$433, DW_AT_decl_column(0x05)
    5606              
    5607              $C$DW$434       .dwtag  DW_TAG_enumerator
    5608                      .dwattr $C$DW$434, DW_AT_name("SCI_FIFO_TX11")
    5609                      .dwattr $C$DW$434, DW_AT_const_value(0x0b)
    5610                      .dwattr $C$DW$434, DW_AT_decl_file("/home/jose/ti/c2000/C2000Ware_26_01_00_00/driverlib/f2837xd/drive
    5611                      .dwattr $C$DW$434, DW_AT_decl_line(0x8f)
    5612                      .dwattr $C$DW$434, DW_AT_decl_column(0x05)
    5613              
    5614              $C$DW$435       .dwtag  DW_TAG_enumerator
    5615                      .dwattr $C$DW$435, DW_AT_name("SCI_FIFO_TX12")
    5616                      .dwattr $C$DW$435, DW_AT_const_value(0x0c)
    5617                      .dwattr $C$DW$435, DW_AT_decl_file("/home/jose/ti/c2000/C2000Ware_26_01_00_00/driverlib/f2837xd/drive
TMS320C2000 Assembler Unix v25.11.0 Sat May 30 20:15:25 2026

Copyright (c) 1996-2018 Texas Instruments Incorporated
board.asm                                                            PAGE  115

    5618                      .dwattr $C$DW$435, DW_AT_decl_line(0x90)
    5619                      .dwattr $C$DW$435, DW_AT_decl_column(0x05)
    5620              
    5621              $C$DW$436       .dwtag  DW_TAG_enumerator
    5622                      .dwattr $C$DW$436, DW_AT_name("SCI_FIFO_TX13")
    5623                      .dwattr $C$DW$436, DW_AT_const_value(0x0d)
    5624                      .dwattr $C$DW$436, DW_AT_decl_file("/home/jose/ti/c2000/C2000Ware_26_01_00_00/driverlib/f2837xd/drive
    5625                      .dwattr $C$DW$436, DW_AT_decl_line(0x91)
    5626                      .dwattr $C$DW$436, DW_AT_decl_column(0x05)
    5627              
    5628              $C$DW$437       .dwtag  DW_TAG_enumerator
    5629                      .dwattr $C$DW$437, DW_AT_name("SCI_FIFO_TX14")
    5630                      .dwattr $C$DW$437, DW_AT_const_value(0x0e)
    5631                      .dwattr $C$DW$437, DW_AT_decl_file("/home/jose/ti/c2000/C2000Ware_26_01_00_00/driverlib/f2837xd/drive
    5632                      .dwattr $C$DW$437, DW_AT_decl_line(0x92)
    5633                      .dwattr $C$DW$437, DW_AT_decl_column(0x05)
    5634              
    5635              $C$DW$438       .dwtag  DW_TAG_enumerator
    5636                      .dwattr $C$DW$438, DW_AT_name("SCI_FIFO_TX15")
    5637                      .dwattr $C$DW$438, DW_AT_const_value(0x0f)
    5638                      .dwattr $C$DW$438, DW_AT_decl_file("/home/jose/ti/c2000/C2000Ware_26_01_00_00/driverlib/f2837xd/drive
    5639                      .dwattr $C$DW$438, DW_AT_decl_line(0x93)
    5640                      .dwattr $C$DW$438, DW_AT_decl_column(0x05)
    5641              
    5642              $C$DW$439       .dwtag  DW_TAG_enumerator
    5643                      .dwattr $C$DW$439, DW_AT_name("SCI_FIFO_TX16")
    5644                      .dwattr $C$DW$439, DW_AT_const_value(0x10)
    5645                      .dwattr $C$DW$439, DW_AT_decl_file("/home/jose/ti/c2000/C2000Ware_26_01_00_00/driverlib/f2837xd/drive
    5646                      .dwattr $C$DW$439, DW_AT_decl_line(0x94)
    5647                      .dwattr $C$DW$439, DW_AT_decl_column(0x05)
    5648              
    5649                      .dwattr $C$DW$T$91, DW_AT_decl_file("/home/jose/ti/c2000/C2000Ware_26_01_00_00/driverlib/f2837xd/driv
    5650                      .dwattr $C$DW$T$91, DW_AT_decl_line(0x83)
    5651                      .dwattr $C$DW$T$91, DW_AT_decl_column(0x01)
    5652                      .dwendtag $C$DW$T$91
    5653              
    5654                      .dwendtag $C$DW$TU$91
    5655              
    5656              
    5657              $C$DW$TU$92     .dwtag  DW_TAG_type_unit
    5658                      .dwmtype  $C$DW$T$92
    5659              $C$DW$T$92      .dwtag  DW_TAG_typedef
    5660                      .dwattr $C$DW$T$92, DW_AT_name("SCI_TxFIFOLevel")
    5661                      .dwattr $C$DW$T$92, DW_AT_type(*$C$DW$T$91)
    5662                      .dwattr $C$DW$T$92, DW_AT_decl_file("/home/jose/ti/c2000/C2000Ware_26_01_00_00/driverlib/f2837xd/driv
    5663                      .dwattr $C$DW$T$92, DW_AT_decl_line(0x95)
    5664                      .dwattr $C$DW$T$92, DW_AT_decl_column(0x03)
    5665              
    5666                      .dwendtag $C$DW$TU$92
    5667              
    5668              
    5669              $C$DW$TU$93     .dwtag  DW_TAG_type_unit
    5670                      .dwmtype  $C$DW$T$93
    5671              
    5672              $C$DW$T$93      .dwtag  DW_TAG_enumeration_type
TMS320C2000 Assembler Unix v25.11.0 Sat May 30 20:15:25 2026

Copyright (c) 1996-2018 Texas Instruments Incorporated
board.asm                                                            PAGE  116

    5673                      .dwattr $C$DW$T$93, DW_AT_byte_size(0x01)
    5674              $C$DW$440       .dwtag  DW_TAG_enumerator
    5675                      .dwattr $C$DW$440, DW_AT_name("SCI_FIFO_RX0")
    5676                      .dwattr $C$DW$440, DW_AT_const_value(0x00)
    5677                      .dwattr $C$DW$440, DW_AT_decl_file("/home/jose/ti/c2000/C2000Ware_26_01_00_00/driverlib/f2837xd/drive
    5678                      .dwattr $C$DW$440, DW_AT_decl_line(0xa0)
    5679                      .dwattr $C$DW$440, DW_AT_decl_column(0x05)
    5680              
    5681              $C$DW$441       .dwtag  DW_TAG_enumerator
    5682                      .dwattr $C$DW$441, DW_AT_name("SCI_FIFO_RX1")
    5683                      .dwattr $C$DW$441, DW_AT_const_value(0x01)
    5684                      .dwattr $C$DW$441, DW_AT_decl_file("/home/jose/ti/c2000/C2000Ware_26_01_00_00/driverlib/f2837xd/drive
    5685                      .dwattr $C$DW$441, DW_AT_decl_line(0xa1)
    5686                      .dwattr $C$DW$441, DW_AT_decl_column(0x05)
    5687              
    5688              $C$DW$442       .dwtag  DW_TAG_enumerator
    5689                      .dwattr $C$DW$442, DW_AT_name("SCI_FIFO_RX2")
    5690                      .dwattr $C$DW$442, DW_AT_const_value(0x02)
    5691                      .dwattr $C$DW$442, DW_AT_decl_file("/home/jose/ti/c2000/C2000Ware_26_01_00_00/driverlib/f2837xd/drive
    5692                      .dwattr $C$DW$442, DW_AT_decl_line(0xa2)
    5693                      .dwattr $C$DW$442, DW_AT_decl_column(0x05)
    5694              
    5695              $C$DW$443       .dwtag  DW_TAG_enumerator
    5696                      .dwattr $C$DW$443, DW_AT_name("SCI_FIFO_RX3")
    5697                      .dwattr $C$DW$443, DW_AT_const_value(0x03)
    5698                      .dwattr $C$DW$443, DW_AT_decl_file("/home/jose/ti/c2000/C2000Ware_26_01_00_00/driverlib/f2837xd/drive
    5699                      .dwattr $C$DW$443, DW_AT_decl_line(0xa3)
    5700                      .dwattr $C$DW$443, DW_AT_decl_column(0x05)
    5701              
    5702              $C$DW$444       .dwtag  DW_TAG_enumerator
    5703                      .dwattr $C$DW$444, DW_AT_name("SCI_FIFO_RX4")
    5704                      .dwattr $C$DW$444, DW_AT_const_value(0x04)
    5705                      .dwattr $C$DW$444, DW_AT_decl_file("/home/jose/ti/c2000/C2000Ware_26_01_00_00/driverlib/f2837xd/drive
    5706                      .dwattr $C$DW$444, DW_AT_decl_line(0xa4)
    5707                      .dwattr $C$DW$444, DW_AT_decl_column(0x05)
    5708              
    5709              $C$DW$445       .dwtag  DW_TAG_enumerator
    5710                      .dwattr $C$DW$445, DW_AT_name("SCI_FIFO_RX5")
    5711                      .dwattr $C$DW$445, DW_AT_const_value(0x05)
    5712                      .dwattr $C$DW$445, DW_AT_decl_file("/home/jose/ti/c2000/C2000Ware_26_01_00_00/driverlib/f2837xd/drive
    5713                      .dwattr $C$DW$445, DW_AT_decl_line(0xa5)
    5714                      .dwattr $C$DW$445, DW_AT_decl_column(0x05)
    5715              
    5716              $C$DW$446       .dwtag  DW_TAG_enumerator
    5717                      .dwattr $C$DW$446, DW_AT_name("SCI_FIFO_RX6")
    5718                      .dwattr $C$DW$446, DW_AT_const_value(0x06)
    5719                      .dwattr $C$DW$446, DW_AT_decl_file("/home/jose/ti/c2000/C2000Ware_26_01_00_00/driverlib/f2837xd/drive
    5720                      .dwattr $C$DW$446, DW_AT_decl_line(0xa6)
    5721                      .dwattr $C$DW$446, DW_AT_decl_column(0x05)
    5722              
    5723              $C$DW$447       .dwtag  DW_TAG_enumerator
    5724                      .dwattr $C$DW$447, DW_AT_name("SCI_FIFO_RX7")
    5725                      .dwattr $C$DW$447, DW_AT_const_value(0x07)
    5726                      .dwattr $C$DW$447, DW_AT_decl_file("/home/jose/ti/c2000/C2000Ware_26_01_00_00/driverlib/f2837xd/drive
    5727                      .dwattr $C$DW$447, DW_AT_decl_line(0xa7)
TMS320C2000 Assembler Unix v25.11.0 Sat May 30 20:15:25 2026

Copyright (c) 1996-2018 Texas Instruments Incorporated
board.asm                                                            PAGE  117

    5728                      .dwattr $C$DW$447, DW_AT_decl_column(0x05)
    5729              
    5730              $C$DW$448       .dwtag  DW_TAG_enumerator
    5731                      .dwattr $C$DW$448, DW_AT_name("SCI_FIFO_RX8")
    5732                      .dwattr $C$DW$448, DW_AT_const_value(0x08)
    5733                      .dwattr $C$DW$448, DW_AT_decl_file("/home/jose/ti/c2000/C2000Ware_26_01_00_00/driverlib/f2837xd/drive
    5734                      .dwattr $C$DW$448, DW_AT_decl_line(0xa8)
    5735                      .dwattr $C$DW$448, DW_AT_decl_column(0x05)
    5736              
    5737              $C$DW$449       .dwtag  DW_TAG_enumerator
    5738                      .dwattr $C$DW$449, DW_AT_name("SCI_FIFO_RX9")
    5739                      .dwattr $C$DW$449, DW_AT_const_value(0x09)
    5740                      .dwattr $C$DW$449, DW_AT_decl_file("/home/jose/ti/c2000/C2000Ware_26_01_00_00/driverlib/f2837xd/drive
    5741                      .dwattr $C$DW$449, DW_AT_decl_line(0xa9)
    5742                      .dwattr $C$DW$449, DW_AT_decl_column(0x05)
    5743              
    5744              $C$DW$450       .dwtag  DW_TAG_enumerator
    5745                      .dwattr $C$DW$450, DW_AT_name("SCI_FIFO_RX10")
    5746                      .dwattr $C$DW$450, DW_AT_const_value(0x0a)
    5747                      .dwattr $C$DW$450, DW_AT_decl_file("/home/jose/ti/c2000/C2000Ware_26_01_00_00/driverlib/f2837xd/drive
    5748                      .dwattr $C$DW$450, DW_AT_decl_line(0xaa)
    5749                      .dwattr $C$DW$450, DW_AT_decl_column(0x05)
    5750              
    5751              $C$DW$451       .dwtag  DW_TAG_enumerator
    5752                      .dwattr $C$DW$451, DW_AT_name("SCI_FIFO_RX11")
    5753                      .dwattr $C$DW$451, DW_AT_const_value(0x0b)
    5754                      .dwattr $C$DW$451, DW_AT_decl_file("/home/jose/ti/c2000/C2000Ware_26_01_00_00/driverlib/f2837xd/drive
    5755                      .dwattr $C$DW$451, DW_AT_decl_line(0xab)
    5756                      .dwattr $C$DW$451, DW_AT_decl_column(0x05)
    5757              
    5758              $C$DW$452       .dwtag  DW_TAG_enumerator
    5759                      .dwattr $C$DW$452, DW_AT_name("SCI_FIFO_RX12")
    5760                      .dwattr $C$DW$452, DW_AT_const_value(0x0c)
    5761                      .dwattr $C$DW$452, DW_AT_decl_file("/home/jose/ti/c2000/C2000Ware_26_01_00_00/driverlib/f2837xd/drive
    5762                      .dwattr $C$DW$452, DW_AT_decl_line(0xac)
    5763                      .dwattr $C$DW$452, DW_AT_decl_column(0x05)
    5764              
    5765              $C$DW$453       .dwtag  DW_TAG_enumerator
    5766                      .dwattr $C$DW$453, DW_AT_name("SCI_FIFO_RX13")
    5767                      .dwattr $C$DW$453, DW_AT_const_value(0x0d)
    5768                      .dwattr $C$DW$453, DW_AT_decl_file("/home/jose/ti/c2000/C2000Ware_26_01_00_00/driverlib/f2837xd/drive
    5769                      .dwattr $C$DW$453, DW_AT_decl_line(0xad)
    5770                      .dwattr $C$DW$453, DW_AT_decl_column(0x05)
    5771              
    5772              $C$DW$454       .dwtag  DW_TAG_enumerator
    5773                      .dwattr $C$DW$454, DW_AT_name("SCI_FIFO_RX14")
    5774                      .dwattr $C$DW$454, DW_AT_const_value(0x0e)
    5775                      .dwattr $C$DW$454, DW_AT_decl_file("/home/jose/ti/c2000/C2000Ware_26_01_00_00/driverlib/f2837xd/drive
    5776                      .dwattr $C$DW$454, DW_AT_decl_line(0xae)
    5777                      .dwattr $C$DW$454, DW_AT_decl_column(0x05)
    5778              
    5779              $C$DW$455       .dwtag  DW_TAG_enumerator
    5780                      .dwattr $C$DW$455, DW_AT_name("SCI_FIFO_RX15")
    5781                      .dwattr $C$DW$455, DW_AT_const_value(0x0f)
    5782                      .dwattr $C$DW$455, DW_AT_decl_file("/home/jose/ti/c2000/C2000Ware_26_01_00_00/driverlib/f2837xd/drive
TMS320C2000 Assembler Unix v25.11.0 Sat May 30 20:15:25 2026

Copyright (c) 1996-2018 Texas Instruments Incorporated
board.asm                                                            PAGE  118

    5783                      .dwattr $C$DW$455, DW_AT_decl_line(0xaf)
    5784                      .dwattr $C$DW$455, DW_AT_decl_column(0x05)
    5785              
    5786              $C$DW$456       .dwtag  DW_TAG_enumerator
    5787                      .dwattr $C$DW$456, DW_AT_name("SCI_FIFO_RX16")
    5788                      .dwattr $C$DW$456, DW_AT_const_value(0x10)
    5789                      .dwattr $C$DW$456, DW_AT_decl_file("/home/jose/ti/c2000/C2000Ware_26_01_00_00/driverlib/f2837xd/drive
    5790                      .dwattr $C$DW$456, DW_AT_decl_line(0xb0)
    5791                      .dwattr $C$DW$456, DW_AT_decl_column(0x05)
    5792              
    5793                      .dwattr $C$DW$T$93, DW_AT_decl_file("/home/jose/ti/c2000/C2000Ware_26_01_00_00/driverlib/f2837xd/driv
    5794                      .dwattr $C$DW$T$93, DW_AT_decl_line(0x9f)
    5795                      .dwattr $C$DW$T$93, DW_AT_decl_column(0x01)
    5796                      .dwendtag $C$DW$T$93
    5797              
    5798                      .dwendtag $C$DW$TU$93
    5799              
    5800              
    5801              $C$DW$TU$94     .dwtag  DW_TAG_type_unit
    5802                      .dwmtype  $C$DW$T$94
    5803              $C$DW$T$94      .dwtag  DW_TAG_typedef
    5804                      .dwattr $C$DW$T$94, DW_AT_name("SCI_RxFIFOLevel")
    5805                      .dwattr $C$DW$T$94, DW_AT_type(*$C$DW$T$93)
    5806                      .dwattr $C$DW$T$94, DW_AT_decl_file("/home/jose/ti/c2000/C2000Ware_26_01_00_00/driverlib/f2837xd/driv
    5807                      .dwattr $C$DW$T$94, DW_AT_decl_line(0xb1)
    5808                      .dwattr $C$DW$T$94, DW_AT_decl_column(0x03)
    5809              
    5810                      .dwendtag $C$DW$TU$94
    5811              
    5812              
    5813              $C$DW$TU$95     .dwtag  DW_TAG_type_unit
    5814                      .dwmtype  $C$DW$T$95
    5815              
    5816              $C$DW$T$95      .dwtag  DW_TAG_enumeration_type
    5817                      .dwattr $C$DW$T$95, DW_AT_byte_size(0x01)
    5818              $C$DW$457       .dwtag  DW_TAG_enumerator
    5819                      .dwattr $C$DW$457, DW_AT_name("SPI_FIFO_TXEMPTY")
    5820                      .dwattr $C$DW$457, DW_AT_const_value(0x00)
    5821                      .dwattr $C$DW$457, DW_AT_decl_file("/home/jose/ti/c2000/C2000Ware_26_01_00_00/driverlib/f2837xd/drive
    5822                      .dwattr $C$DW$457, DW_AT_decl_line(0x141)
    5823                      .dwattr $C$DW$457, DW_AT_decl_column(0x05)
    5824              
    5825              $C$DW$458       .dwtag  DW_TAG_enumerator
    5826                      .dwattr $C$DW$458, DW_AT_name("SPI_FIFO_TX0")
    5827                      .dwattr $C$DW$458, DW_AT_const_value(0x00)
    5828                      .dwattr $C$DW$458, DW_AT_decl_file("/home/jose/ti/c2000/C2000Ware_26_01_00_00/driverlib/f2837xd/drive
    5829                      .dwattr $C$DW$458, DW_AT_decl_line(0x142)
    5830                      .dwattr $C$DW$458, DW_AT_decl_column(0x05)
    5831              
    5832              $C$DW$459       .dwtag  DW_TAG_enumerator
    5833                      .dwattr $C$DW$459, DW_AT_name("SPI_FIFO_TX1")
    5834                      .dwattr $C$DW$459, DW_AT_const_value(0x01)
    5835                      .dwattr $C$DW$459, DW_AT_decl_file("/home/jose/ti/c2000/C2000Ware_26_01_00_00/driverlib/f2837xd/drive
    5836                      .dwattr $C$DW$459, DW_AT_decl_line(0x143)
    5837                      .dwattr $C$DW$459, DW_AT_decl_column(0x05)
TMS320C2000 Assembler Unix v25.11.0 Sat May 30 20:15:25 2026

Copyright (c) 1996-2018 Texas Instruments Incorporated
board.asm                                                            PAGE  119

    5838              
    5839              $C$DW$460       .dwtag  DW_TAG_enumerator
    5840                      .dwattr $C$DW$460, DW_AT_name("SPI_FIFO_TX2")
    5841                      .dwattr $C$DW$460, DW_AT_const_value(0x02)
    5842                      .dwattr $C$DW$460, DW_AT_decl_file("/home/jose/ti/c2000/C2000Ware_26_01_00_00/driverlib/f2837xd/drive
    5843                      .dwattr $C$DW$460, DW_AT_decl_line(0x144)
    5844                      .dwattr $C$DW$460, DW_AT_decl_column(0x05)
    5845              
    5846              $C$DW$461       .dwtag  DW_TAG_enumerator
    5847                      .dwattr $C$DW$461, DW_AT_name("SPI_FIFO_TX3")
    5848                      .dwattr $C$DW$461, DW_AT_const_value(0x03)
    5849                      .dwattr $C$DW$461, DW_AT_decl_file("/home/jose/ti/c2000/C2000Ware_26_01_00_00/driverlib/f2837xd/drive
    5850                      .dwattr $C$DW$461, DW_AT_decl_line(0x145)
    5851                      .dwattr $C$DW$461, DW_AT_decl_column(0x05)
    5852              
    5853              $C$DW$462       .dwtag  DW_TAG_enumerator
    5854                      .dwattr $C$DW$462, DW_AT_name("SPI_FIFO_TX4")
    5855                      .dwattr $C$DW$462, DW_AT_const_value(0x04)
    5856                      .dwattr $C$DW$462, DW_AT_decl_file("/home/jose/ti/c2000/C2000Ware_26_01_00_00/driverlib/f2837xd/drive
    5857                      .dwattr $C$DW$462, DW_AT_decl_line(0x146)
    5858                      .dwattr $C$DW$462, DW_AT_decl_column(0x05)
    5859              
    5860              $C$DW$463       .dwtag  DW_TAG_enumerator
    5861                      .dwattr $C$DW$463, DW_AT_name("SPI_FIFO_TX5")
    5862                      .dwattr $C$DW$463, DW_AT_const_value(0x05)
    5863                      .dwattr $C$DW$463, DW_AT_decl_file("/home/jose/ti/c2000/C2000Ware_26_01_00_00/driverlib/f2837xd/drive
    5864                      .dwattr $C$DW$463, DW_AT_decl_line(0x147)
    5865                      .dwattr $C$DW$463, DW_AT_decl_column(0x05)
    5866              
    5867              $C$DW$464       .dwtag  DW_TAG_enumerator
    5868                      .dwattr $C$DW$464, DW_AT_name("SPI_FIFO_TX6")
    5869                      .dwattr $C$DW$464, DW_AT_const_value(0x06)
    5870                      .dwattr $C$DW$464, DW_AT_decl_file("/home/jose/ti/c2000/C2000Ware_26_01_00_00/driverlib/f2837xd/drive
    5871                      .dwattr $C$DW$464, DW_AT_decl_line(0x148)
    5872                      .dwattr $C$DW$464, DW_AT_decl_column(0x05)
    5873              
    5874              $C$DW$465       .dwtag  DW_TAG_enumerator
    5875                      .dwattr $C$DW$465, DW_AT_name("SPI_FIFO_TX7")
    5876                      .dwattr $C$DW$465, DW_AT_const_value(0x07)
    5877                      .dwattr $C$DW$465, DW_AT_decl_file("/home/jose/ti/c2000/C2000Ware_26_01_00_00/driverlib/f2837xd/drive
    5878                      .dwattr $C$DW$465, DW_AT_decl_line(0x149)
    5879                      .dwattr $C$DW$465, DW_AT_decl_column(0x05)
    5880              
    5881              $C$DW$466       .dwtag  DW_TAG_enumerator
    5882                      .dwattr $C$DW$466, DW_AT_name("SPI_FIFO_TX8")
    5883                      .dwattr $C$DW$466, DW_AT_const_value(0x08)
    5884                      .dwattr $C$DW$466, DW_AT_decl_file("/home/jose/ti/c2000/C2000Ware_26_01_00_00/driverlib/f2837xd/drive
    5885                      .dwattr $C$DW$466, DW_AT_decl_line(0x14a)
    5886                      .dwattr $C$DW$466, DW_AT_decl_column(0x05)
    5887              
    5888              $C$DW$467       .dwtag  DW_TAG_enumerator
    5889                      .dwattr $C$DW$467, DW_AT_name("SPI_FIFO_TX9")
    5890                      .dwattr $C$DW$467, DW_AT_const_value(0x09)
    5891                      .dwattr $C$DW$467, DW_AT_decl_file("/home/jose/ti/c2000/C2000Ware_26_01_00_00/driverlib/f2837xd/drive
    5892                      .dwattr $C$DW$467, DW_AT_decl_line(0x14b)
TMS320C2000 Assembler Unix v25.11.0 Sat May 30 20:15:25 2026

Copyright (c) 1996-2018 Texas Instruments Incorporated
board.asm                                                            PAGE  120

    5893                      .dwattr $C$DW$467, DW_AT_decl_column(0x05)
    5894              
    5895              $C$DW$468       .dwtag  DW_TAG_enumerator
    5896                      .dwattr $C$DW$468, DW_AT_name("SPI_FIFO_TX10")
    5897                      .dwattr $C$DW$468, DW_AT_const_value(0x0a)
    5898                      .dwattr $C$DW$468, DW_AT_decl_file("/home/jose/ti/c2000/C2000Ware_26_01_00_00/driverlib/f2837xd/drive
    5899                      .dwattr $C$DW$468, DW_AT_decl_line(0x14c)
    5900                      .dwattr $C$DW$468, DW_AT_decl_column(0x05)
    5901              
    5902              $C$DW$469       .dwtag  DW_TAG_enumerator
    5903                      .dwattr $C$DW$469, DW_AT_name("SPI_FIFO_TX11")
    5904                      .dwattr $C$DW$469, DW_AT_const_value(0x0b)
    5905                      .dwattr $C$DW$469, DW_AT_decl_file("/home/jose/ti/c2000/C2000Ware_26_01_00_00/driverlib/f2837xd/drive
    5906                      .dwattr $C$DW$469, DW_AT_decl_line(0x14d)
    5907                      .dwattr $C$DW$469, DW_AT_decl_column(0x05)
    5908              
    5909              $C$DW$470       .dwtag  DW_TAG_enumerator
    5910                      .dwattr $C$DW$470, DW_AT_name("SPI_FIFO_TX12")
    5911                      .dwattr $C$DW$470, DW_AT_const_value(0x0c)
    5912                      .dwattr $C$DW$470, DW_AT_decl_file("/home/jose/ti/c2000/C2000Ware_26_01_00_00/driverlib/f2837xd/drive
    5913                      .dwattr $C$DW$470, DW_AT_decl_line(0x14e)
    5914                      .dwattr $C$DW$470, DW_AT_decl_column(0x05)
    5915              
    5916              $C$DW$471       .dwtag  DW_TAG_enumerator
    5917                      .dwattr $C$DW$471, DW_AT_name("SPI_FIFO_TX13")
    5918                      .dwattr $C$DW$471, DW_AT_const_value(0x0d)
    5919                      .dwattr $C$DW$471, DW_AT_decl_file("/home/jose/ti/c2000/C2000Ware_26_01_00_00/driverlib/f2837xd/drive
    5920                      .dwattr $C$DW$471, DW_AT_decl_line(0x14f)
    5921                      .dwattr $C$DW$471, DW_AT_decl_column(0x05)
    5922              
    5923              $C$DW$472       .dwtag  DW_TAG_enumerator
    5924                      .dwattr $C$DW$472, DW_AT_name("SPI_FIFO_TX14")
    5925                      .dwattr $C$DW$472, DW_AT_const_value(0x0e)
    5926                      .dwattr $C$DW$472, DW_AT_decl_file("/home/jose/ti/c2000/C2000Ware_26_01_00_00/driverlib/f2837xd/drive
    5927                      .dwattr $C$DW$472, DW_AT_decl_line(0x150)
    5928                      .dwattr $C$DW$472, DW_AT_decl_column(0x05)
    5929              
    5930              $C$DW$473       .dwtag  DW_TAG_enumerator
    5931                      .dwattr $C$DW$473, DW_AT_name("SPI_FIFO_TX15")
    5932                      .dwattr $C$DW$473, DW_AT_const_value(0x0f)
    5933                      .dwattr $C$DW$473, DW_AT_decl_file("/home/jose/ti/c2000/C2000Ware_26_01_00_00/driverlib/f2837xd/drive
    5934                      .dwattr $C$DW$473, DW_AT_decl_line(0x151)
    5935                      .dwattr $C$DW$473, DW_AT_decl_column(0x05)
    5936              
    5937              $C$DW$474       .dwtag  DW_TAG_enumerator
    5938                      .dwattr $C$DW$474, DW_AT_name("SPI_FIFO_TX16")
    5939                      .dwattr $C$DW$474, DW_AT_const_value(0x10)
    5940                      .dwattr $C$DW$474, DW_AT_decl_file("/home/jose/ti/c2000/C2000Ware_26_01_00_00/driverlib/f2837xd/drive
    5941                      .dwattr $C$DW$474, DW_AT_decl_line(0x152)
    5942                      .dwattr $C$DW$474, DW_AT_decl_column(0x05)
    5943              
    5944              $C$DW$475       .dwtag  DW_TAG_enumerator
    5945                      .dwattr $C$DW$475, DW_AT_name("SPI_FIFO_TXFULL")
    5946                      .dwattr $C$DW$475, DW_AT_const_value(0x10)
    5947                      .dwattr $C$DW$475, DW_AT_decl_file("/home/jose/ti/c2000/C2000Ware_26_01_00_00/driverlib/f2837xd/drive
TMS320C2000 Assembler Unix v25.11.0 Sat May 30 20:15:25 2026

Copyright (c) 1996-2018 Texas Instruments Incorporated
board.asm                                                            PAGE  121

    5948                      .dwattr $C$DW$475, DW_AT_decl_line(0x153)
    5949                      .dwattr $C$DW$475, DW_AT_decl_column(0x05)
    5950              
    5951                      .dwattr $C$DW$T$95, DW_AT_decl_file("/home/jose/ti/c2000/C2000Ware_26_01_00_00/driverlib/f2837xd/driv
    5952                      .dwattr $C$DW$T$95, DW_AT_decl_line(0x140)
    5953                      .dwattr $C$DW$T$95, DW_AT_decl_column(0x01)
    5954                      .dwendtag $C$DW$T$95
    5955              
    5956                      .dwendtag $C$DW$TU$95
    5957              
    5958              
    5959              $C$DW$TU$96     .dwtag  DW_TAG_type_unit
    5960                      .dwmtype  $C$DW$T$96
    5961              $C$DW$T$96      .dwtag  DW_TAG_typedef
    5962                      .dwattr $C$DW$T$96, DW_AT_name("SPI_TxFIFOLevel")
    5963                      .dwattr $C$DW$T$96, DW_AT_type(*$C$DW$T$95)
    5964                      .dwattr $C$DW$T$96, DW_AT_decl_file("/home/jose/ti/c2000/C2000Ware_26_01_00_00/driverlib/f2837xd/driv
    5965                      .dwattr $C$DW$T$96, DW_AT_decl_line(0x154)
    5966                      .dwattr $C$DW$T$96, DW_AT_decl_column(0x03)
    5967              
    5968                      .dwendtag $C$DW$TU$96
    5969              
    5970              
    5971              $C$DW$TU$97     .dwtag  DW_TAG_type_unit
    5972                      .dwmtype  $C$DW$T$97
    5973              
    5974              $C$DW$T$97      .dwtag  DW_TAG_enumeration_type
    5975                      .dwattr $C$DW$T$97, DW_AT_byte_size(0x01)
    5976              $C$DW$476       .dwtag  DW_TAG_enumerator
    5977                      .dwattr $C$DW$476, DW_AT_name("SPI_FIFO_RXEMPTY")
    5978                      .dwattr $C$DW$476, DW_AT_const_value(0x00)
    5979                      .dwattr $C$DW$476, DW_AT_decl_file("/home/jose/ti/c2000/C2000Ware_26_01_00_00/driverlib/f2837xd/drive
    5980                      .dwattr $C$DW$476, DW_AT_decl_line(0x15f)
    5981                      .dwattr $C$DW$476, DW_AT_decl_column(0x05)
    5982              
    5983              $C$DW$477       .dwtag  DW_TAG_enumerator
    5984                      .dwattr $C$DW$477, DW_AT_name("SPI_FIFO_RX0")
    5985                      .dwattr $C$DW$477, DW_AT_const_value(0x00)
    5986                      .dwattr $C$DW$477, DW_AT_decl_file("/home/jose/ti/c2000/C2000Ware_26_01_00_00/driverlib/f2837xd/drive
    5987                      .dwattr $C$DW$477, DW_AT_decl_line(0x160)
    5988                      .dwattr $C$DW$477, DW_AT_decl_column(0x05)
    5989              
    5990              $C$DW$478       .dwtag  DW_TAG_enumerator
    5991                      .dwattr $C$DW$478, DW_AT_name("SPI_FIFO_RX1")
    5992                      .dwattr $C$DW$478, DW_AT_const_value(0x01)
    5993                      .dwattr $C$DW$478, DW_AT_decl_file("/home/jose/ti/c2000/C2000Ware_26_01_00_00/driverlib/f2837xd/drive
    5994                      .dwattr $C$DW$478, DW_AT_decl_line(0x161)
    5995                      .dwattr $C$DW$478, DW_AT_decl_column(0x05)
    5996              
    5997              $C$DW$479       .dwtag  DW_TAG_enumerator
    5998                      .dwattr $C$DW$479, DW_AT_name("SPI_FIFO_RX2")
    5999                      .dwattr $C$DW$479, DW_AT_const_value(0x02)
    6000                      .dwattr $C$DW$479, DW_AT_decl_file("/home/jose/ti/c2000/C2000Ware_26_01_00_00/driverlib/f2837xd/drive
    6001                      .dwattr $C$DW$479, DW_AT_decl_line(0x162)
    6002                      .dwattr $C$DW$479, DW_AT_decl_column(0x05)
TMS320C2000 Assembler Unix v25.11.0 Sat May 30 20:15:25 2026

Copyright (c) 1996-2018 Texas Instruments Incorporated
board.asm                                                            PAGE  122

    6003              
    6004              $C$DW$480       .dwtag  DW_TAG_enumerator
    6005                      .dwattr $C$DW$480, DW_AT_name("SPI_FIFO_RX3")
    6006                      .dwattr $C$DW$480, DW_AT_const_value(0x03)
    6007                      .dwattr $C$DW$480, DW_AT_decl_file("/home/jose/ti/c2000/C2000Ware_26_01_00_00/driverlib/f2837xd/drive
    6008                      .dwattr $C$DW$480, DW_AT_decl_line(0x163)
    6009                      .dwattr $C$DW$480, DW_AT_decl_column(0x05)
    6010              
    6011              $C$DW$481       .dwtag  DW_TAG_enumerator
    6012                      .dwattr $C$DW$481, DW_AT_name("SPI_FIFO_RX4")
    6013                      .dwattr $C$DW$481, DW_AT_const_value(0x04)
    6014                      .dwattr $C$DW$481, DW_AT_decl_file("/home/jose/ti/c2000/C2000Ware_26_01_00_00/driverlib/f2837xd/drive
    6015                      .dwattr $C$DW$481, DW_AT_decl_line(0x164)
    6016                      .dwattr $C$DW$481, DW_AT_decl_column(0x05)
    6017              
    6018              $C$DW$482       .dwtag  DW_TAG_enumerator
    6019                      .dwattr $C$DW$482, DW_AT_name("SPI_FIFO_RX5")
    6020                      .dwattr $C$DW$482, DW_AT_const_value(0x05)
    6021                      .dwattr $C$DW$482, DW_AT_decl_file("/home/jose/ti/c2000/C2000Ware_26_01_00_00/driverlib/f2837xd/drive
    6022                      .dwattr $C$DW$482, DW_AT_decl_line(0x165)
    6023                      .dwattr $C$DW$482, DW_AT_decl_column(0x05)
    6024              
    6025              $C$DW$483       .dwtag  DW_TAG_enumerator
    6026                      .dwattr $C$DW$483, DW_AT_name("SPI_FIFO_RX6")
    6027                      .dwattr $C$DW$483, DW_AT_const_value(0x06)
    6028                      .dwattr $C$DW$483, DW_AT_decl_file("/home/jose/ti/c2000/C2000Ware_26_01_00_00/driverlib/f2837xd/drive
    6029                      .dwattr $C$DW$483, DW_AT_decl_line(0x166)
    6030                      .dwattr $C$DW$483, DW_AT_decl_column(0x05)
    6031              
    6032              $C$DW$484       .dwtag  DW_TAG_enumerator
    6033                      .dwattr $C$DW$484, DW_AT_name("SPI_FIFO_RX7")
    6034                      .dwattr $C$DW$484, DW_AT_const_value(0x07)
    6035                      .dwattr $C$DW$484, DW_AT_decl_file("/home/jose/ti/c2000/C2000Ware_26_01_00_00/driverlib/f2837xd/drive
    6036                      .dwattr $C$DW$484, DW_AT_decl_line(0x167)
    6037                      .dwattr $C$DW$484, DW_AT_decl_column(0x05)
    6038              
    6039              $C$DW$485       .dwtag  DW_TAG_enumerator
    6040                      .dwattr $C$DW$485, DW_AT_name("SPI_FIFO_RX8")
    6041                      .dwattr $C$DW$485, DW_AT_const_value(0x08)
    6042                      .dwattr $C$DW$485, DW_AT_decl_file("/home/jose/ti/c2000/C2000Ware_26_01_00_00/driverlib/f2837xd/drive
    6043                      .dwattr $C$DW$485, DW_AT_decl_line(0x168)
    6044                      .dwattr $C$DW$485, DW_AT_decl_column(0x05)
    6045              
    6046              $C$DW$486       .dwtag  DW_TAG_enumerator
    6047                      .dwattr $C$DW$486, DW_AT_name("SPI_FIFO_RX9")
    6048                      .dwattr $C$DW$486, DW_AT_const_value(0x09)
    6049                      .dwattr $C$DW$486, DW_AT_decl_file("/home/jose/ti/c2000/C2000Ware_26_01_00_00/driverlib/f2837xd/drive
    6050                      .dwattr $C$DW$486, DW_AT_decl_line(0x169)
    6051                      .dwattr $C$DW$486, DW_AT_decl_column(0x05)
    6052              
    6053              $C$DW$487       .dwtag  DW_TAG_enumerator
    6054                      .dwattr $C$DW$487, DW_AT_name("SPI_FIFO_RX10")
    6055                      .dwattr $C$DW$487, DW_AT_const_value(0x0a)
    6056                      .dwattr $C$DW$487, DW_AT_decl_file("/home/jose/ti/c2000/C2000Ware_26_01_00_00/driverlib/f2837xd/drive
    6057                      .dwattr $C$DW$487, DW_AT_decl_line(0x16a)
TMS320C2000 Assembler Unix v25.11.0 Sat May 30 20:15:25 2026

Copyright (c) 1996-2018 Texas Instruments Incorporated
board.asm                                                            PAGE  123

    6058                      .dwattr $C$DW$487, DW_AT_decl_column(0x05)
    6059              
    6060              $C$DW$488       .dwtag  DW_TAG_enumerator
    6061                      .dwattr $C$DW$488, DW_AT_name("SPI_FIFO_RX11")
    6062                      .dwattr $C$DW$488, DW_AT_const_value(0x0b)
    6063                      .dwattr $C$DW$488, DW_AT_decl_file("/home/jose/ti/c2000/C2000Ware_26_01_00_00/driverlib/f2837xd/drive
    6064                      .dwattr $C$DW$488, DW_AT_decl_line(0x16b)
    6065                      .dwattr $C$DW$488, DW_AT_decl_column(0x05)
    6066              
    6067              $C$DW$489       .dwtag  DW_TAG_enumerator
    6068                      .dwattr $C$DW$489, DW_AT_name("SPI_FIFO_RX12")
    6069                      .dwattr $C$DW$489, DW_AT_const_value(0x0c)
    6070                      .dwattr $C$DW$489, DW_AT_decl_file("/home/jose/ti/c2000/C2000Ware_26_01_00_00/driverlib/f2837xd/drive
    6071                      .dwattr $C$DW$489, DW_AT_decl_line(0x16c)
    6072                      .dwattr $C$DW$489, DW_AT_decl_column(0x05)
    6073              
    6074              $C$DW$490       .dwtag  DW_TAG_enumerator
    6075                      .dwattr $C$DW$490, DW_AT_name("SPI_FIFO_RX13")
    6076                      .dwattr $C$DW$490, DW_AT_const_value(0x0d)
    6077                      .dwattr $C$DW$490, DW_AT_decl_file("/home/jose/ti/c2000/C2000Ware_26_01_00_00/driverlib/f2837xd/drive
    6078                      .dwattr $C$DW$490, DW_AT_decl_line(0x16d)
    6079                      .dwattr $C$DW$490, DW_AT_decl_column(0x05)
    6080              
    6081              $C$DW$491       .dwtag  DW_TAG_enumerator
    6082                      .dwattr $C$DW$491, DW_AT_name("SPI_FIFO_RX14")
    6083                      .dwattr $C$DW$491, DW_AT_const_value(0x0e)
    6084                      .dwattr $C$DW$491, DW_AT_decl_file("/home/jose/ti/c2000/C2000Ware_26_01_00_00/driverlib/f2837xd/drive
    6085                      .dwattr $C$DW$491, DW_AT_decl_line(0x16e)
    6086                      .dwattr $C$DW$491, DW_AT_decl_column(0x05)
    6087              
    6088              $C$DW$492       .dwtag  DW_TAG_enumerator
    6089                      .dwattr $C$DW$492, DW_AT_name("SPI_FIFO_RX15")
    6090                      .dwattr $C$DW$492, DW_AT_const_value(0x0f)
    6091                      .dwattr $C$DW$492, DW_AT_decl_file("/home/jose/ti/c2000/C2000Ware_26_01_00_00/driverlib/f2837xd/drive
    6092                      .dwattr $C$DW$492, DW_AT_decl_line(0x16f)
    6093                      .dwattr $C$DW$492, DW_AT_decl_column(0x05)
    6094              
    6095              $C$DW$493       .dwtag  DW_TAG_enumerator
    6096                      .dwattr $C$DW$493, DW_AT_name("SPI_FIFO_RX16")
    6097                      .dwattr $C$DW$493, DW_AT_const_value(0x10)
    6098                      .dwattr $C$DW$493, DW_AT_decl_file("/home/jose/ti/c2000/C2000Ware_26_01_00_00/driverlib/f2837xd/drive
    6099                      .dwattr $C$DW$493, DW_AT_decl_line(0x170)
    6100                      .dwattr $C$DW$493, DW_AT_decl_column(0x05)
    6101              
    6102              $C$DW$494       .dwtag  DW_TAG_enumerator
    6103                      .dwattr $C$DW$494, DW_AT_name("SPI_FIFO_RXFULL")
    6104                      .dwattr $C$DW$494, DW_AT_const_value(0x10)
    6105                      .dwattr $C$DW$494, DW_AT_decl_file("/home/jose/ti/c2000/C2000Ware_26_01_00_00/driverlib/f2837xd/drive
    6106                      .dwattr $C$DW$494, DW_AT_decl_line(0x171)
    6107                      .dwattr $C$DW$494, DW_AT_decl_column(0x05)
    6108              
    6109              $C$DW$495       .dwtag  DW_TAG_enumerator
    6110                      .dwattr $C$DW$495, DW_AT_name("SPI_FIFO_RXDEFAULT")
    6111                      .dwattr $C$DW$495, DW_AT_const_value(0x1f)
    6112                      .dwattr $C$DW$495, DW_AT_decl_file("/home/jose/ti/c2000/C2000Ware_26_01_00_00/driverlib/f2837xd/drive
TMS320C2000 Assembler Unix v25.11.0 Sat May 30 20:15:25 2026

Copyright (c) 1996-2018 Texas Instruments Incorporated
board.asm                                                            PAGE  124

    6113                      .dwattr $C$DW$495, DW_AT_decl_line(0x172)
    6114                      .dwattr $C$DW$495, DW_AT_decl_column(0x05)
    6115              
    6116                      .dwattr $C$DW$T$97, DW_AT_decl_file("/home/jose/ti/c2000/C2000Ware_26_01_00_00/driverlib/f2837xd/driv
    6117                      .dwattr $C$DW$T$97, DW_AT_decl_line(0x15e)
    6118                      .dwattr $C$DW$T$97, DW_AT_decl_column(0x01)
    6119                      .dwendtag $C$DW$T$97
    6120              
    6121                      .dwendtag $C$DW$TU$97
    6122              
    6123              
    6124              $C$DW$TU$98     .dwtag  DW_TAG_type_unit
    6125                      .dwmtype  $C$DW$T$98
    6126              $C$DW$T$98      .dwtag  DW_TAG_typedef
    6127                      .dwattr $C$DW$T$98, DW_AT_name("SPI_RxFIFOLevel")
    6128                      .dwattr $C$DW$T$98, DW_AT_type(*$C$DW$T$97)
    6129                      .dwattr $C$DW$T$98, DW_AT_decl_file("/home/jose/ti/c2000/C2000Ware_26_01_00_00/driverlib/f2837xd/driv
    6130                      .dwattr $C$DW$T$98, DW_AT_decl_line(0x173)
    6131                      .dwattr $C$DW$T$98, DW_AT_decl_column(0x03)
    6132              
    6133                      .dwendtag $C$DW$TU$98
    6134              
    6135              
    6136              $C$DW$TU$99     .dwtag  DW_TAG_type_unit
    6137                      .dwmtype  $C$DW$T$99
    6138              
    6139              $C$DW$T$99      .dwtag  DW_TAG_enumeration_type
    6140                      .dwattr $C$DW$T$99, DW_AT_byte_size(0x01)
    6141              $C$DW$496       .dwtag  DW_TAG_enumerator
    6142                      .dwattr $C$DW$496, DW_AT_name("SPI_PTE_ACTIVE_LOW")
    6143                      .dwattr $C$DW$496, DW_AT_const_value(0x00)
    6144                      .dwattr $C$DW$496, DW_AT_decl_file("/home/jose/ti/c2000/C2000Ware_26_01_00_00/driverlib/f2837xd/drive
    6145                      .dwattr $C$DW$496, DW_AT_decl_line(0x18d)
    6146                      .dwattr $C$DW$496, DW_AT_decl_column(0x05)
    6147              
    6148              $C$DW$497       .dwtag  DW_TAG_enumerator
    6149                      .dwattr $C$DW$497, DW_AT_name("SPI_PTE_ACTIVE_HIGH")
    6150                      .dwattr $C$DW$497, DW_AT_const_value(0x02)
    6151                      .dwattr $C$DW$497, DW_AT_decl_file("/home/jose/ti/c2000/C2000Ware_26_01_00_00/driverlib/f2837xd/drive
    6152                      .dwattr $C$DW$497, DW_AT_decl_line(0x18e)
    6153                      .dwattr $C$DW$497, DW_AT_decl_column(0x05)
    6154              
    6155                      .dwattr $C$DW$T$99, DW_AT_decl_file("/home/jose/ti/c2000/C2000Ware_26_01_00_00/driverlib/f2837xd/driv
    6156                      .dwattr $C$DW$T$99, DW_AT_decl_line(0x18c)
    6157                      .dwattr $C$DW$T$99, DW_AT_decl_column(0x01)
    6158                      .dwendtag $C$DW$T$99
    6159              
    6160                      .dwendtag $C$DW$TU$99
    6161              
    6162              
    6163              $C$DW$TU$100    .dwtag  DW_TAG_type_unit
    6164                      .dwmtype  $C$DW$T$100
    6165              $C$DW$T$100     .dwtag  DW_TAG_typedef
    6166                      .dwattr $C$DW$T$100, DW_AT_name("SPI_PTEPolarity")
    6167                      .dwattr $C$DW$T$100, DW_AT_type(*$C$DW$T$99)
TMS320C2000 Assembler Unix v25.11.0 Sat May 30 20:15:25 2026

Copyright (c) 1996-2018 Texas Instruments Incorporated
board.asm                                                            PAGE  125

    6168                      .dwattr $C$DW$T$100, DW_AT_decl_file("/home/jose/ti/c2000/C2000Ware_26_01_00_00/driverlib/f2837xd/dri
    6169                      .dwattr $C$DW$T$100, DW_AT_decl_line(0x18f)
    6170                      .dwattr $C$DW$T$100, DW_AT_decl_column(0x03)
    6171              
    6172                      .dwendtag $C$DW$TU$100
    6173              
    6174              
    6175              $C$DW$TU$101    .dwtag  DW_TAG_type_unit
    6176                      .dwmtype  $C$DW$T$101
    6177              
    6178              $C$DW$T$101     .dwtag  DW_TAG_enumeration_type
    6179                      .dwattr $C$DW$T$101, DW_AT_byte_size(0x01)
    6180              $C$DW$498       .dwtag  DW_TAG_enumerator
    6181                      .dwattr $C$DW$498, DW_AT_name("SPI_EMULATION_STOP_MIDWAY")
    6182                      .dwattr $C$DW$498, DW_AT_const_value(0x00)
    6183                      .dwattr $C$DW$498, DW_AT_decl_file("/home/jose/ti/c2000/C2000Ware_26_01_00_00/driverlib/f2837xd/drive
    6184                      .dwattr $C$DW$498, DW_AT_decl_line(0x17e)
    6185                      .dwattr $C$DW$498, DW_AT_decl_column(0x05)
    6186              
    6187              $C$DW$499       .dwtag  DW_TAG_enumerator
    6188                      .dwattr $C$DW$499, DW_AT_name("SPI_EMULATION_FREE_RUN")
    6189                      .dwattr $C$DW$499, DW_AT_const_value(0x10)
    6190                      .dwattr $C$DW$499, DW_AT_decl_file("/home/jose/ti/c2000/C2000Ware_26_01_00_00/driverlib/f2837xd/drive
    6191                      .dwattr $C$DW$499, DW_AT_decl_line(0x180)
    6192                      .dwattr $C$DW$499, DW_AT_decl_column(0x05)
    6193              
    6194              $C$DW$500       .dwtag  DW_TAG_enumerator
    6195                      .dwattr $C$DW$500, DW_AT_name("SPI_EMULATION_STOP_AFTER_TRANSMIT")
    6196                      .dwattr $C$DW$500, DW_AT_const_value(0x20)
    6197                      .dwattr $C$DW$500, DW_AT_decl_file("/home/jose/ti/c2000/C2000Ware_26_01_00_00/driverlib/f2837xd/drive
    6198                      .dwattr $C$DW$500, DW_AT_decl_line(0x182)
    6199                      .dwattr $C$DW$500, DW_AT_decl_column(0x05)
    6200              
    6201                      .dwattr $C$DW$T$101, DW_AT_decl_file("/home/jose/ti/c2000/C2000Ware_26_01_00_00/driverlib/f2837xd/dri
    6202                      .dwattr $C$DW$T$101, DW_AT_decl_line(0x17c)
    6203                      .dwattr $C$DW$T$101, DW_AT_decl_column(0x01)
    6204                      .dwendtag $C$DW$T$101
    6205              
    6206                      .dwendtag $C$DW$TU$101
    6207              
    6208              
    6209              $C$DW$TU$102    .dwtag  DW_TAG_type_unit
    6210                      .dwmtype  $C$DW$T$102
    6211              $C$DW$T$102     .dwtag  DW_TAG_typedef
    6212                      .dwattr $C$DW$T$102, DW_AT_name("SPI_EmulationMode")
    6213                      .dwattr $C$DW$T$102, DW_AT_type(*$C$DW$T$101)
    6214                      .dwattr $C$DW$T$102, DW_AT_decl_file("/home/jose/ti/c2000/C2000Ware_26_01_00_00/driverlib/f2837xd/dri
    6215                      .dwattr $C$DW$T$102, DW_AT_decl_line(0x183)
    6216                      .dwattr $C$DW$T$102, DW_AT_decl_column(0x03)
    6217              
    6218                      .dwendtag $C$DW$TU$102
    6219              
    6220              
    6221              $C$DW$TU$103    .dwtag  DW_TAG_type_unit
    6222                      .dwmtype  $C$DW$T$103
TMS320C2000 Assembler Unix v25.11.0 Sat May 30 20:15:25 2026

Copyright (c) 1996-2018 Texas Instruments Incorporated
board.asm                                                            PAGE  126

    6223              
    6224              $C$DW$T$103     .dwtag  DW_TAG_enumeration_type
    6225                      .dwattr $C$DW$T$103, DW_AT_byte_size(0x01)
    6226              $C$DW$501       .dwtag  DW_TAG_enumerator
    6227                      .dwattr $C$DW$501, DW_AT_name("SPI_PROT_POL0PHA0")
    6228                      .dwattr $C$DW$501, DW_AT_const_value(0x00)
    6229                      .dwattr $C$DW$501, DW_AT_decl_file("/home/jose/ti/c2000/C2000Ware_26_01_00_00/driverlib/f2837xd/drive
    6230                      .dwattr $C$DW$501, DW_AT_decl_line(0x122)
    6231                      .dwattr $C$DW$501, DW_AT_decl_column(0x05)
    6232              
    6233              $C$DW$502       .dwtag  DW_TAG_enumerator
    6234                      .dwattr $C$DW$502, DW_AT_name("SPI_PROT_POL0PHA1")
    6235                      .dwattr $C$DW$502, DW_AT_const_value(0x02)
    6236                      .dwattr $C$DW$502, DW_AT_decl_file("/home/jose/ti/c2000/C2000Ware_26_01_00_00/driverlib/f2837xd/drive
    6237                      .dwattr $C$DW$502, DW_AT_decl_line(0x124)
    6238                      .dwattr $C$DW$502, DW_AT_decl_column(0x05)
    6239              
    6240              $C$DW$503       .dwtag  DW_TAG_enumerator
    6241                      .dwattr $C$DW$503, DW_AT_name("SPI_PROT_POL1PHA0")
    6242                      .dwattr $C$DW$503, DW_AT_const_value(0x01)
    6243                      .dwattr $C$DW$503, DW_AT_decl_file("/home/jose/ti/c2000/C2000Ware_26_01_00_00/driverlib/f2837xd/drive
    6244                      .dwattr $C$DW$503, DW_AT_decl_line(0x126)
    6245                      .dwattr $C$DW$503, DW_AT_decl_column(0x05)
    6246              
    6247              $C$DW$504       .dwtag  DW_TAG_enumerator
    6248                      .dwattr $C$DW$504, DW_AT_name("SPI_PROT_POL1PHA1")
    6249                      .dwattr $C$DW$504, DW_AT_const_value(0x03)
    6250                      .dwattr $C$DW$504, DW_AT_decl_file("/home/jose/ti/c2000/C2000Ware_26_01_00_00/driverlib/f2837xd/drive
    6251                      .dwattr $C$DW$504, DW_AT_decl_line(0x128)
    6252                      .dwattr $C$DW$504, DW_AT_decl_column(0x05)
    6253              
    6254                      .dwattr $C$DW$T$103, DW_AT_decl_file("/home/jose/ti/c2000/C2000Ware_26_01_00_00/driverlib/f2837xd/dri
    6255                      .dwattr $C$DW$T$103, DW_AT_decl_line(0x120)
    6256                      .dwattr $C$DW$T$103, DW_AT_decl_column(0x01)
    6257                      .dwendtag $C$DW$T$103
    6258              
    6259                      .dwendtag $C$DW$TU$103
    6260              
    6261              
    6262              $C$DW$TU$104    .dwtag  DW_TAG_type_unit
    6263                      .dwmtype  $C$DW$T$104
    6264              $C$DW$T$104     .dwtag  DW_TAG_typedef
    6265                      .dwattr $C$DW$T$104, DW_AT_name("SPI_TransferProtocol")
    6266                      .dwattr $C$DW$T$104, DW_AT_type(*$C$DW$T$103)
    6267                      .dwattr $C$DW$T$104, DW_AT_decl_file("/home/jose/ti/c2000/C2000Ware_26_01_00_00/driverlib/f2837xd/dri
    6268                      .dwattr $C$DW$T$104, DW_AT_decl_line(0x129)
    6269                      .dwattr $C$DW$T$104, DW_AT_decl_column(0x03)
    6270              
    6271                      .dwendtag $C$DW$TU$104
    6272              
    6273              
    6274              $C$DW$TU$105    .dwtag  DW_TAG_type_unit
    6275                      .dwmtype  $C$DW$T$105
    6276              
    6277              $C$DW$T$105     .dwtag  DW_TAG_enumeration_type
TMS320C2000 Assembler Unix v25.11.0 Sat May 30 20:15:25 2026

Copyright (c) 1996-2018 Texas Instruments Incorporated
board.asm                                                            PAGE  127

    6278                      .dwattr $C$DW$T$105, DW_AT_byte_size(0x01)
    6279              $C$DW$505       .dwtag  DW_TAG_enumerator
    6280                      .dwattr $C$DW$505, DW_AT_name("SPI_MODE_PERIPHERAL")
    6281                      .dwattr $C$DW$505, DW_AT_const_value(0x02)
    6282                      .dwattr $C$DW$505, DW_AT_decl_file("/home/jose/ti/c2000/C2000Ware_26_01_00_00/driverlib/f2837xd/drive
    6283                      .dwattr $C$DW$505, DW_AT_decl_line(0x132)
    6284                      .dwattr $C$DW$505, DW_AT_decl_column(0x05)
    6285              
    6286              $C$DW$506       .dwtag  DW_TAG_enumerator
    6287                      .dwattr $C$DW$506, DW_AT_name("SPI_MODE_CONTROLLER")
    6288                      .dwattr $C$DW$506, DW_AT_const_value(0x06)
    6289                      .dwattr $C$DW$506, DW_AT_decl_file("/home/jose/ti/c2000/C2000Ware_26_01_00_00/driverlib/f2837xd/drive
    6290                      .dwattr $C$DW$506, DW_AT_decl_line(0x133)
    6291                      .dwattr $C$DW$506, DW_AT_decl_column(0x05)
    6292              
    6293              $C$DW$507       .dwtag  DW_TAG_enumerator
    6294                      .dwattr $C$DW$507, DW_AT_name("SPI_MODE_PERIPHERAL_OD")
    6295                      .dwattr $C$DW$507, DW_AT_const_value(0x00)
    6296                      .dwattr $C$DW$507, DW_AT_decl_file("/home/jose/ti/c2000/C2000Ware_26_01_00_00/driverlib/f2837xd/drive
    6297                      .dwattr $C$DW$507, DW_AT_decl_line(0x134)
    6298                      .dwattr $C$DW$507, DW_AT_decl_column(0x05)
    6299              
    6300              $C$DW$508       .dwtag  DW_TAG_enumerator
    6301                      .dwattr $C$DW$508, DW_AT_name("SPI_MODE_CONTROLLER_OD")
    6302                      .dwattr $C$DW$508, DW_AT_const_value(0x04)
    6303                      .dwattr $C$DW$508, DW_AT_decl_file("/home/jose/ti/c2000/C2000Ware_26_01_00_00/driverlib/f2837xd/drive
    6304                      .dwattr $C$DW$508, DW_AT_decl_line(0x135)
    6305                      .dwattr $C$DW$508, DW_AT_decl_column(0x05)
    6306              
    6307                      .dwattr $C$DW$T$105, DW_AT_decl_file("/home/jose/ti/c2000/C2000Ware_26_01_00_00/driverlib/f2837xd/dri
    6308                      .dwattr $C$DW$T$105, DW_AT_decl_line(0x131)
    6309                      .dwattr $C$DW$T$105, DW_AT_decl_column(0x01)
    6310                      .dwendtag $C$DW$T$105
    6311              
    6312                      .dwendtag $C$DW$TU$105
    6313              
    6314              
    6315              $C$DW$TU$106    .dwtag  DW_TAG_type_unit
    6316                      .dwmtype  $C$DW$T$106
    6317              $C$DW$T$106     .dwtag  DW_TAG_typedef
    6318                      .dwattr $C$DW$T$106, DW_AT_name("SPI_Mode")
    6319                      .dwattr $C$DW$T$106, DW_AT_type(*$C$DW$T$105)
    6320                      .dwattr $C$DW$T$106, DW_AT_decl_file("/home/jose/ti/c2000/C2000Ware_26_01_00_00/driverlib/f2837xd/dri
    6321                      .dwattr $C$DW$T$106, DW_AT_decl_line(0x136)
    6322                      .dwattr $C$DW$T$106, DW_AT_decl_column(0x03)
    6323              
    6324                      .dwendtag $C$DW$TU$106
    6325              
    6326              
    6327              $C$DW$TU$2      .dwtag  DW_TAG_type_unit
    6328                      .dwmtype  $C$DW$T$2
    6329              $C$DW$T$2       .dwtag  DW_TAG_unspecified_type
    6330                      .dwattr $C$DW$T$2, DW_AT_name("void")
    6331              
    6332                      .dwendtag $C$DW$TU$2
TMS320C2000 Assembler Unix v25.11.0 Sat May 30 20:15:25 2026

Copyright (c) 1996-2018 Texas Instruments Incorporated
board.asm                                                            PAGE  128

    6333              
    6334              
    6335              $C$DW$TU$4      .dwtag  DW_TAG_type_unit
    6336                      .dwmtype  $C$DW$T$4
    6337              $C$DW$T$4       .dwtag  DW_TAG_base_type
    6338                      .dwattr $C$DW$T$4, DW_AT_encoding(DW_ATE_boolean)
    6339                      .dwattr $C$DW$T$4, DW_AT_name("bool")
    6340                      .dwattr $C$DW$T$4, DW_AT_byte_size(0x01)
    6341              
    6342                      .dwendtag $C$DW$TU$4
    6343              
    6344              
    6345              $C$DW$TU$5      .dwtag  DW_TAG_type_unit
    6346                      .dwmtype  $C$DW$T$5
    6347              $C$DW$T$5       .dwtag  DW_TAG_base_type
    6348                      .dwattr $C$DW$T$5, DW_AT_encoding(DW_ATE_signed_char)
    6349                      .dwattr $C$DW$T$5, DW_AT_name("signed char")
    6350                      .dwattr $C$DW$T$5, DW_AT_byte_size(0x01)
    6351              
    6352                      .dwendtag $C$DW$TU$5
    6353              
    6354              
    6355              $C$DW$TU$6      .dwtag  DW_TAG_type_unit
    6356                      .dwmtype  $C$DW$T$6
    6357              $C$DW$T$6       .dwtag  DW_TAG_base_type
    6358                      .dwattr $C$DW$T$6, DW_AT_encoding(DW_ATE_unsigned_char)
    6359                      .dwattr $C$DW$T$6, DW_AT_name("unsigned char")
    6360                      .dwattr $C$DW$T$6, DW_AT_byte_size(0x01)
    6361              
    6362                      .dwendtag $C$DW$TU$6
    6363              
    6364              
    6365              $C$DW$TU$7      .dwtag  DW_TAG_type_unit
    6366                      .dwmtype  $C$DW$T$7
    6367              $C$DW$T$7       .dwtag  DW_TAG_base_type
    6368                      .dwattr $C$DW$T$7, DW_AT_encoding(DW_ATE_signed_char)
    6369                      .dwattr $C$DW$T$7, DW_AT_name("wchar_t")
    6370                      .dwattr $C$DW$T$7, DW_AT_byte_size(0x02)
    6371              
    6372                      .dwendtag $C$DW$TU$7
    6373              
    6374              
    6375              $C$DW$TU$8      .dwtag  DW_TAG_type_unit
    6376                      .dwmtype  $C$DW$T$8
    6377              $C$DW$T$8       .dwtag  DW_TAG_base_type
    6378                      .dwattr $C$DW$T$8, DW_AT_encoding(DW_ATE_signed)
    6379                      .dwattr $C$DW$T$8, DW_AT_name("short")
    6380                      .dwattr $C$DW$T$8, DW_AT_byte_size(0x01)
    6381              
    6382                      .dwendtag $C$DW$TU$8
    6383              
    6384              
    6385              $C$DW$TU$9      .dwtag  DW_TAG_type_unit
    6386                      .dwmtype  $C$DW$T$9
    6387              $C$DW$T$9       .dwtag  DW_TAG_base_type
TMS320C2000 Assembler Unix v25.11.0 Sat May 30 20:15:25 2026

Copyright (c) 1996-2018 Texas Instruments Incorporated
board.asm                                                            PAGE  129

    6388                      .dwattr $C$DW$T$9, DW_AT_encoding(DW_ATE_unsigned)
    6389                      .dwattr $C$DW$T$9, DW_AT_name("unsigned short")
    6390                      .dwattr $C$DW$T$9, DW_AT_byte_size(0x01)
    6391              
    6392                      .dwendtag $C$DW$TU$9
    6393              
    6394              
    6395              $C$DW$TU$119    .dwtag  DW_TAG_type_unit
    6396                      .dwmtype  $C$DW$T$119
    6397              $C$DW$T$119     .dwtag  DW_TAG_typedef
    6398                      .dwattr $C$DW$T$119, DW_AT_name("__uint16_t")
    6399                      .dwattr $C$DW$T$119, DW_AT_type(*$C$DW$T$9)
    6400                      .dwattr $C$DW$T$119, DW_AT_decl_file("/home/jose/ti/ccs2051/ccs/tools/compiler/ti-cgt-c2000_25.11.0.L
    6401                      .dwattr $C$DW$T$119, DW_AT_decl_line(0x41)
    6402                      .dwattr $C$DW$T$119, DW_AT_decl_column(0x1c)
    6403              
    6404                      .dwendtag $C$DW$TU$119
    6405              
    6406              
    6407              $C$DW$TU$120    .dwtag  DW_TAG_type_unit
    6408                      .dwmtype  $C$DW$T$120
    6409              $C$DW$T$120     .dwtag  DW_TAG_typedef
    6410                      .dwattr $C$DW$T$120, DW_AT_name("uint16_t")
    6411                      .dwattr $C$DW$T$120, DW_AT_type(*$C$DW$T$119)
    6412                      .dwattr $C$DW$T$120, DW_AT_decl_file("/home/jose/ti/ccs2051/ccs/tools/compiler/ti-cgt-c2000_25.11.0.L
    6413                      .dwattr $C$DW$T$120, DW_AT_decl_line(0x41)
    6414                      .dwattr $C$DW$T$120, DW_AT_decl_column(0x15)
    6415              
    6416                      .dwendtag $C$DW$TU$120
    6417              
    6418              
    6419              $C$DW$TU$10     .dwtag  DW_TAG_type_unit
    6420                      .dwmtype  $C$DW$T$10
    6421              $C$DW$T$10      .dwtag  DW_TAG_base_type
    6422                      .dwattr $C$DW$T$10, DW_AT_encoding(DW_ATE_signed)
    6423                      .dwattr $C$DW$T$10, DW_AT_name("int")
    6424                      .dwattr $C$DW$T$10, DW_AT_byte_size(0x01)
    6425              
    6426                      .dwendtag $C$DW$TU$10
    6427              
    6428              
    6429              $C$DW$TU$11     .dwtag  DW_TAG_type_unit
    6430                      .dwmtype  $C$DW$T$11
    6431              $C$DW$T$11      .dwtag  DW_TAG_base_type
    6432                      .dwattr $C$DW$T$11, DW_AT_encoding(DW_ATE_unsigned)
    6433                      .dwattr $C$DW$T$11, DW_AT_name("unsigned int")
    6434                      .dwattr $C$DW$T$11, DW_AT_byte_size(0x01)
    6435              
    6436                      .dwendtag $C$DW$TU$11
    6437              
    6438              
    6439              $C$DW$TU$12     .dwtag  DW_TAG_type_unit
    6440                      .dwmtype  $C$DW$T$12
    6441              $C$DW$T$12      .dwtag  DW_TAG_base_type
    6442                      .dwattr $C$DW$T$12, DW_AT_encoding(DW_ATE_signed)
TMS320C2000 Assembler Unix v25.11.0 Sat May 30 20:15:25 2026

Copyright (c) 1996-2018 Texas Instruments Incorporated
board.asm                                                            PAGE  130

    6443                      .dwattr $C$DW$T$12, DW_AT_name("long")
    6444                      .dwattr $C$DW$T$12, DW_AT_byte_size(0x02)
    6445              
    6446                      .dwendtag $C$DW$TU$12
    6447              
    6448              
    6449              $C$DW$TU$13     .dwtag  DW_TAG_type_unit
    6450                      .dwmtype  $C$DW$T$13
    6451              $C$DW$T$13      .dwtag  DW_TAG_base_type
    6452                      .dwattr $C$DW$T$13, DW_AT_encoding(DW_ATE_unsigned)
    6453                      .dwattr $C$DW$T$13, DW_AT_name("unsigned long")
    6454                      .dwattr $C$DW$T$13, DW_AT_byte_size(0x02)
    6455              
    6456                      .dwendtag $C$DW$TU$13
    6457              
    6458              
    6459              $C$DW$TU$109    .dwtag  DW_TAG_type_unit
    6460                      .dwmtype  $C$DW$T$109
    6461              $C$DW$T$109     .dwtag  DW_TAG_typedef
    6462                      .dwattr $C$DW$T$109, DW_AT_name("__uint32_t")
    6463                      .dwattr $C$DW$T$109, DW_AT_type(*$C$DW$T$13)
    6464                      .dwattr $C$DW$T$109, DW_AT_decl_file("/home/jose/ti/ccs2051/ccs/tools/compiler/ti-cgt-c2000_25.11.0.L
    6465                      .dwattr $C$DW$T$109, DW_AT_decl_line(0x43)
    6466                      .dwattr $C$DW$T$109, DW_AT_decl_column(0x1c)
    6467              
    6468                      .dwendtag $C$DW$TU$109
    6469              
    6470              
    6471              $C$DW$TU$110    .dwtag  DW_TAG_type_unit
    6472                      .dwmtype  $C$DW$T$110
    6473              $C$DW$T$110     .dwtag  DW_TAG_typedef
    6474                      .dwattr $C$DW$T$110, DW_AT_name("uint32_t")
    6475                      .dwattr $C$DW$T$110, DW_AT_type(*$C$DW$T$109)
    6476                      .dwattr $C$DW$T$110, DW_AT_decl_file("/home/jose/ti/ccs2051/ccs/tools/compiler/ti-cgt-c2000_25.11.0.L
    6477                      .dwattr $C$DW$T$110, DW_AT_decl_line(0x46)
    6478                      .dwattr $C$DW$T$110, DW_AT_decl_column(0x15)
    6479              
    6480                      .dwendtag $C$DW$TU$110
    6481              
    6482              
    6483              $C$DW$TU$14     .dwtag  DW_TAG_type_unit
    6484                      .dwmtype  $C$DW$T$14
    6485              $C$DW$T$14      .dwtag  DW_TAG_base_type
    6486                      .dwattr $C$DW$T$14, DW_AT_encoding(DW_ATE_signed)
    6487                      .dwattr $C$DW$T$14, DW_AT_name("long long")
    6488                      .dwattr $C$DW$T$14, DW_AT_byte_size(0x04)
    6489              
    6490                      .dwendtag $C$DW$TU$14
    6491              
    6492              
    6493              $C$DW$TU$15     .dwtag  DW_TAG_type_unit
    6494                      .dwmtype  $C$DW$T$15
    6495              $C$DW$T$15      .dwtag  DW_TAG_base_type
    6496                      .dwattr $C$DW$T$15, DW_AT_encoding(DW_ATE_unsigned)
    6497                      .dwattr $C$DW$T$15, DW_AT_name("unsigned long long")
TMS320C2000 Assembler Unix v25.11.0 Sat May 30 20:15:25 2026

Copyright (c) 1996-2018 Texas Instruments Incorporated
board.asm                                                            PAGE  131

    6498                      .dwattr $C$DW$T$15, DW_AT_byte_size(0x04)
    6499              
    6500                      .dwendtag $C$DW$TU$15
    6501              
    6502              
    6503              $C$DW$TU$16     .dwtag  DW_TAG_type_unit
    6504                      .dwmtype  $C$DW$T$16
    6505              $C$DW$T$16      .dwtag  DW_TAG_base_type
    6506                      .dwattr $C$DW$T$16, DW_AT_encoding(DW_ATE_float)
    6507                      .dwattr $C$DW$T$16, DW_AT_name("float")
    6508                      .dwattr $C$DW$T$16, DW_AT_byte_size(0x02)
    6509              
    6510                      .dwendtag $C$DW$TU$16
    6511              
    6512              
    6513              $C$DW$TU$17     .dwtag  DW_TAG_type_unit
    6514                      .dwmtype  $C$DW$T$17
    6515              $C$DW$T$17      .dwtag  DW_TAG_base_type
    6516                      .dwattr $C$DW$T$17, DW_AT_encoding(DW_ATE_float)
    6517                      .dwattr $C$DW$T$17, DW_AT_name("double")
    6518                      .dwattr $C$DW$T$17, DW_AT_byte_size(0x04)
    6519              
    6520                      .dwendtag $C$DW$TU$17
    6521              
    6522              
    6523              $C$DW$TU$18     .dwtag  DW_TAG_type_unit
    6524                      .dwmtype  $C$DW$T$18
    6525              $C$DW$T$18      .dwtag  DW_TAG_base_type
    6526                      .dwattr $C$DW$T$18, DW_AT_encoding(DW_ATE_float)
    6527                      .dwattr $C$DW$T$18, DW_AT_name("long double")
    6528                      .dwattr $C$DW$T$18, DW_AT_byte_size(0x04)
    6529              
    6530                      .dwendtag $C$DW$TU$18
    6531              
    6532              
    6533              $C$DW$TU$136    .dwtag  DW_TAG_type_unit
    6534                      .dwmtype  $C$DW$T$136
    6535              $C$DW$T$136     .dwtag  DW_TAG_base_type
    6536                      .dwattr $C$DW$T$136, DW_AT_encoding(DW_ATE_unsigned_char)
    6537                      .dwattr $C$DW$T$136, DW_AT_name("unsigned char")
    6538                      .dwattr $C$DW$T$136, DW_AT_byte_size(0x01)
    6539              
    6540                      .dwendtag $C$DW$TU$136
    6541              

No Assembly Errors, No Assembly Warnings
